dataset,source_dir,relpath,image_id,label,group,split,orig_split,dup_cluster,loose_cluster,dropped_reason,eval_batch,phash,body_part,view,hardware,fracture_count,yolo_label,strat,truncated_file
fracatlas,fracatlas/FracAtlas,images/Non_fractured/IMG0000000.jpg,IMG0000000,no_fracture,g0,val,none,0,-1,,False,044904fdb4d76f0f,leg,frontal,0,0,Annotations/YOLO/IMG0000000.txt,leg|no_fracture,False
fracatlas,fracatlas/FracAtlas,images/Non_fractured/IMG0000001.jpg,IMG0000001,no_fracture,g1,train,none,1,-1,,False,5857e5094a67e587,leg,frontal,0,0,Annotations/YOLO/IMG0000001.txt,leg|no_fracture,False
fracatlas,fracatlas/FracAtlas,images/Non_fractured/IMG0000002.jpg,IMG0000002,no_fracture,g2,train,none,2,-1,,False,96f1f08d23e98729,leg,frontal,0,0,Annotations/YOLO/IMG0000002.txt,leg|no_fracture,False
fracatlas,fracatlas/FracAtlas,images/Non_fractured/IMG0000003.jpg,IMG0000003,no_fracture,g3,test,none,3,-1,,True,1249460566f1f73f,leg,lateral,0,0,Annotations/YOLO/IMG0000003.txt,leg|no_fracture,False
fracatlas,fracatlas/FracAtlas,images/Non_fractured/IMG0000004.jpg,IMG0000004,no_fracture,g4,test,none,4,-1,,True,0799ebc9e8d78407,leg,lateral,0,0,Annotations/YOLO/IMG0000004.txt,leg|no_fracture,False
fracatlas,fracatlas/FracAtlas,images/Non_fractured/IMG0000005.jpg,IMG0000005,no_fracture,g3,dropped,none,3,-1,duplicate_of:IMG0000003,False,1249460566f1f73f,leg,lateral,0,0,Annotations/YOLO/IMG0000005.txt,leg|no_fracture,False
fracatlas,fracatlas/FracAtlas,images/Non_fractured/IMG0000006.jpg,IMG0000006,no_fracture,g6,test,none,6,-1,,True,bef180a7bca1a169,hand,lateral,0,0,Annotations/YOLO/IMG0000006.txt,hand|no_fracture,False
fracatlas,fracatlas/FracAtlas,images/Non_fractured/IMG0000007.jpg,IMG0000007,no_fracture,g7,train,none,7,-1,,False,226d26dd2a956a6d,hand,oblique,0,0,Annotations/YOLO/IMG0000007.txt,hand|no_fracture,False
fracatlas,fracatlas/FracAtlas,images/Non_fractured/IMG0000008.jpg,IMG0000008,no_fracture,g8,train,none,8,-1,,False,54abc582ad78c7c5,leg,lateral,0,0,Annotations/YOLO/IMG0000008.txt,leg|no_fracture,False
fracatlas,fracatlas/FracAtlas,images/Non_fractured/IMG0000009.jpg,IMG0000009,no_fracture,g9,train,none,9,-1,,False,1236e4e52d3de985,leg,oblique,0,0,Annotations/YOLO/IMG0000009.txt,leg|no_fracture,False
fracatlas,fracatlas/FracAtlas,images/Non_fractured/IMG0000010.jpg,IMG0000010,no_fracture,g10,test,none,10,-1,,True,8814eae31d3d1757,leg,oblique,0,0,Annotations/YOLO/IMG0000010.txt,leg|no_fracture,False
fracatlas,fracatlas/FracAtlas,images/Non_fractured/IMG0000011.jpg,IMG0000011,no_fracture,g11,test,none,11,-1,,True,e7a7a78785058599,mixed,frontal,0,0,Annotations/YOLO/IMG0000011.txt,mixed|no_fracture,False
fracatlas,fracatlas/FracAtlas,images/Non_fractured/IMG0000012.jpg,IMG0000012,no_fracture,g12,cal,none,12,-1,,False,b225d94f98a32ad5,mixed,lateral,0,0,Annotations/YOLO/IMG0000012.txt,mixed|no_fracture,False
fracatlas,fracatlas/FracAtlas,images/Non_fractured/IMG0000013.jpg,IMG0000013,no_fracture,g13,train,none,13,-1,,False,0c6179636d2d7587,leg,frontal,0,0,Annotations/YOLO/IMG0000013.txt,leg|no_fracture,False
fracatlas,fracatlas/FracAtlas,images/Non_fractured/IMG0000014.jpg,IMG0000014,no_fracture,g14,cal,none,14,-1,,False,cd351944597953e3,leg,lateral,0,0,Annotations/YOLO/IMG0000014.txt,leg|no_fracture,False
fracatlas,fracatlas/FracAtlas,images/Non_fractured/IMG0000015.jpg,IMG0000015,no_fracture,g15,cal,none,15,-1,,False,45404a4b5bfd7971,hand,frontal,0,0,Annotations/YOLO/IMG0000015.txt,hand|no_fracture,False
fracatlas,fracatlas/FracAtlas,images/Non_fractured/IMG0000016.jpg,IMG0000016,no_fracture,g16,train,none,16,-1,,False,526aaab9a697ac15,hand,lateral,0,0,Annotations/YOLO/IMG0000016.txt,hand|no_fracture,False
fracatlas,fracatlas/FracAtlas,images/Non_fractured/IMG0000017.jpg,IMG0000017,no_fracture,g17,train,none,17,-1,,False,4d433332336799b3,leg,lateral,0,0,Annotations/YOLO/IMG0000017.txt,leg|no_fracture,False
fracatlas,fracatlas/FracAtlas,images/Non_fractured/IMG0000018.jpg,IMG0000018,no_fracture,g18,train,none,18,-1,,False,03b332e663cd9933,leg,lateral,0,0,Annotations/YOLO/IMG0000018.txt,leg|no_fracture,False
fracatlas,fracatlas/FracAtlas,images/Fractured/IMG0000019.jpg,IMG0000019,fracture,g19,val,train,19,-1,,False,c27dd0356c656cc9,hand,frontal,0,1,Annotations/YOLO/IMG0000019.txt,hand|fracture,False
fracatlas,fracatlas/FracAtlas,images/Non_fractured/IMG0000020.jpg,IMG0000020,no_fracture,g20,train,none,20,-1,,False,6d0d9d1f39833163,hand,lateral,0,0,Annotations/YOLO/IMG0000020.txt,hand|no_fracture,False
fracatlas,fracatlas/FracAtlas,images/Non_fractured/IMG0000021.jpg,IMG0000021,no_fracture,g21,train,none,21,-1,,False,09293d3b35ad6387,leg,frontal,0,0,Annotations/YOLO/IMG0000021.txt,leg|no_fracture,False
fracatlas,fracatlas/FracAtlas,images/Non_fractured/IMG0000022.jpg,IMG0000022,no_fracture,g22,test,none,22,-1,,True,6d0f453d0ff1c303,leg,lateral,0,0,Annotations/YOLO/IMG0000022.txt,leg|no_fracture,False
fracatlas,fracatlas/FracAtlas,images/Non_fractured/IMG0000023.jpg,IMG0000023,no_fracture,g23,train,none,23,-1,,False,a4cdb0a5b865ccd9,hand,lateral,0,0,Annotations/YOLO/IMG0000023.txt,hand|no_fracture,False
fracatlas,fracatlas/FracAtlas,images/Non_fractured/IMG0000024.jpg,IMG0000024,no_fracture,g24,train,none,24,-1,,False,15e7b18d27193933,leg,lateral,0,0,Annotations/YOLO/IMG0000024.txt,leg|no_fracture,False
fracatlas,fracatlas/FracAtlas,images/Fractured/IMG0000025.jpg,IMG0000025,fracture,g25,train,train,25,-1,,False,96b2b2b22665cd99,hand,lateral,0,1,Annotations/YOLO/IMG0000025.txt,hand|fracture,False
fracatlas,fracatlas/FracAtlas,images/Non_fractured/IMG0000026.jpg,IMG0000026,no_fracture,g26,train,none,26,-1,,False,b56565cda5634919,leg,frontal,0,0,Annotations/YOLO/IMG0000026.txt,leg|no_fracture,False
fracatlas,fracatlas/FracAtlas,images/Non_fractured/IMG0000027.jpg,IMG0000027,no_fracture,g27,train,none,27,-1,,False,1399a593291d73f1,leg,lateral,0,0,Annotations/YOLO/IMG0000027.txt,leg|no_fracture,False
fracatlas,fracatlas/FracAtlas,images/Non_fractured/IMG0000028.jpg,IMG0000028,no_fracture,g28,train,none,28,-1,,False,c70103cd33cf9b33,leg,frontal,0,0,Annotations/YOLO/IMG0000028.txt,leg|no_fracture,False
fracatlas,fracatlas/FracAtlas,images/Non_fractured/IMG0000029.jpg,IMG0000029,no_fracture,g29,cal,none,29,-1,,False,2713cd56f1893333,leg,lateral,0,0,Annotations/YOLO/IMG0000029.txt,leg|no_fracture,False
fracatlas,fracatlas/FracAtlas,images/Non_fractured/IMG0000030.jpg,IMG0000030,no_fracture,g30,cal,none,30,-1,,False,2525652137b7d9c9,hand,frontal,0,0,Annotations/YOLO/IMG0000030.txt,hand|no_fracture,False
fracatlas,fracatlas/FracAtlas,images/Non_fractured/IMG0000031.jpg,IMG0000031,no_fracture,g31,train,none,31,-1,,False,6767454965279999,hand,oblique,0,0,Annotations/YOLO/IMG0000031.txt,hand|no_fracture,False
fracatlas,fracatlas/FracAtlas,images/Non_fractured/IMG0000032.jpg,IMG0000032,no_fracture,g32,train,none,32,-1,,False,2925374911b7d9d9,hand,frontal,0,0,Annotations/YOLO/IMG0000032.txt,hand|no_fracture,False
fracatlas,fracatlas/FracAtlas,images/Non_fractured/IMG0000033.jpg,IMG0000033,no_fracture,g33,train,none,33,-1,,False,93014d23272f6bbb,leg,frontal,0,0,Annotations/YOLO/IMG0000033.txt,leg|no_fracture,False
fracatlas,fracatlas/FracAtlas,images/Non_fractured/IMG0000034.jpg,IMG0000034,no_fracture,g34,train,none,34,-1,,False,3f620f38c7ce0723,leg,lateral,0,0,Annotations/YOLO/IMG0000034.txt,leg|no_fracture,False
fracatlas,fracatlas/FracAtlas,images/Non_fractured/IMG0000035.jpg,IMG0000035,no_fracture,g35,cal,none,35,-1,,False,64647383cc6c7373,hand,frontal,0,0,Annotations/YOLO/IMG0000035.txt,hand|no_fracture,False
fracatlas,fracatlas/FracAtlas,images/Non_fractured/IMG0000036.jpg,IMG0000036,no_fracture,g36,train,none,36,-1,,False,423633338ccce3f3,hand,oblique,0,0,Annotations/YOLO/IMG0000036.txt,hand|no_fracture,False
fracatlas,fracatlas/FracAtlas,images/Non_fractured/IMG0000037.jpg,IMG0000037,no_fracture,g37,test,none,37,-1,,True,33cccd51338d3333,leg,frontal,0,0,Annotations/YOLO/IMG0000037.txt,leg|no_fracture,False
fracatlas,fracatlas/FracAtlas,images/Non_fractured/IMG0000038.jpg,IMG0000038,no_fracture,g38,train,none,38,-1,,False,334dcc7933c99931,leg,frontal,0,0,Annotations/YOLO/IMG0000038.txt,leg|no_fracture,False
fracatlas,fracatlas/FracAtlas,images/Non_fractured/IMG0000039.jpg,IMG0000039,no_fracture,g39,train,none,39,-1,,False,1b0cc4f0791e1f67,leg,oblique,0,0,Annotations/YOLO/IMG0000039.txt,leg|no_fracture,False
fracatlas,fracatlas/FracAtlas,images/Non_fractured/IMG0000040.jpg,IMG0000040,no_fracture,g40,train,none,40,-1,,False,201b7bcf64170ee3,shoulder,frontal,0,0,Annotations/YOLO/IMG0000040.txt,shoulder|no_fracture,False
fracatlas,fracatlas/FracAtlas,images/Non_fractured/IMG0000041.jpg,IMG0000041,no_fracture,g41,train,none,41,-1,,False,730f9b830f346393,mixed,frontal,0,0,Annotations/YOLO/IMG0000041.txt,mixed|no_fracture,False
fracatlas,fracatlas/FracAtlas,images/Non_fractured/IMG0000042.jpg,IMG0000042,no_fracture,g42,train,none,42,-1,,False,55ae33b4ae999131,leg,oblique,0,0,Annotations/YOLO/IMG0000042.txt,leg|no_fracture,False
fracatlas,fracatlas/FracAtlas,images/Non_fractured/IMG0000043.jpg,IMG0000043,no_fracture,g43,train,none,43,-1,,False,811d311fe98f7163,leg,lateral,0,0,Annotations/YOLO/IMG0000043.txt,leg|no_fracture,False
fracatlas,fracatlas/FracAtlas,images/Fractured/IMG0000044.jpg,IMG0000044,fracture,g44,train,train,44,-1,,False,13830b0f3e96d23f,mixed,frontal,0,1,Annotations/YOLO/IMG0000044.txt,mixed|fracture,False
fracatlas,fracatlas/FracAtlas,images/Non_fractured/IMG0000045.jpg,IMG0000045,no_fracture,g45,train,none,45,-1,,False,3699c94921b799d9,hand,frontal,0,0,Annotations/YOLO/IMG0000045.txt,hand|no_fracture,False
fracatlas,fracatlas/FracAtlas,images/Non_fractured/IMG0000046.jpg,IMG0000046,no_fracture,g46,cal,none,46,-1,,False,9964339999269b9b,hand,lateral,0,0,Annotations/YOLO/IMG0000046.txt,hand|no_fracture,False
fracatlas,fracatlas/FracAtlas,images/Non_fractured/IMG0000047.jpg,IMG0000047,no_fracture,g47,train,none,47,-1,,False,331c31e3631ce3e3,leg,frontal,0,0,Annotations/YOLO/IMG0000047.txt,leg|no_fracture,False
fracatlas,fracatlas/FracAtlas,images/Non_fractured/IMG0000048.jpg,IMG0000048,no_fracture,g48,train,none,48,-1,,False,e4e3393b0f0e0763,leg,lateral,0,0,Annotations/YOLO/IMG0000048.txt,leg|no_fracture,False
fracatlas,fracatlas/FracAtlas,images/Non_fractured/IMG0000049.jpg,IMG0000049,no_fracture,g49,train,none,49,-1,,False,266626333367339b,hand,frontal,0,0,Annotations/YOLO/IMG0000049.txt,hand|no_fracture,False
fracatlas,fracatlas/FracAtlas,images/Non_fractured/IMG0000050.jpg,IMG0000050,no_fracture,g50,train,none,50,-1,,False,c6cc333333cc3333,hand,lateral,0,0,Annotations/YOLO/IMG0000050.txt,hand|no_fracture,False
fracatlas,fracatlas/FracAtlas,images/Non_fractured/IMG0000051.jpg,IMG0000051,no_fracture,g51,test,none,51,-1,,True,494c93b39999e333,leg,frontal,0,0,Annotations/YOLO/IMG0000051.txt,leg|no_fracture,False
fracatlas,fracatlas/FracAtlas,images/Non_fractured/IMG0000052.jpg,IMG0000052,no_fracture,g52,test,none,52,-1,,True,c48f7163672433b3,leg,lateral,0,0,Annotations/YOLO/IMG0000052.txt,leg|no_fracture,False
fracatlas,fracatlas/FracAtlas,images/Non_fractured/IMG0000053.jpg,IMG0000053,no_fracture,g53,cal,none,53,-1,,False,660e99632720f3f3,leg,lateral,0,0,Annotations/YOLO/IMG0000053.txt,leg|no_fracture,False
fracatlas,fracatlas/FracAtlas,images/Non_fractured/IMG0000054.jpg,IMG0000054,no_fracture,g54,train,none,54,-1,,False,1901cdcf674963d9,leg,frontal,0,0,Annotations/YOLO/IMG0000054.txt,leg|no_fracture,False
fracatlas,fracatlas/FracAtlas,images/Non_fractured/IMG0000055.jpg,IMG0000055,no_fracture,g55,train,none,55,-1,,False,0722c7f8672e9393,leg,lateral,0,0,Annotations/YOLO/IMG0000055.txt,leg|no_fracture,False
fracatlas,fracatlas/FracAtlas,images/Non_fractured/IMG0000056.jpg,IMG0000056,no_fracture,g56,train,none,56,-1,,False,296d29968bc963d9,leg,frontal,0,0,Annotations/YOLO/IMG0000056.txt,leg|no_fracture,False
fracatlas,fracatlas/FracAtlas,images/Fractured/IMG0000057.jpg,IMG0000057,fracture,g57,cal,train,57,-1,,False,c703930f1e4db21f,mixed,oblique,0,1,Annotations/YOLO/IMG0000057.txt,mixed|fracture,False
fracatlas,fracatlas/FracAtlas,images/Fractured/IMG0000058.jpg,IMG0000058,fracture,g58,train,train,58,-1,,False,c3e3b7838cc4438f,mixed,frontal,0,1,Annotations/YOLO/IMG0000058.txt,mixed|fracture,False
fracatlas,fracatlas/FracAtlas,images/Fractured/IMG0000059.jpg,IMG0000059,fracture,g59,val,train,59,-1,,False,0393192e1e2cf69f,mixed,lateral,0,1,Annotations/YOLO/IMG0000059.txt,mixed|fracture,False
fracatlas,fracatlas/FracAtlas,images/Non_fractured/IMG0000060.jpg,IMG0000060,no_fracture,g60,train,none,60,-1,,False,3379c9cdcccc9911,leg,oblique,0,0,Annotations/YOLO/IMG0000060.txt,leg|no_fracture,False
fracatlas,fracatlas/FracAtlas,images/Non_fractured/IMG0000061.jpg,IMG0000061,no_fracture,g61,train,none,61,-1,,False,d1d595b5a464a999,leg,oblique,0,0,Annotations/YOLO/IMG0000061.txt,leg|no_fracture,False
fracatlas,fracatlas/FracAtlas,images/Non_fractured/IMG0000062.jpg,IMG0000062,no_fracture,g62,train,none,62,-1,,False,c41111037f777b33,leg,frontal,0,0,Annotations/YOLO/IMG0000062.txt,leg|no_fracture,False
fracatlas,fracatlas/FracAtlas,images/Non_fractured/IMG0000063.jpg,IMG0000063,no_fracture,g63,train,none,63,-1,,False,0c1103e73f677333,leg,frontal,0,0,Annotations/YOLO/IMG0000063.txt,leg|no_fracture,False
fracatlas,fracatlas/FracAtlas,images/Non_fractured/IMG0000064.jpg,IMG0000064,no_fracture,g64,cal,none,64,-1,,False,46274327578f3333,leg,lateral,0,0,Annotations/YOLO/IMG0000064.txt,leg|no_fracture,False
fracatlas,fracatlas/FracAtlas,images/Non_fractured/IMG0000065.jpg,IMG0000065,no_fracture,g65,cal,none,65,-1,,False,043f2b9fcc361cc3,shoulder,frontal,0,0,Annotations/YOLO/IMG0000065.txt,shoulder|no_fracture,False
fracatlas,fracatlas/FracAtlas,images/Non_fractured/IMG0000066.jpg,IMG0000066,no_fracture,g66,train,none,66,-1,,False,1105690387ef7bd9,leg,frontal,0,0,Annotations/YOLO/IMG0000066.txt,leg|no_fracture,False
fracatlas,fracatlas/FracAtlas,images/Non_fractured/IMG0000067.jpg,IMG0000067,no_fracture,g67,train,none,67,-1,,False,1b208ef8676e3333,leg,lateral,0,0,Annotations/YOLO/IMG0000067.txt,leg|no_fracture,False
fracatlas,fracatlas/FracAtlas,images/Non_fractured/IMG0000068.jpg,IMG0000068,no_fracture,g68,train,none,68,-1,,False,93d1c5c5d163d133,leg,frontal,0,0,Annotations/YOLO/IMG0000068.txt,leg|no_fracture,False
fracatlas,fracatlas/FracAtlas,images/Non_fractured/IMG0000069.jpg,IMG0000069,no_fracture,g69,train,none,69,-1,,False,494d45d1d363d933,leg,frontal,0,0,Annotations/YOLO/IMG0000069.txt,leg|no_fracture,False
fracatlas,fracatlas/FracAtlas,images/Non_fractured/IMG0000070.jpg,IMG0000070,no_fracture,g70,train,none,70,-1,,False,65384d4279dcc3e3,leg,lateral,0,0,Annotations/YOLO/IMG0000070.txt,leg|no_fracture,False
fracatlas,fracatlas/FracAtlas,images/Non_fractured/IMG0000071.jpg,IMG0000071,no_fracture,g71,train,none,71,-1,,False,7b264c69d9cc9931,leg,oblique,0,0,Annotations/YOLO/IMG0000071.txt,leg|no_fracture,False
fracatlas,fracatlas/FracAtlas,images/Non_fractured/IMG0000072.jpg,IMG0000072,no_fracture,g72,train,none,72,-1,,False,3c9a1fcd8726438b,leg,lateral,0,0,Annotations/YOLO/IMG0000072.txt,leg|no_fracture,False
fracatlas,fracatlas/FracAtlas,images/Non_fractured/IMG0000073.jpg,IMG0000073,no_fracture,g73,train,none,73,-1,,False,65332b494dccd999,leg,frontal,0,0,Annotations/YOLO/IMG0000073.txt,leg|no_fracture,False
fracatlas,fracatlas/FracAtlas,images/Non_fractured/IMG0000074.jpg,IMG0000074,no_fracture,g74,val,none,74,-1,,False,95b3b135256c6999,leg,oblique,0,0,Annotations/YOLO/IMG0000074.txt,leg|no_fracture,False
fracatlas,fracatlas/FracAtlas,images/Non_fractured/IMG0000075.jpg,IMG0000075,no_fracture,g75,cal,none,75,-1,,False,cccc7133c9cc9999,leg,frontal,0,0,Annotations/YOLO/IMG0000075.txt,leg|no_fracture,False
fracatlas,fracatlas/FracAtlas,images/Non_fractured/IMG0000076.jpg,IMG0000076,no_fracture,g76,test,none,76,-1,,True,078b99c3c6c66373,leg,lateral,0,0,Annotations/YOLO/IMG0000076.txt,leg|no_fracture,False
fracatlas,fracatlas/FracAtlas,images/Non_fractured/IMG0000077.jpg,IMG0000077,no_fracture,g77,test,none,77,-1,,True,ccc97333998c3333,leg,frontal,0,0,Annotations/YOLO/IMG0000077.txt,leg|no_fracture,False
fracatlas,fracatlas/FracAtlas,images/Non_fractured/IMG0000078.jpg,IMG0000078,no_fracture,g78,val,none,78,-1,,False,6c199363383ce3e3,leg,frontal,0,0,Annotations/YOLO/IMG0000078.txt,leg|no_fracture,False
fracatlas,fracatlas/FracAtlas,images/Non_fractured/IMG0000079.jpg,IMG0000079,no_fracture,g79,train,none,79,-1,,False,c3cfcd98181993e3,leg,oblique,0,0,Annotations/YOLO/IMG0000079.txt,leg|no_fracture,False
fracatlas,fracatlas/FracAtlas,images/Non_fractured/IMG0000080.jpg,IMG0000080,no_fracture,g80,train,none,80,-1,,False,56922d69a6cada4d,hand,frontal,0,0,Annotations/YOLO/IMG0000080.txt,hand|no_fracture,False
fracatlas,fracatlas/FracAtlas,images/Non_fractured/IMG0000081.jpg,IMG0000081,no_fracture,g81,train,none,81,-1,,False,708d75637686aa55,hand,frontal,0,0,Annotations/YOLO/IMG0000081.txt,hand|no_fracture,False
fracatlas,fracatlas/FracAtlas,images/Non_fractured/IMG0000082.jpg,IMG0000082,no_fracture,g82,train,none,82,-1,,False,1c6363378c8c7373,leg,frontal,0,0,Annotations/YOLO/IMG0000082.txt,leg|no_fracture,False
fracatlas,fracatlas/FracAtlas,images/Non_fractured/IMG0000083.jpg,IMG0000083,no_fracture,g83,train,none,83,-1,,False,80e1f1fc3c1c0fc7,leg,oblique,0,0,Annotations/YOLO/IMG0000083.txt,leg|no_fracture,False
fracatlas,fracatlas/FracAtlas,images/Non_fractured/IMG0000084.jpg,IMG0000084,no_fracture,g84,train,none,84,-1,,False,9d496363a9ada163,leg,frontal,0,0,Annotations/YOLO/IMG0000084.txt,leg|no_fracture,False
fracatlas,fracatlas/FracAtlas,images/Non_fractured/IMG0000085.jpg,IMG0000085,no_fracture,g85,train,none,85,-1,,False,8c9b9332668cade5,leg,oblique,0,0,Annotations/YOLO/IMG0000085.txt,leg|no_fracture,False
fracatlas,fracatlas/FracAtlas,images/Non_fractured/IMG0000086.jpg,IMG0000086,no_fracture,g86,train,none,86,-1,,False,98e7b0cf30996633,hand,lateral,0,0,Annotations/YOLO/IMG0000086.txt,hand|no_fracture,False
fracatlas,fracatlas/FracAtlas,images/Non_fractured/IMG0000087.jpg,IMG0000087,no_fracture,g87,train,none,87,-1,,False,1d0d0d8d8de7c333,hand,lateral,0,0,Annotations/YOLO/IMG0000087.txt,hand|no_fracture,False
fracatlas,fracatlas/FracAtlas,images/Non_fractured/IMG0000088.jpg,IMG0000088,no_fracture,g88,train,none,88,-1,,False,1ab9a966561e8d55,hand,frontal,0,0,Annotations/YOLO/IMG0000088.txt,hand|no_fracture,False
fracatlas,fracatlas/FracAtlas,images/Non_fractured/IMG0000089.jpg,IMG0000089,no_fracture,g89,train,none,89,-1,,False,35dc51a725ddc621,shoulder,frontal,0,0,Annotations/YOLO/IMG0000089.txt,shoulder|no_fracture,False
fracatlas,fracatlas/FracAtlas,images/Non_fractured/IMG0000090.jpg,IMG0000090,no_fracture,g90,train,none,90,-1,,False,159d51a7775cc621,shoulder,frontal,0,0,Annotations/YOLO/IMG0000090.txt,shoulder|no_fracture,False
fracatlas,fracatlas/FracAtlas,images/Non_fractured/IMG0000091.jpg,IMG0000091,no_fracture,g91,train,none,91,-1,,False,ede6130be313a263,shoulder,frontal,0,0,Annotations/YOLO/IMG0000091.txt,shoulder|no_fracture,False
fracatlas,fracatlas/FracAtlas,images/Fractured/IMG0000092.jpg,IMG0000092,fracture,g92,train,train,92,-1,,False,3171998cc963f333,leg,frontal,1,1,Annotations/YOLO/IMG0000092.txt,leg|fracture,False
fracatlas,fracatlas/FracAtlas,images/Non_fractured/IMG0000093.jpg,IMG0000093,no_fracture,g93,val,none,93,-1,,False,8989738cf3939933,leg,frontal,0,0,Annotations/YOLO/IMG0000093.txt,leg|no_fracture,False
fracatlas,fracatlas/FracAtlas,images/Non_fractured/IMG0000094.jpg,IMG0000094,no_fracture,g94,train,none,94,-1,,False,db4c936c3249d999,leg,lateral,0,0,Annotations/YOLO/IMG0000094.txt,leg|no_fracture,False
fracatlas,fracatlas/FracAtlas,images/Non_fractured/IMG0000095.jpg,IMG0000095,no_fracture,g95,train,none,95,-1,,False,644dc563c78d3333,leg,frontal,0,0,Annotations/YOLO/IMG0000095.txt,leg|no_fracture,False
fracatlas,fracatlas/FracAtlas,images/Non_fractured/IMG0000096.jpg,IMG0000096,no_fracture,g96,val,none,96,-1,,False,924d27d3c94d9399,leg,lateral,0,0,Annotations/YOLO/IMG0000096.txt,leg|no_fracture,False
fracatlas,fracatlas/FracAtlas,images/Non_fractured/IMG0000097.jpg,IMG0000097,no_fracture,g97,train,none,97,-1,,False,a9e9d31547c709e1,hip,frontal,0,0,Annotations/YOLO/IMG0000097.txt,hip|no_fracture,False
fracatlas,fracatlas/FracAtlas,images/Non_fractured/IMG0000098.jpg,IMG0000098,no_fracture,g98,train,none,98,-1,,False,49c976948aeac9d9,hip,lateral,0,0,Annotations/YOLO/IMG0000098.txt,hip|no_fracture,False
fracatlas,fracatlas/FracAtlas,images/Non_fractured/IMG0000099.jpg,IMG0000099,no_fracture,g99,cal,none,99,-1,,False,a9cbf2140ece29f1,hip,frontal,0,0,Annotations/YOLO/IMG0000099.txt,hip|no_fracture,False
fracatlas,fracatlas/FracAtlas,images/Fractured/IMG0000100.jpg,IMG0000100,fracture,g100,train,train,100,-1,,False,4e9b9353458d7629,mixed,frontal,0,1,Annotations/YOLO/IMG0000100.txt,mixed|fracture,False
fracatlas,fracatlas/FracAtlas,images/Non_fractured/IMG0000101.jpg,IMG0000101,no_fracture,g101,train,none,101,-1,,False,b525b79393654949,hand,frontal,0,0,Annotations/YOLO/IMG0000101.txt,hand|no_fracture,False
fracatlas,fracatlas/FracAtlas,images/Non_fractured/IMG0000102.jpg,IMG0000102,no_fracture,g102,test,none,102,-1,,True,93b7379199256949,hand,lateral,0,0,Annotations/YOLO/IMG0000102.txt,hand|no_fracture,False
fracatlas,fracatlas/FracAtlas,images/Non_fractured/IMG0000103.jpg,IMG0000103,no_fracture,g103,train,none,103,-1,,False,c7c39c1c389cc3e3,hand,frontal,0,0,Annotations/YOLO/IMG0000103.txt,hand|no_fracture,False
fracatlas,fracatlas/FracAtlas,images/Non_fractured/IMG0000104.jpg,IMG0000104,no_fracture,g104,test,none,104,-1,,True,e5eccc8d991981e3,leg,oblique,0,0,Annotations/YOLO/IMG0000104.txt,leg|no_fracture,False
fracatlas,fracatlas/FracAtlas,images/Non_fractured/IMG0000105.jpg,IMG0000105,no_fracture,g105,cal,none,105,-1,,False,38383c9e4e661b9b,leg,lateral,0,0,Annotations/YOLO/IMG0000105.txt,leg|no_fracture,False
fracatlas,fracatlas/FracAtlas,images/Non_fractured/IMG0000106.jpg,IMG0000106,no_fracture,g106,train,none,106,-1,,False,1c3c47e7071e87c3,leg,frontal,0,0,Annotations/YOLO/IMG0000106.txt,leg|no_fracture,False
fracatlas,fracatlas/FracAtlas,images/Non_fractured/IMG0000107.jpg,IMG0000107,no_fracture,g107,cal,none,107,-1,,False,fc1f038180f87f87,leg,oblique,0,0,Annotations/YOLO/IMG0000107.txt,leg|no_fracture,False
fracatlas,fracatlas/FracAtlas,images/Non_fractured/IMG0000108.jpg,IMG0000108,no_fracture,g108,train,none,108,-1,,False,c1cd0563c39d3373,leg,frontal,0,0,Annotations/YOLO/IMG0000108.txt,leg|no_fracture,False
fracatlas,fracatlas/FracAtlas,images/Non_fractured/IMG0000109.jpg,IMG0000109,no_fracture,g109,val,none,109,-1,,False,39e13b790f0f0783,leg,lateral,0,0,Annotations/YOLO/IMG0000109.txt,leg|no_fracture,False
fracatlas,fracatlas/FracAtlas,images/Non_fractured/IMG0000110.jpg,IMG0000110,no_fracture,g110,cal,none,110,-1,,False,475307eb55bd4129,hip,frontal,0,0,Annotations/YOLO/IMG0000110.txt,hip|no_fracture,False
fracatlas,fracatlas/FracAtlas,images/Non_fractured/IMG0000111.jpg,IMG0000111,no_fracture,g111,train,none,111,-1,,False,263366e7c6333233,hand,frontal,0,0,Annotations/YOLO/IMG0000111.txt,hand|no_fracture,False
fracatlas,fracatlas/FracAtlas,images/Non_fractured/IMG0000112.jpg,IMG0000112,no_fracture,g112,train,none,112,-1,,False,20b3b2d3f2f33231,hand,oblique,0,0,Annotations/YOLO/IMG0000112.txt,hand|no_fracture,False
fracatlas,fracatlas/FracAtlas,images/Non_fractured/IMG0000113.jpg,IMG0000113,no_fracture,g113,train,none,113,-1,,False,69644d9b596cc999,leg,frontal,0,0,Annotations/YOLO/IMG0000113.txt,leg|no_fracture,False
fracatlas,fracatlas/FracAtlas,images/Non_fractured/IMG0000114.jpg,IMG0000114,no_fracture,g114,train,none,114,-1,,False,66363b8d8b46c713,leg,lateral,0,0,Annotations/YOLO/IMG0000114.txt,leg|no_fracture,False
fracatlas,fracatlas/FracAtlas,images/Non_fractured/IMG0000115.jpg,IMG0000115,no_fracture,g115,train,none,115,-1,,False,01728151c1dbefaf,leg,frontal,0,0,Annotations/YOLO/IMG0000115.txt,leg|no_fracture,False
fracatlas,fracatlas/FracAtlas,images/Non_fractured/IMG0000116.jpg,IMG0000116,no_fracture,g116,train,none,116,-1,,False,017ac13be17b6f05,leg,frontal,0,0,Annotations/YOLO/IMG0000116.txt,leg|no_fracture,False
fracatlas,fracatlas/FracAtlas,images/Non_fractured/IMG0000117.jpg,IMG0000117,no_fracture,g117,train,none,117,-1,,False,b3cca38d67491939,leg,lateral,0,0,Annotations/YOLO/IMG0000117.txt,leg|no_fracture,False
fracatlas,fracatlas/FracAtlas,images/Non_fractured/IMG0000118.jpg,IMG0000118,no_fracture,g118,train,none,118,-1,,False,c94c0b0b27e3d973,leg,frontal,0,0,Annotations/YOLO/IMG0000118.txt,leg|no_fracture,False
fracatlas,fracatlas/FracAtlas,images/Non_fractured/IMG0000119.jpg,IMG0000119,no_fracture,g119,train,none,119,-1,,False,3de5310d655963c3,leg,lateral,0,0,Annotations/YOLO/IMG0000119.txt,leg|no_fracture,False
fracatlas,fracatlas/FracAtlas,images/Non_fractured/IMG0000120.jpg,IMG0000120,no_fracture,g120,train,none,120,-1,,False,551b8b190f8791f3,leg,frontal,0,0,Annotations/YOLO/IMG0000120.txt,leg|no_fracture,False
fracatlas,fracatlas/FracAtlas,images/Non_fractured/IMG0000121.jpg,IMG0000121,no_fracture,g121,val,none,121,-1,,False,87b10d245979f3c3,leg,lateral,0,0,Annotations/YOLO/IMG0000121.txt,leg|no_fracture,False
fracatlas,fracatlas/FracAtlas,images/Non_fractured/IMG0000122.jpg,IMG0000122,no_fracture,g122,train,none,122,-1,,False,a7a7456127a59999,hand,frontal,0,0,Annotations/YOLO/IMG0000122.txt,hand|no_fracture,False
fracatlas,fracatlas/FracAtlas,images/Non_fractured/IMG0000123.jpg,IMG0000123,no_fracture,g123,train,none,123,-1,,False,8d8dd1e1cd8d3133,hand,oblique,0,0,Annotations/YOLO/IMG0000123.txt,hand|no_fracture,False
fracatlas,fracatlas/FracAtlas,images/Non_fractured/IMG0000124.jpg,IMG0000124,no_fracture,g124,test,none,124,-1,,True,aca32b4f235cf10b,hip,frontal,0,0,Annotations/YOLO/IMG0000124.txt,hip|no_fracture,False
fracatlas,fracatlas/FracAtlas,images/Non_fractured/IMG0000125.jpg,IMG0000125,no_fracture,g125,train,none,125,-1,,False,b96363a1659c3969,mixed,frontal,0,0,Annotations/YOLO/IMG0000125.txt,mixed|no_fracture,False
fracatlas,fracatlas/FracAtlas,images/Non_fractured/IMG0000126.jpg,IMG0000126,no_fracture,g126,train,none,126,-1,,False,33899d71c58731e3,leg,frontal,0,0,Annotations/YOLO/IMG0000126.txt,leg|no_fracture,False
fracatlas,fracatlas/FracAtlas,images/Non_fractured/IMG0000127.jpg,IMG0000127,no_fracture,g127,train,none,127,-1,,False,65780cd3f9fc8303,leg,lateral,0,0,Annotations/YOLO/IMG0000127.txt,leg|no_fracture,False
fracatlas,fracatlas/FracAtlas,images/Non_fractured/IMG0000128.jpg,IMG0000128,no_fracture,g128,cal,none,128,-1,,False,73d999631307c333,leg,frontal,0,0,Annotations/YOLO/IMG0000128.txt,leg|no_fracture,False
fracatlas,fracatlas/FracAtlas,images/Non_fractured/IMG0000129.jpg,IMG0000129,no_fracture,g129,train,none,129,-1,,False,102c92b7c3434fef,leg,lateral,0,0,Annotations/YOLO/IMG0000129.txt,leg|no_fracture,False
fracatlas,fracatlas/FracAtlas,images/Non_fractured/IMG0000130.jpg,IMG0000130,no_fracture,g130,train,none,130,-1,,False,61d8364c13279bdb,leg,lateral,0,0,Annotations/YOLO/IMG0000130.txt,leg|no_fracture,False
fracatlas,fracatlas/FracAtlas,images/Non_fractured/IMG0000131.jpg,IMG0000131,no_fracture,g131,train,none,131,-1,,False,3130c7c50f5fe1a5,leg,frontal,0,0,Annotations/YOLO/IMG0000131.txt,leg|no_fracture,False
fracatlas,fracatlas/FracAtlas,images/Non_fractured/IMG0000132.jpg,IMG0000132,no_fracture,g132,val,none,132,-1,,False,e33954c2991ec3e3,leg,lateral,0,0,Annotations/YOLO/IMG0000132.txt,leg|no_fracture,False
fracatlas,fracatlas/FracAtlas,images/Non_fractured/IMG0000133.jpg,IMG0000133,no_fracture,g133,train,none,133,-1,,False,9173cdb163663133,leg,frontal,0,0,Annotations/YOLO/IMG0000133.txt,leg|no_fracture,False
fracatlas,fracatlas/FracAtlas,images/Non_fractured/IMG0000134.jpg,IMG0000134,no_fracture,g134,val,none,134,-1,,False,1e33331f0f0e07e3,leg,frontal,0,0,Annotations/YOLO/IMG0000134.txt,leg|no_fracture,False
fracatlas,fracatlas/FracAtlas,images/Non_fractured/IMG0000135.jpg,IMG0000135,no_fracture,g135,train,none,135,-1,,False,b2b3796166663331,leg,frontal,0,0,Annotations/YOLO/IMG0000135.txt,leg|no_fracture,False
fracatlas,fracatlas/FracAtlas,images/Non_fractured/IMG0000136.jpg,IMG0000136,no_fracture,g136,train,none,136,-1,,False,419795c585a7af49,leg,frontal,0,0,Annotations/YOLO/IMG0000136.txt,leg|no_fracture,False
fracatlas,fracatlas/FracAtlas,images/Non_fractured/IMG0000137.jpg,IMG0000137,no_fracture,g137,train,none,137,-1,,False,e1a5a5c38505bf69,leg,frontal,0,0,Annotations/YOLO/IMG0000137.txt,leg|no_fracture,False
fracatlas,fracatlas/FracAtlas,images/Non_fractured/IMG0000138.jpg,IMG0000138,no_fracture,g138,train,none,138,-1,,False,b3624f5927271393,leg,lateral,0,0,Annotations/YOLO/IMG0000138.txt,leg|no_fracture,False
fracatlas,fracatlas/FracAtlas,images/Non_fractured/IMG0000139.jpg,IMG0000139,no_fracture,g139,test,none,139,-1,,True,331363cc33671793,leg,lateral,0,0,Annotations/YOLO/IMG0000139.txt,leg|no_fracture,False
fracatlas,fracatlas/FracAtlas,images/Non_fractured/IMG0000140.jpg,IMG0000140,no_fracture,g140,train,none,140,-1,,False,e64c33e3631cc3c3,leg,frontal,0,0,Annotations/YOLO/IMG0000140.txt,leg|no_fracture,False
fracatlas,fracatlas/FracAtlas,images/Non_fractured/IMG0000141.jpg,IMG0000141,no_fracture,g141,train,none,141,-1,,False,f8c61f71070e47c3,leg,lateral,0,0,Annotations/YOLO/IMG0000141.txt,leg|no_fracture,False
fracatlas,fracatlas/FracAtlas,images/Fractured/IMG0000142.jpg,IMG0000142,fracture,g142,train,train,142,-1,,False,dc4c8fd86c60338f,mixed,frontal,0,1,Annotations/YOLO/IMG0000142.txt,mixed|fracture,False
fracatlas,fracatlas/FracAtlas,images/Fractured/IMG0000143.jpg,IMG0000143,fracture,g143,train,train,143,-1,,False,5e7d0f071a817a0f,mixed,frontal,0,1,Annotations/YOLO/IMG0000143.txt,mixed|fracture,False
fracatlas,fracatlas/FracAtlas,images/Fractured/IMG0000144.jpg,IMG0000144,fracture,g144,test,train,144,-1,,True,be6c2e960a915a8f,mixed,frontal,0,1,Annotations/YOLO/IMG0000144.txt,mixed|fracture,False
fracatlas,fracatlas/FracAtlas,images/Non_fractured/IMG0000145.jpg,IMG0000145,no_fracture,g145,train,none,145,-1,,False,3d334dd6aa70c01f,hand,frontal,0,0,Annotations/YOLO/IMG0000145.txt,hand|no_fracture,False
fracatlas,fracatlas/FracAtlas,images/Non_fractured/IMG0000146.jpg,IMG0000146,no_fracture,g146,train,none,146,-1,,False,0eb1313acfce1c47,hand,lateral,0,0,Annotations/YOLO/IMG0000146.txt,hand|no_fracture,False
fracatlas,fracatlas/FracAtlas,images/Non_fractured/IMG0000147.jpg,IMG0000147,no_fracture,g147,train,none,147,-1,,False,d48d2b420ef0d7c7,mixed,frontal,0,0,Annotations/YOLO/IMG0000147.txt,mixed|no_fracture,False
fracatlas,fracatlas/FracAtlas,images/Non_fractured/IMG0000148.jpg,IMG0000148,no_fracture,g148,train,none,148,-1,,False,128e2dde4fa412e7,mixed,frontal,0,0,Annotations/YOLO/IMG0000148.txt,mixed|no_fracture,False
fracatlas,fracatlas/FracAtlas,images/Non_fractured/IMG0000149.jpg,IMG0000149,no_fracture,g149,train,none,149,-1,,False,0927a51b6b2f9b49,leg,frontal,0,0,Annotations/YOLO/IMG0000149.txt,leg|no_fracture,False
fracatlas,fracatlas/FracAtlas,images/Non_fractured/IMG0000150.jpg,IMG0000150,no_fracture,g150,train,none,150,-1,,False,3f200c3907a4f9fb,leg,lateral,0,0,Annotations/YOLO/IMG0000150.txt,leg|no_fracture,False
fracatlas,fracatlas/FracAtlas,images/Fractured/IMG0000151.jpg,IMG0000151,fracture,g151,test,train,151,-1,,True,e3641c91731c7373,leg,frontal,0,1,Annotations/YOLO/IMG0000151.txt,leg|fracture,False
fracatlas,fracatlas/FracAtlas,images/Non_fractured/IMG0000152.jpg,IMG0000152,no_fracture,g152,train,none,152,-1,,False,660719d3878ce3e3,leg,lateral,0,0,Annotations/YOLO/IMG0000152.txt,leg|no_fracture,False
fracatlas,fracatlas/FracAtlas,images/Non_fractured/IMG0000153.jpg,IMG0000153,no_fracture,g153,train,none,153,-1,,False,12094d639bd9e3b3,leg,frontal,0,0,Annotations/YOLO/IMG0000153.txt,leg|no_fracture,False
fracatlas,fracatlas/FracAtlas,images/Non_fractured/IMG0000154.jpg,IMG0000154,no_fracture,g154,test,none,154,-1,,True,3bf64e3827279113,leg,lateral,0,0,Annotations/YOLO/IMG0000154.txt,leg|no_fracture,False
fracatlas,fracatlas/FracAtlas,images/Fractured/IMG0000155.jpg,IMG0000155,fracture,g155,val,train,155,-1,,False,110c84d3b8fc4fb7,hand,frontal,0,1,Annotations/YOLO/IMG0000155.txt,hand|fracture,False
fracatlas,fracatlas/FracAtlas,images/Fractured/IMG0000156.jpg,IMG0000156,fracture,g156,test,train,156,-1,,True,cd67630918cce733,hand,lateral,0,1,Annotations/YOLO/IMG0000156.txt,hand|fracture,False
fracatlas,fracatlas/FracAtlas,images/Non_fractured/IMG0000157.jpg,IMG0000157,no_fracture,g157,train,none,157,-1,,False,496db6991b269999,hand,frontal,0,0,Annotations/YOLO/IMG0000157.txt,hand|no_fracture,False
fracatlas,fracatlas/FracAtlas,images/Non_fractured/IMG0000158.jpg,IMG0000158,no_fracture,g158,test,none,158,-1,,True,99cccc3199cc999b,hand,lateral,0,0,Annotations/YOLO/IMG0000158.txt,hand|no_fracture,False
fracatlas,fracatlas/FracAtlas,images/Non_fractured/IMG0000159.jpg,IMG0000159,no_fracture,g159,train,none,159,-1,,False,db4bc98963e38931,leg,frontal,0,0,Annotations/YOLO/IMG0000159.txt,leg|no_fracture,False
fracatlas,fracatlas/FracAtlas,images/Non_fractured/IMG0000160.jpg,IMG0000160,no_fracture,g160,train,none,160,-1,,False,35497552cdc499b9,leg,lateral,0,0,Annotations/YOLO/IMG0000160.txt,leg|no_fracture,False
fracatlas,fracatlas/FracAtlas,images/Non_fractured/IMG0000161.jpg,IMG0000161,no_fracture,g161,train,none,161,-1,,False,01fafe0505f2f705,hand,frontal,0,0,Annotations/YOLO/IMG0000161.txt,hand|no_fracture,False
fracatlas,fracatlas/FracAtlas,images/Non_fractured/IMG0000162.jpg,IMG0000162,no_fracture,g162,test,none,162,-1,,True,f2fc0d07f2fa0505,hand,lateral,0,0,Annotations/YOLO/IMG0000162.txt,hand|no_fracture,False
fracatlas,fracatlas/FracAtlas,images/Non_fractured/IMG0000163.jpg,IMG0000163,no_fracture,g163,cal,none,163,-1,,False,c93296b2e633199b,hand,frontal,0,0,Annotations/YOLO/IMG0000163.txt,hand|no_fracture,False
fracatlas,fracatlas/FracAtlas,images/Non_fractured/IMG0000164.jpg,IMG0000164,no_fracture,g164,train,none,164,-1,,False,9b678c338c333333,hand,lateral,0,0,Annotations/YOLO/IMG0000164.txt,hand|no_fracture,False
fracatlas,fracatlas/FracAtlas,images/Non_fractured/IMG0000165.jpg,IMG0000165,no_fracture,g165,train,none,165,-1,,False,a6b3d9c9278c1933,hand,frontal,0,0,Annotations/YOLO/IMG0000165.txt,hand|no_fracture,False
fracatlas,fracatlas/FracAtlas,images/Non_fractured/IMG0000166.jpg,IMG0000166,no_fracture,g166,train,none,166,-1,,False,3371cb9b8c8c3333,hand,oblique,0,0,Annotations/YOLO/IMG0000166.txt,hand|no_fracture,False
fracatlas,fracatlas/FracAtlas,images/Non_fractured/IMG0000167.jpg,IMG0000167,no_fracture,g167,test,none,167,-1,,True,c6c6c4e4b5d249d9,mixed,frontal,0,0,Annotations/YOLO/IMG0000167.txt,mixed|no_fracture,False
fracatlas,fracatlas/FracAtlas,images/Non_fractured/IMG0000168.jpg,IMG0000168,no_fracture,g168,train,none,168,-1,,False,a9a99991566b69c9,mixed,frontal,0,0,Annotations/YOLO/IMG0000168.txt,mixed|no_fracture,False
fracatlas,fracatlas/FracAtlas,images/Non_fractured/IMG0000169.jpg,IMG0000169,no_fracture,g169,train,none,169,-1,,False,6b6995b64e49c989,mixed,frontal,0,0,Annotations/YOLO/IMG0000169.txt,mixed|no_fracture,False
fracatlas,fracatlas/FracAtlas,images/Non_fractured/IMG0000170.jpg,IMG0000170,no_fracture,g170,train,none,170,-1,,False,19a9b95552ebc949,mixed,frontal,0,0,Annotations/YOLO/IMG0000170.txt,mixed|no_fracture,False
fracatlas,fracatlas/FracAtlas,images/Non_fractured/IMG0000171.jpg,IMG0000171,no_fracture,g171,cal,none,171,-1,,False,8e2939b9556aa9c9,mixed,frontal,0,0,Annotations/YOLO/IMG0000171.txt,mixed|no_fracture,False
fracatlas,fracatlas/FracAtlas,images/Non_fractured/IMG0000172.jpg,IMG0000172,no_fracture,g172,train,none,172,-1,,False,92659d9932c9adc9,mixed,frontal,0,0,Annotations/YOLO/IMG0000172.txt,mixed|no_fracture,False
fracatlas,fracatlas/FracAtlas,images/Non_fractured/IMG0000173.jpg,IMG0000173,no_fracture,g173,train,none,173,-1,,False,33393cc7c31cc3c3,leg,frontal,0,0,Annotations/YOLO/IMG0000173.txt,leg|no_fracture,False
fracatlas,fracatlas/FracAtlas,images/Non_fractured/IMG0000174.jpg,IMG0000174,no_fracture,g174,test,none,174,-1,,True,230884f0f33e3fc7,leg,lateral,0,0,Annotations/YOLO/IMG0000174.txt,leg|no_fracture,False
fracatlas,fracatlas/FracAtlas,images/Non_fractured/IMG0000175.jpg,IMG0000175,no_fracture,g175,train,none,175,-1,,False,1349cd638387e3b3,leg,frontal,0,0,Annotations/YOLO/IMG0000175.txt,leg|no_fracture,False
fracatlas,fracatlas/FracAtlas,images/Non_fractured/IMG0000176.jpg,IMG0000176,no_fracture,g176,train,none,176,-1,,False,d933671d23273313,leg,lateral,0,0,Annotations/YOLO/IMG0000176.txt,leg|no_fracture,False
fracatlas,fracatlas/FracAtlas,images/Non_fractured/IMG0000177.jpg,IMG0000177,no_fracture,g177,val,none,177,-1,,False,45619d9963993373,leg,frontal,0,0,Annotations/YOLO/IMG0000177.txt,leg|no_fracture,False
fracatlas,fracatlas/FracAtlas,images/Non_fractured/IMG0000178.jpg,IMG0000178,no_fracture,g178,test,none,178,-1,,True,81e5e5393b8f0743,leg,lateral,0,0,Annotations/YOLO/IMG0000178.txt,leg|no_fracture,False
fracatlas,fracatlas/FracAtlas,images/Non_fractured/IMG0000179.jpg,IMG0000179,no_fracture,g179,train,none,179,-1,,False,99666499996cd999,leg,frontal,0,0,Annotations/YOLO/IMG0000179.txt,leg|no_fracture,False
fracatlas,fracatlas/FracAtlas,images/Non_fractured/IMG0000180.jpg,IMG0000180,no_fracture,g180,train,none,180,-1,,False,9b494c93b3663333,leg,frontal,0,0,Annotations/YOLO/IMG0000180.txt,leg|no_fracture,False
fracatlas,fracatlas/FracAtlas,images/Non_fractured/IMG0000181.jpg,IMG0000181,no_fracture,g181,cal,none,181,-1,,False,2e6a4b13d72435d9,leg,lateral,0,0,Annotations/YOLO/IMG0000181.txt,leg|no_fracture,False
fracatlas,fracatlas/FracAtlas,images/Non_fractured/IMG0000182.jpg,IMG0000182,no_fracture,g182,train,none,182,-1,,False,4945679399679999,leg,frontal,0,0,Annotations/YOLO/IMG0000182.txt,leg|no_fracture,False
fracatlas,fracatlas/FracAtlas,images/Non_fractured/IMG0000183.jpg,IMG0000183,no_fracture,g183,train,none,183,-1,,False,f9071d3183cd6363,leg,lateral,0,0,Annotations/YOLO/IMG0000183.txt,leg|no_fracture,False
fracatlas,fracatlas/FracAtlas,images/Non_fractured/IMG0000184.jpg,IMG0000184,no_fracture,g184,train,none,184,-1,,False,6663311c9c9c7373,leg,frontal,0,0,Annotations/YOLO/IMG0000184.txt,leg|no_fracture,False
fracatlas,fracatlas/FracAtlas,images/Non_fractured/IMG0000185.jpg,IMG0000185,no_fracture,g185,train,none,185,-1,,False,3f1e0e0e0ecec333,leg,oblique,0,0,Annotations/YOLO/IMG0000185.txt,leg|no_fracture,False
fracatlas,fracatlas/FracAtlas,images/Non_fractured/IMG0000186.jpg,IMG0000186,no_fracture,g186,test,none,186,-1,,True,08041337cf7f5b99,leg,frontal,0,0,Annotations/YOLO/IMG0000186.txt,leg|no_fracture,False
fracatlas,fracatlas/FracAtlas,images/Non_fractured/IMG0000187.jpg,IMG0000187,no_fracture,g187,train,none,187,-1,,False,0f30869c8f4ee793,leg,lateral,0,0,Annotations/YOLO/IMG0000187.txt,leg|no_fracture,False
fracatlas,fracatlas/FracAtlas,images/Fractured/IMG0000188.jpg,IMG0000188,fracture,g188,train,train,188,-1,,False,a4adac9a924bd935,hand,frontal,0,1,Annotations/YOLO/IMG0000188.txt,hand|fracture,False
fracatlas,fracatlas/FracAtlas,images/Fractured/IMG0000189.jpg,IMG0000189,fracture,g189,train,train,189,-1,,False,11577246f88f5c55,mixed,lateral,0,1,Annotations/YOLO/IMG0000189.txt,mixed|fracture,False
fracatlas,fracatlas/FracAtlas,images/Fractured/IMG0000190.jpg,IMG0000190,fracture,g190,train,train,190,-1,,False,731b19cd6f649c03,mixed,frontal,0,1,Annotations/YOLO/IMG0000190.txt,mixed|fracture,False
fracatlas,fracatlas/FracAtlas,images/Non_fractured/IMG0000191.jpg,IMG0000191,no_fracture,g191,train,none,191,-1,,False,494d4933d9c97999,leg,frontal,0,0,Annotations/YOLO/IMG0000191.txt,leg|no_fracture,False
fracatlas,fracatlas/FracAtlas,images/Non_fractured/IMG0000192.jpg,IMG0000192,no_fracture,g192,train,none,192,-1,,False,c08fb883cfcc6363,leg,lateral,0,0,Annotations/YOLO/IMG0000192.txt,leg|no_fracture,False
fracatlas,fracatlas/FracAtlas,images/Non_fractured/IMG0000193.jpg,IMG0000193,no_fracture,g193,test,none,193,-1,,True,319989a18f9df1c3,leg,frontal,0,0,Annotations/YOLO/IMG0000193.txt,leg|no_fracture,False
fracatlas,fracatlas/FracAtlas,images/Non_fractured/IMG0000194.jpg,IMG0000194,no_fracture,g194,train,none,194,-1,,False,b3b99423291c73f1,leg,lateral,0,0,Annotations/YOLO/IMG0000194.txt,leg|no_fracture,False
fracatlas,fracatlas/FracAtlas,images/Non_fractured/IMG0000195.jpg,IMG0000195,no_fracture,g195,train,none,195,-1,,False,6749c9192f878573,leg,frontal,0,0,Annotations/YOLO/IMG0000195.txt,leg|no_fracture,False
fracatlas,fracatlas/FracAtlas,images/Non_fractured/IMG0000196.jpg,IMG0000196,no_fracture,g196,train,none,196,-1,,False,b28da6a2ad8c3b39,leg,lateral,0,0,Annotations/YOLO/IMG0000196.txt,leg|no_fracture,False
fracatlas,fracatlas/FracAtlas,images/Non_fractured/IMG0000197.jpg,IMG0000197,no_fracture,g197,test,none,197,-1,,True,c6c6666666cc6333,hand,frontal,0,0,Annotations/YOLO/IMG0000197.txt,hand|no_fracture,False
fracatlas,fracatlas/FracAtlas,images/Non_fractured/IMG0000198.jpg,IMG0000198,no_fracture,g198,train,none,198,-1,,False,6d652565654d3999,hand,lateral,0,0,Annotations/YOLO/IMG0000198.txt,hand|no_fracture,False
fracatlas,fracatlas/FracAtlas,images/Non_fractured/IMG0000199.jpg,IMG0000199,no_fracture,g199,train,none,199,-1,,False,ada5b4b625252dc9,hand,frontal,0,0,Annotations/YOLO/IMG0000199.txt,hand|no_fracture,False
fracatlas,fracatlas/FracAtlas,images/Non_fractured/IMG0000200.jpg,IMG0000200,no_fracture,g200,val,none,200,-1,,False,ee279219c865669b,hand,lateral,0,0,Annotations/YOLO/IMG0000200.txt,hand|no_fracture,False
fracatlas,fracatlas/FracAtlas,images/Non_fractured/IMG0000201.jpg,IMG0000201,no_fracture,g201,train,none,201,-1,,False,d959cc76338c1933,leg,frontal,1,0,Annotations/YOLO/IMG0000201.txt,leg|no_fracture,False
fracatlas,fracatlas/FracAtlas,images/Non_fractured/IMG0000202.jpg,IMG0000202,no_fracture,g202,train,none,202,-1,,False,b6c9ad32694cc999,leg,lateral,1,0,Annotations/YOLO/IMG0000202.txt,leg|no_fracture,False
fracatlas,fracatlas/FracAtlas,images/Non_fractured/IMG0000203.jpg,IMG0000203,no_fracture,g203,train,none,203,-1,,False,988f24db9867cc33,hand,frontal,0,0,Annotations/YOLO/IMG0000203.txt,hand|no_fracture,False
fracatlas,fracatlas/FracAtlas,images/Non_fractured/IMG0000204.jpg,IMG0000204,no_fracture,g204,train,none,204,-1,,False,c42535b1cdcd9999,hand,frontal,0,0,Annotations/YOLO/IMG0000204.txt,hand|no_fracture,False
fracatlas,fracatlas/FracAtlas,images/Non_fractured/IMG0000205.jpg,IMG0000205,no_fracture,g205,train,none,205,-1,,False,65a5b5192564d9d9,hand,oblique,0,0,Annotations/YOLO/IMG0000205.txt,hand|no_fracture,False
fracatlas,fracatlas/FracAtlas,images/Fractured/IMG0000206.jpg,IMG0000206,fracture,g206,train,train,206,-1,,False,990d7561c4cc7373,hand,frontal,0,1,Annotations/YOLO/IMG0000206.txt,hand|fracture,False
fracatlas,fracatlas/FracAtlas,images/Fractured/IMG0000207.jpg,IMG0000207,fracture,g207,test,train,207,-1,,True,8d8d31318dcc7373,hand,oblique,0,1,Annotations/YOLO/IMG0000207.txt,hand|fracture,False
fracatlas,fracatlas/FracAtlas,images/Non_fractured/IMG0000208.jpg,IMG0000208,no_fracture,g208,train,none,208,-1,,False,5b76adc949364949,leg,frontal,0,0,Annotations/YOLO/IMG0000208.txt,leg|no_fracture,False
fracatlas,fracatlas/FracAtlas,images/Non_fractured/IMG0000209.jpg,IMG0000209,no_fracture,g209,test,none,209,-1,,True,9c8d33316d6c49d9,leg,lateral,0,0,Annotations/YOLO/IMG0000209.txt,leg|no_fracture,False
fracatlas,fracatlas/FracAtlas,images/Non_fractured/IMG0000210.jpg,IMG0000210,no_fracture,g210,train,none,210,-1,,False,6c9c93e3631c6363,leg,frontal,0,0,Annotations/YOLO/IMG0000210.txt,leg|no_fracture,False
fracatlas,fracatlas/FracAtlas,images/Non_fractured/IMG0000211.jpg,IMG0000211,no_fracture,g211,train,none,211,-1,,False,073e39838fccc3c3,leg,oblique,0,0,Annotations/YOLO/IMG0000211.txt,leg|no_fracture,False
fracatlas,fracatlas/FracAtlas,images/Non_fractured/IMG0000212.jpg,IMG0000212,no_fracture,g212,val,none,212,-1,,False,31383d610f2f71c7,leg,frontal,0,0,Annotations/YOLO/IMG0000212.txt,leg|no_fracture,False
fracatlas,fracatlas/FracAtlas,images/Non_fractured/IMG0000213.jpg,IMG0000213,no_fracture,g213,train,none,213,-1,,False,330d262b0d4ef3f1,leg,lateral,0,0,Annotations/YOLO/IMG0000213.txt,leg|no_fracture,False
fracatlas,fracatlas/FracAtlas,images/Non_fractured/IMG0000214.jpg,IMG0000214,no_fracture,g214,test,none,214,-1,,True,c919e3e3368c3333,hand,frontal,0,0,Annotations/YOLO/IMG0000214.txt,hand|no_fracture,False
fracatlas,fracatlas/FracAtlas,images/Non_fractured/IMG0000215.jpg,IMG0000215,no_fracture,g215,train,none,215,-1,,False,3391c97366663333,hand,oblique,0,0,Annotations/YOLO/IMG0000215.txt,hand|no_fracture,False
fracatlas,fracatlas/FracAtlas,images/Non_fractured/IMG0000216.jpg,IMG0000216,no_fracture,g216,train,none,216,-1,,False,2495d1632ace7373,leg,frontal,0,0,Annotations/YOLO/IMG0000216.txt,leg|no_fracture,False
fracatlas,fracatlas/FracAtlas,images/Non_fractured/IMG0000217.jpg,IMG0000217,no_fracture,g217,train,none,217,-1,,False,76871919c7c66363,leg,lateral,0,0,Annotations/YOLO/IMG0000217.txt,leg|no_fracture,False
fracatlas,fracatlas/FracAtlas,images/Non_fractured/IMG0000218.jpg,IMG0000218,no_fracture,g218,cal,none,218,-1,,False,99f5d145073cee21,shoulder,frontal,0,0,Annotations/YOLO/IMG0000218.txt,shoulder|no_fracture,False
fracatlas,fracatlas/FracAtlas,images/Non_fractured/IMG0000219.jpg,IMG0000219,no_fracture,g219,cal,none,219,-1,,False,3119d9e1cf0ba1c7,leg,frontal,0,0,Annotations/YOLO/IMG0000219.txt,leg|no_fracture,False
fracatlas,fracatlas/FracAtlas,images/Non_fractured/IMG0000220.jpg,IMG0000220,no_fracture,g220,cal,none,220,-1,,False,d599a5b2290c7b71,leg,lateral,0,0,Annotations/YOLO/IMG0000220.txt,leg|no_fracture,False
fracatlas,fracatlas/FracAtlas,images/Non_fractured/IMG0000221.jpg,IMG0000221,no_fracture,g221,train,none,221,-1,,False,a96669b369693199,leg,frontal,0,0,Annotations/YOLO/IMG0000221.txt,leg|no_fracture,False
fracatlas,fracatlas/FracAtlas,images/Non_fractured/IMG0000222.jpg,IMG0000222,no_fracture,g222,train,none,222,-1,,False,fb330e198386595b,leg,lateral,0,0,Annotations/YOLO/IMG0000222.txt,leg|no_fracture,False
fracatlas,fracatlas/FracAtlas,images/Non_fractured/IMG0000223.jpg,IMG0000223,no_fracture,g223,train,none,223,-1,,False,296d2393cd6133d9,leg,frontal,0,0,Annotations/YOLO/IMG0000223.txt,leg|no_fracture,False
fracatlas,fracatlas/FracAtlas,images/Non_fractured/IMG0000224.jpg,IMG0000224,no_fracture,g224,cal,none,224,-1,,False,03034f2347cf7b99,leg,frontal,0,0,Annotations/YOLO/IMG0000224.txt,leg|no_fracture,False
fracatlas,fracatlas/FracAtlas,images/Non_fractured/IMG0000225.jpg,IMG0000225,no_fracture,g225,test,none,225,-1,,True,7f70266c8387931b,leg,lateral,0,0,Annotations/YOLO/IMG0000225.txt,leg|no_fracture,False
fracatlas,fracatlas/FracAtlas,images/Non_fractured/IMG0000226.jpg,IMG0000226,no_fracture,g226,train,none,226,-1,,False,c9c98da9a5c59173,leg,frontal,0,0,Annotations/YOLO/IMG0000226.txt,leg|no_fracture,False
fracatlas,fracatlas/FracAtlas,images/Non_fractured/IMG0000227.jpg,IMG0000227,no_fracture,g227,train,none,227,-1,,False,63696c43e9bc9351,leg,lateral,0,0,Annotations/YOLO/IMG0000227.txt,leg|no_fracture,False
fracatlas,fracatlas/FracAtlas,images/Non_fractured/IMG0000228.jpg,IMG0000228,no_fracture,g228,train,none,228,-1,,False,5bc3a5a5c3012fd9,leg,frontal,0,0,Annotations/YOLO/IMG0000228.txt,leg|no_fracture,False
fracatlas,fracatlas/FracAtlas,images/Non_fractured/IMG0000229.jpg,IMG0000229,no_fracture,g229,test,none,229,-1,,True,1f720f3c23a79193,leg,lateral,0,0,Annotations/YOLO/IMG0000229.txt,leg|no_fracture,False
fracatlas,fracatlas/FracAtlas,images/Non_fractured/IMG0000230.jpg,IMG0000230,no_fracture,g230,train,none,230,-1,,False,c9a5a5d3c3059f49,leg,frontal,0,0,Annotations/YOLO/IMG0000230.txt,leg|no_fracture,False
fracatlas,fracatlas/FracAtlas,images/Non_fractured/IMG0000231.jpg,IMG0000231,no_fracture,g231,test,none,231,-1,,True,c9ba674c33271393,leg,lateral,0,0,Annotations/YOLO/IMG0000231.txt,leg|no_fracture,False
fracatlas,fracatlas/FracAtlas,images/Non_fractured/IMG0000232.jpg,IMG0000232,no_fracture,g232,train,none,232,-1,,False,41786b612f2fa587,leg,frontal,0,0,Annotations/YOLO/IMG0000232.txt,leg|no_fracture,False
fracatlas,fracatlas/FracAtlas,images/Non_fractured/IMG0000233.jpg,IMG0000233,no_fracture,g233,train,none,233,-1,,False,5badd6d3191603c3,leg,lateral,0,0,Annotations/YOLO/IMG0000233.txt,leg|no_fracture,False
fracatlas,fracatlas/FracAtlas,images/Non_fractured/IMG0000234.jpg,IMG0000234,no_fracture,g234,cal,none,234,-1,,False,313b51e94f0f25c5,leg,frontal,0,0,Annotations/YOLO/IMG0000234.txt,leg|no_fracture,False
fracatlas,fracatlas/FracAtlas,images/Non_fractured/IMG0000235.jpg,IMG0000235,no_fracture,g214,dropped,none,214,-1,duplicate_of:IMG0000214,False,d959e3a3360c3333,hand,frontal,0,0,Annotations/YOLO/IMG0000235.txt,hand|no_fracture,False
fracatlas,fracatlas/FracAtlas,images/Non_fractured/IMG0000236.jpg,IMG0000236,no_fracture,g236,val,none,236,-1,,False,d6343dd9aa2605d9,hand,frontal,0,0,Annotations/YOLO/IMG0000236.txt,hand|no_fracture,False
fracatlas,fracatlas/FracAtlas,images/Non_fractured/IMG0000237.jpg,IMG0000237,no_fracture,g237,cal,none,237,-1,,False,669199d1c3c67333,hand,oblique,0,0,Annotations/YOLO/IMG0000237.txt,hand|no_fracture,False
fracatlas,fracatlas/FracAtlas,images/Non_fractured/IMG0000238.jpg,IMG0000238,no_fracture,g238,train,none,238,-1,,False,993933cd64669999,leg,frontal,0,0,Annotations/YOLO/IMG0000238.txt,leg|no_fracture,False
fracatlas,fracatlas/FracAtlas,images/Non_fractured/IMG0000239.jpg,IMG0000239,no_fracture,g239,test,none,239,-1,,True,6849c7c9999cd933,leg,lateral,0,0,Annotations/YOLO/IMG0000239.txt,leg|no_fracture,False
fracatlas,fracatlas/FracAtlas,images/Non_fractured/IMG0000240.jpg,IMG0000240,no_fracture,g239,dropped,none,239,-1,duplicate_of:IMG0000239,False,6849cfc1999cd933,leg,lateral,0,0,Annotations/YOLO/IMG0000240.txt,leg|no_fracture,False
fracatlas,fracatlas/FracAtlas,images/Non_fractured/IMG0000241.jpg,IMG0000241,no_fracture,g241,train,none,241,-1,,False,2cf3f3318c8c6363,leg,frontal,0,0,Annotations/YOLO/IMG0000241.txt,leg|no_fracture,False
fracatlas,fracatlas/FracAtlas,images/Non_fractured/IMG0000242.jpg,IMG0000242,no_fracture,g242,train,none,242,-1,,False,3b1b1b1d4f4b21e1,leg,frontal,0,0,Annotations/YOLO/IMG0000242.txt,leg|no_fracture,False
fracatlas,fracatlas/FracAtlas,images/Non_fractured/IMG0000243.jpg,IMG0000243,no_fracture,g243,val,none,243,-1,,False,4b739b871d1d1171,leg,lateral,0,0,Annotations/YOLO/IMG0000243.txt,leg|no_fracture,False
fracatlas,fracatlas/FracAtlas,images/Non_fractured/IMG0000244.jpg,IMG0000244,no_fracture,g244,train,none,244,-1,,False,486de6b3c9496999,leg,frontal,0,0,Annotations/YOLO/IMG0000244.txt,leg|no_fracture,False
fracatlas,fracatlas/FracAtlas,images/Non_fractured/IMG0000245.jpg,IMG0000245,no_fracture,g245,train,none,245,-1,,False,20c992efd1d37949,leg,lateral,0,0,Annotations/YOLO/IMG0000245.txt,leg|no_fracture,False
fracatlas,fracatlas/FracAtlas,images/Non_fractured/IMG0000246.jpg,IMG0000246,no_fracture,g246,train,none,246,-1,,False,03070f134e7bdb1b,leg,frontal,0,0,Annotations/YOLO/IMG0000246.txt,leg|no_fracture,False
fracatlas,fracatlas/FracAtlas,images/Non_fractured/IMG0000247.jpg,IMG0000247,no_fracture,g247,train,none,247,-1,,False,4c497b4d4959d933,leg,frontal,0,0,Annotations/YOLO/IMG0000247.txt,leg|no_fracture,False
fracatlas,fracatlas/FracAtlas,images/Non_fractured/IMG0000248.jpg,IMG0000248,no_fracture,g248,train,none,248,-1,,False,638f238713c393b3,leg,lateral,0,0,Annotations/YOLO/IMG0000248.txt,leg|no_fracture,False
fracatlas,fracatlas/FracAtlas,images/Non_fractured/IMG0000249.jpg,IMG0000249,no_fracture,g249,train,none,249,-1,,False,638e31c69963d993,leg,lateral,0,0,Annotations/YOLO/IMG0000249.txt,leg|no_fracture,False
fracatlas,fracatlas/FracAtlas,images/Non_fractured/IMG0000250.jpg,IMG0000250,no_fracture,g250,train,none,250,-1,,False,83cc4363c7c39973,leg,frontal,0,0,Annotations/YOLO/IMG0000250.txt,leg|no_fracture,False
fracatlas,fracatlas/FracAtlas,images/Non_fractured/IMG0000251.jpg,IMG0000251,no_fracture,g251,train,none,251,-1,,False,155cf4d28d8cb939,leg,lateral,0,0,Annotations/YOLO/IMG0000251.txt,leg|no_fracture,False
fracatlas,fracatlas/FracAtlas,images/Non_fractured/IMG0000252.jpg,IMG0000252,no_fracture,g252,train,none,252,-1,,False,69c696b3604dd999,hand,frontal,0,0,Annotations/YOLO/IMG0000252.txt,hand|no_fracture,False
fracatlas,fracatlas/FracAtlas,images/Non_fractured/IMG0000253.jpg,IMG0000253,no_fracture,g253,val,none,253,-1,,False,994d26b9d96649c9,hand,lateral,0,0,Annotations/YOLO/IMG0000253.txt,hand|no_fracture,False
fracatlas,fracatlas/FracAtlas,images/Non_fractured/IMG0000254.jpg,IMG0000254,no_fracture,g254,val,none,254,-1,,False,01496d33fb497999,leg,frontal,0,0,Annotations/YOLO/IMG0000254.txt,leg|no_fracture,False
fracatlas,fracatlas/FracAtlas,images/Non_fractured/IMG0000255.jpg,IMG0000255,no_fracture,g255,test,none,255,-1,,True,cd31e75c63273113,leg,lateral,0,0,Annotations/YOLO/IMG0000255.txt,leg|no_fracture,False
fracatlas,fracatlas/FracAtlas,images/Non_fractured/IMG0000256.jpg,IMG0000256,no_fracture,g256,train,none,256,-1,,False,95ade9a9a5a46949,leg,frontal,0,0,Annotations/YOLO/IMG0000256.txt,leg|no_fracture,False
fracatlas,fracatlas/FracAtlas,images/Non_fractured/IMG0000257.jpg,IMG0000257,no_fracture,g257,train,none,257,-1,,False,95554d4da5a56d49,leg,frontal,0,0,Annotations/YOLO/IMG0000257.txt,leg|no_fracture,False
fracatlas,fracatlas/FracAtlas,images/Non_fractured/IMG0000258.jpg,IMG0000258,no_fracture,g258,val,none,258,-1,,False,1b1f0f8f07670393,leg,oblique,0,0,Annotations/YOLO/IMG0000258.txt,leg|no_fracture,False
fracatlas,fracatlas/FracAtlas,images/Non_fractured/IMG0000259.jpg,IMG0000259,no_fracture,g259,train,none,259,-1,,False,357563257543e507,leg,frontal,0,0,Annotations/YOLO/IMG0000259.txt,leg|no_fracture,False
fracatlas,fracatlas/FracAtlas,images/Non_fractured/IMG0000260.jpg,IMG0000260,no_fracture,g260,train,none,260,-1,,False,6518c33cc587a5e7,hand,frontal,0,0,Annotations/YOLO/IMG0000260.txt,hand|no_fracture,False
fracatlas,fracatlas/FracAtlas,images/Fractured/IMG0000261.jpg,IMG0000261,fracture,g261,train,train,261,-1,,False,c41b70ef5453a5a5,hand,frontal,0,2,Annotations/YOLO/IMG0000261.txt,hand|fracture,False
fracatlas,fracatlas/FracAtlas,images/Non_fractured/IMG0000263.jpg,IMG0000263,no_fracture,g262,test,none,262,-1,,True,e321cc973776c883,mixed,frontal,0,0,Annotations/YOLO/IMG0000263.txt,mixed|no_fracture,False
fracatlas,fracatlas/FracAtlas,images/Non_fractured/IMG0000264.jpg,IMG0000264,no_fracture,g263,train,none,263,-1,,False,157511d12db7c987,leg,frontal,0,0,Annotations/YOLO/IMG0000264.txt,leg|no_fracture,False
fracatlas,fracatlas/FracAtlas,images/Non_fractured/IMG0000265.jpg,IMG0000265,no_fracture,g264,val,none,264,-1,,False,61b087e972bc9669,leg,frontal,0,0,Annotations/YOLO/IMG0000265.txt,leg|no_fracture,False
fracatlas,fracatlas/FracAtlas,images/Non_fractured/IMG0000266.jpg,IMG0000266,no_fracture,g265,test,none,265,-1,,True,0f49c1f0dabe494b,leg,frontal,0,0,Annotations/YOLO/IMG0000266.txt,leg|no_fracture,False
fracatlas,fracatlas/FracAtlas,images/Non_fractured/IMG0000267.jpg,IMG0000267,no_fracture,g266,test,none,266,-1,,True,34a4ab0b4af687c7,leg,frontal,0,0,Annotations/YOLO/IMG0000267.txt,leg|no_fracture,False
fracatlas,fracatlas/FracAtlas,images/Non_fractured/IMG0000268.jpg,IMG0000268,no_fracture,g267,train,none,267,-1,,False,593445c3c5b4a7c7,leg,frontal,0,0,Annotations/YOLO/IMG0000268.txt,leg|no_fracture,False
fracatlas,fracatlas/FracAtlas,images/Non_fractured/IMG0000269.jpg,IMG0000269,no_fracture,g268,train,none,268,-1,,False,b87968c594d5b4a5,leg,lateral,0,0,Annotations/YOLO/IMG0000269.txt,leg|no_fracture,False
fracatlas,fracatlas/FracAtlas,images/Non_fractured/IMG0000270.jpg,IMG0000270,no_fracture,g269,test,none,269,-1,,True,24736c171e9f81ab,hand,frontal,0,0,Annotations/YOLO/IMG0000270.txt,hand|no_fracture,False
fracatlas,fracatlas/FracAtlas,images/Non_fractured/IMG0000271.jpg,IMG0000271,no_fracture,g270,train,none,270,-1,,False,0cd9066dc3577687,leg,frontal,0,0,Annotations/YOLO/IMG0000271.txt,leg|no_fracture,False
fracatlas,fracatlas/FracAtlas,images/Non_fractured/IMG0000272.jpg,IMG0000272,no_fracture,g271,test,none,271,-1,,True,23472387b2e71e69,hand,frontal,0,0,Annotations/YOLO/IMG0000272.txt,hand|no_fracture,False
fracatlas,fracatlas/FracAtlas,images/Non_fractured/IMG0000273.jpg,IMG0000273,no_fracture,g272,train,none,272,-1,,False,e4433c7fc41f0c87,hand,frontal,0,0,Annotations/YOLO/IMG0000273.txt,hand|no_fracture,False
fracatlas,fracatlas/FracAtlas,images/Non_fractured/IMG0000274.jpg,IMG0000274,no_fracture,g273,test,none,273,-1,,True,1a1764a96af7a487,hand,frontal,0,0,Annotations/YOLO/IMG0000274.txt,hand|no_fracture,False
fracatlas,fracatlas/FracAtlas,images/Non_fractured/IMG0000275.jpg,IMG0000275,no_fracture,g274,train,none,274,-1,,False,0c8eedd89afd9043,hip,frontal,0,0,Annotations/YOLO/IMG0000275.txt,hip|no_fracture,False
fracatlas,fracatlas/FracAtlas,images/Non_fractured/IMG0000276.jpg,IMG0000276,no_fracture,g275,train,none,275,-1,,False,24b78aed34e3898b,leg,frontal,0,0,Annotations/YOLO/IMG0000276.txt,leg|no_fracture,False
fracatlas,fracatlas/FracAtlas,images/Non_fractured/IMG0000277.jpg,IMG0000277,no_fracture,g276,test,none,276,-1,,True,423dc8b74a733c0f,leg,frontal,0,0,Annotations/YOLO/IMG0000277.txt,leg|no_fracture,False
fracatlas,fracatlas/FracAtlas,images/Non_fractured/IMG0000278.jpg,IMG0000278,no_fracture,g277,train,none,277,-1,,False,101fc8ebf81f584b,leg,frontal,0,0,Annotations/YOLO/IMG0000278.txt,leg|no_fracture,False
fracatlas,fracatlas/FracAtlas,images/Non_fractured/IMG0000279.jpg,IMG0000279,no_fracture,g278,cal,none,278,-1,,False,0bc903c91ae9cf8f,leg,frontal,0,0,Annotations/YOLO/IMG0000279.txt,leg|no_fracture,False
fracatlas,fracatlas/FracAtlas,images/Non_fractured/IMG0000280.jpg,IMG0000280,no_fracture,g279,val,none,279,-1,,False,9cf106f90257f80f,leg,frontal,0,0,Annotations/YOLO/IMG0000280.txt,leg|no_fracture,False
fracatlas,fracatlas/FracAtlas,images/Non_fractured/IMG0000281.jpg,IMG0000281,no_fracture,g280,cal,none,280,-1,,False,96f96b6912d16949,leg,frontal,0,0,Annotations/YOLO/IMG0000281.txt,leg|no_fracture,False
fracatlas,fracatlas/FracAtlas,images/Non_fractured/IMG0000282.jpg,IMG0000282,no_fracture,g281,cal,none,281,-1,,False,3687cb8d1e259e61,hand,frontal,0,0,Annotations/YOLO/IMG0000282.txt,hand|no_fracture,False
fracatlas,fracatlas/FracAtlas,images/Non_fractured/IMG0000283.jpg,IMG0000283,no_fracture,g282,train,none,282,-1,,False,126de68dd2592b69,leg,frontal,0,0,Annotations/YOLO/IMG0000283.txt,leg|no_fracture,False
fracatlas,fracatlas/FracAtlas,images/Fractured/IMG0000284.jpg,IMG0000284,fracture,g283,test,train,283,-1,,True,f03596695c711ee1,hand,frontal,0,2,Annotations/YOLO/IMG0000284.txt,hand|fracture,False
fracatlas,fracatlas/FracAtlas,images/Non_fractured/IMG0000285.jpg,IMG0000285,no_fracture,g284,train,none,284,-1,,False,1cc952d35e5d2c2d,leg,frontal,0,0,Annotations/YOLO/IMG0000285.txt,leg|no_fracture,False
fracatlas,fracatlas/FracAtlas,images/Non_fractured/IMG0000286.jpg,IMG0000286,no_fracture,g285,train,none,285,-1,,False,7a9722db964b680d,leg,frontal,0,0,Annotations/YOLO/IMG0000286.txt,leg|no_fracture,False
fracatlas,fracatlas/FracAtlas,images/Non_fractured/IMG0000287.jpg,IMG0000287,no_fracture,g286,train,none,286,-1,,False,8e77d82748872c8f,leg,frontal,0,0,Annotations/YOLO/IMG0000287.txt,leg|no_fracture,False
fracatlas,fracatlas/FracAtlas,images/Non_fractured/IMG0000288.jpg,IMG0000288,no_fracture,g287,train,none,287,-1,,False,5c61c4e7d4e5c4a5,leg,frontal,0,0,Annotations/YOLO/IMG0000288.txt,leg|no_fracture,False
fracatlas,fracatlas/FracAtlas,images/Non_fractured/IMG0000289.jpg,IMG0000289,no_fracture,g288,cal,none,288,-1,,False,b1351347f1f0c593,hand,frontal,0,0,Annotations/YOLO/IMG0000289.txt,hand|no_fracture,False
fracatlas,fracatlas/FracAtlas,images/Non_fractured/IMG0000290.jpg,IMG0000290,no_fracture,g289,test,none,289,-1,,True,65c5c60e3b3970e3,leg,lateral,0,0,Annotations/YOLO/IMG0000290.txt,leg|no_fracture,False
fracatlas,fracatlas/FracAtlas,images/Non_fractured/IMG0000291.jpg,IMG0000291,no_fracture,g290,val,none,290,-1,,False,d0cb8c1f90f3694b,leg,frontal,0,0,Annotations/YOLO/IMG0000291.txt,leg|no_fracture,False
fracatlas,fracatlas/FracAtlas,images/Non_fractured/IMG0000292.jpg,IMG0000292,no_fracture,g291,cal,none,291,-1,,False,32c12ed9a79d426d,leg,frontal,0,0,Annotations/YOLO/IMG0000292.txt,leg|no_fracture,False
fracatlas,fracatlas/FracAtlas,images/Non_fractured/IMG0000293.jpg,IMG0000293,no_fracture,g292,test,none,292,-1,,True,e309e9c387794369,leg,frontal,0,0,Annotations/YOLO/IMG0000293.txt,leg|no_fracture,False
fracatlas,fracatlas/FracAtlas,images/Non_fractured/IMG0000294.jpg,IMG0000294,no_fracture,g293,test,none,293,-1,,True,07f069c107fdc12f,leg,frontal,0,0,Annotations/YOLO/IMG0000294.txt,leg|no_fracture,False
fracatlas,fracatlas/FracAtlas,images/Non_fractured/IMG0000295.jpg,IMG0000295,no_fracture,g294,test,none,294,-1,,True,729d62c9f239c661,leg,frontal,0,0,Annotations/YOLO/IMG0000295.txt,leg|no_fracture,False
fracatlas,fracatlas/FracAtlas,images/Non_fractured/IMG0000296.jpg,IMG0000296,no_fracture,g295,train,none,295,-1,,False,22813ee906fdc26f,leg,frontal,0,0,Annotations/YOLO/IMG0000296.txt,leg|no_fracture,False
fracatlas,fracatlas/FracAtlas,images/Non_fractured/IMG0000297.jpg,IMG0000297,no_fracture,g296,train,none,296,-1,,False,66e9b4d8d6586949,leg,frontal,0,0,Annotations/YOLO/IMG0000297.txt,leg|no_fracture,False
fracatlas,fracatlas/FracAtlas,images/Non_fractured/IMG0000298.jpg,IMG0000298,no_fracture,g297,train,none,297,-1,,False,a37d8c52f4f0036b,hip,frontal,0,0,Annotations/YOLO/IMG0000298.txt,hip|no_fracture,False
fracatlas,fracatlas/FracAtlas,images/Non_fractured/IMG0000299.jpg,IMG0000299,no_fracture,g298,train,none,298,-1,,False,53573e611715a725,leg,frontal,0,0,Annotations/YOLO/IMG0000299.txt,leg|no_fracture,False
fracatlas,fracatlas/FracAtlas,images/Non_fractured/IMG0000300.jpg,IMG0000300,no_fracture,g299,train,none,299,-1,,False,3a697249036bc76b,leg,frontal,0,0,Annotations/YOLO/IMG0000300.txt,leg|no_fracture,False
fracatlas,fracatlas/FracAtlas,images/Non_fractured/IMG0000301.jpg,IMG0000301,no_fracture,g300,train,none,300,-1,,False,d1495d8d4dc59d89,hand,frontal,0,0,Annotations/YOLO/IMG0000301.txt,hand|no_fracture,False
fracatlas,fracatlas/FracAtlas,images/Non_fractured/IMG0000302.jpg,IMG0000302,no_fracture,g301,train,none,301,-1,,False,60a5e00ff4374f0f,leg,frontal,0,0,Annotations/YOLO/IMG0000302.txt,leg|no_fracture,False
fracatlas,fracatlas/FracAtlas,images/Non_fractured/IMG0000303.jpg,IMG0000303,no_fracture,g302,train,none,302,-1,,False,b34c12c752bdacb1,leg,frontal,0,0,Annotations/YOLO/IMG0000303.txt,leg|no_fracture,False
fracatlas,fracatlas/FracAtlas,images/Non_fractured/IMG0000304.jpg,IMG0000304,no_fracture,g303,test,none,303,-1,,True,1f59534f177103a5,leg,frontal,0,0,Annotations/YOLO/IMG0000304.txt,leg|no_fracture,False
fracatlas,fracatlas/FracAtlas,images/Non_fractured/IMG0000305.jpg,IMG0000305,no_fracture,g304,val,none,304,-1,,False,57d3e01d6319272d,leg,frontal,0,0,Annotations/YOLO/IMG0000305.txt,leg|no_fracture,False
fracatlas,fracatlas/FracAtlas,images/Non_fractured/IMG0000306.jpg,IMG0000306,no_fracture,g305,train,none,305,-1,,False,c94358d9783d2cad,leg,frontal,0,0,Annotations/YOLO/IMG0000306.txt,leg|no_fracture,False
fracatlas,fracatlas/FracAtlas,images/Fractured/IMG0000307.jpg,IMG0000307,fracture,g306,test,train,306,-1,,True,f185f1e585658d83,hand,frontal,0,3,Annotations/YOLO/IMG0000307.txt,hand|fracture,False
fracatlas,fracatlas/FracAtlas,images/Non_fractured/IMG0000308.jpg,IMG0000308,no_fracture,g307,cal,none,307,-1,,False,c143d0db58fd6a29,leg,frontal,0,0,Annotations/YOLO/IMG0000308.txt,leg|no_fracture,False
fracatlas,fracatlas/FracAtlas,images/Non_fractured/IMG0000309.jpg,IMG0000309,no_fracture,g308,train,none,308,-1,,False,8f02d8d3d8596acd,leg,frontal,0,0,Annotations/YOLO/IMG0000309.txt,leg|no_fracture,False
fracatlas,fracatlas/FracAtlas,images/Non_fractured/IMG0000310.jpg,IMG0000310,no_fracture,g309,train,none,309,-1,,False,36af22597255e3c1,leg,frontal,0,0,Annotations/YOLO/IMG0000310.txt,leg|no_fracture,False
fracatlas,fracatlas/FracAtlas,images/Non_fractured/IMG0000311.jpg,IMG0000311,no_fracture,g310,train,none,310,-1,,False,cc5b44f5d847b981,leg,frontal,0,0,Annotations/YOLO/IMG0000311.txt,leg|no_fracture,False
fracatlas,fracatlas/FracAtlas,images/Non_fractured/IMG0000312.jpg,IMG0000312,no_fracture,g311,test,none,311,-1,,True,d8d3c4cbdac38983,leg,frontal,0,0,Annotations/YOLO/IMG0000312.txt,leg|no_fracture,False
fracatlas,fracatlas/FracAtlas,images/Non_fractured/IMG0000313.jpg,IMG0000313,no_fracture,g312,train,none,312,-1,,False,319999d9cc653333,leg,frontal,0,0,Annotations/YOLO/IMG0000313.txt,leg|no_fracture,False
fracatlas,fracatlas/FracAtlas,images/Non_fractured/IMG0000314.jpg,IMG0000314,no_fracture,g313,train,none,313,-1,,False,3939694d4ccd9999,leg,oblique,0,0,Annotations/YOLO/IMG0000314.txt,leg|no_fracture,False
fracatlas,fracatlas/FracAtlas,images/Non_fractured/IMG0000315.jpg,IMG0000315,no_fracture,g314,train,none,314,-1,,False,66751cfe20ec8713,hip,frontal,0,0,Annotations/YOLO/IMG0000315.txt,hip|no_fracture,False
fracatlas,fracatlas/FracAtlas,images/Non_fractured/IMG0000316.jpg,IMG0000316,no_fracture,g315,train,none,315,-1,,False,796929719b9a19a9,hip,frontal,0,0,Annotations/YOLO/IMG0000316.txt,hip|no_fracture,False
fracatlas,fracatlas/FracAtlas,images/Non_fractured/IMG0000317.jpg,IMG0000317,no_fracture,g316,train,none,316,-1,,False,9f2399647351319b,leg,frontal,0,0,Annotations/YOLO/IMG0000317.txt,leg|no_fracture,False
fracatlas,fracatlas/FracAtlas,images/Non_fractured/IMG0000318.jpg,IMG0000318,no_fracture,g317,train,none,317,-1,,False,b027989748f730f3,leg,lateral,0,0,Annotations/YOLO/IMG0000318.txt,leg|no_fracture,False
fracatlas,fracatlas/FracAtlas,images/Fractured/IMG0000319.jpg,IMG0000319,fracture,g318,test,train,318,-1,,True,fa49c9d9496d4949,hand,frontal,0,1,Annotations/YOLO/IMG0000319.txt,hand|fracture,False
fracatlas,fracatlas/FracAtlas,images/Non_fractured/IMG0000320.jpg,IMG0000320,no_fracture,g319,test,none,319,-1,,True,48643b99d966d999,hand,lateral,0,0,Annotations/YOLO/IMG0000320.txt,hand|no_fracture,False
fracatlas,fracatlas/FracAtlas,images/Non_fractured/IMG0000321.jpg,IMG0000321,no_fracture,g320,cal,none,320,-1,,False,1307878dc7733333,leg,frontal,0,0,Annotations/YOLO/IMG0000321.txt,leg|no_fracture,False
fracatlas,fracatlas/FracAtlas,images/Non_fractured/IMG0000322.jpg,IMG0000322,no_fracture,g321,val,none,321,-1,,False,331f0e0f8f878363,leg,oblique,0,0,Annotations/YOLO/IMG0000322.txt,leg|no_fracture,False
fracatlas,fracatlas/FracAtlas,images/Non_fractured/IMG0000323.jpg,IMG0000323,no_fracture,g322,test,none,322,-1,,True,e3c363c9b3363303,hip,frontal,0,0,Annotations/YOLO/IMG0000323.txt,hip|no_fracture,False
fracatlas,fracatlas/FracAtlas,images/Non_fractured/IMG0000324.jpg,IMG0000324,no_fracture,g323,test,none,323,-1,,True,1c3d9c0f0c97c5c7,leg,lateral,0,0,Annotations/YOLO/IMG0000324.txt,leg|no_fracture,False
fracatlas,fracatlas/FracAtlas,images/Non_fractured/IMG0000325.jpg,IMG0000325,no_fracture,g324,train,none,324,-1,,False,67191327674d9999,leg,frontal,0,0,Annotations/YOLO/IMG0000325.txt,leg|no_fracture,False
fracatlas,fracatlas/FracAtlas,images/Non_fractured/IMG0000326.jpg,IMG0000326,no_fracture,g325,train,none,325,-1,,False,3b1f0f0e8f870333,leg,oblique,0,0,Annotations/YOLO/IMG0000326.txt,leg|no_fracture,False
fracatlas,fracatlas/FracAtlas,images/Non_fractured/IMG0000327.jpg,IMG0000327,no_fracture,g326,train,none,326,-1,,False,833d5a870579a787,leg,frontal,0,0,Annotations/YOLO/IMG0000327.txt,leg|no_fracture,False
fracatlas,fracatlas/FracAtlas,images/Non_fractured/IMG0000328.jpg,IMG0000328,no_fracture,g327,train,none,327,-1,,False,93e06c0cf07b935b,hip,frontal,0,0,Annotations/YOLO/IMG0000328.txt,hip|no_fracture,False
fracatlas,fracatlas/FracAtlas,images/Non_fractured/IMG0000329.jpg,IMG0000329,no_fracture,g328,train,none,328,-1,,False,922dd1b5caf06c87,hip,frontal,0,0,Annotations/YOLO/IMG0000329.txt,hip|no_fracture,False
fracatlas,fracatlas/FracAtlas,images/Non_fractured/IMG0000330.jpg,IMG0000330,no_fracture,g329,train,none,329,-1,,False,4acbceecb2333321,hip,frontal,0,0,Annotations/YOLO/IMG0000330.txt,hip|no_fracture,False
fracatlas,fracatlas/FracAtlas,images/Non_fractured/IMG0000331.jpg,IMG0000331,no_fracture,g330,cal,none,330,-1,,False,679959669961c999,leg,frontal,0,0,Annotations/YOLO/IMG0000331.txt,leg|no_fracture,False
fracatlas,fracatlas/FracAtlas,images/Non_fractured/IMG0000332.jpg,IMG0000332,no_fracture,g331,train,none,331,-1,,False,1b494e5bc9c99999,leg,lateral,0,0,Annotations/YOLO/IMG0000332.txt,leg|no_fracture,False
fracatlas,fracatlas/FracAtlas,images/Non_fractured/IMG0000333.jpg,IMG0000333,no_fracture,g332,val,none,332,-1,,False,0fb00b4b2f0f8b4f,leg,frontal,0,0,Annotations/YOLO/IMG0000333.txt,leg|no_fracture,False
fracatlas,fracatlas/FracAtlas,images/Non_fractured/IMG0000334.jpg,IMG0000334,no_fracture,g333,train,none,333,-1,,False,3c12a3717c66c3e3,leg,lateral,0,0,Annotations/YOLO/IMG0000334.txt,leg|no_fracture,False
fracatlas,fracatlas/FracAtlas,images/Non_fractured/IMG0000335.jpg,IMG0000335,no_fracture,g334,val,none,334,-1,,False,0149362b599c69ff,leg,lateral,0,0,Annotations/YOLO/IMG0000335.txt,leg|no_fracture,False
fracatlas,fracatlas/FracAtlas,images/Non_fractured/IMG0000336.jpg,IMG0000336,no_fracture,g335,val,none,335,-1,,False,c2c3e36363633333,hand,frontal,0,0,Annotations/YOLO/IMG0000336.txt,hand|no_fracture,False
fracatlas,fracatlas/FracAtlas,images/Non_fractured/IMG0000337.jpg,IMG0000337,no_fracture,g336,test,none,336,-1,,True,66e78291c2677273,hand,oblique,0,0,Annotations/YOLO/IMG0000337.txt,hand|no_fracture,False
fracatlas,fracatlas/FracAtlas,images/Non_fractured/IMG0000338.jpg,IMG0000338,no_fracture,g337,train,none,337,-1,,False,62c0e36363637373,hand,frontal,0,0,Annotations/YOLO/IMG0000338.txt,hand|no_fracture,False
fracatlas,fracatlas/FracAtlas,images/Non_fractured/IMG0000339.jpg,IMG0000339,no_fracture,g338,train,none,338,-1,,False,6233333363733333,hand,oblique,0,0,Annotations/YOLO/IMG0000339.txt,hand|no_fracture,False
fracatlas,fracatlas/FracAtlas,images/Non_fractured/IMG0000340.jpg,IMG0000340,no_fracture,g339,train,none,339,-1,,False,cdc9cec4b01bb30b,hip,frontal,0,0,Annotations/YOLO/IMG0000340.txt,hip|no_fracture,False
fracatlas,fracatlas/FracAtlas,images/Non_fractured/IMG0000342.jpg,IMG0000342,no_fracture,g340,train,none,340,-1,,False,d5d1933373711133,leg,frontal,0,0,Annotations/YOLO/IMG0000342.txt,leg|no_fracture,False
fracatlas,fracatlas/FracAtlas,images/Non_fractured/IMG0000343.jpg,IMG0000343,no_fracture,g341,train,none,341,-1,,False,0709103f49de49ff,leg,lateral,0,0,Annotations/YOLO/IMG0000343.txt,leg|no_fracture,False
fracatlas,fracatlas/FracAtlas,images/Non_fractured/IMG0000344.jpg,IMG0000344,no_fracture,g342,train,none,342,-1,,False,c4ff8417830ff02b,hip,frontal,0,0,Annotations/YOLO/IMG0000344.txt,hip|no_fracture,False
fracatlas,fracatlas/FracAtlas,images/Non_fractured/IMG0000345.jpg,IMG0000345,no_fracture,g343,train,none,343,-1,,False,b4a3e1a9a7a5e161,leg,frontal,0,0,Annotations/YOLO/IMG0000345.txt,leg|no_fracture,False
fracatlas,fracatlas/FracAtlas,images/Non_fractured/IMG0000346.jpg,IMG0000346,no_fracture,g344,train,none,344,-1,,False,7373c0cb6037dc83,mixed,frontal,0,0,Annotations/YOLO/IMG0000346.txt,mixed|no_fracture,False
fracatlas,fracatlas/FracAtlas,images/Non_fractured/IMG0000347.jpg,IMG0000347,no_fracture,g345,train,none,345,-1,,False,f1199e8ec4674c93,shoulder,frontal,0,0,Annotations/YOLO/IMG0000347.txt,shoulder|no_fracture,False
fracatlas,fracatlas/FracAtlas,images/Non_fractured/IMG0000348.jpg,IMG0000348,no_fracture,g346,train,none,346,-1,,False,c4d35b0f207fb303,hip,frontal,0,0,Annotations/YOLO/IMG0000348.txt,hip|no_fracture,False
fracatlas,fracatlas/FracAtlas,images/Non_fractured/IMG0000349.jpg,IMG0000349,no_fracture,g347,train,none,347,-1,,False,595931b333995999,leg,frontal,0,0,Annotations/YOLO/IMG0000349.txt,leg|no_fracture,False
fracatlas,fracatlas/FracAtlas,images/Non_fractured/IMG0000350.jpg,IMG0000350,no_fracture,g348,train,none,348,-1,,False,3a1ed1f13666a351,leg,lateral,0,0,Annotations/YOLO/IMG0000350.txt,leg|no_fracture,False
fracatlas,fracatlas/FracAtlas,images/Fractured/IMG0000351.jpg,IMG0000351,fracture,g349,test,train,349,-1,,True,c9c89b31594dd9d1,hand,frontal,0,1,Annotations/YOLO/IMG0000351.txt,hand|fracture,False
fracatlas,fracatlas/FracAtlas,images/Fractured/IMG0000352.jpg,IMG0000352,fracture,g350,val,train,350,-1,,False,cacd62999a4dd899,hand,lateral,0,1,Annotations/YOLO/IMG0000352.txt,hand|fracture,False
fracatlas,fracatlas/FracAtlas,images/Non_fractured/IMG0000353.jpg,IMG0000353,no_fracture,g351,train,none,351,-1,,False,4c33996633cd6633,leg,frontal,0,0,Annotations/YOLO/IMG0000353.txt,leg|no_fracture,False
fracatlas,fracatlas/FracAtlas,images/Non_fractured/IMG0000354.jpg,IMG0000354,no_fracture,g352,train,none,352,-1,,False,3299ee331b3c3233,leg,lateral,0,0,Annotations/YOLO/IMG0000354.txt,leg|no_fracture,False
fracatlas,fracatlas/FracAtlas,images/Non_fractured/IMG0000355.jpg,IMG0000355,no_fracture,g353,train,none,353,-1,,False,0393b33373333333,leg,frontal,0,0,Annotations/YOLO/IMG0000355.txt,leg|no_fracture,False
fracatlas,fracatlas/FracAtlas,images/Non_fractured/IMG0000356.jpg,IMG0000356,no_fracture,g354,test,none,354,-1,,True,090573393d66e3e3,leg,lateral,0,0,Annotations/YOLO/IMG0000356.txt,leg|no_fracture,False
fracatlas,fracatlas/FracAtlas,images/Non_fractured/IMG0000357.jpg,IMG0000357,no_fracture,g355,train,none,355,-1,,False,cc33338c7391c573,leg,frontal,0,0,Annotations/YOLO/IMG0000357.txt,leg|no_fracture,False
fracatlas,fracatlas/FracAtlas,images/Non_fractured/IMG0000358.jpg,IMG0000358,no_fracture,g356,train,none,356,-1,,False,cc1963dc73333193,leg,lateral,0,0,Annotations/YOLO/IMG0000358.txt,leg|no_fracture,False
fracatlas,fracatlas/FracAtlas,images/Non_fractured/IMG0000359.jpg,IMG0000359,no_fracture,g357,cal,none,357,-1,,False,6223f37363633331,hand,frontal,0,0,Annotations/YOLO/IMG0000359.txt,hand|no_fracture,False
fracatlas,fracatlas/FracAtlas,images/Non_fractured/IMG0000360.jpg,IMG0000360,no_fracture,g358,train,none,358,-1,,False,1c8c636383cfc3e3,hand,oblique,0,0,Annotations/YOLO/IMG0000360.txt,hand|no_fracture,False
fracatlas,fracatlas/FracAtlas,images/Non_fractured/IMG0000361.jpg,IMG0000361,no_fracture,g359,val,none,359,-1,,False,12d9da6d66319999,leg,frontal,0,0,Annotations/YOLO/IMG0000361.txt,leg|no_fracture,False
fracatlas,fracatlas/FracAtlas,images/Non_fractured/IMG0000362.jpg,IMG0000362,no_fracture,g360,train,none,360,-1,,False,5bd3d4b42425adc9,leg,oblique,0,0,Annotations/YOLO/IMG0000362.txt,leg|no_fracture,False
fracatlas,fracatlas/FracAtlas,images/Non_fractured/IMG0000363.jpg,IMG0000363,no_fracture,g361,train,none,361,-1,,False,7997682699673299,leg,frontal,0,0,Annotations/YOLO/IMG0000363.txt,leg|no_fracture,False
fracatlas,fracatlas/FracAtlas,images/Non_fractured/IMG0000364.jpg,IMG0000364,no_fracture,g362,train,none,362,-1,,False,8c39e69d73269899,leg,lateral,0,0,Annotations/YOLO/IMG0000364.txt,leg|no_fracture,False
fracatlas,fracatlas/FracAtlas,images/Non_fractured/IMG0000365.jpg,IMG0000365,no_fracture,g363,test,none,363,-1,,True,b86cfc1b98acf109,hip,frontal,0,0,Annotations/YOLO/IMG0000365.txt,hip|no_fracture,False
fracatlas,fracatlas/FracAtlas,images/Non_fractured/IMG0000366.jpg,IMG0000366,no_fracture,g364,train,none,364,-1,,False,3453e4ce919cf989,hip,frontal,0,0,Annotations/YOLO/IMG0000366.txt,hip|no_fracture,False
fracatlas,fracatlas/FracAtlas,images/Non_fractured/IMG0000367.jpg,IMG0000367,no_fracture,g365,train,none,365,-1,,False,65656565c5999999,hand,frontal,0,0,Annotations/YOLO/IMG0000367.txt,hand|no_fracture,False
fracatlas,fracatlas/FracAtlas,images/Non_fractured/IMG0000368.jpg,IMG0000368,no_fracture,g366,cal,none,366,-1,,False,27273533214dd9d9,hand,frontal,0,0,Annotations/YOLO/IMG0000368.txt,hand|no_fracture,False
fracatlas,fracatlas/FracAtlas,images/Non_fractured/IMG0000369.jpg,IMG0000369,no_fracture,g367,train,none,367,-1,,False,6527257361cd9999,hand,frontal,0,0,Annotations/YOLO/IMG0000369.txt,hand|no_fracture,False
fracatlas,fracatlas/FracAtlas,images/Non_fractured/IMG0000370.jpg,IMG0000370,no_fracture,g368,train,none,368,-1,,False,8999315bc9d99999,hand,frontal,0,0,Annotations/YOLO/IMG0000370.txt,hand|no_fracture,False
fracatlas,fracatlas/FracAtlas,images/Non_fractured/IMG0000371.jpg,IMG0000371,no_fracture,g369,train,none,369,-1,,False,6565359959659999,hand,lateral,0,0,Annotations/YOLO/IMG0000371.txt,hand|no_fracture,False
fracatlas,fracatlas/FracAtlas,images/Non_fractured/IMG0000372.jpg,IMG0000372,no_fracture,g370,train,none,370,-1,,False,6a4ba86cde969989,hip,frontal,0,0,Annotations/YOLO/IMG0000372.txt,hip|no_fracture,False
fracatlas,fracatlas/FracAtlas,images/Non_fractured/IMG0000373.jpg,IMG0000373,no_fracture,g371,train,none,371,-1,,False,8062637363e76373,hand,frontal,0,0,Annotations/YOLO/IMG0000373.txt,hand|no_fracture,False
fracatlas,fracatlas/FracAtlas,images/Non_fractured/IMG0000374.jpg,IMG0000374,no_fracture,g372,train,none,372,-1,,False,8c7f60e70c8fc0c7,hand,oblique,0,0,Annotations/YOLO/IMG0000374.txt,hand|no_fracture,False
fracatlas,fracatlas/FracAtlas,images/Non_fractured/IMG0000375.jpg,IMG0000375,no_fracture,g373,cal,none,373,-1,,False,1919696d6c4dd999,leg,frontal,0,0,Annotations/YOLO/IMG0000375.txt,leg|no_fracture,False
fracatlas,fracatlas/FracAtlas,images/Non_fractured/IMG0000376.jpg,IMG0000376,no_fracture,g374,train,none,374,-1,,False,a7a92b4b5236155d,leg,oblique,0,0,Annotations/YOLO/IMG0000376.txt,leg|no_fracture,False
fracatlas,fracatlas/FracAtlas,images/Non_fractured/IMG0000377.jpg,IMG0000377,no_fracture,g375,train,none,375,-1,,False,63b3492699666733,leg,frontal,0,0,Annotations/YOLO/IMG0000377.txt,leg|no_fracture,False
fracatlas,fracatlas/FracAtlas,images/Non_fractured/IMG0000378.jpg,IMG0000378,no_fracture,g376,test,none,376,-1,,True,196387995327999b,leg,lateral,0,0,Annotations/YOLO/IMG0000378.txt,leg|no_fracture,False
fracatlas,fracatlas/FracAtlas,images/Non_fractured/IMG0000379.jpg,IMG0000379,no_fracture,g377,train,none,377,-1,,False,286d69694c4dd9d9,hand,frontal,0,0,Annotations/YOLO/IMG0000379.txt,hand|no_fracture,False
fracatlas,fracatlas/FracAtlas,images/Non_fractured/IMG0000380.jpg,IMG0000380,no_fracture,g378,test,none,378,-1,,True,59db9384cc49c95b,hand,lateral,0,0,Annotations/YOLO/IMG0000380.txt,hand|no_fracture,False
fracatlas,fracatlas/FracAtlas,images/Non_fractured/IMG0000381.jpg,IMG0000381,no_fracture,g379,train,none,379,-1,,False,35592a4d6c6d5555,hand,frontal,0,0,Annotations/YOLO/IMG0000381.txt,hand|no_fracture,False
fracatlas,fracatlas/FracAtlas,images/Non_fractured/IMG0000382.jpg,IMG0000382,no_fracture,g380,train,none,380,-1,,False,f07c0d4b507c6d55,hand,lateral,0,0,Annotations/YOLO/IMG0000382.txt,hand|no_fracture,False
fracatlas,fracatlas/FracAtlas,images/Non_fractured/IMG0000383.jpg,IMG0000383,no_fracture,g381,train,none,381,-1,,False,525425abaa7e5555,hand,frontal,0,0,Annotations/YOLO/IMG0000383.txt,hand|no_fracture,False
fracatlas,fracatlas/FracAtlas,images/Non_fractured/IMG0000384.jpg,IMG0000384,no_fracture,g382,test,none,382,-1,,True,a48dab6342c6e3e3,hand,lateral,0,0,Annotations/YOLO/IMG0000384.txt,hand|no_fracture,False
fracatlas,fracatlas/FracAtlas,images/Non_fractured/IMG0000385.jpg,IMG0000385,no_fracture,g383,train,none,383,-1,,False,8bc18ae3e2e3aa55,hand,frontal,0,0,Annotations/YOLO/IMG0000385.txt,hand|no_fracture,False
fracatlas,fracatlas/FracAtlas,images/Non_fractured/IMG0000386.jpg,IMG0000386,no_fracture,g384,train,none,384,-1,,False,b331319999337333,leg,frontal,0,0,Annotations/YOLO/IMG0000386.txt,leg|no_fracture,False
fracatlas,fracatlas/FracAtlas,images/Non_fractured/IMG0000387.jpg,IMG0000387,no_fracture,g385,train,none,385,-1,,False,ffa709498c2c6969,leg,lateral,0,0,Annotations/YOLO/IMG0000387.txt,leg|no_fracture,False
fracatlas,fracatlas/FracAtlas,images/Non_fractured/IMG0000388.jpg,IMG0000388,no_fracture,g386,train,none,386,-1,,False,9a3755ddaa26405d,hand,frontal,0,0,Annotations/YOLO/IMG0000388.txt,hand|no_fracture,False
fracatlas,fracatlas/FracAtlas,images/Non_fractured/IMG0000389.jpg,IMG0000389,no_fracture,g387,train,none,387,-1,,False,9299cae7c2333333,leg,frontal,0,0,Annotations/YOLO/IMG0000389.txt,leg|no_fracture,False
fracatlas,fracatlas/FracAtlas,images/Non_fractured/IMG0000390.jpg,IMG0000390,no_fracture,g388,test,none,388,-1,,True,a429cadb9267549d,leg,oblique,0,0,Annotations/YOLO/IMG0000390.txt,leg|no_fracture,False
fracatlas,fracatlas/FracAtlas,images/Non_fractured/IMG0000391.jpg,IMG0000391,no_fracture,g389,cal,none,389,-1,,False,231b1b4bc9db1999,leg,frontal,0,0,Annotations/YOLO/IMG0000391.txt,leg|no_fracture,False
fracatlas,fracatlas/FracAtlas,images/Non_fractured/IMG0000392.jpg,IMG0000392,no_fracture,g390,train,none,390,-1,,False,590f0741d89c49ff,leg,lateral,0,0,Annotations/YOLO/IMG0000392.txt,leg|no_fracture,False
fracatlas,fracatlas/FracAtlas,images/Non_fractured/IMG0000393.jpg,IMG0000393,no_fracture,g391,train,none,391,-1,,False,6d670283d27d2a6d,leg,frontal,0,0,Annotations/YOLO/IMG0000393.txt,leg|no_fracture,False
fracatlas,fracatlas/FracAtlas,images/Non_fractured/IMG0000394.jpg,IMG0000394,no_fracture,g392,train,none,392,-1,,False,f5e1e1a5a5e12945,leg,frontal,0,0,Annotations/YOLO/IMG0000394.txt,leg|no_fracture,False
fracatlas,fracatlas/FracAtlas,images/Non_fractured/IMG0000395.jpg,IMG0000395,no_fracture,g393,train,none,393,-1,,False,c3cccb311bb033d3,mixed,frontal,0,0,Annotations/YOLO/IMG0000395.txt,mixed|no_fracture,False
fracatlas,fracatlas/FracAtlas,images/Non_fractured/IMG0000396.jpg,IMG0000396,no_fracture,g394,cal,none,394,-1,,False,b83e270da52de10f,leg,frontal,0,0,Annotations/YOLO/IMG0000396.txt,leg|no_fracture,False
fracatlas,fracatlas/FracAtlas,images/Non_fractured/IMG0000397.jpg,IMG0000397,no_fracture,g395,train,none,395,-1,,False,78672e2792d9d889,leg,lateral,0,0,Annotations/YOLO/IMG0000397.txt,leg|no_fracture,False
fracatlas,fracatlas/FracAtlas,images/Non_fractured/IMG0000398.jpg,IMG0000398,no_fracture,g396,test,none,396,-1,,True,9e1f393d858703e1,leg,frontal,0,0,Annotations/YOLO/IMG0000398.txt,leg|no_fracture,False
fracatlas,fracatlas/FracAtlas,images/Non_fractured/IMG0000399.jpg,IMG0000399,no_fracture,g397,train,none,397,-1,,False,3b539961199979a9,hip,frontal,0,0,Annotations/YOLO/IMG0000399.txt,hip|no_fracture,False
fracatlas,fracatlas/FracAtlas,images/Non_fractured/IMG0000400.jpg,IMG0000400,no_fracture,g398,train,none,398,-1,,False,9a99da9932997233,leg,frontal,0,0,Annotations/YOLO/IMG0000400.txt,leg|no_fracture,False
fracatlas,fracatlas/FracAtlas,images/Non_fractured/IMG0000401.jpg,IMG0000401,no_fracture,g399,cal,none,399,-1,,False,30f3647364f36233,leg,lateral,0,0,Annotations/YOLO/IMG0000401.txt,leg|no_fracture,False
fracatlas,fracatlas/FracAtlas,images/Non_fractured/IMG0000402.jpg,IMG0000402,no_fracture,g400,train,none,400,-1,,False,d926d96692c93699,leg,frontal,0,0,Annotations/YOLO/IMG0000402.txt,leg|no_fracture,False
fracatlas,fracatlas/FracAtlas,images/Non_fractured/IMG0000403.jpg,IMG0000403,no_fracture,g401,train,none,401,-1,,False,e3bc03e45b333899,leg,lateral,0,0,Annotations/YOLO/IMG0000403.txt,leg|no_fracture,False
fracatlas,fracatlas/FracAtlas,images/Non_fractured/IMG0000404.jpg,IMG0000404,no_fracture,g402,train,none,402,-1,,False,3969499b939949d9,leg,frontal,0,0,Annotations/YOLO/IMG0000404.txt,leg|no_fracture,False
fracatlas,fracatlas/FracAtlas,images/Non_fractured/IMG0000405.jpg,IMG0000405,no_fracture,g403,val,none,403,-1,,False,a97354c93b96a351,leg,lateral,0,0,Annotations/YOLO/IMG0000405.txt,leg|no_fracture,False
fracatlas,fracatlas/FracAtlas,images/Non_fractured/IMG0000406.jpg,IMG0000406,no_fracture,g404,cal,none,404,-1,,False,91c466d1f3673331,hand,frontal,0,0,Annotations/YOLO/IMG0000406.txt,hand|no_fracture,False
fracatlas,fracatlas/FracAtlas,images/Non_fractured/IMG0000407.jpg,IMG0000407,no_fracture,g405,test,none,405,-1,,True,992624d999673b99,hand,lateral,0,0,Annotations/YOLO/IMG0000407.txt,hand|no_fracture,False
fracatlas,fracatlas/FracAtlas,images/Non_fractured/IMG0000408.jpg,IMG0000408,no_fracture,g406,cal,none,406,-1,,False,6280b3d3e2677333,hand,oblique,0,0,Annotations/YOLO/IMG0000408.txt,hand|no_fracture,False
fracatlas,fracatlas/FracAtlas,images/Non_fractured/IMG0000409.jpg,IMG0000409,no_fracture,g407,train,none,407,-1,,False,0e0b0bcb4b4bcbcb,leg,frontal,0,0,Annotations/YOLO/IMG0000409.txt,leg|no_fracture,False
fracatlas,fracatlas/FracAtlas,images/Non_fractured/IMG0000410.jpg,IMG0000410,no_fracture,g408,train,none,408,-1,,False,99c9496565d9d951,leg,frontal,0,0,Annotations/YOLO/IMG0000410.txt,leg|no_fracture,False
fracatlas,fracatlas/FracAtlas,images/Non_fractured/IMG0000411.jpg,IMG0000411,no_fracture,g409,train,none,409,-1,,False,e269cc67a28d0f2d,leg,frontal,0,0,Annotations/YOLO/IMG0000411.txt,leg|no_fracture,False
fracatlas,fracatlas/FracAtlas,images/Non_fractured/IMG0000412.jpg,IMG0000412,no_fracture,g410,train,none,410,-1,,False,6466646d6d69c959,leg,oblique,0,0,Annotations/YOLO/IMG0000412.txt,leg|no_fracture,False
fracatlas,fracatlas/FracAtlas,images/Non_fractured/IMG0000413.jpg,IMG0000413,no_fracture,g411,train,none,411,-1,,False,cbc307870fc34bc3,leg,frontal,0,0,Annotations/YOLO/IMG0000413.txt,leg|no_fracture,False
fracatlas,fracatlas/FracAtlas,images/Non_fractured/IMG0000414.jpg,IMG0000414,no_fracture,g412,train,none,412,-1,,False,b0b3b0f3c0733333,leg,frontal,0,0,Annotations/YOLO/IMG0000414.txt,leg|no_fracture,False
fracatlas,fracatlas/FracAtlas,images/Non_fractured/IMG0000415.jpg,IMG0000415,no_fracture,g413,train,none,413,-1,,False,e82d24676c6dc8d9,leg,frontal,0,0,Annotations/YOLO/IMG0000415.txt,leg|no_fracture,False
fracatlas,fracatlas/FracAtlas,images/Non_fractured/IMG0000416.jpg,IMG0000416,no_fracture,g414,train,none,414,-1,,False,31997599cc99cc33,leg,frontal,0,0,Annotations/YOLO/IMG0000416.txt,leg|no_fracture,False
fracatlas,fracatlas/FracAtlas,images/Non_fractured/IMG0000417.jpg,IMG0000417,no_fracture,g415,cal,none,415,-1,,False,7193711339333973,leg,lateral,0,0,Annotations/YOLO/IMG0000417.txt,leg|no_fracture,False
fracatlas,fracatlas/FracAtlas,images/Non_fractured/IMG0000418.jpg,IMG0000418,no_fracture,g416,train,none,416,-1,,False,8467cc33c6e3c333,leg,frontal,0,0,Annotations/YOLO/IMG0000418.txt,leg|no_fracture,False
fracatlas,fracatlas/FracAtlas,images/Non_fractured/IMG0000419.jpg,IMG0000419,no_fracture,g417,train,none,417,-1,,False,5af70c89b336a351,leg,lateral,0,0,Annotations/YOLO/IMG0000419.txt,leg|no_fracture,False
fracatlas,fracatlas/FracAtlas,images/Non_fractured/IMG0000420.jpg,IMG0000420,no_fracture,g418,train,none,418,-1,,False,52256a55ea55aad5,hand,frontal,0,0,Annotations/YOLO/IMG0000420.txt,hand|no_fracture,False
fracatlas,fracatlas/FracAtlas,images/Non_fractured/IMG0000421.jpg,IMG0000421,no_fracture,g419,train,none,419,-1,,False,6c495b93e46c694d,hand,lateral,0,0,Annotations/YOLO/IMG0000421.txt,hand|no_fracture,False
fracatlas,fracatlas/FracAtlas,images/Non_fractured/IMG0000422.jpg,IMG0000422,no_fracture,g420,val,none,420,-1,,False,b1ad212d6d6dc949,hand,frontal,0,0,Annotations/YOLO/IMG0000422.txt,hand|no_fracture,False
fracatlas,fracatlas/FracAtlas,images/Non_fractured/IMG0000423.jpg,IMG0000423,no_fracture,g421,train,none,421,-1,,False,ad89ebea0e868783,hand,lateral,0,0,Annotations/YOLO/IMG0000423.txt,hand|no_fracture,False
fracatlas,fracatlas/FracAtlas,images/Non_fractured/IMG0000424.jpg,IMG0000424,no_fracture,g422,test,none,422,-1,,True,73735971331119d9,leg,frontal,0,0,Annotations/YOLO/IMG0000424.txt,leg|no_fracture,False
fracatlas,fracatlas/FracAtlas,images/Non_fractured/IMG0000425.jpg,IMG0000425,no_fracture,g423,train,none,423,-1,,False,79de3749581c4969,leg,lateral,0,0,Annotations/YOLO/IMG0000425.txt,leg|no_fracture,False
fracatlas,fracatlas/FracAtlas,images/Non_fractured/IMG0000426.jpg,IMG0000426,no_fracture,g424,test,none,424,-1,,True,69ed29b969494999,leg,frontal,0,0,Annotations/YOLO/IMG0000426.txt,leg|no_fracture,False
fracatlas,fracatlas/FracAtlas,images/Non_fractured/IMG0000427.jpg,IMG0000427,no_fracture,g425,val,none,425,-1,,False,53f0272b5a5c6969,leg,lateral,0,0,Annotations/YOLO/IMG0000427.txt,leg|no_fracture,False
fracatlas,fracatlas/FracAtlas,images/Non_fractured/IMG0000428.jpg,IMG0000428,no_fracture,g426,train,none,426,-1,,False,a5da516a0a04fef3,hip,frontal,0,0,Annotations/YOLO/IMG0000428.txt,hip|no_fracture,False
fracatlas,fracatlas/FracAtlas,images/Non_fractured/IMG0000429.jpg,IMG0000429,no_fracture,g427,train,none,427,-1,,False,cd9819f4718ea669,hip,frontal,0,0,Annotations/YOLO/IMG0000429.txt,hip|no_fracture,False
fracatlas,fracatlas/FracAtlas,images/Non_fractured/IMG0000430.jpg,IMG0000430,no_fracture,g428,val,none,428,-1,,False,8178d965698ed9a9,hip,frontal,0,0,Annotations/YOLO/IMG0000430.txt,hip|no_fracture,False
fracatlas,fracatlas/FracAtlas,images/Non_fractured/IMG0000431.jpg,IMG0000431,no_fracture,g429,train,none,429,-1,,False,484fc8dd585b9999,hand,frontal,0,0,Annotations/YOLO/IMG0000431.txt,hand|no_fracture,False
fracatlas,fracatlas/FracAtlas,images/Non_fractured/IMG0000432.jpg,IMG0000432,no_fracture,g430,train,none,430,-1,,False,da4d664dc8cd9899,hand,oblique,0,0,Annotations/YOLO/IMG0000432.txt,hand|no_fracture,False
fracatlas,fracatlas/FracAtlas,images/Non_fractured/IMG0000433.jpg,IMG0000433,no_fracture,g431,train,none,431,-1,,False,339b936362333333,leg,frontal,0,0,Annotations/YOLO/IMG0000433.txt,leg|no_fracture,False
fracatlas,fracatlas/FracAtlas,images/Non_fractured/IMG0000434.jpg,IMG0000434,no_fracture,g432,train,none,432,-1,,False,b1a5a5256d6d4999,leg,oblique,0,0,Annotations/YOLO/IMG0000434.txt,leg|no_fracture,False
fracatlas,fracatlas/FracAtlas,images/Non_fractured/IMG0000435.jpg,IMG0000435,no_fracture,g433,train,none,433,-1,,False,3276b8ba41e08f1f,hip,frontal,0,0,Annotations/YOLO/IMG0000435.txt,hip|no_fracture,False
fracatlas,fracatlas/FracAtlas,images/Non_fractured/IMG0000436.jpg,IMG0000436,no_fracture,g434,train,none,434,-1,,False,9ad2cc0a21e0ff1f,hip,frontal,0,0,Annotations/YOLO/IMG0000436.txt,hip|no_fracture,False
fracatlas,fracatlas/FracAtlas,images/Non_fractured/IMG0000437.jpg,IMG0000437,no_fracture,g435,train,none,435,-1,,False,7a6938e5788979a1,hip,frontal,0,0,Annotations/YOLO/IMG0000437.txt,hip|no_fracture,False
fracatlas,fracatlas/FracAtlas,images/Non_fractured/IMG0000438.jpg,IMG0000438,no_fracture,g436,cal,none,436,-1,,False,98c72cc9584fad87,leg,frontal,0,0,Annotations/YOLO/IMG0000438.txt,leg|no_fracture,False
fracatlas,fracatlas/FracAtlas,images/Non_fractured/IMG0000439.jpg,IMG0000439,no_fracture,g437,test,none,437,-1,,True,9c9db51111156f4f,mixed,frontal,0,0,Annotations/YOLO/IMG0000439.txt,mixed|no_fracture,False
fracatlas,fracatlas/FracAtlas,images/Non_fractured/IMG0000440.jpg,IMG0000440,no_fracture,g438,val,none,438,-1,,False,3c79381ce6a4d82f,mixed,frontal,0,0,Annotations/YOLO/IMG0000440.txt,mixed|no_fracture,False
fracatlas,fracatlas/FracAtlas,images/Non_fractured/IMG0000441.jpg,IMG0000441,no_fracture,g439,test,none,439,-1,,True,7c75341e0e4cd837,shoulder,frontal,0,0,Annotations/YOLO/IMG0000441.txt,shoulder|no_fracture,False
fracatlas,fracatlas/FracAtlas,images/Fractured/IMG0000443.jpg,IMG0000443,fracture,g440,train,train,440,-1,,False,33f344338c73cc33,leg,frontal,1,1,Annotations/YOLO/IMG0000443.txt,leg|fracture,False
fracatlas,fracatlas/FracAtlas,images/Non_fractured/IMG0000445.jpg,IMG0000445,no_fracture,g441,train,none,441,-1,,False,01593399c9db339b,leg,frontal,0,0,Annotations/YOLO/IMG0000445.txt,leg|no_fracture,False
fracatlas,fracatlas/FracAtlas,images/Non_fractured/IMG0000446.jpg,IMG0000446,no_fracture,g442,train,none,442,-1,,False,4813264913fe49ff,leg,lateral,0,0,Annotations/YOLO/IMG0000446.txt,leg|no_fracture,False
fracatlas,fracatlas/FracAtlas,images/Non_fractured/IMG0000447.jpg,IMG0000447,no_fracture,g443,train,none,443,-1,,False,33323333333333b3,hand,frontal,0,0,Annotations/YOLO/IMG0000447.txt,hand|no_fracture,False
fracatlas,fracatlas/FracAtlas,images/Non_fractured/IMG0000448.jpg,IMG0000448,no_fracture,g444,train,none,444,-1,,False,993b30df99331199,hand,lateral,0,0,Annotations/YOLO/IMG0000448.txt,hand|no_fracture,False
fracatlas,fracatlas/FracAtlas,images/Non_fractured/IMG0000449.jpg,IMG0000449,no_fracture,g445,cal,none,445,-1,,False,989bc84fc89b9999,leg,frontal,0,0,Annotations/YOLO/IMG0000449.txt,leg|no_fracture,False
fracatlas,fracatlas/FracAtlas,images/Non_fractured/IMG0000450.jpg,IMG0000450,no_fracture,g61,dropped,none,61,-1,duplicate_of:IMG0000061,False,d1d594b5a4256dc9,leg,oblique,0,0,Annotations/YOLO/IMG0000450.txt,leg|no_fracture,False
fracatlas,fracatlas/FracAtlas,images/Non_fractured/IMG0000451.jpg,IMG0000451,no_fracture,g447,train,none,447,-1,,False,3699663699663399,leg,frontal,0,0,Annotations/YOLO/IMG0000451.txt,leg|no_fracture,False
fracatlas,fracatlas/FracAtlas,images/Non_fractured/IMG0000452.jpg,IMG0000452,no_fracture,g448,train,none,448,-1,,False,36d94c96d99c9331,leg,lateral,0,0,Annotations/YOLO/IMG0000452.txt,leg|no_fracture,False
fracatlas,fracatlas/FracAtlas,images/Fractured/IMG0000453.jpg,IMG0000453,fracture,g449,train,train,449,-1,,False,69d989094353377b,mixed,frontal,1,1,Annotations/YOLO/IMG0000453.txt,mixed|fracture,False
fracatlas,fracatlas/FracAtlas,images/Fractured/IMG0000454.jpg,IMG0000454,fracture,g450,train,train,450,-1,,False,607171c9494bd75b,mixed,frontal,1,1,Annotations/YOLO/IMG0000454.txt,mixed|fracture,False
fracatlas,fracatlas/FracAtlas,images/Fractured/IMG0000455.jpg,IMG0000455,fracture,g451,train,train,451,-1,,False,f23dc009c64b277b,mixed,frontal,1,1,Annotations/YOLO/IMG0000455.txt,mixed|fracture,False
fracatlas,fracatlas/FracAtlas,images/Fractured/IMG0000456.jpg,IMG0000456,fracture,g452,train,train,452,-1,,False,c046313983e7cfb3,mixed,frontal,1,1,Annotations/YOLO/IMG0000456.txt,mixed|fracture,False
fracatlas,fracatlas/FracAtlas,images/Non_fractured/IMG0000457.jpg,IMG0000457,no_fracture,g453,train,none,453,-1,,False,3933263726d99999,leg,frontal,0,0,Annotations/YOLO/IMG0000457.txt,leg|no_fracture,False
fracatlas,fracatlas/FracAtlas,images/Non_fractured/IMG0000458.jpg,IMG0000458,no_fracture,g454,cal,none,454,-1,,False,393b1e0f8ec70333,leg,oblique,0,0,Annotations/YOLO/IMG0000458.txt,leg|no_fracture,False
fracatlas,fracatlas/FracAtlas,images/Non_fractured/IMG0000459.jpg,IMG0000459,no_fracture,g455,train,none,455,-1,,False,b9aa8b490f0f4b4d,leg,frontal,0,0,Annotations/YOLO/IMG0000459.txt,leg|no_fracture,False
fracatlas,fracatlas/FracAtlas,images/Non_fractured/IMG0000460.jpg,IMG0000460,no_fracture,g456,train,none,456,-1,,False,f92e6fd9302c4949,leg,lateral,0,0,Annotations/YOLO/IMG0000460.txt,leg|no_fracture,False
fracatlas,fracatlas/FracAtlas,images/Non_fractured/IMG0000461.jpg,IMG0000461,no_fracture,g457,train,none,457,-1,,False,92b6ab49d4a4ada9,leg,lateral,0,0,Annotations/YOLO/IMG0000461.txt,leg|no_fracture,False
fracatlas,fracatlas/FracAtlas,images/Non_fractured/IMG0000462.jpg,IMG0000462,no_fracture,g458,train,none,458,-1,,False,982459e529de59e9,hip,frontal,0,0,Annotations/YOLO/IMG0000462.txt,hip|no_fracture,False
fracatlas,fracatlas/FracAtlas,images/Non_fractured/IMG0000463.jpg,IMG0000463,no_fracture,g459,test,none,459,-1,,True,36596964798e59a9,hip,frontal,0,0,Annotations/YOLO/IMG0000463.txt,hip|no_fracture,False
fracatlas,fracatlas/FracAtlas,images/Non_fractured/IMG0000464.jpg,IMG0000464,no_fracture,g460,train,none,460,-1,,False,696c96a69a9e59a1,hip,frontal,0,0,Annotations/YOLO/IMG0000464.txt,hip|no_fracture,False
fracatlas,fracatlas/FracAtlas,images/Non_fractured/IMG0000465.jpg,IMG0000465,no_fracture,g461,test,none,461,-1,,True,96a7a1e1a5a9e169,leg,frontal,0,0,Annotations/YOLO/IMG0000465.txt,leg|no_fracture,False
fracatlas,fracatlas/FracAtlas,images/Fractured/IMG0000466.jpg,IMG0000466,fracture,g462,cal,train,462,-1,,False,071b038b274bcf9b,leg,frontal,1,2,Annotations/YOLO/IMG0000466.txt,leg|fracture,False
fracatlas,fracatlas/FracAtlas,images/Fractured/IMG0000467.jpg,IMG0000467,fracture,g463,train,train,463,-1,,False,421702d766ff9349,leg,frontal,1,2,Annotations/YOLO/IMG0000467.txt,leg|fracture,False
fracatlas,fracatlas/FracAtlas,images/Fractured/IMG0000468.jpg,IMG0000468,fracture,g464,train,train,464,-1,,False,1b040b562ddf7969,leg,lateral,1,2,Annotations/YOLO/IMG0000468.txt,leg|fracture,False
fracatlas,fracatlas/FracAtlas,images/Fractured/IMG0000470.jpg,IMG0000470,fracture,g465,test,train,465,-1,,True,d9b62657b6264949,hand,lateral,0,1,Annotations/YOLO/IMG0000470.txt,hand|fracture,False
fracatlas,fracatlas/FracAtlas,images/Fractured/IMG0000471.jpg,IMG0000471,fracture,g466,train,train,466,-1,,False,c1d15313c753d333,leg,frontal,1,1,Annotations/YOLO/IMG0000471.txt,leg|fracture,False
fracatlas,fracatlas/FracAtlas,images/Fractured/IMG0000472.jpg,IMG0000472,fracture,g467,train,train,467,-1,,False,99c9e95919d93319,leg,lateral,1,1,Annotations/YOLO/IMG0000472.txt,leg|fracture,False
fracatlas,fracatlas/FracAtlas,images/Non_fractured/IMG0000473.jpg,IMG0000473,no_fracture,g468,train,none,468,-1,,False,7959d9593151d919,leg,frontal,0,0,Annotations/YOLO/IMG0000473.txt,leg|no_fracture,False
fracatlas,fracatlas/FracAtlas,images/Non_fractured/IMG0000474.jpg,IMG0000474,no_fracture,g469,train,none,469,-1,,False,10046b4bdcdc49ff,leg,lateral,0,0,Annotations/YOLO/IMG0000474.txt,leg|no_fracture,False
fracatlas,fracatlas/FracAtlas,images/Non_fractured/IMG0000475.jpg,IMG0000475,no_fracture,g470,cal,none,470,-1,,False,991939646dc9d999,leg,frontal,0,0,Annotations/YOLO/IMG0000475.txt,leg|no_fracture,False
fracatlas,fracatlas/FracAtlas,images/Non_fractured/IMG0000476.jpg,IMG0000476,no_fracture,g471,train,none,471,-1,,False,b1b5a5a5252da999,leg,oblique,0,0,Annotations/YOLO/IMG0000476.txt,leg|no_fracture,False
fracatlas,fracatlas/FracAtlas,images/Non_fractured/IMG0000477.jpg,IMG0000477,no_fracture,g338,dropped,none,338,-1,duplicate_of:IMG0000339,False,4233337363637333,hand,frontal,0,0,Annotations/YOLO/IMG0000477.txt,hand|no_fracture,False
fracatlas,fracatlas/FracAtlas,images/Non_fractured/IMG0000478.jpg,IMG0000478,no_fracture,g473,train,none,473,-1,,False,ba9b3b3122373331,hand,oblique,0,0,Annotations/YOLO/IMG0000478.txt,hand|no_fracture,False
fracatlas,fracatlas/FracAtlas,images/Fractured/IMG0000479.jpg,IMG0000479,fracture,g474,train,train,474,-1,,False,cc3133cc33997333,leg,frontal,0,2,Annotations/YOLO/IMG0000479.txt,leg|fracture,False
fracatlas,fracatlas/FracAtlas,images/Fractured/IMG0000480.jpg,IMG0000480,fracture,g475,train,train,475,-1,,False,5a2da653297293b9,leg,lateral,0,1,Annotations/YOLO/IMG0000480.txt,leg|fracture,False
fracatlas,fracatlas/FracAtlas,images/Non_fractured/IMG0000481.jpg,IMG0000481,no_fracture,g476,train,none,476,-1,,False,d1d391199913b373,leg,frontal,0,0,Annotations/YOLO/IMG0000481.txt,leg|no_fracture,False
fracatlas,fracatlas/FracAtlas,images/Non_fractured/IMG0000482.jpg,IMG0000482,no_fracture,g477,train,none,477,-1,,False,f9df2309185849db,leg,lateral,0,0,Annotations/YOLO/IMG0000482.txt,leg|no_fracture,False
fracatlas,fracatlas/FracAtlas,images/Non_fractured/IMG0000483.jpg,IMG0000483,no_fracture,g478,test,none,478,-1,,True,d622b92939da99a9,hip,frontal,0,0,Annotations/YOLO/IMG0000483.txt,hip|no_fracture,False
fracatlas,fracatlas/FracAtlas,images/Non_fractured/IMG0000484.jpg,IMG0000484,no_fracture,g479,test,none,479,-1,,True,03c2c3c3c3c7e373,hand,frontal,0,0,Annotations/YOLO/IMG0000484.txt,hand|no_fracture,False
fracatlas,fracatlas/FracAtlas,images/Non_fractured/IMG0000485.jpg,IMG0000485,no_fracture,g480,cal,none,480,-1,,False,2a86c1712ee6e3e3,hand,lateral,0,0,Annotations/YOLO/IMG0000485.txt,hand|no_fracture,False
fracatlas,fracatlas/FracAtlas,images/Non_fractured/IMG0000488.jpg,IMG0000488,no_fracture,g481,train,none,481,-1,,False,d353333373119933,leg,frontal,0,0,Annotations/YOLO/IMG0000488.txt,leg|no_fracture,False
fracatlas,fracatlas/FracAtlas,images/Non_fractured/IMG0000489.jpg,IMG0000489,no_fracture,g482,test,none,482,-1,,True,d9a66359d8dc4949,leg,lateral,0,0,Annotations/YOLO/IMG0000489.txt,leg|no_fracture,False
fracatlas,fracatlas/FracAtlas,images/Non_fractured/IMG0000490.jpg,IMG0000490,no_fracture,g483,train,none,483,-1,,False,4733c31be3334939,leg,frontal,0,0,Annotations/YOLO/IMG0000490.txt,leg|no_fracture,False
fracatlas,fracatlas/FracAtlas,images/Non_fractured/IMG0000491.jpg,IMG0000491,no_fracture,g484,train,none,484,-1,,False,f99f2701082c69fb,leg,lateral,0,0,Annotations/YOLO/IMG0000491.txt,leg|no_fracture,False
fracatlas,fracatlas/FracAtlas,images/Non_fractured/IMG0000492.jpg,IMG0000492,no_fracture,g485,test,none,485,-1,,True,298ca66699de59a9,hip,frontal,0,0,Annotations/YOLO/IMG0000492.txt,hip|no_fracture,False
fracatlas,fracatlas/FracAtlas,images/Non_fractured/IMG0000493.jpg,IMG0000493,no_fracture,g486,train,none,486,-1,,False,5849196679de59a9,hip,frontal,0,0,Annotations/YOLO/IMG0000493.txt,hip|no_fracture,False
fracatlas,fracatlas/FracAtlas,images/Non_fractured/IMG0000494.jpg,IMG0000494,no_fracture,g487,test,none,487,-1,,True,0ef708f18c5ff00b,hand,frontal,0,0,Annotations/YOLO/IMG0000494.txt,hand|no_fracture,False
fracatlas,fracatlas/FracAtlas,images/Non_fractured/IMG0000495.jpg,IMG0000495,no_fracture,g488,train,none,488,-1,,False,f175717131333199,hand,frontal,0,0,Annotations/YOLO/IMG0000495.txt,hand|no_fracture,False
fracatlas,fracatlas/FracAtlas,images/Non_fractured/IMG0000496.jpg,IMG0000496,no_fracture,g489,train,none,489,-1,,False,767431313a726373,hand,lateral,0,0,Annotations/YOLO/IMG0000496.txt,hand|no_fracture,False
fracatlas,fracatlas/FracAtlas,images/Non_fractured/IMG0000497.jpg,IMG0000497,no_fracture,g490,train,none,490,-1,,False,64db60db4cd93199,leg,frontal,0,0,Annotations/YOLO/IMG0000497.txt,leg|no_fracture,False
fracatlas,fracatlas/FracAtlas,images/Non_fractured/IMG0000498.jpg,IMG0000498,no_fracture,g491,train,none,491,-1,,False,18b36e4893bc09fb,leg,lateral,0,0,Annotations/YOLO/IMG0000498.txt,leg|no_fracture,False
fracatlas,fracatlas/FracAtlas,images/Non_fractured/IMG0000499.jpg,IMG0000499,no_fracture,g492,val,none,492,-1,,False,494e6c4eccd99999,leg,frontal,0,0,Annotations/YOLO/IMG0000499.txt,leg|no_fracture,False
fracatlas,fracatlas/FracAtlas,images/Non_fractured/IMG0000500.jpg,IMG0000500,no_fracture,g493,test,none,493,-1,,True,a92d246d6c6d49d9,leg,oblique,0,0,Annotations/YOLO/IMG0000500.txt,leg|no_fracture,False
fracatlas,fracatlas/FracAtlas,images/Non_fractured/IMG0000502.jpg,IMG0000502,no_fracture,g494,train,none,494,-1,,False,29496529d9de19e9,hip,frontal,0,0,Annotations/YOLO/IMG0000502.txt,hip|no_fracture,False
fracatlas,fracatlas/FracAtlas,images/Non_fractured/IMG0000503.jpg,IMG0000503,no_fracture,g495,train,none,495,-1,,False,4863497bc959d999,leg,frontal,0,0,Annotations/YOLO/IMG0000503.txt,leg|no_fracture,False
fracatlas,fracatlas/FracAtlas,images/Non_fractured/IMG0000504.jpg,IMG0000504,no_fracture,g496,train,none,496,-1,,False,18022e5933fe49fb,leg,lateral,0,0,Annotations/YOLO/IMG0000504.txt,leg|no_fracture,False
fracatlas,fracatlas/FracAtlas,images/Non_fractured/IMG0000505.jpg,IMG0000505,no_fracture,g497,train,none,497,-1,,False,3d49d99bb9894949,leg,frontal,0,0,Annotations/YOLO/IMG0000505.txt,leg|no_fracture,False
fracatlas,fracatlas/FracAtlas,images/Non_fractured/IMG0000506.jpg,IMG0000506,no_fracture,g498,train,none,498,-1,,False,64cd2d993ace6499,leg,lateral,0,0,Annotations/YOLO/IMG0000506.txt,leg|no_fracture,False
fracatlas,fracatlas/FracAtlas,images/Non_fractured/IMG0000507.jpg,IMG0000507,no_fracture,g347,dropped,none,347,-1,duplicate_of:IMG0000349,False,595919b331d95999,leg,frontal,0,0,Annotations/YOLO/IMG0000507.txt,leg|no_fracture,False
fracatlas,fracatlas/FracAtlas,images/Non_fractured/IMG0000508.jpg,IMG0000508,no_fracture,g500,val,none,500,-1,,False,e3f92e43992c6949,leg,lateral,0,0,Annotations/YOLO/IMG0000508.txt,leg|no_fracture,False
fracatlas,fracatlas/FracAtlas,images/Non_fractured/IMG0000509.jpg,IMG0000509,no_fracture,g501,cal,none,501,-1,,False,301b98dbcccf3133,leg,frontal,0,0,Annotations/YOLO/IMG0000509.txt,leg|no_fracture,False
fracatlas,fracatlas/FracAtlas,images/Non_fractured/IMG0000510.jpg,IMG0000510,no_fracture,g61,dropped,none,61,-1,duplicate_of:IMG0000061,False,d1d995b5a4252dc9,leg,oblique,0,0,Annotations/YOLO/IMG0000510.txt,leg|no_fracture,False
fracatlas,fracatlas/FracAtlas,images/Non_fractured/IMG0000511.jpg,IMG0000511,no_fracture,g503,train,none,503,-1,,False,09e38cc78ec5c755,hand,frontal,0,0,Annotations/YOLO/IMG0000511.txt,hand|no_fracture,False
fracatlas,fracatlas/FracAtlas,images/Non_fractured/IMG0000512.jpg,IMG0000512,no_fracture,g504,cal,none,504,-1,,False,4455393aaa777155,hand,lateral,0,0,Annotations/YOLO/IMG0000512.txt,hand|no_fracture,False
fracatlas,fracatlas/FracAtlas,images/Non_fractured/IMG0000513.jpg,IMG0000513,no_fracture,g505,train,none,505,-1,,False,386040c7c7676777,hand,frontal,0,0,Annotations/YOLO/IMG0000513.txt,hand|no_fracture,False
fracatlas,fracatlas/FracAtlas,images/Non_fractured/IMG0000514.jpg,IMG0000514,no_fracture,g506,test,none,506,-1,,True,416bdeeb50a95855,hand,frontal,0,0,Annotations/YOLO/IMG0000514.txt,hand|no_fracture,False
fracatlas,fracatlas/FracAtlas,images/Non_fractured/IMG0000515.jpg,IMG0000515,no_fracture,g507,train,none,507,-1,,False,0c81c0b33a7bdbd3,mixed,lateral,0,0,Annotations/YOLO/IMG0000515.txt,mixed|no_fracture,False
fracatlas,fracatlas/FracAtlas,images/Non_fractured/IMG0000516.jpg,IMG0000516,no_fracture,g508,train,none,508,-1,,False,ad2d396d4d494999,leg,frontal,0,0,Annotations/YOLO/IMG0000516.txt,leg|no_fracture,False
fracatlas,fracatlas/FracAtlas,images/Non_fractured/IMG0000517.jpg,IMG0000517,no_fracture,g509,train,none,509,-1,,False,10072c5b97bcad6d,leg,lateral,0,0,Annotations/YOLO/IMG0000517.txt,leg|no_fracture,False
fracatlas,fracatlas/FracAtlas,images/Non_fractured/IMG0000518.jpg,IMG0000518,no_fracture,g510,val,none,510,-1,,False,4ab94acd48b97a99,leg,frontal,0,0,Annotations/YOLO/IMG0000518.txt,leg|no_fracture,False
fracatlas,fracatlas/FracAtlas,images/Non_fractured/IMG0000519.jpg,IMG0000519,no_fracture,g511,train,none,511,-1,,False,cdc80b51c9dd9955,hand,frontal,0,0,Annotations/YOLO/IMG0000519.txt,hand|no_fracture,False
fracatlas,fracatlas/FracAtlas,images/Non_fractured/IMG0000520.jpg,IMG0000520,no_fracture,g512,val,none,512,-1,,False,59448b99cb55d955,hand,frontal,0,0,Annotations/YOLO/IMG0000520.txt,hand|no_fracture,False
fracatlas,fracatlas/FracAtlas,images/Non_fractured/IMG0000521.jpg,IMG0000521,no_fracture,g513,train,none,513,-1,,False,391cccd13429f1eb,hip,frontal,0,0,Annotations/YOLO/IMG0000521.txt,hip|no_fracture,False
fracatlas,fracatlas/FracAtlas,images/Non_fractured/IMG0000522.jpg,IMG0000522,no_fracture,g514,train,none,514,-1,,False,9251196e7abe10eb,hip,frontal,0,0,Annotations/YOLO/IMG0000522.txt,hip|no_fracture,False
fracatlas,fracatlas/FracAtlas,images/Non_fractured/IMG0000523.jpg,IMG0000523,no_fracture,g515,train,none,515,-1,,False,47505750c7c7e077,hand,frontal,0,0,Annotations/YOLO/IMG0000523.txt,hand|no_fracture,False
fracatlas,fracatlas/FracAtlas,images/Non_fractured/IMG0000524.jpg,IMG0000524,no_fracture,g516,train,none,516,-1,,False,a27553958acbc355,hand,lateral,0,0,Annotations/YOLO/IMG0000524.txt,hand|no_fracture,False
fracatlas,fracatlas/FracAtlas,images/Non_fractured/IMG0000525.jpg,IMG0000525,no_fracture,g517,train,none,517,-1,,False,e6e7906362639999,leg,frontal,0,0,Annotations/YOLO/IMG0000525.txt,leg|no_fracture,False
fracatlas,fracatlas/FracAtlas,images/Non_fractured/IMG0000526.jpg,IMG0000526,no_fracture,g518,test,none,518,-1,,True,e071783c1ecf0733,leg,oblique,0,0,Annotations/YOLO/IMG0000526.txt,leg|no_fracture,False
fracatlas,fracatlas/FracAtlas,images/Non_fractured/IMG0000527.jpg,IMG0000527,no_fracture,g519,test,none,519,-1,,True,66b16d9939394999,leg,frontal,0,0,Annotations/YOLO/IMG0000527.txt,leg|no_fracture,False
fracatlas,fracatlas/FracAtlas,images/Non_fractured/IMG0000528.jpg,IMG0000528,no_fracture,g520,train,none,520,-1,,False,253acd6219c4f3f1,leg,lateral,0,0,Annotations/YOLO/IMG0000528.txt,leg|no_fracture,False
fracatlas,fracatlas/FracAtlas,images/Non_fractured/IMG0000529.jpg,IMG0000529,no_fracture,g521,train,none,521,-1,,False,7733a173e7048e07,mixed,frontal,0,0,Annotations/YOLO/IMG0000529.txt,mixed|no_fracture,False
fracatlas,fracatlas/FracAtlas,images/Non_fractured/IMG0000530.jpg,IMG0000530,no_fracture,g522,train,none,522,-1,,False,b2a7a926ccccf2a1,mixed,frontal,0,0,Annotations/YOLO/IMG0000530.txt,mixed|no_fracture,False
fracatlas,fracatlas/FracAtlas,images/Non_fractured/IMG0000531.jpg,IMG0000531,no_fracture,g523,cal,none,523,-1,,False,5e564cd6b42d5255,shoulder,frontal,0,0,Annotations/YOLO/IMG0000531.txt,shoulder|no_fracture,False
fracatlas,fracatlas/FracAtlas,images/Non_fractured/IMG0000532.jpg,IMG0000532,no_fracture,g524,train,none,524,-1,,False,9bd6991b8a96d289,mixed,frontal,0,0,Annotations/YOLO/IMG0000532.txt,mixed|no_fracture,False
fracatlas,fracatlas/FracAtlas,images/Non_fractured/IMG0000533.jpg,IMG0000533,no_fracture,g525,cal,none,525,-1,,False,4cd99999d9cc3133,leg,frontal,0,0,Annotations/YOLO/IMG0000533.txt,leg|no_fracture,False
fracatlas,fracatlas/FracAtlas,images/Non_fractured/IMG0000534.jpg,IMG0000534,no_fracture,g313,dropped,none,313,-1,duplicate_of:IMG0000314,False,316b6c4d4ccd9999,leg,oblique,0,0,Annotations/YOLO/IMG0000534.txt,leg|no_fracture,False
fracatlas,fracatlas/FracAtlas,images/Non_fractured/IMG0000535.jpg,IMG0000535,no_fracture,g527,train,none,527,-1,,False,0535a3b3f50f6913,mixed,frontal,0,0,Annotations/YOLO/IMG0000535.txt,mixed|no_fracture,False
fracatlas,fracatlas/FracAtlas,images/Non_fractured/IMG0000536.jpg,IMG0000536,no_fracture,g528,train,none,528,-1,,False,7574e0d364980df3,mixed,frontal,0,0,Annotations/YOLO/IMG0000536.txt,mixed|no_fracture,False
fracatlas,fracatlas/FracAtlas,images/Non_fractured/IMG0000537.jpg,IMG0000537,no_fracture,g529,train,none,529,-1,,False,2363c3cbc9c99999,hand,frontal,0,0,Annotations/YOLO/IMG0000537.txt,hand|no_fracture,False
fracatlas,fracatlas/FracAtlas,images/Non_fractured/IMG0000538.jpg,IMG0000538,no_fracture,g530,train,none,530,-1,,False,d87dd0db889d9033,hand,oblique,0,0,Annotations/YOLO/IMG0000538.txt,hand|no_fracture,False
fracatlas,fracatlas/FracAtlas,images/Non_fractured/IMG0000539.jpg,IMG0000539,no_fracture,g531,train,none,531,-1,,False,fef9c0c1060b0f9b,leg,frontal,0,0,Annotations/YOLO/IMG0000539.txt,leg|no_fracture,False
fracatlas,fracatlas/FracAtlas,images/Non_fractured/IMG0000540.jpg,IMG0000540,no_fracture,g532,train,none,532,-1,,False,4c1bb6ad59436d45,leg,lateral,0,0,Annotations/YOLO/IMG0000540.txt,leg|no_fracture,False
fracatlas,fracatlas/FracAtlas,images/Non_fractured/IMG0000541.jpg,IMG0000541,no_fracture,g533,train,none,533,-1,,False,c29d9683d8dc0f4d,hand,frontal,0,0,Annotations/YOLO/IMG0000541.txt,hand|no_fracture,False
fracatlas,fracatlas/FracAtlas,images/Non_fractured/IMG0000542.jpg,IMG0000542,no_fracture,g534,train,none,534,-1,,False,594979d949c95999,leg,frontal,0,0,Annotations/YOLO/IMG0000542.txt,leg|no_fracture,False
fracatlas,fracatlas/FracAtlas,images/Non_fractured/IMG0000543.jpg,IMG0000543,no_fracture,g535,train,none,535,-1,,False,2380ce85e3c7e373,hand,frontal,0,0,Annotations/YOLO/IMG0000543.txt,hand|no_fracture,False
fracatlas,fracatlas/FracAtlas,images/Non_fractured/IMG0000544.jpg,IMG0000544,no_fracture,g536,train,none,536,-1,,False,70cf8c3360cf7073,hand,lateral,0,0,Annotations/YOLO/IMG0000544.txt,hand|no_fracture,False
fracatlas,fracatlas/FracAtlas,images/Non_fractured/IMG0000545.jpg,IMG0000545,no_fracture,g537,test,none,537,-1,,True,a972a9e5198e58e9,hip,frontal,0,0,Annotations/YOLO/IMG0000545.txt,hip|no_fracture,False
fracatlas,fracatlas/FracAtlas,images/Non_fractured/IMG0000546.jpg,IMG0000546,no_fracture,g538,cal,none,538,-1,,False,ce3bd93409c619e9,hip,frontal,0,0,Annotations/YOLO/IMG0000546.txt,hip|no_fracture,False
fracatlas,fracatlas/FracAtlas,images/Non_fractured/IMG0000547.jpg,IMG0000547,no_fracture,g539,train,none,539,-1,,False,c2e6a5376a85cd19,mixed,frontal,0,0,Annotations/YOLO/IMG0000547.txt,mixed|no_fracture,False
fracatlas,fracatlas/FracAtlas,images/Non_fractured/IMG0000548.jpg,IMG0000548,no_fracture,g540,val,none,540,-1,,False,30d68e6566e68d71,mixed,frontal,0,0,Annotations/YOLO/IMG0000548.txt,mixed|no_fracture,False
fracatlas,fracatlas/FracAtlas,images/Non_fractured/IMG0000549.jpg,IMG0000549,no_fracture,g541,train,none,541,-1,,False,5c4baaaa3165cd39,leg,oblique,0,0,Annotations/YOLO/IMG0000549.txt,leg|no_fracture,False
fracatlas,fracatlas/FracAtlas,images/Non_fractured/IMG0000550.jpg,IMG0000550,no_fracture,g542,test,none,542,-1,,True,064dacaa4e76a9b9,hip,frontal,0,0,Annotations/YOLO/IMG0000550.txt,hip|no_fracture,False
fracatlas,fracatlas/FracAtlas,images/Non_fractured/IMG0000551.jpg,IMG0000551,no_fracture,g543,test,none,543,-1,,True,2ea9a82a0ef6a9b9,hip,frontal,0,0,Annotations/YOLO/IMG0000551.txt,hip|no_fracture,False
fracatlas,fracatlas/FracAtlas,images/Non_fractured/IMG0000552.jpg,IMG0000552,no_fracture,g544,train,none,544,-1,,False,5129077987d77907,leg,frontal,0,0,Annotations/YOLO/IMG0000552.txt,leg|no_fracture,False
fracatlas,fracatlas/FracAtlas,images/Non_fractured/IMG0000553.jpg,IMG0000553,no_fracture,g545,train,none,545,-1,,False,5353539999933333,leg,frontal,0,0,Annotations/YOLO/IMG0000553.txt,leg|no_fracture,False
fracatlas,fracatlas/FracAtlas,images/Non_fractured/IMG0000554.jpg,IMG0000554,no_fracture,g546,train,none,546,-1,,False,0711b75b191959db,leg,lateral,0,0,Annotations/YOLO/IMG0000554.txt,leg|no_fracture,False
fracatlas,fracatlas/FracAtlas,images/Non_fractured/IMG0000555.jpg,IMG0000555,no_fracture,g547,test,none,547,-1,,True,3439696d6c4d9999,leg,frontal,0,0,Annotations/YOLO/IMG0000555.txt,leg|no_fracture,False
fracatlas,fracatlas/FracAtlas,images/Non_fractured/IMG0000556.jpg,IMG0000556,no_fracture,g548,test,none,548,-1,,True,4a5b9296b465ad99,leg,oblique,0,0,Annotations/YOLO/IMG0000556.txt,leg|no_fracture,False
fracatlas,fracatlas/FracAtlas,images/Non_fractured/IMG0000557.jpg,IMG0000557,no_fracture,g549,train,none,549,-1,,False,5949cccdccc99999,leg,frontal,0,0,Annotations/YOLO/IMG0000557.txt,leg|no_fracture,False
fracatlas,fracatlas/FracAtlas,images/Non_fractured/IMG0000558.jpg,IMG0000558,no_fracture,g550,val,none,550,-1,,False,2333e36363633371,hand,frontal,0,0,Annotations/YOLO/IMG0000558.txt,hand|no_fracture,False
fracatlas,fracatlas/FracAtlas,images/Non_fractured/IMG0000559.jpg,IMG0000559,no_fracture,g551,cal,none,551,-1,,False,63232363e3636373,hand,oblique,0,0,Annotations/YOLO/IMG0000559.txt,hand|no_fracture,False
fracatlas,fracatlas/FracAtlas,images/Non_fractured/IMG0000560.jpg,IMG0000560,no_fracture,g552,train,none,552,-1,,False,44c293c3e3677333,hand,frontal,0,0,Annotations/YOLO/IMG0000560.txt,hand|no_fracture,False
fracatlas,fracatlas/FracAtlas,images/Non_fractured/IMG0000561.jpg,IMG0000561,no_fracture,g553,val,none,553,-1,,False,043133f3ccc57373,hand,oblique,0,0,Annotations/YOLO/IMG0000561.txt,hand|no_fracture,False
fracatlas,fracatlas/FracAtlas,images/Non_fractured/IMG0000562.jpg,IMG0000562,no_fracture,g554,cal,none,554,-1,,False,9891736366673333,hand,oblique,0,0,Annotations/YOLO/IMG0000562.txt,hand|no_fracture,False
fracatlas,fracatlas/FracAtlas,images/Non_fractured/IMG0000563.jpg,IMG0000563,no_fracture,g555,cal,none,555,-1,,False,82c06373e3c76373,hand,frontal,0,0,Annotations/YOLO/IMG0000563.txt,hand|no_fracture,False
fracatlas,fracatlas/FracAtlas,images/Non_fractured/IMG0000564.jpg,IMG0000564,no_fracture,g556,test,none,556,-1,,True,66663b9933673311,hand,lateral,0,0,Annotations/YOLO/IMG0000564.txt,hand|no_fracture,False
fracatlas,fracatlas/FracAtlas,images/Non_fractured/IMG0000565.jpg,IMG0000565,no_fracture,g557,test,none,557,-1,,True,99994d6c4cd99999,leg,frontal,0,0,Annotations/YOLO/IMG0000565.txt,leg|no_fracture,False
fracatlas,fracatlas/FracAtlas,images/Non_fractured/IMG0000566.jpg,IMG0000566,no_fracture,g558,train,none,558,-1,,False,6a4a5a56d4755595,leg,oblique,0,0,Annotations/YOLO/IMG0000566.txt,leg|no_fracture,False
fracatlas,fracatlas/FracAtlas,images/Non_fractured/IMG0000567.jpg,IMG0000567,no_fracture,g559,test,none,559,-1,,True,8d33a79c336d4949,hand,frontal,0,0,Annotations/YOLO/IMG0000567.txt,hand|no_fracture,False
fracatlas,fracatlas/FracAtlas,images/Non_fractured/IMG0000568.jpg,IMG0000568,no_fracture,g560,train,none,560,-1,,False,656c0c0dcdc9e3e3,hand,lateral,0,0,Annotations/YOLO/IMG0000568.txt,hand|no_fracture,False
fracatlas,fracatlas/FracAtlas,images/Non_fractured/IMG0000569.jpg,IMG0000569,no_fracture,g561,test,none,561,-1,,True,99cdc999cc31c999,leg,frontal,0,0,Annotations/YOLO/IMG0000569.txt,leg|no_fracture,False
fracatlas,fracatlas/FracAtlas,images/Non_fractured/IMG0000570.jpg,IMG0000570,no_fracture,g562,train,none,562,-1,,False,058d9901df4949ff,leg,lateral,0,0,Annotations/YOLO/IMG0000570.txt,leg|no_fracture,False
fracatlas,fracatlas/FracAtlas,images/Non_fractured/IMG0000571.jpg,IMG0000571,no_fracture,g563,val,none,563,-1,,False,1949c9c9d9d99999,hand,frontal,0,0,Annotations/YOLO/IMG0000571.txt,hand|no_fracture,False
fracatlas,fracatlas/FracAtlas,images/Non_fractured/IMG0000572.jpg,IMG0000572,no_fracture,g564,train,none,564,-1,,False,a555aa9a2ab6554d,hand,lateral,0,0,Annotations/YOLO/IMG0000572.txt,hand|no_fracture,False
fracatlas,fracatlas/FracAtlas,images/Non_fractured/IMG0000573.jpg,IMG0000573,no_fracture,g565,val,none,565,-1,,False,d9d99b119951bb11,leg,frontal,0,0,Annotations/YOLO/IMG0000573.txt,leg|no_fracture,False
fracatlas,fracatlas/FracAtlas,images/Non_fractured/IMG0000574.jpg,IMG0000574,no_fracture,g566,cal,none,566,-1,,False,93978709092d49ff,leg,lateral,0,0,Annotations/YOLO/IMG0000574.txt,leg|no_fracture,False
fracatlas,fracatlas/FracAtlas,images/Non_fractured/IMG0000575.jpg,IMG0000575,no_fracture,g567,val,none,567,-1,,False,a6c1abe165e96169,leg,frontal,0,0,Annotations/YOLO/IMG0000575.txt,leg|no_fracture,False
fracatlas,fracatlas/FracAtlas,images/Non_fractured/IMG0000576.jpg,IMG0000576,no_fracture,g568,train,none,568,-1,,False,8180c6e3e7e76333,hand,frontal,0,0,Annotations/YOLO/IMG0000576.txt,hand|no_fracture,False
fracatlas,fracatlas/FracAtlas,images/Non_fractured/IMG0000577.jpg,IMG0000577,no_fracture,g569,train,none,569,-1,,False,869571392ae6e3e1,hand,lateral,0,0,Annotations/YOLO/IMG0000577.txt,hand|no_fracture,False
fracatlas,fracatlas/FracAtlas,images/Non_fractured/IMG0000578.jpg,IMG0000578,no_fracture,g570,cal,none,570,-1,,False,8ce532cd72b38c33,leg,frontal,0,0,Annotations/YOLO/IMG0000578.txt,leg|no_fracture,False
fracatlas,fracatlas/FracAtlas,images/Non_fractured/IMG0000579.jpg,IMG0000579,no_fracture,g571,train,none,571,-1,,False,b66b86866306e3e3,leg,lateral,0,0,Annotations/YOLO/IMG0000579.txt,leg|no_fracture,False
fracatlas,fracatlas/FracAtlas,images/Non_fractured/IMG0000580.jpg,IMG0000580,no_fracture,g572,train,none,572,-1,,False,c03984fb0fc1d89f,hand,lateral,0,0,Annotations/YOLO/IMG0000580.txt,hand|no_fracture,False
fracatlas,fracatlas/FracAtlas,images/Non_fractured/IMG0000581.jpg,IMG0000581,no_fracture,g573,train,none,573,-1,,False,aa4a4a5646d5a5f5,hand,lateral,0,0,Annotations/YOLO/IMG0000581.txt,hand|no_fracture,False
fracatlas,fracatlas/FracAtlas,images/Non_fractured/IMG0000582.jpg,IMG0000582,no_fracture,g574,val,none,574,-1,,False,3f807c03fc17286f,hand,frontal,0,0,Annotations/YOLO/IMG0000582.txt,hand|no_fracture,False
fracatlas,fracatlas/FracAtlas,images/Non_fractured/IMG0000583.jpg,IMG0000583,no_fracture,g575,train,none,575,-1,,False,c87bc859c93bc919,leg,frontal,0,0,Annotations/YOLO/IMG0000583.txt,leg|no_fracture,False
fracatlas,fracatlas/FracAtlas,images/Non_fractured/IMG0000584.jpg,IMG0000584,no_fracture,g576,train,none,576,-1,,False,59b6a76988acad29,leg,lateral,0,0,Annotations/YOLO/IMG0000584.txt,leg|no_fracture,False
fracatlas,fracatlas/FracAtlas,images/Non_fractured/IMG0000585.jpg,IMG0000585,no_fracture,g577,val,none,577,-1,,False,d31bd33333199919,leg,frontal,0,0,Annotations/YOLO/IMG0000585.txt,leg|no_fracture,False
fracatlas,fracatlas/FracAtlas,images/Non_fractured/IMG0000586.jpg,IMG0000586,no_fracture,g578,test,none,578,-1,,True,41b0a6d3b1b0d9db,leg,lateral,0,0,Annotations/YOLO/IMG0000586.txt,leg|no_fracture,False
fracatlas,fracatlas/FracAtlas,images/Non_fractured/IMG0000587.jpg,IMG0000587,no_fracture,g579,train,none,579,-1,,False,cc3311cc33cf6633,leg,frontal,0,0,Annotations/YOLO/IMG0000587.txt,leg|no_fracture,False
fracatlas,fracatlas/FracAtlas,images/Non_fractured/IMG0000588.jpg,IMG0000588,no_fracture,g580,val,none,580,-1,,False,769948b6999d3331,leg,lateral,0,0,Annotations/YOLO/IMG0000588.txt,leg|no_fracture,False
fracatlas,fracatlas/FracAtlas,images/Non_fractured/IMG0000589.jpg,IMG0000589,no_fracture,g581,val,none,581,-1,,False,09686f6d6c6599c9,hand,frontal,0,0,Annotations/YOLO/IMG0000589.txt,hand|no_fracture,False
fracatlas,fracatlas/FracAtlas,images/Non_fractured/IMG0000590.jpg,IMG0000590,no_fracture,g582,train,none,582,-1,,False,2da9ebba0e8683c3,hand,lateral,0,0,Annotations/YOLO/IMG0000590.txt,hand|no_fracture,False
fracatlas,fracatlas/FracAtlas,images/Non_fractured/IMG0000591.jpg,IMG0000591,no_fracture,g583,train,none,583,-1,,False,629b62b362b36999,leg,frontal,0,0,Annotations/YOLO/IMG0000591.txt,leg|no_fracture,False
fracatlas,fracatlas/FracAtlas,images/Non_fractured/IMG0000592.jpg,IMG0000592,no_fracture,g584,train,none,584,-1,,False,b02e6f53004c59ff,leg,lateral,0,0,Annotations/YOLO/IMG0000592.txt,leg|no_fracture,False
fracatlas,fracatlas/FracAtlas,images/Non_fractured/IMG0000593.jpg,IMG0000593,no_fracture,g585,test,none,585,-1,,True,2da9a9e92d6d2949,leg,frontal,0,0,Annotations/YOLO/IMG0000593.txt,leg|no_fracture,False
fracatlas,fracatlas/FracAtlas,images/Non_fractured/IMG0000594.jpg,IMG0000594,no_fracture,g586,cal,none,586,-1,,False,e8c3f45d03f60707,leg,lateral,0,0,Annotations/YOLO/IMG0000594.txt,leg|no_fracture,False
fracatlas,fracatlas/FracAtlas,images/Non_fractured/IMG0000595.jpg,IMG0000595,no_fracture,g587,train,none,587,-1,,False,ed2929694d69c999,leg,frontal,0,0,Annotations/YOLO/IMG0000595.txt,leg|no_fracture,False
fracatlas,fracatlas/FracAtlas,images/Non_fractured/IMG0000596.jpg,IMG0000596,no_fracture,g588,train,none,588,-1,,False,0190b66b49fc29ef,leg,lateral,0,0,Annotations/YOLO/IMG0000596.txt,leg|no_fracture,False
fracatlas,fracatlas/FracAtlas,images/Non_fractured/IMG0000597.jpg,IMG0000597,no_fracture,g589,train,none,589,-1,,False,03632363f3637333,hand,frontal,0,0,Annotations/YOLO/IMG0000597.txt,hand|no_fracture,False
fracatlas,fracatlas/FracAtlas,images/Non_fractured/IMG0000598.jpg,IMG0000598,no_fracture,g590,test,none,590,-1,,True,3175e5b131c56173,hand,lateral,0,0,Annotations/YOLO/IMG0000598.txt,hand|no_fracture,False
fracatlas,fracatlas/FracAtlas,images/Fractured/IMG0000599.jpg,IMG0000599,fracture,g591,cal,train,591,-1,,False,caea6b49496d6949,hand,frontal,0,1,Annotations/YOLO/IMG0000599.txt,hand|fracture,False
fracatlas,fracatlas/FracAtlas,images/Fractured/IMG0000600.jpg,IMG0000600,fracture,g592,cal,train,592,-1,,False,58ffb2cf48274849,hand,lateral,0,1,Annotations/YOLO/IMG0000600.txt,hand|fracture,False
fracatlas,fracatlas/FracAtlas,images/Non_fractured/IMG0000601.jpg,IMG0000601,no_fracture,g593,train,none,593,-1,,False,2181c1e3e3c7e3e3,hand,frontal,0,0,Annotations/YOLO/IMG0000601.txt,hand|no_fracture,False
fracatlas,fracatlas/FracAtlas,images/Non_fractured/IMG0000602.jpg,IMG0000602,no_fracture,g594,val,none,594,-1,,False,31e38d0763c7c363,hand,lateral,0,0,Annotations/YOLO/IMG0000602.txt,hand|no_fracture,False
fracatlas,fracatlas/FracAtlas,images/Non_fractured/IMG0000603.jpg,IMG0000603,no_fracture,g595,train,none,595,-1,,False,a4e3aca69ccd36a1,mixed,frontal,0,0,Annotations/YOLO/IMG0000603.txt,mixed|no_fracture,False
fracatlas,fracatlas/FracAtlas,images/Non_fractured/IMG0000604.jpg,IMG0000604,no_fracture,g596,cal,none,596,-1,,False,ca1df27206b5ca65,mixed,frontal,0,0,Annotations/YOLO/IMG0000604.txt,mixed|no_fracture,False
fracatlas,fracatlas/FracAtlas,images/Non_fractured/IMG0000605.jpg,IMG0000605,no_fracture,g597,val,none,597,-1,,False,595b0c8ce6e6d80f,mixed,frontal,0,0,Annotations/YOLO/IMG0000605.txt,mixed|no_fracture,False
fracatlas,fracatlas/FracAtlas,images/Non_fractured/IMG0000606.jpg,IMG0000606,no_fracture,g598,test,none,598,-1,,True,07443e3e0ce77c17,shoulder,frontal,0,0,Annotations/YOLO/IMG0000606.txt,shoulder|no_fracture,False
fracatlas,fracatlas/FracAtlas,images/Non_fractured/IMG0000607.jpg,IMG0000607,no_fracture,g599,train,none,599,-1,,False,607b486f4ccd9999,leg,frontal,0,0,Annotations/YOLO/IMG0000607.txt,leg|no_fracture,False
fracatlas,fracatlas/FracAtlas,images/Non_fractured/IMG0000608.jpg,IMG0000608,no_fracture,g600,test,none,600,-1,,True,5295b4b5646d29b9,leg,oblique,0,0,Annotations/YOLO/IMG0000608.txt,leg|no_fracture,False
fracatlas,fracatlas/FracAtlas,images/Non_fractured/IMG0000610.jpg,IMG0000610,no_fracture,g601,train,none,601,-1,,False,e9696949c9c99999,hand,frontal,0,0,Annotations/YOLO/IMG0000610.txt,hand|no_fracture,False
fracatlas,fracatlas/FracAtlas,images/Non_fractured/IMG0000611.jpg,IMG0000611,no_fracture,g602,train,none,602,-1,,False,d6e4494b526c696d,hand,lateral,0,0,Annotations/YOLO/IMG0000611.txt,hand|no_fracture,False
fracatlas,fracatlas/FracAtlas,images/Non_fractured/IMG0000612.jpg,IMG0000612,no_fracture,g603,train,none,603,-1,,False,e63332b3e0673233,leg,frontal,0,0,Annotations/YOLO/IMG0000612.txt,leg|no_fracture,False
fracatlas,fracatlas/FracAtlas,images/Non_fractured/IMG0000613.jpg,IMG0000613,no_fracture,g604,train,none,604,-1,,False,301398dbc89f91bb,leg,frontal,0,0,Annotations/YOLO/IMG0000613.txt,leg|no_fracture,False
fracatlas,fracatlas/FracAtlas,images/Non_fractured/IMG0000614.jpg,IMG0000614,no_fracture,g605,train,none,605,-1,,False,1d85c3971993e333,leg,frontal,0,0,Annotations/YOLO/IMG0000614.txt,leg|no_fracture,False
fracatlas,fracatlas/FracAtlas,images/Non_fractured/IMG0000615.jpg,IMG0000615,no_fracture,g606,cal,none,606,-1,,False,2040dbb378d899fb,leg,lateral,0,0,Annotations/YOLO/IMG0000615.txt,leg|no_fracture,False
fracatlas,fracatlas/FracAtlas,images/Non_fractured/IMG0000616.jpg,IMG0000616,no_fracture,g607,val,none,607,-1,,False,1b9b49646d599999,leg,frontal,0,0,Annotations/YOLO/IMG0000616.txt,leg|no_fracture,False
fracatlas,fracatlas/FracAtlas,images/Non_fractured/IMG0000617.jpg,IMG0000617,no_fracture,g608,train,none,608,-1,,False,2d91d949cd959999,leg,lateral,0,0,Annotations/YOLO/IMG0000617.txt,leg|no_fracture,False
fracatlas,fracatlas/FracAtlas,images/Non_fractured/IMG0000618.jpg,IMG0000618,no_fracture,g609,test,none,609,-1,,True,c0df0033d8cf999b,hand,frontal,0,0,Annotations/YOLO/IMG0000618.txt,hand|no_fracture,False
fracatlas,fracatlas/FracAtlas,images/Non_fractured/IMG0000619.jpg,IMG0000619,no_fracture,g610,val,none,610,-1,,False,686cebc9496f4949,hand,oblique,0,0,Annotations/YOLO/IMG0000619.txt,hand|no_fracture,False
fracatlas,fracatlas/FracAtlas,images/Non_fractured/IMG0000620.jpg,IMG0000620,no_fracture,g611,train,none,611,-1,,False,6165e53149cdd999,hand,frontal,0,0,Annotations/YOLO/IMG0000620.txt,hand|no_fracture,False
fracatlas,fracatlas/FracAtlas,images/Non_fractured/IMG0000621.jpg,IMG0000621,no_fracture,g612,train,none,612,-1,,False,829d483fd86d49d9,hand,lateral,0,0,Annotations/YOLO/IMG0000621.txt,hand|no_fracture,False
fracatlas,fracatlas/FracAtlas,images/Non_fractured/IMG0000622.jpg,IMG0000622,no_fracture,g613,cal,none,613,-1,,False,e07926c7b28dc2ad,leg,frontal,0,0,Annotations/YOLO/IMG0000622.txt,leg|no_fracture,False
fracatlas,fracatlas/FracAtlas,images/Non_fractured/IMG0000623.jpg,IMG0000623,no_fracture,g614,cal,none,614,-1,,False,2869696da5b59665,mixed,frontal,0,0,Annotations/YOLO/IMG0000623.txt,mixed|no_fracture,False
fracatlas,fracatlas/FracAtlas,images/Non_fractured/IMG0000624.jpg,IMG0000624,no_fracture,g615,train,none,615,-1,,False,9a9ea56563795059,mixed,frontal,0,0,Annotations/YOLO/IMG0000624.txt,mixed|no_fracture,False
fracatlas,fracatlas/FracAtlas,images/Non_fractured/IMG0000625.jpg,IMG0000625,no_fracture,g616,train,none,616,-1,,False,fe0700c1ee4760f7,hand,frontal,0,0,Annotations/YOLO/IMG0000625.txt,hand|no_fracture,False
fracatlas,fracatlas/FracAtlas,images/Non_fractured/IMG0000626.jpg,IMG0000626,no_fracture,g617,train,none,617,-1,,False,fe03622710bf909f,hand,lateral,0,0,Annotations/YOLO/IMG0000626.txt,hand|no_fracture,False
fracatlas,fracatlas/FracAtlas,images/Non_fractured/IMG0000627.jpg,IMG0000627,no_fracture,g618,test,none,618,-1,,True,86c1733399937333,leg,frontal,0,0,Annotations/YOLO/IMG0000627.txt,leg|no_fracture,False
fracatlas,fracatlas/FracAtlas,images/Non_fractured/IMG0000628.jpg,IMG0000628,no_fracture,g619,train,none,619,-1,,False,48d4b72b58dc6969,leg,lateral,0,0,Annotations/YOLO/IMG0000628.txt,leg|no_fracture,False
fracatlas,fracatlas/FracAtlas,images/Non_fractured/IMG0000629.jpg,IMG0000629,no_fracture,g620,train,none,620,-1,,False,492d294d696d696d,hand,frontal,0,0,Annotations/YOLO/IMG0000629.txt,hand|no_fracture,False
fracatlas,fracatlas/FracAtlas,images/Non_fractured/IMG0000630.jpg,IMG0000630,no_fracture,g621,train,none,621,-1,,False,2896d24969d7696d,hand,lateral,0,0,Annotations/YOLO/IMG0000630.txt,hand|no_fracture,False
fracatlas,fracatlas/FracAtlas,images/Non_fractured/IMG0000631.jpg,IMG0000631,no_fracture,g622,train,none,622,-1,,False,9b86a361e1a579e1,leg,frontal,0,0,Annotations/YOLO/IMG0000631.txt,leg|no_fracture,False
fracatlas,fracatlas/FracAtlas,images/Non_fractured/IMG0000632.jpg,IMG0000632,no_fracture,g623,cal,none,623,-1,,False,4e6e593b49493999,leg,frontal,0,0,Annotations/YOLO/IMG0000632.txt,leg|no_fracture,False
fracatlas,fracatlas/FracAtlas,images/Non_fractured/IMG0000633.jpg,IMG0000633,no_fracture,g624,train,none,624,-1,,False,081e0623199e6fff,leg,lateral,0,0,Annotations/YOLO/IMG0000633.txt,leg|no_fracture,False
fracatlas,fracatlas/FracAtlas,images/Non_fractured/IMG0000634.jpg,IMG0000634,no_fracture,g625,train,none,625,-1,,False,236b0f8fa70b8761,leg,frontal,0,0,Annotations/YOLO/IMG0000634.txt,leg|no_fracture,False
fracatlas,fracatlas/FracAtlas,images/Non_fractured/IMG0000635.jpg,IMG0000635,no_fracture,g626,cal,none,626,-1,,False,49697149d9d95999,leg,frontal,0,0,Annotations/YOLO/IMG0000635.txt,leg|no_fracture,False
fracatlas,fracatlas/FracAtlas,images/Non_fractured/IMG0000636.jpg,IMG0000636,no_fracture,g627,train,none,627,-1,,False,072621599cbe49fb,leg,lateral,0,0,Annotations/YOLO/IMG0000636.txt,leg|no_fracture,False
fracatlas,fracatlas/FracAtlas,images/Non_fractured/IMG0000637.jpg,IMG0000637,no_fracture,g628,cal,none,628,-1,,False,21934d2793677333,leg,frontal,0,0,Annotations/YOLO/IMG0000637.txt,leg|no_fracture,False
fracatlas,fracatlas/FracAtlas,images/Non_fractured/IMG0000638.jpg,IMG0000638,no_fracture,g629,test,none,629,-1,,True,871d71c3473d3133,leg,lateral,0,0,Annotations/YOLO/IMG0000638.txt,leg|no_fracture,False
fracatlas,fracatlas/FracAtlas,images/Non_fractured/IMG0000639.jpg,IMG0000639,no_fracture,g630,train,none,630,-1,,False,b973383738736a09,leg,frontal,0,0,Annotations/YOLO/IMG0000639.txt,leg|no_fracture,False
fracatlas,fracatlas/FracAtlas,images/Non_fractured/IMG0000640.jpg,IMG0000640,no_fracture,g631,train,none,631,-1,,False,82c2c783c3c7e3e3,hand,frontal,0,0,Annotations/YOLO/IMG0000640.txt,hand|no_fracture,False
fracatlas,fracatlas/FracAtlas,images/Non_fractured/IMG0000641.jpg,IMG0000641,no_fracture,g632,test,none,632,-1,,True,982266d99967339b,hand,lateral,0,0,Annotations/YOLO/IMG0000641.txt,hand|no_fracture,False
fracatlas,fracatlas/FracAtlas,images/Non_fractured/IMG0000642.jpg,IMG0000642,no_fracture,g633,train,none,633,-1,,False,333bc61d33cc9893,leg,frontal,0,0,Annotations/YOLO/IMG0000642.txt,leg|no_fracture,False
fracatlas,fracatlas/FracAtlas,images/Non_fractured/IMG0000643.jpg,IMG0000643,no_fracture,g634,train,none,634,-1,,False,944bacd26964dad9,leg,lateral,0,0,Annotations/YOLO/IMG0000643.txt,leg|no_fracture,False
fracatlas,fracatlas/FracAtlas,images/Non_fractured/IMG0000644.jpg,IMG0000644,no_fracture,g635,train,none,635,-1,,False,21b3995939b39999,hand,frontal,0,0,Annotations/YOLO/IMG0000644.txt,hand|no_fracture,False
fracatlas,fracatlas/FracAtlas,images/Non_fractured/IMG0000645.jpg,IMG0000645,no_fracture,g636,train,none,636,-1,,False,23238b9b33679999,hand,lateral,0,0,Annotations/YOLO/IMG0000645.txt,hand|no_fracture,False
fracatlas,fracatlas/FracAtlas,images/Non_fractured/IMG0000646.jpg,IMG0000646,no_fracture,g637,train,none,637,-1,,False,6966b7d9492649c9,leg,frontal,0,0,Annotations/YOLO/IMG0000646.txt,leg|no_fracture,False
fracatlas,fracatlas/FracAtlas,images/Non_fractured/IMG0000647.jpg,IMG0000647,no_fracture,g638,train,none,638,-1,,False,596d165949db9919,leg,lateral,0,0,Annotations/YOLO/IMG0000647.txt,leg|no_fracture,False
fracatlas,fracatlas/FracAtlas,images/Non_fractured/IMG0000648.jpg,IMG0000648,no_fracture,g639,val,none,639,-1,,False,6565656579315999,leg,frontal,0,0,Annotations/YOLO/IMG0000648.txt,leg|no_fracture,False
fracatlas,fracatlas/FracAtlas,images/Non_fractured/IMG0000649.jpg,IMG0000649,no_fracture,g640,cal,none,640,-1,,False,e3d9064391b459db,leg,lateral,0,0,Annotations/YOLO/IMG0000649.txt,leg|no_fracture,False
fracatlas,fracatlas/FracAtlas,images/Non_fractured/IMG0000650.jpg,IMG0000650,no_fracture,g641,train,none,641,-1,,False,884bd933c9c3d333,leg,frontal,0,0,Annotations/YOLO/IMG0000650.txt,leg|no_fracture,False
fracatlas,fracatlas/FracAtlas,images/Non_fractured/IMG0000651.jpg,IMG0000651,no_fracture,g642,train,none,642,-1,,False,64b3c1db63334999,leg,oblique,0,0,Annotations/YOLO/IMG0000651.txt,leg|no_fracture,False
fracatlas,fracatlas/FracAtlas,images/Non_fractured/IMG0000652.jpg,IMG0000652,no_fracture,g643,test,none,643,-1,,True,3a9ec5333206e3e3,leg,lateral,0,0,Annotations/YOLO/IMG0000652.txt,leg|no_fracture,False
fracatlas,fracatlas/FracAtlas,images/Non_fractured/IMG0000653.jpg,IMG0000653,no_fracture,g644,train,none,644,-1,,False,23c3d3436363d333,leg,frontal,0,0,Annotations/YOLO/IMG0000653.txt,leg|no_fracture,False
fracatlas,fracatlas/FracAtlas,images/Non_fractured/IMG0000654.jpg,IMG0000654,no_fracture,g645,train,none,645,-1,,False,4d45454dc9c9f333,leg,frontal,0,0,Annotations/YOLO/IMG0000654.txt,leg|no_fracture,False
fracatlas,fracatlas/FracAtlas,images/Non_fractured/IMG0000655.jpg,IMG0000655,no_fracture,g646,val,none,646,-1,,False,11367f59183849fb,leg,lateral,0,0,Annotations/YOLO/IMG0000655.txt,leg|no_fracture,False
fracatlas,fracatlas/FracAtlas,images/Non_fractured/IMG0000656.jpg,IMG0000656,no_fracture,g647,train,none,647,-1,,False,5d6c03930f8bc39b,leg,frontal,0,0,Annotations/YOLO/IMG0000656.txt,leg|no_fracture,False
fracatlas,fracatlas/FracAtlas,images/Non_fractured/IMG0000657.jpg,IMG0000657,no_fracture,g648,cal,none,648,-1,,False,37d92132d916d9a9,hip,frontal,0,0,Annotations/YOLO/IMG0000657.txt,hip|no_fracture,False
fracatlas,fracatlas/FracAtlas,images/Non_fractured/IMG0000658.jpg,IMG0000658,no_fracture,g649,train,none,649,-1,,False,a3e96a1e1e1785a5,leg,frontal,0,0,Annotations/YOLO/IMG0000658.txt,leg|no_fracture,False
fracatlas,fracatlas/FracAtlas,images/Non_fractured/IMG0000659.jpg,IMG0000659,no_fracture,g313,dropped,none,313,-1,duplicate_of:IMG0000314,False,39794c4d4ccd9999,leg,frontal,0,0,Annotations/YOLO/IMG0000659.txt,leg|no_fracture,False
fracatlas,fracatlas/FracAtlas,images/Non_fractured/IMG0000660.jpg,IMG0000660,no_fracture,g651,train,none,651,-1,,False,181b1f0f87c76333,leg,oblique,0,0,Annotations/YOLO/IMG0000660.txt,leg|no_fracture,False
fracatlas,fracatlas/FracAtlas,images/Non_fractured/IMG0000661.jpg,IMG0000661,no_fracture,g652,test,none,652,-1,,True,21cfc9c9c9cd9991,hand,frontal,0,0,Annotations/YOLO/IMG0000661.txt,hand|no_fracture,False
fracatlas,fracatlas/FracAtlas,images/Non_fractured/IMG0000662.jpg,IMG0000662,no_fracture,g653,test,none,653,-1,,True,66d89b93a65c4955,hand,lateral,0,0,Annotations/YOLO/IMG0000662.txt,hand|no_fracture,False
fracatlas,fracatlas/FracAtlas,images/Non_fractured/IMG0000663.jpg,IMG0000663,no_fracture,g654,test,none,654,-1,,True,794d59dd48cd9911,hand,oblique,0,0,Annotations/YOLO/IMG0000663.txt,hand|no_fracture,False
fracatlas,fracatlas/FracAtlas,images/Non_fractured/IMG0000664.jpg,IMG0000664,no_fracture,g655,train,none,655,-1,,False,cc719973c1719933,leg,frontal,0,0,Annotations/YOLO/IMG0000664.txt,leg|no_fracture,False
fracatlas,fracatlas/FracAtlas,images/Non_fractured/IMG0000665.jpg,IMG0000665,no_fracture,g656,train,none,656,-1,,False,e2399cc2b954e355,leg,lateral,0,0,Annotations/YOLO/IMG0000665.txt,leg|no_fracture,False
fracatlas,fracatlas/FracAtlas,images/Non_fractured/IMG0000666.jpg,IMG0000666,no_fracture,g657,train,none,657,-1,,False,9195b5b5256d292d,leg,oblique,0,0,Annotations/YOLO/IMG0000666.txt,leg|no_fracture,False
fracatlas,fracatlas/FracAtlas,images/Non_fractured/IMG0000667.jpg,IMG0000667,no_fracture,g658,train,none,658,-1,,False,d333323373199333,leg,frontal,0,0,Annotations/YOLO/IMG0000667.txt,leg|no_fracture,False
fracatlas,fracatlas/FracAtlas,images/Non_fractured/IMG0000668.jpg,IMG0000668,no_fracture,g659,cal,none,659,-1,,False,96295eb709d829e9,leg,lateral,0,0,Annotations/YOLO/IMG0000668.txt,leg|no_fracture,False
fracatlas,fracatlas/FracAtlas,images/Non_fractured/IMG0000669.jpg,IMG0000669,no_fracture,g660,test,none,660,-1,,True,40db99d3c8cd3333,leg,frontal,0,0,Annotations/YOLO/IMG0000669.txt,leg|no_fracture,False
fracatlas,fracatlas/FracAtlas,images/Non_fractured/IMG0000670.jpg,IMG0000670,no_fracture,g661,val,none,661,-1,,False,d19595b525656999,leg,oblique,0,0,Annotations/YOLO/IMG0000670.txt,leg|no_fracture,False
fracatlas,fracatlas/FracAtlas,images/Fractured/IMG0000671.jpg,IMG0000671,fracture,g662,train,train,662,-1,,False,12f53a6738374c1b,hand,frontal,0,2,Annotations/YOLO/IMG0000671.txt,hand|fracture,False
fracatlas,fracatlas/FracAtlas,images/Non_fractured/IMG0000672.jpg,IMG0000672,no_fracture,g663,train,none,663,-1,,False,8cc3fa4e363cb303,hip,frontal,0,0,Annotations/YOLO/IMG0000672.txt,hip|no_fracture,False
fracatlas,fracatlas/FracAtlas,images/Non_fractured/IMG0000673.jpg,IMG0000673,no_fracture,g664,train,none,664,-1,,False,1b3b1c1ce6e6980f,mixed,frontal,0,0,Annotations/YOLO/IMG0000673.txt,mixed|no_fracture,False
fracatlas,fracatlas/FracAtlas,images/Non_fractured/IMG0000674.jpg,IMG0000674,no_fracture,g665,train,none,665,-1,,False,cdcd8d99c1653133,hand,frontal,0,0,Annotations/YOLO/IMG0000674.txt,hand|no_fracture,False
fracatlas,fracatlas/FracAtlas,images/Non_fractured/IMG0000675.jpg,IMG0000675,no_fracture,g666,train,none,666,-1,,False,cd6d8d3131cd3133,hand,lateral,0,0,Annotations/YOLO/IMG0000675.txt,hand|no_fracture,False
fracatlas,fracatlas/FracAtlas,images/Non_fractured/IMG0000676.jpg,IMG0000676,no_fracture,g667,train,none,667,-1,,False,1897b8b7888deca9,mixed,frontal,0,0,Annotations/YOLO/IMG0000676.txt,mixed|no_fracture,False
fracatlas,fracatlas/FracAtlas,images/Non_fractured/IMG0000677.jpg,IMG0000677,no_fracture,g668,train,none,668,-1,,False,4c33cc33cc33e333,leg,frontal,0,0,Annotations/YOLO/IMG0000677.txt,leg|no_fracture,False
fracatlas,fracatlas/FracAtlas,images/Non_fractured/IMG0000678.jpg,IMG0000678,no_fracture,g669,test,none,669,-1,,True,b22b6a2b64cd9cd1,leg,lateral,0,0,Annotations/YOLO/IMG0000678.txt,leg|no_fracture,False
fracatlas,fracatlas/FracAtlas,images/Non_fractured/IMG0000679.jpg,IMG0000679,no_fracture,g670,train,none,670,-1,,False,9495dcfa80aceb43,hip,frontal,0,0,Annotations/YOLO/IMG0000679.txt,hip|no_fracture,False
fracatlas,fracatlas/FracAtlas,images/Non_fractured/IMG0000680.jpg,IMG0000680,no_fracture,g671,train,none,671,-1,,False,6512155e5aacfe43,hip,frontal,0,0,Annotations/YOLO/IMG0000680.txt,hip|no_fracture,False
fracatlas,fracatlas/FracAtlas,images/Non_fractured/IMG0000681.jpg,IMG0000681,no_fracture,g672,train,none,672,-1,,False,99db734db41cb103,hip,frontal,0,0,Annotations/YOLO/IMG0000681.txt,hip|no_fracture,False
fracatlas,fracatlas/FracAtlas,images/Non_fractured/IMG0000682.jpg,IMG0000682,no_fracture,g673,train,none,673,-1,,False,995b2493c9379399,leg,frontal,0,0,Annotations/YOLO/IMG0000682.txt,leg|no_fracture,False
fracatlas,fracatlas/FracAtlas,images/Non_fractured/IMG0000683.jpg,IMG0000683,no_fracture,g674,test,none,674,-1,,True,59496c6d49d99999,leg,frontal,0,0,Annotations/YOLO/IMG0000683.txt,leg|no_fracture,False
fracatlas,fracatlas/FracAtlas,images/Non_fractured/IMG0000684.jpg,IMG0000684,no_fracture,g675,train,none,675,-1,,False,db9d390ccc493939,leg,frontal,0,0,Annotations/YOLO/IMG0000684.txt,leg|no_fracture,False
fracatlas,fracatlas/FracAtlas,images/Non_fractured/IMG0000685.jpg,IMG0000685,no_fracture,g676,train,none,676,-1,,False,b3c96c3349c99955,leg,lateral,0,0,Annotations/YOLO/IMG0000685.txt,leg|no_fracture,False
fracatlas,fracatlas/FracAtlas,images/Non_fractured/IMG0000686.jpg,IMG0000686,no_fracture,g677,train,none,677,-1,,False,51d3d113e3635933,leg,frontal,0,0,Annotations/YOLO/IMG0000686.txt,leg|no_fracture,False
fracatlas,fracatlas/FracAtlas,images/Non_fractured/IMG0000687.jpg,IMG0000687,no_fracture,g678,val,none,678,-1,,False,3b8ec5d19286e3d1,leg,lateral,0,0,Annotations/YOLO/IMG0000687.txt,leg|no_fracture,False
fracatlas,fracatlas/FracAtlas,images/Non_fractured/IMG0000688.jpg,IMG0000688,no_fracture,g679,cal,none,679,-1,,False,91731313c993f393,leg,frontal,0,0,Annotations/YOLO/IMG0000688.txt,leg|no_fracture,False
fracatlas,fracatlas/FracAtlas,images/Non_fractured/IMG0000689.jpg,IMG0000689,no_fracture,g680,train,none,680,-1,,False,1b90287bbbbc2969,leg,lateral,0,0,Annotations/YOLO/IMG0000689.txt,leg|no_fracture,False
fracatlas,fracatlas/FracAtlas,images/Non_fractured/IMG0000690.jpg,IMG0000690,no_fracture,g681,test,none,681,-1,,True,000f123fccdfd89b,leg,frontal,0,0,Annotations/YOLO/IMG0000690.txt,leg|no_fracture,False
fracatlas,fracatlas/FracAtlas,images/Non_fractured/IMG0000691.jpg,IMG0000691,no_fracture,g682,val,none,682,-1,,False,b3a76c19b39c4949,leg,lateral,0,0,Annotations/YOLO/IMG0000691.txt,leg|no_fracture,False
fracatlas,fracatlas/FracAtlas,images/Fractured/IMG0000692.jpg,IMG0000692,fracture,g683,train,train,683,-1,,False,32cd12c7b077c4b3,hand,frontal,0,2,Annotations/YOLO/IMG0000692.txt,hand|fracture,False
fracatlas,fracatlas/FracAtlas,images/Non_fractured/IMG0000693.jpg,IMG0000693,no_fracture,g684,train,none,684,-1,,False,d943663732339999,leg,frontal,0,0,Annotations/YOLO/IMG0000693.txt,leg|no_fracture,False
fracatlas,fracatlas/FracAtlas,images/Non_fractured/IMG0000694.jpg,IMG0000694,no_fracture,g685,train,none,685,-1,,False,b4b5a4a56c6d68c9,leg,oblique,0,0,Annotations/YOLO/IMG0000694.txt,leg|no_fracture,False
fracatlas,fracatlas/FracAtlas,images/Non_fractured/IMG0000695.jpg,IMG0000695,no_fracture,g686,val,none,686,-1,,False,83c03ac7c73f0f07,hand,frontal,0,0,Annotations/YOLO/IMG0000695.txt,hand|no_fracture,False
fracatlas,fracatlas/FracAtlas,images/Non_fractured/IMG0000696.jpg,IMG0000696,no_fracture,g687,cal,none,687,-1,,False,335256d6d4c5e155,hand,lateral,0,0,Annotations/YOLO/IMG0000696.txt,hand|no_fracture,False
fracatlas,fracatlas/FracAtlas,images/Non_fractured/IMG0000697.jpg,IMG0000697,no_fracture,g688,train,none,688,-1,,False,cc9bcc99cc31cc99,leg,frontal,0,0,Annotations/YOLO/IMG0000697.txt,leg|no_fracture,False
fracatlas,fracatlas/FracAtlas,images/Non_fractured/IMG0000698.jpg,IMG0000698,no_fracture,g689,train,none,689,-1,,False,938d938916d99b33,leg,lateral,0,0,Annotations/YOLO/IMG0000698.txt,leg|no_fracture,False
fracatlas,fracatlas/FracAtlas,images/Non_fractured/IMG0000699.jpg,IMG0000699,no_fracture,g690,val,none,690,-1,,False,c53191cd338d6573,leg,frontal,0,0,Annotations/YOLO/IMG0000699.txt,leg|no_fracture,False
fracatlas,fracatlas/FracAtlas,images/Non_fractured/IMG0000700.jpg,IMG0000700,no_fracture,g691,train,none,691,-1,,False,8739c71d31673133,leg,lateral,0,0,Annotations/YOLO/IMG0000700.txt,leg|no_fracture,False
fracatlas,fracatlas/FracAtlas,images/Non_fractured/IMG0000701.jpg,IMG0000701,no_fracture,g692,train,none,692,-1,,False,999b313b31333333,hand,frontal,0,0,Annotations/YOLO/IMG0000701.txt,hand|no_fracture,False
fracatlas,fracatlas/FracAtlas,images/Fractured/IMG0000702.jpg,IMG0000702,fracture,g693,train,train,693,-1,,False,e0bb606f9077303b,hand,lateral,0,1,Annotations/YOLO/IMG0000702.txt,hand|fracture,False
fracatlas,fracatlas/FracAtlas,images/Non_fractured/IMG0000703.jpg,IMG0000703,no_fracture,g694,train,none,694,-1,,False,23074fce47333333,leg,frontal,0,0,Annotations/YOLO/IMG0000703.txt,leg|no_fracture,False
fracatlas,fracatlas/FracAtlas,images/Non_fractured/IMG0000704.jpg,IMG0000704,no_fracture,g695,train,none,695,-1,,False,2566642d6d6d49d9,leg,oblique,0,0,Annotations/YOLO/IMG0000704.txt,leg|no_fracture,False
fracatlas,fracatlas/FracAtlas,images/Non_fractured/IMG0000705.jpg,IMG0000705,no_fracture,g696,val,none,696,-1,,False,4c3b306b6ccd9999,leg,frontal,0,0,Annotations/YOLO/IMG0000705.txt,leg|no_fracture,False
fracatlas,fracatlas/FracAtlas,images/Non_fractured/IMG0000706.jpg,IMG0000706,no_fracture,g697,train,none,697,-1,,False,383b3e1f0e8f8323,leg,oblique,0,0,Annotations/YOLO/IMG0000706.txt,leg|no_fracture,False
fracatlas,fracatlas/FracAtlas,images/Non_fractured/IMG0000707.jpg,IMG0000707,no_fracture,g698,test,none,698,-1,,True,9841994d99ded8e9,hip,frontal,0,0,Annotations/YOLO/IMG0000707.txt,hip|no_fracture,False
fracatlas,fracatlas/FracAtlas,images/Non_fractured/IMG0000708.jpg,IMG0000708,no_fracture,g699,val,none,699,-1,,False,13733333b3236333,leg,frontal,0,0,Annotations/YOLO/IMG0000708.txt,leg|no_fracture,False
fracatlas,fracatlas/FracAtlas,images/Non_fractured/IMG0000709.jpg,IMG0000709,no_fracture,g700,train,none,700,-1,,False,b026195953ec29fb,leg,lateral,0,0,Annotations/YOLO/IMG0000709.txt,leg|no_fracture,False
fracatlas,fracatlas/FracAtlas,images/Non_fractured/IMG0000710.jpg,IMG0000710,no_fracture,g701,train,none,701,-1,,False,c76e331c8d836363,leg,frontal,0,0,Annotations/YOLO/IMG0000710.txt,leg|no_fracture,False
fracatlas,fracatlas/FracAtlas,images/Non_fractured/IMG0000711.jpg,IMG0000711,no_fracture,g702,train,none,702,-1,,False,a5925b99c99a9999,leg,lateral,0,0,Annotations/YOLO/IMG0000711.txt,leg|no_fracture,False
fracatlas,fracatlas/FracAtlas,images/Non_fractured/IMG0000712.jpg,IMG0000712,no_fracture,g703,val,none,703,-1,,False,56ad4e235a2d4f29,leg,frontal,0,0,Annotations/YOLO/IMG0000712.txt,leg|no_fracture,False
fracatlas,fracatlas/FracAtlas,images/Non_fractured/IMG0000713.jpg,IMG0000713,no_fracture,g704,train,none,704,-1,,False,e1e509f1f1999931,hand,frontal,0,0,Annotations/YOLO/IMG0000713.txt,hand|no_fracture,False
fracatlas,fracatlas/FracAtlas,images/Non_fractured/IMG0000714.jpg,IMG0000714,no_fracture,g705,train,none,705,-1,,False,31e565319965d999,hand,lateral,0,0,Annotations/YOLO/IMG0000714.txt,hand|no_fracture,False
fracatlas,fracatlas/FracAtlas,images/Non_fractured/IMG0000715.jpg,IMG0000715,no_fracture,g706,train,none,706,-1,,False,c9e92d2c6d6d4949,leg,frontal,0,0,Annotations/YOLO/IMG0000715.txt,leg|no_fracture,False
fracatlas,fracatlas/FracAtlas,images/Non_fractured/IMG0000716.jpg,IMG0000716,no_fracture,g707,cal,none,707,-1,,False,5a5b50d5943594dd,leg,oblique,0,0,Annotations/YOLO/IMG0000716.txt,leg|no_fracture,False
fracatlas,fracatlas/FracAtlas,images/Non_fractured/IMG0000717.jpg,IMG0000717,no_fracture,g708,test,none,708,-1,,True,01d9410b7ff0e39b,mixed,frontal,0,0,Annotations/YOLO/IMG0000717.txt,mixed|no_fracture,False
fracatlas,fracatlas/FracAtlas,images/Non_fractured/IMG0000718.jpg,IMG0000718,no_fracture,g709,train,none,709,-1,,False,30c738ffd8618393,mixed,frontal,0,0,Annotations/YOLO/IMG0000718.txt,mixed|no_fracture,False
fracatlas,fracatlas/FracAtlas,images/Non_fractured/IMG0000719.jpg,IMG0000719,no_fracture,g710,train,none,710,-1,,False,c06f20f7c1673333,hand,frontal,0,0,Annotations/YOLO/IMG0000719.txt,hand|no_fracture,False
fracatlas,fracatlas/FracAtlas,images/Non_fractured/IMG0000720.jpg,IMG0000720,no_fracture,g711,train,none,711,-1,,False,80e7c0f3c0e76373,hand,oblique,0,0,Annotations/YOLO/IMG0000720.txt,hand|no_fracture,False
fracatlas,fracatlas/FracAtlas,images/Non_fractured/IMG0000721.jpg,IMG0000721,no_fracture,g712,test,none,712,-1,,True,0957046fd077e587,leg,frontal,0,0,Annotations/YOLO/IMG0000721.txt,leg|no_fracture,False
fracatlas,fracatlas/FracAtlas,images/Non_fractured/IMG0000722.jpg,IMG0000722,no_fracture,g713,train,none,713,-1,,False,8d718e811de3b571,leg,frontal,0,0,Annotations/YOLO/IMG0000722.txt,leg|no_fracture,False
fracatlas,fracatlas/FracAtlas,images/Non_fractured/IMG0000723.jpg,IMG0000723,no_fracture,g714,train,none,714,-1,,False,a9df8401030f0fff,leg,lateral,0,0,Annotations/YOLO/IMG0000723.txt,leg|no_fracture,False
fracatlas,fracatlas/FracAtlas,images/Non_fractured/IMG0000724.jpg,IMG0000724,no_fracture,g715,train,none,715,-1,,False,4aad6a9d2a8d4ad9,leg,frontal,0,0,Annotations/YOLO/IMG0000724.txt,leg|no_fracture,False
fracatlas,fracatlas/FracAtlas,images/Non_fractured/IMG0000725.jpg,IMG0000725,no_fracture,g716,test,none,716,-1,,True,386de2cd1c1d19f1,leg,lateral,0,0,Annotations/YOLO/IMG0000725.txt,leg|no_fracture,False
fracatlas,fracatlas/FracAtlas,images/Non_fractured/IMG0000726.jpg,IMG0000726,no_fracture,g717,val,none,717,-1,,False,ecdc705047c2b9b9,hip,frontal,0,0,Annotations/YOLO/IMG0000726.txt,hip|no_fracture,False
fracatlas,fracatlas/FracAtlas,images/Non_fractured/IMG0000727.jpg,IMG0000727,no_fracture,g718,test,none,718,-1,,True,f071f1c1b278f10b,hip,frontal,0,0,Annotations/YOLO/IMG0000727.txt,hip|no_fracture,False
fracatlas,fracatlas/FracAtlas,images/Non_fractured/IMG0000728.jpg,IMG0000728,no_fracture,g719,train,none,719,-1,,False,353b076393cd06e3,mixed,frontal,0,0,Annotations/YOLO/IMG0000728.txt,mixed|no_fracture,False
fracatlas,fracatlas/FracAtlas,images/Non_fractured/IMG0000729.jpg,IMG0000729,no_fracture,g720,train,none,720,-1,,False,65e5a140e05cffa3,mixed,frontal,0,0,Annotations/YOLO/IMG0000729.txt,mixed|no_fracture,False
fracatlas,fracatlas/FracAtlas,images/Non_fractured/IMG0000730.jpg,IMG0000730,no_fracture,g721,train,none,721,-1,,False,c0f3623391b3e333,leg,frontal,0,0,Annotations/YOLO/IMG0000730.txt,leg|no_fracture,False
fracatlas,fracatlas/FracAtlas,images/Non_fractured/IMG0000731.jpg,IMG0000731,no_fracture,g722,cal,none,722,-1,,False,00372c79b3bc595b,leg,lateral,0,0,Annotations/YOLO/IMG0000731.txt,leg|no_fracture,False
fracatlas,fracatlas/FracAtlas,images/Non_fractured/IMG0000732.jpg,IMG0000732,no_fracture,g723,val,none,723,-1,,False,26db4926d92749d9,leg,frontal,0,0,Annotations/YOLO/IMG0000732.txt,leg|no_fracture,False
fracatlas,fracatlas/FracAtlas,images/Non_fractured/IMG0000733.jpg,IMG0000733,no_fracture,g724,train,none,724,-1,,False,24b3c936d9993333,leg,lateral,0,0,Annotations/YOLO/IMG0000733.txt,leg|no_fracture,False
fracatlas,fracatlas/FracAtlas,images/Non_fractured/IMG0000734.jpg,IMG0000734,no_fracture,g725,train,none,725,-1,,False,30c3f34fc07cb343,hip,frontal,0,0,Annotations/YOLO/IMG0000734.txt,hip|no_fracture,False
fracatlas,fracatlas/FracAtlas,images/Non_fractured/IMG0000735.jpg,IMG0000735,no_fracture,g726,test,none,726,-1,,True,91b373c3c311b333,leg,frontal,0,0,Annotations/YOLO/IMG0000735.txt,leg|no_fracture,False
fracatlas,fracatlas/FracAtlas,images/Non_fractured/IMG0000736.jpg,IMG0000736,no_fracture,g727,val,none,727,-1,,False,a15ae5730945e3e3,leg,lateral,0,0,Annotations/YOLO/IMG0000736.txt,leg|no_fracture,False
fracatlas,fracatlas/FracAtlas,images/Non_fractured/IMG0000737.jpg,IMG0000737,no_fracture,g557,dropped,none,557,-1,duplicate_of:IMG0000565,False,99994d6c4ccd9999,leg,frontal,0,0,Annotations/YOLO/IMG0000737.txt,leg|no_fracture,False
fracatlas,fracatlas/FracAtlas,images/Non_fractured/IMG0000738.jpg,IMG0000738,no_fracture,g729,train,none,729,-1,,False,01838f87c7c76373,leg,oblique,0,0,Annotations/YOLO/IMG0000738.txt,leg|no_fracture,False
fracatlas,fracatlas/FracAtlas,images/Non_fractured/IMG0000739.jpg,IMG0000739,no_fracture,g730,test,none,730,-1,,True,9b99594969599999,leg,frontal,0,0,Annotations/YOLO/IMG0000739.txt,leg|no_fracture,False
fracatlas,fracatlas/FracAtlas,images/Non_fractured/IMG0000740.jpg,IMG0000740,no_fracture,g731,train,none,731,-1,,False,50d7d495b425ad8d,leg,oblique,0,0,Annotations/YOLO/IMG0000740.txt,leg|no_fracture,False
fracatlas,fracatlas/FracAtlas,images/Non_fractured/IMG0000741.jpg,IMG0000741,no_fracture,g518,dropped,none,518,-1,duplicate_of:IMG0000526,False,c071783f1f0f0727,leg,oblique,0,0,Annotations/YOLO/IMG0000741.txt,leg|no_fracture,False
fracatlas,fracatlas/FracAtlas,images/Non_fractured/IMG0000742.jpg,IMG0000742,no_fracture,g733,train,none,733,-1,,False,d973416363339999,leg,frontal,0,0,Annotations/YOLO/IMG0000742.txt,leg|no_fracture,False
fracatlas,fracatlas/FracAtlas,images/Non_fractured/IMG0000743.jpg,IMG0000743,no_fracture,g651,dropped,none,651,-1,duplicate_of:IMG0000660,False,191b0e8fc6c76333,leg,oblique,0,0,Annotations/YOLO/IMG0000743.txt,leg|no_fracture,False
fracatlas,fracatlas/FracAtlas,images/Non_fractured/IMG0000744.jpg,IMG0000744,no_fracture,g735,cal,none,735,-1,,False,c4dbc0c3e26333b3,leg,frontal,0,0,Annotations/YOLO/IMG0000744.txt,leg|no_fracture,False
fracatlas,fracatlas/FracAtlas,images/Non_fractured/IMG0000745.jpg,IMG0000745,no_fracture,g736,train,none,736,-1,,False,9191b39191b3f333,leg,frontal,0,0,Annotations/YOLO/IMG0000745.txt,leg|no_fracture,False
fracatlas,fracatlas/FracAtlas,images/Non_fractured/IMG0000746.jpg,IMG0000746,no_fracture,g737,train,none,737,-1,,False,00645bd3b89c59fb,leg,lateral,0,0,Annotations/YOLO/IMG0000746.txt,leg|no_fracture,False
fracatlas,fracatlas/FracAtlas,images/Non_fractured/IMG0000747.jpg,IMG0000747,no_fracture,g738,test,none,738,-1,,True,4535716565cd9999,leg,frontal,0,0,Annotations/YOLO/IMG0000747.txt,leg|no_fracture,False
fracatlas,fracatlas/FracAtlas,images/Non_fractured/IMG0000748.jpg,IMG0000748,no_fracture,g739,train,none,739,-1,,False,39381c1e8fcf0733,leg,oblique,0,0,Annotations/YOLO/IMG0000748.txt,leg|no_fracture,False
fracatlas,fracatlas/FracAtlas,images/Non_fractured/IMG0000749.jpg,IMG0000749,no_fracture,g740,val,none,740,-1,,False,21e16323e5cd6373,hand,frontal,0,0,Annotations/YOLO/IMG0000749.txt,hand|no_fracture,False
fracatlas,fracatlas/FracAtlas,images/Fractured/IMG0000750.jpg,IMG0000750,fracture,g741,train,train,741,-1,,False,0d9d9d3181cde173,hand,lateral,0,1,Annotations/YOLO/IMG0000750.txt,hand|fracture,False
fracatlas,fracatlas/FracAtlas,images/Fractured/IMG0000751.jpg,IMG0000751,fracture,g665,train,train,665,-1,,False,cd8d9999c1653333,hand,frontal,0,1,Annotations/YOLO/IMG0000751.txt,hand|fracture,False
fracatlas,fracatlas/FracAtlas,images/Non_fractured/IMG0000752.jpg,IMG0000752,no_fracture,g743,train,none,743,-1,,False,0af51a738cc79873,leg,frontal,0,0,Annotations/YOLO/IMG0000752.txt,leg|no_fracture,False
fracatlas,fracatlas/FracAtlas,images/Non_fractured/IMG0000753.jpg,IMG0000753,no_fracture,g744,cal,none,744,-1,,False,856b1ec5591eb351,leg,lateral,0,0,Annotations/YOLO/IMG0000753.txt,leg|no_fracture,False
fracatlas,fracatlas/FracAtlas,images/Non_fractured/IMG0000754.jpg,IMG0000754,no_fracture,g745,train,none,745,-1,,False,286d6c6d686d49d9,hand,frontal,0,0,Annotations/YOLO/IMG0000754.txt,hand|no_fracture,False
fracatlas,fracatlas/FracAtlas,images/Non_fractured/IMG0000755.jpg,IMG0000755,no_fracture,g746,val,none,746,-1,,False,c360703818cfe777,hand,frontal,0,0,Annotations/YOLO/IMG0000755.txt,hand|no_fracture,False
fracatlas,fracatlas/FracAtlas,images/Non_fractured/IMG0000756.jpg,IMG0000756,no_fracture,g747,train,none,747,-1,,False,8c73c83bc8739933,leg,frontal,0,0,Annotations/YOLO/IMG0000756.txt,leg|no_fracture,False
fracatlas,fracatlas/FracAtlas,images/Non_fractured/IMG0000757.jpg,IMG0000757,no_fracture,g748,test,none,748,-1,,True,13b4284bdadc49eb,leg,lateral,0,0,Annotations/YOLO/IMG0000757.txt,leg|no_fracture,False
fracatlas,fracatlas/FracAtlas,images/Fractured/IMG0000758.jpg,IMG0000758,fracture,g749,train,train,749,-1,,False,8c99a686e6f7580b,mixed,frontal,0,1,Annotations/YOLO/IMG0000758.txt,mixed|fracture,False
fracatlas,fracatlas/FracAtlas,images/Non_fractured/IMG0000759.jpg,IMG0000759,no_fracture,g750,train,none,750,-1,,False,1393331b236b4bd9,hand,frontal,0,0,Annotations/YOLO/IMG0000759.txt,hand|no_fracture,False
fracatlas,fracatlas/FracAtlas,images/Non_fractured/IMG0000760.jpg,IMG0000760,no_fracture,g751,test,none,751,-1,,True,fe03de01d60580ff,hand,lateral,0,0,Annotations/YOLO/IMG0000760.txt,hand|no_fracture,False
fracatlas,fracatlas/FracAtlas,images/Non_fractured/IMG0000761.jpg,IMG0000761,no_fracture,g752,test,none,752,-1,,True,49d22fdb2649b649,hand,lateral,0,0,Annotations/YOLO/IMG0000761.txt,hand|no_fracture,False
fracatlas,fracatlas/FracAtlas,images/Fractured/IMG0000762.jpg,IMG0000762,fracture,g753,test,train,753,-1,,True,4869d24dce4db399,hand,frontal,0,1,Annotations/YOLO/IMG0000762.txt,hand|fracture,False
fracatlas,fracatlas/FracAtlas,images/Fractured/IMG0000763.jpg,IMG0000763,fracture,g754,train,train,754,-1,,False,f1f99894860f4b4b,hand,lateral,0,1,Annotations/YOLO/IMG0000763.txt,hand|fracture,False
fracatlas,fracatlas/FracAtlas,images/Non_fractured/IMG0000764.jpg,IMG0000764,no_fracture,g755,test,none,755,-1,,True,e967ca6a2c996629,mixed,frontal,0,0,Annotations/YOLO/IMG0000764.txt,mixed|no_fracture,False
fracatlas,fracatlas/FracAtlas,images/Non_fractured/IMG0000765.jpg,IMG0000765,no_fracture,g756,train,none,756,-1,,False,909b64bf9966c899,leg,frontal,0,0,Annotations/YOLO/IMG0000765.txt,leg|no_fracture,False
fracatlas,fracatlas/FracAtlas,images/Non_fractured/IMG0000766.jpg,IMG0000766,no_fracture,g757,cal,none,757,-1,,False,24536d16d9cd9339,leg,lateral,0,0,Annotations/YOLO/IMG0000766.txt,leg|no_fracture,False
fracatlas,fracatlas/FracAtlas,images/Non_fractured/IMG0000767.jpg,IMG0000767,no_fracture,g758,train,none,758,-1,,False,92d966939966d899,leg,frontal,0,0,Annotations/YOLO/IMG0000767.txt,leg|no_fracture,False
fracatlas,fracatlas/FracAtlas,images/Non_fractured/IMG0000768.jpg,IMG0000768,no_fracture,g759,cal,none,759,-1,,False,6db24926534dd999,leg,lateral,0,0,Annotations/YOLO/IMG0000768.txt,leg|no_fracture,False
fracatlas,fracatlas/FracAtlas,images/Non_fractured/IMG0000769.jpg,IMG0000769,no_fracture,g760,train,none,760,-1,,False,0d7159a7255de629,mixed,frontal,0,0,Annotations/YOLO/IMG0000769.txt,mixed|no_fracture,False
fracatlas,fracatlas/FracAtlas,images/Non_fractured/IMG0000770.jpg,IMG0000770,no_fracture,g761,train,none,761,-1,,False,c5194d96b44d369d,shoulder,frontal,0,0,Annotations/YOLO/IMG0000770.txt,shoulder|no_fracture,False
fracatlas,fracatlas/FracAtlas,images/Non_fractured/IMG0000771.jpg,IMG0000771,no_fracture,g762,train,none,762,-1,,False,d48b969f98d1ca49,hand,frontal,0,0,Annotations/YOLO/IMG0000771.txt,hand|no_fracture,False
fracatlas,fracatlas/FracAtlas,images/Non_fractured/IMG0000772.jpg,IMG0000772,no_fracture,g763,train,none,763,-1,,False,c6a266d363336399,leg,frontal,0,0,Annotations/YOLO/IMG0000772.txt,leg|no_fracture,False
fracatlas,fracatlas/FracAtlas,images/Non_fractured/IMG0000773.jpg,IMG0000773,no_fracture,g764,train,none,764,-1,,False,0164fffb001099ff,leg,lateral,0,0,Annotations/YOLO/IMG0000773.txt,leg|no_fracture,False
fracatlas,fracatlas/FracAtlas,images/Non_fractured/IMG0000774.jpg,IMG0000774,no_fracture,g765,train,none,765,-1,,False,64cf30db485b3399,leg,frontal,0,0,Annotations/YOLO/IMG0000774.txt,leg|no_fracture,False
fracatlas,fracatlas/FracAtlas,images/Non_fractured/IMG0000775.jpg,IMG0000775,no_fracture,g766,test,none,766,-1,,True,285697a94854adfd,leg,lateral,0,0,Annotations/YOLO/IMG0000775.txt,leg|no_fracture,False
fracatlas,fracatlas/FracAtlas,images/Fractured/IMG0000776.jpg,IMG0000776,fracture,g767,train,train,767,-1,,False,229d261d62dbe2b3,leg,frontal,1,1,Annotations/YOLO/IMG0000776.txt,leg|fracture,False
fracatlas,fracatlas/FracAtlas,images/Fractured/IMG0000777.jpg,IMG0000777,fracture,g768,train,train,768,-1,,False,d4d9d3a4ab524969,leg,lateral,1,1,Annotations/YOLO/IMG0000777.txt,leg|fracture,False
fracatlas,fracatlas/FracAtlas,images/Non_fractured/IMG0000778.jpg,IMG0000778,no_fracture,g769,train,none,769,-1,,False,9acac76e603e11ab,hip,frontal,0,0,Annotations/YOLO/IMG0000778.txt,hip|no_fracture,False
fracatlas,fracatlas/FracAtlas,images/Non_fractured/IMG0000779.jpg,IMG0000779,no_fracture,g770,test,none,770,-1,,True,54d51575c5d53165,leg,frontal,0,0,Annotations/YOLO/IMG0000779.txt,leg|no_fracture,False
fracatlas,fracatlas/FracAtlas,images/Non_fractured/IMG0000780.jpg,IMG0000780,no_fracture,g771,train,none,771,-1,,False,6877686d62d9138b,leg,frontal,0,0,Annotations/YOLO/IMG0000780.txt,leg|no_fracture,False
fracatlas,fracatlas/FracAtlas,images/Non_fractured/IMG0000781.jpg,IMG0000781,no_fracture,g772,train,none,772,-1,,False,ad41bec98afd3023,hip,frontal,0,0,Annotations/YOLO/IMG0000781.txt,hip|no_fracture,False
fracatlas,fracatlas/FracAtlas,images/Non_fractured/IMG0000782.jpg,IMG0000782,no_fracture,g773,train,none,773,-1,,False,6565653191b1d9d9,hand,frontal,0,0,Annotations/YOLO/IMG0000782.txt,hand|no_fracture,False
fracatlas,fracatlas/FracAtlas,images/Non_fractured/IMG0000783.jpg,IMG0000783,no_fracture,g774,test,none,774,-1,,True,2c29ab323666e3e3,hand,lateral,0,0,Annotations/YOLO/IMG0000783.txt,hand|no_fracture,False
fracatlas,fracatlas/FracAtlas,images/Non_fractured/IMG0000784.jpg,IMG0000784,no_fracture,g775,val,none,775,-1,,False,6cccb39b807cf303,hip,frontal,0,0,Annotations/YOLO/IMG0000784.txt,hip|no_fracture,False
fracatlas,fracatlas/FracAtlas,images/Non_fractured/IMG0000785.jpg,IMG0000785,no_fracture,g776,test,none,776,-1,,True,d11965cd3949d999,leg,frontal,0,0,Annotations/YOLO/IMG0000785.txt,leg|no_fracture,False
fracatlas,fracatlas/FracAtlas,images/Non_fractured/IMG0000786.jpg,IMG0000786,no_fracture,g777,train,none,777,-1,,False,32994db391933373,leg,lateral,0,0,Annotations/YOLO/IMG0000786.txt,leg|no_fracture,False
fracatlas,fracatlas/FracAtlas,images/Non_fractured/IMG0000787.jpg,IMG0000787,no_fracture,g778,train,none,778,-1,,False,51735143c3d933e3,leg,frontal,0,0,Annotations/YOLO/IMG0000787.txt,leg|no_fracture,False
fracatlas,fracatlas/FracAtlas,images/Non_fractured/IMG0000788.jpg,IMG0000788,no_fracture,g779,train,none,779,-1,,False,89c663198ce6f371,leg,lateral,0,0,Annotations/YOLO/IMG0000788.txt,leg|no_fracture,False
fracatlas,fracatlas/FracAtlas,images/Non_fractured/IMG0000789.jpg,IMG0000789,no_fracture,g780,test,none,780,-1,,True,69e7619e1ad0c43b,hip,frontal,0,0,Annotations/YOLO/IMG0000789.txt,hip|no_fracture,False
fracatlas,fracatlas/FracAtlas,images/Non_fractured/IMG0000790.jpg,IMG0000790,no_fracture,g781,train,none,781,-1,,False,33b929c93338f343,hip,frontal,0,0,Annotations/YOLO/IMG0000790.txt,hip|no_fracture,False
fracatlas,fracatlas/FracAtlas,images/Non_fractured/IMG0000791.jpg,IMG0000791,no_fracture,g782,val,none,782,-1,,False,7525353565999999,leg,frontal,0,0,Annotations/YOLO/IMG0000791.txt,leg|no_fracture,False
fracatlas,fracatlas/FracAtlas,images/Non_fractured/IMG0000792.jpg,IMG0000792,no_fracture,g729,dropped,none,729,-1,duplicate_of:IMG0000738,False,918383c7c6e76333,leg,oblique,0,0,Annotations/YOLO/IMG0000792.txt,leg|no_fracture,False
fracatlas,fracatlas/FracAtlas,images/Non_fractured/IMG0000793.jpg,IMG0000793,no_fracture,g784,train,none,784,-1,,False,05278393e3677333,hand,frontal,0,0,Annotations/YOLO/IMG0000793.txt,hand|no_fracture,False
fracatlas,fracatlas/FracAtlas,images/Non_fractured/IMG0000794.jpg,IMG0000794,no_fracture,g785,train,none,785,-1,,False,65b591f161673133,hand,oblique,0,0,Annotations/YOLO/IMG0000794.txt,hand|no_fracture,False
fracatlas,fracatlas/FracAtlas,images/Non_fractured/IMG0000795.jpg,IMG0000795,no_fracture,g786,train,none,786,-1,,False,e40baa26cd4d66b9,mixed,frontal,0,0,Annotations/YOLO/IMG0000795.txt,mixed|no_fracture,False
fracatlas,fracatlas/FracAtlas,images/Non_fractured/IMG0000796.jpg,IMG0000796,no_fracture,g787,train,none,787,-1,,False,05179db4b44d669d,shoulder,frontal,0,0,Annotations/YOLO/IMG0000796.txt,shoulder|no_fracture,False
fracatlas,fracatlas/FracAtlas,images/Non_fractured/IMG0000797.jpg,IMG0000797,no_fracture,g788,train,none,788,-1,,False,7cdc84f0f454836b,mixed,frontal,0,0,Annotations/YOLO/IMG0000797.txt,mixed|no_fracture,False
fracatlas,fracatlas/FracAtlas,images/Non_fractured/IMG0000798.jpg,IMG0000798,no_fracture,g789,test,none,789,-1,,True,0bc3f923c3c483db,mixed,frontal,0,0,Annotations/YOLO/IMG0000798.txt,mixed|no_fracture,False
fracatlas,fracatlas/FracAtlas,images/Non_fractured/IMG0000799.jpg,IMG0000799,no_fracture,g790,train,none,790,-1,,False,be9b98999093989b,hand,frontal,0,0,Annotations/YOLO/IMG0000799.txt,hand|no_fracture,False
fracatlas,fracatlas/FracAtlas,images/Non_fractured/IMG0000800.jpg,IMG0000800,no_fracture,g791,train,none,791,-1,,False,bade4531aace0535,hand,lateral,0,0,Annotations/YOLO/IMG0000800.txt,hand|no_fracture,False
fracatlas,fracatlas/FracAtlas,images/Fractured/IMG0000801.jpg,IMG0000801,fracture,g792,train,train,792,-1,,False,c5ce911b99cc9999,hand,lateral,0,1,Annotations/YOLO/IMG0000801.txt,hand|fracture,False
fracatlas,fracatlas/FracAtlas,images/Non_fractured/IMG0000802.jpg,IMG0000802,no_fracture,g793,test,none,793,-1,,True,26b29b1933339b99,hand,frontal,0,0,Annotations/YOLO/IMG0000802.txt,hand|no_fracture,False
fracatlas,fracatlas/FracAtlas,images/Non_fractured/IMG0000803.jpg,IMG0000803,no_fracture,g793,dropped,none,793,-1,duplicate_of:IMG0000802,False,26329b193b379999,hand,oblique,0,0,Annotations/YOLO/IMG0000803.txt,hand|no_fracture,False
fracatlas,fracatlas/FracAtlas,images/Fractured/IMG0000804.jpg,IMG0000804,fracture,g795,test,train,795,-1,,True,02626373b3e37333,hand,frontal,0,1,Annotations/YOLO/IMG0000804.txt,hand|fracture,False
fracatlas,fracatlas/FracAtlas,images/Fractured/IMG0000805.jpg,IMG0000805,fracture,g796,train,train,796,-1,,False,3a12ea3333673333,hand,lateral,0,1,Annotations/YOLO/IMG0000805.txt,hand|fracture,False
fracatlas,fracatlas/FracAtlas,images/Non_fractured/IMG0000806.jpg,IMG0000806,no_fracture,g797,train,none,797,-1,,False,95b13529656d49d9,hand,frontal,0,0,Annotations/YOLO/IMG0000806.txt,hand|no_fracture,False
fracatlas,fracatlas/FracAtlas,images/Non_fractured/IMG0000807.jpg,IMG0000807,no_fracture,g798,val,none,798,-1,,False,84fcdbdb90cc4949,hand,lateral,0,0,Annotations/YOLO/IMG0000807.txt,hand|no_fracture,False
fracatlas,fracatlas/FracAtlas,images/Non_fractured/IMG0000808.jpg,IMG0000808,no_fracture,g799,test,none,799,-1,,True,3383c6c6c6637333,leg,frontal,0,0,Annotations/YOLO/IMG0000808.txt,leg|no_fracture,False
fracatlas,fracatlas/FracAtlas,images/Non_fractured/IMG0000809.jpg,IMG0000809,no_fracture,g800,test,none,800,-1,,True,95b525252dcd6939,leg,oblique,0,0,Annotations/YOLO/IMG0000809.txt,leg|no_fracture,False
fracatlas,fracatlas/FracAtlas,images/Non_fractured/IMG0000810.jpg,IMG0000810,no_fracture,g801,train,none,801,-1,,False,fce60347c033479b,mixed,frontal,0,0,Annotations/YOLO/IMG0000810.txt,mixed|no_fracture,False
fracatlas,fracatlas/FracAtlas,images/Non_fractured/IMG0000811.jpg,IMG0000811,no_fracture,g802,train,none,802,-1,,False,030341fcd3176f9b,mixed,frontal,0,0,Annotations/YOLO/IMG0000811.txt,mixed|no_fracture,False
fracatlas,fracatlas/FracAtlas,images/Non_fractured/IMG0000812.jpg,IMG0000812,no_fracture,g803,train,none,803,-1,,False,f0e16021d3efa713,leg,oblique,0,0,Annotations/YOLO/IMG0000812.txt,leg|no_fracture,False
fracatlas,fracatlas/FracAtlas,images/Non_fractured/IMG0000813.jpg,IMG0000813,no_fracture,g804,test,none,804,-1,,True,30303093fb6f27d3,mixed,oblique,0,0,Annotations/YOLO/IMG0000813.txt,mixed|no_fracture,False
fracatlas,fracatlas/FracAtlas,images/Non_fractured/IMG0000814.jpg,IMG0000814,no_fracture,g805,test,none,805,-1,,True,00e24067776f4fb3,mixed,frontal,0,0,Annotations/YOLO/IMG0000814.txt,mixed|no_fracture,False
fracatlas,fracatlas/FracAtlas,images/Non_fractured/IMG0000815.jpg,IMG0000815,no_fracture,g806,test,none,806,-1,,True,c0c37337934f2713,leg,lateral,0,0,Annotations/YOLO/IMG0000815.txt,leg|no_fracture,False
fracatlas,fracatlas/FracAtlas,images/Non_fractured/IMG0000816.jpg,IMG0000816,no_fracture,g807,cal,none,807,-1,,False,7f44801f7f44815f,hand,frontal,0,0,Annotations/YOLO/IMG0000816.txt,hand|no_fracture,False
fracatlas,fracatlas/FracAtlas,images/Non_fractured/IMG0000817.jpg,IMG0000817,no_fracture,g808,cal,none,808,-1,,False,29a998abd8d78587,leg,frontal,0,0,Annotations/YOLO/IMG0000817.txt,leg|no_fracture,False
fracatlas,fracatlas/FracAtlas,images/Non_fractured/IMG0000818.jpg,IMG0000818,no_fracture,g809,train,none,809,-1,,False,ba622a1b9b673391,hand,lateral,0,0,Annotations/YOLO/IMG0000818.txt,hand|no_fracture,False
fracatlas,fracatlas/FracAtlas,images/Non_fractured/IMG0000819.jpg,IMG0000819,no_fracture,g810,train,none,810,-1,,False,ca6ab2139b373391,hand,frontal,0,0,Annotations/YOLO/IMG0000819.txt,hand|no_fracture,False
fracatlas,fracatlas/FracAtlas,images/Non_fractured/IMG0000820.jpg,IMG0000820,no_fracture,g811,test,none,811,-1,,True,999966c9996cc999,leg,frontal,0,0,Annotations/YOLO/IMG0000820.txt,leg|no_fracture,False
fracatlas,fracatlas/FracAtlas,images/Non_fractured/IMG0000821.jpg,IMG0000821,no_fracture,g812,train,none,812,-1,,False,91c94c71d99d9939,leg,lateral,0,0,Annotations/YOLO/IMG0000821.txt,leg|no_fracture,False
fracatlas,fracatlas/FracAtlas,images/Fractured/IMG0000822.jpg,IMG0000822,fracture,g813,cal,train,813,-1,,False,f3960c5ef470132b,mixed,frontal,1,1,Annotations/YOLO/IMG0000822.txt,mixed|fracture,False
fracatlas,fracatlas/FracAtlas,images/Non_fractured/IMG0000823.jpg,IMG0000823,no_fracture,g814,train,none,814,-1,,False,66229b5363673333,hand,frontal,0,0,Annotations/YOLO/IMG0000823.txt,hand|no_fracture,False
fracatlas,fracatlas/FracAtlas,images/Non_fractured/IMG0000824.jpg,IMG0000824,no_fracture,g815,train,none,815,-1,,False,9ac0e343e6673371,hand,oblique,0,0,Annotations/YOLO/IMG0000824.txt,hand|no_fracture,False
fracatlas,fracatlas/FracAtlas,images/Non_fractured/IMG0000825.jpg,IMG0000825,no_fracture,g816,train,none,816,-1,,False,333333cc66333333,leg,frontal,0,0,Annotations/YOLO/IMG0000825.txt,leg|no_fracture,False
fracatlas,fracatlas/FracAtlas,images/Non_fractured/IMG0000826.jpg,IMG0000826,no_fracture,g817,train,none,817,-1,,False,39312d6d6d4d4959,leg,oblique,0,0,Annotations/YOLO/IMG0000826.txt,leg|no_fracture,False
fracatlas,fracatlas/FracAtlas,images/Non_fractured/IMG0000827.jpg,IMG0000827,no_fracture,g818,train,none,818,-1,,False,8a1b4bc9c9d99999,hand,frontal,0,0,Annotations/YOLO/IMG0000827.txt,hand|no_fracture,False
fracatlas,fracatlas/FracAtlas,images/Non_fractured/IMG0000828.jpg,IMG0000828,no_fracture,g819,val,none,819,-1,,False,0750f8c78778f817,hand,oblique,0,0,Annotations/YOLO/IMG0000828.txt,hand|no_fracture,False
fracatlas,fracatlas/FracAtlas,images/Non_fractured/IMG0000829.jpg,IMG0000829,no_fracture,g820,train,none,820,-1,,False,4888db5949cdd9d9,hand,oblique,0,0,Annotations/YOLO/IMG0000829.txt,hand|no_fracture,False
fracatlas,fracatlas/FracAtlas,images/Non_fractured/IMG0000830.jpg,IMG0000830,no_fracture,g821,train,none,821,-1,,False,c929e96d492d49d9,leg,frontal,0,0,Annotations/YOLO/IMG0000830.txt,leg|no_fracture,False
fracatlas,fracatlas/FracAtlas,images/Non_fractured/IMG0000831.jpg,IMG0000831,no_fracture,g822,train,none,822,-1,,False,60cf9831674cc9db,leg,lateral,0,0,Annotations/YOLO/IMG0000831.txt,leg|no_fracture,False
fracatlas,fracatlas/FracAtlas,images/Non_fractured/IMG0000832.jpg,IMG0000832,no_fracture,g823,train,none,823,-1,,False,cc4d6869694dc9d9,hand,frontal,0,0,Annotations/YOLO/IMG0000832.txt,hand|no_fracture,False
fracatlas,fracatlas/FracAtlas,images/Non_fractured/IMG0000833.jpg,IMG0000833,no_fracture,g824,train,none,824,-1,,False,6c6dc859696d4959,hand,oblique,0,0,Annotations/YOLO/IMG0000833.txt,hand|no_fracture,False
fracatlas,fracatlas/FracAtlas,images/Non_fractured/IMG0000834.jpg,IMG0000834,no_fracture,g825,train,none,825,-1,,False,919b19179933333b,hand,frontal,0,0,Annotations/YOLO/IMG0000834.txt,hand|no_fracture,False
fracatlas,fracatlas/FracAtlas,images/Non_fractured/IMG0000835.jpg,IMG0000835,no_fracture,g826,test,none,826,-1,,True,459925cd31e37333,hand,lateral,0,0,Annotations/YOLO/IMG0000835.txt,hand|no_fracture,False
fracatlas,fracatlas/FracAtlas,images/Non_fractured/IMG0000836.jpg,IMG0000836,no_fracture,g827,train,none,827,-1,,False,30df603330e76373,hand,oblique,0,0,Annotations/YOLO/IMG0000836.txt,hand|no_fracture,False
fracatlas,fracatlas/FracAtlas,images/Non_fractured/IMG0000837.jpg,IMG0000837,no_fracture,g828,train,none,828,-1,,False,63024787c037cfbb,mixed,frontal,0,0,Annotations/YOLO/IMG0000837.txt,mixed|no_fracture,False
fracatlas,fracatlas/FracAtlas,images/Non_fractured/IMG0000838.jpg,IMG0000838,no_fracture,g829,train,none,829,-1,,False,7267c0d95827935b,mixed,frontal,0,0,Annotations/YOLO/IMG0000838.txt,mixed|no_fracture,False
fracatlas,fracatlas/FracAtlas,images/Non_fractured/IMG0000839.jpg,IMG0000839,no_fracture,g830,train,none,830,-1,,False,6445c0d91313bfdb,mixed,frontal,0,0,Annotations/YOLO/IMG0000839.txt,mixed|no_fracture,False
fracatlas,fracatlas/FracAtlas,images/Non_fractured/IMG0000840.jpg,IMG0000840,no_fracture,g831,train,none,831,-1,,False,49cd9535644dd999,leg,frontal,0,0,Annotations/YOLO/IMG0000840.txt,leg|no_fracture,False
fracatlas,fracatlas/FracAtlas,images/Non_fractured/IMG0000841.jpg,IMG0000841,no_fracture,g832,train,none,832,-1,,False,9c991333b49c99d9,leg,lateral,0,0,Annotations/YOLO/IMG0000841.txt,leg|no_fracture,False
fracatlas,fracatlas/FracAtlas,images/Non_fractured/IMG0000842.jpg,IMG0000842,no_fracture,g833,cal,none,833,-1,,False,49a4a1a96d6d69d9,leg,frontal,0,0,Annotations/YOLO/IMG0000842.txt,leg|no_fracture,False
fracatlas,fracatlas/FracAtlas,images/Non_fractured/IMG0000843.jpg,IMG0000843,no_fracture,g834,test,none,834,-1,,True,0980265b99bc69ff,leg,lateral,0,0,Annotations/YOLO/IMG0000843.txt,leg|no_fracture,False
fracatlas,fracatlas/FracAtlas,images/Fractured/IMG0000844.jpg,IMG0000844,fracture,g835,train,train,835,-1,,False,203f606f11c7e373,hand,frontal,0,1,Annotations/YOLO/IMG0000844.txt,hand|fracture,False
fracatlas,fracatlas/FracAtlas,images/Fractured/IMG0000845.jpg,IMG0000845,fracture,g836,cal,train,836,-1,,False,c237628d32c7e273,hand,lateral,0,1,Annotations/YOLO/IMG0000845.txt,hand|fracture,False
fracatlas,fracatlas/FracAtlas,images/Non_fractured/IMG0000846.jpg,IMG0000846,no_fracture,g837,train,none,837,-1,,False,607770773077909b,hand,frontal,0,0,Annotations/YOLO/IMG0000846.txt,hand|no_fracture,False
fracatlas,fracatlas/FracAtlas,images/Non_fractured/IMG0000847.jpg,IMG0000847,no_fracture,g838,test,none,838,-1,,True,355576ca6e8c6531,hand,lateral,0,0,Annotations/YOLO/IMG0000847.txt,hand|no_fracture,False
fracatlas,fracatlas/FracAtlas,images/Non_fractured/IMG0000848.jpg,IMG0000848,no_fracture,g839,test,none,839,-1,,True,cfede06012966ce3,mixed,frontal,0,0,Annotations/YOLO/IMG0000848.txt,mixed|no_fracture,False
fracatlas,fracatlas/FracAtlas,images/Non_fractured/IMG0000849.jpg,IMG0000849,no_fracture,g840,train,none,840,-1,,False,9191f1f1d1399933,leg,frontal,0,0,Annotations/YOLO/IMG0000849.txt,leg|no_fracture,False
fracatlas,fracatlas/FracAtlas,images/Non_fractured/IMG0000850.jpg,IMG0000850,no_fracture,g841,train,none,841,-1,,False,1288d5333976f371,leg,lateral,0,0,Annotations/YOLO/IMG0000850.txt,leg|no_fracture,False
fracatlas,fracatlas/FracAtlas,images/Fractured/IMG0000851.jpg,IMG0000851,fracture,g443,train,train,443,-1,,False,3a33333333333333,hand,frontal,0,2,Annotations/YOLO/IMG0000851.txt,hand|fracture,False
fracatlas,fracatlas/FracAtlas,images/Fractured/IMG0000852.jpg,IMG0000852,fracture,g843,test,train,843,-1,,True,9a10ba999b659b99,hand,lateral,0,1,Annotations/YOLO/IMG0000852.txt,hand|fracture,False
fracatlas,fracatlas/FracAtlas,images/Non_fractured/IMG0000853.jpg,IMG0000853,no_fracture,g844,train,none,844,-1,,False,b29933b6c54cb2a5,mixed,frontal,0,0,Annotations/YOLO/IMG0000853.txt,mixed|no_fracture,False
fracatlas,fracatlas/FracAtlas,images/Non_fractured/IMG0000854.jpg,IMG0000854,no_fracture,g845,test,none,845,-1,,True,2727656d49395999,leg,frontal,0,0,Annotations/YOLO/IMG0000854.txt,leg|no_fracture,False
fracatlas,fracatlas/FracAtlas,images/Non_fractured/IMG0000855.jpg,IMG0000855,no_fracture,g846,train,none,846,-1,,False,3c2f43193c2c49fb,leg,lateral,0,0,Annotations/YOLO/IMG0000855.txt,leg|no_fracture,False
fracatlas,fracatlas/FracAtlas,images/Non_fractured/IMG0000856.jpg,IMG0000856,no_fracture,g847,cal,none,847,-1,,False,454541499999fbf3,leg,frontal,0,0,Annotations/YOLO/IMG0000856.txt,leg|no_fracture,False
fracatlas,fracatlas/FracAtlas,images/Non_fractured/IMG0000857.jpg,IMG0000857,no_fracture,g848,train,none,848,-1,,False,84832349f07cf3db,hip,frontal,0,0,Annotations/YOLO/IMG0000857.txt,hip|no_fracture,False
fracatlas,fracatlas/FracAtlas,images/Non_fractured/IMG0000858.jpg,IMG0000858,no_fracture,g849,train,none,849,-1,,False,d57555113171d999,leg,frontal,0,0,Annotations/YOLO/IMG0000858.txt,leg|no_fracture,False
fracatlas,fracatlas/FracAtlas,images/Non_fractured/IMG0000859.jpg,IMG0000859,no_fracture,g850,train,none,850,-1,,False,4ca6b3191de27371,leg,lateral,0,0,Annotations/YOLO/IMG0000859.txt,leg|no_fracture,False
fracatlas,fracatlas/FracAtlas,images/Non_fractured/IMG0000860.jpg,IMG0000860,no_fracture,g851,train,none,851,-1,,False,8280c3c3e3e7e373,hand,frontal,0,0,Annotations/YOLO/IMG0000860.txt,hand|no_fracture,False
fracatlas,fracatlas/FracAtlas,images/Non_fractured/IMG0000861.jpg,IMG0000861,no_fracture,g852,train,none,852,-1,,False,4e5671392a62e3e3,hand,lateral,0,0,Annotations/YOLO/IMG0000861.txt,hand|no_fracture,False
fracatlas,fracatlas/FracAtlas,images/Non_fractured/IMG0000862.jpg,IMG0000862,no_fracture,g335,dropped,none,335,-1,duplicate_of:IMG0000336,False,c0c3c36363637373,hand,frontal,0,0,Annotations/YOLO/IMG0000862.txt,hand|no_fracture,False
fracatlas,fracatlas/FracAtlas,images/Non_fractured/IMG0000863.jpg,IMG0000863,no_fracture,g854,val,none,854,-1,,False,a7a5256169c9d999,hand,frontal,0,0,Annotations/YOLO/IMG0000863.txt,hand|no_fracture,False
fracatlas,fracatlas/FracAtlas,images/Non_fractured/IMG0000864.jpg,IMG0000864,no_fracture,g855,train,none,855,-1,,False,296dad2d696d4949,hand,oblique,0,0,Annotations/YOLO/IMG0000864.txt,hand|no_fracture,False
fracatlas,fracatlas/FracAtlas,images/Non_fractured/IMG0000865.jpg,IMG0000865,no_fracture,g856,cal,none,856,-1,,False,3f99cbe10077e0c3,mixed,frontal,0,0,Annotations/YOLO/IMG0000865.txt,mixed|no_fracture,False
fracatlas,fracatlas/FracAtlas,images/Non_fractured/IMG0000866.jpg,IMG0000866,no_fracture,g857,test,none,857,-1,,True,b4297992956c96d5,mixed,frontal,0,0,Annotations/YOLO/IMG0000866.txt,mixed|no_fracture,False
fracatlas,fracatlas/FracAtlas,images/Non_fractured/IMG0000867.jpg,IMG0000867,no_fracture,g858,train,none,858,-1,,False,0967ddb62459c635,shoulder,frontal,0,0,Annotations/YOLO/IMG0000867.txt,shoulder|no_fracture,False
fracatlas,fracatlas/FracAtlas,images/Non_fractured/IMG0000868.jpg,IMG0000868,no_fracture,g859,train,none,859,-1,,False,33cd653311cc7333,leg,frontal,0,0,Annotations/YOLO/IMG0000868.txt,leg|no_fracture,False
fracatlas,fracatlas/FracAtlas,images/Non_fractured/IMG0000869.jpg,IMG0000869,no_fracture,g860,train,none,860,-1,,False,b431e04f8cbd6969,leg,frontal,0,0,Annotations/YOLO/IMG0000869.txt,leg|no_fracture,False
fracatlas,fracatlas/FracAtlas,images/Non_fractured/IMG0000870.jpg,IMG0000870,no_fracture,g861,train,none,861,-1,,False,1f38f3436c383333,leg,lateral,0,0,Annotations/YOLO/IMG0000870.txt,leg|no_fracture,False
fracatlas,fracatlas/FracAtlas,images/Non_fractured/IMG0000871.jpg,IMG0000871,no_fracture,g862,cal,none,862,-1,,False,c1591199d999f333,leg,frontal,0,0,Annotations/YOLO/IMG0000871.txt,leg|no_fracture,False
fracatlas,fracatlas/FracAtlas,images/Non_fractured/IMG0000872.jpg,IMG0000872,no_fracture,g863,train,none,863,-1,,False,f93e0349186c49fb,leg,lateral,0,0,Annotations/YOLO/IMG0000872.txt,leg|no_fracture,False
fracatlas,fracatlas/FracAtlas,images/Non_fractured/IMG0000873.jpg,IMG0000873,no_fracture,g864,train,none,864,-1,,False,f8787c4f888607b3,mixed,frontal,0,0,Annotations/YOLO/IMG0000873.txt,mixed|no_fracture,False
fracatlas,fracatlas/FracAtlas,images/Non_fractured/IMG0000874.jpg,IMG0000874,no_fracture,g865,val,none,865,-1,,False,1f0f0381b1c767b3,mixed,frontal,0,0,Annotations/YOLO/IMG0000874.txt,mixed|no_fracture,False
fracatlas,fracatlas/FracAtlas,images/Non_fractured/IMG0000875.jpg,IMG0000875,no_fracture,g866,train,none,866,-1,,False,078f038333679f33,mixed,frontal,0,0,Annotations/YOLO/IMG0000875.txt,mixed|no_fracture,False
fracatlas,fracatlas/FracAtlas,images/Non_fractured/IMG0000876.jpg,IMG0000876,no_fracture,g867,test,none,867,-1,,True,20a7249b2d6f2dd9,leg,frontal,0,0,Annotations/YOLO/IMG0000876.txt,leg|no_fracture,False
fracatlas,fracatlas/FracAtlas,images/Non_fractured/IMG0000877.jpg,IMG0000877,no_fracture,g868,train,none,868,-1,,False,192469dbbaacc959,leg,lateral,0,0,Annotations/YOLO/IMG0000877.txt,leg|no_fracture,False
fracatlas,fracatlas/FracAtlas,images/Non_fractured/IMG0000878.jpg,IMG0000878,no_fracture,g869,train,none,869,-1,,False,e87d183f38f1a0a5,hand,frontal,0,0,Annotations/YOLO/IMG0000878.txt,hand|no_fracture,False
fracatlas,fracatlas/FracAtlas,images/Non_fractured/IMG0000879.jpg,IMG0000879,no_fracture,g870,train,none,870,-1,,False,1b8733338bc33393,leg,frontal,0,0,Annotations/YOLO/IMG0000879.txt,leg|no_fracture,False
fracatlas,fracatlas/FracAtlas,images/Non_fractured/IMG0000880.jpg,IMG0000880,no_fracture,g871,train,none,871,-1,,False,3e3623199cac69e9,leg,lateral,0,0,Annotations/YOLO/IMG0000880.txt,leg|no_fracture,False
fracatlas,fracatlas/FracAtlas,images/Non_fractured/IMG0000881.jpg,IMG0000881,no_fracture,g872,train,none,872,-1,,False,987b383b604bd999,leg,frontal,0,0,Annotations/YOLO/IMG0000881.txt,leg|no_fracture,False
fracatlas,fracatlas/FracAtlas,images/Non_fractured/IMG0000882.jpg,IMG0000882,no_fracture,g873,cal,none,873,-1,,False,1a1b1e0fc6c76273,leg,oblique,0,0,Annotations/YOLO/IMG0000882.txt,leg|no_fracture,False
fracatlas,fracatlas/FracAtlas,images/Non_fractured/IMG0000883.jpg,IMG0000883,no_fracture,g874,train,none,874,-1,,False,f2d99a9998993331,hand,frontal,0,0,Annotations/YOLO/IMG0000883.txt,hand|no_fracture,False
fracatlas,fracatlas/FracAtlas,images/Non_fractured/IMG0000884.jpg,IMG0000884,no_fracture,g875,train,none,875,-1,,False,e8564f6b584c2d2d,hand,lateral,0,0,Annotations/YOLO/IMG0000884.txt,hand|no_fracture,False
fracatlas,fracatlas/FracAtlas,images/Non_fractured/IMG0000885.jpg,IMG0000885,no_fracture,g876,train,none,876,-1,,False,e92939a9696929d9,leg,frontal,0,0,Annotations/YOLO/IMG0000885.txt,leg|no_fracture,False
fracatlas,fracatlas/FracAtlas,images/Non_fractured/IMG0000886.jpg,IMG0000886,no_fracture,g877,val,none,877,-1,,False,09d92f4909ac49ff,leg,lateral,0,0,Annotations/YOLO/IMG0000886.txt,leg|no_fracture,False
fracatlas,fracatlas/FracAtlas,images/Non_fractured/IMG0000887.jpg,IMG0000887,no_fracture,g878,val,none,878,-1,,False,ccb3ce80c6e7d807,mixed,frontal,0,0,Annotations/YOLO/IMG0000887.txt,mixed|no_fracture,False
fracatlas,fracatlas/FracAtlas,images/Non_fractured/IMG0000888.jpg,IMG0000888,no_fracture,g879,train,none,879,-1,,False,8e57ac26b6c71827,mixed,frontal,0,0,Annotations/YOLO/IMG0000888.txt,mixed|no_fracture,False
fracatlas,fracatlas/FracAtlas,images/Non_fractured/IMG0000889.jpg,IMG0000889,no_fracture,g880,test,none,880,-1,,True,3179b3b6054ce699,mixed,frontal,0,0,Annotations/YOLO/IMG0000889.txt,mixed|no_fracture,False
fracatlas,fracatlas/FracAtlas,images/Non_fractured/IMG0000890.jpg,IMG0000890,no_fracture,g881,val,none,881,-1,,False,b57991b6854c7299,mixed,frontal,0,0,Annotations/YOLO/IMG0000890.txt,mixed|no_fracture,False
fracatlas,fracatlas/FracAtlas,images/Non_fractured/IMG0000891.jpg,IMG0000891,no_fracture,g882,cal,none,882,-1,,False,41e78183c3c7e373,hand,frontal,0,0,Annotations/YOLO/IMG0000891.txt,hand|no_fracture,False
fracatlas,fracatlas/FracAtlas,images/Non_fractured/IMG0000892.jpg,IMG0000892,no_fracture,g883,train,none,883,-1,,False,c707031387c7e3e3,hand,oblique,0,0,Annotations/YOLO/IMG0000892.txt,hand|no_fracture,False
fracatlas,fracatlas/FracAtlas,images/Non_fractured/IMG0000893.jpg,IMG0000893,no_fracture,g884,train,none,884,-1,,False,cde7148790fd2c29,leg,lateral,0,0,Annotations/YOLO/IMG0000893.txt,leg|no_fracture,False
fracatlas,fracatlas/FracAtlas,images/Non_fractured/IMG0000894.jpg,IMG0000894,no_fracture,g885,train,none,885,-1,,False,9093b30e7c7cf303,hip,frontal,0,0,Annotations/YOLO/IMG0000894.txt,hip|no_fracture,False
fracatlas,fracatlas/FracAtlas,images/Non_fractured/IMG0000895.jpg,IMG0000895,no_fracture,g886,train,none,886,-1,,False,91999959d133f199,leg,frontal,0,0,Annotations/YOLO/IMG0000895.txt,leg|no_fracture,False
fracatlas,fracatlas/FracAtlas,images/Non_fractured/IMG0000896.jpg,IMG0000896,no_fracture,g887,train,none,887,-1,,False,f3b989484cada9a9,leg,lateral,0,0,Annotations/YOLO/IMG0000896.txt,leg|no_fracture,False
fracatlas,fracatlas/FracAtlas,images/Non_fractured/IMG0000897.jpg,IMG0000897,no_fracture,g888,train,none,888,-1,,False,592936db4926b399,leg,frontal,0,0,Annotations/YOLO/IMG0000897.txt,leg|no_fracture,False
fracatlas,fracatlas/FracAtlas,images/Non_fractured/IMG0000898.jpg,IMG0000898,no_fracture,g889,train,none,889,-1,,False,c92c12d9c99e9b39,leg,lateral,0,0,Annotations/YOLO/IMG0000898.txt,leg|no_fracture,False
fracatlas,fracatlas/FracAtlas,images/Non_fractured/IMG0000899.jpg,IMG0000899,no_fracture,g890,train,none,890,-1,,False,d05b2457c93792d9,leg,frontal,0,0,Annotations/YOLO/IMG0000899.txt,leg|no_fracture,False
fracatlas,fracatlas/FracAtlas,images/Non_fractured/IMG0000900.jpg,IMG0000900,no_fracture,g891,train,none,891,-1,,False,379973c98067f0c3,mixed,frontal,0,0,Annotations/YOLO/IMG0000900.txt,mixed|no_fracture,False
fracatlas,fracatlas/FracAtlas,images/Non_fractured/IMG0000901.jpg,IMG0000901,no_fracture,g892,test,none,892,-1,,True,7f19f31806e7f003,mixed,frontal,0,0,Annotations/YOLO/IMG0000901.txt,mixed|no_fracture,False
fracatlas,fracatlas/FracAtlas,images/Non_fractured/IMG0000902.jpg,IMG0000902,no_fracture,g893,train,none,893,-1,,False,b6b68cc6644d92b5,mixed,frontal,0,0,Annotations/YOLO/IMG0000902.txt,mixed|no_fracture,False
fracatlas,fracatlas/FracAtlas,images/Non_fractured/IMG0000903.jpg,IMG0000903,no_fracture,g894,train,none,894,-1,,False,de3332b332333233,hand,frontal,0,0,Annotations/YOLO/IMG0000903.txt,hand|no_fracture,False
fracatlas,fracatlas/FracAtlas,images/Non_fractured/IMG0000904.jpg,IMG0000904,no_fracture,g895,train,none,895,-1,,False,3263c69172e77233,hand,lateral,0,0,Annotations/YOLO/IMG0000904.txt,hand|no_fracture,False
fracatlas,fracatlas/FracAtlas,images/Non_fractured/IMG0000905.jpg,IMG0000905,no_fracture,g896,train,none,896,-1,,False,03333363e333333b,leg,frontal,0,0,Annotations/YOLO/IMG0000905.txt,leg|no_fracture,False
fracatlas,fracatlas/FracAtlas,images/Non_fractured/IMG0000906.jpg,IMG0000906,no_fracture,g897,train,none,897,-1,,False,617373373233311b,leg,oblique,0,0,Annotations/YOLO/IMG0000906.txt,leg|no_fracture,False
fracatlas,fracatlas/FracAtlas,images/Non_fractured/IMG0000907.jpg,IMG0000907,no_fracture,g898,cal,none,898,-1,,False,083f407fc8dbc89b,leg,frontal,0,0,Annotations/YOLO/IMG0000907.txt,leg|no_fracture,False
fracatlas,fracatlas/FracAtlas,images/Non_fractured/IMG0000908.jpg,IMG0000908,no_fracture,g899,train,none,899,-1,,False,263e18332e6c49fb,leg,lateral,0,0,Annotations/YOLO/IMG0000908.txt,leg|no_fracture,False
fracatlas,fracatlas/FracAtlas,images/Non_fractured/IMG0000909.jpg,IMG0000909,no_fracture,g900,train,none,900,-1,,False,70db599b309949d9,leg,frontal,0,0,Annotations/YOLO/IMG0000909.txt,leg|no_fracture,False
fracatlas,fracatlas/FracAtlas,images/Non_fractured/IMG0000910.jpg,IMG0000910,no_fracture,g901,train,none,901,-1,,False,361b557259dc3351,leg,lateral,0,0,Annotations/YOLO/IMG0000910.txt,leg|no_fracture,False
fracatlas,fracatlas/FracAtlas,images/Non_fractured/IMG0000912.jpg,IMG0000912,no_fracture,g902,train,none,902,-1,,False,3333cc2733c66333,leg,frontal,0,0,Annotations/YOLO/IMG0000912.txt,leg|no_fracture,False
fracatlas,fracatlas/FracAtlas,images/Non_fractured/IMG0000913.jpg,IMG0000913,no_fracture,g903,train,none,903,-1,,False,37992d37494d9919,leg,lateral,0,0,Annotations/YOLO/IMG0000913.txt,leg|no_fracture,False
fracatlas,fracatlas/FracAtlas,images/Non_fractured/IMG0000914.jpg,IMG0000914,no_fracture,g904,train,none,904,-1,,False,3436464dc1db31f3,mixed,frontal,0,0,Annotations/YOLO/IMG0000914.txt,mixed|no_fracture,False
fracatlas,fracatlas/FracAtlas,images/Non_fractured/IMG0000915.jpg,IMG0000915,no_fracture,g905,train,none,905,-1,,False,90db44c7cc9b9999,leg,frontal,0,0,Annotations/YOLO/IMG0000915.txt,leg|no_fracture,False
fracatlas,fracatlas/FracAtlas,images/Non_fractured/IMG0000916.jpg,IMG0000916,no_fracture,g906,val,none,906,-1,,False,b1b7a4a5246d6999,leg,oblique,0,0,Annotations/YOLO/IMG0000916.txt,leg|no_fracture,False
fracatlas,fracatlas/FracAtlas,images/Non_fractured/IMG0000917.jpg,IMG0000917,no_fracture,g907,train,none,907,-1,,False,c2139333e3637333,leg,oblique,0,0,Annotations/YOLO/IMG0000917.txt,leg|no_fracture,False
fracatlas,fracatlas/FracAtlas,images/Non_fractured/IMG0000918.jpg,IMG0000918,no_fracture,g908,cal,none,908,-1,,False,116c4f9311d899fb,leg,lateral,0,0,Annotations/YOLO/IMG0000918.txt,leg|no_fracture,False
fracatlas,fracatlas/FracAtlas,images/Non_fractured/IMG0000919.jpg,IMG0000919,no_fracture,g909,cal,none,909,-1,,False,b81b99333139d999,leg,frontal,0,0,Annotations/YOLO/IMG0000919.txt,leg|no_fracture,False
fracatlas,fracatlas/FracAtlas,images/Non_fractured/IMG0000920.jpg,IMG0000920,no_fracture,g910,train,none,910,-1,,False,2a0d567b199633f1,leg,lateral,0,0,Annotations/YOLO/IMG0000920.txt,leg|no_fracture,False
fracatlas,fracatlas/FracAtlas,images/Non_fractured/IMG0000921.jpg,IMG0000921,no_fracture,g911,train,none,911,-1,,False,e4696c9b6c9b6449,leg,frontal,0,0,Annotations/YOLO/IMG0000921.txt,leg|no_fracture,False
fracatlas,fracatlas/FracAtlas,images/Non_fractured/IMG0000922.jpg,IMG0000922,no_fracture,g912,test,none,912,-1,,True,d1713139d9d91999,leg,frontal,0,0,Annotations/YOLO/IMG0000922.txt,leg|no_fracture,False
fracatlas,fracatlas/FracAtlas,images/Non_fractured/IMG0000923.jpg,IMG0000923,no_fracture,g913,train,none,913,-1,,False,2304999193dd49ff,leg,lateral,0,0,Annotations/YOLO/IMG0000923.txt,leg|no_fracture,False
fracatlas,fracatlas/FracAtlas,images/Non_fractured/IMG0000924.jpg,IMG0000924,no_fracture,g914,val,none,914,-1,,False,3791969919cd49d9,leg,frontal,0,0,Annotations/YOLO/IMG0000924.txt,leg|no_fracture,False
fracatlas,fracatlas/FracAtlas,images/Non_fractured/IMG0000925.jpg,IMG0000925,no_fracture,g915,train,none,915,-1,,False,183f44c3c133f373,leg,lateral,0,0,Annotations/YOLO/IMG0000925.txt,leg|no_fracture,False
fracatlas,fracatlas/FracAtlas,images/Non_fractured/IMG0000926.jpg,IMG0000926,no_fracture,g916,test,none,916,-1,,True,2a88aa1b99ef9999,hand,frontal,0,0,Annotations/YOLO/IMG0000926.txt,hand|no_fracture,False
fracatlas,fracatlas/FracAtlas,images/Non_fractured/IMG0000927.jpg,IMG0000927,no_fracture,g917,train,none,917,-1,,False,9a91ca33999b9999,hand,lateral,0,0,Annotations/YOLO/IMG0000927.txt,hand|no_fracture,False
fracatlas,fracatlas/FracAtlas,images/Non_fractured/IMG0000928.jpg,IMG0000928,no_fracture,g918,test,none,918,-1,,True,717149c9cdd99919,leg,frontal,0,0,Annotations/YOLO/IMG0000928.txt,leg|no_fracture,False
fracatlas,fracatlas/FracAtlas,images/Non_fractured/IMG0000929.jpg,IMG0000929,no_fracture,g919,val,none,919,-1,,False,42f7e00d62f9a6c3,leg,frontal,0,0,Annotations/YOLO/IMG0000929.txt,leg|no_fracture,False
fracatlas,fracatlas/FracAtlas,images/Non_fractured/IMG0000930.jpg,IMG0000930,no_fracture,g61,dropped,none,61,-1,duplicate_of:IMG0000061,False,519195b5a525ad9d,leg,oblique,0,0,Annotations/YOLO/IMG0000930.txt,leg|no_fracture,False
fracatlas,fracatlas/FracAtlas,images/Non_fractured/IMG0000931.jpg,IMG0000931,no_fracture,g921,train,none,921,-1,,False,05a4aaaacd659dd9,mixed,frontal,0,0,Annotations/YOLO/IMG0000931.txt,mixed|no_fracture,False
fracatlas,fracatlas/FracAtlas,images/Non_fractured/IMG0000932.jpg,IMG0000932,no_fracture,g922,train,none,922,-1,,False,95a4298915e5cdf9,mixed,frontal,0,0,Annotations/YOLO/IMG0000932.txt,mixed|no_fracture,False
fracatlas,fracatlas/FracAtlas,images/Non_fractured/IMG0000933.jpg,IMG0000933,no_fracture,g923,train,none,923,-1,,False,92b64da6a44d92bd,mixed,frontal,0,0,Annotations/YOLO/IMG0000933.txt,mixed|no_fracture,False
fracatlas,fracatlas/FracAtlas,images/Non_fractured/IMG0000934.jpg,IMG0000934,no_fracture,g924,test,none,924,-1,,True,0ccb0bcb4bcb49cb,leg,frontal,0,0,Annotations/YOLO/IMG0000934.txt,leg|no_fracture,False
fracatlas,fracatlas/FracAtlas,images/Non_fractured/IMG0000935.jpg,IMG0000935,no_fracture,g925,train,none,925,-1,,False,6cb3486799673233,leg,frontal,0,0,Annotations/YOLO/IMG0000935.txt,leg|no_fracture,False
fracatlas,fracatlas/FracAtlas,images/Non_fractured/IMG0000936.jpg,IMG0000936,no_fracture,g926,test,none,926,-1,,True,c8f3666f70379019,leg,lateral,0,0,Annotations/YOLO/IMG0000936.txt,leg|no_fracture,False
fracatlas,fracatlas/FracAtlas,images/Non_fractured/IMG0000937.jpg,IMG0000937,no_fracture,g927,train,none,927,-1,,False,07070f2f0fa70be3,leg,frontal,0,0,Annotations/YOLO/IMG0000937.txt,leg|no_fracture,False
fracatlas,fracatlas/FracAtlas,images/Non_fractured/IMG0000938.jpg,IMG0000938,no_fracture,g928,train,none,928,-1,,False,cd3d359971713131,hand,frontal,0,0,Annotations/YOLO/IMG0000938.txt,hand|no_fracture,False
fracatlas,fracatlas/FracAtlas,images/Non_fractured/IMG0000939.jpg,IMG0000939,no_fracture,g929,train,none,929,-1,,False,31672193e1677333,hand,oblique,0,0,Annotations/YOLO/IMG0000939.txt,hand|no_fracture,False
fracatlas,fracatlas/FracAtlas,images/Non_fractured/IMG0000940.jpg,IMG0000940,no_fracture,g930,train,none,930,-1,,False,24d99999216dd9d9,leg,frontal,0,0,Annotations/YOLO/IMG0000940.txt,leg|no_fracture,False
fracatlas,fracatlas/FracAtlas,images/Non_fractured/IMG0000941.jpg,IMG0000941,no_fracture,g931,train,none,931,-1,,False,848bc8c766677333,leg,oblique,0,0,Annotations/YOLO/IMG0000941.txt,leg|no_fracture,False
fracatlas,fracatlas/FracAtlas,images/Non_fractured/IMG0000942.jpg,IMG0000942,no_fracture,g932,test,none,932,-1,,True,8e61ab63e3e36161,leg,frontal,0,0,Annotations/YOLO/IMG0000942.txt,leg|no_fracture,False
fracatlas,fracatlas/FracAtlas,images/Non_fractured/IMG0000943.jpg,IMG0000943,no_fracture,g933,train,none,933,-1,,False,2198aee69ec959a9,hip,frontal,0,0,Annotations/YOLO/IMG0000943.txt,hip|no_fracture,False
fracatlas,fracatlas/FracAtlas,images/Non_fractured/IMG0000944.jpg,IMG0000944,no_fracture,g934,cal,none,934,-1,,False,562e2849d6bd19f1,hip,frontal,0,0,Annotations/YOLO/IMG0000944.txt,hip|no_fracture,False
fracatlas,fracatlas/FracAtlas,images/Non_fractured/IMG0000945.jpg,IMG0000945,no_fracture,g935,train,none,935,-1,,False,733326ccba38d90b,hip,frontal,0,0,Annotations/YOLO/IMG0000945.txt,hip|no_fracture,False
fracatlas,fracatlas/FracAtlas,images/Non_fractured/IMG0000946.jpg,IMG0000946,no_fracture,g936,train,none,936,-1,,False,db8c59499999c999,leg,oblique,0,0,Annotations/YOLO/IMG0000946.txt,leg|no_fracture,False
fracatlas,fracatlas/FracAtlas,images/Non_fractured/IMG0000947.jpg,IMG0000947,no_fracture,g937,cal,none,937,-1,,False,360990b7db90d9d9,leg,lateral,0,0,Annotations/YOLO/IMG0000947.txt,leg|no_fracture,False
fracatlas,fracatlas/FracAtlas,images/Non_fractured/IMG0000948.jpg,IMG0000948,no_fracture,g938,cal,none,938,-1,,False,65cd9919ccc99999,leg,frontal,0,0,Annotations/YOLO/IMG0000948.txt,leg|no_fracture,False
fracatlas,fracatlas/FracAtlas,images/Non_fractured/IMG0000949.jpg,IMG0000949,no_fracture,g939,train,none,939,-1,,False,694d87d1999d3133,leg,lateral,0,0,Annotations/YOLO/IMG0000949.txt,leg|no_fracture,False
fracatlas,fracatlas/FracAtlas,images/Non_fractured/IMG0000950.jpg,IMG0000950,no_fracture,g940,train,none,940,-1,,False,0c3c8bcb2f2d8b4b,leg,frontal,0,0,Annotations/YOLO/IMG0000950.txt,leg|no_fracture,False
fracatlas,fracatlas/FracAtlas,images/Non_fractured/IMG0000951.jpg,IMG0000951,no_fracture,g941,cal,none,941,-1,,False,6933645979395999,leg,frontal,0,0,Annotations/YOLO/IMG0000951.txt,leg|no_fracture,False
fracatlas,fracatlas/FracAtlas,images/Non_fractured/IMG0000952.jpg,IMG0000952,no_fracture,g942,train,none,942,-1,,False,3e830467d3b099db,leg,lateral,0,0,Annotations/YOLO/IMG0000952.txt,leg|no_fracture,False
fracatlas,fracatlas/FracAtlas,images/Non_fractured/IMG0000953.jpg,IMG0000953,no_fracture,g943,train,none,943,-1,,False,b2ab499931397959,leg,frontal,0,0,Annotations/YOLO/IMG0000953.txt,leg|no_fracture,False
fracatlas,fracatlas/FracAtlas,images/Non_fractured/IMG0000954.jpg,IMG0000954,no_fracture,g944,val,none,944,-1,,False,9c5b4a272e17c3c3,leg,frontal,0,0,Annotations/YOLO/IMG0000954.txt,leg|no_fracture,False
fracatlas,fracatlas/FracAtlas,images/Non_fractured/IMG0000955.jpg,IMG0000955,no_fracture,g945,train,none,945,-1,,False,3633316969d99969,mixed,frontal,0,0,Annotations/YOLO/IMG0000955.txt,mixed|no_fracture,False
fracatlas,fracatlas/FracAtlas,images/Non_fractured/IMG0000956.jpg,IMG0000956,no_fracture,g946,train,none,946,-1,,False,f9f9594949494999,leg,frontal,0,0,Annotations/YOLO/IMG0000956.txt,leg|no_fracture,False
fracatlas,fracatlas/FracAtlas,images/Non_fractured/IMG0000957.jpg,IMG0000957,no_fracture,g947,cal,none,947,-1,,False,0191b65b999059ff,leg,lateral,0,0,Annotations/YOLO/IMG0000957.txt,leg|no_fracture,False
fracatlas,fracatlas/FracAtlas,images/Non_fractured/IMG0000958.jpg,IMG0000958,no_fracture,g948,cal,none,948,-1,,False,63630c71e39c63e3,leg,frontal,0,0,Annotations/YOLO/IMG0000958.txt,leg|no_fracture,False
fracatlas,fracatlas/FracAtlas,images/Non_fractured/IMG0000959.jpg,IMG0000959,no_fracture,g949,train,none,949,-1,,False,0d998d85998d7373,leg,lateral,0,0,Annotations/YOLO/IMG0000959.txt,leg|no_fracture,False
fracatlas,fracatlas/FracAtlas,images/Non_fractured/IMG0000960.jpg,IMG0000960,no_fracture,g950,test,none,950,-1,,True,b92958e6c6da9929,mixed,frontal,0,0,Annotations/YOLO/IMG0000960.txt,mixed|no_fracture,False
fracatlas,fracatlas/FracAtlas,images/Non_fractured/IMG0000961.jpg,IMG0000961,no_fracture,g951,cal,none,951,-1,,False,6399ad249ade19a9,hip,frontal,0,0,Annotations/YOLO/IMG0000961.txt,hip|no_fracture,False
fracatlas,fracatlas/FracAtlas,images/Non_fractured/IMG0000962.jpg,IMG0000962,no_fracture,g952,train,none,952,-1,,False,38d9b949f81cf10b,hip,frontal,0,0,Annotations/YOLO/IMG0000962.txt,hip|no_fracture,False
fracatlas,fracatlas/FracAtlas,images/Non_fractured/IMG0000963.jpg,IMG0000963,no_fracture,g953,val,none,953,-1,,False,cdfbe4442736c883,mixed,frontal,0,0,Annotations/YOLO/IMG0000963.txt,mixed|no_fracture,False
fracatlas,fracatlas/FracAtlas,images/Non_fractured/IMG0000964.jpg,IMG0000964,no_fracture,g954,train,none,954,-1,,False,44c799b363639933,leg,frontal,0,0,Annotations/YOLO/IMG0000964.txt,leg|no_fracture,False
fracatlas,fracatlas/FracAtlas,images/Non_fractured/IMG0000965.jpg,IMG0000965,no_fracture,g955,train,none,955,-1,,False,ec1b546d39963331,leg,lateral,0,0,Annotations/YOLO/IMG0000965.txt,leg|no_fracture,False
fracatlas,fracatlas/FracAtlas,images/Non_fractured/IMG0000966.jpg,IMG0000966,no_fracture,g956,test,none,956,-1,,True,c4b3c833e273c933,leg,frontal,0,0,Annotations/YOLO/IMG0000966.txt,leg|no_fracture,False
fracatlas,fracatlas/FracAtlas,images/Non_fractured/IMG0000967.jpg,IMG0000967,no_fracture,g957,train,none,957,-1,,False,e19d2743103c59fb,leg,lateral,0,0,Annotations/YOLO/IMG0000967.txt,leg|no_fracture,False
fracatlas,fracatlas/FracAtlas,images/Non_fractured/IMG0000968.jpg,IMG0000968,no_fracture,g958,train,none,958,-1,,False,6d1b5653e4ae124d,mixed,frontal,0,0,Annotations/YOLO/IMG0000968.txt,mixed|no_fracture,False
fracatlas,fracatlas/FracAtlas,images/Non_fractured/IMG0000969.jpg,IMG0000969,no_fracture,g959,train,none,959,-1,,False,317bcc1933ccc999,leg,frontal,0,0,Annotations/YOLO/IMG0000969.txt,leg|no_fracture,False
fracatlas,fracatlas/FracAtlas,images/Non_fractured/IMG0000970.jpg,IMG0000970,no_fracture,g960,train,none,960,-1,,False,92dd64b3c98c3333,leg,lateral,0,0,Annotations/YOLO/IMG0000970.txt,leg|no_fracture,False
fracatlas,fracatlas/FracAtlas,images/Non_fractured/IMG0000971.jpg,IMG0000971,no_fracture,g961,train,none,961,-1,,False,405331e773d37133,leg,frontal,0,0,Annotations/YOLO/IMG0000971.txt,leg|no_fracture,False
fracatlas,fracatlas/FracAtlas,images/Non_fractured/IMG0000972.jpg,IMG0000972,no_fracture,g962,val,none,962,-1,,False,1ac6555992e67371,leg,lateral,0,0,Annotations/YOLO/IMG0000972.txt,leg|no_fracture,False
fracatlas,fracatlas/FracAtlas,images/Non_fractured/IMG0000973.jpg,IMG0000973,no_fracture,g963,train,none,963,-1,,False,70b7698931b169d9,leg,frontal,0,0,Annotations/YOLO/IMG0000973.txt,leg|no_fracture,False
fracatlas,fracatlas/FracAtlas,images/Non_fractured/IMG0000974.jpg,IMG0000974,no_fracture,g964,train,none,964,-1,,False,3e264399983c59db,leg,lateral,0,0,Annotations/YOLO/IMG0000974.txt,leg|no_fracture,False
fracatlas,fracatlas/FracAtlas,images/Non_fractured/IMG0000975.jpg,IMG0000975,no_fracture,g965,test,none,965,-1,,True,9931736636339999,leg,frontal,0,0,Annotations/YOLO/IMG0000975.txt,leg|no_fracture,False
fracatlas,fracatlas/FracAtlas,images/Non_fractured/IMG0000976.jpg,IMG0000976,no_fracture,g61,dropped,none,61,-1,duplicate_of:IMG0000061,False,549195b5a525adb9,leg,oblique,0,0,Annotations/YOLO/IMG0000976.txt,leg|no_fracture,False
fracatlas,fracatlas/FracAtlas,images/Non_fractured/IMG0000978.jpg,IMG0000978,no_fracture,g967,test,none,967,-1,,True,66d69623b1e71929,mixed,frontal,0,0,Annotations/YOLO/IMG0000978.txt,mixed|no_fracture,False
fracatlas,fracatlas/FracAtlas,images/Non_fractured/IMG0000979.jpg,IMG0000979,no_fracture,g968,test,none,968,-1,,True,35c5cd3171cd9931,leg,frontal,0,0,Annotations/YOLO/IMG0000979.txt,leg|no_fracture,False
fracatlas,fracatlas/FracAtlas,images/Non_fractured/IMG0000980.jpg,IMG0000980,no_fracture,g969,cal,none,969,-1,,False,198d1533517763e3,leg,lateral,0,0,Annotations/YOLO/IMG0000980.txt,leg|no_fracture,False
fracatlas,fracatlas/FracAtlas,images/Non_fractured/IMG0000981.jpg,IMG0000981,no_fracture,g970,val,none,970,-1,,False,3333939999333333,leg,frontal,0,0,Annotations/YOLO/IMG0000981.txt,leg|no_fracture,False
fracatlas,fracatlas/FracAtlas,images/Non_fractured/IMG0000982.jpg,IMG0000982,no_fracture,g971,cal,none,971,-1,,False,95b5a5a5256d29a9,leg,oblique,0,0,Annotations/YOLO/IMG0000982.txt,leg|no_fracture,False
fracatlas,fracatlas/FracAtlas,images/Non_fractured/IMG0000983.jpg,IMG0000983,no_fracture,g972,train,none,972,-1,,False,494dac6c9c8dd9a9,hip,frontal,0,0,Annotations/YOLO/IMG0000983.txt,hip|no_fracture,False
fracatlas,fracatlas/FracAtlas,images/Non_fractured/IMG0000984.jpg,IMG0000984,no_fracture,g973,test,none,973,-1,,True,92d9526566339b99,leg,frontal,0,0,Annotations/YOLO/IMG0000984.txt,leg|no_fracture,False
fracatlas,fracatlas/FracAtlas,images/Non_fractured/IMG0000985.jpg,IMG0000985,no_fracture,g974,train,none,974,-1,,False,9193b4a5e4ed2939,leg,oblique,0,0,Annotations/YOLO/IMG0000985.txt,leg|no_fracture,False
fracatlas,fracatlas/FracAtlas,images/Non_fractured/IMG0000986.jpg,IMG0000986,no_fracture,g975,test,none,975,-1,,True,989b983b644f9999,leg,frontal,0,0,Annotations/YOLO/IMG0000986.txt,leg|no_fracture,False
fracatlas,fracatlas/FracAtlas,images/Non_fractured/IMG0000987.jpg,IMG0000987,no_fracture,g976,train,none,976,-1,,False,b6e3616333339199,leg,oblique,0,0,Annotations/YOLO/IMG0000987.txt,leg|no_fracture,False
fracatlas,fracatlas/FracAtlas,images/Non_fractured/IMG0000988.jpg,IMG0000988,no_fracture,g977,val,none,977,-1,,False,1347130fcfc33333,leg,frontal,0,0,Annotations/YOLO/IMG0000988.txt,leg|no_fracture,False
fracatlas,fracatlas/FracAtlas,images/Non_fractured/IMG0000989.jpg,IMG0000989,no_fracture,g978,train,none,978,-1,,False,4db6b1b999923331,leg,lateral,0,0,Annotations/YOLO/IMG0000989.txt,leg|no_fracture,False
fracatlas,fracatlas/FracAtlas,images/Non_fractured/IMG0000990.jpg,IMG0000990,no_fracture,g979,train,none,979,-1,,False,9099296d6d6d49d9,hand,frontal,0,0,Annotations/YOLO/IMG0000990.txt,hand|no_fracture,False
fracatlas,fracatlas/FracAtlas,images/Non_fractured/IMG0000991.jpg,IMG0000991,no_fracture,g980,val,none,980,-1,,False,b295a5b22d646ad9,hand,lateral,0,0,Annotations/YOLO/IMG0000991.txt,hand|no_fracture,False
fracatlas,fracatlas/FracAtlas,images/Non_fractured/IMG0000992.jpg,IMG0000992,no_fracture,g981,train,none,981,-1,,False,c463c1336373d933,leg,frontal,0,0,Annotations/YOLO/IMG0000992.txt,leg|no_fracture,False
fracatlas,fracatlas/FracAtlas,images/Non_fractured/IMG0000993.jpg,IMG0000993,no_fracture,g982,train,none,982,-1,,False,75aa4ed13912f351,leg,lateral,0,0,Annotations/YOLO/IMG0000993.txt,leg|no_fracture,False
fracatlas,fracatlas/FracAtlas,images/Non_fractured/IMG0000994.jpg,IMG0000994,no_fracture,g983,test,none,983,-1,,True,ca1e13e3c38333e3,leg,frontal,0,0,Annotations/YOLO/IMG0000994.txt,leg|no_fracture,False
fracatlas,fracatlas/FracAtlas,images/Non_fractured/IMG0000995.jpg,IMG0000995,no_fracture,g984,train,none,984,-1,,False,9b246cdb332c5959,leg,lateral,0,0,Annotations/YOLO/IMG0000995.txt,leg|no_fracture,False
fracatlas,fracatlas/FracAtlas,images/Non_fractured/IMG0000996.jpg,IMG0000996,no_fracture,g985,train,none,985,-1,,False,337263637333131b,leg,frontal,0,0,Annotations/YOLO/IMG0000996.txt,leg|no_fracture,False
fracatlas,fracatlas/FracAtlas,images/Non_fractured/IMG0000997.jpg,IMG0000997,no_fracture,g61,dropped,none,61,-1,duplicate_of:IMG0000061,False,d19595b5a525ad89,leg,oblique,0,0,Annotations/YOLO/IMG0000997.txt,leg|no_fracture,False
fracatlas,fracatlas/FracAtlas,images/Non_fractured/IMG0000998.jpg,IMG0000998,no_fracture,g987,train,none,987,-1,,False,3cd4f34dc139b10b,hip,frontal,0,0,Annotations/YOLO/IMG0000998.txt,hip|no_fracture,False
fracatlas,fracatlas/FracAtlas,images/Non_fractured/IMG0000999.jpg,IMG0000999,no_fracture,g988,train,none,988,-1,,False,99981b919bd99999,hand,frontal,0,0,Annotations/YOLO/IMG0000999.txt,hand|no_fracture,False
fracatlas,fracatlas/FracAtlas,images/Non_fractured/IMG0001000.jpg,IMG0001000,no_fracture,g989,cal,none,989,-1,,False,1bb0139933b59b99,hand,oblique,0,0,Annotations/YOLO/IMG0001000.txt,hand|no_fracture,False
fracatlas,fracatlas/FracAtlas,images/Non_fractured/IMG0001001.jpg,IMG0001001,no_fracture,g990,train,none,990,-1,,False,e1e3892bc9c99999,hand,frontal,0,0,Annotations/YOLO/IMG0001001.txt,hand|no_fracture,False
fracatlas,fracatlas/FracAtlas,images/Non_fractured/IMG0001002.jpg,IMG0001002,no_fracture,g991,test,none,991,-1,,True,32dd4635984dd999,hand,lateral,0,0,Annotations/YOLO/IMG0001002.txt,hand|no_fracture,False
fracatlas,fracatlas/FracAtlas,images/Non_fractured/IMG0001003.jpg,IMG0001003,no_fracture,g992,train,none,992,-1,,False,54af50b3e0772275,hand,frontal,0,0,Annotations/YOLO/IMG0001003.txt,hand|no_fracture,False
fracatlas,fracatlas/FracAtlas,images/Non_fractured/IMG0001004.jpg,IMG0001004,no_fracture,g993,train,none,993,-1,,False,6675f2d962373211,hand,oblique,0,0,Annotations/YOLO/IMG0001004.txt,hand|no_fracture,False
fracatlas,fracatlas/FracAtlas,images/Non_fractured/IMG0001005.jpg,IMG0001005,no_fracture,g994,val,none,994,-1,,False,641f888fc4c7e273,hand,frontal,0,0,Annotations/YOLO/IMG0001005.txt,hand|no_fracture,False
fracatlas,fracatlas/FracAtlas,images/Non_fractured/IMG0001006.jpg,IMG0001006,no_fracture,g995,train,none,995,-1,,False,298e567139666373,hand,lateral,0,0,Annotations/YOLO/IMG0001006.txt,hand|no_fracture,False
fracatlas,fracatlas/FracAtlas,images/Fractured/IMG0001007.jpg,IMG0001007,fracture,g996,cal,train,996,-1,,False,33903b1933359b9b,hand,frontal,0,1,Annotations/YOLO/IMG0001007.txt,hand|fracture,False
fracatlas,fracatlas/FracAtlas,images/Fractured/IMG0001008.jpg,IMG0001008,fracture,g997,train,train,997,-1,,False,8262ca3373e73333,hand,lateral,0,1,Annotations/YOLO/IMG0001008.txt,hand|fracture,False
fracatlas,fracatlas/FracAtlas,images/Non_fractured/IMG0001009.jpg,IMG0001009,no_fracture,g998,train,none,998,-1,,False,3393c2e666333333,leg,frontal,0,0,Annotations/YOLO/IMG0001009.txt,leg|no_fracture,False
fracatlas,fracatlas/FracAtlas,images/Non_fractured/IMG0001010.jpg,IMG0001010,no_fracture,g61,dropped,none,61,-1,duplicate_of:IMG0000061,False,9195b5b5a525ad89,leg,oblique,0,0,Annotations/YOLO/IMG0001010.txt,leg|no_fracture,False
fracatlas,fracatlas/FracAtlas,images/Non_fractured/IMG0001011.jpg,IMG0001011,no_fracture,g1000,cal,none,1000,-1,,False,833333e363633333,leg,frontal,0,0,Annotations/YOLO/IMG0001011.txt,leg|no_fracture,False
fracatlas,fracatlas/FracAtlas,images/Non_fractured/IMG0001012.jpg,IMG0001012,no_fracture,g1001,train,none,1001,-1,,False,130383c7c7c76373,leg,oblique,0,0,Annotations/YOLO/IMG0001012.txt,leg|no_fracture,False
fracatlas,fracatlas/FracAtlas,images/Non_fractured/IMG0001013.jpg,IMG0001013,no_fracture,g1002,train,none,1002,-1,,False,9c9e9487589b3969,mixed,frontal,0,0,Annotations/YOLO/IMG0001013.txt,mixed|no_fracture,False
fracatlas,fracatlas/FracAtlas,images/Non_fractured/IMG0001014.jpg,IMG0001014,no_fracture,g1003,val,none,1003,-1,,False,d49b560d3cf14b29,mixed,frontal,0,0,Annotations/YOLO/IMG0001014.txt,mixed|no_fracture,False
fracatlas,fracatlas/FracAtlas,images/Non_fractured/IMG0001015.jpg,IMG0001015,no_fracture,g1004,train,none,1004,-1,,False,9c971fe18d8549e1,leg,frontal,0,0,Annotations/YOLO/IMG0001015.txt,leg|no_fracture,False
fracatlas,fracatlas/FracAtlas,images/Non_fractured/IMG0001016.jpg,IMG0001016,no_fracture,g1005,val,none,1005,-1,,False,9933736366333133,leg,frontal,0,0,Annotations/YOLO/IMG0001016.txt,leg|no_fracture,False
fracatlas,fracatlas/FracAtlas,images/Non_fractured/IMG0001017.jpg,IMG0001017,no_fracture,g1006,train,none,1006,-1,,False,11331f0f0f8f8763,leg,oblique,0,0,Annotations/YOLO/IMG0001017.txt,leg|no_fracture,False
fracatlas,fracatlas/FracAtlas,images/Non_fractured/IMG0001018.jpg,IMG0001018,no_fracture,g1007,cal,none,1007,-1,,False,1ca565a395a571e5,leg,frontal,0,0,Annotations/YOLO/IMG0001018.txt,leg|no_fracture,False
fracatlas,fracatlas/FracAtlas,images/Non_fractured/IMG0001019.jpg,IMG0001019,no_fracture,g1008,train,none,1008,-1,,False,c0c7c283e333e373,leg,frontal,0,0,Annotations/YOLO/IMG0001019.txt,leg|no_fracture,False
fracatlas,fracatlas/FracAtlas,images/Non_fractured/IMG0001020.jpg,IMG0001020,no_fracture,g1009,val,none,1009,-1,,False,9c638c730ce3e333,leg,lateral,0,0,Annotations/YOLO/IMG0001020.txt,leg|no_fracture,False
fracatlas,fracatlas/FracAtlas,images/Non_fractured/IMG0001021.jpg,IMG0001021,no_fracture,g736,dropped,none,736,-1,duplicate_of:IMG0000745,False,91d3919191b3f333,leg,frontal,0,0,Annotations/YOLO/IMG0001021.txt,leg|no_fracture,False
fracatlas,fracatlas/FracAtlas,images/Non_fractured/IMG0001022.jpg,IMG0001022,no_fracture,g1011,train,none,1011,-1,,False,11d999999933b333,leg,frontal,0,0,Annotations/YOLO/IMG0001022.txt,leg|no_fracture,False
fracatlas,fracatlas/FracAtlas,images/Non_fractured/IMG0001023.jpg,IMG0001023,no_fracture,g1012,test,none,1012,-1,,True,5b30695b991849fb,leg,lateral,0,0,Annotations/YOLO/IMG0001023.txt,leg|no_fracture,False
fracatlas,fracatlas/FracAtlas,images/Non_fractured/IMG0001024.jpg,IMG0001024,no_fracture,g1013,train,none,1013,-1,,False,94c5a5e595a5b1e1,leg,frontal,0,0,Annotations/YOLO/IMG0001024.txt,leg|no_fracture,False
fracatlas,fracatlas/FracAtlas,images/Fractured/IMG0001025.jpg,IMG0001025,fracture,g1014,train,train,1014,-1,,False,00f72033e1e77373,hand,frontal,0,1,Annotations/YOLO/IMG0001025.txt,hand|fracture,False
fracatlas,fracatlas/FracAtlas,images/Fractured/IMG0001026.jpg,IMG0001026,fracture,g1015,train,train,1015,-1,,False,8d9925cd91673333,hand,lateral,0,1,Annotations/YOLO/IMG0001026.txt,hand|fracture,False
fracatlas,fracatlas/FracAtlas,images/Non_fractured/IMG0001027.jpg,IMG0001027,no_fracture,g1016,test,none,1016,-1,,True,c4c38933e363d933,leg,frontal,0,0,Annotations/YOLO/IMG0001027.txt,leg|no_fracture,False
fracatlas,fracatlas/FracAtlas,images/Non_fractured/IMG0001028.jpg,IMG0001028,no_fracture,g1017,train,none,1017,-1,,False,d3350dcbb216e351,leg,lateral,0,0,Annotations/YOLO/IMG0001028.txt,leg|no_fracture,False
fracatlas,fracatlas/FracAtlas,images/Non_fractured/IMG0001029.jpg,IMG0001029,no_fracture,g1018,cal,none,1018,-1,,False,9366c393c363c933,leg,oblique,0,0,Annotations/YOLO/IMG0001029.txt,leg|no_fracture,False
fracatlas,fracatlas/FracAtlas,images/Non_fractured/IMG0001030.jpg,IMG0001030,no_fracture,g1019,train,none,1019,-1,,False,631654513b36f371,leg,lateral,0,0,Annotations/YOLO/IMG0001030.txt,leg|no_fracture,False
fracatlas,fracatlas/FracAtlas,images/Non_fractured/IMG0001031.jpg,IMG0001031,no_fracture,g1020,train,none,1020,-1,,False,1558d1a55575f1a5,leg,frontal,0,0,Annotations/YOLO/IMG0001031.txt,leg|no_fracture,False
fracatlas,fracatlas/FracAtlas,images/Non_fractured/IMG0001032.jpg,IMG0001032,no_fracture,g1021,test,none,1021,-1,,True,0ace55791a967371,leg,lateral,0,0,Annotations/YOLO/IMG0001032.txt,leg|no_fracture,False
fracatlas,fracatlas/FracAtlas,images/Non_fractured/IMG0001033.jpg,IMG0001033,no_fracture,g1022,train,none,1022,-1,,False,06493ea719bcada9,leg,lateral,0,0,Annotations/YOLO/IMG0001033.txt,leg|no_fracture,False
fracatlas,fracatlas/FracAtlas,images/Non_fractured/IMG0001034.jpg,IMG0001034,no_fracture,g1023,train,none,1023,-1,,False,05258d2b8fa7cbe1,leg,frontal,0,0,Annotations/YOLO/IMG0001034.txt,leg|no_fracture,False
fracatlas,fracatlas/FracAtlas,images/Non_fractured/IMG0001035.jpg,IMG0001035,no_fracture,g1024,test,none,1024,-1,,True,7863a16c9c9e59a9,hip,frontal,0,0,Annotations/YOLO/IMG0001035.txt,hip|no_fracture,False
fracatlas,fracatlas/FracAtlas,images/Non_fractured/IMG0001036.jpg,IMG0001036,no_fracture,g1025,train,none,1025,-1,,False,840b616ba7e36be1,leg,frontal,0,0,Annotations/YOLO/IMG0001036.txt,leg|no_fracture,False
fracatlas,fracatlas/FracAtlas,images/Non_fractured/IMG0001037.jpg,IMG0001037,no_fracture,g1026,train,none,1026,-1,,False,c4fbc1b361735131,leg,frontal,0,0,Annotations/YOLO/IMG0001037.txt,leg|no_fracture,False
fracatlas,fracatlas/FracAtlas,images/Non_fractured/IMG0001038.jpg,IMG0001038,no_fracture,g1027,train,none,1027,-1,,False,299a44719bd2f371,leg,lateral,0,0,Annotations/YOLO/IMG0001038.txt,leg|no_fracture,False
fracatlas,fracatlas/FracAtlas,images/Non_fractured/IMG0001039.jpg,IMG0001039,no_fracture,g1028,cal,none,1028,-1,,False,cc93b899c84f48ed,mixed,frontal,0,0,Annotations/YOLO/IMG0001039.txt,mixed|no_fracture,False
fracatlas,fracatlas/FracAtlas,images/Non_fractured/IMG0001040.jpg,IMG0001040,no_fracture,g1029,train,none,1029,-1,,False,b6d992116c6d4cad,mixed,lateral,0,0,Annotations/YOLO/IMG0001040.txt,mixed|no_fracture,False
fracatlas,fracatlas/FracAtlas,images/Fractured/IMG0001041.jpg,IMG0001041,fracture,g1030,cal,train,1030,-1,,False,f2d24997495d6949,hand,frontal,0,1,Annotations/YOLO/IMG0001041.txt,hand|fracture,False
fracatlas,fracatlas/FracAtlas,images/Non_fractured/IMG0001042.jpg,IMG0001042,no_fracture,g1031,train,none,1031,-1,,False,92c969b74997c949,hand,lateral,0,0,Annotations/YOLO/IMG0001042.txt,hand|no_fracture,False
fracatlas,fracatlas/FracAtlas,images/Non_fractured/IMG0001043.jpg,IMG0001043,no_fracture,g1032,test,none,1032,-1,,True,64d9595933339999,leg,frontal,0,0,Annotations/YOLO/IMG0001043.txt,leg|no_fracture,False
fracatlas,fracatlas/FracAtlas,images/Non_fractured/IMG0001044.jpg,IMG0001044,no_fracture,g1033,val,none,1033,-1,,False,1e8f8ec7462743c3,leg,oblique,0,0,Annotations/YOLO/IMG0001044.txt,leg|no_fracture,False
fracatlas,fracatlas/FracAtlas,images/Non_fractured/IMG0001045.jpg,IMG0001045,no_fracture,g1034,train,none,1034,-1,,False,9cb5a5656151d359,shoulder,frontal,0,0,Annotations/YOLO/IMG0001045.txt,shoulder|no_fracture,False
fracatlas,fracatlas/FracAtlas,images/Non_fractured/IMG0001046.jpg,IMG0001046,no_fracture,g1035,cal,none,1035,-1,,False,13dbcc896736cc83,mixed,frontal,0,0,Annotations/YOLO/IMG0001046.txt,mixed|no_fracture,False
fracatlas,fracatlas/FracAtlas,images/Non_fractured/IMG0001047.jpg,IMG0001047,no_fracture,g1036,test,none,1036,-1,,True,31313111b3f3f333,leg,frontal,0,0,Annotations/YOLO/IMG0001047.txt,leg|no_fracture,False
fracatlas,fracatlas/FracAtlas,images/Non_fractured/IMG0001048.jpg,IMG0001048,no_fracture,g1037,test,none,1037,-1,,True,01d8e75311b859fb,leg,lateral,0,0,Annotations/YOLO/IMG0001048.txt,leg|no_fracture,False
fracatlas,fracatlas/FracAtlas,images/Non_fractured/IMG0001049.jpg,IMG0001049,no_fracture,g1038,test,none,1038,-1,,True,0a4eb6aa4adc99f1,hip,frontal,0,0,Annotations/YOLO/IMG0001049.txt,hip|no_fracture,False
fracatlas,fracatlas/FracAtlas,images/Non_fractured/IMG0001050.jpg,IMG0001050,no_fracture,g1039,train,none,1039,-1,,False,72b9980f09c81f3f,mixed,frontal,0,0,Annotations/YOLO/IMG0001050.txt,mixed|no_fracture,False
fracatlas,fracatlas/FracAtlas,images/Non_fractured/IMG0001051.jpg,IMG0001051,no_fracture,g1040,train,none,1040,-1,,False,98b07c90f07ca3db,hip,frontal,0,0,Annotations/YOLO/IMG0001051.txt,hip|no_fracture,False
fracatlas,fracatlas/FracAtlas,images/Non_fractured/IMG0001052.jpg,IMG0001052,no_fracture,g1041,train,none,1041,-1,,False,6c3ea6489a9979a9,hip,frontal,0,0,Annotations/YOLO/IMG0001052.txt,hip|no_fracture,False
fracatlas,fracatlas/FracAtlas,images/Non_fractured/IMG0001053.jpg,IMG0001053,no_fracture,g1042,train,none,1042,-1,,False,844c61c7d97396b9,shoulder,frontal,0,0,Annotations/YOLO/IMG0001053.txt,shoulder|no_fracture,False
fracatlas,fracatlas/FracAtlas,images/Non_fractured/IMG0001054.jpg,IMG0001054,no_fracture,g1043,train,none,1043,-1,,False,8c63918c738de373,leg,frontal,0,0,Annotations/YOLO/IMG0001054.txt,leg|no_fracture,False
fracatlas,fracatlas/FracAtlas,images/Non_fractured/IMG0001055.jpg,IMG0001055,no_fracture,g1044,test,none,1044,-1,,True,871dc30db1c77133,leg,lateral,0,0,Annotations/YOLO/IMG0001055.txt,leg|no_fracture,False
fracatlas,fracatlas/FracAtlas,images/Non_fractured/IMG0001056.jpg,IMG0001056,no_fracture,g1045,val,none,1045,-1,,False,0ff1073c83c76363,leg,lateral,0,0,Annotations/YOLO/IMG0001056.txt,leg|no_fracture,False
fracatlas,fracatlas/FracAtlas,images/Non_fractured/IMG0001057.jpg,IMG0001057,no_fracture,g1046,cal,none,1046,-1,,False,f3e56ccc3219b10b,hip,frontal,0,0,Annotations/YOLO/IMG0001057.txt,hip|no_fracture,False
fracatlas,fracatlas/FracAtlas,images/Non_fractured/IMG0001058.jpg,IMG0001058,no_fracture,g1047,train,none,1047,-1,,False,737960327013fc73,shoulder,frontal,0,0,Annotations/YOLO/IMG0001058.txt,shoulder|no_fracture,False
fracatlas,fracatlas/FracAtlas,images/Non_fractured/IMG0001059.jpg,IMG0001059,no_fracture,g1048,cal,none,1048,-1,,False,8c8781e3c3c3b3e3,leg,frontal,0,0,Annotations/YOLO/IMG0001059.txt,leg|no_fracture,False
fracatlas,fracatlas/FracAtlas,images/Non_fractured/IMG0001060.jpg,IMG0001060,no_fracture,g1049,train,none,1049,-1,,False,d6cdd9731686c341,leg,lateral,0,0,Annotations/YOLO/IMG0001060.txt,leg|no_fracture,False
fracatlas,fracatlas/FracAtlas,images/Non_fractured/IMG0001061.jpg,IMG0001061,no_fracture,g548,dropped,none,548,-1,duplicate_of:IMG0000556,False,4a5bd295b4252d9d,leg,oblique,0,0,Annotations/YOLO/IMG0001061.txt,leg|no_fracture,False
fracatlas,fracatlas/FracAtlas,images/Non_fractured/IMG0001062.jpg,IMG0001062,no_fracture,g1051,train,none,1051,-1,,False,1e8dc2f35c5f082b,hand,frontal,0,0,Annotations/YOLO/IMG0001062.txt,hand|no_fracture,False
fracatlas,fracatlas/FracAtlas,images/Non_fractured/IMG0001063.jpg,IMG0001063,no_fracture,g1052,train,none,1052,-1,,False,3332991931379b9b,hand,frontal,0,0,Annotations/YOLO/IMG0001063.txt,hand|no_fracture,False
fracatlas,fracatlas/FracAtlas,images/Non_fractured/IMG0001064.jpg,IMG0001064,no_fracture,g793,dropped,none,793,-1,duplicate_of:IMG0000802,False,22329b9939379b99,hand,oblique,0,0,Annotations/YOLO/IMG0001064.txt,hand|no_fracture,False
fracatlas,fracatlas/FracAtlas,images/Non_fractured/IMG0001065.jpg,IMG0001065,no_fracture,g1054,train,none,1054,-1,,False,c833d86639cdcc99,leg,frontal,0,0,Annotations/YOLO/IMG0001065.txt,leg|no_fracture,False
fracatlas,fracatlas/FracAtlas,images/Non_fractured/IMG0001066.jpg,IMG0001066,no_fracture,g1055,test,none,1055,-1,,True,4db6c92453c99b99,leg,lateral,0,0,Annotations/YOLO/IMG0001066.txt,leg|no_fracture,False
fracatlas,fracatlas/FracAtlas,images/Non_fractured/IMG0001067.jpg,IMG0001067,no_fracture,g1056,train,none,1056,-1,,False,af51ae510ad7460f,leg,frontal,0,0,Annotations/YOLO/IMG0001067.txt,leg|no_fracture,False
fracatlas,fracatlas/FracAtlas,images/Non_fractured/IMG0001068.jpg,IMG0001068,no_fracture,g1057,cal,none,1057,-1,,False,d0ba0cce1530afcf,hip,frontal,0,0,Annotations/YOLO/IMG0001068.txt,hip|no_fracture,False
fracatlas,fracatlas/FracAtlas,images/Non_fractured/IMG0001069.jpg,IMG0001069,no_fracture,g1058,train,none,1058,-1,,False,7a7119455999f9a1,hip,frontal,0,0,Annotations/YOLO/IMG0001069.txt,hip|no_fracture,False
fracatlas,fracatlas/FracAtlas,images/Non_fractured/IMG0001071.jpg,IMG0001071,no_fracture,g1059,val,none,1059,-1,,False,7939394cccc99999,leg,frontal,0,0,Annotations/YOLO/IMG0001071.txt,leg|no_fracture,False
fracatlas,fracatlas/FracAtlas,images/Non_fractured/IMG0001072.jpg,IMG0001072,no_fracture,g1060,train,none,1060,-1,,False,3863c6997334999b,leg,lateral,0,0,Annotations/YOLO/IMG0001072.txt,leg|no_fracture,False
fracatlas,fracatlas/FracAtlas,images/Fractured/IMG0001073.jpg,IMG0001073,fracture,g1061,train,train,1061,-1,,False,bd21b55a5e491ca5,hand,frontal,0,2,Annotations/YOLO/IMG0001073.txt,hand|fracture,False
fracatlas,fracatlas/FracAtlas,images/Non_fractured/IMG0001074.jpg,IMG0001074,no_fracture,g1062,val,none,1062,-1,,False,9999096d64c9d9d9,leg,frontal,0,0,Annotations/YOLO/IMG0001074.txt,leg|no_fracture,False
fracatlas,fracatlas/FracAtlas,images/Non_fractured/IMG0001075.jpg,IMG0001075,no_fracture,g1063,train,none,1063,-1,,False,31252d6d4dcd6939,leg,oblique,0,0,Annotations/YOLO/IMG0001075.txt,leg|no_fracture,False
fracatlas,fracatlas/FracAtlas,images/Non_fractured/IMG0001076.jpg,IMG0001076,no_fracture,g1064,train,none,1064,-1,,False,e277a68d4c0eb2a5,mixed,frontal,0,0,Annotations/YOLO/IMG0001076.txt,mixed|no_fracture,False
fracatlas,fracatlas/FracAtlas,images/Non_fractured/IMG0001077.jpg,IMG0001077,no_fracture,g1065,cal,none,1065,-1,,False,40d7c0e3e2677273,hand,frontal,0,0,Annotations/YOLO/IMG0001077.txt,hand|no_fracture,False
fracatlas,fracatlas/FracAtlas,images/Non_fractured/IMG0001078.jpg,IMG0001078,no_fracture,g1066,val,none,1066,-1,,False,4166e291c3677373,hand,frontal,0,0,Annotations/YOLO/IMG0001078.txt,hand|no_fracture,False
fracatlas,fracatlas/FracAtlas,images/Non_fractured/IMG0001079.jpg,IMG0001079,no_fracture,g1067,train,none,1067,-1,,False,99cfcccccc999911,leg,frontal,0,0,Annotations/YOLO/IMG0001079.txt,leg|no_fracture,False
fracatlas,fracatlas/FracAtlas,images/Non_fractured/IMG0001080.jpg,IMG0001080,no_fracture,g1068,cal,none,1068,-1,,False,39296d6d6c6d4919,leg,oblique,0,0,Annotations/YOLO/IMG0001080.txt,leg|no_fracture,False
fracatlas,fracatlas/FracAtlas,images/Non_fractured/IMG0001081.jpg,IMG0001081,no_fracture,g1069,train,none,1069,-1,,False,4a0acbd98bd99999,hand,frontal,0,0,Annotations/YOLO/IMG0001081.txt,hand|no_fracture,False
fracatlas,fracatlas/FracAtlas,images/Non_fractured/IMG0001082.jpg,IMG0001082,no_fracture,g1070,cal,none,1070,-1,,False,2c2963727266e3e3,hand,lateral,0,0,Annotations/YOLO/IMG0001082.txt,hand|no_fracture,False
fracatlas,fracatlas/FracAtlas,images/Non_fractured/IMG0001083.jpg,IMG0001083,no_fracture,g1071,train,none,1071,-1,,False,99dbc8cdcc991133,leg,frontal,0,0,Annotations/YOLO/IMG0001083.txt,leg|no_fracture,False
fracatlas,fracatlas/FracAtlas,images/Non_fractured/IMG0001084.jpg,IMG0001084,no_fracture,g61,dropped,none,61,-1,duplicate_of:IMG0000061,False,d19595b5a425ad99,leg,oblique,0,0,Annotations/YOLO/IMG0001084.txt,leg|no_fracture,False
fracatlas,fracatlas/FracAtlas,images/Non_fractured/IMG0001085.jpg,IMG0001085,no_fracture,g1073,train,none,1073,-1,,False,903649d999d9c9d9,hand,frontal,0,0,Annotations/YOLO/IMG0001085.txt,hand|no_fracture,False
fracatlas,fracatlas/FracAtlas,images/Non_fractured/IMG0001086.jpg,IMG0001086,no_fracture,g1074,train,none,1074,-1,,False,40669b9b99679999,hand,lateral,0,0,Annotations/YOLO/IMG0001086.txt,hand|no_fracture,False
fracatlas,fracatlas/FracAtlas,images/Non_fractured/IMG0001087.jpg,IMG0001087,no_fracture,g1075,test,none,1075,-1,,True,44981b339bdd9999,hand,frontal,0,0,Annotations/YOLO/IMG0001087.txt,hand|no_fracture,False
fracatlas,fracatlas/FracAtlas,images/Non_fractured/IMG0001088.jpg,IMG0001088,no_fracture,g1076,train,none,1076,-1,,False,155952b68d6cb29d,mixed,frontal,0,0,Annotations/YOLO/IMG0001088.txt,mixed|no_fracture,False
fracatlas,fracatlas/FracAtlas,images/Non_fractured/IMG0001089.jpg,IMG0001089,no_fracture,g1077,train,none,1077,-1,,False,b06549d6b429769d,shoulder,frontal,0,0,Annotations/YOLO/IMG0001089.txt,shoulder|no_fracture,False
fracatlas,fracatlas/FracAtlas,images/Non_fractured/IMG0001090.jpg,IMG0001090,no_fracture,g1078,test,none,1078,-1,,True,6164337373653333,hand,frontal,0,0,Annotations/YOLO/IMG0001090.txt,hand|no_fracture,False
fracatlas,fracatlas/FracAtlas,images/Non_fractured/IMG0001091.jpg,IMG0001091,no_fracture,g1079,train,none,1079,-1,,False,c5223373c6c5e371,hand,frontal,0,0,Annotations/YOLO/IMG0001091.txt,hand|no_fracture,False
fracatlas,fracatlas/FracAtlas,images/Non_fractured/IMG0001092.jpg,IMG0001092,no_fracture,g1080,val,none,1080,-1,,False,a49e6699999679a1,hip,frontal,0,0,Annotations/YOLO/IMG0001092.txt,hip|no_fracture,False
fracatlas,fracatlas/FracAtlas,images/Non_fractured/IMG0001093.jpg,IMG0001093,no_fracture,g1081,train,none,1081,-1,,False,d9639966599c58a9,hip,frontal,0,0,Annotations/YOLO/IMG0001093.txt,hip|no_fracture,False
fracatlas,fracatlas/FracAtlas,images/Non_fractured/IMG0001094.jpg,IMG0001094,no_fracture,g1082,cal,none,1082,-1,,False,3959496d6d499999,leg,frontal,0,0,Annotations/YOLO/IMG0001094.txt,leg|no_fracture,False
fracatlas,fracatlas/FracAtlas,images/Non_fractured/IMG0001095.jpg,IMG0001095,no_fracture,g61,dropped,none,61,-1,duplicate_of:IMG0000061,False,9595b5a52525adc9,leg,oblique,0,0,Annotations/YOLO/IMG0001095.txt,leg|no_fracture,False
fracatlas,fracatlas/FracAtlas,images/Non_fractured/IMG0001096.jpg,IMG0001096,no_fracture,g1084,train,none,1084,-1,,False,27170f07c3c7c333,leg,frontal,0,0,Annotations/YOLO/IMG0001096.txt,leg|no_fracture,False
fracatlas,fracatlas/FracAtlas,images/Non_fractured/IMG0001097.jpg,IMG0001097,no_fracture,g1085,test,none,1085,-1,,True,c4e5391382f3f351,leg,lateral,0,0,Annotations/YOLO/IMG0001097.txt,leg|no_fracture,False
fracatlas,fracatlas/FracAtlas,images/Non_fractured/IMG0001098.jpg,IMG0001098,no_fracture,g1086,val,none,1086,-1,,False,cc833393c9c73399,leg,frontal,0,0,Annotations/YOLO/IMG0001098.txt,leg|no_fracture,False
fracatlas,fracatlas/FracAtlas,images/Non_fractured/IMG0001099.jpg,IMG0001099,no_fracture,g1087,cal,none,1087,-1,,False,9324485397dc59db,leg,lateral,0,0,Annotations/YOLO/IMG0001099.txt,leg|no_fracture,False
fracatlas,fracatlas/FracAtlas,images/Non_fractured/IMG0001100.jpg,IMG0001100,no_fracture,g1088,train,none,1088,-1,,False,73e123e0c033fce3,mixed,frontal,0,0,Annotations/YOLO/IMG0001100.txt,mixed|no_fracture,False
fracatlas,fracatlas/FracAtlas,images/Non_fractured/IMG0001101.jpg,IMG0001101,no_fracture,g1089,train,none,1089,-1,,False,f3c9e78086678cc3,mixed,frontal,0,0,Annotations/YOLO/IMG0001101.txt,mixed|no_fracture,False
fracatlas,fracatlas/FracAtlas,images/Non_fractured/IMG0001102.jpg,IMG0001102,no_fracture,g1090,train,none,1090,-1,,False,9193cccecc9b3133,leg,frontal,0,0,Annotations/YOLO/IMG0001102.txt,leg|no_fracture,False
fracatlas,fracatlas/FracAtlas,images/Non_fractured/IMG0001103.jpg,IMG0001103,no_fracture,g1091,train,none,1091,-1,,False,f1073cf1c33c3133,leg,lateral,0,0,Annotations/YOLO/IMG0001103.txt,leg|no_fracture,False
fracatlas,fracatlas/FracAtlas,images/Non_fractured/IMG0001104.jpg,IMG0001104,no_fracture,g1092,cal,none,1092,-1,,False,b5b6ada52525294d,hand,frontal,0,0,Annotations/YOLO/IMG0001104.txt,hand|no_fracture,False
fracatlas,fracatlas/FracAtlas,images/Non_fractured/IMG0001105.jpg,IMG0001105,no_fracture,g1093,train,none,1093,-1,,False,81b0207c6c7feb55,hand,lateral,0,0,Annotations/YOLO/IMG0001105.txt,hand|no_fracture,False
fracatlas,fracatlas/FracAtlas,images/Non_fractured/IMG0001106.jpg,IMG0001106,no_fracture,g1094,cal,none,1094,-1,,False,937f868627778c03,mixed,frontal,0,0,Annotations/YOLO/IMG0001106.txt,mixed|no_fracture,False
fracatlas,fracatlas/FracAtlas,images/Non_fractured/IMG0001107.jpg,IMG0001107,no_fracture,g1095,train,none,1095,-1,,False,ccb3c09bc8337333,leg,frontal,0,0,Annotations/YOLO/IMG0001107.txt,leg|no_fracture,False
fracatlas,fracatlas/FracAtlas,images/Non_fractured/IMG0001108.jpg,IMG0001108,no_fracture,g1096,train,none,1096,-1,,False,50f6635b98dc4969,leg,lateral,0,0,Annotations/YOLO/IMG0001108.txt,leg|no_fracture,False
fracatlas,fracatlas/FracAtlas,images/Non_fractured/IMG0001109.jpg,IMG0001109,no_fracture,g1097,train,none,1097,-1,,False,c06780d3e3677333,hand,frontal,0,0,Annotations/YOLO/IMG0001109.txt,hand|no_fracture,False
fracatlas,fracatlas/FracAtlas,images/Non_fractured/IMG0001110.jpg,IMG0001110,no_fracture,g1098,test,none,1098,-1,,True,2097d07b62773333,hand,oblique,0,0,Annotations/YOLO/IMG0001110.txt,hand|no_fracture,False
fracatlas,fracatlas/FracAtlas,images/Non_fractured/IMG0001111.jpg,IMG0001111,no_fracture,g1099,train,none,1099,-1,,False,284b486f2cff5949,leg,frontal,0,0,Annotations/YOLO/IMG0001111.txt,leg|no_fracture,False
fracatlas,fracatlas/FracAtlas,images/Non_fractured/IMG0001112.jpg,IMG0001112,no_fracture,g1100,train,none,1100,-1,,False,0998275b199c49ff,leg,lateral,0,0,Annotations/YOLO/IMG0001112.txt,leg|no_fracture,False
fracatlas,fracatlas/FracAtlas,images/Non_fractured/IMG0001113.jpg,IMG0001113,no_fracture,g1101,train,none,1101,-1,,False,c14d8969c3c393f3,leg,frontal,0,0,Annotations/YOLO/IMG0001113.txt,leg|no_fracture,False
fracatlas,fracatlas/FracAtlas,images/Non_fractured/IMG0001114.jpg,IMG0001114,no_fracture,g1102,cal,none,1102,-1,,False,312ae67159d2f351,leg,lateral,0,0,Annotations/YOLO/IMG0001114.txt,leg|no_fracture,False
fracatlas,fracatlas/FracAtlas,images/Non_fractured/IMG0001115.jpg,IMG0001115,no_fracture,g1103,train,none,1103,-1,,False,c1433363c3d39373,leg,frontal,0,0,Annotations/YOLO/IMG0001115.txt,leg|no_fracture,False
fracatlas,fracatlas/FracAtlas,images/Non_fractured/IMG0001116.jpg,IMG0001116,no_fracture,g1104,train,none,1104,-1,,False,454df9076fc13133,leg,lateral,0,0,Annotations/YOLO/IMG0001116.txt,leg|no_fracture,False
fracatlas,fracatlas/FracAtlas,images/Non_fractured/IMG0001117.jpg,IMG0001117,no_fracture,g1105,test,none,1105,-1,,True,93806d1b4c2faaed,leg,frontal,0,0,Annotations/YOLO/IMG0001117.txt,leg|no_fracture,False
fracatlas,fracatlas/FracAtlas,images/Non_fractured/IMG0001118.jpg,IMG0001118,no_fracture,g1106,train,none,1106,-1,,False,40b4677b183c49fb,leg,lateral,0,0,Annotations/YOLO/IMG0001118.txt,leg|no_fracture,False
fracatlas,fracatlas/FracAtlas,images/Non_fractured/IMG0001119.jpg,IMG0001119,no_fracture,g1107,train,none,1107,-1,,False,67612731339393d9,hand,frontal,0,0,Annotations/YOLO/IMG0001119.txt,hand|no_fracture,False
fracatlas,fracatlas/FracAtlas,images/Non_fractured/IMG0001120.jpg,IMG0001120,no_fracture,g1108,train,none,1108,-1,,False,c935d122a26eb5d9,hand,lateral,0,0,Annotations/YOLO/IMG0001120.txt,hand|no_fracture,False
fracatlas,fracatlas/FracAtlas,images/Non_fractured/IMG0001121.jpg,IMG0001121,no_fracture,g1109,val,none,1109,-1,,False,9173d1e7c1511973,leg,frontal,0,0,Annotations/YOLO/IMG0001121.txt,leg|no_fracture,False
fracatlas,fracatlas/FracAtlas,images/Non_fractured/IMG0001122.jpg,IMG0001122,no_fracture,g1110,cal,none,1110,-1,,False,61d0b67b595c4959,leg,lateral,0,0,Annotations/YOLO/IMG0001122.txt,leg|no_fracture,False
fracatlas,fracatlas/FracAtlas,images/Fractured/IMG0001123.jpg,IMG0001123,fracture,g1111,train,train,1111,-1,,False,75756b6a2a070793,hand,frontal,0,2,Annotations/YOLO/IMG0001123.txt,hand|fracture,False
fracatlas,fracatlas/FracAtlas,images/Non_fractured/IMG0001124.jpg,IMG0001124,no_fracture,g1112,test,none,1112,-1,,True,9151aa9999dd3355,hand,frontal,0,0,Annotations/YOLO/IMG0001124.txt,hand|no_fracture,False
fracatlas,fracatlas/FracAtlas,images/Non_fractured/IMG0001125.jpg,IMG0001125,no_fracture,g1113,cal,none,1113,-1,,False,3c2f4b51c46c696d,hand,lateral,0,0,Annotations/YOLO/IMG0001125.txt,hand|no_fracture,False
fracatlas,fracatlas/FracAtlas,images/Non_fractured/IMG0001126.jpg,IMG0001126,no_fracture,g1114,train,none,1114,-1,,False,000f031b59dbf3bb,leg,frontal,0,0,Annotations/YOLO/IMG0001126.txt,leg|no_fracture,False
fracatlas,fracatlas/FracAtlas,images/Non_fractured/IMG0001127.jpg,IMG0001127,no_fracture,g1115,train,none,1115,-1,,False,5894a77b58cc29e9,leg,lateral,0,0,Annotations/YOLO/IMG0001127.txt,leg|no_fracture,False
fracatlas,fracatlas/FracAtlas,images/Non_fractured/IMG0001128.jpg,IMG0001128,no_fracture,g1116,cal,none,1116,-1,,False,22cb439b49db3399,leg,frontal,0,0,Annotations/YOLO/IMG0001128.txt,leg|no_fracture,False
fracatlas,fracatlas/FracAtlas,images/Non_fractured/IMG0001129.jpg,IMG0001129,no_fracture,g1117,cal,none,1117,-1,,False,08dbb6485bb449eb,leg,lateral,0,0,Annotations/YOLO/IMG0001129.txt,leg|no_fracture,False
fracatlas,fracatlas/FracAtlas,images/Non_fractured/IMG0001130.jpg,IMG0001130,no_fracture,g1118,train,none,1118,-1,,False,48c81b19cbcfd999,hand,frontal,0,0,Annotations/YOLO/IMG0001130.txt,hand|no_fracture,False
fracatlas,fracatlas/FracAtlas,images/Non_fractured/IMG0001131.jpg,IMG0001131,no_fracture,g1119,train,none,1119,-1,,False,6602bb99c9679999,hand,lateral,0,0,Annotations/YOLO/IMG0001131.txt,hand|no_fracture,False
fracatlas,fracatlas/FracAtlas,images/Non_fractured/IMG0001132.jpg,IMG0001132,no_fracture,g1120,test,none,1120,-1,,True,8c779073c4679873,leg,frontal,0,0,Annotations/YOLO/IMG0001132.txt,leg|no_fracture,False
fracatlas,fracatlas/FracAtlas,images/Non_fractured/IMG0001133.jpg,IMG0001133,no_fracture,g1121,test,none,1121,-1,,True,aa3a54453b96f351,leg,lateral,0,0,Annotations/YOLO/IMG0001133.txt,leg|no_fracture,False
fracatlas,fracatlas/FracAtlas,images/Non_fractured/IMG0001134.jpg,IMG0001134,no_fracture,g1122,cal,none,1122,-1,,False,41ccc933d9d9d991,leg,frontal,0,0,Annotations/YOLO/IMG0001134.txt,leg|no_fracture,False
fracatlas,fracatlas/FracAtlas,images/Non_fractured/IMG0001135.jpg,IMG0001135,no_fracture,g1123,train,none,1123,-1,,False,a749d6a7a192d949,leg,lateral,0,0,Annotations/YOLO/IMG0001135.txt,leg|no_fracture,False
fracatlas,fracatlas/FracAtlas,images/Non_fractured/IMG0001136.jpg,IMG0001136,no_fracture,g1124,test,none,1124,-1,,True,999d01ddcf41e155,hand,frontal,0,0,Annotations/YOLO/IMG0001136.txt,hand|no_fracture,False
fracatlas,fracatlas/FracAtlas,images/Non_fractured/IMG0001137.jpg,IMG0001137,no_fracture,g1125,train,none,1125,-1,,False,4aca4ad755d5a155,hand,lateral,0,0,Annotations/YOLO/IMG0001137.txt,hand|no_fracture,False
fracatlas,fracatlas/FracAtlas,images/Non_fractured/IMG0001138.jpg,IMG0001138,no_fracture,g1126,train,none,1126,-1,,False,54ab5a5754ab2a55,hand,frontal,0,0,Annotations/YOLO/IMG0001138.txt,hand|no_fracture,False
fracatlas,fracatlas/FracAtlas,images/Non_fractured/IMG0001139.jpg,IMG0001139,no_fracture,g1127,cal,none,1127,-1,,False,b7a0a4a9f4eb4255,hand,frontal,0,0,Annotations/YOLO/IMG0001139.txt,hand|no_fracture,False
fracatlas,fracatlas/FracAtlas,images/Non_fractured/IMG0001140.jpg,IMG0001140,no_fracture,g1128,train,none,1128,-1,,False,6a75b2d162653333,hand,frontal,0,0,Annotations/YOLO/IMG0001140.txt,hand|no_fracture,False
fracatlas,fracatlas/FracAtlas,images/Non_fractured/IMG0001141.jpg,IMG0001141,no_fracture,g1129,train,none,1129,-1,,False,706fcc3b30cf3033,hand,lateral,0,0,Annotations/YOLO/IMG0001141.txt,hand|no_fracture,False
fracatlas,fracatlas/FracAtlas,images/Non_fractured/IMG0001142.jpg,IMG0001142,no_fracture,g1130,train,none,1130,-1,,False,9949196658de59e9,hip,frontal,0,0,Annotations/YOLO/IMG0001142.txt,hip|no_fracture,False
fracatlas,fracatlas/FracAtlas,images/Non_fractured/IMG0001143.jpg,IMG0001143,no_fracture,g1131,cal,none,1131,-1,,False,b0ad2c2d6d699999,leg,frontal,0,0,Annotations/YOLO/IMG0001143.txt,leg|no_fracture,False
fracatlas,fracatlas/FracAtlas,images/Non_fractured/IMG0001144.jpg,IMG0001144,no_fracture,g1132,test,none,1132,-1,,True,1a9392b764e5a535,leg,oblique,0,0,Annotations/YOLO/IMG0001144.txt,leg|no_fracture,False
fracatlas,fracatlas/FracAtlas,images/Non_fractured/IMG0001145.jpg,IMG0001145,no_fracture,g1133,train,none,1133,-1,,False,49b989a9696969d9,leg,frontal,0,0,Annotations/YOLO/IMG0001145.txt,leg|no_fracture,False
fracatlas,fracatlas/FracAtlas,images/Non_fractured/IMG0001146.jpg,IMG0001146,no_fracture,g1134,cal,none,1134,-1,,False,00b4277b98ac29ff,leg,lateral,0,0,Annotations/YOLO/IMG0001146.txt,leg|no_fracture,False
fracatlas,fracatlas/FracAtlas,images/Fractured/IMG0001147.jpg,IMG0001147,fracture,g443,dropped,train,443,-1,duplicate_of:IMG0000851,False,3333331b33333333,hand,frontal,0,1,Annotations/YOLO/IMG0001147.txt,hand|fracture,False
fracatlas,fracatlas/FracAtlas,images/Fractured/IMG0001148.jpg,IMG0001148,fracture,g1136,train,train,1136,-1,,False,33130f33338f3333,hand,lateral,0,1,Annotations/YOLO/IMG0001148.txt,hand|fracture,False
fracatlas,fracatlas/FracAtlas,images/Non_fractured/IMG0001149.jpg,IMG0001149,no_fracture,g1137,train,none,1137,-1,,False,6c3b482b4c3f4d99,leg,frontal,0,0,Annotations/YOLO/IMG0001149.txt,leg|no_fracture,False
fracatlas,fracatlas/FracAtlas,images/Non_fractured/IMG0001150.jpg,IMG0001150,no_fracture,g1138,val,none,1138,-1,,False,6f1324499b98d9d9,leg,lateral,0,0,Annotations/YOLO/IMG0001150.txt,leg|no_fracture,False
fracatlas,fracatlas/FracAtlas,images/Fractured/IMG0001151.jpg,IMG0001151,fracture,g1139,test,train,1139,-1,,True,9b00bb991b259b9b,hand,frontal,0,1,Annotations/YOLO/IMG0001151.txt,hand|fracture,False
fracatlas,fracatlas/FracAtlas,images/Fractured/IMG0001152.jpg,IMG0001152,fracture,g1140,train,train,1140,-1,,False,3667663332c73233,hand,lateral,0,1,Annotations/YOLO/IMG0001152.txt,hand|fracture,False
fracatlas,fracatlas/FracAtlas,images/Non_fractured/IMG0001153.jpg,IMG0001153,no_fracture,g1141,train,none,1141,-1,,False,191d8d8dc7476333,hand,frontal,0,0,Annotations/YOLO/IMG0001153.txt,hand|no_fracture,False
fracatlas,fracatlas/FracAtlas,images/Non_fractured/IMG0001154.jpg,IMG0001154,no_fracture,g1142,cal,none,1142,-1,,False,3e3471313a7263e3,hand,lateral,0,0,Annotations/YOLO/IMG0001154.txt,hand|no_fracture,False
fracatlas,fracatlas/FracAtlas,images/Non_fractured/IMG0001155.jpg,IMG0001155,no_fracture,g1143,train,none,1143,-1,,False,98cba9b598cb890f,leg,frontal,0,0,Annotations/YOLO/IMG0001155.txt,leg|no_fracture,False
fracatlas,fracatlas/FracAtlas,images/Non_fractured/IMG0001156.jpg,IMG0001156,no_fracture,g1144,test,none,1144,-1,,True,ded2330b85c3b169,hip,frontal,0,0,Annotations/YOLO/IMG0001156.txt,hip|no_fracture,False
fracatlas,fracatlas/FracAtlas,images/Non_fractured/IMG0001157.jpg,IMG0001157,no_fracture,g1145,train,none,1145,-1,,False,dc0cccde1c8af30b,hip,frontal,0,0,Annotations/YOLO/IMG0001157.txt,hip|no_fracture,False
fracatlas,fracatlas/FracAtlas,images/Non_fractured/IMG0001158.jpg,IMG0001158,no_fracture,g1146,train,none,1146,-1,,False,c23f203f4c7f4899,leg,frontal,0,0,Annotations/YOLO/IMG0001158.txt,leg|no_fracture,False
fracatlas,fracatlas/FracAtlas,images/Non_fractured/IMG0001159.jpg,IMG0001159,no_fracture,g1147,train,none,1147,-1,,False,5bb6245b93bc4949,leg,lateral,0,0,Annotations/YOLO/IMG0001159.txt,leg|no_fracture,False
fracatlas,fracatlas/FracAtlas,images/Non_fractured/IMG0001160.jpg,IMG0001160,no_fracture,g1148,cal,none,1148,-1,,False,dc6c4c76343cb30b,hip,frontal,0,0,Annotations/YOLO/IMG0001160.txt,hip|no_fracture,False
fracatlas,fracatlas/FracAtlas,images/Non_fractured/IMG0001161.jpg,IMG0001161,no_fracture,g1149,test,none,1149,-1,,True,9a629b67aa333331,hand,frontal,0,0,Annotations/YOLO/IMG0001161.txt,hand|no_fracture,False
fracatlas,fracatlas/FracAtlas,images/Non_fractured/IMG0001162.jpg,IMG0001162,no_fracture,g1150,cal,none,1150,-1,,False,90679877cc9b309b,hand,lateral,0,0,Annotations/YOLO/IMG0001162.txt,hand|no_fracture,False
fracatlas,fracatlas/FracAtlas,images/Non_fractured/IMG0001163.jpg,IMG0001163,no_fracture,g1151,train,none,1151,-1,,False,a93552ba46ce6555,hand,lateral,0,0,Annotations/YOLO/IMG0001163.txt,hand|no_fracture,False
fracatlas,fracatlas/FracAtlas,images/Non_fractured/IMG0001164.jpg,IMG0001164,no_fracture,g1152,val,none,1152,-1,,False,06a38e8f26cd8e2f,leg,frontal,0,0,Annotations/YOLO/IMG0001164.txt,leg|no_fracture,False
fracatlas,fracatlas/FracAtlas,images/Non_fractured/IMG0001165.jpg,IMG0001165,no_fracture,g1153,train,none,1153,-1,,False,6959a9699989d9a9,hip,frontal,0,0,Annotations/YOLO/IMG0001165.txt,hip|no_fracture,False
fracatlas,fracatlas/FracAtlas,images/Non_fractured/IMG0001166.jpg,IMG0001166,no_fracture,g1154,train,none,1154,-1,,False,c7711c1e6fd92413,shoulder,frontal,0,0,Annotations/YOLO/IMG0001166.txt,shoulder|no_fracture,False
fracatlas,fracatlas/FracAtlas,images/Non_fractured/IMG0001167.jpg,IMG0001167,no_fracture,g1155,train,none,1155,-1,,False,19595959d9599999,leg,frontal,0,0,Annotations/YOLO/IMG0001167.txt,leg|no_fracture,False
fracatlas,fracatlas/FracAtlas,images/Non_fractured/IMG0001168.jpg,IMG0001168,no_fracture,g1156,train,none,1156,-1,,False,f709872199aca9e9,leg,lateral,0,0,Annotations/YOLO/IMG0001168.txt,leg|no_fracture,False
fracatlas,fracatlas/FracAtlas,images/Non_fractured/IMG0001169.jpg,IMG0001169,no_fracture,g1157,train,none,1157,-1,,False,ec32e01ebaccfc03,hip,frontal,0,0,Annotations/YOLO/IMG0001169.txt,hip|no_fracture,False
fracatlas,fracatlas/FracAtlas,images/Non_fractured/IMG0001170.jpg,IMG0001170,no_fracture,g1158,train,none,1158,-1,,False,f2d60b43703cb1ab,hip,frontal,0,0,Annotations/YOLO/IMG0001170.txt,hip|no_fracture,False
fracatlas,fracatlas/FracAtlas,images/Non_fractured/IMG0001171.jpg,IMG0001171,no_fracture,g1159,test,none,1159,-1,,True,c19d618d19e3c3e3,hand,lateral,0,0,Annotations/YOLO/IMG0001171.txt,hand|no_fracture,False
fracatlas,fracatlas/FracAtlas,images/Non_fractured/IMG0001172.jpg,IMG0001172,no_fracture,g1160,train,none,1160,-1,,False,20bf307f30737133,hand,frontal,0,0,Annotations/YOLO/IMG0001172.txt,hand|no_fracture,False
fracatlas,fracatlas/FracAtlas,images/Non_fractured/IMG0001173.jpg,IMG0001173,no_fracture,g1161,train,none,1161,-1,,False,64538a66ed99e629,mixed,frontal,0,0,Annotations/YOLO/IMG0001173.txt,mixed|no_fracture,False
fracatlas,fracatlas/FracAtlas,images/Non_fractured/IMG0001174.jpg,IMG0001174,no_fracture,g1162,val,none,1162,-1,,False,41b54997b44d369d,shoulder,frontal,0,0,Annotations/YOLO/IMG0001174.txt,shoulder|no_fracture,False
fracatlas,fracatlas/FracAtlas,images/Non_fractured/IMG0001175.jpg,IMG0001175,no_fracture,g1163,val,none,1163,-1,,False,42936363e393e333,leg,frontal,0,0,Annotations/YOLO/IMG0001175.txt,leg|no_fracture,False
fracatlas,fracatlas/FracAtlas,images/Non_fractured/IMG0001176.jpg,IMG0001176,no_fracture,g1164,train,none,1164,-1,,False,7a5cdd591a127351,leg,lateral,0,0,Annotations/YOLO/IMG0001176.txt,leg|no_fracture,False
fracatlas,fracatlas/FracAtlas,images/Non_fractured/IMG0001177.jpg,IMG0001177,no_fracture,g1165,cal,none,1165,-1,,False,fbc9cdc00637cc83,mixed,frontal,0,0,Annotations/YOLO/IMG0001177.txt,mixed|no_fracture,False
fracatlas,fracatlas/FracAtlas,images/Non_fractured/IMG0001178.jpg,IMG0001178,no_fracture,g1166,train,none,1166,-1,,False,6f730e9fcc070c83,shoulder,frontal,0,0,Annotations/YOLO/IMG0001178.txt,shoulder|no_fracture,False
fracatlas,fracatlas/FracAtlas,images/Non_fractured/IMG0001179.jpg,IMG0001179,no_fracture,g1167,train,none,1167,-1,,False,98296c2d6c4dd9d9,leg,frontal,0,0,Annotations/YOLO/IMG0001179.txt,leg|no_fracture,False
fracatlas,fracatlas/FracAtlas,images/Non_fractured/IMG0001180.jpg,IMG0001180,no_fracture,g1168,train,none,1168,-1,,False,f83d1e1f0ec70313,leg,oblique,0,0,Annotations/YOLO/IMG0001180.txt,leg|no_fracture,False
fracatlas,fracatlas/FracAtlas,images/Non_fractured/IMG0001181.jpg,IMG0001181,no_fracture,g1169,train,none,1169,-1,,False,12013869a3fdcf2f,leg,frontal,0,0,Annotations/YOLO/IMG0001181.txt,leg|no_fracture,False
fracatlas,fracatlas/FracAtlas,images/Non_fractured/IMG0001182.jpg,IMG0001182,no_fracture,g1170,cal,none,1170,-1,,False,6567594959795919,leg,frontal,0,0,Annotations/YOLO/IMG0001182.txt,leg|no_fracture,False
fracatlas,fracatlas/FracAtlas,images/Non_fractured/IMG0001183.jpg,IMG0001183,no_fracture,g1171,train,none,1171,-1,,False,216c7f1b384859db,leg,lateral,0,0,Annotations/YOLO/IMG0001183.txt,leg|no_fracture,False
fracatlas,fracatlas/FracAtlas,images/Non_fractured/IMG0001184.jpg,IMG0001184,no_fracture,g1172,train,none,1172,-1,,False,33332387c6c3e363,leg,frontal,0,0,Annotations/YOLO/IMG0001184.txt,leg|no_fracture,False
fracatlas,fracatlas/FracAtlas,images/Non_fractured/IMG0001185.jpg,IMG0001185,no_fracture,g1173,train,none,1173,-1,,False,312d6c6d6ccd4939,leg,oblique,0,0,Annotations/YOLO/IMG0001185.txt,leg|no_fracture,False
fracatlas,fracatlas/FracAtlas,images/Non_fractured/IMG0001186.jpg,IMG0001186,no_fracture,g1174,train,none,1174,-1,,False,2581efcf292b21cb,leg,frontal,0,0,Annotations/YOLO/IMG0001186.txt,leg|no_fracture,False
fracatlas,fracatlas/FracAtlas,images/Non_fractured/IMG0001187.jpg,IMG0001187,no_fracture,g1175,train,none,1175,-1,,False,649b516699673399,leg,frontal,0,0,Annotations/YOLO/IMG0001187.txt,leg|no_fracture,False
fracatlas,fracatlas/FracAtlas,images/Non_fractured/IMG0001188.jpg,IMG0001188,no_fracture,g1176,test,none,1176,-1,,True,73c79c7163343913,leg,lateral,0,0,Annotations/YOLO/IMG0001188.txt,leg|no_fracture,False
fracatlas,fracatlas/FracAtlas,images/Non_fractured/IMG0001189.jpg,IMG0001189,no_fracture,g1177,train,none,1177,-1,,False,ca9966cd9867c899,leg,frontal,0,0,Annotations/YOLO/IMG0001189.txt,leg|no_fracture,False
fracatlas,fracatlas/FracAtlas,images/Non_fractured/IMG0001190.jpg,IMG0001190,no_fracture,g1178,val,none,1178,-1,,False,36d94d5649c99999,leg,lateral,0,0,Annotations/YOLO/IMG0001190.txt,leg|no_fracture,False
fracatlas,fracatlas/FracAtlas,images/Fractured/IMG0001191.jpg,IMG0001191,fracture,g1179,train,train,1179,-1,,False,5247a9ad5bc91d31,leg,frontal,0,1,Annotations/YOLO/IMG0001191.txt,leg|fracture,False
fracatlas,fracatlas/FracAtlas,images/Fractured/IMG0001192.jpg,IMG0001192,fracture,g1180,test,train,1180,-1,,True,d4b52d6b428d0d5d,leg,frontal,0,1,Annotations/YOLO/IMG0001192.txt,leg|fracture,False
fracatlas,fracatlas/FracAtlas,images/Non_fractured/IMG0001193.jpg,IMG0001193,no_fracture,g1181,test,none,1181,-1,,True,e5dd5961c54d4949,leg,lateral,0,0,Annotations/YOLO/IMG0001193.txt,leg|no_fracture,False
fracatlas,fracatlas/FracAtlas,images/Non_fractured/IMG0001194.jpg,IMG0001194,no_fracture,g1182,val,none,1182,-1,,False,a0dfcec02676dc83,mixed,frontal,0,0,Annotations/YOLO/IMG0001194.txt,mixed|no_fracture,False
fracatlas,fracatlas/FracAtlas,images/Non_fractured/IMG0001195.jpg,IMG0001195,no_fracture,g1183,val,none,1183,-1,,False,61617959d971d931,leg,frontal,0,0,Annotations/YOLO/IMG0001195.txt,leg|no_fracture,False
fracatlas,fracatlas/FracAtlas,images/Non_fractured/IMG0001196.jpg,IMG0001196,no_fracture,g1184,train,none,1184,-1,,False,43656b530159d9db,leg,lateral,0,0,Annotations/YOLO/IMG0001196.txt,leg|no_fracture,False
fracatlas,fracatlas/FracAtlas,images/Non_fractured/IMG0001197.jpg,IMG0001197,no_fracture,g1185,train,none,1185,-1,,False,40937b8c27f74c93,mixed,frontal,0,0,Annotations/YOLO/IMG0001197.txt,mixed|no_fracture,False
fracatlas,fracatlas/FracAtlas,images/Fractured/IMG0001198.jpg,IMG0001198,fracture,g1186,train,train,1186,-1,,False,b8264dd9496749d9,hand,frontal,0,1,Annotations/YOLO/IMG0001198.txt,hand|fracture,False
fracatlas,fracatlas/FracAtlas,images/Fractured/IMG0001199.jpg,IMG0001199,fracture,g1187,train,train,1187,-1,,False,c8bf909b9067989b,hand,lateral,0,1,Annotations/YOLO/IMG0001199.txt,hand|fracture,False
fracatlas,fracatlas/FracAtlas,images/Fractured/IMG0001200.jpg,IMG0001200,fracture,g1188,train,train,1188,-1,,False,1163899b19db999b,hand,frontal,0,1,Annotations/YOLO/IMG0001200.txt,hand|fracture,False
fracatlas,fracatlas/FracAtlas,images/Non_fractured/IMG0001201.jpg,IMG0001201,no_fracture,g1189,train,none,1189,-1,,False,134b63139b339b99,hand,lateral,0,0,Annotations/YOLO/IMG0001201.txt,hand|no_fracture,False
fracatlas,fracatlas/FracAtlas,images/Non_fractured/IMG0001202.jpg,IMG0001202,no_fracture,g1190,train,none,1190,-1,,False,474747435b533399,leg,frontal,0,0,Annotations/YOLO/IMG0001202.txt,leg|no_fracture,False
fracatlas,fracatlas/FracAtlas,images/Non_fractured/IMG0001203.jpg,IMG0001203,no_fracture,g1191,train,none,1191,-1,,False,5b002cdb9b2c49fb,leg,lateral,0,0,Annotations/YOLO/IMG0001203.txt,leg|no_fracture,False
fracatlas,fracatlas/FracAtlas,images/Non_fractured/IMG0001204.jpg,IMG0001204,no_fracture,g1192,train,none,1192,-1,,False,a82d6c6d4cc9d999,leg,frontal,0,0,Annotations/YOLO/IMG0001204.txt,leg|no_fracture,False
fracatlas,fracatlas/FracAtlas,images/Non_fractured/IMG0001205.jpg,IMG0001205,no_fracture,g1193,train,none,1193,-1,,False,5adb92b73465051d,leg,oblique,0,0,Annotations/YOLO/IMG0001205.txt,leg|no_fracture,False
fracatlas,fracatlas/FracAtlas,images/Non_fractured/IMG0001206.jpg,IMG0001206,no_fracture,g1194,train,none,1194,-1,,False,c066339363677333,hand,frontal,0,0,Annotations/YOLO/IMG0001206.txt,hand|no_fracture,False
fracatlas,fracatlas/FracAtlas,images/Non_fractured/IMG0001207.jpg,IMG0001207,no_fracture,g1195,train,none,1195,-1,,False,9166669333673333,hand,lateral,0,0,Annotations/YOLO/IMG0001207.txt,hand|no_fracture,False
fracatlas,fracatlas/FracAtlas,images/Non_fractured/IMG0001208.jpg,IMG0001208,no_fracture,g1196,cal,none,1196,-1,,False,1271e08f96fd6869,leg,frontal,0,0,Annotations/YOLO/IMG0001208.txt,leg|no_fracture,False
fracatlas,fracatlas/FracAtlas,images/Non_fractured/IMG0001209.jpg,IMG0001209,no_fracture,g1197,test,none,1197,-1,,True,103f303d38db6373,hand,frontal,0,0,Annotations/YOLO/IMG0001209.txt,hand|no_fracture,False
fracatlas,fracatlas/FracAtlas,images/Non_fractured/IMG0001210.jpg,IMG0001210,no_fracture,g1198,train,none,1198,-1,,False,55b65abab2259549,hand,lateral,0,0,Annotations/YOLO/IMG0001210.txt,hand|no_fracture,False
fracatlas,fracatlas/FracAtlas,images/Non_fractured/IMG0001211.jpg,IMG0001211,no_fracture,g1199,train,none,1199,-1,,False,84c3c4e3c4e3e373,hand,frontal,0,0,Annotations/YOLO/IMG0001211.txt,hand|no_fracture,False
fracatlas,fracatlas/FracAtlas,images/Non_fractured/IMG0001212.jpg,IMG0001212,no_fracture,g1200,train,none,1200,-1,,False,33b3336363913333,leg,frontal,0,0,Annotations/YOLO/IMG0001212.txt,leg|no_fracture,False
fracatlas,fracatlas/FracAtlas,images/Non_fractured/IMG0001213.jpg,IMG0001213,no_fracture,g1201,test,none,1201,-1,,True,c665199be6f23151,leg,lateral,0,0,Annotations/YOLO/IMG0001213.txt,leg|no_fracture,False
fracatlas,fracatlas/FracAtlas,images/Non_fractured/IMG0001214.jpg,IMG0001214,no_fracture,g1202,train,none,1202,-1,,False,c073b19999337333,leg,frontal,0,0,Annotations/YOLO/IMG0001214.txt,leg|no_fracture,False
fracatlas,fracatlas/FracAtlas,images/Non_fractured/IMG0001215.jpg,IMG0001215,no_fracture,g1203,cal,none,1203,-1,,False,015023ab535e69ff,leg,lateral,0,0,Annotations/YOLO/IMG0001215.txt,leg|no_fracture,False
fracatlas,fracatlas/FracAtlas,images/Non_fractured/IMG0001216.jpg,IMG0001216,no_fracture,g1204,train,none,1204,-1,,False,6606696abb965aa9,hip,frontal,0,0,Annotations/YOLO/IMG0001216.txt,hip|no_fracture,False
fracatlas,fracatlas/FracAtlas,images/Non_fractured/IMG0001217.jpg,IMG0001217,no_fracture,g1205,cal,none,1205,-1,,False,366da949a569b949,leg,frontal,0,0,Annotations/YOLO/IMG0001217.txt,leg|no_fracture,False
fracatlas,fracatlas/FracAtlas,images/Non_fractured/IMG0001218.jpg,IMG0001218,no_fracture,g1206,cal,none,1206,-1,,False,e09fa04fd197584b,leg,lateral,0,0,Annotations/YOLO/IMG0001218.txt,leg|no_fracture,False
fracatlas,fracatlas/FracAtlas,images/Non_fractured/IMG0001219.jpg,IMG0001219,no_fracture,g1207,test,none,1207,-1,,True,39d448dbf05cb30b,hip,frontal,0,0,Annotations/YOLO/IMG0001219.txt,hip|no_fracture,False
fracatlas,fracatlas/FracAtlas,images/Non_fractured/IMG0001220.jpg,IMG0001220,no_fracture,g1208,train,none,1208,-1,,False,4b50b4ab5bd449e9,leg,lateral,0,0,Annotations/YOLO/IMG0001220.txt,leg|no_fracture,False
fracatlas,fracatlas/FracAtlas,images/Non_fractured/IMG0001221.jpg,IMG0001221,no_fracture,g1209,train,none,1209,-1,,False,83f92c0bb37cb143,hip,frontal,0,0,Annotations/YOLO/IMG0001221.txt,hip|no_fracture,False
fracatlas,fracatlas/FracAtlas,images/Non_fractured/IMG0001222.jpg,IMG0001222,no_fracture,g1210,train,none,1210,-1,,False,6631f371c6319933,leg,lateral,0,0,Annotations/YOLO/IMG0001222.txt,leg|no_fracture,False
fracatlas,fracatlas/FracAtlas,images/Non_fractured/IMG0001223.jpg,IMG0001223,no_fracture,g1211,cal,none,1211,-1,,False,e3e90963d19999b1,hand,frontal,0,0,Annotations/YOLO/IMG0001223.txt,hand|no_fracture,False
fracatlas,fracatlas/FracAtlas,images/Non_fractured/IMG0001224.jpg,IMG0001224,no_fracture,g1212,train,none,1212,-1,,False,70dfcc3318cd9899,hand,lateral,0,0,Annotations/YOLO/IMG0001224.txt,hand|no_fracture,False
fracatlas,fracatlas/FracAtlas,images/Non_fractured/IMG0001225.jpg,IMG0001225,no_fracture,g432,dropped,none,432,-1,duplicate_of:IMG0000434,False,91b525256dcdc999,hand,frontal,0,0,Annotations/YOLO/IMG0001225.txt,hand|no_fracture,False
fracatlas,fracatlas/FracAtlas,images/Non_fractured/IMG0001226.jpg,IMG0001226,no_fracture,g1214,test,none,1214,-1,,True,fda4019b9fd84949,hand,lateral,0,0,Annotations/YOLO/IMG0001226.txt,hand|no_fracture,False
fracatlas,fracatlas/FracAtlas,images/Non_fractured/IMG0001227.jpg,IMG0001227,no_fracture,g1215,train,none,1215,-1,,False,58a758a771a5f0a5,leg,frontal,0,0,Annotations/YOLO/IMG0001227.txt,leg|no_fracture,False
fracatlas,fracatlas/FracAtlas,images/Non_fractured/IMG0001228.jpg,IMG0001228,no_fracture,g1216,cal,none,1216,-1,,False,c2bd16a3f0fd8243,leg,lateral,0,0,Annotations/YOLO/IMG0001228.txt,leg|no_fracture,False
fracatlas,fracatlas/FracAtlas,images/Non_fractured/IMG0001229.jpg,IMG0001229,no_fracture,g1217,cal,none,1217,-1,,False,e80bb409cb9668ef,leg,lateral,0,0,Annotations/YOLO/IMG0001229.txt,leg|no_fracture,False
fracatlas,fracatlas/FracAtlas,images/Non_fractured/IMG0001230.jpg,IMG0001230,no_fracture,g1218,cal,none,1218,-1,,False,82f36c84e4fc235b,hip,frontal,0,0,Annotations/YOLO/IMG0001230.txt,hip|no_fracture,False
fracatlas,fracatlas/FracAtlas,images/Non_fractured/IMG0001231.jpg,IMG0001231,no_fracture,g1219,train,none,1219,-1,,False,26f7dc1ec4d82313,hip,frontal,0,0,Annotations/YOLO/IMG0001231.txt,hip|no_fracture,False
fracatlas,fracatlas/FracAtlas,images/Non_fractured/IMG0001232.jpg,IMG0001232,no_fracture,g1220,train,none,1220,-1,,False,7b13a6661e8759a1,hip,frontal,0,0,Annotations/YOLO/IMG0001232.txt,hip|no_fracture,False
fracatlas,fracatlas/FracAtlas,images/Non_fractured/IMG0001233.jpg,IMG0001233,no_fracture,g1221,train,none,1221,-1,,False,39d93969588dd989,hip,frontal,0,0,Annotations/YOLO/IMG0001233.txt,hip|no_fracture,False
fracatlas,fracatlas/FracAtlas,images/Non_fractured/IMG0001234.jpg,IMG0001234,no_fracture,g1222,train,none,1222,-1,,False,795986669a9959a9,hip,frontal,0,0,Annotations/YOLO/IMG0001234.txt,hip|no_fracture,False
fracatlas,fracatlas/FracAtlas,images/Non_fractured/IMG0001235.jpg,IMG0001235,no_fracture,g1223,train,none,1223,-1,,False,a429c4b7a45db2ad,mixed,frontal,0,0,Annotations/YOLO/IMG0001235.txt,mixed|no_fracture,False
fracatlas,fracatlas/FracAtlas,images/Fractured/IMG0001236.jpg,IMG0001236,fracture,g1224,train,train,1224,-1,,False,a4a7f007876d4b0f,hand,frontal,0,2,Annotations/YOLO/IMG0001236.txt,hand|fracture,False
fracatlas,fracatlas/FracAtlas,images/Non_fractured/IMG0001237.jpg,IMG0001237,no_fracture,g1225,test,none,1225,-1,,True,8d0d8d99c1677333,hand,frontal,0,0,Annotations/YOLO/IMG0001237.txt,hand|no_fracture,False
fracatlas,fracatlas/FracAtlas,images/Non_fractured/IMG0001238.jpg,IMG0001238,no_fracture,g1226,val,none,1226,-1,,False,9965c591c1e56373,hand,oblique,0,0,Annotations/YOLO/IMG0001238.txt,hand|no_fracture,False
fracatlas,fracatlas/FracAtlas,images/Non_fractured/IMG0001239.jpg,IMG0001239,no_fracture,g1227,test,none,1227,-1,,True,454545cd99d1f333,leg,frontal,0,0,Annotations/YOLO/IMG0001239.txt,leg|no_fracture,False
fracatlas,fracatlas/FracAtlas,images/Non_fractured/IMG0001240.jpg,IMG0001240,no_fracture,g1228,train,none,1228,-1,,False,2f6f1b192c49495b,leg,lateral,0,0,Annotations/YOLO/IMG0001240.txt,leg|no_fracture,False
fracatlas,fracatlas/FracAtlas,images/Non_fractured/IMG0001241.jpg,IMG0001241,no_fracture,g1229,test,none,1229,-1,,True,962f0c5b2c5f0e2d,hand,frontal,0,0,Annotations/YOLO/IMG0001241.txt,hand|no_fracture,False
fracatlas,fracatlas/FracAtlas,images/Non_fractured/IMG0001242.jpg,IMG0001242,no_fracture,g1155,dropped,none,1155,-1,duplicate_of:IMG0001167,False,49495959d9d9d919,leg,frontal,0,0,Annotations/YOLO/IMG0001242.txt,leg|no_fracture,False
fracatlas,fracatlas/FracAtlas,images/Non_fractured/IMG0001243.jpg,IMG0001243,no_fracture,g1231,train,none,1231,-1,,False,91346e53b2749b59,leg,lateral,0,0,Annotations/YOLO/IMG0001243.txt,leg|no_fracture,False
fracatlas,fracatlas/FracAtlas,images/Non_fractured/IMG0001244.jpg,IMG0001244,no_fracture,g1232,train,none,1232,-1,,False,b631292909de59f9,hip,frontal,0,0,Annotations/YOLO/IMG0001244.txt,hip|no_fracture,False
fracatlas,fracatlas/FracAtlas,images/Non_fractured/IMG0001245.jpg,IMG0001245,no_fracture,g1233,train,none,1233,-1,,False,22ad828d2ebf2f49,leg,frontal,0,0,Annotations/YOLO/IMG0001245.txt,leg|no_fracture,False
fracatlas,fracatlas/FracAtlas,images/Non_fractured/IMG0001246.jpg,IMG0001246,no_fracture,g1234,train,none,1234,-1,,False,000d79634f5ddb55,leg,lateral,0,0,Annotations/YOLO/IMG0001246.txt,leg|no_fracture,False
fracatlas,fracatlas/FracAtlas,images/Non_fractured/IMG0001247.jpg,IMG0001247,no_fracture,g1235,test,none,1235,-1,,True,98c8333333773333,hand,frontal,0,0,Annotations/YOLO/IMG0001247.txt,hand|no_fracture,False
fracatlas,fracatlas/FracAtlas,images/Non_fractured/IMG0001248.jpg,IMG0001248,no_fracture,g1236,val,none,1236,-1,,False,9233666333673333,hand,lateral,0,0,Annotations/YOLO/IMG0001248.txt,hand|no_fracture,False
fracatlas,fracatlas/FracAtlas,images/Non_fractured/IMG0001249.jpg,IMG0001249,no_fracture,g1237,train,none,1237,-1,,False,f04b394df819f10b,hip,frontal,0,0,Annotations/YOLO/IMG0001249.txt,hip|no_fracture,False
fracatlas,fracatlas/FracAtlas,images/Non_fractured/IMG0001250.jpg,IMG0001250,no_fracture,g1238,train,none,1238,-1,,False,b2c349e333337199,leg,frontal,0,0,Annotations/YOLO/IMG0001250.txt,leg|no_fracture,False
fracatlas,fracatlas/FracAtlas,images/Non_fractured/IMG0001251.jpg,IMG0001251,no_fracture,g417,dropped,none,417,-1,duplicate_of:IMG0000419,False,5bd70cc9b316a351,leg,lateral,0,0,Annotations/YOLO/IMG0001251.txt,leg|no_fracture,False
fracatlas,fracatlas/FracAtlas,images/Non_fractured/IMG0001252.jpg,IMG0001252,no_fracture,g1240,cal,none,1240,-1,,False,e68ba6245ddce229,mixed,frontal,0,0,Annotations/YOLO/IMG0001252.txt,mixed|no_fracture,False
fracatlas,fracatlas/FracAtlas,images/Non_fractured/IMG0001253.jpg,IMG0001253,no_fracture,g1241,train,none,1241,-1,,False,966c94b42c6f329d,shoulder,frontal,0,0,Annotations/YOLO/IMG0001253.txt,shoulder|no_fracture,False
fracatlas,fracatlas/FracAtlas,images/Non_fractured/IMG0001254.jpg,IMG0001254,no_fracture,g1242,train,none,1242,-1,,False,7119b133f3199933,leg,frontal,0,0,Annotations/YOLO/IMG0001254.txt,leg|no_fracture,False
fracatlas,fracatlas/FracAtlas,images/Non_fractured/IMG0001255.jpg,IMG0001255,no_fracture,g1243,train,none,1243,-1,,False,c588115bd9cf9999,hand,frontal,0,0,Annotations/YOLO/IMG0001255.txt,hand|no_fracture,False
fracatlas,fracatlas/FracAtlas,images/Non_fractured/IMG0001256.jpg,IMG0001256,no_fracture,g1244,train,none,1244,-1,,False,cc9899996465d9d9,hand,oblique,0,0,Annotations/YOLO/IMG0001256.txt,hand|no_fracture,False
fracatlas,fracatlas/FracAtlas,images/Non_fractured/IMG0001257.jpg,IMG0001257,no_fracture,g1245,train,none,1245,-1,,False,93406281f3e77373,hand,frontal,0,0,Annotations/YOLO/IMG0001257.txt,hand|no_fracture,False
fracatlas,fracatlas/FracAtlas,images/Non_fractured/IMG0001258.jpg,IMG0001258,no_fracture,g1246,val,none,1246,-1,,False,126646339b67339b,hand,lateral,0,0,Annotations/YOLO/IMG0001258.txt,hand|no_fracture,False
fracatlas,fracatlas/FracAtlas,images/Non_fractured/IMG0001259.jpg,IMG0001259,no_fracture,g1247,train,none,1247,-1,,False,883fd897895b0b0f,hand,frontal,0,0,Annotations/YOLO/IMG0001259.txt,hand|no_fracture,False
fracatlas,fracatlas/FracAtlas,images/Non_fractured/IMG0001260.jpg,IMG0001260,no_fracture,g1248,test,none,1248,-1,,True,7a79484d4cd99999,leg,frontal,0,0,Annotations/YOLO/IMG0001260.txt,leg|no_fracture,False
fracatlas,fracatlas/FracAtlas,images/Non_fractured/IMG0001261.jpg,IMG0001261,no_fracture,g1249,train,none,1249,-1,,False,dad296b52425ad99,leg,oblique,0,0,Annotations/YOLO/IMG0001261.txt,leg|no_fracture,False
fracatlas,fracatlas/FracAtlas,images/Non_fractured/IMG0001262.jpg,IMG0001262,no_fracture,g1250,train,none,1250,-1,,False,9c3749b3a44d36b1,shoulder,frontal,0,0,Annotations/YOLO/IMG0001262.txt,shoulder|no_fracture,False
fracatlas,fracatlas/FracAtlas,images/Non_fractured/IMG0001263.jpg,IMG0001263,no_fracture,g1251,train,none,1251,-1,,False,c9755db1249dc629,shoulder,frontal,0,0,Annotations/YOLO/IMG0001263.txt,shoulder|no_fracture,False
fracatlas,fracatlas/FracAtlas,images/Non_fractured/IMG0001264.jpg,IMG0001264,no_fracture,g1252,train,none,1252,-1,,False,e2358e9dc27162e3,leg,frontal,0,0,Annotations/YOLO/IMG0001264.txt,leg|no_fracture,False
fracatlas,fracatlas/FracAtlas,images/Non_fractured/IMG0001265.jpg,IMG0001265,no_fracture,g1253,train,none,1253,-1,,False,c3f91e0331787355,leg,lateral,0,0,Annotations/YOLO/IMG0001265.txt,leg|no_fracture,False
fracatlas,fracatlas/FracAtlas,images/Non_fractured/IMG0001266.jpg,IMG0001266,no_fracture,g1254,train,none,1254,-1,,False,8babe1c1a7e1a361,leg,frontal,0,0,Annotations/YOLO/IMG0001266.txt,leg|no_fracture,False
fracatlas,fracatlas/FracAtlas,images/Non_fractured/IMG0001267.jpg,IMG0001267,no_fracture,g1255,train,none,1255,-1,,False,f020af0f2f0fc30f,leg,frontal,0,0,Annotations/YOLO/IMG0001267.txt,leg|no_fracture,False
fracatlas,fracatlas/FracAtlas,images/Non_fractured/IMG0001268.jpg,IMG0001268,no_fracture,g1256,train,none,1256,-1,,False,ed0d06077870af8f,mixed,frontal,0,0,Annotations/YOLO/IMG0001268.txt,mixed|no_fracture,False
fracatlas,fracatlas/FracAtlas,images/Non_fractured/IMG0001269.jpg,IMG0001269,no_fracture,g1257,val,none,1257,-1,,False,659f65a165996169,leg,frontal,0,0,Annotations/YOLO/IMG0001269.txt,leg|no_fracture,False
fracatlas,fracatlas/FracAtlas,images/Non_fractured/IMG0001270.jpg,IMG0001270,no_fracture,g1258,train,none,1258,-1,,False,272fe161a1a0a57f,leg,frontal,0,0,Annotations/YOLO/IMG0001270.txt,leg|no_fracture,False
fracatlas,fracatlas/FracAtlas,images/Non_fractured/IMG0001271.jpg,IMG0001271,no_fracture,g1259,train,none,1259,-1,,False,19d95959c9499979,hip,frontal,0,0,Annotations/YOLO/IMG0001271.txt,hip|no_fracture,False
fracatlas,fracatlas/FracAtlas,images/Non_fractured/IMG0001272.jpg,IMG0001272,no_fracture,g1260,train,none,1260,-1,,False,1f7f191c0ee6180f,shoulder,frontal,0,0,Annotations/YOLO/IMG0001272.txt,shoulder|no_fracture,False
fracatlas,fracatlas/FracAtlas,images/Non_fractured/IMG0001273.jpg,IMG0001273,no_fracture,g1261,train,none,1261,-1,,False,cbc167138ee74c13,shoulder,frontal,0,0,Annotations/YOLO/IMG0001273.txt,shoulder|no_fracture,False
fracatlas,fracatlas/FracAtlas,images/Non_fractured/IMG0001274.jpg,IMG0001274,no_fracture,g1262,train,none,1262,-1,,False,f21d2c4142f5adad,leg,frontal,0,0,Annotations/YOLO/IMG0001274.txt,leg|no_fracture,False
fracatlas,fracatlas/FracAtlas,images/Non_fractured/IMG0001275.jpg,IMG0001275,no_fracture,g1263,val,none,1263,-1,,False,d41d75a7a50de161,leg,frontal,0,0,Annotations/YOLO/IMG0001275.txt,leg|no_fracture,False
fracatlas,fracatlas/FracAtlas,images/Non_fractured/IMG0001276.jpg,IMG0001276,no_fracture,g1264,train,none,1264,-1,,False,3073c4cd94bd6969,leg,frontal,0,0,Annotations/YOLO/IMG0001276.txt,leg|no_fracture,False
fracatlas,fracatlas/FracAtlas,images/Non_fractured/IMG0001277.jpg,IMG0001277,no_fracture,g1265,test,none,1265,-1,,True,1b606e496e4dc9d9,hand,frontal,0,0,Annotations/YOLO/IMG0001277.txt,hand|no_fracture,False
fracatlas,fracatlas/FracAtlas,images/Non_fractured/IMG0001278.jpg,IMG0001278,no_fracture,g1266,train,none,1266,-1,,False,f800f8c00f7df347,hand,lateral,0,0,Annotations/YOLO/IMG0001278.txt,hand|no_fracture,False
fracatlas,fracatlas/FracAtlas,images/Non_fractured/IMG0001279.jpg,IMG0001279,no_fracture,g1267,train,none,1267,-1,,False,5352d6d4d4c5c5c5,hand,lateral,0,0,Annotations/YOLO/IMG0001279.txt,hand|no_fracture,False
fracatlas,fracatlas/FracAtlas,images/Non_fractured/IMG0001280.jpg,IMG0001280,no_fracture,g1155,dropped,none,1155,-1,duplicate_of:IMG0001167,False,595959595919d999,leg,frontal,0,0,Annotations/YOLO/IMG0001280.txt,leg|no_fracture,False
fracatlas,fracatlas/FracAtlas,images/Non_fractured/IMG0001281.jpg,IMG0001281,no_fracture,g1269,cal,none,1269,-1,,False,1f4f771b0d0603e3,leg,lateral,0,0,Annotations/YOLO/IMG0001281.txt,leg|no_fracture,False
fracatlas,fracatlas/FracAtlas,images/Non_fractured/IMG0001282.jpg,IMG0001282,no_fracture,g1270,test,none,1270,-1,,True,d173999998739133,leg,frontal,0,0,Annotations/YOLO/IMG0001282.txt,leg|no_fracture,False
fracatlas,fracatlas/FracAtlas,images/Non_fractured/IMG0001283.jpg,IMG0001283,no_fracture,g1271,train,none,1271,-1,,False,d006ad59d3acada9,leg,lateral,0,0,Annotations/YOLO/IMG0001283.txt,leg|no_fracture,False
fracatlas,fracatlas/FracAtlas,images/Non_fractured/IMG0001285.jpg,IMG0001285,no_fracture,g1272,train,none,1272,-1,,False,32d65676a659cc49,mixed,frontal,0,0,Annotations/YOLO/IMG0001285.txt,mixed|no_fracture,False
fracatlas,fracatlas/FracAtlas,images/Non_fractured/IMG0001286.jpg,IMG0001286,no_fracture,g1273,train,none,1273,-1,,False,d0908446371fdbdd,mixed,frontal,0,0,Annotations/YOLO/IMG0001286.txt,mixed|no_fracture,False
fracatlas,fracatlas/FracAtlas,images/Non_fractured/IMG0001287.jpg,IMG0001287,no_fracture,g1274,train,none,1274,-1,,False,b2919ad9ce333233,leg,frontal,0,0,Annotations/YOLO/IMG0001287.txt,leg|no_fracture,False
fracatlas,fracatlas/FracAtlas,images/Non_fractured/IMG0001288.jpg,IMG0001288,no_fracture,g432,dropped,none,432,-1,duplicate_of:IMG0000434,False,b1b5a5256d6d2989,leg,oblique,0,0,Annotations/YOLO/IMG0001288.txt,leg|no_fracture,False
fracatlas,fracatlas/FracAtlas,images/Non_fractured/IMG0001289.jpg,IMG0001289,no_fracture,g1276,test,none,1276,-1,,True,19b9a466669d9999,leg,frontal,0,0,Annotations/YOLO/IMG0001289.txt,leg|no_fracture,False
fracatlas,fracatlas/FracAtlas,images/Non_fractured/IMG0001290.jpg,IMG0001290,no_fracture,g1277,train,none,1277,-1,,False,33331e0f8e8f8363,leg,oblique,0,0,Annotations/YOLO/IMG0001290.txt,leg|no_fracture,False
fracatlas,fracatlas/FracAtlas,images/Non_fractured/IMG0001291.jpg,IMG0001291,no_fracture,g1278,train,none,1278,-1,,False,333f80ccc473317b,leg,frontal,0,0,Annotations/YOLO/IMG0001291.txt,leg|no_fracture,False
fracatlas,fracatlas/FracAtlas,images/Non_fractured/IMG0001292.jpg,IMG0001292,no_fracture,g1279,test,none,1279,-1,,True,65594d45494dd9d9,leg,lateral,0,0,Annotations/YOLO/IMG0001292.txt,leg|no_fracture,False
fracatlas,fracatlas/FracAtlas,images/Non_fractured/IMG0001293.jpg,IMG0001293,no_fracture,g1280,train,none,1280,-1,,False,957751159595a5a5,hand,frontal,0,0,Annotations/YOLO/IMG0001293.txt,hand|no_fracture,False
fracatlas,fracatlas/FracAtlas,images/Non_fractured/IMG0001294.jpg,IMG0001294,no_fracture,g1281,cal,none,1281,-1,,False,676f575554158585,hand,oblique,0,0,Annotations/YOLO/IMG0001294.txt,hand|no_fracture,False
fracatlas,fracatlas/FracAtlas,images/Non_fractured/IMG0001295.jpg,IMG0001295,no_fracture,g2,dropped,none,2,-1,duplicate_of:IMG0000002,False,96f1f08d23e98729,leg,frontal,0,0,Annotations/YOLO/IMG0001295.txt,leg|no_fracture,False
fracatlas,fracatlas/FracAtlas,images/Non_fractured/IMG0001296.jpg,IMG0001296,no_fracture,g1283,train,none,1283,-1,,False,66994c6699679999,leg,frontal,0,0,Annotations/YOLO/IMG0001296.txt,leg|no_fracture,False
fracatlas,fracatlas/FracAtlas,images/Non_fractured/IMG0001297.jpg,IMG0001297,no_fracture,g1284,train,none,1284,-1,,False,c93366c933373199,leg,lateral,0,0,Annotations/YOLO/IMG0001297.txt,leg|no_fracture,False
fracatlas,fracatlas/FracAtlas,images/Non_fractured/IMG0001298.jpg,IMG0001298,no_fracture,g1285,train,none,1285,-1,,False,982766999966c9d9,leg,frontal,0,0,Annotations/YOLO/IMG0001298.txt,leg|no_fracture,False
fracatlas,fracatlas/FracAtlas,images/Non_fractured/IMG0001299.jpg,IMG0001299,no_fracture,g1286,train,none,1286,-1,,False,5a6d865b48cdd899,leg,lateral,0,0,Annotations/YOLO/IMG0001299.txt,leg|no_fracture,False
fracatlas,fracatlas/FracAtlas,images/Non_fractured/IMG0001300.jpg,IMG0001300,no_fracture,g1287,train,none,1287,-1,,False,96669963399659a9,hip,frontal,0,0,Annotations/YOLO/IMG0001300.txt,hip|no_fracture,False
fracatlas,fracatlas/FracAtlas,images/Non_fractured/IMG0001301.jpg,IMG0001301,no_fracture,g1288,train,none,1288,-1,,False,5a96a767071785a5,hand,frontal,0,0,Annotations/YOLO/IMG0001301.txt,hand|no_fracture,False
fracatlas,fracatlas/FracAtlas,images/Non_fractured/IMG0001302.jpg,IMG0001302,no_fracture,g1289,test,none,1289,-1,,True,96d42d0757d4af05,hand,oblique,0,0,Annotations/YOLO/IMG0001302.txt,hand|no_fracture,False
fracatlas,fracatlas/FracAtlas,images/Non_fractured/IMG0001303.jpg,IMG0001303,no_fracture,g1290,cal,none,1290,-1,,False,9193c5c7c5633333,leg,frontal,0,0,Annotations/YOLO/IMG0001303.txt,leg|no_fracture,False
fracatlas,fracatlas/FracAtlas,images/Non_fractured/IMG0001304.jpg,IMG0001304,no_fracture,g1291,train,none,1291,-1,,False,252d6c4dcdcd1939,leg,oblique,0,0,Annotations/YOLO/IMG0001304.txt,leg|no_fracture,False
fracatlas,fracatlas/FracAtlas,images/Non_fractured/IMG0001305.jpg,IMG0001305,no_fracture,g1292,train,none,1292,-1,,False,59595929699959d9,leg,frontal,0,0,Annotations/YOLO/IMG0001305.txt,leg|no_fracture,False
fracatlas,fracatlas/FracAtlas,images/Non_fractured/IMG0001306.jpg,IMG0001306,no_fracture,g1293,train,none,1293,-1,,False,bb2f0311096d49fb,leg,lateral,0,0,Annotations/YOLO/IMG0001306.txt,leg|no_fracture,False
fracatlas,fracatlas/FracAtlas,images/Non_fractured/IMG0001307.jpg,IMG0001307,no_fracture,g1294,train,none,1294,-1,,False,c8db181b48cfd8d9,hand,frontal,0,0,Annotations/YOLO/IMG0001307.txt,hand|no_fracture,False
fracatlas,fracatlas/FracAtlas,images/Non_fractured/IMG0001308.jpg,IMG0001308,no_fracture,g1295,train,none,1295,-1,,False,cc4f189b486fd899,hand,lateral,0,0,Annotations/YOLO/IMG0001308.txt,hand|no_fracture,False
fracatlas,fracatlas/FracAtlas,images/Non_fractured/IMG0001309.jpg,IMG0001309,no_fracture,g1296,train,none,1296,-1,,False,20d37133739b7193,leg,frontal,0,0,Annotations/YOLO/IMG0001309.txt,leg|no_fracture,False
fracatlas,fracatlas/FracAtlas,images/Non_fractured/IMG0001310.jpg,IMG0001310,no_fracture,g1297,train,none,1297,-1,,False,530c89fb3216e3e3,leg,lateral,0,0,Annotations/YOLO/IMG0001310.txt,leg|no_fracture,False
fracatlas,fracatlas/FracAtlas,images/Non_fractured/IMG0001311.jpg,IMG0001311,no_fracture,g1298,test,none,1298,-1,,True,3393d2cccc333333,leg,frontal,0,0,Annotations/YOLO/IMG0001311.txt,leg|no_fracture,False
fracatlas,fracatlas/FracAtlas,images/Non_fractured/IMG0001312.jpg,IMG0001312,no_fracture,g61,dropped,none,61,-1,duplicate_of:IMG0000061,False,d195b5b5252da989,leg,oblique,0,0,Annotations/YOLO/IMG0001312.txt,leg|no_fracture,False
fracatlas,fracatlas/FracAtlas,images/Non_fractured/IMG0001313.jpg,IMG0001313,no_fracture,g1300,train,none,1300,-1,,False,649b5966996ec499,leg,frontal,0,0,Annotations/YOLO/IMG0001313.txt,leg|no_fracture,False
fracatlas,fracatlas/FracAtlas,images/Non_fractured/IMG0001314.jpg,IMG0001314,no_fracture,g1301,val,none,1301,-1,,False,9c79479c53673113,leg,lateral,0,0,Annotations/YOLO/IMG0001314.txt,leg|no_fracture,False
fracatlas,fracatlas/FracAtlas,images/Non_fractured/IMG0001315.jpg,IMG0001315,no_fracture,g1302,train,none,1302,-1,,False,94eb54ab90dd3a15,hand,lateral,0,0,Annotations/YOLO/IMG0001315.txt,hand|no_fracture,False
fracatlas,fracatlas/FracAtlas,images/Non_fractured/IMG0001316.jpg,IMG0001316,no_fracture,g1303,train,none,1303,-1,,False,80b1b4bd3c2fac87,hand,lateral,0,0,Annotations/YOLO/IMG0001316.txt,hand|no_fracture,False
fracatlas,fracatlas/FracAtlas,images/Non_fractured/IMG0001317.jpg,IMG0001317,no_fracture,g1304,cal,none,1304,-1,,False,4a269993e9e3c969,leg,frontal,0,0,Annotations/YOLO/IMG0001317.txt,leg|no_fracture,False
fracatlas,fracatlas/FracAtlas,images/Non_fractured/IMG0001318.jpg,IMG0001318,no_fracture,g1305,train,none,1305,-1,,False,966139655a9e1ba9,hip,frontal,0,0,Annotations/YOLO/IMG0001318.txt,hip|no_fracture,False
fracatlas,fracatlas/FracAtlas,images/Non_fractured/IMG0001319.jpg,IMG0001319,no_fracture,g1306,train,none,1306,-1,,False,13729a9633d99999,hand,frontal,0,0,Annotations/YOLO/IMG0001319.txt,hand|no_fracture,False
fracatlas,fracatlas/FracAtlas,images/Non_fractured/IMG0001320.jpg,IMG0001320,no_fracture,g1307,train,none,1307,-1,,False,11db446f996c49d9,hand,lateral,0,0,Annotations/YOLO/IMG0001320.txt,hand|no_fracture,False
fracatlas,fracatlas/FracAtlas,images/Non_fractured/IMG0001321.jpg,IMG0001321,no_fracture,g1308,cal,none,1308,-1,,False,ccfb70c3614bb143,hip,frontal,0,0,Annotations/YOLO/IMG0001321.txt,hip|no_fracture,False
fracatlas,fracatlas/FracAtlas,images/Non_fractured/IMG0001322.jpg,IMG0001322,no_fracture,g1309,train,none,1309,-1,,False,966994e93c6b30e5,leg,frontal,0,0,Annotations/YOLO/IMG0001322.txt,leg|no_fracture,False
fracatlas,fracatlas/FracAtlas,images/Non_fractured/IMG0001323.jpg,IMG0001323,no_fracture,g1310,train,none,1310,-1,,False,dc2b54ab586d485d,hand,frontal,0,0,Annotations/YOLO/IMG0001323.txt,hand|no_fracture,False
fracatlas,fracatlas/FracAtlas,images/Non_fractured/IMG0001324.jpg,IMG0001324,no_fracture,g1311,test,none,1311,-1,,True,e731e030181f3fc7,hand,lateral,0,0,Annotations/YOLO/IMG0001324.txt,hand|no_fracture,False
fracatlas,fracatlas/FracAtlas,images/Non_fractured/IMG0001325.jpg,IMG0001325,no_fracture,g1312,train,none,1312,-1,,False,8eada961a5e1c369,leg,frontal,0,0,Annotations/YOLO/IMG0001325.txt,leg|no_fracture,False
fracatlas,fracatlas/FracAtlas,images/Non_fractured/IMG0001326.jpg,IMG0001326,no_fracture,g1313,train,none,1313,-1,,False,064ccbc307cfd1cb,leg,frontal,0,0,Annotations/YOLO/IMG0001326.txt,leg|no_fracture,False
fracatlas,fracatlas/FracAtlas,images/Non_fractured/IMG0001327.jpg,IMG0001327,no_fracture,g1314,test,none,1314,-1,,True,cc7324c93306e3f3,leg,lateral,0,0,Annotations/YOLO/IMG0001327.txt,leg|no_fracture,False
fracatlas,fracatlas/FracAtlas,images/Non_fractured/IMG0001328.jpg,IMG0001328,no_fracture,g1315,train,none,1315,-1,,False,b663d8265bb86949,leg,lateral,0,0,Annotations/YOLO/IMG0001328.txt,leg|no_fracture,False
fracatlas,fracatlas/FracAtlas,images/Non_fractured/IMG0001329.jpg,IMG0001329,no_fracture,g1316,train,none,1316,-1,,False,669939cc19e9c999,leg,frontal,0,0,Annotations/YOLO/IMG0001329.txt,leg|no_fracture,False
fracatlas,fracatlas/FracAtlas,images/Non_fractured/IMG0001330.jpg,IMG0001330,no_fracture,g1317,train,none,1317,-1,,False,d96d961369963331,leg,lateral,0,0,Annotations/YOLO/IMG0001330.txt,leg|no_fracture,False
fracatlas,fracatlas/FracAtlas,images/Non_fractured/IMG0001331.jpg,IMG0001331,no_fracture,g1318,test,none,1318,-1,,True,9493a1e1a5ed316b,leg,frontal,0,0,Annotations/YOLO/IMG0001331.txt,leg|no_fracture,False
fracatlas,fracatlas/FracAtlas,images/Non_fractured/IMG0001332.jpg,IMG0001332,no_fracture,g1319,train,none,1319,-1,,False,31d9999933995999,leg,frontal,0,0,Annotations/YOLO/IMG0001332.txt,leg|no_fracture,False
fracatlas,fracatlas/FracAtlas,images/Non_fractured/IMG0001333.jpg,IMG0001333,no_fracture,g1320,train,none,1320,-1,,False,5906275998b449ff,leg,lateral,0,0,Annotations/YOLO/IMG0001333.txt,leg|no_fracture,False
fracatlas,fracatlas/FracAtlas,images/Non_fractured/IMG0001334.jpg,IMG0001334,no_fracture,g1321,val,none,1321,-1,,False,3c64669f8c8c6733,mixed,frontal,0,0,Annotations/YOLO/IMG0001334.txt,mixed|no_fracture,False
fracatlas,fracatlas/FracAtlas,images/Non_fractured/IMG0001335.jpg,IMG0001335,no_fracture,g1322,train,none,1322,-1,,False,c0c68f8ec82767b3,mixed,frontal,0,0,Annotations/YOLO/IMG0001335.txt,mixed|no_fracture,False
fracatlas,fracatlas/FracAtlas,images/Non_fractured/IMG0001336.jpg,IMG0001336,no_fracture,g1323,train,none,1323,-1,,False,b05747e8a41333f3,mixed,oblique,0,0,Annotations/YOLO/IMG0001336.txt,mixed|no_fracture,False
fracatlas,fracatlas/FracAtlas,images/Non_fractured/IMG0001337.jpg,IMG0001337,no_fracture,g1324,train,none,1324,-1,,False,010f1f3c308f4fb7,mixed,oblique,0,0,Annotations/YOLO/IMG0001337.txt,mixed|no_fracture,False
fracatlas,fracatlas/FracAtlas,images/Non_fractured/IMG0001338.jpg,IMG0001338,no_fracture,g1325,test,none,1325,-1,,True,331117cdcd8d3333,leg,frontal,0,0,Annotations/YOLO/IMG0001338.txt,leg|no_fracture,False
fracatlas,fracatlas/FracAtlas,images/Non_fractured/IMG0001339.jpg,IMG0001339,no_fracture,g432,dropped,none,432,-1,duplicate_of:IMG0000434,False,b5a5a5256d6d2919,leg,oblique,0,0,Annotations/YOLO/IMG0001339.txt,leg|no_fracture,False
fracatlas,fracatlas/FracAtlas,images/Non_fractured/IMG0001340.jpg,IMG0001340,no_fracture,g1327,test,none,1327,-1,,True,82c26223f3e76373,hand,frontal,0,0,Annotations/YOLO/IMG0001340.txt,hand|no_fracture,False
fracatlas,fracatlas/FracAtlas,images/Non_fractured/IMG0001341.jpg,IMG0001341,no_fracture,g1328,train,none,1328,-1,,False,1a66669933673333,hand,lateral,0,0,Annotations/YOLO/IMG0001341.txt,hand|no_fracture,False
fracatlas,fracatlas/FracAtlas,images/Non_fractured/IMG0001342.jpg,IMG0001342,no_fracture,g1329,test,none,1329,-1,,True,3135a1999999d9d9,hand,frontal,0,0,Annotations/YOLO/IMG0001342.txt,hand|no_fracture,False
fracatlas,fracatlas/FracAtlas,images/Non_fractured/IMG0001343.jpg,IMG0001343,no_fracture,g1330,train,none,1330,-1,,False,f070c018659f1fe7,hand,lateral,0,0,Annotations/YOLO/IMG0001343.txt,hand|no_fracture,False
fracatlas,fracatlas/FracAtlas,images/Non_fractured/IMG0001344.jpg,IMG0001344,no_fracture,g1331,train,none,1331,-1,,False,30dfc433984f989b,hand,lateral,0,0,Annotations/YOLO/IMG0001344.txt,hand|no_fracture,False
fracatlas,fracatlas/FracAtlas,images/Non_fractured/IMG0001345.jpg,IMG0001345,no_fracture,g1332,train,none,1332,-1,,False,f5fb6025711b6107,leg,frontal,0,0,Annotations/YOLO/IMG0001345.txt,leg|no_fracture,False
fracatlas,fracatlas/FracAtlas,images/Non_fractured/IMG0001346.jpg,IMG0001346,no_fracture,g1333,cal,none,1333,-1,,False,1039f9fb47278307,mixed,frontal,0,0,Annotations/YOLO/IMG0001346.txt,mixed|no_fracture,False
fracatlas,fracatlas/FracAtlas,images/Non_fractured/IMG0001347.jpg,IMG0001347,no_fracture,g1334,train,none,1334,-1,,False,a988a4b93d4755c7,mixed,frontal,0,0,Annotations/YOLO/IMG0001347.txt,mixed|no_fracture,False
fracatlas,fracatlas/FracAtlas,images/Non_fractured/IMG0001348.jpg,IMG0001348,no_fracture,g1335,val,none,1335,-1,,False,692d696d6949c9c9,hand,frontal,0,0,Annotations/YOLO/IMG0001348.txt,hand|no_fracture,False
fracatlas,fracatlas/FracAtlas,images/Non_fractured/IMG0001349.jpg,IMG0001349,no_fracture,g1336,val,none,1336,-1,,False,5b5256c6e6617171,hand,lateral,0,0,Annotations/YOLO/IMG0001349.txt,hand|no_fracture,False
fracatlas,fracatlas/FracAtlas,images/Fractured/IMG0001350.jpg,IMG0001350,fracture,g1337,train,train,1337,-1,,False,73331c1d1c736363,leg,frontal,0,1,Annotations/YOLO/IMG0001350.txt,leg|fracture,False
fracatlas,fracatlas/FracAtlas,images/Fractured/IMG0001351.jpg,IMG0001351,fracture,g1338,val,train,1338,-1,,False,b1a5246d6d6d2939,leg,oblique,0,1,Annotations/YOLO/IMG0001351.txt,leg|fracture,False
fracatlas,fracatlas/FracAtlas,images/Non_fractured/IMG0001352.jpg,IMG0001352,no_fracture,g1339,train,none,1339,-1,,False,5b53131095f571f1,hand,lateral,0,0,Annotations/YOLO/IMG0001352.txt,hand|no_fracture,False
fracatlas,fracatlas/FracAtlas,images/Non_fractured/IMG0001353.jpg,IMG0001353,no_fracture,g1340,train,none,1340,-1,,False,c9c91959c84dd9d9,hand,frontal,0,0,Annotations/YOLO/IMG0001353.txt,hand|no_fracture,False
fracatlas,fracatlas/FracAtlas,images/Non_fractured/IMG0001354.jpg,IMG0001354,no_fracture,g1341,train,none,1341,-1,,False,991931d1cccd999b,hand,frontal,0,0,Annotations/YOLO/IMG0001354.txt,hand|no_fracture,False
fracatlas,fracatlas/FracAtlas,images/Non_fractured/IMG0001355.jpg,IMG0001355,no_fracture,g1342,train,none,1342,-1,,False,8203f2e1b63d2fa9,leg,lateral,0,0,Annotations/YOLO/IMG0001355.txt,leg|no_fracture,False
fracatlas,fracatlas/FracAtlas,images/Non_fractured/IMG0001356.jpg,IMG0001356,no_fracture,g1343,val,none,1343,-1,,False,a53531216d4dd9d9,hand,frontal,0,0,Annotations/YOLO/IMG0001356.txt,hand|no_fracture,False
fracatlas,fracatlas/FracAtlas,images/Non_fractured/IMG0001357.jpg,IMG0001357,no_fracture,g1344,train,none,1344,-1,,False,e8658c99296dc9d9,hand,oblique,0,0,Annotations/YOLO/IMG0001357.txt,hand|no_fracture,False
fracatlas,fracatlas/FracAtlas,images/Non_fractured/IMG0001358.jpg,IMG0001358,no_fracture,g1345,test,none,1345,-1,,True,260913c92f4bb35f,leg,frontal,0,0,Annotations/YOLO/IMG0001358.txt,leg|no_fracture,False
fracatlas,fracatlas/FracAtlas,images/Non_fractured/IMG0001359.jpg,IMG0001359,no_fracture,g1346,train,none,1346,-1,,False,93204cd3b17cd99b,leg,lateral,0,0,Annotations/YOLO/IMG0001359.txt,leg|no_fracture,False
fracatlas,fracatlas/FracAtlas,images/Fractured/IMG0001360.jpg,IMG0001360,fracture,g1347,train,train,1347,-1,,False,a4bd246d6c6d4999,hand,frontal,0,1,Annotations/YOLO/IMG0001360.txt,hand|fracture,False
fracatlas,fracatlas/FracAtlas,images/Fractured/IMG0001361.jpg,IMG0001361,fracture,g1348,train,train,1348,-1,,False,fe3f0b01a46c6969,hand,lateral,0,1,Annotations/YOLO/IMG0001361.txt,hand|fracture,False
fracatlas,fracatlas/FracAtlas,images/Fractured/IMG0001362.jpg,IMG0001362,fracture,g61,train,train,61,-1,,False,d495b4b5a4256dc9,hand,frontal,0,1,Annotations/YOLO/IMG0001362.txt,hand|fracture,False
fracatlas,fracatlas/FracAtlas,images/Fractured/IMG0001363.jpg,IMG0001363,fracture,g1350,train,train,1350,-1,,False,509794b5b4a5ac6d,hand,frontal,0,1,Annotations/YOLO/IMG0001363.txt,hand|fracture,False
fracatlas,fracatlas/FracAtlas,images/Fractured/IMG0001364.jpg,IMG0001364,fracture,g61,dropped,train,61,-1,duplicate_of:IMG0001362,False,d495b4b5a4a5ad49,hand,frontal,0,1,Annotations/YOLO/IMG0001364.txt,hand|fracture,False
fracatlas,fracatlas/FracAtlas,images/Fractured/IMG0001365.jpg,IMG0001365,fracture,g1352,train,train,1352,-1,,False,b4b5a42d646da9c9,hand,frontal,0,1,Annotations/YOLO/IMG0001365.txt,hand|fracture,False
fracatlas,fracatlas/FracAtlas,images/Fractured/IMG0001366.jpg,IMG0001366,fracture,g1353,test,train,1353,-1,,True,2437646d6ccdc939,hand,frontal,0,1,Annotations/YOLO/IMG0001366.txt,hand|fracture,False
fracatlas,fracatlas/FracAtlas,images/Fractured/IMG0001367.jpg,IMG0001367,fracture,g1354,train,train,1354,-1,,False,82a4ed5b96a42d6d,hand,lateral,0,1,Annotations/YOLO/IMG0001367.txt,hand|fracture,False
fracatlas,fracatlas/FracAtlas,images/Non_fractured/IMG0001368.jpg,IMG0001368,no_fracture,g1355,test,none,1355,-1,,True,6691d8679a656699,leg,frontal,0,0,Annotations/YOLO/IMG0001368.txt,leg|no_fracture,False
fracatlas,fracatlas/FracAtlas,images/Non_fractured/IMG0001369.jpg,IMG0001369,no_fracture,g1356,train,none,1356,-1,,False,b87346bc4327989b,leg,lateral,0,0,Annotations/YOLO/IMG0001369.txt,leg|no_fracture,False
fracatlas,fracatlas/FracAtlas,images/Non_fractured/IMG0001370.jpg,IMG0001370,no_fracture,g0,dropped,none,0,-1,duplicate_of:IMG0000000,False,045904fdb4d56f0f,leg,frontal,0,0,Annotations/YOLO/IMG0001370.txt,leg|no_fracture,False
fracatlas,fracatlas/FracAtlas,images/Non_fractured/IMG0001371.jpg,IMG0001371,no_fracture,g1358,val,none,1358,-1,,False,01fd03707f45b897,hand,frontal,0,0,Annotations/YOLO/IMG0001371.txt,hand|no_fracture,False
fracatlas,fracatlas/FracAtlas,images/Non_fractured/IMG0001372.jpg,IMG0001372,no_fracture,g1359,train,none,1359,-1,,False,c9cd656722733171,hand,lateral,0,0,Annotations/YOLO/IMG0001372.txt,hand|no_fracture,False
fracatlas,fracatlas/FracAtlas,images/Non_fractured/IMG0001373.jpg,IMG0001373,no_fracture,g1360,train,none,1360,-1,,False,0f9d4e9c4ea71c13,mixed,frontal,0,0,Annotations/YOLO/IMG0001373.txt,mixed|no_fracture,False
fracatlas,fracatlas/FracAtlas,images/Non_fractured/IMG0001374.jpg,IMG0001374,no_fracture,g1361,test,none,1361,-1,,True,deb34c350e83186f,mixed,frontal,0,0,Annotations/YOLO/IMG0001374.txt,mixed|no_fracture,False
fracatlas,fracatlas/FracAtlas,images/Non_fractured/IMG0001375.jpg,IMG0001375,no_fracture,g1362,train,none,1362,-1,,False,b331e2c5c6633333,leg,frontal,0,0,Annotations/YOLO/IMG0001375.txt,leg|no_fracture,False
fracatlas,fracatlas/FracAtlas,images/Non_fractured/IMG0001376.jpg,IMG0001376,no_fracture,g1363,train,none,1363,-1,,False,5c96943525cd6d39,leg,oblique,0,0,Annotations/YOLO/IMG0001376.txt,leg|no_fracture,False
fracatlas,fracatlas/FracAtlas,images/Non_fractured/IMG0001377.jpg,IMG0001377,no_fracture,g1364,train,none,1364,-1,,False,3033f0efc83b3133,leg,frontal,0,0,Annotations/YOLO/IMG0001377.txt,leg|no_fracture,False
fracatlas,fracatlas/FracAtlas,images/Non_fractured/IMG0001378.jpg,IMG0001378,no_fracture,g3,dropped,none,3,-1,duplicate_of:IMG0000003,False,0259460566f1f73f,leg,lateral,0,0,Annotations/YOLO/IMG0001378.txt,leg|no_fracture,False
fracatlas,fracatlas/FracAtlas,images/Non_fractured/IMG0001379.jpg,IMG0001379,no_fracture,g518,dropped,none,518,-1,duplicate_of:IMG0000526,False,e071783f1e0f0733,leg,oblique,0,0,Annotations/YOLO/IMG0001379.txt,leg|no_fracture,False
fracatlas,fracatlas/FracAtlas,images/Fractured/IMG0001380.jpg,IMG0001380,fracture,g1367,train,train,1367,-1,,False,7577599199642699,hand,frontal,0,1,Annotations/YOLO/IMG0001380.txt,hand|fracture,False
fracatlas,fracatlas/FracAtlas,images/Fractured/IMG0001381.jpg,IMG0001381,fracture,g1368,cal,train,1368,-1,,False,309fc49fc8673233,hand,lateral,0,1,Annotations/YOLO/IMG0001381.txt,hand|fracture,False
fracatlas,fracatlas/FracAtlas,images/Fractured/IMG0001382.jpg,IMG0001382,fracture,g1369,train,train,1369,-1,,False,e2cd443388cde373,hand,frontal,0,1,Annotations/YOLO/IMG0001382.txt,hand|fracture,False
fracatlas,fracatlas/FracAtlas,images/Non_fractured/IMG0001384.jpg,IMG0001384,no_fracture,g1370,train,none,1370,-1,,False,dc343673313bd10b,hip,frontal,0,0,Annotations/YOLO/IMG0001384.txt,hip|no_fracture,False
fracatlas,fracatlas/FracAtlas,images/Non_fractured/IMG0001385.jpg,IMG0001385,no_fracture,g1371,train,none,1371,-1,,False,366d9695246ad25d,mixed,frontal,0,0,Annotations/YOLO/IMG0001385.txt,mixed|no_fracture,False
fracatlas,fracatlas/FracAtlas,images/Non_fractured/IMG0001386.jpg,IMG0001386,no_fracture,g1372,train,none,1372,-1,,False,e4ad99a5256d49c9,leg,frontal,0,0,Annotations/YOLO/IMG0001386.txt,leg|no_fracture,False
fracatlas,fracatlas/FracAtlas,images/Non_fractured/IMG0001387.jpg,IMG0001387,no_fracture,g1373,train,none,1373,-1,,False,3252b9a9f6923339,leg,lateral,0,0,Annotations/YOLO/IMG0001387.txt,leg|no_fracture,False
fracatlas,fracatlas/FracAtlas,images/Non_fractured/IMG0001388.jpg,IMG0001388,no_fracture,g1374,train,none,1374,-1,,False,14d1e5e195a5f1a5,leg,frontal,0,0,Annotations/YOLO/IMG0001388.txt,leg|no_fracture,False
fracatlas,fracatlas/FracAtlas,images/Non_fractured/IMG0001389.jpg,IMG0001389,no_fracture,g1375,test,none,1375,-1,,True,02010e1f1ef7ef69,hand,frontal,0,0,Annotations/YOLO/IMG0001389.txt,hand|no_fracture,False
fracatlas,fracatlas/FracAtlas,images/Non_fractured/IMG0001390.jpg,IMG0001390,no_fracture,g1376,val,none,1376,-1,,False,acc329eb61eb2961,leg,frontal,0,0,Annotations/YOLO/IMG0001390.txt,leg|no_fracture,False
fracatlas,fracatlas/FracAtlas,images/Fractured/IMG0001391.jpg,IMG0001391,fracture,g1377,train,train,1377,-1,,False,82dd82c7c68772e3,hand,frontal,0,1,Annotations/YOLO/IMG0001391.txt,hand|fracture,False
fracatlas,fracatlas/FracAtlas,images/Fractured/IMG0001392.jpg,IMG0001392,fracture,g1378,val,train,1378,-1,,False,d3d3f2340c8783c7,hand,lateral,0,1,Annotations/YOLO/IMG0001392.txt,hand|fracture,False
fracatlas,fracatlas/FracAtlas,images/Non_fractured/IMG0001393.jpg,IMG0001393,no_fracture,g1379,test,none,1379,-1,,True,b4c6b3cf40bcd02b,hip,frontal,0,0,Annotations/YOLO/IMG0001393.txt,hip|no_fracture,False
fracatlas,fracatlas/FracAtlas,images/Non_fractured/IMG0001394.jpg,IMG0001394,no_fracture,g1380,cal,none,1380,-1,,False,293939e969693959,leg,frontal,0,0,Annotations/YOLO/IMG0001394.txt,leg|no_fracture,False
fracatlas,fracatlas/FracAtlas,images/Non_fractured/IMG0001395.jpg,IMG0001395,no_fracture,g1381,val,none,1381,-1,,False,383f3b11382959db,leg,lateral,0,0,Annotations/YOLO/IMG0001395.txt,leg|no_fracture,False
fracatlas,fracatlas/FracAtlas,images/Non_fractured/IMG0001396.jpg,IMG0001396,no_fracture,g1382,cal,none,1382,-1,,False,6d3d785918191dd3,shoulder,frontal,0,0,Annotations/YOLO/IMG0001396.txt,shoulder|no_fracture,False
fracatlas,fracatlas/FracAtlas,images/Non_fractured/IMG0001397.jpg,IMG0001397,no_fracture,g1383,train,none,1383,-1,,False,cc7f8cc027f65883,mixed,frontal,0,0,Annotations/YOLO/IMG0001397.txt,mixed|no_fracture,False
fracatlas,fracatlas/FracAtlas,images/Non_fractured/IMG0001398.jpg,IMG0001398,no_fracture,g1384,test,none,1384,-1,,True,4fe30d378c274c87,shoulder,frontal,0,0,Annotations/YOLO/IMG0001398.txt,shoulder|no_fracture,False
fracatlas,fracatlas/FracAtlas,images/Non_fractured/IMG0001399.jpg,IMG0001399,no_fracture,g1385,val,none,1385,-1,,False,697939e9494919d9,leg,frontal,0,0,Annotations/YOLO/IMG0001399.txt,leg|no_fracture,False
fracatlas,fracatlas/FracAtlas,images/Non_fractured/IMG0001400.jpg,IMG0001400,no_fracture,g1386,val,none,1386,-1,,False,266311189cdd59fb,leg,lateral,0,0,Annotations/YOLO/IMG0001400.txt,leg|no_fracture,False
fracatlas,fracatlas/FracAtlas,images/Non_fractured/IMG0001401.jpg,IMG0001401,no_fracture,g1387,train,none,1387,-1,,False,b6737c1ca07c231b,hip,frontal,0,0,Annotations/YOLO/IMG0001401.txt,hip|no_fracture,False
fracatlas,fracatlas/FracAtlas,images/Non_fractured/IMG0001402.jpg,IMG0001402,no_fracture,g1388,train,none,1388,-1,,False,d2db3c0cb03cf30b,hip,frontal,0,0,Annotations/YOLO/IMG0001402.txt,hip|no_fracture,False
fracatlas,fracatlas/FracAtlas,images/Non_fractured/IMG0001403.jpg,IMG0001403,no_fracture,g1389,train,none,1389,-1,,False,9a197a6d60d99999,leg,frontal,0,0,Annotations/YOLO/IMG0001403.txt,leg|no_fracture,False
fracatlas,fracatlas/FracAtlas,images/Non_fractured/IMG0001404.jpg,IMG0001404,no_fracture,g1390,train,none,1390,-1,,False,88c7c2c766637393,leg,oblique,0,0,Annotations/YOLO/IMG0001404.txt,leg|no_fracture,False
fracatlas,fracatlas/FracAtlas,images/Non_fractured/IMG0001405.jpg,IMG0001405,no_fracture,g1391,train,none,1391,-1,,False,6262b39933373333,hand,frontal,0,0,Annotations/YOLO/IMG0001405.txt,hand|no_fracture,False
fracatlas,fracatlas/FracAtlas,images/Non_fractured/IMG0001406.jpg,IMG0001406,no_fracture,g1392,test,none,1392,-1,,True,9a2226cb99673b99,hand,lateral,0,0,Annotations/YOLO/IMG0001406.txt,hand|no_fracture,False
fracatlas,fracatlas/FracAtlas,images/Non_fractured/IMG0001407.jpg,IMG0001407,no_fracture,g1393,train,none,1393,-1,,False,1e7b480f0e17c3e3,leg,frontal,0,0,Annotations/YOLO/IMG0001407.txt,leg|no_fracture,False
fracatlas,fracatlas/FracAtlas,images/Non_fractured/IMG0001408.jpg,IMG0001408,no_fracture,g1394,test,none,1394,-1,,True,6493d96699674c99,leg,frontal,0,0,Annotations/YOLO/IMG0001408.txt,leg|no_fracture,False
fracatlas,fracatlas/FracAtlas,images/Non_fractured/IMG0001409.jpg,IMG0001409,no_fracture,g1395,train,none,1395,-1,,False,a4d36d9659659299,leg,lateral,0,0,Annotations/YOLO/IMG0001409.txt,leg|no_fracture,False
fracatlas,fracatlas/FracAtlas,images/Fractured/IMG0001410.jpg,IMG0001410,fracture,g1396,cal,train,1396,-1,,False,c0cf187bd0cd9993,hand,frontal,0,2,Annotations/YOLO/IMG0001410.txt,hand|fracture,False
fracatlas,fracatlas/FracAtlas,images/Fractured/IMG0001411.jpg,IMG0001411,fracture,g1397,train,train,1397,-1,,False,c84f609bd8ce9999,hand,lateral,0,1,Annotations/YOLO/IMG0001411.txt,hand|fracture,False
fracatlas,fracatlas/FracAtlas,images/Non_fractured/IMG0001412.jpg,IMG0001412,no_fracture,g1398,train,none,1398,-1,,False,112a919999ff9999,hand,frontal,0,0,Annotations/YOLO/IMG0001412.txt,hand|no_fracture,False
fracatlas,fracatlas/FracAtlas,images/Non_fractured/IMG0001413.jpg,IMG0001413,no_fracture,g1399,val,none,1399,-1,,False,9a1a26339937339b,hand,lateral,0,0,Annotations/YOLO/IMG0001413.txt,hand|no_fracture,False
fracatlas,fracatlas/FracAtlas,images/Non_fractured/IMG0001414.jpg,IMG0001414,no_fracture,g4,dropped,none,4,-1,duplicate_of:IMG0000004,False,8789ebc9e8d78407,leg,lateral,0,0,Annotations/YOLO/IMG0001414.txt,leg|no_fracture,False
fracatlas,fracatlas/FracAtlas,images/Non_fractured/IMG0001415.jpg,IMG0001415,no_fracture,g1401,val,none,1401,-1,,False,9362331cc666b3b3,leg,frontal,0,0,Annotations/YOLO/IMG0001415.txt,leg|no_fracture,False
fracatlas,fracatlas/FracAtlas,images/Non_fractured/IMG0001416.jpg,IMG0001416,no_fracture,g1402,train,none,1402,-1,,False,93c971b399913333,leg,lateral,0,0,Annotations/YOLO/IMG0001416.txt,leg|no_fracture,False
fracatlas,fracatlas/FracAtlas,images/Non_fractured/IMG0001417.jpg,IMG0001417,no_fracture,g1403,train,none,1403,-1,,False,2929c9b9b999c999,leg,frontal,0,0,Annotations/YOLO/IMG0001417.txt,leg|no_fracture,False
fracatlas,fracatlas/FracAtlas,images/Non_fractured/IMG0001418.jpg,IMG0001418,no_fracture,g1404,train,none,1404,-1,,False,25212179795959fb,leg,lateral,0,0,Annotations/YOLO/IMG0001418.txt,leg|no_fracture,False
fracatlas,fracatlas/FracAtlas,images/Non_fractured/IMG0001419.jpg,IMG0001419,no_fracture,g1405,train,none,1405,-1,,False,262964b6654db2bd,mixed,frontal,0,0,Annotations/YOLO/IMG0001419.txt,mixed|no_fracture,False
fracatlas,fracatlas/FracAtlas,images/Non_fractured/IMG0001420.jpg,IMG0001420,no_fracture,g1406,test,none,1406,-1,,True,60f3713371395999,leg,frontal,0,0,Annotations/YOLO/IMG0001420.txt,leg|no_fracture,False
fracatlas,fracatlas/FracAtlas,images/Non_fractured/IMG0001421.jpg,IMG0001421,no_fracture,g1407,cal,none,1407,-1,,False,bc5938f732ce6411,leg,lateral,0,0,Annotations/YOLO/IMG0001421.txt,leg|no_fracture,False
fracatlas,fracatlas/FracAtlas,images/Non_fractured/IMG0001422.jpg,IMG0001422,no_fracture,g1408,train,none,1408,-1,,False,b0ad580d70f7538b,hip,frontal,0,0,Annotations/YOLO/IMG0001422.txt,hip|no_fracture,False
fracatlas,fracatlas/FracAtlas,images/Non_fractured/IMG0001423.jpg,IMG0001423,no_fracture,g1409,train,none,1409,-1,,False,5d43805f69211f5f,leg,frontal,0,0,Annotations/YOLO/IMG0001423.txt,leg|no_fracture,False
fracatlas,fracatlas/FracAtlas,images/Non_fractured/IMG0001424.jpg,IMG0001424,no_fracture,g1410,train,none,1410,-1,,False,b60300b60b165fff,leg,lateral,0,0,Annotations/YOLO/IMG0001424.txt,leg|no_fracture,False
fracatlas,fracatlas/FracAtlas,images/Non_fractured/IMG0001425.jpg,IMG0001425,no_fracture,g1411,train,none,1411,-1,,False,33ce19669933cc99,leg,frontal,0,0,Annotations/YOLO/IMG0001425.txt,leg|no_fracture,False
fracatlas,fracatlas/FracAtlas,images/Non_fractured/IMG0001426.jpg,IMG0001426,no_fracture,g1412,train,none,1412,-1,,False,4c57ab1ed18b3271,leg,lateral,0,0,Annotations/YOLO/IMG0001426.txt,leg|no_fracture,False
fracatlas,fracatlas/FracAtlas,images/Non_fractured/IMG0001427.jpg,IMG0001427,no_fracture,g1413,train,none,1413,-1,,False,7631b2c3ccc56273,hand,frontal,0,0,Annotations/YOLO/IMG0001427.txt,hand|no_fracture,False
fracatlas,fracatlas/FracAtlas,images/Fractured/IMG0001428.jpg,IMG0001428,fracture,g1414,val,train,1414,-1,,False,8e39e239e28d70e3,hand,lateral,0,2,Annotations/YOLO/IMG0001428.txt,hand|fracture,False
fracatlas,fracatlas/FracAtlas,images/Non_fractured/IMG0001429.jpg,IMG0001429,no_fracture,g1415,train,none,1415,-1,,False,c07f601bcc9f7033,leg,frontal,0,0,Annotations/YOLO/IMG0001429.txt,leg|no_fracture,False
fracatlas,fracatlas/FracAtlas,images/Non_fractured/IMG0001430.jpg,IMG0001430,no_fracture,g1416,train,none,1416,-1,,False,319b99c7c4333333,leg,frontal,0,0,Annotations/YOLO/IMG0001430.txt,leg|no_fracture,False
fracatlas,fracatlas/FracAtlas,images/Non_fractured/IMG0001431.jpg,IMG0001431,no_fracture,g1417,train,none,1417,-1,,False,b1a92c2d6c6d49d9,leg,oblique,0,0,Annotations/YOLO/IMG0001431.txt,leg|no_fracture,False
fracatlas,fracatlas/FracAtlas,images/Non_fractured/IMG0001432.jpg,IMG0001432,no_fracture,g1418,test,none,1418,-1,,True,cbdc2c4cb43cb30b,hip,frontal,0,0,Annotations/YOLO/IMG0001432.txt,hip|no_fracture,False
fracatlas,fracatlas/FracAtlas,images/Non_fractured/IMG0001433.jpg,IMG0001433,no_fracture,g1419,train,none,1419,-1,,False,60db684f60db98d9,leg,frontal,0,0,Annotations/YOLO/IMG0001433.txt,leg|no_fracture,False
fracatlas,fracatlas/FracAtlas,images/Non_fractured/IMG0001434.jpg,IMG0001434,no_fracture,g1420,train,none,1420,-1,,False,000b16385bfe69fb,leg,lateral,0,0,Annotations/YOLO/IMG0001434.txt,leg|no_fracture,False
fracatlas,fracatlas/FracAtlas,images/Non_fractured/IMG0001435.jpg,IMG0001435,no_fracture,g1421,train,none,1421,-1,,False,363372a30c17e3e3,leg,frontal,0,0,Annotations/YOLO/IMG0001435.txt,leg|no_fracture,False
fracatlas,fracatlas/FracAtlas,images/Non_fractured/IMG0001436.jpg,IMG0001436,no_fracture,g1422,test,none,1422,-1,,True,d8d9486f603b9999,leg,frontal,0,0,Annotations/YOLO/IMG0001436.txt,leg|no_fracture,False
fracatlas,fracatlas/FracAtlas,images/Non_fractured/IMG0001437.jpg,IMG0001437,no_fracture,g432,dropped,none,432,-1,duplicate_of:IMG0000434,False,b2b524656c6dc999,leg,frontal,0,0,Annotations/YOLO/IMG0001437.txt,leg|no_fracture,False
fracatlas,fracatlas/FracAtlas,images/Non_fractured/IMG0001438.jpg,IMG0001438,no_fracture,g1424,train,none,1424,-1,,False,6433cc6e39ccc999,leg,frontal,0,0,Annotations/YOLO/IMG0001438.txt,leg|no_fracture,False
fracatlas,fracatlas/FracAtlas,images/Non_fractured/IMG0001439.jpg,IMG0001439,no_fracture,g1425,test,none,1425,-1,,True,b2c90cf3991c3373,leg,lateral,0,0,Annotations/YOLO/IMG0001439.txt,leg|no_fracture,False
fracatlas,fracatlas/FracAtlas,images/Fractured/IMG0001440.jpg,IMG0001440,fracture,g1426,train,train,1426,-1,,False,19890f0b13cfe373,hand,frontal,0,1,Annotations/YOLO/IMG0001440.txt,hand|fracture,False
fracatlas,fracatlas/FracAtlas,images/Fractured/IMG0001441.jpg,IMG0001441,fracture,g1427,train,train,1427,-1,,False,8d8dcdcd31cd3131,hand,lateral,0,1,Annotations/YOLO/IMG0001441.txt,hand|fracture,False
fracatlas,fracatlas/FracAtlas,images/Non_fractured/IMG0001442.jpg,IMG0001442,no_fracture,g1428,cal,none,1428,-1,,False,3c3c34f3c30f3383,hip,frontal,0,0,Annotations/YOLO/IMG0001442.txt,hip|no_fracture,False
fracatlas,fracatlas/FracAtlas,images/Non_fractured/IMG0001443.jpg,IMG0001443,no_fracture,g1429,test,none,1429,-1,,True,c3c38363c3c39373,leg,frontal,0,0,Annotations/YOLO/IMG0001443.txt,leg|no_fracture,False
fracatlas,fracatlas/FracAtlas,images/Non_fractured/IMG0001444.jpg,IMG0001444,no_fracture,g1430,train,none,1430,-1,,False,812463fbb03c49fb,leg,lateral,0,0,Annotations/YOLO/IMG0001444.txt,leg|no_fracture,False
fracatlas,fracatlas/FracAtlas,images/Non_fractured/IMG0001445.jpg,IMG0001445,no_fracture,g347,dropped,none,347,-1,duplicate_of:IMG0000349,False,497b31b331995999,leg,frontal,0,0,Annotations/YOLO/IMG0001445.txt,leg|no_fracture,False
fracatlas,fracatlas/FracAtlas,images/Non_fractured/IMG0001446.jpg,IMG0001446,no_fracture,g1432,train,none,1432,-1,,False,ca3d6a3d486dc899,leg,frontal,0,0,Annotations/YOLO/IMG0001446.txt,leg|no_fracture,False
fracatlas,fracatlas/FracAtlas,images/Non_fractured/IMG0001447.jpg,IMG0001447,no_fracture,g1433,train,none,1433,-1,,False,93366cdb93ac4949,leg,lateral,0,0,Annotations/YOLO/IMG0001447.txt,leg|no_fracture,False
fracatlas,fracatlas/FracAtlas,images/Non_fractured/IMG0001449.jpg,IMG0001449,no_fracture,g1434,train,none,1434,-1,,False,909ae7e5615319d9,shoulder,frontal,0,0,Annotations/YOLO/IMG0001449.txt,shoulder|no_fracture,False
fracatlas,fracatlas/FracAtlas,images/Non_fractured/IMG0001450.jpg,IMG0001450,no_fracture,g1435,test,none,1435,-1,,True,3c63691d79198cd9,shoulder,frontal,0,0,Annotations/YOLO/IMG0001450.txt,shoulder|no_fracture,False
fracatlas,fracatlas/FracAtlas,images/Non_fractured/IMG0001451.jpg,IMG0001451,no_fracture,g1436,test,none,1436,-1,,True,61691c5b531794f9,shoulder,frontal,0,0,Annotations/YOLO/IMG0001451.txt,shoulder|no_fracture,False
fracatlas,fracatlas/FracAtlas,images/Non_fractured/IMG0001452.jpg,IMG0001452,no_fracture,g1437,train,none,1437,-1,,False,22cdce3962cd9a33,leg,frontal,0,0,Annotations/YOLO/IMG0001452.txt,leg|no_fracture,False
fracatlas,fracatlas/FracAtlas,images/Non_fractured/IMG0001453.jpg,IMG0001453,no_fracture,g1438,train,none,1438,-1,,False,68a7d25968d79899,leg,lateral,0,0,Annotations/YOLO/IMG0001453.txt,leg|no_fracture,False
fracatlas,fracatlas/FracAtlas,images/Non_fractured/IMG0001454.jpg,IMG0001454,no_fracture,g1439,cal,none,1439,-1,,False,383d3e1f0ecf0233,leg,oblique,0,0,Annotations/YOLO/IMG0001454.txt,leg|no_fracture,False
fracatlas,fracatlas/FracAtlas,images/Non_fractured/IMG0001455.jpg,IMG0001455,no_fracture,g1440,train,none,1440,-1,,False,9b5999c899339999,leg,frontal,0,0,Annotations/YOLO/IMG0001455.txt,leg|no_fracture,False
fracatlas,fracatlas/FracAtlas,images/Non_fractured/IMG0001456.jpg,IMG0001456,no_fracture,g1441,train,none,1441,-1,,False,11395f191959d9d9,leg,lateral,0,0,Annotations/YOLO/IMG0001456.txt,leg|no_fracture,False
fracatlas,fracatlas/FracAtlas,images/Non_fractured/IMG0001457.jpg,IMG0001457,no_fracture,g1442,train,none,1442,-1,,False,714b385b581d1cdb,shoulder,frontal,0,0,Annotations/YOLO/IMG0001457.txt,shoulder|no_fracture,False
fracatlas,fracatlas/FracAtlas,images/Non_fractured/IMG0001458.jpg,IMG0001458,no_fracture,g1443,train,none,1443,-1,,False,91991b81337bb34b,hip,frontal,0,0,Annotations/YOLO/IMG0001458.txt,hip|no_fracture,False
fracatlas,fracatlas/FracAtlas,images/Non_fractured/IMG0001459.jpg,IMG0001459,no_fracture,g1444,train,none,1444,-1,,False,b21b194cfcbed109,hip,frontal,0,0,Annotations/YOLO/IMG0001459.txt,hip|no_fracture,False
fracatlas,fracatlas/FracAtlas,images/Non_fractured/IMG0001460.jpg,IMG0001460,no_fracture,g1445,cal,none,1445,-1,,False,e561415b7b509679,shoulder,frontal,0,0,Annotations/YOLO/IMG0001460.txt,shoulder|no_fracture,False
fracatlas,fracatlas/FracAtlas,images/Non_fractured/IMG0001461.jpg,IMG0001461,no_fracture,g1446,val,none,1446,-1,,False,c9d7b0d1f2383453,shoulder,frontal,0,0,Annotations/YOLO/IMG0001461.txt,shoulder|no_fracture,False
fracatlas,fracatlas/FracAtlas,images/Non_fractured/IMG0001462.jpg,IMG0001462,no_fracture,g1447,train,none,1447,-1,,False,41d1d1336373d333,leg,frontal,0,0,Annotations/YOLO/IMG0001462.txt,leg|no_fracture,False
fracatlas,fracatlas/FracAtlas,images/Non_fractured/IMG0001463.jpg,IMG0001463,no_fracture,g1448,train,none,1448,-1,,False,91a7889bf356c343,leg,lateral,0,0,Annotations/YOLO/IMG0001463.txt,leg|no_fracture,False
fracatlas,fracatlas/FracAtlas,images/Non_fractured/IMG0001464.jpg,IMG0001464,no_fracture,g1449,train,none,1449,-1,,False,8a66333333673333,hand,frontal,0,0,Annotations/YOLO/IMG0001464.txt,hand|no_fracture,False
fracatlas,fracatlas/FracAtlas,images/Non_fractured/IMG0001465.jpg,IMG0001465,no_fracture,g1450,train,none,1450,-1,,False,66649a3133cf3333,hand,lateral,0,0,Annotations/YOLO/IMG0001465.txt,hand|no_fracture,False
fracatlas,fracatlas/FracAtlas,images/Non_fractured/IMG0001466.jpg,IMG0001466,no_fracture,g1451,train,none,1451,-1,,False,8ea3a1a5a5e5ab61,leg,frontal,0,0,Annotations/YOLO/IMG0001466.txt,leg|no_fracture,False
fracatlas,fracatlas/FracAtlas,images/Non_fractured/IMG0001467.jpg,IMG0001467,no_fracture,g1452,train,none,1452,-1,,False,f847648d7847ad85,leg,frontal,0,0,Annotations/YOLO/IMG0001467.txt,leg|no_fracture,False
fracatlas,fracatlas/FracAtlas,images/Non_fractured/IMG0001468.jpg,IMG0001468,no_fracture,g1453,train,none,1453,-1,,False,6d161359c99e9939,leg,lateral,0,0,Annotations/YOLO/IMG0001468.txt,leg|no_fracture,False
fracatlas,fracatlas/FracAtlas,images/Non_fractured/IMG0001469.jpg,IMG0001469,no_fracture,g1454,train,none,1454,-1,,False,b85b3399d91cb149,hip,frontal,0,0,Annotations/YOLO/IMG0001469.txt,hip|no_fracture,False
fracatlas,fracatlas/FracAtlas,images/Non_fractured/IMG0001470.jpg,IMG0001470,no_fracture,g1455,val,none,1455,-1,,False,72079c3d72e1e323,leg,frontal,0,0,Annotations/YOLO/IMG0001470.txt,leg|no_fracture,False
fracatlas,fracatlas/FracAtlas,images/Non_fractured/IMG0001471.jpg,IMG0001471,no_fracture,g1456,train,none,1456,-1,,False,6359314d3999b9a9,hip,frontal,0,0,Annotations/YOLO/IMG0001471.txt,hip|no_fracture,False
fracatlas,fracatlas/FracAtlas,images/Non_fractured/IMG0001472.jpg,IMG0001472,no_fracture,g1457,train,none,1457,-1,,False,c27d4af7c2399033,leg,frontal,0,0,Annotations/YOLO/IMG0001472.txt,leg|no_fracture,False
fracatlas,fracatlas/FracAtlas,images/Non_fractured/IMG0001473.jpg,IMG0001473,no_fracture,g1458,train,none,1458,-1,,False,701aa573f964c355,leg,lateral,0,0,Annotations/YOLO/IMG0001473.txt,leg|no_fracture,False
fracatlas,fracatlas/FracAtlas,images/Non_fractured/IMG0001474.jpg,IMG0001474,no_fracture,g1459,train,none,1459,-1,,False,41416b6d27e1ebc3,leg,frontal,0,0,Annotations/YOLO/IMG0001474.txt,leg|no_fracture,False
fracatlas,fracatlas/FracAtlas,images/Non_fractured/IMG0001475.jpg,IMG0001475,no_fracture,g1460,train,none,1460,-1,,False,c3d21c817376e3c3,leg,lateral,0,0,Annotations/YOLO/IMG0001475.txt,leg|no_fracture,False
fracatlas,fracatlas/FracAtlas,images/Non_fractured/IMG0001476.jpg,IMG0001476,no_fracture,g1461,train,none,1461,-1,,False,f1df260318bc6969,leg,lateral,0,0,Annotations/YOLO/IMG0001476.txt,leg|no_fracture,False
fracatlas,fracatlas/FracAtlas,images/Non_fractured/IMG0001477.jpg,IMG0001477,no_fracture,g1462,train,none,1462,-1,,False,4f192c1de6e6582b,mixed,frontal,0,0,Annotations/YOLO/IMG0001477.txt,mixed|no_fracture,False
fracatlas,fracatlas/FracAtlas,images/Non_fractured/IMG0001478.jpg,IMG0001478,no_fracture,g1463,train,none,1463,-1,,False,a3c5731e8ee64c13,shoulder,frontal,0,0,Annotations/YOLO/IMG0001478.txt,shoulder|no_fracture,False
fracatlas,fracatlas/FracAtlas,images/Non_fractured/IMG0001479.jpg,IMG0001479,no_fracture,g1464,val,none,1464,-1,,False,31b3333373339133,leg,frontal,0,0,Annotations/YOLO/IMG0001479.txt,leg|no_fracture,False
fracatlas,fracatlas/FracAtlas,images/Non_fractured/IMG0001480.jpg,IMG0001480,no_fracture,g1465,val,none,1465,-1,,False,2ac661399ae67371,leg,lateral,0,0,Annotations/YOLO/IMG0001480.txt,leg|no_fracture,False
fracatlas,fracatlas/FracAtlas,images/Non_fractured/IMG0001481.jpg,IMG0001481,no_fracture,g1466,cal,none,1466,-1,,False,c153d19999937333,leg,frontal,0,0,Annotations/YOLO/IMG0001481.txt,leg|no_fracture,False
fracatlas,fracatlas/FracAtlas,images/Non_fractured/IMG0001482.jpg,IMG0001482,no_fracture,g1467,train,none,1467,-1,,False,062371999ccd49fb,leg,lateral,0,0,Annotations/YOLO/IMG0001482.txt,leg|no_fracture,False
fracatlas,fracatlas/FracAtlas,images/Non_fractured/IMG0001483.jpg,IMG0001483,no_fracture,g1468,cal,none,1468,-1,,False,94cb23ccb03fd30b,hip,frontal,0,0,Annotations/YOLO/IMG0001483.txt,hip|no_fracture,False
fracatlas,fracatlas/FracAtlas,images/Non_fractured/IMG0001484.jpg,IMG0001484,no_fracture,g1469,train,none,1469,-1,,False,3fef65c52701e141,leg,frontal,0,0,Annotations/YOLO/IMG0001484.txt,leg|no_fracture,False
fracatlas,fracatlas/FracAtlas,images/Non_fractured/IMG0001485.jpg,IMG0001485,no_fracture,g368,dropped,none,368,-1,duplicate_of:IMG0000370,False,c99911d9c9d99999,hand,frontal,0,0,Annotations/YOLO/IMG0001485.txt,hand|no_fracture,False
fracatlas,fracatlas/FracAtlas,images/Non_fractured/IMG0001486.jpg,IMG0001486,no_fracture,g1471,train,none,1471,-1,,False,ca003373e2ce7373,hand,lateral,0,0,Annotations/YOLO/IMG0001486.txt,hand|no_fracture,False
fracatlas,fracatlas/FracAtlas,images/Non_fractured/IMG0001487.jpg,IMG0001487,no_fracture,g1472,train,none,1472,-1,,False,e92bc96949a36999,leg,frontal,0,0,Annotations/YOLO/IMG0001487.txt,leg|no_fracture,False
fracatlas,fracatlas/FracAtlas,images/Non_fractured/IMG0001488.jpg,IMG0001488,no_fracture,g1473,train,none,1473,-1,,False,3e1b93919859d959,leg,lateral,0,0,Annotations/YOLO/IMG0001488.txt,leg|no_fracture,False
fracatlas,fracatlas/FracAtlas,images/Non_fractured/IMG0001489.jpg,IMG0001489,no_fracture,g1474,train,none,1474,-1,,False,d09ee349b11cf14b,hip,frontal,0,0,Annotations/YOLO/IMG0001489.txt,hip|no_fracture,False
fracatlas,fracatlas/FracAtlas,images/Non_fractured/IMG0001490.jpg,IMG0001490,no_fracture,g1475,train,none,1475,-1,,False,0c6d205c2ff2753d,hip,frontal,0,0,Annotations/YOLO/IMG0001490.txt,hip|no_fracture,False
fracatlas,fracatlas/FracAtlas,images/Non_fractured/IMG0001491.jpg,IMG0001491,no_fracture,g1476,train,none,1476,-1,,False,b97338582e84d83f,mixed,frontal,0,0,Annotations/YOLO/IMG0001491.txt,mixed|no_fracture,False
fracatlas,fracatlas/FracAtlas,images/Non_fractured/IMG0001492.jpg,IMG0001492,no_fracture,g1477,train,none,1477,-1,,False,223799193337333b,hand,frontal,0,0,Annotations/YOLO/IMG0001492.txt,hand|no_fracture,False
fracatlas,fracatlas/FracAtlas,images/Non_fractured/IMG0001493.jpg,IMG0001493,no_fracture,g1478,test,none,1478,-1,,True,66e5b631f2653231,hand,oblique,0,0,Annotations/YOLO/IMG0001493.txt,hand|no_fracture,False
fracatlas,fracatlas/FracAtlas,images/Fractured/IMG0001494.jpg,IMG0001494,fracture,g1479,val,train,1479,-1,,False,e2cd086968cdd9d9,hand,frontal,0,1,Annotations/YOLO/IMG0001494.txt,hand|fracture,False
fracatlas,fracatlas/FracAtlas,images/Fractured/IMG0001495.jpg,IMG0001495,fracture,g1480,train,train,1480,-1,,False,19cd2519996dd999,hand,lateral,0,1,Annotations/YOLO/IMG0001495.txt,hand|fracture,False
fracatlas,fracatlas/FracAtlas,images/Non_fractured/IMG0001496.jpg,IMG0001496,no_fracture,g1481,train,none,1481,-1,,False,e6394c3fc6219867,mixed,frontal,0,0,Annotations/YOLO/IMG0001496.txt,mixed|no_fracture,False
fracatlas,fracatlas/FracAtlas,images/Non_fractured/IMG0001497.jpg,IMG0001497,no_fracture,g1482,cal,none,1482,-1,,False,6467c89b994e9999,leg,frontal,0,0,Annotations/YOLO/IMG0001497.txt,leg|no_fracture,False
fracatlas,fracatlas/FracAtlas,images/Non_fractured/IMG0001498.jpg,IMG0001498,no_fracture,g1483,cal,none,1483,-1,,False,4b4a5a521635d5dd,leg,oblique,0,0,Annotations/YOLO/IMG0001498.txt,leg|no_fracture,False
fracatlas,fracatlas/FracAtlas,images/Non_fractured/IMG0001499.jpg,IMG0001499,no_fracture,g1484,train,none,1484,-1,,False,3c59396c18ced9a9,hip,frontal,0,0,Annotations/YOLO/IMG0001499.txt,hip|no_fracture,False
fracatlas,fracatlas/FracAtlas,images/Non_fractured/IMG0001500.jpg,IMG0001500,no_fracture,g1485,train,none,1485,-1,,False,39cd19319d339933,leg,frontal,0,0,Annotations/YOLO/IMG0001500.txt,leg|no_fracture,False
fracatlas,fracatlas/FracAtlas,images/Non_fractured/IMG0001501.jpg,IMG0001501,no_fracture,g1486,train,none,1486,-1,,False,6599c399cd999931,leg,lateral,0,0,Annotations/YOLO/IMG0001501.txt,leg|no_fracture,False
fracatlas,fracatlas/FracAtlas,images/Non_fractured/IMG0001502.jpg,IMG0001502,no_fracture,g1487,val,none,1487,-1,,False,63b3733363333119,leg,frontal,0,0,Annotations/YOLO/IMG0001502.txt,leg|no_fracture,False
fracatlas,fracatlas/FracAtlas,images/Non_fractured/IMG0001503.jpg,IMG0001503,no_fracture,g1488,train,none,1488,-1,,False,d8b66b59585c4969,leg,lateral,0,0,Annotations/YOLO/IMG0001503.txt,leg|no_fracture,False
fracatlas,fracatlas/FracAtlas,images/Non_fractured/IMG0001504.jpg,IMG0001504,no_fracture,g1489,train,none,1489,-1,,False,f8d0e0a3c363339b,mixed,frontal,0,0,Annotations/YOLO/IMG0001504.txt,mixed|no_fracture,False
fracatlas,fracatlas/FracAtlas,images/Non_fractured/IMG0001505.jpg,IMG0001505,no_fracture,g1490,cal,none,1490,-1,,False,43e371616959999b,leg,lateral,0,0,Annotations/YOLO/IMG0001505.txt,leg|no_fracture,False
fracatlas,fracatlas/FracAtlas,images/Non_fractured/IMG0001506.jpg,IMG0001506,no_fracture,g1491,train,none,1491,-1,,False,454f712117d9595b,leg,lateral,0,0,Annotations/YOLO/IMG0001506.txt,leg|no_fracture,False
fracatlas,fracatlas/FracAtlas,images/Non_fractured/IMG0001507.jpg,IMG0001507,no_fracture,g1492,train,none,1492,-1,,False,1c714dc7c9333353,mixed,frontal,0,0,Annotations/YOLO/IMG0001507.txt,mixed|no_fracture,False
fracatlas,fracatlas/FracAtlas,images/Non_fractured/IMG0001508.jpg,IMG0001508,no_fracture,g1,dropped,none,1,-1,duplicate_of:IMG0000001,False,5857e50d4867e587,leg,frontal,0,0,Annotations/YOLO/IMG0001508.txt,leg|no_fracture,False
fracatlas,fracatlas/FracAtlas,images/Non_fractured/IMG0001509.jpg,IMG0001509,no_fracture,g756,dropped,none,756,-1,duplicate_of:IMG0000765,False,989b649f98679899,leg,frontal,0,0,Annotations/YOLO/IMG0001509.txt,leg|no_fracture,False
fracatlas,fracatlas/FracAtlas,images/Non_fractured/IMG0001510.jpg,IMG0001510,no_fracture,g1495,train,none,1495,-1,,False,983fe29d70671833,leg,lateral,0,0,Annotations/YOLO/IMG0001510.txt,leg|no_fracture,False
fracatlas,fracatlas/FracAtlas,images/Non_fractured/IMG0001511.jpg,IMG0001511,no_fracture,g1496,train,none,1496,-1,,False,eeefa60c4c4e3285,mixed,frontal,0,0,Annotations/YOLO/IMG0001511.txt,mixed|no_fracture,False
fracatlas,fracatlas/FracAtlas,images/Non_fractured/IMG0001512.jpg,IMG0001512,no_fracture,g1497,train,none,1497,-1,,False,296f299c94a532dd,shoulder,frontal,0,0,Annotations/YOLO/IMG0001512.txt,shoulder|no_fracture,False
fracatlas,fracatlas/FracAtlas,images/Non_fractured/IMG0001513.jpg,IMG0001513,no_fracture,g1498,val,none,1498,-1,,False,491b193b69a969d9,leg,frontal,0,0,Annotations/YOLO/IMG0001513.txt,leg|no_fracture,False
fracatlas,fracatlas/FracAtlas,images/Non_fractured/IMG0001514.jpg,IMG0001514,no_fracture,g1499,test,none,1499,-1,,True,624d98336b58d99b,leg,lateral,0,0,Annotations/YOLO/IMG0001514.txt,leg|no_fracture,False
fracatlas,fracatlas/FracAtlas,images/Non_fractured/IMG0001515.jpg,IMG0001515,no_fracture,g1500,cal,none,1500,-1,,False,3c6d6c494c4dc9d9,hand,frontal,0,0,Annotations/YOLO/IMG0001515.txt,hand|no_fracture,False
fracatlas,fracatlas/FracAtlas,images/Non_fractured/IMG0001516.jpg,IMG0001516,no_fracture,g1113,dropped,none,1113,-1,duplicate_of:IMG0001125,False,3e0f4b51e46c6969,hand,lateral,0,0,Annotations/YOLO/IMG0001516.txt,hand|no_fracture,False
fracatlas,fracatlas/FracAtlas,images/Non_fractured/IMG0001517.jpg,IMG0001517,no_fracture,g1502,train,none,1502,-1,,False,a5b525a525cdcd19,hand,frontal,0,0,Annotations/YOLO/IMG0001517.txt,hand|no_fracture,False
fracatlas,fracatlas/FracAtlas,images/Non_fractured/IMG0001518.jpg,IMG0001518,no_fracture,g1503,test,none,1503,-1,,True,3f5b939084cd495b,hand,lateral,0,0,Annotations/YOLO/IMG0001518.txt,hand|no_fracture,False
fracatlas,fracatlas/FracAtlas,images/Non_fractured/IMG0001519.jpg,IMG0001519,no_fracture,g1504,train,none,1504,-1,,False,54d7a43d38178787,leg,frontal,0,0,Annotations/YOLO/IMG0001519.txt,leg|no_fracture,False
fracatlas,fracatlas/FracAtlas,images/Non_fractured/IMG0001520.jpg,IMG0001520,no_fracture,g1505,train,none,1505,-1,,False,709f903b119b999b,hand,frontal,0,0,Annotations/YOLO/IMG0001520.txt,hand|no_fracture,False
fracatlas,fracatlas/FracAtlas,images/Non_fractured/IMG0001521.jpg,IMG0001521,no_fracture,g1506,val,none,1506,-1,,False,30df643331673333,hand,lateral,0,0,Annotations/YOLO/IMG0001521.txt,hand|no_fracture,False
fracatlas,fracatlas/FracAtlas,images/Non_fractured/IMG0001522.jpg,IMG0001522,no_fracture,g1507,train,none,1507,-1,,False,21bd0c3373733333,hand,oblique,0,0,Annotations/YOLO/IMG0001522.txt,hand|no_fracture,False
fracatlas,fracatlas/FracAtlas,images/Non_fractured/IMG0001523.jpg,IMG0001523,no_fracture,g1508,train,none,1508,-1,,False,c06522d1c3e77373,hand,frontal,0,0,Annotations/YOLO/IMG0001523.txt,hand|no_fracture,False
fracatlas,fracatlas/FracAtlas,images/Non_fractured/IMG0001524.jpg,IMG0001524,no_fracture,g1509,train,none,1509,-1,,False,b29159792637331b,hand,oblique,0,0,Annotations/YOLO/IMG0001524.txt,hand|no_fracture,False
fracatlas,fracatlas/FracAtlas,images/Non_fractured/IMG0001525.jpg,IMG0001525,no_fracture,g1510,train,none,1510,-1,,False,0db569b3a44d32b5,shoulder,frontal,0,0,Annotations/YOLO/IMG0001525.txt,shoulder|no_fracture,False
fracatlas,fracatlas/FracAtlas,images/Non_fractured/IMG0001526.jpg,IMG0001526,no_fracture,g1511,train,none,1511,-1,,False,69ad2dc8b4a53695,shoulder,frontal,0,0,Annotations/YOLO/IMG0001526.txt,shoulder|no_fracture,False
fracatlas,fracatlas/FracAtlas,images/Non_fractured/IMG0001527.jpg,IMG0001527,no_fracture,g1512,cal,none,1512,-1,,False,34c9f34fd03cf00b,hip,frontal,0,0,Annotations/YOLO/IMG0001527.txt,hip|no_fracture,False
fracatlas,fracatlas/FracAtlas,images/Non_fractured/IMG0001528.jpg,IMG0001528,no_fracture,g1513,test,none,1513,-1,,True,18db833366bcf823,mixed,frontal,0,0,Annotations/YOLO/IMG0001528.txt,mixed|no_fracture,False
fracatlas,fracatlas/FracAtlas,images/Non_fractured/IMG0001529.jpg,IMG0001529,no_fracture,g1514,val,none,1514,-1,,False,0c7423f1cb659ac7,mixed,frontal,0,0,Annotations/YOLO/IMG0001529.txt,mixed|no_fracture,False
fracatlas,fracatlas/FracAtlas,images/Non_fractured/IMG0001530.jpg,IMG0001530,no_fracture,g1515,train,none,1515,-1,,False,d1cb83a373635919,leg,frontal,0,0,Annotations/YOLO/IMG0001530.txt,leg|no_fracture,False
fracatlas,fracatlas/FracAtlas,images/Non_fractured/IMG0001531.jpg,IMG0001531,no_fracture,g1516,cal,none,1516,-1,,False,4b5645497b16f351,leg,lateral,0,0,Annotations/YOLO/IMG0001531.txt,leg|no_fracture,False
fracatlas,fracatlas/FracAtlas,images/Non_fractured/IMG0001532.jpg,IMG0001532,no_fracture,g1517,train,none,1517,-1,,False,89999999c8d999d9,hand,frontal,0,0,Annotations/YOLO/IMG0001532.txt,hand|no_fracture,False
fracatlas,fracatlas/FracAtlas,images/Non_fractured/IMG0001533.jpg,IMG0001533,no_fracture,g1518,train,none,1518,-1,,False,c8999999cc4f9999,hand,lateral,0,0,Annotations/YOLO/IMG0001533.txt,hand|no_fracture,False
fracatlas,fracatlas/FracAtlas,images/Non_fractured/IMG0001534.jpg,IMG0001534,no_fracture,g1519,train,none,1519,-1,,False,7141e880f5a43d7f,leg,frontal,0,0,Annotations/YOLO/IMG0001534.txt,leg|no_fracture,False
fracatlas,fracatlas/FracAtlas,images/Non_fractured/IMG0001535.jpg,IMG0001535,no_fracture,g1520,test,none,1520,-1,,True,9e63a961a5e1e961,leg,frontal,0,0,Annotations/YOLO/IMG0001535.txt,leg|no_fracture,False
fracatlas,fracatlas/FracAtlas,images/Non_fractured/IMG0001536.jpg,IMG0001536,no_fracture,g1521,test,none,1521,-1,,True,b4bd9cc3c059686d,leg,frontal,0,0,Annotations/YOLO/IMG0001536.txt,leg|no_fracture,False
fracatlas,fracatlas/FracAtlas,images/Non_fractured/IMG0001537.jpg,IMG0001537,no_fracture,g1522,cal,none,1522,-1,,False,31f31c338c739c33,leg,frontal,0,0,Annotations/YOLO/IMG0001537.txt,leg|no_fracture,False
fracatlas,fracatlas/FracAtlas,images/Non_fractured/IMG0001538.jpg,IMG0001538,no_fracture,g1523,train,none,1523,-1,,False,231933d963d991b3,leg,lateral,0,0,Annotations/YOLO/IMG0001538.txt,leg|no_fracture,False
fracatlas,fracatlas/FracAtlas,images/Non_fractured/IMG0001539.jpg,IMG0001539,no_fracture,g1524,train,none,1524,-1,,False,c8b5c6c972733233,leg,oblique,0,0,Annotations/YOLO/IMG0001539.txt,leg|no_fracture,False
fracatlas,fracatlas/FracAtlas,images/Non_fractured/IMG0001540.jpg,IMG0001540,no_fracture,g1525,val,none,1525,-1,,False,3cd138e60d5de631,mixed,frontal,0,0,Annotations/YOLO/IMG0001540.txt,mixed|no_fracture,False
fracatlas,fracatlas/FracAtlas,images/Non_fractured/IMG0001541.jpg,IMG0001541,no_fracture,g1526,val,none,1526,-1,,False,2f6959a4254de639,shoulder,frontal,0,0,Annotations/YOLO/IMG0001541.txt,shoulder|no_fracture,False
fracatlas,fracatlas/FracAtlas,images/Non_fractured/IMG0001542.jpg,IMG0001542,no_fracture,g1527,train,none,1527,-1,,False,639b4e8167a7dc03,mixed,frontal,0,0,Annotations/YOLO/IMG0001542.txt,mixed|no_fracture,False
fracatlas,fracatlas/FracAtlas,images/Non_fractured/IMG0001543.jpg,IMG0001543,no_fracture,g1528,train,none,1528,-1,,False,81c1f32e8ee74c17,shoulder,frontal,0,0,Annotations/YOLO/IMG0001543.txt,shoulder|no_fracture,False
fracatlas,fracatlas/FracAtlas,images/Non_fractured/IMG0001544.jpg,IMG0001544,no_fracture,g1529,train,none,1529,-1,,False,c0c3c3c3c3c7e355,hand,frontal,0,0,Annotations/YOLO/IMG0001544.txt,hand|no_fracture,False
fracatlas,fracatlas/FracAtlas,images/Non_fractured/IMG0001545.jpg,IMG0001545,no_fracture,g1530,train,none,1530,-1,,False,39212b393b653b55,hand,lateral,0,0,Annotations/YOLO/IMG0001545.txt,hand|no_fracture,False
fracatlas,fracatlas/FracAtlas,images/Fractured/IMG0001546.jpg,IMG0001546,fracture,g1531,train,train,1531,-1,,False,b65ba552c9a55255,hand,lateral,0,1,Annotations/YOLO/IMG0001546.txt,hand|fracture,False
fracatlas,fracatlas/FracAtlas,images/Non_fractured/IMG0001547.jpg,IMG0001547,no_fracture,g1532,train,none,1532,-1,,False,8f1d9183cf653133,leg,lateral,0,0,Annotations/YOLO/IMG0001547.txt,leg|no_fracture,False
fracatlas,fracatlas/FracAtlas,images/Non_fractured/IMG0001548.jpg,IMG0001548,no_fracture,g1533,train,none,1533,-1,,False,6e6792996c673219,leg,frontal,0,0,Annotations/YOLO/IMG0001548.txt,leg|no_fracture,False
fracatlas,fracatlas/FracAtlas,images/Non_fractured/IMG0001549.jpg,IMG0001549,no_fracture,g1534,test,none,1534,-1,,True,b2736c399293d859,leg,lateral,0,0,Annotations/YOLO/IMG0001549.txt,leg|no_fracture,False
fracatlas,fracatlas/FracAtlas,images/Non_fractured/IMG0001550.jpg,IMG0001550,no_fracture,g1535,train,none,1535,-1,,False,12a239dd319ed9a9,hip,frontal,0,0,Annotations/YOLO/IMG0001550.txt,hip|no_fracture,False
fracatlas,fracatlas/FracAtlas,images/Non_fractured/IMG0001551.jpg,IMG0001551,no_fracture,g1536,test,none,1536,-1,,True,582119d539ced9b9,hip,frontal,0,0,Annotations/YOLO/IMG0001551.txt,hip|no_fracture,False
fracatlas,fracatlas/FracAtlas,images/Non_fractured/IMG0001552.jpg,IMG0001552,no_fracture,g1537,train,none,1537,-1,,False,41e382c7e3676355,hand,frontal,0,0,Annotations/YOLO/IMG0001552.txt,hand|no_fracture,False
fracatlas,fracatlas/FracAtlas,images/Non_fractured/IMG0001553.jpg,IMG0001553,no_fracture,g1538,train,none,1538,-1,,False,ac895b5246c7e355,hand,lateral,0,0,Annotations/YOLO/IMG0001553.txt,hand|no_fracture,False
fracatlas,fracatlas/FracAtlas,images/Non_fractured/IMG0001554.jpg,IMG0001554,no_fracture,g1539,test,none,1539,-1,,True,1a2319a64acf59f9,hip,frontal,0,0,Annotations/YOLO/IMG0001554.txt,hip|no_fracture,False
fracatlas,fracatlas/FracAtlas,images/Non_fractured/IMG0001555.jpg,IMG0001555,no_fracture,g1540,train,none,1540,-1,,False,ed810f0dad45cb55,leg,frontal,0,0,Annotations/YOLO/IMG0001555.txt,leg|no_fracture,False
fracatlas,fracatlas/FracAtlas,images/Non_fractured/IMG0001556.jpg,IMG0001556,no_fracture,g1541,train,none,1541,-1,,False,81b3a3758375a355,leg,frontal,0,0,Annotations/YOLO/IMG0001556.txt,leg|no_fracture,False
fracatlas,fracatlas/FracAtlas,images/Non_fractured/IMG0001557.jpg,IMG0001557,no_fracture,g1542,test,none,1542,-1,,True,50ef50ef40e76255,hand,frontal,0,0,Annotations/YOLO/IMG0001557.txt,hand|no_fracture,False
fracatlas,fracatlas/FracAtlas,images/Non_fractured/IMG0001558.jpg,IMG0001558,no_fracture,g1543,val,none,1543,-1,,False,5c135a23a267b4dd,hand,lateral,0,0,Annotations/YOLO/IMG0001558.txt,hand|no_fracture,False
fracatlas,fracatlas/FracAtlas,images/Non_fractured/IMG0001559.jpg,IMG0001559,no_fracture,g1544,train,none,1544,-1,,False,50d399dbca1b8659,mixed,frontal,0,0,Annotations/YOLO/IMG0001559.txt,mixed|no_fracture,False
fracatlas,fracatlas/FracAtlas,images/Non_fractured/IMG0001560.jpg,IMG0001560,no_fracture,g1545,train,none,1545,-1,,False,b225e8793833c8bb,leg,frontal,0,0,Annotations/YOLO/IMG0001560.txt,leg|no_fracture,False
fracatlas,fracatlas/FracAtlas,images/Non_fractured/IMG0001561.jpg,IMG0001561,no_fracture,g1546,val,none,1546,-1,,False,ad45a9d599519b51,leg,frontal,0,0,Annotations/YOLO/IMG0001561.txt,leg|no_fracture,False
fracatlas,fracatlas/FracAtlas,images/Non_fractured/IMG0001562.jpg,IMG0001562,no_fracture,g1547,train,none,1547,-1,,False,2d2d494b4b4b63cb,leg,frontal,0,0,Annotations/YOLO/IMG0001562.txt,leg|no_fracture,False
fracatlas,fracatlas/FracAtlas,images/Non_fractured/IMG0001563.jpg,IMG0001563,no_fracture,g1548,train,none,1548,-1,,False,cc737b8c0377cc03,shoulder,frontal,0,0,Annotations/YOLO/IMG0001563.txt,shoulder|no_fracture,False
fracatlas,fracatlas/FracAtlas,images/Non_fractured/IMG0001564.jpg,IMG0001564,no_fracture,g1549,train,none,1549,-1,,False,020ee37b0cf7cc17,shoulder,frontal,0,0,Annotations/YOLO/IMG0001564.txt,shoulder|no_fracture,False
fracatlas,fracatlas/FracAtlas,images/Non_fractured/IMG0001565.jpg,IMG0001565,no_fracture,g1550,test,none,1550,-1,,True,01c641e3c3cfe3e3,hand,frontal,0,0,Annotations/YOLO/IMG0001565.txt,hand|no_fracture,False
fracatlas,fracatlas/FracAtlas,images/Non_fractured/IMG0001566.jpg,IMG0001566,no_fracture,g1551,train,none,1551,-1,,False,6648dbd94955c955,hand,oblique,0,0,Annotations/YOLO/IMG0001566.txt,hand|no_fracture,False
fracatlas,fracatlas/FracAtlas,images/Non_fractured/IMG0001567.jpg,IMG0001567,no_fracture,g1552,train,none,1552,-1,,False,8ce221f3c1c563f3,hand,frontal,0,0,Annotations/YOLO/IMG0001567.txt,hand|no_fracture,False
fracatlas,fracatlas/FracAtlas,images/Non_fractured/IMG0001568.jpg,IMG0001568,no_fracture,g1553,cal,none,1553,-1,,False,6b2f5a5a95524555,leg,frontal,0,0,Annotations/YOLO/IMG0001568.txt,leg|no_fracture,False
fracatlas,fracatlas/FracAtlas,images/Non_fractured/IMG0001569.jpg,IMG0001569,no_fracture,g1554,train,none,1554,-1,,False,0da527a72f0b29cb,leg,frontal,0,0,Annotations/YOLO/IMG0001569.txt,leg|no_fracture,False
fracatlas,fracatlas/FracAtlas,images/Fractured/IMG0001570.jpg,IMG0001570,fracture,g1555,train,train,1555,-1,,False,d91ba4939166d999,hand,frontal,0,1,Annotations/YOLO/IMG0001570.txt,hand|fracture,False
fracatlas,fracatlas/FracAtlas,images/Fractured/IMG0001571.jpg,IMG0001571,fracture,g1556,train,train,1556,-1,,False,99e6269999669999,hand,lateral,0,1,Annotations/YOLO/IMG0001571.txt,hand|fracture,False
fracatlas,fracatlas/FracAtlas,images/Fractured/IMG0001572.jpg,IMG0001572,fracture,g1557,train,train,1557,-1,,False,d366863bc1cc9999,hand,frontal,0,1,Annotations/YOLO/IMG0001572.txt,hand|fracture,False
fracatlas,fracatlas/FracAtlas,images/Non_fractured/IMG0001573.jpg,IMG0001573,no_fracture,g1558,test,none,1558,-1,,True,4d95d96599d91199,leg,frontal,0,0,Annotations/YOLO/IMG0001573.txt,leg|no_fracture,False
fracatlas,fracatlas/FracAtlas,images/Non_fractured/IMG0001574.jpg,IMG0001574,no_fracture,g1559,val,none,1559,-1,,False,471d674511677333,leg,lateral,0,0,Annotations/YOLO/IMG0001574.txt,leg|no_fracture,False
fracatlas,fracatlas/FracAtlas,images/Non_fractured/IMG0001575.jpg,IMG0001575,no_fracture,g1560,train,none,1560,-1,,False,045f38fb70e301db,mixed,frontal,0,0,Annotations/YOLO/IMG0001575.txt,mixed|no_fracture,False
fracatlas,fracatlas/FracAtlas,images/Non_fractured/IMG0001576.jpg,IMG0001576,no_fracture,g1561,train,none,1561,-1,,False,6c6f2037b2b3191b,leg,lateral,0,0,Annotations/YOLO/IMG0001576.txt,leg|no_fracture,False
fracatlas,fracatlas/FracAtlas,images/Fractured/IMG0001577.jpg,IMG0001577,fracture,g1562,train,train,1562,-1,,False,401b087ff87193db,mixed,frontal,0,1,Annotations/YOLO/IMG0001577.txt,mixed|fracture,False
fracatlas,fracatlas/FracAtlas,images/Fractured/IMG0001578.jpg,IMG0001578,fracture,g1563,train,train,1563,-1,,False,78e781cf2ca91969,mixed,frontal,0,1,Annotations/YOLO/IMG0001578.txt,mixed|fracture,False
fracatlas,fracatlas/FracAtlas,images/Non_fractured/IMG0001579.jpg,IMG0001579,no_fracture,g1564,cal,none,1564,-1,,False,25edc9ad256d4949,leg,frontal,0,0,Annotations/YOLO/IMG0001579.txt,leg|no_fracture,False
fracatlas,fracatlas/FracAtlas,images/Non_fractured/IMG0001580.jpg,IMG0001580,no_fracture,g1565,test,none,1565,-1,,True,63077c71c3e17133,leg,lateral,0,0,Annotations/YOLO/IMG0001580.txt,leg|no_fracture,False
fracatlas,fracatlas/FracAtlas,images/Non_fractured/IMG0001581.jpg,IMG0001581,no_fracture,g1566,train,none,1566,-1,,False,98659a19cad9f299,leg,frontal,0,0,Annotations/YOLO/IMG0001581.txt,leg|no_fracture,False
fracatlas,fracatlas/FracAtlas,images/Non_fractured/IMG0001582.jpg,IMG0001582,no_fracture,g1567,test,none,1567,-1,,True,d6cb6669b6b50249,leg,lateral,0,0,Annotations/YOLO/IMG0001582.txt,leg|no_fracture,False
fracatlas,fracatlas/FracAtlas,images/Non_fractured/IMG0001583.jpg,IMG0001583,no_fracture,g1568,cal,none,1568,-1,,False,5a295a89dab9d919,mixed,frontal,0,0,Annotations/YOLO/IMG0001583.txt,mixed|no_fracture,False
fracatlas,fracatlas/FracAtlas,images/Non_fractured/IMG0001584.jpg,IMG0001584,no_fracture,g1569,test,none,1569,-1,,True,56d2eb6929696961,leg,lateral,0,0,Annotations/YOLO/IMG0001584.txt,leg|no_fracture,False
fracatlas,fracatlas/FracAtlas,images/Non_fractured/IMG0001585.jpg,IMG0001585,no_fracture,g1570,train,none,1570,-1,,False,98dcded393a3030b,leg,lateral,0,0,Annotations/YOLO/IMG0001585.txt,leg|no_fracture,False
fracatlas,fracatlas/FracAtlas,images/Non_fractured/IMG0001586.jpg,IMG0001586,no_fracture,g1571,train,none,1571,-1,,False,c04731b3e1677333,hand,frontal,0,0,Annotations/YOLO/IMG0001586.txt,hand|no_fracture,False
fracatlas,fracatlas/FracAtlas,images/Non_fractured/IMG0001587.jpg,IMG0001587,no_fracture,g1572,test,none,1572,-1,,True,b165cdb131cd3133,hand,lateral,0,0,Annotations/YOLO/IMG0001587.txt,hand|no_fracture,False
fracatlas,fracatlas/FracAtlas,images/Non_fractured/IMG0001588.jpg,IMG0001588,no_fracture,g1573,cal,none,1573,-1,,False,b435c9b6a40d76b1,mixed,frontal,0,0,Annotations/YOLO/IMG0001588.txt,mixed|no_fracture,False
fracatlas,fracatlas/FracAtlas,images/Non_fractured/IMG0001589.jpg,IMG0001589,no_fracture,g1574,train,none,1574,-1,,False,25992d35d9659999,leg,frontal,0,0,Annotations/YOLO/IMG0001589.txt,leg|no_fracture,False
fracatlas,fracatlas/FracAtlas,images/Non_fractured/IMG0001590.jpg,IMG0001590,no_fracture,g1575,cal,none,1575,-1,,False,994d667349666363,leg,lateral,0,0,Annotations/YOLO/IMG0001590.txt,leg|no_fracture,False
fracatlas,fracatlas/FracAtlas,images/Non_fractured/IMG0001591.jpg,IMG0001591,no_fracture,g1576,val,none,1576,-1,,False,489998b532d9d9d9,leg,frontal,0,0,Annotations/YOLO/IMG0001591.txt,leg|no_fracture,False
fracatlas,fracatlas/FracAtlas,images/Non_fractured/IMG0001592.jpg,IMG0001592,no_fracture,g1577,train,none,1577,-1,,False,924fb8cf827b4c0b,hand,frontal,0,0,Annotations/YOLO/IMG0001592.txt,hand|no_fracture,False
fracatlas,fracatlas/FracAtlas,images/Non_fractured/IMG0001593.jpg,IMG0001593,no_fracture,g729,dropped,none,729,-1,duplicate_of:IMG0000738,False,098786c7c6e76333,leg,oblique,0,0,Annotations/YOLO/IMG0001593.txt,leg|no_fracture,False
fracatlas,fracatlas/FracAtlas,images/Non_fractured/IMG0001594.jpg,IMG0001594,no_fracture,g1579,val,none,1579,-1,,False,cc8c86e6e6e68c4b,mixed,frontal,0,0,Annotations/YOLO/IMG0001594.txt,mixed|no_fracture,False
fracatlas,fracatlas/FracAtlas,images/Non_fractured/IMG0001595.jpg,IMG0001595,no_fracture,g1580,test,none,1580,-1,,True,e0ad6f4f81852d2d,leg,frontal,0,0,Annotations/YOLO/IMG0001595.txt,leg|no_fracture,False
fracatlas,fracatlas/FracAtlas,images/Non_fractured/IMG0001596.jpg,IMG0001596,no_fracture,g1581,val,none,1581,-1,,False,d85f585b484d686d,leg,oblique,0,0,Annotations/YOLO/IMG0001596.txt,leg|no_fracture,False
fracatlas,fracatlas/FracAtlas,images/Non_fractured/IMG0001597.jpg,IMG0001597,no_fracture,g1582,train,none,1582,-1,,False,6e494ec9686d686d,leg,frontal,0,0,Annotations/YOLO/IMG0001597.txt,leg|no_fracture,False
fracatlas,fracatlas/FracAtlas,images/Non_fractured/IMG0001598.jpg,IMG0001598,no_fracture,g1583,cal,none,1583,-1,,False,99496c6d6cc99999,leg,frontal,0,0,Annotations/YOLO/IMG0001598.txt,leg|no_fracture,False
fracatlas,fracatlas/FracAtlas,images/Non_fractured/IMG0001599.jpg,IMG0001599,no_fracture,g1584,train,none,1584,-1,,False,b6a7a4a5246d49d9,leg,oblique,0,0,Annotations/YOLO/IMG0001599.txt,leg|no_fracture,False
fracatlas,fracatlas/FracAtlas,images/Non_fractured/IMG0001600.jpg,IMG0001600,no_fracture,g1585,val,none,1585,-1,,False,69366d6d662d4949,hand,frontal,0,0,Annotations/YOLO/IMG0001600.txt,hand|no_fracture,False
fracatlas,fracatlas/FracAtlas,images/Non_fractured/IMG0001601.jpg,IMG0001601,no_fracture,g1586,train,none,1586,-1,,False,6ab2cab2b625b549,hand,lateral,0,0,Annotations/YOLO/IMG0001601.txt,hand|no_fracture,False
fracatlas,fracatlas/FracAtlas,images/Non_fractured/IMG0001602.jpg,IMG0001602,no_fracture,g1587,test,none,1587,-1,,True,6a256a65666d49d9,hand,frontal,0,0,Annotations/YOLO/IMG0001602.txt,hand|no_fracture,False
fracatlas,fracatlas/FracAtlas,images/Non_fractured/IMG0001603.jpg,IMG0001603,no_fracture,g1588,train,none,1588,-1,,False,e197a6b6844cf295,mixed,frontal,0,0,Annotations/YOLO/IMG0001603.txt,mixed|no_fracture,False
fracatlas,fracatlas/FracAtlas,images/Non_fractured/IMG0001604.jpg,IMG0001604,no_fracture,g1589,train,none,1589,-1,,False,71514dcdcdd91931,leg,frontal,0,0,Annotations/YOLO/IMG0001604.txt,leg|no_fracture,False
fracatlas,fracatlas/FracAtlas,images/Non_fractured/IMG0001605.jpg,IMG0001605,no_fracture,g61,dropped,none,61,-1,duplicate_of:IMG0000061,False,559195b5a5652d39,leg,oblique,0,0,Annotations/YOLO/IMG0001605.txt,leg|no_fracture,False
fracatlas,fracatlas/FracAtlas,images/Non_fractured/IMG0001606.jpg,IMG0001606,no_fracture,g1591,val,none,1591,-1,,False,8c63738c7387c663,leg,frontal,0,0,Annotations/YOLO/IMG0001606.txt,leg|no_fracture,False
fracatlas,fracatlas/FracAtlas,images/Non_fractured/IMG0001607.jpg,IMG0001607,no_fracture,g1592,test,none,1592,-1,,True,0c31e71cf3673133,leg,lateral,0,0,Annotations/YOLO/IMG0001607.txt,leg|no_fracture,False
fracatlas,fracatlas/FracAtlas,images/Non_fractured/IMG0001608.jpg,IMG0001608,no_fracture,g1593,train,none,1593,-1,,False,28e9087764adb66d,mixed,frontal,0,0,Annotations/YOLO/IMG0001608.txt,mixed|no_fracture,False
fracatlas,fracatlas/FracAtlas,images/Non_fractured/IMG0001609.jpg,IMG0001609,no_fracture,g1594,train,none,1594,-1,,False,965949c34d6d368d,mixed,frontal,0,0,Annotations/YOLO/IMG0001609.txt,mixed|no_fracture,False
fracatlas,fracatlas/FracAtlas,images/Non_fractured/IMG0001610.jpg,IMG0001610,no_fracture,g1595,train,none,1595,-1,,False,32dd9a99929199d9,hand,frontal,0,0,Annotations/YOLO/IMG0001610.txt,hand|no_fracture,False
fracatlas,fracatlas/FracAtlas,images/Non_fractured/IMG0001611.jpg,IMG0001611,no_fracture,g1596,test,none,1596,-1,,True,66b5ba496a376849,hand,lateral,0,0,Annotations/YOLO/IMG0001611.txt,hand|no_fracture,False
fracatlas,fracatlas/FracAtlas,images/Non_fractured/IMG0001612.jpg,IMG0001612,no_fracture,g1597,train,none,1597,-1,,False,36377a6948d99899,leg,frontal,0,0,Annotations/YOLO/IMG0001612.txt,leg|no_fracture,False
fracatlas,fracatlas/FracAtlas,images/Non_fractured/IMG0001613.jpg,IMG0001613,no_fracture,g548,dropped,none,548,-1,duplicate_of:IMG0000556,False,4ada9297b425a59d,leg,oblique,0,0,Annotations/YOLO/IMG0001613.txt,leg|no_fracture,False
fracatlas,fracatlas/FracAtlas,images/Non_fractured/IMG0001614.jpg,IMG0001614,no_fracture,g1599,test,none,1599,-1,,True,64d9d95b60639999,leg,frontal,0,0,Annotations/YOLO/IMG0001614.txt,leg|no_fracture,False
fracatlas,fracatlas/FracAtlas,images/Non_fractured/IMG0001615.jpg,IMG0001615,no_fracture,g1600,train,none,1600,-1,,False,b131256d6c4dd999,leg,oblique,0,0,Annotations/YOLO/IMG0001615.txt,leg|no_fracture,False
fracatlas,fracatlas/FracAtlas,images/Non_fractured/IMG0001616.jpg,IMG0001616,no_fracture,g1601,train,none,1601,-1,,False,a471a2a6cd1de6a9,mixed,frontal,0,0,Annotations/YOLO/IMG0001616.txt,mixed|no_fracture,False
fracatlas,fracatlas/FracAtlas,images/Non_fractured/IMG0001617.jpg,IMG0001617,no_fracture,g1602,train,none,1602,-1,,False,6699991933379999,leg,frontal,0,0,Annotations/YOLO/IMG0001617.txt,leg|no_fracture,False
fracatlas,fracatlas/FracAtlas,images/Non_fractured/IMG0001618.jpg,IMG0001618,no_fracture,g1603,train,none,1603,-1,,False,e171f07c3c1e0763,leg,oblique,0,0,Annotations/YOLO/IMG0001618.txt,leg|no_fracture,False
fracatlas,fracatlas/FracAtlas,images/Non_fractured/IMG0001619.jpg,IMG0001619,no_fracture,g1604,cal,none,1604,-1,,False,999999ad256d49c9,leg,frontal,0,0,Annotations/YOLO/IMG0001619.txt,leg|no_fracture,False
fracatlas,fracatlas/FracAtlas,images/Non_fractured/IMG0001620.jpg,IMG0001620,no_fracture,g729,dropped,none,729,-1,duplicate_of:IMG0000738,False,018387c7c7e76333,leg,oblique,0,0,Annotations/YOLO/IMG0001620.txt,leg|no_fracture,False
fracatlas,fracatlas/FracAtlas,images/Non_fractured/IMG0001621.jpg,IMG0001621,no_fracture,g1606,cal,none,1606,-1,,False,f639b27166313235,hand,frontal,0,0,Annotations/YOLO/IMG0001621.txt,hand|no_fracture,False
fracatlas,fracatlas/FracAtlas,images/Non_fractured/IMG0001622.jpg,IMG0001622,no_fracture,g1607,train,none,1607,-1,,False,684633338b6f3333,hand,lateral,0,0,Annotations/YOLO/IMG0001622.txt,hand|no_fracture,False
fracatlas,fracatlas/FracAtlas,images/Non_fractured/IMG0001623.jpg,IMG0001623,no_fracture,g1608,train,none,1608,-1,,False,b23959c9319cb34b,hip,frontal,0,0,Annotations/YOLO/IMG0001623.txt,hip|no_fracture,False
fracatlas,fracatlas/FracAtlas,images/Non_fractured/IMG0001624.jpg,IMG0001624,no_fracture,g1609,train,none,1609,-1,,False,3399443399e67333,leg,frontal,0,0,Annotations/YOLO/IMG0001624.txt,leg|no_fracture,False
fracatlas,fracatlas/FracAtlas,images/Non_fractured/IMG0001625.jpg,IMG0001625,no_fracture,g1610,test,none,1610,-1,,True,71679c7963363113,leg,lateral,0,0,Annotations/YOLO/IMG0001625.txt,leg|no_fracture,False
fracatlas,fracatlas/FracAtlas,images/Non_fractured/IMG0001626.jpg,IMG0001626,no_fracture,g1611,train,none,1611,-1,,False,ca6b26cd4c5ee229,mixed,frontal,0,0,Annotations/YOLO/IMG0001626.txt,mixed|no_fracture,False
fracatlas,fracatlas/FracAtlas,images/Non_fractured/IMG0001627.jpg,IMG0001627,no_fracture,g1612,train,none,1612,-1,,False,b6a5b62d246d68c9,hand,frontal,0,0,Annotations/YOLO/IMG0001627.txt,hand|no_fracture,False
fracatlas,fracatlas/FracAtlas,images/Non_fractured/IMG0001628.jpg,IMG0001628,no_fracture,g1613,cal,none,1613,-1,,False,6161a72743472f2f,hand,lateral,0,0,Annotations/YOLO/IMG0001628.txt,hand|no_fracture,False
fracatlas,fracatlas/FracAtlas,images/Non_fractured/IMG0001629.jpg,IMG0001629,no_fracture,g1614,val,none,1614,-1,,False,4455b4b64acded19,mixed,frontal,0,0,Annotations/YOLO/IMG0001629.txt,mixed|no_fracture,False
fracatlas,fracatlas/FracAtlas,images/Non_fractured/IMG0001630.jpg,IMG0001630,no_fracture,g1615,train,none,1615,-1,,False,4aceac6e6e1c8971,mixed,frontal,0,0,Annotations/YOLO/IMG0001630.txt,mixed|no_fracture,False
fracatlas,fracatlas/FracAtlas,images/Non_fractured/IMG0001631.jpg,IMG0001631,no_fracture,g1616,val,none,1616,-1,,False,9177548dacae0d71,mixed,frontal,0,0,Annotations/YOLO/IMG0001631.txt,mixed|no_fracture,False
fracatlas,fracatlas/FracAtlas,images/Non_fractured/IMG0001632.jpg,IMG0001632,no_fracture,g1617,cal,none,1617,-1,,False,647224edaa2ee955,mixed,oblique,0,0,Annotations/YOLO/IMG0001632.txt,mixed|no_fracture,False
fracatlas,fracatlas/FracAtlas,images/Non_fractured/IMG0001633.jpg,IMG0001633,no_fracture,g1618,train,none,1618,-1,,False,4cbb9867986d4c99,leg,frontal,0,0,Annotations/YOLO/IMG0001633.txt,leg|no_fracture,False
fracatlas,fracatlas/FracAtlas,images/Non_fractured/IMG0001634.jpg,IMG0001634,no_fracture,g1619,train,none,1619,-1,,False,269948b7db9d3231,leg,lateral,0,0,Annotations/YOLO/IMG0001634.txt,leg|no_fracture,False
fracatlas,fracatlas/FracAtlas,images/Non_fractured/IMG0001635.jpg,IMG0001635,no_fracture,g1620,cal,none,1620,-1,,False,c5d9997171319999,leg,frontal,0,0,Annotations/YOLO/IMG0001635.txt,leg|no_fracture,False
fracatlas,fracatlas/FracAtlas,images/Non_fractured/IMG0001636.jpg,IMG0001636,no_fracture,g1621,train,none,1621,-1,,False,11170787c7c7e333,leg,oblique,0,0,Annotations/YOLO/IMG0001636.txt,leg|no_fracture,False
fracatlas,fracatlas/FracAtlas,images/Non_fractured/IMG0001637.jpg,IMG0001637,no_fracture,g1622,val,none,1622,-1,,False,80dfc0c7e26762b3,hand,frontal,0,0,Annotations/YOLO/IMG0001637.txt,hand|no_fracture,False
fracatlas,fracatlas/FracAtlas,images/Non_fractured/IMG0001638.jpg,IMG0001638,no_fracture,g1623,train,none,1623,-1,,False,d4eb6b4b44642d2d,hand,lateral,0,0,Annotations/YOLO/IMG0001638.txt,hand|no_fracture,False
fracatlas,fracatlas/FracAtlas,images/Fractured/IMG0001639.jpg,IMG0001639,fracture,g1624,train,train,1624,-1,,False,92dd26d512cd989b,hand,oblique,0,1,Annotations/YOLO/IMG0001639.txt,hand|fracture,False
fracatlas,fracatlas/FracAtlas,images/Fractured/IMG0001640.jpg,IMG0001640,fracture,g1625,train,train,1625,-1,,False,729d66999a653233,hand,lateral,0,1,Annotations/YOLO/IMG0001640.txt,hand|fracture,False
fracatlas,fracatlas/FracAtlas,images/Non_fractured/IMG0001641.jpg,IMG0001641,no_fracture,g1626,cal,none,1626,-1,,False,a5e5b1b165759131,leg,frontal,0,0,Annotations/YOLO/IMG0001641.txt,leg|no_fracture,False
fracatlas,fracatlas/FracAtlas,images/Non_fractured/IMG0001642.jpg,IMG0001642,no_fracture,g1627,train,none,1627,-1,,False,8cf314cdf316a351,leg,lateral,0,0,Annotations/YOLO/IMG0001642.txt,leg|no_fracture,False
fracatlas,fracatlas/FracAtlas,images/Non_fractured/IMG0001643.jpg,IMG0001643,no_fracture,g1628,train,none,1628,-1,,False,60b7695b33334999,leg,frontal,0,0,Annotations/YOLO/IMG0001643.txt,leg|no_fracture,False
fracatlas,fracatlas/FracAtlas,images/Non_fractured/IMG0001644.jpg,IMG0001644,no_fracture,g1629,test,none,1629,-1,,True,ebb28da1b3148755,leg,lateral,0,0,Annotations/YOLO/IMG0001644.txt,leg|no_fracture,False
fracatlas,fracatlas/FracAtlas,images/Non_fractured/IMG0001645.jpg,IMG0001645,no_fracture,g1630,train,none,1630,-1,,False,a4eb26b74c4c32e5,mixed,frontal,0,0,Annotations/YOLO/IMG0001645.txt,mixed|no_fracture,False
fracatlas,fracatlas/FracAtlas,images/Non_fractured/IMG0001646.jpg,IMG0001646,no_fracture,g1631,val,none,1631,-1,,False,e987e1872d854b0f,leg,frontal,0,0,Annotations/YOLO/IMG0001646.txt,leg|no_fracture,False
fracatlas,fracatlas/FracAtlas,images/Non_fractured/IMG0001647.jpg,IMG0001647,no_fracture,g1632,train,none,1632,-1,,False,1113131b9b33f3b3,leg,frontal,0,0,Annotations/YOLO/IMG0001647.txt,leg|no_fracture,False
fracatlas,fracatlas/FracAtlas,images/Non_fractured/IMG0001648.jpg,IMG0001648,no_fracture,g1633,train,none,1633,-1,,False,b0a46b1bbcac6969,leg,lateral,0,0,Annotations/YOLO/IMG0001648.txt,leg|no_fracture,False
fracatlas,fracatlas/FracAtlas,images/Non_fractured/IMG0001649.jpg,IMG0001649,no_fracture,g1634,test,none,1634,-1,,True,631393c6c6e33333,leg,frontal,0,0,Annotations/YOLO/IMG0001649.txt,leg|no_fracture,False
fracatlas,fracatlas/FracAtlas,images/Non_fractured/IMG0001650.jpg,IMG0001650,no_fracture,g1635,train,none,1635,-1,,False,060f096d4f4f5b59,leg,lateral,0,0,Annotations/YOLO/IMG0001650.txt,leg|no_fracture,False
fracatlas,fracatlas/FracAtlas,images/Non_fractured/IMG0001651.jpg,IMG0001651,no_fracture,g1636,train,none,1636,-1,,False,d4cf0c4b313bb30b,hip,frontal,0,0,Annotations/YOLO/IMG0001651.txt,hip|no_fracture,False
fracatlas,fracatlas/FracAtlas,images/Non_fractured/IMG0001652.jpg,IMG0001652,no_fracture,g1637,train,none,1637,-1,,False,8133ccc633cce673,leg,frontal,0,0,Annotations/YOLO/IMG0001652.txt,leg|no_fracture,False
fracatlas,fracatlas/FracAtlas,images/Non_fractured/IMG0001653.jpg,IMG0001653,no_fracture,g1638,train,none,1638,-1,,False,3963cc5963369999,leg,lateral,0,0,Annotations/YOLO/IMG0001653.txt,leg|no_fracture,False
fracatlas,fracatlas/FracAtlas,images/Non_fractured/IMG0001654.jpg,IMG0001654,no_fracture,g1639,train,none,1639,-1,,False,fc99ac681c0df983,hip,frontal,0,0,Annotations/YOLO/IMG0001654.txt,hip|no_fracture,False
fracatlas,fracatlas/FracAtlas,images/Non_fractured/IMG0001655.jpg,IMG0001655,no_fracture,g1640,val,none,1640,-1,,False,66692d4c1c1df9a3,hip,frontal,0,0,Annotations/YOLO/IMG0001655.txt,hip|no_fracture,False
fracatlas,fracatlas/FracAtlas,images/Non_fractured/IMG0001656.jpg,IMG0001656,no_fracture,g1641,train,none,1641,-1,,False,68bb9933e129c939,leg,frontal,0,0,Annotations/YOLO/IMG0001656.txt,leg|no_fracture,False
fracatlas,fracatlas/FracAtlas,images/Non_fractured/IMG0001657.jpg,IMG0001657,no_fracture,g1642,cal,none,1642,-1,,False,090ee3791896f3f1,leg,lateral,0,0,Annotations/YOLO/IMG0001657.txt,leg|no_fracture,False
fracatlas,fracatlas/FracAtlas,images/Non_fractured/IMG0001658.jpg,IMG0001658,no_fracture,g1643,train,none,1643,-1,,False,b24d92b748b7a469,leg,frontal,0,0,Annotations/YOLO/IMG0001658.txt,leg|no_fracture,False
fracatlas,fracatlas/FracAtlas,images/Non_fractured/IMG0001659.jpg,IMG0001659,no_fracture,g1644,val,none,1644,-1,,False,49a59619e9d6b331,leg,lateral,0,0,Annotations/YOLO/IMG0001659.txt,leg|no_fracture,False
fracatlas,fracatlas/FracAtlas,images/Non_fractured/IMG0001660.jpg,IMG0001660,no_fracture,g1645,train,none,1645,-1,,False,8d9d8595b72d4949,leg,frontal,0,0,Annotations/YOLO/IMG0001660.txt,leg|no_fracture,False
fracatlas,fracatlas/FracAtlas,images/Non_fractured/IMG0001661.jpg,IMG0001661,no_fracture,g729,dropped,none,729,-1,duplicate_of:IMG0000738,False,81c1c56767673333,leg,oblique,0,0,Annotations/YOLO/IMG0001661.txt,leg|no_fracture,False
fracatlas,fracatlas/FracAtlas,images/Non_fractured/IMG0001662.jpg,IMG0001662,no_fracture,g1647,train,none,1647,-1,,False,fe8d06e1c7056363,hand,lateral,0,0,Annotations/YOLO/IMG0001662.txt,hand|no_fracture,False
fracatlas,fracatlas/FracAtlas,images/Non_fractured/IMG0001663.jpg,IMG0001663,no_fracture,g1648,cal,none,1648,-1,,False,352d6971750787c3,hand,lateral,0,0,Annotations/YOLO/IMG0001663.txt,hand|no_fracture,False
fracatlas,fracatlas/FracAtlas,images/Non_fractured/IMG0001664.jpg,IMG0001664,no_fracture,g1649,train,none,1649,-1,,False,8489a52d2d6dbdc9,leg,frontal,0,0,Annotations/YOLO/IMG0001664.txt,leg|no_fracture,False
fracatlas,fracatlas/FracAtlas,images/Non_fractured/IMG0001665.jpg,IMG0001665,no_fracture,g1650,test,none,1650,-1,,True,38bea3498caca9e9,leg,lateral,0,0,Annotations/YOLO/IMG0001665.txt,leg|no_fracture,False
fracatlas,fracatlas/FracAtlas,images/Non_fractured/IMG0001668.jpg,IMG0001668,no_fracture,g1651,train,none,1651,-1,,False,8046733333677373,hand,frontal,0,0,Annotations/YOLO/IMG0001668.txt,hand|no_fracture,False
fracatlas,fracatlas/FracAtlas,images/Non_fractured/IMG0001669.jpg,IMG0001669,no_fracture,g1652,test,none,1652,-1,,True,108cc6e3738de3e3,hand,oblique,0,0,Annotations/YOLO/IMG0001669.txt,hand|no_fracture,False
fracatlas,fracatlas/FracAtlas,images/Non_fractured/IMG0001672.jpg,IMG0001672,no_fracture,g1653,train,none,1653,-1,,False,413319db49f33399,leg,frontal,0,0,Annotations/YOLO/IMG0001672.txt,leg|no_fracture,False
fracatlas,fracatlas/FracAtlas,images/Non_fractured/IMG0001673.jpg,IMG0001673,no_fracture,g1654,cal,none,1654,-1,,False,0856b3a948eca9fd,leg,lateral,0,0,Annotations/YOLO/IMG0001673.txt,leg|no_fracture,False
fracatlas,fracatlas/FracAtlas,images/Non_fractured/IMG0001674.jpg,IMG0001674,no_fracture,g1655,train,none,1655,-1,,False,b419d096e54d32dd,mixed,frontal,0,0,Annotations/YOLO/IMG0001674.txt,mixed|no_fracture,False
fracatlas,fracatlas/FracAtlas,images/Non_fractured/IMG0001675.jpg,IMG0001675,no_fracture,g1656,cal,none,1656,-1,,False,c611ccb6154d769d,shoulder,frontal,0,0,Annotations/YOLO/IMG0001675.txt,shoulder|no_fracture,False
fracatlas,fracatlas/FracAtlas,images/Non_fractured/IMG0001676.jpg,IMG0001676,no_fracture,g1657,train,none,1657,-1,,False,5c77c93324cd66a1,shoulder,frontal,0,0,Annotations/YOLO/IMG0001676.txt,shoulder|no_fracture,False
fracatlas,fracatlas/FracAtlas,images/Non_fractured/IMG0001677.jpg,IMG0001677,no_fracture,g1658,train,none,1658,-1,,False,25b74d94946d329d,shoulder,frontal,0,0,Annotations/YOLO/IMG0001677.txt,shoulder|no_fracture,False
fracatlas,fracatlas/FracAtlas,images/Non_fractured/IMG0001678.jpg,IMG0001678,no_fracture,g1175,dropped,none,1175,-1,duplicate_of:IMG0001187,False,6699616699673399,leg,frontal,0,0,Annotations/YOLO/IMG0001678.txt,leg|no_fracture,False
fracatlas,fracatlas/FracAtlas,images/Non_fractured/IMG0001679.jpg,IMG0001679,no_fracture,g1660,test,none,1660,-1,,True,ca2db2dbc8973231,leg,lateral,0,0,Annotations/YOLO/IMG0001679.txt,leg|no_fracture,False
fracatlas,fracatlas/FracAtlas,images/Non_fractured/IMG0001680.jpg,IMG0001680,no_fracture,g1661,test,none,1661,-1,,True,051919cd6d7933d9,leg,frontal,0,0,Annotations/YOLO/IMG0001680.txt,leg|no_fracture,False
fracatlas,fracatlas/FracAtlas,images/Non_fractured/IMG0001681.jpg,IMG0001681,no_fracture,g1662,val,none,1662,-1,,False,61d8b6e3d194d949,leg,lateral,0,0,Annotations/YOLO/IMG0001681.txt,leg|no_fracture,False
fracatlas,fracatlas/FracAtlas,images/Non_fractured/IMG0001682.jpg,IMG0001682,no_fracture,g1663,test,none,1663,-1,,True,6632937133373333,hand,frontal,0,0,Annotations/YOLO/IMG0001682.txt,hand|no_fracture,False
fracatlas,fracatlas/FracAtlas,images/Non_fractured/IMG0001683.jpg,IMG0001683,no_fracture,g1664,train,none,1664,-1,,False,443133b3c6e57355,hand,frontal,0,0,Annotations/YOLO/IMG0001683.txt,hand|no_fracture,False
fracatlas,fracatlas/FracAtlas,images/Non_fractured/IMG0001684.jpg,IMG0001684,no_fracture,g1665,train,none,1665,-1,,False,6691f2f166653233,hand,frontal,0,0,Annotations/YOLO/IMG0001684.txt,hand|no_fracture,False
fracatlas,fracatlas/FracAtlas,images/Non_fractured/IMG0001685.jpg,IMG0001685,no_fracture,g1666,train,none,1666,-1,,False,e29192c1c6e77273,hand,frontal,0,0,Annotations/YOLO/IMG0001685.txt,hand|no_fracture,False
fracatlas,fracatlas/FracAtlas,images/Non_fractured/IMG0001686.jpg,IMG0001686,no_fracture,g1667,cal,none,1667,-1,,False,710579b7a50d66b1,shoulder,frontal,0,0,Annotations/YOLO/IMG0001686.txt,shoulder|no_fracture,False
fracatlas,fracatlas/FracAtlas,images/Non_fractured/IMG0001687.jpg,IMG0001687,no_fracture,g1668,val,none,1668,-1,,False,da199a19c69d9a99,hand,frontal,0,0,Annotations/YOLO/IMG0001687.txt,hand|no_fracture,False
fracatlas,fracatlas/FracAtlas,images/Non_fractured/IMG0001688.jpg,IMG0001688,no_fracture,g1669,cal,none,1669,-1,,False,849959496667d9d9,hand,frontal,0,0,Annotations/YOLO/IMG0001688.txt,hand|no_fracture,False
fracatlas,fracatlas/FracAtlas,images/Non_fractured/IMG0001689.jpg,IMG0001689,no_fracture,g1670,train,none,1670,-1,,False,797919495969d919,leg,oblique,0,0,Annotations/YOLO/IMG0001689.txt,leg|no_fracture,False
fracatlas,fracatlas/FracAtlas,images/Non_fractured/IMG0001690.jpg,IMG0001690,no_fracture,g1671,train,none,1671,-1,,False,796f4b59185c4959,leg,lateral,0,0,Annotations/YOLO/IMG0001690.txt,leg|no_fracture,False
fracatlas,fracatlas/FracAtlas,images/Non_fractured/IMG0001691.jpg,IMG0001691,no_fracture,g1672,train,none,1672,-1,,False,88d9886d6c6dc9d9,leg,frontal,0,0,Annotations/YOLO/IMG0001691.txt,leg|no_fracture,False
fracatlas,fracatlas/FracAtlas,images/Non_fractured/IMG0001692.jpg,IMG0001692,no_fracture,g1673,val,none,1673,-1,,False,585dd495b4a5a4ad,leg,oblique,0,0,Annotations/YOLO/IMG0001692.txt,leg|no_fracture,False
fracatlas,fracatlas/FracAtlas,images/Non_fractured/IMG0001693.jpg,IMG0001693,no_fracture,g1674,train,none,1674,-1,,False,5b3b1bc949493399,leg,frontal,0,0,Annotations/YOLO/IMG0001693.txt,leg|no_fracture,False
fracatlas,fracatlas/FracAtlas,images/Non_fractured/IMG0001694.jpg,IMG0001694,no_fracture,g1675,train,none,1675,-1,,False,582e675b18ac09fb,leg,lateral,0,0,Annotations/YOLO/IMG0001694.txt,leg|no_fracture,False
fracatlas,fracatlas/FracAtlas,images/Non_fractured/IMG0001695.jpg,IMG0001695,no_fracture,g1676,cal,none,1676,-1,,False,3c32bbce6cd0330b,hip,frontal,0,0,Annotations/YOLO/IMG0001695.txt,hip|no_fracture,False
fracatlas,fracatlas/FracAtlas,images/Non_fractured/IMG0001696.jpg,IMG0001696,no_fracture,g1677,test,none,1677,-1,,True,e6e4dcd1323cf00b,hip,frontal,0,0,Annotations/YOLO/IMG0001696.txt,hip|no_fracture,False
fracatlas,fracatlas/FracAtlas,images/Non_fractured/IMG0001697.jpg,IMG0001697,no_fracture,g1678,train,none,1678,-1,,False,f3dd131b1b7c0303,hip,frontal,0,0,Annotations/YOLO/IMG0001697.txt,hip|no_fracture,False
fracatlas,fracatlas/FracAtlas,images/Non_fractured/IMG0001698.jpg,IMG0001698,no_fracture,g1679,val,none,1679,-1,,False,e06f90cf98c9d09b,leg,frontal,0,0,Annotations/YOLO/IMG0001698.txt,leg|no_fracture,False
fracatlas,fracatlas/FracAtlas,images/Non_fractured/IMG0001699.jpg,IMG0001699,no_fracture,g1680,train,none,1680,-1,,False,609b32bf19339999,leg,lateral,0,0,Annotations/YOLO/IMG0001699.txt,leg|no_fracture,False
fracatlas,fracatlas/FracAtlas,images/Non_fractured/IMG0001700.jpg,IMG0001700,no_fracture,g1681,train,none,1681,-1,,False,4dcd0d29694dc9d9,hand,frontal,0,0,Annotations/YOLO/IMG0001700.txt,hand|no_fracture,False
fracatlas,fracatlas/FracAtlas,images/Non_fractured/IMG0001701.jpg,IMG0001701,no_fracture,g1682,cal,none,1682,-1,,False,cacdca514acd9999,hand,oblique,0,0,Annotations/YOLO/IMG0001701.txt,hand|no_fracture,False
fracatlas,fracatlas/FracAtlas,images/Non_fractured/IMG0001702.jpg,IMG0001702,no_fracture,g1683,train,none,1683,-1,,False,cc995949cdc99995,hand,frontal,0,0,Annotations/YOLO/IMG0001702.txt,hand|no_fracture,False
fracatlas,fracatlas/FracAtlas,images/Non_fractured/IMG0001703.jpg,IMG0001703,no_fracture,g1684,val,none,1684,-1,,False,1f3373410d0d3377,hand,lateral,0,0,Annotations/YOLO/IMG0001703.txt,hand|no_fracture,False
fracatlas,fracatlas/FracAtlas,images/Non_fractured/IMG0001704.jpg,IMG0001704,no_fracture,g1685,train,none,1685,-1,,False,666dea996a6d4849,hand,frontal,0,0,Annotations/YOLO/IMG0001704.txt,hand|no_fracture,False
fracatlas,fracatlas/FracAtlas,images/Non_fractured/IMG0001705.jpg,IMG0001705,no_fracture,g1686,train,none,1686,-1,,False,56ab169916659ad5,hand,lateral,0,0,Annotations/YOLO/IMG0001705.txt,hand|no_fracture,False
fracatlas,fracatlas/FracAtlas,images/Non_fractured/IMG0001706.jpg,IMG0001706,no_fracture,g1687,test,none,1687,-1,,True,ca1a3b3323dd9b11,hand,oblique,0,0,Annotations/YOLO/IMG0001706.txt,hand|no_fracture,False
fracatlas,fracatlas/FracAtlas,images/Non_fractured/IMG0001707.jpg,IMG0001707,no_fracture,g1688,train,none,1688,-1,,False,33d9499933396999,leg,frontal,0,0,Annotations/YOLO/IMG0001707.txt,leg|no_fracture,False
fracatlas,fracatlas/FracAtlas,images/Non_fractured/IMG0001708.jpg,IMG0001708,no_fracture,g1689,train,none,1689,-1,,False,206edb93287859db,leg,lateral,0,0,Annotations/YOLO/IMG0001708.txt,leg|no_fracture,False
fracatlas,fracatlas/FracAtlas,images/Non_fractured/IMG0001709.jpg,IMG0001709,no_fracture,g1690,train,none,1690,-1,,False,0261f0e9a3cd8f2f,leg,frontal,0,0,Annotations/YOLO/IMG0001709.txt,leg|no_fracture,False
fracatlas,fracatlas/FracAtlas,images/Fractured/IMG0001710.jpg,IMG0001710,fracture,g1691,test,train,1691,-1,,True,2c39ac26e99d6639,mixed,frontal,0,1,Annotations/YOLO/IMG0001710.txt,mixed|fracture,False
fracatlas,fracatlas/FracAtlas,images/Non_fractured/IMG0001711.jpg,IMG0001711,no_fracture,g1692,train,none,1692,-1,,False,0c4170f3efcf8287,mixed,frontal,0,0,Annotations/YOLO/IMG0001711.txt,mixed|no_fracture,False
fracatlas,fracatlas/FracAtlas,images/Non_fractured/IMG0001712.jpg,IMG0001712,no_fracture,g1693,train,none,1693,-1,,False,09bb28485f55617f,mixed,frontal,0,0,Annotations/YOLO/IMG0001712.txt,mixed|no_fracture,False
fracatlas,fracatlas/FracAtlas,images/Non_fractured/IMG0001714.jpg,IMG0001714,no_fracture,g1694,train,none,1694,-1,,False,9a991a3932b5d8d9,leg,frontal,0,0,Annotations/YOLO/IMG0001714.txt,leg|no_fracture,False
fracatlas,fracatlas/FracAtlas,images/Non_fractured/IMG0001715.jpg,IMG0001715,no_fracture,g1695,val,none,1695,-1,,False,0e06c6c7e7673313,leg,oblique,0,0,Annotations/YOLO/IMG0001715.txt,leg|no_fracture,False
fracatlas,fracatlas/FracAtlas,images/Non_fractured/IMG0001716.jpg,IMG0001716,no_fracture,g1696,train,none,1696,-1,,False,632de92688df26a9,shoulder,frontal,0,0,Annotations/YOLO/IMG0001716.txt,shoulder|no_fracture,False
fracatlas,fracatlas/FracAtlas,images/Non_fractured/IMG0001717.jpg,IMG0001717,no_fracture,g1697,cal,none,1697,-1,,False,e263a68d0cfee229,mixed,frontal,0,0,Annotations/YOLO/IMG0001717.txt,mixed|no_fracture,False
fracatlas,fracatlas/FracAtlas,images/Non_fractured/IMG0001718.jpg,IMG0001718,no_fracture,g1697,dropped,none,1697,-1,duplicate_of:IMG0001717,False,e363a68d0c7ee229,mixed,frontal,0,0,Annotations/YOLO/IMG0001718.txt,mixed|no_fracture,False
fracatlas,fracatlas/FracAtlas,images/Non_fractured/IMG0001719.jpg,IMG0001719,no_fracture,g1699,train,none,1699,-1,,False,b93372b199895aa9,mixed,frontal,0,0,Annotations/YOLO/IMG0001719.txt,mixed|no_fracture,False
fracatlas,fracatlas/FracAtlas,images/Non_fractured/IMG0001720.jpg,IMG0001720,no_fracture,g1700,train,none,1700,-1,,False,73e74279191bd229,mixed,frontal,0,0,Annotations/YOLO/IMG0001720.txt,mixed|no_fracture,False
fracatlas,fracatlas/FracAtlas,images/Non_fractured/IMG0001721.jpg,IMG0001721,no_fracture,g1701,cal,none,1701,-1,,False,c5a585d1c5e57133,hand,frontal,0,0,Annotations/YOLO/IMG0001721.txt,hand|no_fracture,False
fracatlas,fracatlas/FracAtlas,images/Non_fractured/IMG0001722.jpg,IMG0001722,no_fracture,g1702,train,none,1702,-1,,False,a27da35f92455aa1,hand,frontal,0,0,Annotations/YOLO/IMG0001722.txt,hand|no_fracture,False
fracatlas,fracatlas/FracAtlas,images/Non_fractured/IMG0001723.jpg,IMG0001723,no_fracture,g1703,train,none,1703,-1,,False,35b5f53191c53133,hand,lateral,0,0,Annotations/YOLO/IMG0001723.txt,hand|no_fracture,False
fracatlas,fracatlas/FracAtlas,images/Non_fractured/IMG0001724.jpg,IMG0001724,no_fracture,g1704,test,none,1704,-1,,True,25272527495b3bd9,leg,frontal,0,0,Annotations/YOLO/IMG0001724.txt,leg|no_fracture,False
fracatlas,fracatlas/FracAtlas,images/Non_fractured/IMG0001725.jpg,IMG0001725,no_fracture,g1705,train,none,1705,-1,,False,203e4b4b8cec49fb,leg,lateral,0,0,Annotations/YOLO/IMG0001725.txt,leg|no_fracture,False
fracatlas,fracatlas/FracAtlas,images/Non_fractured/IMG0001726.jpg,IMG0001726,no_fracture,g1706,test,none,1706,-1,,True,bce3a8e68c59e621,shoulder,frontal,0,0,Annotations/YOLO/IMG0001726.txt,shoulder|no_fracture,False
fracatlas,fracatlas/FracAtlas,images/Non_fractured/IMG0001727.jpg,IMG0001727,no_fracture,g1155,dropped,none,1155,-1,duplicate_of:IMG0001167,False,49595959d9997199,leg,frontal,0,0,Annotations/YOLO/IMG0001727.txt,leg|no_fracture,False
fracatlas,fracatlas/FracAtlas,images/Non_fractured/IMG0001728.jpg,IMG0001728,no_fracture,g1708,train,none,1708,-1,,False,fe990cc3e7f40c03,mixed,frontal,0,0,Annotations/YOLO/IMG0001728.txt,mixed|no_fracture,False
fracatlas,fracatlas/FracAtlas,images/Non_fractured/IMG0001729.jpg,IMG0001729,no_fracture,g1709,train,none,1709,-1,,False,4c4dcd9d4c7649a9,mixed,frontal,0,0,Annotations/YOLO/IMG0001729.txt,mixed|no_fracture,False
fracatlas,fracatlas/FracAtlas,images/Fractured/IMG0001730.jpg,IMG0001730,fracture,g1710,val,train,1710,-1,,False,8fc89f8c4e1669a9,mixed,frontal,0,2,Annotations/YOLO/IMG0001730.txt,mixed|fracture,False
fracatlas,fracatlas/FracAtlas,images/Fractured/IMG0001731.jpg,IMG0001731,fracture,g1711,train,train,1711,-1,,False,276707472777212d,mixed,frontal,0,2,Annotations/YOLO/IMG0001731.txt,mixed|fracture,False
fracatlas,fracatlas/FracAtlas,images/Non_fractured/IMG0001733.jpg,IMG0001733,no_fracture,g1712,train,none,1712,-1,,False,75d5a9272dcc6621,shoulder,frontal,0,0,Annotations/YOLO/IMG0001733.txt,shoulder|no_fracture,False
fracatlas,fracatlas/FracAtlas,images/Non_fractured/IMG0001734.jpg,IMG0001734,no_fracture,g1713,test,none,1713,-1,,True,174d5896b449769d,shoulder,frontal,0,0,Annotations/YOLO/IMG0001734.txt,shoulder|no_fracture,False
fracatlas,fracatlas/FracAtlas,images/Non_fractured/IMG0001735.jpg,IMG0001735,no_fracture,g1714,cal,none,1714,-1,,False,96926f49939919d9,leg,frontal,0,0,Annotations/YOLO/IMG0001735.txt,leg|no_fracture,False
fracatlas,fracatlas/FracAtlas,images/Non_fractured/IMG0001736.jpg,IMG0001736,no_fracture,g1715,train,none,1715,-1,,False,d8b66759909449db,leg,lateral,0,0,Annotations/YOLO/IMG0001736.txt,leg|no_fracture,False
fracatlas,fracatlas/FracAtlas,images/Non_fractured/IMG0001737.jpg,IMG0001737,no_fracture,g1716,train,none,1716,-1,,False,87a7a369a1e1e961,leg,frontal,0,0,Annotations/YOLO/IMG0001737.txt,leg|no_fracture,False
fracatlas,fracatlas/FracAtlas,images/Fractured/IMG0001738.jpg,IMG0001738,fracture,g1717,train,train,1717,-1,,False,e23d1ce3321d6363,hand,oblique,0,1,Annotations/YOLO/IMG0001738.txt,hand|fracture,False
fracatlas,fracatlas/FracAtlas,images/Fractured/IMG0001739.jpg,IMG0001739,fracture,g1718,val,train,1718,-1,,False,3a556e999a653233,hand,lateral,0,1,Annotations/YOLO/IMG0001739.txt,hand|fracture,False
fracatlas,fracatlas/FracAtlas,images/Non_fractured/IMG0001740.jpg,IMG0001740,no_fracture,g1719,val,none,1719,-1,,False,af2b8b0faf018b61,leg,frontal,0,0,Annotations/YOLO/IMG0001740.txt,leg|no_fracture,False
fracatlas,fracatlas/FracAtlas,images/Non_fractured/IMG0001741.jpg,IMG0001741,no_fracture,g1720,cal,none,1720,-1,,False,1cad29e38da369e1,leg,frontal,0,0,Annotations/YOLO/IMG0001741.txt,leg|no_fracture,False
fracatlas,fracatlas/FracAtlas,images/Non_fractured/IMG0001742.jpg,IMG0001742,no_fracture,g724,dropped,none,724,-1,duplicate_of:IMG0000733,False,2c93c936d9999333,leg,lateral,0,0,Annotations/YOLO/IMG0001742.txt,leg|no_fracture,False
fracatlas,fracatlas/FracAtlas,images/Non_fractured/IMG0001743.jpg,IMG0001743,no_fracture,g1722,train,none,1722,-1,,False,3ce6e3c9216971c9,leg,frontal,0,0,Annotations/YOLO/IMG0001743.txt,leg|no_fracture,False
fracatlas,fracatlas/FracAtlas,images/Non_fractured/IMG0001744.jpg,IMG0001744,no_fracture,g1723,train,none,1723,-1,,False,62dd9a6598256cd9,leg,frontal,0,0,Annotations/YOLO/IMG0001744.txt,leg|no_fracture,False
fracatlas,fracatlas/FracAtlas,images/Non_fractured/IMG0001745.jpg,IMG0001745,no_fracture,g1724,train,none,1724,-1,,False,d26da4b7286dc8c9,leg,lateral,0,0,Annotations/YOLO/IMG0001745.txt,leg|no_fracture,False
fracatlas,fracatlas/FracAtlas,images/Non_fractured/IMG0001746.jpg,IMG0001746,no_fracture,g1725,val,none,1725,-1,,False,46c39347c3c39373,leg,frontal,0,0,Annotations/YOLO/IMG0001746.txt,leg|no_fracture,False
fracatlas,fracatlas/FracAtlas,images/Non_fractured/IMG0001747.jpg,IMG0001747,no_fracture,g1726,cal,none,1726,-1,,False,41d0ee6b11bc09fb,leg,frontal,0,0,Annotations/YOLO/IMG0001747.txt,leg|no_fracture,False
fracatlas,fracatlas/FracAtlas,images/Non_fractured/IMG0001748.jpg,IMG0001748,no_fracture,g1727,train,none,1727,-1,,False,cd5793a999133331,leg,lateral,0,0,Annotations/YOLO/IMG0001748.txt,leg|no_fracture,False
fracatlas,fracatlas/FracAtlas,images/Non_fractured/IMG0001749.jpg,IMG0001749,no_fracture,g1728,train,none,1728,-1,,False,cc8b333333333333,hand,frontal,0,0,Annotations/YOLO/IMG0001749.txt,hand|no_fracture,False
fracatlas,fracatlas/FracAtlas,images/Non_fractured/IMG0001750.jpg,IMG0001750,no_fracture,g1729,val,none,1729,-1,,False,cd31e79d31059999,leg,lateral,0,0,Annotations/YOLO/IMG0001750.txt,leg|no_fracture,False
fracatlas,fracatlas/FracAtlas,images/Non_fractured/IMG0001751.jpg,IMG0001751,no_fracture,g1730,train,none,1730,-1,,False,c5c9c301e3e3d333,leg,frontal,0,0,Annotations/YOLO/IMG0001751.txt,leg|no_fracture,False
fracatlas,fracatlas/FracAtlas,images/Non_fractured/IMG0001752.jpg,IMG0001752,no_fracture,g1731,val,none,1731,-1,,False,85a721799ced4969,leg,lateral,0,0,Annotations/YOLO/IMG0001752.txt,leg|no_fracture,False
fracatlas,fracatlas/FracAtlas,images/Non_fractured/IMG0001753.jpg,IMG0001753,no_fracture,g1732,val,none,1732,-1,,False,32b3cc8e61e41f1b,hip,frontal,0,0,Annotations/YOLO/IMG0001753.txt,hip|no_fracture,False
fracatlas,fracatlas/FracAtlas,images/Non_fractured/IMG0001754.jpg,IMG0001754,no_fracture,g1733,val,none,1733,-1,,False,59d9986d999c58a9,hip,frontal,0,0,Annotations/YOLO/IMG0001754.txt,hip|no_fracture,False
fracatlas,fracatlas/FracAtlas,images/Non_fractured/IMG0001755.jpg,IMG0001755,no_fracture,g1734,test,none,1734,-1,,True,c0bbd17362339933,leg,frontal,0,0,Annotations/YOLO/IMG0001755.txt,leg|no_fracture,False
fracatlas,fracatlas/FracAtlas,images/Non_fractured/IMG0001756.jpg,IMG0001756,no_fracture,g1735,train,none,1735,-1,,False,48e5579b8d163371,leg,lateral,0,0,Annotations/YOLO/IMG0001756.txt,leg|no_fracture,False
fracatlas,fracatlas/FracAtlas,images/Non_fractured/IMG0001757.jpg,IMG0001757,no_fracture,g1736,train,none,1736,-1,,False,4c9964e699673399,leg,frontal,0,0,Annotations/YOLO/IMG0001757.txt,leg|no_fracture,False
fracatlas,fracatlas/FracAtlas,images/Non_fractured/IMG0001758.jpg,IMG0001758,no_fracture,g1737,train,none,1737,-1,,False,1c71c63cd3673133,leg,lateral,0,0,Annotations/YOLO/IMG0001758.txt,leg|no_fracture,False
fracatlas,fracatlas/FracAtlas,images/Non_fractured/IMG0001759.jpg,IMG0001759,no_fracture,g1738,train,none,1738,-1,,False,32dd763172633233,hand,frontal,0,0,Annotations/YOLO/IMG0001759.txt,hand|no_fracture,False
fracatlas,fracatlas/FracAtlas,images/Fractured/IMG0001760.jpg,IMG0001760,fracture,g1739,cal,train,1739,-1,,False,32e18e1972cd7273,hand,lateral,0,2,Annotations/YOLO/IMG0001760.txt,hand|fracture,False
fracatlas,fracatlas/FracAtlas,images/Non_fractured/IMG0001761.jpg,IMG0001761,no_fracture,g1740,train,none,1740,-1,,False,80e96cef82ed6949,leg,frontal,0,0,Annotations/YOLO/IMG0001761.txt,leg|no_fracture,False
fracatlas,fracatlas/FracAtlas,images/Fractured/IMG0001762.jpg,IMG0001762,fracture,g1741,train,train,1741,-1,,False,c4c1ccc3c4cf7273,hand,frontal,0,1,Annotations/YOLO/IMG0001762.txt,hand|fracture,False
fracatlas,fracatlas/FracAtlas,images/Fractured/IMG0001763.jpg,IMG0001763,fracture,g1742,val,train,1742,-1,,False,9aa5144d9ab7645d,hand,lateral,0,1,Annotations/YOLO/IMG0001763.txt,hand|fracture,False
fracatlas,fracatlas/FracAtlas,images/Non_fractured/IMG0001764.jpg,IMG0001764,no_fracture,g1743,train,none,1743,-1,,False,76599969199c19e9,hip,frontal,0,0,Annotations/YOLO/IMG0001764.txt,hip|no_fracture,False
fracatlas,fracatlas/FracAtlas,images/Non_fractured/IMG0001765.jpg,IMG0001765,no_fracture,g1744,train,none,1744,-1,,False,cd8e9a5562713355,hand,frontal,0,0,Annotations/YOLO/IMG0001765.txt,hand|no_fracture,False
fracatlas,fracatlas/FracAtlas,images/Non_fractured/IMG0001766.jpg,IMG0001766,no_fracture,g1745,cal,none,1745,-1,,False,0787632307c7e367,hand,lateral,0,0,Annotations/YOLO/IMG0001766.txt,hand|no_fracture,False
fracatlas,fracatlas/FracAtlas,images/Non_fractured/IMG0001767.jpg,IMG0001767,no_fracture,g1746,train,none,1746,-1,,False,68c3648d78a7e587,leg,frontal,0,0,Annotations/YOLO/IMG0001767.txt,leg|no_fracture,False
fracatlas,fracatlas/FracAtlas,images/Non_fractured/IMG0001768.jpg,IMG0001768,no_fracture,g1747,test,none,1747,-1,,True,ec6dcc4d9a896a31,hand,frontal,0,0,Annotations/YOLO/IMG0001768.txt,hand|no_fracture,False
fracatlas,fracatlas/FracAtlas,images/Non_fractured/IMG0001769.jpg,IMG0001769,no_fracture,g1748,train,none,1748,-1,,False,bc97c897cc633219,hand,frontal,0,0,Annotations/YOLO/IMG0001769.txt,hand|no_fracture,False
fracatlas,fracatlas/FracAtlas,images/Non_fractured/IMG0001770.jpg,IMG0001770,no_fracture,g1749,train,none,1749,-1,,False,1aaa6ab2ad25b54d,hand,lateral,0,0,Annotations/YOLO/IMG0001770.txt,hand|no_fracture,False
fracatlas,fracatlas/FracAtlas,images/Non_fractured/IMG0001771.jpg,IMG0001771,no_fracture,g1750,train,none,1750,-1,,False,f833703b604f9999,leg,frontal,0,0,Annotations/YOLO/IMG0001771.txt,leg|no_fracture,False
fracatlas,fracatlas/FracAtlas,images/Non_fractured/IMG0001772.jpg,IMG0001772,no_fracture,g651,dropped,none,651,-1,duplicate_of:IMG0000660,False,181b0e8fc7c76333,leg,oblique,0,0,Annotations/YOLO/IMG0001772.txt,leg|no_fracture,False
fracatlas,fracatlas/FracAtlas,images/Non_fractured/IMG0001773.jpg,IMG0001773,no_fracture,g1752,train,none,1752,-1,,False,297b1939e11b3969,mixed,frontal,0,0,Annotations/YOLO/IMG0001773.txt,mixed|no_fracture,False
fracatlas,fracatlas/FracAtlas,images/Fractured/IMG0001774.jpg,IMG0001774,fracture,g1753,train,train,1753,-1,,False,59f7490b2df05169,mixed,frontal,0,1,Annotations/YOLO/IMG0001774.txt,mixed|fracture,False
fracatlas,fracatlas/FracAtlas,images/Non_fractured/IMG0001775.jpg,IMG0001775,no_fracture,g965,dropped,none,965,-1,duplicate_of:IMG0000975,False,9931336766339999,leg,frontal,0,0,Annotations/YOLO/IMG0001775.txt,leg|no_fracture,False
fracatlas,fracatlas/FracAtlas,images/Non_fractured/IMG0001776.jpg,IMG0001776,no_fracture,g1755,train,none,1755,-1,,False,8d8c8d8d8dc3e363,leg,oblique,0,0,Annotations/YOLO/IMG0001776.txt,leg|no_fracture,False
fracatlas,fracatlas/FracAtlas,images/Non_fractured/IMG0001777.jpg,IMG0001777,no_fracture,g1756,train,none,1756,-1,,False,723b98e3643d3233,hand,frontal,0,0,Annotations/YOLO/IMG0001777.txt,hand|no_fracture,False
fracatlas,fracatlas/FracAtlas,images/Non_fractured/IMG0001778.jpg,IMG0001778,no_fracture,g1757,train,none,1757,-1,,False,c0ef10cf18df9833,leg,frontal,0,0,Annotations/YOLO/IMG0001778.txt,leg|no_fracture,False
fracatlas,fracatlas/FracAtlas,images/Non_fractured/IMG0001779.jpg,IMG0001779,no_fracture,g1758,test,none,1758,-1,,True,f823837863f13333,leg,lateral,0,0,Annotations/YOLO/IMG0001779.txt,leg|no_fracture,False
fracatlas,fracatlas/FracAtlas,images/Fractured/IMG0001780.jpg,IMG0001780,fracture,g1759,cal,train,1759,-1,,False,9999593999c99399,hand,frontal,0,2,Annotations/YOLO/IMG0001780.txt,hand|fracture,False
fracatlas,fracatlas/FracAtlas,images/Fractured/IMG0001781.jpg,IMG0001781,fracture,g1760,train,train,1760,-1,,False,30cd97c330c91ef3,hand,lateral,0,1,Annotations/YOLO/IMG0001781.txt,hand|fracture,False
fracatlas,fracatlas/FracAtlas,images/Non_fractured/IMG0001782.jpg,IMG0001782,no_fracture,g1761,train,none,1761,-1,,False,c87f88d96c796099,leg,frontal,0,0,Annotations/YOLO/IMG0001782.txt,leg|no_fracture,False
fracatlas,fracatlas/FracAtlas,images/Non_fractured/IMG0001783.jpg,IMG0001783,no_fracture,g1762,test,none,1762,-1,,True,dc30eed833acc949,leg,lateral,0,0,Annotations/YOLO/IMG0001783.txt,leg|no_fracture,False
fracatlas,fracatlas/FracAtlas,images/Non_fractured/IMG0001784.jpg,IMG0001784,no_fracture,g1763,val,none,1763,-1,,False,c4c93c4cf03bf30b,hip,frontal,0,0,Annotations/YOLO/IMG0001784.txt,hip|no_fracture,False
fracatlas,fracatlas/FracAtlas,images/Non_fractured/IMG0001785.jpg,IMG0001785,no_fracture,g1764,test,none,1764,-1,,True,cd2839594ccdd955,hand,frontal,0,0,Annotations/YOLO/IMG0001785.txt,hand|no_fracture,False
fracatlas,fracatlas/FracAtlas,images/Non_fractured/IMG0001786.jpg,IMG0001786,no_fracture,g1765,train,none,1765,-1,,False,495199d9cc999b93,hand,oblique,0,0,Annotations/YOLO/IMG0001786.txt,hand|no_fracture,False
fracatlas,fracatlas/FracAtlas,images/Non_fractured/IMG0001787.jpg,IMG0001787,no_fracture,g1766,test,none,1766,-1,,True,0e8386c3c7c7e333,hand,frontal,0,0,Annotations/YOLO/IMG0001787.txt,hand|no_fracture,False
fracatlas,fracatlas/FracAtlas,images/Non_fractured/IMG0001788.jpg,IMG0001788,no_fracture,g1767,train,none,1767,-1,,False,9d1532ea26ce6599,hand,lateral,0,0,Annotations/YOLO/IMG0001788.txt,hand|no_fracture,False
fracatlas,fracatlas/FracAtlas,images/Non_fractured/IMG0001789.jpg,IMG0001789,no_fracture,g959,dropped,none,959,-1,duplicate_of:IMG0000969,False,397bcc19394cc999,leg,frontal,0,0,Annotations/YOLO/IMG0001789.txt,leg|no_fracture,False
fracatlas,fracatlas/FracAtlas,images/Non_fractured/IMG0001790.jpg,IMG0001790,no_fracture,g1769,train,none,1769,-1,,False,8d4713998d173373,leg,lateral,0,0,Annotations/YOLO/IMG0001790.txt,leg|no_fracture,False
fracatlas,fracatlas/FracAtlas,images/Non_fractured/IMG0001791.jpg,IMG0001791,no_fracture,g1770,train,none,1770,-1,,False,794d595959595919,leg,oblique,0,0,Annotations/YOLO/IMG0001791.txt,leg|no_fracture,False
fracatlas,fracatlas/FracAtlas,images/Non_fractured/IMG0001792.jpg,IMG0001792,no_fracture,g1771,test,none,1771,-1,,True,800848dcecef69fb,leg,lateral,0,0,Annotations/YOLO/IMG0001792.txt,leg|no_fracture,False
fracatlas,fracatlas/FracAtlas,images/Non_fractured/IMG0001793.jpg,IMG0001793,no_fracture,g1772,train,none,1772,-1,,False,396dc959496d4959,hand,frontal,0,0,Annotations/YOLO/IMG0001793.txt,hand|no_fracture,False
fracatlas,fracatlas/FracAtlas,images/Non_fractured/IMG0001794.jpg,IMG0001794,no_fracture,g1773,train,none,1773,-1,,False,6c34db4949374d55,hand,lateral,0,0,Annotations/YOLO/IMG0001794.txt,hand|no_fracture,False
fracatlas,fracatlas/FracAtlas,images/Non_fractured/IMG0001795.jpg,IMG0001795,no_fracture,g1774,train,none,1774,-1,,False,6037313b71373333,hand,frontal,0,0,Annotations/YOLO/IMG0001795.txt,hand|no_fracture,False
fracatlas,fracatlas/FracAtlas,images/Non_fractured/IMG0001796.jpg,IMG0001796,no_fracture,g1775,train,none,1775,-1,,False,646732b3c9663333,hand,oblique,0,0,Annotations/YOLO/IMG0001796.txt,hand|no_fracture,False
fracatlas,fracatlas/FracAtlas,images/Non_fractured/IMG0001797.jpg,IMG0001797,no_fracture,g1776,val,none,1776,-1,,False,434353d3c9d33399,leg,frontal,0,0,Annotations/YOLO/IMG0001797.txt,leg|no_fracture,False
fracatlas,fracatlas/FracAtlas,images/Non_fractured/IMG0001798.jpg,IMG0001798,no_fracture,g1777,test,none,1777,-1,,True,41b73723111959fb,leg,lateral,0,0,Annotations/YOLO/IMG0001798.txt,leg|no_fracture,False
fracatlas,fracatlas/FracAtlas,images/Non_fractured/IMG0001799.jpg,IMG0001799,no_fracture,g1778,train,none,1778,-1,,False,371d876199bd4949,leg,lateral,0,0,Annotations/YOLO/IMG0001799.txt,leg|no_fracture,False
fracatlas,fracatlas/FracAtlas,images/Non_fractured/IMG0001800.jpg,IMG0001800,no_fracture,g1779,train,none,1779,-1,,False,b507f5859585e1a5,leg,frontal,0,0,Annotations/YOLO/IMG0001800.txt,leg|no_fracture,False
fracatlas,fracatlas/FracAtlas,images/Non_fractured/IMG0001801.jpg,IMG0001801,no_fracture,g1780,test,none,1780,-1,,True,e81674e9a49b525d,mixed,frontal,0,0,Annotations/YOLO/IMG0001801.txt,mixed|no_fracture,False
fracatlas,fracatlas/FracAtlas,images/Non_fractured/IMG0001802.jpg,IMG0001802,no_fracture,g1781,train,none,1781,-1,,False,7b5b142eaa7989c1,shoulder,frontal,0,0,Annotations/YOLO/IMG0001802.txt,shoulder|no_fracture,False
fracatlas,fracatlas/FracAtlas,images/Non_fractured/IMG0001803.jpg,IMG0001803,no_fracture,g1782,val,none,1782,-1,,False,323298aa4de8af1f,hip,frontal,0,0,Annotations/YOLO/IMG0001803.txt,hip|no_fracture,False
fracatlas,fracatlas/FracAtlas,images/Non_fractured/IMG0001804.jpg,IMG0001804,no_fracture,g1783,train,none,1783,-1,,False,7a4b9866189fd9a1,hip,frontal,0,0,Annotations/YOLO/IMG0001804.txt,hip|no_fracture,False
fracatlas,fracatlas/FracAtlas,images/Fractured/IMG0001805.jpg,IMG0001805,fracture,g1784,cal,train,1784,-1,,False,5919199999c97373,hand,frontal,1,1,Annotations/YOLO/IMG0001805.txt,hand|fracture,False
fracatlas,fracatlas/FracAtlas,images/Non_fractured/IMG0001807.jpg,IMG0001807,no_fracture,g1785,train,none,1785,-1,,False,6767694949595999,leg,frontal,0,0,Annotations/YOLO/IMG0001807.txt,leg|no_fracture,False
fracatlas,fracatlas/FracAtlas,images/Non_fractured/IMG0001808.jpg,IMG0001808,no_fracture,g1786,train,none,1786,-1,,False,8f2109098ded69fb,leg,lateral,0,0,Annotations/YOLO/IMG0001808.txt,leg|no_fracture,False
fracatlas,fracatlas/FracAtlas,images/Non_fractured/IMG0001809.jpg,IMG0001809,no_fracture,g1787,train,none,1787,-1,,False,4949d9d9d9591333,leg,frontal,0,0,Annotations/YOLO/IMG0001809.txt,leg|no_fracture,False
fracatlas,fracatlas/FracAtlas,images/Non_fractured/IMG0001810.jpg,IMG0001810,no_fracture,g1788,test,none,1788,-1,,True,6f23091908f959fb,leg,lateral,0,0,Annotations/YOLO/IMG0001810.txt,leg|no_fracture,False
fracatlas,fracatlas/FracAtlas,images/Non_fractured/IMG0001811.jpg,IMG0001811,no_fracture,g1155,dropped,none,1155,-1,duplicate_of:IMG0001167,False,49595959d9595999,leg,frontal,0,0,Annotations/YOLO/IMG0001811.txt,leg|no_fracture,False
fracatlas,fracatlas/FracAtlas,images/Non_fractured/IMG0001812.jpg,IMG0001812,no_fracture,g1790,val,none,1790,-1,,False,591f2311991c59fb,leg,lateral,0,0,Annotations/YOLO/IMG0001812.txt,leg|no_fracture,False
fracatlas,fracatlas/FracAtlas,images/Non_fractured/IMG0001813.jpg,IMG0001813,no_fracture,g1791,train,none,1791,-1,,False,bad94a694ccd9899,leg,frontal,0,0,Annotations/YOLO/IMG0001813.txt,leg|no_fracture,False
fracatlas,fracatlas/FracAtlas,images/Non_fractured/IMG0001814.jpg,IMG0001814,no_fracture,g61,dropped,none,61,-1,duplicate_of:IMG0000061,False,d19794b5a4256d99,leg,oblique,0,0,Annotations/YOLO/IMG0001814.txt,leg|no_fracture,False
fracatlas,fracatlas/FracAtlas,images/Non_fractured/IMG0001815.jpg,IMG0001815,no_fracture,g1793,train,none,1793,-1,,False,593365593133d999,leg,frontal,0,0,Annotations/YOLO/IMG0001815.txt,leg|no_fracture,False
fracatlas,fracatlas/FracAtlas,images/Non_fractured/IMG0001816.jpg,IMG0001816,no_fracture,g1794,train,none,1794,-1,,False,53670c89333ca3f3,leg,lateral,0,0,Annotations/YOLO/IMG0001816.txt,leg|no_fracture,False
fracatlas,fracatlas/FracAtlas,images/Non_fractured/IMG0001817.jpg,IMG0001817,no_fracture,g1795,train,none,1795,-1,,False,493b59c9c9d91999,leg,frontal,0,0,Annotations/YOLO/IMG0001817.txt,leg|no_fracture,False
fracatlas,fracatlas/FracAtlas,images/Non_fractured/IMG0001818.jpg,IMG0001818,no_fracture,g1796,train,none,1796,-1,,False,96a701499cac29ff,leg,lateral,0,0,Annotations/YOLO/IMG0001818.txt,leg|no_fracture,False
fracatlas,fracatlas/FracAtlas,images/Non_fractured/IMG0001819.jpg,IMG0001819,no_fracture,g1609,dropped,none,1609,-1,duplicate_of:IMG0001624,False,31994c3391e77333,leg,frontal,0,0,Annotations/YOLO/IMG0001819.txt,leg|no_fracture,False
fracatlas,fracatlas/FracAtlas,images/Non_fractured/IMG0001820.jpg,IMG0001820,no_fracture,g1798,train,none,1798,-1,,False,1d390d1d83c7e363,leg,lateral,0,0,Annotations/YOLO/IMG0001820.txt,leg|no_fracture,False
fracatlas,fracatlas/FracAtlas,images/Non_fractured/IMG0001821.jpg,IMG0001821,no_fracture,g1799,train,none,1799,-1,,False,c933994c99cd9933,leg,frontal,0,0,Annotations/YOLO/IMG0001821.txt,leg|no_fracture,False
fracatlas,fracatlas/FracAtlas,images/Non_fractured/IMG0001822.jpg,IMG0001822,no_fracture,g1800,train,none,1800,-1,,False,171e7b880f67980f,shoulder,frontal,0,0,Annotations/YOLO/IMG0001822.txt,shoulder|no_fracture,False
fracatlas,fracatlas/FracAtlas,images/Non_fractured/IMG0001823.jpg,IMG0001823,no_fracture,g1801,train,none,1801,-1,,False,6633c866b1cf6233,leg,frontal,0,0,Annotations/YOLO/IMG0001823.txt,leg|no_fracture,False
fracatlas,fracatlas/FracAtlas,images/Non_fractured/IMG0001824.jpg,IMG0001824,no_fracture,g1802,cal,none,1802,-1,,False,32e79c3962359a99,leg,lateral,0,0,Annotations/YOLO/IMG0001824.txt,leg|no_fracture,False
fracatlas,fracatlas/FracAtlas,images/Non_fractured/IMG0001825.jpg,IMG0001825,no_fracture,g1803,val,none,1803,-1,,False,ed1635ca1ae8fc03,hip,frontal,0,0,Annotations/YOLO/IMG0001825.txt,hip|no_fracture,False
fracatlas,fracatlas/FracAtlas,images/Non_fractured/IMG0001826.jpg,IMG0001826,no_fracture,g1804,val,none,1804,-1,,False,d6cf3ccc302cf10b,hip,frontal,0,0,Annotations/YOLO/IMG0001826.txt,hip|no_fracture,False
fracatlas,fracatlas/FracAtlas,images/Non_fractured/IMG0001827.jpg,IMG0001827,no_fracture,g1805,train,none,1805,-1,,False,93cdc5c5cd453133,leg,frontal,0,0,Annotations/YOLO/IMG0001827.txt,leg|no_fracture,False
fracatlas,fracatlas/FracAtlas,images/Non_fractured/IMG0001828.jpg,IMG0001828,no_fracture,g1806,train,none,1806,-1,,False,b9b925256d6d4919,leg,oblique,0,0,Annotations/YOLO/IMG0001828.txt,leg|no_fracture,False
fracatlas,fracatlas/FracAtlas,images/Non_fractured/IMG0001829.jpg,IMG0001829,no_fracture,g1807,train,none,1807,-1,,False,5313d343c3d19373,leg,frontal,0,0,Annotations/YOLO/IMG0001829.txt,leg|no_fracture,False
fracatlas,fracatlas/FracAtlas,images/Non_fractured/IMG0001830.jpg,IMG0001830,no_fracture,g1808,val,none,1808,-1,,False,9b91b4bb998c6949,leg,lateral,0,0,Annotations/YOLO/IMG0001830.txt,leg|no_fracture,False
fracatlas,fracatlas/FracAtlas,images/Non_fractured/IMG0001831.jpg,IMG0001831,no_fracture,g1622,dropped,none,1622,-1,duplicate_of:IMG0001637,False,82cfc2c7e6636233,hand,frontal,0,0,Annotations/YOLO/IMG0001831.txt,hand|no_fracture,False
fracatlas,fracatlas/FracAtlas,images/Non_fractured/IMG0001832.jpg,IMG0001832,no_fracture,g1810,cal,none,1810,-1,,False,7f5b1380646d6969,hand,lateral,0,0,Annotations/YOLO/IMG0001832.txt,hand|no_fracture,False
fracatlas,fracatlas/FracAtlas,images/Non_fractured/IMG0001833.jpg,IMG0001833,no_fracture,g1622,dropped,none,1622,-1,duplicate_of:IMG0001637,False,c2c5c2e7e6636233,hand,frontal,0,0,Annotations/YOLO/IMG0001833.txt,hand|no_fracture,False
fracatlas,fracatlas/FracAtlas,images/Non_fractured/IMG0001834.jpg,IMG0001834,no_fracture,g1812,train,none,1812,-1,,False,3291c2c5c6e7e273,hand,frontal,0,0,Annotations/YOLO/IMG0001834.txt,hand|no_fracture,False
fracatlas,fracatlas/FracAtlas,images/Non_fractured/IMG0001835.jpg,IMG0001835,no_fracture,g1813,train,none,1813,-1,,False,668093d1e6677371,hand,frontal,0,0,Annotations/YOLO/IMG0001835.txt,hand|no_fracture,False
fracatlas,fracatlas/FracAtlas,images/Non_fractured/IMG0001836.jpg,IMG0001836,no_fracture,g1814,cal,none,1814,-1,,False,9e19d2d9c89d9899,hand,frontal,0,0,Annotations/YOLO/IMG0001836.txt,hand|no_fracture,False
fracatlas,fracatlas/FracAtlas,images/Non_fractured/IMG0001837.jpg,IMG0001837,no_fracture,g1815,train,none,1815,-1,,False,6e893a396e6d4859,hand,oblique,0,0,Annotations/YOLO/IMG0001837.txt,hand|no_fracture,False
fracatlas,fracatlas/FracAtlas,images/Non_fractured/IMG0001838.jpg,IMG0001838,no_fracture,g1688,dropped,none,1688,-1,duplicate_of:IMG0001707,False,3359599933395999,leg,frontal,0,0,Annotations/YOLO/IMG0001838.txt,leg|no_fracture,False
fracatlas,fracatlas/FracAtlas,images/Non_fractured/IMG0001839.jpg,IMG0001839,no_fracture,g1817,train,none,1817,-1,,False,e45f3935728acc31,leg,lateral,0,0,Annotations/YOLO/IMG0001839.txt,leg|no_fracture,False
fracatlas,fracatlas/FracAtlas,images/Non_fractured/IMG0001840.jpg,IMG0001840,no_fracture,g1818,train,none,1818,-1,,False,c1d8e74311bc49db,leg,lateral,0,0,Annotations/YOLO/IMG0001840.txt,leg|no_fracture,False
fracatlas,fracatlas/FracAtlas,images/Non_fractured/IMG0001841.jpg,IMG0001841,no_fracture,g1819,train,none,1819,-1,,False,666949393333d999,leg,frontal,0,0,Annotations/YOLO/IMG0001841.txt,leg|no_fracture,False
fracatlas,fracatlas/FracAtlas,images/Non_fractured/IMG0001842.jpg,IMG0001842,no_fracture,g1820,test,none,1820,-1,,True,b0342bdb909c49fb,leg,lateral,0,0,Annotations/YOLO/IMG0001842.txt,leg|no_fracture,False
fracatlas,fracatlas/FracAtlas,images/Non_fractured/IMG0001843.jpg,IMG0001843,no_fracture,g1821,test,none,1821,-1,,True,000f6c7cf82747bb,mixed,frontal,0,0,Annotations/YOLO/IMG0001843.txt,mixed|no_fracture,False
fracatlas,fracatlas/FracAtlas,images/Non_fractured/IMG0001844.jpg,IMG0001844,no_fracture,g1822,train,none,1822,-1,,False,f3768cf328a45b03,mixed,oblique,0,0,Annotations/YOLO/IMG0001844.txt,mixed|no_fracture,False
fracatlas,fracatlas/FracAtlas,images/Non_fractured/IMG0001845.jpg,IMG0001845,no_fracture,g1823,test,none,1823,-1,,True,87f75827d8880773,mixed,frontal,0,0,Annotations/YOLO/IMG0001845.txt,mixed|no_fracture,False
fracatlas,fracatlas/FracAtlas,images/Non_fractured/IMG0001846.jpg,IMG0001846,no_fracture,g1824,train,none,1824,-1,,False,9f9fc0d0100f67b3,mixed,frontal,0,0,Annotations/YOLO/IMG0001846.txt,mixed|no_fracture,False
fracatlas,fracatlas/FracAtlas,images/Non_fractured/IMG0001847.jpg,IMG0001847,no_fracture,g1825,test,none,1825,-1,,True,9919236d6549d9d9,leg,frontal,0,0,Annotations/YOLO/IMG0001847.txt,leg|no_fracture,False
fracatlas,fracatlas/FracAtlas,images/Non_fractured/IMG0001848.jpg,IMG0001848,no_fracture,g1826,train,none,1826,-1,,False,333524656dcdc939,leg,oblique,0,0,Annotations/YOLO/IMG0001848.txt,leg|no_fracture,False
fracatlas,fracatlas/FracAtlas,images/Non_fractured/IMG0001849.jpg,IMG0001849,no_fracture,g1827,train,none,1827,-1,,False,416620d3e3e77333,hand,frontal,0,0,Annotations/YOLO/IMG0001849.txt,hand|no_fracture,False
fracatlas,fracatlas/FracAtlas,images/Non_fractured/IMG0001850.jpg,IMG0001850,no_fracture,g1828,train,none,1828,-1,,False,c2c58293c3e76373,hand,frontal,0,0,Annotations/YOLO/IMG0001850.txt,hand|no_fracture,False
fracatlas,fracatlas/FracAtlas,images/Non_fractured/IMG0001851.jpg,IMG0001851,no_fracture,g1829,train,none,1829,-1,,False,8ac5ad6e6a8d4d19,mixed,frontal,0,0,Annotations/YOLO/IMG0001851.txt,mixed|no_fracture,False
fracatlas,fracatlas/FracAtlas,images/Non_fractured/IMG0001852.jpg,IMG0001852,no_fracture,g1830,train,none,1830,-1,,False,3296adaee28d3951,mixed,frontal,0,0,Annotations/YOLO/IMG0001852.txt,mixed|no_fracture,False
fracatlas,fracatlas/FracAtlas,images/Non_fractured/IMG0001853.jpg,IMG0001853,no_fracture,g1831,train,none,1831,-1,,False,cd7325ba12c8e41f,mixed,frontal,0,0,Annotations/YOLO/IMG0001853.txt,mixed|no_fracture,False
fracatlas,fracatlas/FracAtlas,images/Non_fractured/IMG0001854.jpg,IMG0001854,no_fracture,g1832,train,none,1832,-1,,False,dccc4ccc3133f343,mixed,frontal,0,0,Annotations/YOLO/IMG0001854.txt,mixed|no_fracture,False
fracatlas,fracatlas/FracAtlas,images/Non_fractured/IMG0001855.jpg,IMG0001855,no_fracture,g1833,train,none,1833,-1,,False,3939d5a52ad619a9,mixed,frontal,0,0,Annotations/YOLO/IMG0001855.txt,mixed|no_fracture,False
fracatlas,fracatlas/FracAtlas,images/Non_fractured/IMG0001856.jpg,IMG0001856,no_fracture,g1622,dropped,none,1622,-1,duplicate_of:IMG0001637,False,828fc2c7e26762b3,hand,frontal,0,0,Annotations/YOLO/IMG0001856.txt,hand|no_fracture,False
fracatlas,fracatlas/FracAtlas,images/Non_fractured/IMG0001857.jpg,IMG0001857,no_fracture,g1835,train,none,1835,-1,,False,d58d5aaa5226d54d,hand,lateral,0,0,Annotations/YOLO/IMG0001857.txt,hand|no_fracture,False
fracatlas,fracatlas/FracAtlas,images/Non_fractured/IMG0001858.jpg,IMG0001858,no_fracture,g1836,train,none,1836,-1,,False,c9c9d37399119333,leg,frontal,0,0,Annotations/YOLO/IMG0001858.txt,leg|no_fracture,False
fracatlas,fracatlas/FracAtlas,images/Non_fractured/IMG0001859.jpg,IMG0001859,no_fracture,g1837,train,none,1837,-1,,False,01dbb6039190dbfb,leg,lateral,0,0,Annotations/YOLO/IMG0001859.txt,leg|no_fracture,False
fracatlas,fracatlas/FracAtlas,images/Non_fractured/IMG0001860.jpg,IMG0001860,no_fracture,g1838,val,none,1838,-1,,False,09266d49b74d66b5,shoulder,frontal,0,0,Annotations/YOLO/IMG0001860.txt,shoulder|no_fracture,False
fracatlas,fracatlas/FracAtlas,images/Non_fractured/IMG0001861.jpg,IMG0001861,no_fracture,g1839,train,none,1839,-1,,False,9a922c2e5d74e1ab,hip,frontal,0,0,Annotations/YOLO/IMG0001861.txt,hip|no_fracture,False
fracatlas,fracatlas/FracAtlas,images/Non_fractured/IMG0001862.jpg,IMG0001862,no_fracture,g1840,train,none,1840,-1,,False,4e49894d739e5aa9,hip,frontal,0,0,Annotations/YOLO/IMG0001862.txt,hip|no_fracture,False
fracatlas,fracatlas/FracAtlas,images/Non_fractured/IMG0001863.jpg,IMG0001863,no_fracture,g1841,test,none,1841,-1,,True,6669936659997929,hip,frontal,0,0,Annotations/YOLO/IMG0001863.txt,hip|no_fracture,False
fracatlas,fracatlas/FracAtlas,images/Non_fractured/IMG0001864.jpg,IMG0001864,no_fracture,g1842,train,none,1842,-1,,False,f592994efa64c813,hip,frontal,0,0,Annotations/YOLO/IMG0001864.txt,hip|no_fracture,False
fracatlas,fracatlas/FracAtlas,images/Non_fractured/IMG0001865.jpg,IMG0001865,no_fracture,g1843,train,none,1843,-1,,False,9899889bb09bd9d9,leg,frontal,0,0,Annotations/YOLO/IMG0001865.txt,leg|no_fracture,False
fracatlas,fracatlas/FracAtlas,images/Non_fractured/IMG0001866.jpg,IMG0001866,no_fracture,g1844,val,none,1844,-1,,False,c2c7c2e762637293,leg,oblique,0,0,Annotations/YOLO/IMG0001866.txt,leg|no_fracture,False
fracatlas,fracatlas/FracAtlas,images/Fractured/IMG0001867.jpg,IMG0001867,fracture,g1845,test,train,1845,-1,,True,59634d631963d933,leg,frontal,1,2,Annotations/YOLO/IMG0001867.txt,leg|fracture,False
fracatlas,fracatlas/FracAtlas,images/Fractured/IMG0001868.jpg,IMG0001868,fracture,g1846,train,train,1846,-1,,False,e74d36c931694999,leg,lateral,1,1,Annotations/YOLO/IMG0001868.txt,leg|fracture,False
fracatlas,fracatlas/FracAtlas,images/Fractured/IMG0001869.jpg,IMG0001869,fracture,g1847,train,train,1847,-1,,False,f9436943d9633919,leg,lateral,1,2,Annotations/YOLO/IMG0001869.txt,leg|fracture,False
fracatlas,fracatlas/FracAtlas,images/Fractured/IMG0001870.jpg,IMG0001870,fracture,g1848,train,train,1848,-1,,False,709b64679967c899,leg,frontal,0,1,Annotations/YOLO/IMG0001870.txt,leg|fracture,False
fracatlas,fracatlas/FracAtlas,images/Non_fractured/IMG0001871.jpg,IMG0001871,no_fracture,g1849,test,none,1849,-1,,True,69ad9219e9969339,leg,lateral,0,0,Annotations/YOLO/IMG0001871.txt,leg|no_fracture,False
fracatlas,fracatlas/FracAtlas,images/Non_fractured/IMG0001872.jpg,IMG0001872,no_fracture,g1850,train,none,1850,-1,,False,c999396d4cc99999,leg,frontal,0,0,Annotations/YOLO/IMG0001872.txt,leg|no_fracture,False
fracatlas,fracatlas/FracAtlas,images/Non_fractured/IMG0001873.jpg,IMG0001873,no_fracture,g1851,train,none,1851,-1,,False,b2c94c53d9999999,leg,lateral,0,0,Annotations/YOLO/IMG0001873.txt,leg|no_fracture,False
fracatlas,fracatlas/FracAtlas,images/Non_fractured/IMG0001874.jpg,IMG0001874,no_fracture,g1852,train,none,1852,-1,,False,06033393cbdbb399,leg,frontal,0,0,Annotations/YOLO/IMG0001874.txt,leg|no_fracture,False
fracatlas,fracatlas/FracAtlas,images/Non_fractured/IMG0001875.jpg,IMG0001875,no_fracture,g1853,val,none,1853,-1,,False,938081fbd3d049fb,leg,lateral,0,0,Annotations/YOLO/IMG0001875.txt,leg|no_fracture,False
fracatlas,fracatlas/FracAtlas,images/Non_fractured/IMG0001876.jpg,IMG0001876,no_fracture,g1854,train,none,1854,-1,,False,410b59c3d39bd333,leg,frontal,0,0,Annotations/YOLO/IMG0001876.txt,leg|no_fracture,False
fracatlas,fracatlas/FracAtlas,images/Non_fractured/IMG0001877.jpg,IMG0001877,no_fracture,g1855,train,none,1855,-1,,False,1b11005bdbb859fb,leg,lateral,0,0,Annotations/YOLO/IMG0001877.txt,leg|no_fracture,False
fracatlas,fracatlas/FracAtlas,images/Non_fractured/IMG0001878.jpg,IMG0001878,no_fracture,g1856,train,none,1856,-1,,False,ff98ccf04086d32d,hip,frontal,0,0,Annotations/YOLO/IMG0001878.txt,hip|no_fracture,False
fracatlas,fracatlas/FracAtlas,images/Non_fractured/IMG0001879.jpg,IMG0001879,no_fracture,g1857,train,none,1857,-1,,False,67c5ac6c7a1639a1,hip,frontal,0,0,Annotations/YOLO/IMG0001879.txt,hip|no_fracture,False
fracatlas,fracatlas/FracAtlas,images/Non_fractured/IMG0001881.jpg,IMG0001881,no_fracture,g1858,train,none,1858,-1,,False,4c597999c9d91999,leg,oblique,0,0,Annotations/YOLO/IMG0001881.txt,leg|no_fracture,False
fracatlas,fracatlas/FracAtlas,images/Non_fractured/IMG0001882.jpg,IMG0001882,no_fracture,g1859,train,none,1859,-1,,False,9bb6485b9b9c4949,leg,lateral,0,0,Annotations/YOLO/IMG0001882.txt,leg|no_fracture,False
fracatlas,fracatlas/FracAtlas,images/Non_fractured/IMG0001883.jpg,IMG0001883,no_fracture,g1860,train,none,1860,-1,,False,dafe49c9c9494949,hand,frontal,0,0,Annotations/YOLO/IMG0001883.txt,hand|no_fracture,False
fracatlas,fracatlas/FracAtlas,images/Non_fractured/IMG0001884.jpg,IMG0001884,no_fracture,g1861,val,none,1861,-1,,False,54ed16999a659a99,hand,lateral,0,0,Annotations/YOLO/IMG0001884.txt,hand|no_fracture,False
fracatlas,fracatlas/FracAtlas,images/Non_fractured/IMG0001885.jpg,IMG0001885,no_fracture,g1862,train,none,1862,-1,,False,6959a9699c9a59a9,hip,frontal,0,0,Annotations/YOLO/IMG0001885.txt,hip|no_fracture,False
fracatlas,fracatlas/FracAtlas,images/Non_fractured/IMG0001886.jpg,IMG0001886,no_fracture,g1863,test,none,1863,-1,,True,6699666693666633,leg,frontal,0,0,Annotations/YOLO/IMG0001886.txt,leg|no_fracture,False
fracatlas,fracatlas/FracAtlas,images/Non_fractured/IMG0001887.jpg,IMG0001887,no_fracture,g1864,cal,none,1864,-1,,False,4c2da8a5e5d59571,leg,frontal,0,0,Annotations/YOLO/IMG0001887.txt,leg|no_fracture,False
fracatlas,fracatlas/FracAtlas,images/Non_fractured/IMG0001888.jpg,IMG0001888,no_fracture,g1865,train,none,1865,-1,,False,04273bbb949c59d9,leg,lateral,0,0,Annotations/YOLO/IMG0001888.txt,leg|no_fracture,False
fracatlas,fracatlas/FracAtlas,images/Non_fractured/IMG0001889.jpg,IMG0001889,no_fracture,g1866,train,none,1866,-1,,False,e0b3715971b35919,leg,frontal,0,0,Annotations/YOLO/IMG0001889.txt,leg|no_fracture,False
fracatlas,fracatlas/FracAtlas,images/Non_fractured/IMG0001890.jpg,IMG0001890,no_fracture,g1867,train,none,1867,-1,,False,9b940043b3fc59db,leg,lateral,0,0,Annotations/YOLO/IMG0001890.txt,leg|no_fracture,False
fracatlas,fracatlas/FracAtlas,images/Non_fractured/IMG0001891.jpg,IMG0001891,no_fracture,g1868,train,none,1868,-1,,False,252772e5e24de2a5,leg,frontal,0,0,Annotations/YOLO/IMG0001891.txt,leg|no_fracture,False
fracatlas,fracatlas/FracAtlas,images/Non_fractured/IMG0001892.jpg,IMG0001892,no_fracture,g1869,train,none,1869,-1,,False,5b694e4d4cc99999,leg,frontal,0,0,Annotations/YOLO/IMG0001892.txt,leg|no_fracture,False
fracatlas,fracatlas/FracAtlas,images/Non_fractured/IMG0001893.jpg,IMG0001893,no_fracture,g1870,train,none,1870,-1,,False,a426646d6c6dc9d9,leg,oblique,0,0,Annotations/YOLO/IMG0001893.txt,leg|no_fracture,False
fracatlas,fracatlas/FracAtlas,images/Non_fractured/IMG0001894.jpg,IMG0001894,no_fracture,g1871,train,none,1871,-1,,False,696bc9b331394999,leg,frontal,0,0,Annotations/YOLO/IMG0001894.txt,leg|no_fracture,False
fracatlas,fracatlas/FracAtlas,images/Non_fractured/IMG0001895.jpg,IMG0001895,no_fracture,g1872,test,none,1872,-1,,True,ae4743b130f819db,leg,lateral,0,0,Annotations/YOLO/IMG0001895.txt,leg|no_fracture,False
fracatlas,fracatlas/FracAtlas,images/Non_fractured/IMG0001896.jpg,IMG0001896,no_fracture,g1873,train,none,1873,-1,,False,30e3b30bd07cf30b,hip,frontal,0,0,Annotations/YOLO/IMG0001896.txt,hip|no_fracture,False
fracatlas,fracatlas/FracAtlas,images/Non_fractured/IMG0001898.jpg,IMG0001898,no_fracture,g1874,train,none,1874,-1,,False,6427499b73337199,leg,frontal,0,0,Annotations/YOLO/IMG0001898.txt,leg|no_fracture,False
fracatlas,fracatlas/FracAtlas,images/Non_fractured/IMG0001899.jpg,IMG0001899,no_fracture,g1875,test,none,1875,-1,,True,e1dc274319bc495b,leg,lateral,0,0,Annotations/YOLO/IMG0001899.txt,leg|no_fracture,False
fracatlas,fracatlas/FracAtlas,images/Non_fractured/IMG0001900.jpg,IMG0001900,no_fracture,g1876,train,none,1876,-1,,False,3643314ff81bf10b,hip,frontal,0,0,Annotations/YOLO/IMG0001900.txt,hip|no_fracture,False
fracatlas,fracatlas/FracAtlas,images/Non_fractured/IMG0001901.jpg,IMG0001901,no_fracture,g1877,train,none,1877,-1,,False,73389c9371d8c369,hand,frontal,0,0,Annotations/YOLO/IMG0001901.txt,hand|no_fracture,False
fracatlas,fracatlas/FracAtlas,images/Non_fractured/IMG0001902.jpg,IMG0001902,no_fracture,g1878,train,none,1878,-1,,False,9add3e3132653233,hand,frontal,0,0,Annotations/YOLO/IMG0001902.txt,hand|no_fracture,False
fracatlas,fracatlas/FracAtlas,images/Non_fractured/IMG0001903.jpg,IMG0001903,no_fracture,g1879,train,none,1879,-1,,False,9a63cec132c77233,hand,lateral,0,0,Annotations/YOLO/IMG0001903.txt,hand|no_fracture,False
fracatlas,fracatlas/FracAtlas,images/Non_fractured/IMG0001904.jpg,IMG0001904,no_fracture,g1880,train,none,1880,-1,,False,6e1c19cccec33333,leg,frontal,0,0,Annotations/YOLO/IMG0001904.txt,leg|no_fracture,False
fracatlas,fracatlas/FracAtlas,images/Non_fractured/IMG0001905.jpg,IMG0001905,no_fracture,g1881,train,none,1881,-1,,False,494ce6c9999c3373,leg,lateral,0,0,Annotations/YOLO/IMG0001905.txt,leg|no_fracture,False
fracatlas,fracatlas/FracAtlas,images/Non_fractured/IMG0001906.jpg,IMG0001906,no_fracture,g1882,train,none,1882,-1,,False,dcf84c0f4ea49867,mixed,frontal,0,0,Annotations/YOLO/IMG0001906.txt,mixed|no_fracture,False
fracatlas,fracatlas/FracAtlas,images/Non_fractured/IMG0001907.jpg,IMG0001907,no_fracture,g1883,train,none,1883,-1,,False,54b048fdec5a38c7,mixed,frontal,0,0,Annotations/YOLO/IMG0001907.txt,mixed|no_fracture,False
fracatlas,fracatlas/FracAtlas,images/Non_fractured/IMG0001908.jpg,IMG0001908,no_fracture,g1884,train,none,1884,-1,,False,c48780c3e6e77273,hand,frontal,0,0,Annotations/YOLO/IMG0001908.txt,hand|no_fracture,False
fracatlas,fracatlas/FracAtlas,images/Non_fractured/IMG0001909.jpg,IMG0001909,no_fracture,g1885,train,none,1885,-1,,False,8c0263e3c3c7e3e3,hand,frontal,0,0,Annotations/YOLO/IMG0001909.txt,hand|no_fracture,False
fracatlas,fracatlas/FracAtlas,images/Non_fractured/IMG0001910.jpg,IMG0001910,no_fracture,g1886,cal,none,1886,-1,,False,54ab546f9855aa55,hand,frontal,0,0,Annotations/YOLO/IMG0001910.txt,hand|no_fracture,False
fracatlas,fracatlas/FracAtlas,images/Non_fractured/IMG0001911.jpg,IMG0001911,no_fracture,g1887,val,none,1887,-1,,False,ebaaa8a18595d555,hand,lateral,0,0,Annotations/YOLO/IMG0001911.txt,hand|no_fracture,False
fracatlas,fracatlas/FracAtlas,images/Non_fractured/IMG0001912.jpg,IMG0001912,no_fracture,g1888,test,none,1888,-1,,True,6ca8a2a3234719ff,mixed,frontal,0,0,Annotations/YOLO/IMG0001912.txt,mixed|no_fracture,False
fracatlas,fracatlas/FracAtlas,images/Non_fractured/IMG0001913.jpg,IMG0001913,no_fracture,g1889,train,none,1889,-1,,False,66262632d2cdaaed,mixed,frontal,0,0,Annotations/YOLO/IMG0001913.txt,mixed|no_fracture,False
fracatlas,fracatlas/FracAtlas,images/Non_fractured/IMG0001914.jpg,IMG0001914,no_fracture,g1890,test,none,1890,-1,,True,1a1f8e8786c7c273,hand,frontal,0,0,Annotations/YOLO/IMG0001914.txt,hand|no_fracture,False
fracatlas,fracatlas/FracAtlas,images/Non_fractured/IMG0001915.jpg,IMG0001915,no_fracture,g1891,cal,none,1891,-1,,False,84a92b2aa6677373,hand,lateral,0,0,Annotations/YOLO/IMG0001915.txt,hand|no_fracture,False
fracatlas,fracatlas/FracAtlas,images/Fractured/IMG0001916.jpg,IMG0001916,fracture,g1892,val,train,1892,-1,,False,c0dfe90d1cd95929,mixed,frontal,0,1,Annotations/YOLO/IMG0001916.txt,mixed|fracture,False
fracatlas,fracatlas/FracAtlas,images/Non_fractured/IMG0001917.jpg,IMG0001917,no_fracture,g1893,train,none,1893,-1,,False,22e0d078fbda351d,mixed,frontal,0,0,Annotations/YOLO/IMG0001917.txt,mixed|no_fracture,False
fracatlas,fracatlas/FracAtlas,images/Non_fractured/IMG0001918.jpg,IMG0001918,no_fracture,g1894,test,none,1894,-1,,True,6e3332b3929398d9,hand,frontal,0,0,Annotations/YOLO/IMG0001918.txt,hand|no_fracture,False
fracatlas,fracatlas/FracAtlas,images/Non_fractured/IMG0001919.jpg,IMG0001919,no_fracture,g1895,train,none,1895,-1,,False,8a2d95599266b5d9,hand,lateral,0,0,Annotations/YOLO/IMG0001919.txt,hand|no_fracture,False
fracatlas,fracatlas/FracAtlas,images/Non_fractured/IMG0001920.jpg,IMG0001920,no_fracture,g1896,train,none,1896,-1,,False,60dfc89bc0673333,leg,frontal,0,0,Annotations/YOLO/IMG0001920.txt,leg|no_fracture,False
fracatlas,fracatlas/FracAtlas,images/Non_fractured/IMG0001921.jpg,IMG0001921,no_fracture,g432,dropped,none,432,-1,duplicate_of:IMG0000434,False,b0b7242d6c6dc999,leg,frontal,0,0,Annotations/YOLO/IMG0001921.txt,leg|no_fracture,False
fracatlas,fracatlas/FracAtlas,images/Non_fractured/IMG0001922.jpg,IMG0001922,no_fracture,g1898,test,none,1898,-1,,True,6c6b696bc9c91919,leg,frontal,0,0,Annotations/YOLO/IMG0001922.txt,leg|no_fracture,False
fracatlas,fracatlas/FracAtlas,images/Non_fractured/IMG0001923.jpg,IMG0001923,no_fracture,g1899,test,none,1899,-1,,True,1c639acd326f8c93,hand,frontal,0,0,Annotations/YOLO/IMG0001923.txt,hand|no_fracture,False
fracatlas,fracatlas/FracAtlas,images/Non_fractured/IMG0001924.jpg,IMG0001924,no_fracture,g906,dropped,none,906,-1,duplicate_of:IMG0000916,False,9197b4a5646d6999,leg,oblique,0,0,Annotations/YOLO/IMG0001924.txt,leg|no_fracture,False
fracatlas,fracatlas/FracAtlas,images/Non_fractured/IMG0001925.jpg,IMG0001925,no_fracture,g1901,train,none,1901,-1,,False,837c009f707db34b,hip,frontal,0,0,Annotations/YOLO/IMG0001925.txt,hip|no_fracture,False
fracatlas,fracatlas/FracAtlas,images/Non_fractured/IMG0001926.jpg,IMG0001926,no_fracture,g1902,train,none,1902,-1,,False,67b3c9c9a366cc03,shoulder,frontal,0,0,Annotations/YOLO/IMG0001926.txt,shoulder|no_fracture,False
fracatlas,fracatlas/FracAtlas,images/Non_fractured/IMG0001927.jpg,IMG0001927,no_fracture,g1903,train,none,1903,-1,,False,6a223b3366637333,hand,frontal,0,0,Annotations/YOLO/IMG0001927.txt,hand|no_fracture,False
fracatlas,fracatlas/FracAtlas,images/Non_fractured/IMG0001928.jpg,IMG0001928,no_fracture,g1904,test,none,1904,-1,,True,8a8ae3e30b8fc3c3,hand,frontal,0,0,Annotations/YOLO/IMG0001928.txt,hand|no_fracture,False
fracatlas,fracatlas/FracAtlas,images/Non_fractured/IMG0001929.jpg,IMG0001929,no_fracture,g1905,test,none,1905,-1,,True,9193d16366673333,leg,oblique,0,0,Annotations/YOLO/IMG0001929.txt,leg|no_fracture,False
fracatlas,fracatlas/FracAtlas,images/Non_fractured/IMG0001930.jpg,IMG0001930,no_fracture,g1906,train,none,1906,-1,,False,86c7c66762b33269,leg,oblique,0,0,Annotations/YOLO/IMG0001930.txt,leg|no_fracture,False
fracatlas,fracatlas/FracAtlas,images/Non_fractured/IMG0001931.jpg,IMG0001931,no_fracture,g1907,test,none,1907,-1,,True,98d9c8cdcc9d9931,leg,frontal,0,0,Annotations/YOLO/IMG0001931.txt,leg|no_fracture,False
fracatlas,fracatlas/FracAtlas,images/Non_fractured/IMG0001932.jpg,IMG0001932,no_fracture,g1908,train,none,1908,-1,,False,9abdb6a5242568d9,leg,oblique,0,0,Annotations/YOLO/IMG0001932.txt,leg|no_fracture,False
fracatlas,fracatlas/FracAtlas,images/Fractured/IMG0001933.jpg,IMG0001933,fracture,g1909,train,train,1909,-1,,False,fa2dee9932313231,hand,frontal,0,1,Annotations/YOLO/IMG0001933.txt,hand|fracture,False
fracatlas,fracatlas/FracAtlas,images/Fractured/IMG0001934.jpg,IMG0001934,fracture,g1910,train,train,1910,-1,,False,726dee3932653231,hand,lateral,0,1,Annotations/YOLO/IMG0001934.txt,hand|fracture,False
fracatlas,fracatlas/FracAtlas,images/Non_fractured/IMG0001935.jpg,IMG0001935,no_fracture,g1911,train,none,1911,-1,,False,749d36d624e5924d,mixed,frontal,0,0,Annotations/YOLO/IMG0001935.txt,mixed|no_fracture,False
fracatlas,fracatlas/FracAtlas,images/Non_fractured/IMG0001936.jpg,IMG0001936,no_fracture,g1912,train,none,1912,-1,,False,14bd72d604adf24d,mixed,frontal,0,0,Annotations/YOLO/IMG0001936.txt,mixed|no_fracture,False
fracatlas,fracatlas/FracAtlas,images/Non_fractured/IMG0001937.jpg,IMG0001937,no_fracture,g1913,train,none,1913,-1,,False,c98d1971c9cd9999,hand,frontal,0,0,Annotations/YOLO/IMG0001937.txt,hand|no_fracture,False
fracatlas,fracatlas/FracAtlas,images/Fractured/IMG0001938.jpg,IMG0001938,fracture,g1914,train,train,1914,-1,,False,3a91ce25994dd999,hand,lateral,0,1,Annotations/YOLO/IMG0001938.txt,hand|fracture,False
fracatlas,fracatlas/FracAtlas,images/Fractured/IMG0001939.jpg,IMG0001939,fracture,g1915,train,train,1915,-1,,False,609ff0f360333333,hand,frontal,0,1,Annotations/YOLO/IMG0001939.txt,hand|fracture,False
fracatlas,fracatlas/FracAtlas,images/Non_fractured/IMG0001940.jpg,IMG0001940,no_fracture,g1916,train,none,1916,-1,,False,a135359b5a2a79e1,hip,frontal,0,0,Annotations/YOLO/IMG0001940.txt,hip|no_fracture,False
fracatlas,fracatlas/FracAtlas,images/Non_fractured/IMG0001941.jpg,IMG0001941,no_fracture,g1917,train,none,1917,-1,,False,9995e6b95246d9a1,hip,oblique,0,0,Annotations/YOLO/IMG0001941.txt,hip|no_fracture,False
fracatlas,fracatlas/FracAtlas,images/Non_fractured/IMG0001942.jpg,IMG0001942,no_fracture,g1918,train,none,1918,-1,,False,e4ae298b919d9971,mixed,frontal,0,0,Annotations/YOLO/IMG0001942.txt,mixed|no_fracture,False
fracatlas,fracatlas/FracAtlas,images/Non_fractured/IMG0001943.jpg,IMG0001943,no_fracture,g1919,train,none,1919,-1,,False,a23b11b3951df951,mixed,oblique,0,0,Annotations/YOLO/IMG0001943.txt,mixed|no_fracture,False
fracatlas,fracatlas/FracAtlas,images/Non_fractured/IMG0001944.jpg,IMG0001944,no_fracture,g1920,train,none,1920,-1,,False,0cb14e334cdbc3b3,leg,frontal,0,0,Annotations/YOLO/IMG0001944.txt,leg|no_fracture,False
fracatlas,fracatlas/FracAtlas,images/Non_fractured/IMG0001945.jpg,IMG0001945,no_fracture,g1921,val,none,1921,-1,,False,0f3047d8236f595b,leg,lateral,0,0,Annotations/YOLO/IMG0001945.txt,leg|no_fracture,False
fracatlas,fracatlas/FracAtlas,images/Non_fractured/IMG0001946.jpg,IMG0001946,no_fracture,g1922,train,none,1922,-1,,False,14bd56e1de117255,hand,frontal,0,0,Annotations/YOLO/IMG0001946.txt,hand|no_fracture,False
fracatlas,fracatlas/FracAtlas,images/Non_fractured/IMG0001947.jpg,IMG0001947,no_fracture,g1923,train,none,1923,-1,,False,c28102014eff9eff,hand,frontal,0,0,Annotations/YOLO/IMG0001947.txt,hand|no_fracture,False
fracatlas,fracatlas/FracAtlas,images/Fractured/IMG0001948.jpg,IMG0001948,fracture,g1924,train,train,1924,-1,,False,79222dc9c6a5f057,hand,lateral,0,1,Annotations/YOLO/IMG0001948.txt,hand|fracture,False
fracatlas,fracatlas/FracAtlas,images/Non_fractured/IMG0001949.jpg,IMG0001949,no_fracture,g1925,train,none,1925,-1,,False,cffbc9c427268c03,mixed,frontal,0,0,Annotations/YOLO/IMG0001949.txt,mixed|no_fracture,False
fracatlas,fracatlas/FracAtlas,images/Non_fractured/IMG0001950.jpg,IMG0001950,no_fracture,g1926,train,none,1926,-1,,False,02cd122f1a9ffa33,leg,frontal,0,0,Annotations/YOLO/IMG0001950.txt,leg|no_fracture,False
fracatlas,fracatlas/FracAtlas,images/Non_fractured/IMG0001951.jpg,IMG0001951,no_fracture,g1927,train,none,1927,-1,,False,18e72cb992d7584b,leg,lateral,0,0,Annotations/YOLO/IMG0001951.txt,leg|no_fracture,False
fracatlas,fracatlas/FracAtlas,images/Non_fractured/IMG0001952.jpg,IMG0001952,no_fracture,g1928,train,none,1928,-1,,False,0683f1390f26dc7b,shoulder,frontal,0,0,Annotations/YOLO/IMG0001952.txt,shoulder|no_fracture,False
fracatlas,fracatlas/FracAtlas,images/Non_fractured/IMG0001953.jpg,IMG0001953,no_fracture,g1929,test,none,1929,-1,,True,4456655755d595a5,hand,frontal,0,0,Annotations/YOLO/IMG0001953.txt,hand|no_fracture,False
fracatlas,fracatlas/FracAtlas,images/Non_fractured/IMG0001954.jpg,IMG0001954,no_fracture,g1930,train,none,1930,-1,,False,aa525aaa955b29b5,hand,lateral,0,0,Annotations/YOLO/IMG0001954.txt,hand|no_fracture,False
fracatlas,fracatlas/FracAtlas,images/Non_fractured/IMG0001955.jpg,IMG0001955,no_fracture,g1931,train,none,1931,-1,,False,1c1c2f70e9c7c28f,mixed,frontal,0,0,Annotations/YOLO/IMG0001955.txt,mixed|no_fracture,False
fracatlas,fracatlas/FracAtlas,images/Non_fractured/IMG0001956.jpg,IMG0001956,no_fracture,g1932,val,none,1932,-1,,False,6ddaa2a4151bcd59,mixed,frontal,0,0,Annotations/YOLO/IMG0001956.txt,mixed|no_fracture,False
fracatlas,fracatlas/FracAtlas,images/Non_fractured/IMG0001957.jpg,IMG0001957,no_fracture,g1933,train,none,1933,-1,,False,666499996966d999,leg,frontal,0,0,Annotations/YOLO/IMG0001957.txt,leg|no_fracture,False
fracatlas,fracatlas/FracAtlas,images/Non_fractured/IMG0001958.jpg,IMG0001958,no_fracture,g1934,val,none,1934,-1,,False,696692d9c9969b19,leg,lateral,0,0,Annotations/YOLO/IMG0001958.txt,leg|no_fracture,False
fracatlas,fracatlas/FracAtlas,images/Non_fractured/IMG0001959.jpg,IMG0001959,no_fracture,g1935,val,none,1935,-1,,False,7c5774870d07a587,leg,frontal,0,0,Annotations/YOLO/IMG0001959.txt,leg|no_fracture,False
fracatlas,fracatlas/FracAtlas,images/Non_fractured/IMG0001960.jpg,IMG0001960,no_fracture,g1936,cal,none,1936,-1,,False,61336979b9394999,leg,frontal,0,0,Annotations/YOLO/IMG0001960.txt,leg|no_fracture,False
fracatlas,fracatlas/FracAtlas,images/Non_fractured/IMG0001961.jpg,IMG0001961,no_fracture,g1937,train,none,1937,-1,,False,6897a441b3b710fb,leg,lateral,0,0,Annotations/YOLO/IMG0001961.txt,leg|no_fracture,False
fracatlas,fracatlas/FracAtlas,images/Non_fractured/IMG0001962.jpg,IMG0001962,no_fracture,g1938,val,none,1938,-1,,False,8f9f98d02027379b,mixed,frontal,0,0,Annotations/YOLO/IMG0001962.txt,mixed|no_fracture,False
fracatlas,fracatlas/FracAtlas,images/Non_fractured/IMG0001963.jpg,IMG0001963,no_fracture,g1939,train,none,1939,-1,,False,67f38884c7b7cc03,mixed,frontal,0,0,Annotations/YOLO/IMG0001963.txt,mixed|no_fracture,False
fracatlas,fracatlas/FracAtlas,images/Fractured/IMG0001964.jpg,IMG0001964,fracture,g1940,test,train,1940,-1,,True,ec17d217e48b521d,mixed,frontal,0,1,Annotations/YOLO/IMG0001964.txt,mixed|fracture,False
fracatlas,fracatlas/FracAtlas,images/Fractured/IMG0001965.jpg,IMG0001965,fracture,g1941,train,train,1941,-1,,False,da2f5252e4a65a55,mixed,frontal,0,1,Annotations/YOLO/IMG0001965.txt,mixed|fracture,False
fracatlas,fracatlas/FracAtlas,images/Non_fractured/IMG0001966.jpg,IMG0001966,no_fracture,g1942,test,none,1942,-1,,True,249b6c9934996dd9,leg,frontal,0,0,Annotations/YOLO/IMG0001966.txt,leg|no_fracture,False
fracatlas,fracatlas/FracAtlas,images/Non_fractured/IMG0001967.jpg,IMG0001967,no_fracture,g1943,train,none,1943,-1,,False,948af51b8956b371,leg,lateral,0,0,Annotations/YOLO/IMG0001967.txt,leg|no_fracture,False
fracatlas,fracatlas/FracAtlas,images/Non_fractured/IMG0001968.jpg,IMG0001968,no_fracture,g1944,train,none,1944,-1,,False,9a59ce25334dc999,hand,frontal,0,0,Annotations/YOLO/IMG0001968.txt,hand|no_fracture,False
fracatlas,fracatlas/FracAtlas,images/Non_fractured/IMG0001969.jpg,IMG0001969,no_fracture,g1945,train,none,1945,-1,,False,222aea26ed6595d9,hand,lateral,0,0,Annotations/YOLO/IMG0001969.txt,hand|no_fracture,False
fracatlas,fracatlas/FracAtlas,images/Fractured/IMG0001970.jpg,IMG0001970,fracture,g1946,cal,train,1946,-1,,False,4a4dc9c94ecd9999,hand,frontal,1,1,Annotations/YOLO/IMG0001970.txt,hand|fracture,False
fracatlas,fracatlas/FracAtlas,images/Fractured/IMG0001971.jpg,IMG0001971,fracture,g1947,train,train,1947,-1,,False,c0c870cc6e679f33,hand,lateral,1,1,Annotations/YOLO/IMG0001971.txt,hand|fracture,False
fracatlas,fracatlas/FracAtlas,images/Non_fractured/IMG0001972.jpg,IMG0001972,no_fracture,g1948,train,none,1948,-1,,False,6693d93333339931,leg,frontal,0,0,Annotations/YOLO/IMG0001972.txt,leg|no_fracture,False
fracatlas,fracatlas/FracAtlas,images/Non_fractured/IMG0001973.jpg,IMG0001973,no_fracture,g1949,train,none,1949,-1,,False,d92623d1b81cdb59,leg,lateral,0,0,Annotations/YOLO/IMG0001973.txt,leg|no_fracture,False
fracatlas,fracatlas/FracAtlas,images/Non_fractured/IMG0001974.jpg,IMG0001974,no_fracture,g1950,val,none,1950,-1,,False,9e9e856187e1ab61,leg,frontal,0,0,Annotations/YOLO/IMG0001974.txt,leg|no_fracture,False
fracatlas,fracatlas/FracAtlas,images/Non_fractured/IMG0001975.jpg,IMG0001975,no_fracture,g1951,train,none,1951,-1,,False,b1f5d1b171715131,leg,frontal,0,0,Annotations/YOLO/IMG0001975.txt,leg|no_fracture,False
fracatlas,fracatlas/FracAtlas,images/Non_fractured/IMG0001976.jpg,IMG0001976,no_fracture,g1952,train,none,1952,-1,,False,d1311eb13136e3e3,leg,lateral,0,0,Annotations/YOLO/IMG0001976.txt,leg|no_fracture,False
fracatlas,fracatlas/FracAtlas,images/Non_fractured/IMG0001977.jpg,IMG0001977,no_fracture,g1953,cal,none,1953,-1,,False,f29d32313299ba33,hand,frontal,0,0,Annotations/YOLO/IMG0001977.txt,hand|no_fracture,False
fracatlas,fracatlas/FracAtlas,images/Non_fractured/IMG0001978.jpg,IMG0001978,no_fracture,g350,val,none,350,-1,,False,cacd66999a4d9899,hand,lateral,0,0,Annotations/YOLO/IMG0001978.txt,hand|no_fracture,False
fracatlas,fracatlas/FracAtlas,images/Non_fractured/IMG0001979.jpg,IMG0001979,no_fracture,g1955,train,none,1955,-1,,False,31d19199cdcd3333,leg,frontal,0,0,Annotations/YOLO/IMG0001979.txt,leg|no_fracture,False
fracatlas,fracatlas/FracAtlas,images/Fractured/IMG0001980.jpg,IMG0001980,fracture,g1956,train,train,1956,-1,,False,616d6d490d999973,leg,oblique,0,1,Annotations/YOLO/IMG0001980.txt,leg|fracture,False
fracatlas,fracatlas/FracAtlas,images/Fractured/IMG0001981.jpg,IMG0001981,fracture,g1957,cal,train,1957,-1,,False,c3c39333193b6363,leg,frontal,0,1,Annotations/YOLO/IMG0001981.txt,leg|fracture,False
fracatlas,fracatlas/FracAtlas,images/Non_fractured/IMG0001982.jpg,IMG0001982,no_fracture,g1958,val,none,1958,-1,,False,01835333999bf39b,leg,frontal,0,0,Annotations/YOLO/IMG0001982.txt,leg|no_fracture,False
fracatlas,fracatlas/FracAtlas,images/Non_fractured/IMG0001983.jpg,IMG0001983,no_fracture,g1959,train,none,1959,-1,,False,4940b67b59d409fb,leg,lateral,0,0,Annotations/YOLO/IMG0001983.txt,leg|no_fracture,False
fracatlas,fracatlas/FracAtlas,images/Non_fractured/IMG0001984.jpg,IMG0001984,no_fracture,g1960,val,none,1960,-1,,False,34633ccb0d4babc3,leg,frontal,0,0,Annotations/YOLO/IMG0001984.txt,leg|no_fracture,False
fracatlas,fracatlas/FracAtlas,images/Non_fractured/IMG0001985.jpg,IMG0001985,no_fracture,g1961,train,none,1961,-1,,False,4459b3b6cd4c3699,mixed,frontal,0,0,Annotations/YOLO/IMG0001985.txt,mixed|no_fracture,False
fracatlas,fracatlas/FracAtlas,images/Non_fractured/IMG0001986.jpg,IMG0001986,no_fracture,g1962,train,none,1962,-1,,False,7127692eaccd7229,mixed,frontal,0,0,Annotations/YOLO/IMG0001986.txt,mixed|no_fracture,False
fracatlas,fracatlas/FracAtlas,images/Non_fractured/IMG0001987.jpg,IMG0001987,no_fracture,g1963,cal,none,1963,-1,,False,f3899f8cc4679c03,mixed,frontal,0,0,Annotations/YOLO/IMG0001987.txt,mixed|no_fracture,False
fracatlas,fracatlas/FracAtlas,images/Non_fractured/IMG0001988.jpg,IMG0001988,no_fracture,g1964,test,none,1964,-1,,True,6590b1d8caccb667,hip,frontal,0,0,Annotations/YOLO/IMG0001988.txt,hip|no_fracture,False
fracatlas,fracatlas/FracAtlas,images/Non_fractured/IMG0001989.jpg,IMG0001989,no_fracture,g1965,train,none,1965,-1,,False,da5e33c9f01c918b,hip,frontal,0,0,Annotations/YOLO/IMG0001989.txt,hip|no_fracture,False
fracatlas,fracatlas/FracAtlas,images/Non_fractured/IMG0001990.jpg,IMG0001990,no_fracture,g1966,train,none,1966,-1,,False,70331c0f8ccc70ff,mixed,frontal,0,0,Annotations/YOLO/IMG0001990.txt,mixed|no_fracture,False
fracatlas,fracatlas/FracAtlas,images/Non_fractured/IMG0001991.jpg,IMG0001991,no_fracture,g1967,test,none,1967,-1,,True,8a83e1053e8f1c7f,shoulder,frontal,0,0,Annotations/YOLO/IMG0001991.txt,shoulder|no_fracture,False
fracatlas,fracatlas/FracAtlas,images/Non_fractured/IMG0001992.jpg,IMG0001992,no_fracture,g1968,test,none,1968,-1,,True,333bcc1933cc9933,leg,frontal,0,0,Annotations/YOLO/IMG0001992.txt,leg|no_fracture,False
fracatlas,fracatlas/FracAtlas,images/Non_fractured/IMG0001993.jpg,IMG0001993,no_fracture,g1969,train,none,1969,-1,,False,36d3493671933333,leg,lateral,0,0,Annotations/YOLO/IMG0001993.txt,leg|no_fracture,False
fracatlas,fracatlas/FracAtlas,images/Non_fractured/IMG0001994.jpg,IMG0001994,no_fracture,g1970,cal,none,1970,-1,,False,7649a6661cab5ba1,hip,frontal,0,0,Annotations/YOLO/IMG0001994.txt,hip|no_fracture,False
fracatlas,fracatlas/FracAtlas,images/Non_fractured/IMG0001995.jpg,IMG0001995,no_fracture,g1971,train,none,1971,-1,,False,996619e5299c5ae9,hip,frontal,0,0,Annotations/YOLO/IMG0001995.txt,hip|no_fracture,False
fracatlas,fracatlas/FracAtlas,images/Non_fractured/IMG0001996.jpg,IMG0001996,no_fracture,g1972,train,none,1972,-1,,False,32d95a793233323b,hand,frontal,0,0,Annotations/YOLO/IMG0001996.txt,hand|no_fracture,False
fracatlas,fracatlas/FracAtlas,images/Non_fractured/IMG0001997.jpg,IMG0001997,no_fracture,g1973,train,none,1973,-1,,False,76ed32319a653233,hand,oblique,0,0,Annotations/YOLO/IMG0001997.txt,hand|no_fracture,False
fracatlas,fracatlas/FracAtlas,images/Non_fractured/IMG0001998.jpg,IMG0001998,no_fracture,g6,dropped,none,6,-1,duplicate_of:IMG0000006,False,9ff18087bca1e169,hand,frontal,0,0,Annotations/YOLO/IMG0001998.txt,hand|no_fracture,False
fracatlas,fracatlas/FracAtlas,images/Non_fractured/IMG0001999.jpg,IMG0001999,no_fracture,g1242,dropped,none,1242,-1,duplicate_of:IMG0001254,False,71197171f3199933,leg,frontal,0,0,Annotations/YOLO/IMG0001999.txt,leg|no_fracture,False
fracatlas,fracatlas/FracAtlas,images/Non_fractured/IMG0002000.jpg,IMG0002000,no_fracture,g1976,train,none,1976,-1,,False,8985f3b905c6f351,leg,lateral,0,0,Annotations/YOLO/IMG0002000.txt,leg|no_fracture,False
fracatlas,fracatlas/FracAtlas,images/Non_fractured/IMG0002001.jpg,IMG0002001,no_fracture,g1977,train,none,1977,-1,,False,aa0255aa55b5da5d,hand,frontal,0,0,Annotations/YOLO/IMG0002001.txt,hand|no_fracture,False
fracatlas,fracatlas/FracAtlas,images/Non_fractured/IMG0002002.jpg,IMG0002002,no_fracture,g1978,val,none,1978,-1,,False,b295a5696ab2d22d,hand,lateral,0,0,Annotations/YOLO/IMG0002002.txt,hand|no_fracture,False
fracatlas,fracatlas/FracAtlas,images/Non_fractured/IMG0002003.jpg,IMG0002003,no_fracture,g1979,train,none,1979,-1,,False,72cbce19484dd8d9,hand,frontal,0,0,Annotations/YOLO/IMG0002003.txt,hand|no_fracture,False
fracatlas,fracatlas/FracAtlas,images/Non_fractured/IMG0002004.jpg,IMG0002004,no_fracture,g1980,train,none,1980,-1,,False,58cb669b98679899,hand,lateral,0,0,Annotations/YOLO/IMG0002004.txt,hand|no_fracture,False
fracatlas,fracatlas/FracAtlas,images/Non_fractured/IMG0002005.jpg,IMG0002005,no_fracture,g1981,train,none,1981,-1,,False,5d1559b3a54d66a1,shoulder,frontal,0,0,Annotations/YOLO/IMG0002005.txt,shoulder|no_fracture,False
fracatlas,fracatlas/FracAtlas,images/Non_fractured/IMG0002006.jpg,IMG0002006,no_fracture,g1982,train,none,1982,-1,,False,49c9d9d999519933,leg,frontal,0,0,Annotations/YOLO/IMG0002006.txt,leg|no_fracture,False
fracatlas,fracatlas/FracAtlas,images/Non_fractured/IMG0002007.jpg,IMG0002007,no_fracture,g1983,train,none,1983,-1,,False,191e270918acedef,leg,lateral,0,0,Annotations/YOLO/IMG0002007.txt,leg|no_fracture,False
fracatlas,fracatlas/FracAtlas,images/Non_fractured/IMG0002008.jpg,IMG0002008,no_fracture,g587,dropped,none,587,-1,duplicate_of:IMG0000595,False,a929696d4d69c999,leg,frontal,0,0,Annotations/YOLO/IMG0002008.txt,leg|no_fracture,False
fracatlas,fracatlas/FracAtlas,images/Non_fractured/IMG0002010.jpg,IMG0002010,no_fracture,g1985,train,none,1985,-1,,False,635327172747b50d,hand,frontal,0,0,Annotations/YOLO/IMG0002010.txt,hand|no_fracture,False
fracatlas,fracatlas/FracAtlas,images/Non_fractured/IMG0002011.jpg,IMG0002011,no_fracture,g1986,test,none,1986,-1,,True,652d25316dcd9999,hand,frontal,0,0,Annotations/YOLO/IMG0002011.txt,hand|no_fracture,False
fracatlas,fracatlas/FracAtlas,images/Non_fractured/IMG0002012.jpg,IMG0002012,no_fracture,g1987,train,none,1987,-1,,False,c5cd11714dcd9999,hand,frontal,0,0,Annotations/YOLO/IMG0002012.txt,hand|no_fracture,False
fracatlas,fracatlas/FracAtlas,images/Non_fractured/IMG0002013.jpg,IMG0002013,no_fracture,g1988,train,none,1988,-1,,False,8e718eb186b1cad9,hand,frontal,0,0,Annotations/YOLO/IMG0002013.txt,hand|no_fracture,False
fracatlas,fracatlas/FracAtlas,images/Non_fractured/IMG0002014.jpg,IMG0002014,no_fracture,g1989,val,none,1989,-1,,False,039c7700fe9324df,hand,lateral,0,0,Annotations/YOLO/IMG0002014.txt,hand|no_fracture,False
fracatlas,fracatlas/FracAtlas,images/Non_fractured/IMG0002015.jpg,IMG0002015,no_fracture,g1990,train,none,1990,-1,,False,936659a5699cd8a9,hip,frontal,0,0,Annotations/YOLO/IMG0002015.txt,hip|no_fracture,False
fracatlas,fracatlas/FracAtlas,images/Non_fractured/IMG0002016.jpg,IMG0002016,no_fracture,g1991,train,none,1991,-1,,False,19191949d99bdb99,leg,frontal,0,0,Annotations/YOLO/IMG0002016.txt,leg|no_fracture,False
fracatlas,fracatlas/FracAtlas,images/Non_fractured/IMG0002017.jpg,IMG0002017,no_fracture,g1992,val,none,1992,-1,,False,33090301d9badbfb,leg,lateral,0,0,Annotations/YOLO/IMG0002017.txt,leg|no_fracture,False
fracatlas,fracatlas/FracAtlas,images/Non_fractured/IMG0002018.jpg,IMG0002018,no_fracture,g1993,train,none,1993,-1,,False,2e9929396dc96999,leg,frontal,0,0,Annotations/YOLO/IMG0002018.txt,leg|no_fracture,False
fracatlas,fracatlas/FracAtlas,images/Non_fractured/IMG0002019.jpg,IMG0002019,no_fracture,g1994,test,none,1994,-1,,True,00e274c5f31fa747,leg,lateral,0,0,Annotations/YOLO/IMG0002019.txt,leg|no_fracture,False
fracatlas,fracatlas/FracAtlas,images/Fractured/IMG0002020.jpg,IMG0002020,fracture,g1995,train,train,1995,-1,,False,b165653131e57173,hand,frontal,0,1,Annotations/YOLO/IMG0002020.txt,hand|fracture,False
fracatlas,fracatlas/FracAtlas,images/Fractured/IMG0002021.jpg,IMG0002021,fracture,g1996,train,train,1996,-1,,False,31658d71718d7173,hand,lateral,0,1,Annotations/YOLO/IMG0002021.txt,hand|fracture,False
fracatlas,fracatlas/FracAtlas,images/Non_fractured/IMG0002022.jpg,IMG0002022,no_fracture,g1997,cal,none,1997,-1,,False,5e5874661e9679a1,hip,frontal,0,0,Annotations/YOLO/IMG0002022.txt,hip|no_fracture,False
fracatlas,fracatlas/FracAtlas,images/Non_fractured/IMG0002023.jpg,IMG0002023,no_fracture,g1998,train,none,1998,-1,,False,19e729a32ecd36a1,shoulder,frontal,0,0,Annotations/YOLO/IMG0002023.txt,shoulder|no_fracture,False
fracatlas,fracatlas/FracAtlas,images/Non_fractured/IMG0002024.jpg,IMG0002024,no_fracture,g1999,cal,none,1999,-1,,False,9383a3b33333a363,leg,frontal,0,0,Annotations/YOLO/IMG0002024.txt,leg|no_fracture,False
fracatlas,fracatlas/FracAtlas,images/Non_fractured/IMG0002025.jpg,IMG0002025,no_fracture,g2000,train,none,2000,-1,,False,519da50189adede9,leg,lateral,0,0,Annotations/YOLO/IMG0002025.txt,leg|no_fracture,False
fracatlas,fracatlas/FracAtlas,images/Non_fractured/IMG0002026.jpg,IMG0002026,no_fracture,g2001,train,none,2001,-1,,False,b24c4e5a109cebf3,hip,frontal,0,0,Annotations/YOLO/IMG0002026.txt,hip|no_fracture,False
fracatlas,fracatlas/FracAtlas,images/Non_fractured/IMG0002027.jpg,IMG0002027,no_fracture,g2002,train,none,2002,-1,,False,29996921ddce59a9,hip,frontal,0,0,Annotations/YOLO/IMG0002027.txt,hip|no_fracture,False
fracatlas,fracatlas/FracAtlas,images/Non_fractured/IMG0002028.jpg,IMG0002028,no_fracture,g2003,train,none,2003,-1,,False,d8c1bc4eb41bf10b,hip,frontal,0,0,Annotations/YOLO/IMG0002028.txt,hip|no_fracture,False
fracatlas,fracatlas/FracAtlas,images/Non_fractured/IMG0002029.jpg,IMG0002029,no_fracture,g2004,train,none,2004,-1,,False,99cb48cbcc999999,leg,frontal,0,0,Annotations/YOLO/IMG0002029.txt,leg|no_fracture,False
fracatlas,fracatlas/FracAtlas,images/Non_fractured/IMG0002030.jpg,IMG0002030,no_fracture,g2005,test,none,2005,-1,,True,52ddd6b5a4252d89,leg,oblique,0,0,Annotations/YOLO/IMG0002030.txt,leg|no_fracture,False
fracatlas,fracatlas/FracAtlas,images/Non_fractured/IMG0002031.jpg,IMG0002031,no_fracture,g2006,train,none,2006,-1,,False,c9695959c949d999,leg,frontal,0,0,Annotations/YOLO/IMG0002031.txt,leg|no_fracture,False
fracatlas,fracatlas/FracAtlas,images/Non_fractured/IMG0002032.jpg,IMG0002032,no_fracture,g2007,test,none,2007,-1,,True,1b2f03191858dbfb,leg,lateral,0,0,Annotations/YOLO/IMG0002032.txt,leg|no_fracture,False
fracatlas,fracatlas/FracAtlas,images/Non_fractured/IMG0002034.jpg,IMG0002034,no_fracture,g2008,test,none,2008,-1,,True,72b3d83b3233981b,hand,frontal,0,0,Annotations/YOLO/IMG0002034.txt,hand|no_fracture,False
fracatlas,fracatlas/FracAtlas,images/Non_fractured/IMG0002035.jpg,IMG0002035,no_fracture,g2009,test,none,2009,-1,,True,d6e9c26166673255,hand,frontal,0,0,Annotations/YOLO/IMG0002035.txt,hand|no_fracture,False
fracatlas,fracatlas/FracAtlas,images/Fractured/IMG0002036.jpg,IMG0002036,fracture,g1283,train,train,1283,-1,,False,669bcc6619669999,leg,frontal,1,2,Annotations/YOLO/IMG0002036.txt,leg|fracture,False
fracatlas,fracatlas/FracAtlas,images/Fractured/IMG0002037.jpg,IMG0002037,fracture,g2011,val,train,2011,-1,,False,49369965b3893373,leg,lateral,1,2,Annotations/YOLO/IMG0002037.txt,leg|fracture,False
fracatlas,fracatlas/FracAtlas,images/Non_fractured/IMG0002038.jpg,IMG0002038,no_fracture,g2012,train,none,2012,-1,,False,353d1d0d0dc78733,hand,frontal,0,0,Annotations/YOLO/IMG0002038.txt,hand|no_fracture,False
fracatlas,fracatlas/FracAtlas,images/Non_fractured/IMG0002039.jpg,IMG0002039,no_fracture,g2013,train,none,2013,-1,,False,4aaadab6962534cd,hand,lateral,0,0,Annotations/YOLO/IMG0002039.txt,hand|no_fracture,False
fracatlas,fracatlas/FracAtlas,images/Non_fractured/IMG0002040.jpg,IMG0002040,no_fracture,g2014,train,none,2014,-1,,False,27070b67674b9999,leg,frontal,0,0,Annotations/YOLO/IMG0002040.txt,leg|no_fracture,False
fracatlas,fracatlas/FracAtlas,images/Non_fractured/IMG0002041.jpg,IMG0002041,no_fracture,g2015,test,none,2015,-1,,True,5349375319339b99,leg,lateral,0,0,Annotations/YOLO/IMG0002041.txt,leg|no_fracture,False
fracatlas,fracatlas/FracAtlas,images/Non_fractured/IMG0002042.jpg,IMG0002042,no_fracture,g2016,test,none,2016,-1,,True,36972dc9909969d9,leg,frontal,0,0,Annotations/YOLO/IMG0002042.txt,leg|no_fracture,False
fracatlas,fracatlas/FracAtlas,images/Non_fractured/IMG0002043.jpg,IMG0002043,no_fracture,g2017,train,none,2017,-1,,False,cb90a46bb3b411db,leg,lateral,0,0,Annotations/YOLO/IMG0002043.txt,leg|no_fracture,False
fracatlas,fracatlas/FracAtlas,images/Non_fractured/IMG0002044.jpg,IMG0002044,no_fracture,g2018,train,none,2018,-1,,False,c1c199999173f333,leg,frontal,0,0,Annotations/YOLO/IMG0002044.txt,leg|no_fracture,False
fracatlas,fracatlas/FracAtlas,images/Non_fractured/IMG0002045.jpg,IMG0002045,no_fracture,g2019,test,none,2019,-1,,True,9390a1dbdbd85949,leg,lateral,0,0,Annotations/YOLO/IMG0002045.txt,leg|no_fracture,False
fracatlas,fracatlas/FracAtlas,images/Non_fractured/IMG0002046.jpg,IMG0002046,no_fracture,g2020,train,none,2020,-1,,False,c1c391939193f3b3,leg,frontal,0,0,Annotations/YOLO/IMG0002046.txt,leg|no_fracture,False
fracatlas,fracatlas/FracAtlas,images/Non_fractured/IMG0002047.jpg,IMG0002047,no_fracture,g2021,train,none,2021,-1,,False,a785d853d8796c29,leg,frontal,0,0,Annotations/YOLO/IMG0002047.txt,leg|no_fracture,False
fracatlas,fracatlas/FracAtlas,images/Non_fractured/IMG0002048.jpg,IMG0002048,no_fracture,g2022,val,none,2022,-1,,False,404bd93373739933,leg,frontal,0,0,Annotations/YOLO/IMG0002048.txt,leg|no_fracture,False
fracatlas,fracatlas/FracAtlas,images/Non_fractured/IMG0002049.jpg,IMG0002049,no_fracture,g2023,train,none,2023,-1,,False,eec5511b86c6a371,leg,lateral,0,0,Annotations/YOLO/IMG0002049.txt,leg|no_fracture,False
fracatlas,fracatlas/FracAtlas,images/Non_fractured/IMG0002050.jpg,IMG0002050,no_fracture,g2024,train,none,2024,-1,,False,7159993971599933,leg,frontal,0,0,Annotations/YOLO/IMG0002050.txt,leg|no_fracture,False
fracatlas,fracatlas/FracAtlas,images/Non_fractured/IMG0002051.jpg,IMG0002051,no_fracture,g2025,train,none,2025,-1,,False,102e4b9b98dc49fb,leg,lateral,0,0,Annotations/YOLO/IMG0002051.txt,leg|no_fracture,False
fracatlas,fracatlas/FracAtlas,images/Non_fractured/IMG0002052.jpg,IMG0002052,no_fracture,g2026,train,none,2026,-1,,False,4691c3236373f333,leg,frontal,0,0,Annotations/YOLO/IMG0002052.txt,leg|no_fracture,False
fracatlas,fracatlas/FracAtlas,images/Non_fractured/IMG0002053.jpg,IMG0002053,no_fracture,g2027,train,none,2027,-1,,False,5f06235918fc09fb,leg,lateral,0,0,Annotations/YOLO/IMG0002053.txt,leg|no_fracture,False
fracatlas,fracatlas/FracAtlas,images/Non_fractured/IMG0002054.jpg,IMG0002054,no_fracture,g2028,test,none,2028,-1,,True,c5116167e791d173,leg,frontal,0,0,Annotations/YOLO/IMG0002054.txt,leg|no_fracture,False
fracatlas,fracatlas/FracAtlas,images/Non_fractured/IMG0002055.jpg,IMG0002055,no_fracture,g2029,test,none,2029,-1,,True,1906237b10fe49fb,leg,lateral,0,0,Annotations/YOLO/IMG0002055.txt,leg|no_fracture,False
fracatlas,fracatlas/FracAtlas,images/Non_fractured/IMG0002056.jpg,IMG0002056,no_fracture,g2030,train,none,2030,-1,,False,8383931333b3b373,leg,frontal,0,0,Annotations/YOLO/IMG0002056.txt,leg|no_fracture,False
fracatlas,fracatlas/FracAtlas,images/Non_fractured/IMG0002057.jpg,IMG0002057,no_fracture,g2031,val,none,2031,-1,,False,01386f5b1918d9fb,leg,lateral,0,0,Annotations/YOLO/IMG0002057.txt,leg|no_fracture,False
fracatlas,fracatlas/FracAtlas,images/Non_fractured/IMG0002058.jpg,IMG0002058,no_fracture,g2032,train,none,2032,-1,,False,d899983b206fd999,leg,frontal,0,0,Annotations/YOLO/IMG0002058.txt,leg|no_fracture,False
fracatlas,fracatlas/FracAtlas,images/Non_fractured/IMG0002059.jpg,IMG0002059,no_fracture,g2033,train,none,2033,-1,,False,1a198f8fc6676313,leg,oblique,0,0,Annotations/YOLO/IMG0002059.txt,leg|no_fracture,False
fracatlas,fracatlas/FracAtlas,images/Non_fractured/IMG0002060.jpg,IMG0002060,no_fracture,g2034,train,none,2034,-1,,False,cc33c93363335933,leg,frontal,0,0,Annotations/YOLO/IMG0002060.txt,leg|no_fracture,False
fracatlas,fracatlas/FracAtlas,images/Non_fractured/IMG0002061.jpg,IMG0002061,no_fracture,g2035,train,none,2035,-1,,False,7719802159fc29fb,leg,lateral,0,0,Annotations/YOLO/IMG0002061.txt,leg|no_fracture,False
fracatlas,fracatlas/FracAtlas,images/Non_fractured/IMG0002062.jpg,IMG0002062,no_fracture,g2036,val,none,2036,-1,,False,cc37cc3b8c33c899,leg,frontal,0,0,Annotations/YOLO/IMG0002062.txt,leg|no_fracture,False
fracatlas,fracatlas/FracAtlas,images/Non_fractured/IMG0002063.jpg,IMG0002063,no_fracture,g2037,train,none,2037,-1,,False,cc33cc33cc19d933,leg,lateral,0,0,Annotations/YOLO/IMG0002063.txt,leg|no_fracture,False
fracatlas,fracatlas/FracAtlas,images/Non_fractured/IMG0002064.jpg,IMG0002064,no_fracture,g2038,train,none,2038,-1,,False,323110323973e3ff,hand,frontal,0,0,Annotations/YOLO/IMG0002064.txt,hand|no_fracture,False
fracatlas,fracatlas/FracAtlas,images/Non_fractured/IMG0002065.jpg,IMG0002065,no_fracture,g2039,train,none,2039,-1,,False,3f80373171553177,hand,frontal,0,0,Annotations/YOLO/IMG0002065.txt,hand|no_fracture,False
fracatlas,fracatlas/FracAtlas,images/Non_fractured/IMG0002066.jpg,IMG0002066,no_fracture,g2040,cal,none,2040,-1,,False,c84809adafabab55,hand,frontal,0,0,Annotations/YOLO/IMG0002066.txt,hand|no_fracture,False
fracatlas,fracatlas/FracAtlas,images/Non_fractured/IMG0002067.jpg,IMG0002067,no_fracture,g2041,train,none,2041,-1,,False,6699692699666cd9,leg,frontal,0,0,Annotations/YOLO/IMG0002067.txt,leg|no_fracture,False
fracatlas,fracatlas/FracAtlas,images/Non_fractured/IMG0002068.jpg,IMG0002068,no_fracture,g2042,train,none,2042,-1,,False,d2c92c93c9cf9239,leg,lateral,0,0,Annotations/YOLO/IMG0002068.txt,leg|no_fracture,False
fracatlas,fracatlas/FracAtlas,images/Non_fractured/IMG0002069.jpg,IMG0002069,no_fracture,g2043,train,none,2043,-1,,False,3a6d6a696e49c899,hand,frontal,0,0,Annotations/YOLO/IMG0002069.txt,hand|no_fracture,False
fracatlas,fracatlas/FracAtlas,images/Non_fractured/IMG0002070.jpg,IMG0002070,no_fracture,g2044,train,none,2044,-1,,False,e8ebc3c2d6870707,hand,lateral,0,0,Annotations/YOLO/IMG0002070.txt,hand|no_fracture,False
fracatlas,fracatlas/FracAtlas,images/Non_fractured/IMG0002071.jpg,IMG0002071,no_fracture,g2045,train,none,2045,-1,,False,7623396d588e59a9,hip,frontal,0,0,Annotations/YOLO/IMG0002071.txt,hip|no_fracture,False
fracatlas,fracatlas/FracAtlas,images/Non_fractured/IMG0002072.jpg,IMG0002072,no_fracture,g2046,cal,none,2046,-1,,False,e00f58bb8bdb490b,hand,frontal,0,0,Annotations/YOLO/IMG0002072.txt,hand|no_fracture,False
fracatlas,fracatlas/FracAtlas,images/Non_fractured/IMG0002073.jpg,IMG0002073,no_fracture,g2047,train,none,2047,-1,,False,669b993362339933,leg,frontal,0,0,Annotations/YOLO/IMG0002073.txt,leg|no_fracture,False
fracatlas,fracatlas/FracAtlas,images/Non_fractured/IMG0002074.jpg,IMG0002074,no_fracture,g2048,train,none,2048,-1,,False,60d8262399bc49ff,leg,lateral,0,0,Annotations/YOLO/IMG0002074.txt,leg|no_fracture,False
fracatlas,fracatlas/FracAtlas,images/Non_fractured/IMG0002075.jpg,IMG0002075,no_fracture,g2049,val,none,2049,-1,,False,cc673319ccc4333b,hand,frontal,0,0,Annotations/YOLO/IMG0002075.txt,hand|no_fracture,False
fracatlas,fracatlas/FracAtlas,images/Non_fractured/IMG0002076.jpg,IMG0002076,no_fracture,g2050,val,none,2050,-1,,False,a13373b3a9635391,hand,frontal,0,0,Annotations/YOLO/IMG0002076.txt,hand|no_fracture,False
fracatlas,fracatlas/FracAtlas,images/Non_fractured/IMG0002077.jpg,IMG0002077,no_fracture,g2051,val,none,2051,-1,,False,f3b35c8746e78403,mixed,frontal,0,0,Annotations/YOLO/IMG0002077.txt,mixed|no_fracture,False
fracatlas,fracatlas/FracAtlas,images/Non_fractured/IMG0002078.jpg,IMG0002078,no_fracture,g2052,train,none,2052,-1,,False,785b5849cccd9999,leg,frontal,0,0,Annotations/YOLO/IMG0002078.txt,leg|no_fracture,False
fracatlas,fracatlas/FracAtlas,images/Non_fractured/IMG0002079.jpg,IMG0002079,no_fracture,g2053,train,none,2053,-1,,False,91353425edcd6939,leg,oblique,0,0,Annotations/YOLO/IMG0002079.txt,leg|no_fracture,False
fracatlas,fracatlas/FracAtlas,images/Non_fractured/IMG0002080.jpg,IMG0002080,no_fracture,g2054,test,none,2054,-1,,True,9e99512619ee19e9,hip,frontal,0,0,Annotations/YOLO/IMG0002080.txt,hip|no_fracture,False
fracatlas,fracatlas/FracAtlas,images/Non_fractured/IMG0002081.jpg,IMG0002081,no_fracture,g2055,train,none,2055,-1,,False,9859196e1abe59a9,hip,frontal,0,0,Annotations/YOLO/IMG0002081.txt,hip|no_fracture,False
fracatlas,fracatlas/FracAtlas,images/Non_fractured/IMG0002082.jpg,IMG0002082,no_fracture,g2056,train,none,2056,-1,,False,c83bc879c879d919,leg,frontal,0,0,Annotations/YOLO/IMG0002082.txt,leg|no_fracture,False
fracatlas,fracatlas/FracAtlas,images/Non_fractured/IMG0002083.jpg,IMG0002083,no_fracture,g2057,train,none,2057,-1,,False,32264883bfac49fb,leg,lateral,0,0,Annotations/YOLO/IMG0002083.txt,leg|no_fracture,False
fracatlas,fracatlas/FracAtlas,images/Non_fractured/IMG0002084.jpg,IMG0002084,no_fracture,g2058,train,none,2058,-1,,False,78699c6559995aa9,hip,frontal,0,0,Annotations/YOLO/IMG0002084.txt,hip|no_fracture,False
fracatlas,fracatlas/FracAtlas,images/Fractured/IMG0002085.jpg,IMG0002085,fracture,g2059,test,train,2059,-1,,True,ca359a318cf13e33,hand,frontal,0,1,Annotations/YOLO/IMG0002085.txt,hand|fracture,False
fracatlas,fracatlas/FracAtlas,images/Fractured/IMG0002086.jpg,IMG0002086,fracture,g2060,train,train,2060,-1,,False,6aa56549929bb64d,hand,lateral,0,2,Annotations/YOLO/IMG0002086.txt,hand|fracture,False
fracatlas,fracatlas/FracAtlas,images/Non_fractured/IMG0002087.jpg,IMG0002087,no_fracture,g2061,train,none,2061,-1,,False,828dc2c762e7f233,hand,frontal,0,0,Annotations/YOLO/IMG0002087.txt,hand|no_fracture,False
fracatlas,fracatlas/FracAtlas,images/Non_fractured/IMG0002088.jpg,IMG0002088,no_fracture,g2062,val,none,2062,-1,,False,f5d5562ab2269549,hand,lateral,0,0,Annotations/YOLO/IMG0002088.txt,hand|no_fracture,False
fracatlas,fracatlas/FracAtlas,images/Non_fractured/IMG0002089.jpg,IMG0002089,no_fracture,g2063,train,none,2063,-1,,False,b0735949939939d9,leg,frontal,0,0,Annotations/YOLO/IMG0002089.txt,leg|no_fracture,False
fracatlas,fracatlas/FracAtlas,images/Non_fractured/IMG0002090.jpg,IMG0002090,no_fracture,g2064,train,none,2064,-1,,False,8ee271199e72a371,leg,lateral,0,0,Annotations/YOLO/IMG0002090.txt,leg|no_fracture,False
fracatlas,fracatlas/FracAtlas,images/Non_fractured/IMG0002091.jpg,IMG0002091,no_fracture,g2065,train,none,2065,-1,,False,69db193333394999,leg,frontal,0,0,Annotations/YOLO/IMG0002091.txt,leg|no_fracture,False
fracatlas,fracatlas/FracAtlas,images/Non_fractured/IMG0002092.jpg,IMG0002092,no_fracture,g2066,cal,none,2066,-1,,False,1a0cd9393a32f3f1,leg,lateral,0,0,Annotations/YOLO/IMG0002092.txt,leg|no_fracture,False
fracatlas,fracatlas/FracAtlas,images/Non_fractured/IMG0002095.jpg,IMG0002095,no_fracture,g2067,val,none,2067,-1,,False,206d20fdb6dfa849,leg,frontal,0,0,Annotations/YOLO/IMG0002095.txt,leg|no_fracture,False
fracatlas,fracatlas/FracAtlas,images/Non_fractured/IMG0002096.jpg,IMG0002096,no_fracture,g2068,test,none,2068,-1,,True,00063d1bb7ee69e9,leg,lateral,0,0,Annotations/YOLO/IMG0002096.txt,leg|no_fracture,False
fracatlas,fracatlas/FracAtlas,images/Non_fractured/IMG0002097.jpg,IMG0002097,no_fracture,g2069,train,none,2069,-1,,False,e635f23172713233,hand,frontal,0,0,Annotations/YOLO/IMG0002097.txt,hand|no_fracture,False
fracatlas,fracatlas/FracAtlas,images/Non_fractured/IMG0002098.jpg,IMG0002098,no_fracture,g2070,train,none,2070,-1,,False,cecda691c2637233,hand,oblique,0,0,Annotations/YOLO/IMG0002098.txt,hand|no_fracture,False
fracatlas,fracatlas/FracAtlas,images/Non_fractured/IMG0002099.jpg,IMG0002099,no_fracture,g2071,train,none,2071,-1,,False,8c4423b3e3e36373,hand,frontal,0,0,Annotations/YOLO/IMG0002099.txt,hand|no_fracture,False
fracatlas,fracatlas/FracAtlas,images/Non_fractured/IMG0002100.jpg,IMG0002100,no_fracture,g2072,train,none,2072,-1,,False,406363e3c3c7e363,hand,oblique,0,0,Annotations/YOLO/IMG0002100.txt,hand|no_fracture,False
fracatlas,fracatlas/FracAtlas,images/Non_fractured/IMG0002101.jpg,IMG0002101,no_fracture,g2073,train,none,2073,-1,,False,b26d6233326d6273,hand,frontal,0,0,Annotations/YOLO/IMG0002101.txt,hand|no_fracture,False
fracatlas,fracatlas/FracAtlas,images/Non_fractured/IMG0002102.jpg,IMG0002102,no_fracture,g2074,cal,none,2074,-1,,False,353535e531c57133,hand,lateral,0,0,Annotations/YOLO/IMG0002102.txt,hand|no_fracture,False
fracatlas,fracatlas/FracAtlas,images/Non_fractured/IMG0002103.jpg,IMG0002103,no_fracture,g2075,train,none,2075,-1,,False,667532f166653233,hand,frontal,0,0,Annotations/YOLO/IMG0002103.txt,hand|no_fracture,False
fracatlas,fracatlas/FracAtlas,images/Non_fractured/IMG0002104.jpg,IMG0002104,no_fracture,g2076,cal,none,2076,-1,,False,666dda9932653233,hand,lateral,0,0,Annotations/YOLO/IMG0002104.txt,hand|no_fracture,False
fracatlas,fracatlas/FracAtlas,images/Fractured/IMG0002105.jpg,IMG0002105,fracture,g2077,train,train,2077,-1,,False,6635927972373239,hand,frontal,0,1,Annotations/YOLO/IMG0002105.txt,hand|fracture,False
fracatlas,fracatlas/FracAtlas,images/Fractured/IMG0002106.jpg,IMG0002106,fracture,g2078,train,train,2078,-1,,False,66869b1b99673331,hand,oblique,0,1,Annotations/YOLO/IMG0002106.txt,hand|fracture,False
fracatlas,fracatlas/FracAtlas,images/Non_fractured/IMG0002107.jpg,IMG0002107,no_fracture,g2079,train,none,2079,-1,,False,7037715933335999,leg,frontal,0,0,Annotations/YOLO/IMG0002107.txt,leg|no_fracture,False
fracatlas,fracatlas/FracAtlas,images/Non_fractured/IMG0002108.jpg,IMG0002108,no_fracture,g2080,cal,none,2080,-1,,False,718ecef13916a351,leg,lateral,0,0,Annotations/YOLO/IMG0002108.txt,leg|no_fracture,False
fracatlas,fracatlas/FracAtlas,images/Non_fractured/IMG0002109.jpg,IMG0002109,no_fracture,g2081,train,none,2081,-1,,False,4a45294a6d6bcadd,hand,frontal,0,0,Annotations/YOLO/IMG0002109.txt,hand|no_fracture,False
fracatlas,fracatlas/FracAtlas,images/Non_fractured/IMG0002110.jpg,IMG0002110,no_fracture,g2082,val,none,2082,-1,,False,9d3d3c0d4cc5c4c7,hand,lateral,0,0,Annotations/YOLO/IMG0002110.txt,hand|no_fracture,False
fracatlas,fracatlas/FracAtlas,images/Non_fractured/IMG0002111.jpg,IMG0002111,no_fracture,g2083,train,none,2083,-1,,False,342f2d0f2f0ba34b,leg,frontal,0,0,Annotations/YOLO/IMG0002111.txt,leg|no_fracture,False
fracatlas,fracatlas/FracAtlas,images/Non_fractured/IMG0002112.jpg,IMG0002112,no_fracture,g2084,val,none,2084,-1,,False,8bc1e3636363331b,leg,frontal,0,0,Annotations/YOLO/IMG0002112.txt,leg|no_fracture,False
fracatlas,fracatlas/FracAtlas,images/Non_fractured/IMG0002113.jpg,IMG0002113,no_fracture,g2085,train,none,2085,-1,,False,1f0e0e8fc7c78313,leg,oblique,0,0,Annotations/YOLO/IMG0002113.txt,leg|no_fracture,False
fracatlas,fracatlas/FracAtlas,images/Non_fractured/IMG0002114.jpg,IMG0002114,no_fracture,g811,dropped,none,811,-1,duplicate_of:IMG0000820,False,999964c9996dc999,leg,frontal,0,0,Annotations/YOLO/IMG0002114.txt,leg|no_fracture,False
fracatlas,fracatlas/FracAtlas,images/Non_fractured/IMG0002115.jpg,IMG0002115,no_fracture,g2087,cal,none,2087,-1,,False,c94d52d9c9999999,leg,lateral,0,0,Annotations/YOLO/IMG0002115.txt,leg|no_fracture,False
fracatlas,fracatlas/FracAtlas,images/Non_fractured/IMG0002116.jpg,IMG0002116,no_fracture,g2088,train,none,2088,-1,,False,b1397d3d4147cd03,mixed,frontal,0,0,Annotations/YOLO/IMG0002116.txt,mixed|no_fracture,False
fracatlas,fracatlas/FracAtlas,images/Non_fractured/IMG0002117.jpg,IMG0002117,no_fracture,g2089,cal,none,2089,-1,,False,8106af75e22667c7,mixed,frontal,0,0,Annotations/YOLO/IMG0002117.txt,mixed|no_fracture,False
fracatlas,fracatlas/FracAtlas,images/Non_fractured/IMG0002118.jpg,IMG0002118,no_fracture,g2090,train,none,2090,-1,,False,5859e1b6c50d7699,mixed,frontal,0,0,Annotations/YOLO/IMG0002118.txt,mixed|no_fracture,False
fracatlas,fracatlas/FracAtlas,images/Non_fractured/IMG0002119.jpg,IMG0002119,no_fracture,g2091,train,none,2091,-1,,False,9c87a3e1a3e1e961,leg,lateral,0,0,Annotations/YOLO/IMG0002119.txt,leg|no_fracture,False
fracatlas,fracatlas/FracAtlas,images/Non_fractured/IMG0002120.jpg,IMG0002120,no_fracture,g2092,test,none,2092,-1,,True,c1d0b6fb91d85949,leg,lateral,0,0,Annotations/YOLO/IMG0002120.txt,leg|no_fracture,False
fracatlas,fracatlas/FracAtlas,images/Non_fractured/IMG0002121.jpg,IMG0002121,no_fracture,g2093,train,none,2093,-1,,False,0600a67f59bc49fb,leg,lateral,0,0,Annotations/YOLO/IMG0002121.txt,leg|no_fracture,False
fracatlas,fracatlas/FracAtlas,images/Fractured/IMG0002122.jpg,IMG0002122,fracture,g2094,cal,train,2094,-1,,False,b9b7e465410b09db,leg,frontal,0,1,Annotations/YOLO/IMG0002122.txt,leg|fracture,False
fracatlas,fracatlas/FracAtlas,images/Fractured/IMG0002123.jpg,IMG0002123,fracture,g2095,val,train,2095,-1,,False,5615b475a4e56c2d,leg,lateral,0,1,Annotations/YOLO/IMG0002123.txt,leg|fracture,False
fracatlas,fracatlas/FracAtlas,images/Non_fractured/IMG0002124.jpg,IMG0002124,no_fracture,g2096,train,none,2096,-1,,False,2bd172857369272d,leg,frontal,0,0,Annotations/YOLO/IMG0002124.txt,leg|no_fracture,False
fracatlas,fracatlas/FracAtlas,images/Non_fractured/IMG0002125.jpg,IMG0002125,no_fracture,g2097,train,none,2097,-1,,False,c53f8dc0a717cc83,mixed,frontal,0,0,Annotations/YOLO/IMG0002125.txt,mixed|no_fracture,False
fracatlas,fracatlas/FracAtlas,images/Fractured/IMG0002126.jpg,IMG0002126,fracture,g2098,train,train,2098,-1,,False,cc991279cecd9a91,hand,frontal,0,1,Annotations/YOLO/IMG0002126.txt,hand|fracture,False
fracatlas,fracatlas/FracAtlas,images/Fractured/IMG0002127.jpg,IMG0002127,fracture,g2099,test,train,2099,-1,,True,4aa51ad96665d8d9,hand,lateral,0,1,Annotations/YOLO/IMG0002127.txt,hand|fracture,False
fracatlas,fracatlas/FracAtlas,images/Non_fractured/IMG0002128.jpg,IMG0002128,no_fracture,g2100,test,none,2100,-1,,True,069b7b0c4fe78c13,mixed,frontal,0,0,Annotations/YOLO/IMG0002128.txt,mixed|no_fracture,False
fracatlas,fracatlas/FracAtlas,images/Non_fractured/IMG0002129.jpg,IMG0002129,no_fracture,g2101,cal,none,2101,-1,,False,daf1723362339899,leg,frontal,0,0,Annotations/YOLO/IMG0002129.txt,leg|no_fracture,False
fracatlas,fracatlas/FracAtlas,images/Non_fractured/IMG0002130.jpg,IMG0002130,no_fracture,g651,dropped,none,651,-1,duplicate_of:IMG0000660,False,181b1e8fc6c7c333,leg,oblique,0,0,Annotations/YOLO/IMG0002130.txt,leg|no_fracture,False
fracatlas,fracatlas/FracAtlas,images/Non_fractured/IMG0002131.jpg,IMG0002131,no_fracture,g2103,train,none,2103,-1,,False,626233b363673333,hand,frontal,0,0,Annotations/YOLO/IMG0002131.txt,hand|no_fracture,False
fracatlas,fracatlas/FracAtlas,images/Non_fractured/IMG0002132.jpg,IMG0002132,no_fracture,g2104,test,none,2104,-1,,True,223333b366673333,hand,oblique,0,0,Annotations/YOLO/IMG0002132.txt,hand|no_fracture,False
fracatlas,fracatlas/FracAtlas,images/Non_fractured/IMG0002133.jpg,IMG0002133,no_fracture,g2105,train,none,2105,-1,,False,a8d14a2ff69b420f,leg,frontal,0,0,Annotations/YOLO/IMG0002133.txt,leg|no_fracture,False
fracatlas,fracatlas/FracAtlas,images/Non_fractured/IMG0002134.jpg,IMG0002134,no_fracture,g313,dropped,none,313,-1,duplicate_of:IMG0000314,False,3839686d4ccdd999,leg,frontal,0,0,Annotations/YOLO/IMG0002134.txt,leg|no_fracture,False
fracatlas,fracatlas/FracAtlas,images/Non_fractured/IMG0002135.jpg,IMG0002135,no_fracture,g432,dropped,none,432,-1,duplicate_of:IMG0000434,False,bbb524256c6d4999,leg,oblique,0,0,Annotations/YOLO/IMG0002135.txt,leg|no_fracture,False
fracatlas,fracatlas/FracAtlas,images/Non_fractured/IMG0002136.jpg,IMG0002136,no_fracture,g2108,cal,none,2108,-1,,False,187fc807c87f490f,hand,frontal,0,0,Annotations/YOLO/IMG0002136.txt,hand|no_fracture,False
fracatlas,fracatlas/FracAtlas,images/Non_fractured/IMG0002137.jpg,IMG0002137,no_fracture,g2109,train,none,2109,-1,,False,8ce3e1e3a361ab61,leg,frontal,0,0,Annotations/YOLO/IMG0002137.txt,leg|no_fracture,False
fracatlas,fracatlas/FracAtlas,images/Non_fractured/IMG0002138.jpg,IMG0002138,no_fracture,g2110,train,none,2110,-1,,False,741bad73191c7351,leg,lateral,0,0,Annotations/YOLO/IMG0002138.txt,leg|no_fracture,False
fracatlas,fracatlas/FracAtlas,images/Non_fractured/IMG0002139.jpg,IMG0002139,no_fracture,g2111,train,none,2111,-1,,False,1e210e19027fbafb,leg,lateral,0,0,Annotations/YOLO/IMG0002139.txt,leg|no_fracture,False
fracatlas,fracatlas/FracAtlas,images/Non_fractured/IMG0002140.jpg,IMG0002140,no_fracture,g2112,train,none,2112,-1,,False,1f0f17071b8363b3,leg,frontal,0,0,Annotations/YOLO/IMG0002140.txt,leg|no_fracture,False
fracatlas,fracatlas/FracAtlas,images/Non_fractured/IMG0002141.jpg,IMG0002141,no_fracture,g2113,cal,none,2113,-1,,False,270f1b83a7939393,leg,lateral,0,0,Annotations/YOLO/IMG0002141.txt,leg|no_fracture,False
fracatlas,fracatlas/FracAtlas,images/Non_fractured/IMG0002142.jpg,IMG0002142,no_fracture,g2114,train,none,2114,-1,,False,65cdd97161499933,leg,frontal,0,0,Annotations/YOLO/IMG0002142.txt,leg|no_fracture,False
fracatlas,fracatlas/FracAtlas,images/Non_fractured/IMG0002143.jpg,IMG0002143,no_fracture,g2115,train,none,2115,-1,,False,84f9bf23199c4969,leg,lateral,0,0,Annotations/YOLO/IMG0002143.txt,leg|no_fracture,False
fracatlas,fracatlas/FracAtlas,images/Non_fractured/IMG0002144.jpg,IMG0002144,no_fracture,g2116,train,none,2116,-1,,False,61717169d9715999,leg,frontal,0,0,Annotations/YOLO/IMG0002144.txt,leg|no_fracture,False
fracatlas,fracatlas/FracAtlas,images/Non_fractured/IMG0002145.jpg,IMG0002145,no_fracture,g2117,train,none,2117,-1,,False,3c6e43131858d9fb,leg,lateral,0,0,Annotations/YOLO/IMG0002145.txt,leg|no_fracture,False
fracatlas,fracatlas/FracAtlas,images/Non_fractured/IMG0002146.jpg,IMG0002146,no_fracture,g447,dropped,none,447,-1,duplicate_of:IMG0000451,False,b29964b699663399,leg,frontal,0,0,Annotations/YOLO/IMG0002146.txt,leg|no_fracture,False
fracatlas,fracatlas/FracAtlas,images/Non_fractured/IMG0002147.jpg,IMG0002147,no_fracture,g2119,val,none,2119,-1,,False,638db2c761333339,leg,lateral,0,0,Annotations/YOLO/IMG0002147.txt,leg|no_fracture,False
fracatlas,fracatlas/FracAtlas,images/Fractured/IMG0002148.jpg,IMG0002148,fracture,g2120,test,train,2120,-1,,True,65692499d9667333,hand,frontal,0,1,Annotations/YOLO/IMG0002148.txt,hand|fracture,False
fracatlas,fracatlas/FracAtlas,images/Non_fractured/IMG0002150.jpg,IMG0002150,no_fracture,g2121,train,none,2121,-1,,False,fc33313331333333,hand,frontal,0,0,Annotations/YOLO/IMG0002150.txt,hand|no_fracture,False
fracatlas,fracatlas/FracAtlas,images/Non_fractured/IMG0002151.jpg,IMG0002151,no_fracture,g2122,train,none,2122,-1,,False,b41749d99036d9d9,hand,lateral,0,0,Annotations/YOLO/IMG0002151.txt,hand|no_fracture,False
fracatlas,fracatlas/FracAtlas,images/Non_fractured/IMG0002152.jpg,IMG0002152,no_fracture,g2123,val,none,2123,-1,,False,c826339b33373333,hand,frontal,0,0,Annotations/YOLO/IMG0002152.txt,hand|no_fracture,False
fracatlas,fracatlas/FracAtlas,images/Non_fractured/IMG0002153.jpg,IMG0002153,no_fracture,g2124,train,none,2124,-1,,False,323d707362373333,hand,frontal,0,0,Annotations/YOLO/IMG0002153.txt,hand|no_fracture,False
fracatlas,fracatlas/FracAtlas,images/Non_fractured/IMG0002154.jpg,IMG0002154,no_fracture,g2125,cal,none,2125,-1,,False,203033d3c6e77373,hand,oblique,0,0,Annotations/YOLO/IMG0002154.txt,hand|no_fracture,False
fracatlas,fracatlas/FracAtlas,images/Non_fractured/IMG0002155.jpg,IMG0002155,no_fracture,g2126,val,none,2126,-1,,False,968e1d61a5e5ab61,leg,frontal,0,0,Annotations/YOLO/IMG0002155.txt,leg|no_fracture,False
fracatlas,fracatlas/FracAtlas,images/Non_fractured/IMG0002156.jpg,IMG0002156,no_fracture,g2127,train,none,2127,-1,,False,60889999c9cfd9d9,hand,frontal,0,0,Annotations/YOLO/IMG0002156.txt,hand|no_fracture,False
fracatlas,fracatlas/FracAtlas,images/Non_fractured/IMG0002157.jpg,IMG0002157,no_fracture,g2128,val,none,2128,-1,,False,66659ad94a25d8d9,hand,lateral,0,0,Annotations/YOLO/IMG0002157.txt,hand|no_fracture,False
fracatlas,fracatlas/FracAtlas,images/Non_fractured/IMG0002158.jpg,IMG0002158,no_fracture,g2129,cal,none,2129,-1,,False,c26532f3c2e56273,hand,frontal,0,0,Annotations/YOLO/IMG0002158.txt,hand|no_fracture,False
fracatlas,fracatlas/FracAtlas,images/Non_fractured/IMG0002159.jpg,IMG0002159,no_fracture,g2130,train,none,2130,-1,,False,326dce9932cd3233,hand,lateral,0,0,Annotations/YOLO/IMG0002159.txt,hand|no_fracture,False
fracatlas,fracatlas/FracAtlas,images/Non_fractured/IMG0002160.jpg,IMG0002160,no_fracture,g2131,val,none,2131,-1,,False,99669946b6d924d9,leg,frontal,0,0,Annotations/YOLO/IMG0002160.txt,leg|no_fracture,False
fracatlas,fracatlas/FracAtlas,images/Non_fractured/IMG0002161.jpg,IMG0002161,no_fracture,g2132,cal,none,2132,-1,,False,d249a4d2696dd999,leg,lateral,0,0,Annotations/YOLO/IMG0002161.txt,leg|no_fracture,False
fracatlas,fracatlas/FracAtlas,images/Non_fractured/IMG0002162.jpg,IMG0002162,no_fracture,g2133,train,none,2133,-1,,False,9629b449e6ed6949,leg,lateral,0,0,Annotations/YOLO/IMG0002162.txt,leg|no_fracture,False
fracatlas,fracatlas/FracAtlas,images/Non_fractured/IMG0002163.jpg,IMG0002163,no_fracture,g2134,train,none,2134,-1,,False,609359db33335999,leg,frontal,0,0,Annotations/YOLO/IMG0002163.txt,leg|no_fracture,False
fracatlas,fracatlas/FracAtlas,images/Non_fractured/IMG0002164.jpg,IMG0002164,no_fracture,g2135,train,none,2135,-1,,False,613a4cc1b91ee3e3,leg,lateral,0,0,Annotations/YOLO/IMG0002164.txt,leg|no_fracture,False
fracatlas,fracatlas/FracAtlas,images/Non_fractured/IMG0002167.jpg,IMG0002167,no_fracture,g2136,train,none,2136,-1,,False,f9b1b13139339199,hand,frontal,0,0,Annotations/YOLO/IMG0002167.txt,hand|no_fracture,False
fracatlas,fracatlas/FracAtlas,images/Non_fractured/IMG0002168.jpg,IMG0002168,no_fracture,g2137,val,none,2137,-1,,False,3167c49133e76333,hand,lateral,0,0,Annotations/YOLO/IMG0002168.txt,hand|no_fracture,False
fracatlas,fracatlas/FracAtlas,images/Non_fractured/IMG0002169.jpg,IMG0002169,no_fracture,g2138,train,none,2138,-1,,False,2af926adcc5cb229,mixed,frontal,0,0,Annotations/YOLO/IMG0002169.txt,mixed|no_fracture,False
fracatlas,fracatlas/FracAtlas,images/Non_fractured/IMG0002170.jpg,IMG0002170,no_fracture,g756,dropped,none,756,-1,duplicate_of:IMG0000765,False,909b649f99669999,leg,frontal,0,0,Annotations/YOLO/IMG0002170.txt,leg|no_fracture,False
fracatlas,fracatlas/FracAtlas,images/Non_fractured/IMG0002171.jpg,IMG0002171,no_fracture,g2140,train,none,2140,-1,,False,d25766c561e5b131,leg,lateral,0,0,Annotations/YOLO/IMG0002171.txt,leg|no_fracture,False
fracatlas,fracatlas/FracAtlas,images/Non_fractured/IMG0002172.jpg,IMG0002172,no_fracture,g2141,train,none,2141,-1,,False,038f8d79871fe107,leg,frontal,0,0,Annotations/YOLO/IMG0002172.txt,leg|no_fracture,False
fracatlas,fracatlas/FracAtlas,images/Non_fractured/IMG0002173.jpg,IMG0002173,no_fracture,g2142,train,none,2142,-1,,False,caaf522f42a5532b,mixed,frontal,0,0,Annotations/YOLO/IMG0002173.txt,mixed|no_fracture,False
fracatlas,fracatlas/FracAtlas,images/Non_fractured/IMG0002174.jpg,IMG0002174,no_fracture,g2143,cal,none,2143,-1,,False,22e53b85e339072f,leg,frontal,0,0,Annotations/YOLO/IMG0002174.txt,leg|no_fracture,False
fracatlas,fracatlas/FracAtlas,images/Non_fractured/IMG0002175.jpg,IMG0002175,no_fracture,g2144,train,none,2144,-1,,False,1e535e455dc589b1,leg,frontal,0,0,Annotations/YOLO/IMG0002175.txt,leg|no_fracture,False
fracatlas,fracatlas/FracAtlas,images/Non_fractured/IMG0002176.jpg,IMG0002176,no_fracture,g2145,train,none,2145,-1,,False,9597c9c94b2cb1c3,mixed,frontal,0,0,Annotations/YOLO/IMG0002176.txt,mixed|no_fracture,False
fracatlas,fracatlas/FracAtlas,images/Non_fractured/IMG0002177.jpg,IMG0002177,no_fracture,g2146,test,none,2146,-1,,True,17a51ac3bcc398b3,hand,frontal,0,0,Annotations/YOLO/IMG0002177.txt,hand|no_fracture,False
fracatlas,fracatlas/FracAtlas,images/Non_fractured/IMG0002178.jpg,IMG0002178,no_fracture,g2147,train,none,2147,-1,,False,da6951a1f31ef881,hip,frontal,0,0,Annotations/YOLO/IMG0002178.txt,hip|no_fracture,False
fracatlas,fracatlas/FracAtlas,images/Non_fractured/IMG0002179.jpg,IMG0002179,no_fracture,g2148,val,none,2148,-1,,False,79d3536971c70781,leg,lateral,0,0,Annotations/YOLO/IMG0002179.txt,leg|no_fracture,False
fracatlas,fracatlas/FracAtlas,images/Fractured/IMG0002180.jpg,IMG0002180,fracture,g2149,val,train,2149,-1,,False,5ac5f8f91a90f903,hip,frontal,0,1,Annotations/YOLO/IMG0002180.txt,hip|fracture,False
fracatlas,fracatlas/FracAtlas,images/Fractured/IMG0002181.jpg,IMG0002181,fracture,g2150,train,train,2150,-1,,False,0d8d599d2dd9f409,hand,frontal,0,2,Annotations/YOLO/IMG0002181.txt,hand|fracture,False
fracatlas,fracatlas/FracAtlas,images/Non_fractured/IMG0002182.jpg,IMG0002182,no_fracture,g2151,cal,none,2151,-1,,False,59e263a7a45ac3c3,leg,frontal,0,0,Annotations/YOLO/IMG0002182.txt,leg|no_fracture,False
fracatlas,fracatlas/FracAtlas,images/Non_fractured/IMG0002183.jpg,IMG0002183,no_fracture,g2152,cal,none,2152,-1,,False,19b7914b9d174d07,leg,frontal,0,0,Annotations/YOLO/IMG0002183.txt,leg|no_fracture,False
fracatlas,fracatlas/FracAtlas,images/Non_fractured/IMG0002184.jpg,IMG0002184,no_fracture,g2153,train,none,2153,-1,,False,270f2e43275963ad,leg,frontal,0,0,Annotations/YOLO/IMG0002184.txt,leg|no_fracture,False
fracatlas,fracatlas/FracAtlas,images/Non_fractured/IMG0002185.jpg,IMG0002185,no_fracture,g2154,cal,none,2154,-1,,False,734942cdb8ed2c39,leg,frontal,0,0,Annotations/YOLO/IMG0002185.txt,leg|no_fracture,False
fracatlas,fracatlas/FracAtlas,images/Non_fractured/IMG0002186.jpg,IMG0002186,no_fracture,g2155,val,none,2155,-1,,False,3e9527cb5a1ba509,leg,frontal,0,0,Annotations/YOLO/IMG0002186.txt,leg|no_fracture,False
fracatlas,fracatlas/FracAtlas,images/Non_fractured/IMG0002187.jpg,IMG0002187,no_fracture,g2156,train,none,2156,-1,,False,966b34cba897e40d,leg,frontal,0,0,Annotations/YOLO/IMG0002187.txt,leg|no_fracture,False
fracatlas,fracatlas/FracAtlas,images/Non_fractured/IMG0002188.jpg,IMG0002188,no_fracture,g2157,train,none,2157,-1,,False,a719ae8107d94bad,leg,frontal,0,0,Annotations/YOLO/IMG0002188.txt,leg|no_fracture,False
fracatlas,fracatlas/FracAtlas,images/Non_fractured/IMG0002189.jpg,IMG0002189,no_fracture,g2158,val,none,2158,-1,,False,70398ee3f0c9472b,hand,frontal,0,0,Annotations/YOLO/IMG0002189.txt,hand|no_fracture,False
fracatlas,fracatlas/FracAtlas,images/Non_fractured/IMG0002190.jpg,IMG0002190,no_fracture,g2159,cal,none,2159,-1,,False,f29552a9b513e90d,leg,frontal,0,0,Annotations/YOLO/IMG0002190.txt,leg|no_fracture,False
fracatlas,fracatlas/FracAtlas,images/Non_fractured/IMG0002191.jpg,IMG0002191,no_fracture,g2160,cal,none,2160,-1,,False,a4970827f4773d07,leg,frontal,0,0,Annotations/YOLO/IMG0002191.txt,leg|no_fracture,False
fracatlas,fracatlas/FracAtlas,images/Non_fractured/IMG0002192.jpg,IMG0002192,no_fracture,g2161,train,none,2161,-1,,False,e51f7e0907ad23a1,leg,frontal,0,0,Annotations/YOLO/IMG0002192.txt,leg|no_fracture,False
fracatlas,fracatlas/FracAtlas,images/Non_fractured/IMG0002193.jpg,IMG0002193,no_fracture,g2162,train,none,2162,-1,,False,47053333674dd999,hand,frontal,0,0,Annotations/YOLO/IMG0002193.txt,hand|no_fracture,False
fracatlas,fracatlas/FracAtlas,images/Non_fractured/IMG0002194.jpg,IMG0002194,no_fracture,g2163,train,none,2163,-1,,False,66d9b465c8f3a483,hand,frontal,0,0,Annotations/YOLO/IMG0002194.txt,hand|no_fracture,False
fracatlas,fracatlas/FracAtlas,images/Non_fractured/IMG0002195.jpg,IMG0002195,no_fracture,g2164,cal,none,2164,-1,,False,ec1b5837d9630d83,leg,frontal,0,0,Annotations/YOLO/IMG0002195.txt,leg|no_fracture,False
fracatlas,fracatlas/FracAtlas,images/Non_fractured/IMG0002196.jpg,IMG0002196,no_fracture,g2165,train,none,2165,-1,,False,3935192d1b8dc763,leg,lateral,0,0,Annotations/YOLO/IMG0002196.txt,leg|no_fracture,False
fracatlas,fracatlas/FracAtlas,images/Non_fractured/IMG0002197.jpg,IMG0002197,no_fracture,g2166,val,none,2166,-1,,False,ae340ef13ef1c20b,hip,frontal,0,0,Annotations/YOLO/IMG0002197.txt,hip|no_fracture,False
fracatlas,fracatlas/FracAtlas,images/Non_fractured/IMG0002198.jpg,IMG0002198,no_fracture,g2167,val,none,2167,-1,,False,ce196eac98f84669,mixed,frontal,0,0,Annotations/YOLO/IMG0002198.txt,mixed|no_fracture,False
fracatlas,fracatlas/FracAtlas,images/Non_fractured/IMG0002199.jpg,IMG0002199,no_fracture,g2168,val,none,2168,-1,,False,43aa954be11c6be3,leg,frontal,0,0,Annotations/YOLO/IMG0002199.txt,leg|no_fracture,False
fracatlas,fracatlas/FracAtlas,images/Non_fractured/IMG0002200.jpg,IMG0002200,no_fracture,g2169,test,none,2169,-1,,True,9876c92749fa2c0f,leg,frontal,0,0,Annotations/YOLO/IMG0002200.txt,leg|no_fracture,False
fracatlas,fracatlas/FracAtlas,images/Non_fractured/IMG0002201.jpg,IMG0002201,no_fracture,g2170,train,none,2170,-1,,False,0f3cc787077883cd,leg,frontal,0,0,Annotations/YOLO/IMG0002201.txt,leg|no_fracture,False
fracatlas,fracatlas/FracAtlas,images/Non_fractured/IMG0002202.jpg,IMG0002202,no_fracture,g2171,train,none,2171,-1,,False,f075178dc1690f4d,leg,lateral,0,0,Annotations/YOLO/IMG0002202.txt,leg|no_fracture,False
fracatlas,fracatlas/FracAtlas,images/Non_fractured/IMG0002203.jpg,IMG0002203,no_fracture,g2172,train,none,2172,-1,,False,f833e2c786fd2029,leg,frontal,0,0,Annotations/YOLO/IMG0002203.txt,leg|no_fracture,False
fracatlas,fracatlas/FracAtlas,images/Non_fractured/IMG0002204.jpg,IMG0002204,no_fracture,g2173,val,none,2173,-1,,False,c237cab54ed3320b,leg,frontal,0,0,Annotations/YOLO/IMG0002204.txt,leg|no_fracture,False
fracatlas,fracatlas/FracAtlas,images/Non_fractured/IMG0002205.jpg,IMG0002205,no_fracture,g2174,train,none,2174,-1,,False,ec139ca7c43b2d83,hand,frontal,0,0,Annotations/YOLO/IMG0002205.txt,hand|no_fracture,False
fracatlas,fracatlas/FracAtlas,images/Non_fractured/IMG0002206.jpg,IMG0002206,no_fracture,g2175,cal,none,2175,-1,,False,b4d74805555bcd0f,leg,frontal,0,0,Annotations/YOLO/IMG0002206.txt,leg|no_fracture,False
fracatlas,fracatlas/FracAtlas,images/Non_fractured/IMG0002207.jpg,IMG0002207,no_fracture,g2176,val,none,2176,-1,,False,676ba389e9299329,leg,frontal,0,0,Annotations/YOLO/IMG0002207.txt,leg|no_fracture,False
fracatlas,fracatlas/FracAtlas,images/Fractured/IMG0002208.jpg,IMG0002208,fracture,g2177,test,train,2177,-1,,True,130d335d2fd1e3a1,hand,frontal,0,2,Annotations/YOLO/IMG0002208.txt,hand|fracture,False
fracatlas,fracatlas/FracAtlas,images/Non_fractured/IMG0002209.jpg,IMG0002209,no_fracture,g2178,train,none,2178,-1,,False,82591aa54bde4f1b,hand,frontal,0,0,Annotations/YOLO/IMG0002209.txt,hand|no_fracture,False
fracatlas,fracatlas/FracAtlas,images/Non_fractured/IMG0002210.jpg,IMG0002210,no_fracture,g2179,train,none,2179,-1,,False,4e9bac2cb89946e9,mixed,frontal,0,0,Annotations/YOLO/IMG0002210.txt,mixed|no_fracture,False
fracatlas,fracatlas/FracAtlas,images/Non_fractured/IMG0002211.jpg,IMG0002211,no_fracture,g2180,train,none,2180,-1,,False,c01bbcc1367967a5,leg,frontal,0,0,Annotations/YOLO/IMG0002211.txt,leg|no_fracture,False
fracatlas,fracatlas/FracAtlas,images/Non_fractured/IMG0002212.jpg,IMG0002212,no_fracture,g2181,test,none,2181,-1,,True,7a692e3d72716321,hand,frontal,0,0,Annotations/YOLO/IMG0002212.txt,hand|no_fracture,False
fracatlas,fracatlas/FracAtlas,images/Non_fractured/IMG0002213.jpg,IMG0002213,no_fracture,g2182,train,none,2182,-1,,False,2e73a2473631e6a5,leg,frontal,0,0,Annotations/YOLO/IMG0002213.txt,leg|no_fracture,False
fracatlas,fracatlas/FracAtlas,images/Non_fractured/IMG0002214.jpg,IMG0002214,no_fracture,g2183,train,none,2183,-1,,False,9c9390d39ad96a99,leg,lateral,0,0,Annotations/YOLO/IMG0002214.txt,leg|no_fracture,False
fracatlas,fracatlas/FracAtlas,images/Non_fractured/IMG0002215.jpg,IMG0002215,no_fracture,g2184,train,none,2184,-1,,False,b0c16365f27f0713,leg,frontal,0,0,Annotations/YOLO/IMG0002215.txt,leg|no_fracture,False
fracatlas,fracatlas/FracAtlas,images/Non_fractured/IMG0002216.jpg,IMG0002216,no_fracture,g2185,train,none,2185,-1,,False,fccdc4043636dcc3,mixed,frontal,0,0,Annotations/YOLO/IMG0002216.txt,mixed|no_fracture,False
fracatlas,fracatlas/FracAtlas,images/Non_fractured/IMG0002217.jpg,IMG0002217,no_fracture,g2186,train,none,2186,-1,,False,19f185f981792d0f,leg,lateral,0,0,Annotations/YOLO/IMG0002217.txt,leg|no_fracture,False
fracatlas,fracatlas/FracAtlas,images/Non_fractured/IMG0002218.jpg,IMG0002218,no_fracture,g2187,train,none,2187,-1,,False,2cf95ea34c1f0b0b,hand,frontal,0,0,Annotations/YOLO/IMG0002218.txt,hand|no_fracture,False
fracatlas,fracatlas/FracAtlas,images/Non_fractured/IMG0002219.jpg,IMG0002219,no_fracture,g2188,train,none,2188,-1,,False,02adf0d7acb1a6a5,hand,frontal,0,0,Annotations/YOLO/IMG0002219.txt,hand|no_fracture,False
fracatlas,fracatlas/FracAtlas,images/Non_fractured/IMG0002220.jpg,IMG0002220,no_fracture,g2189,train,none,2189,-1,,False,5051d0f32cb7ad0f,leg,frontal,0,0,Annotations/YOLO/IMG0002220.txt,leg|no_fracture,False
fracatlas,fracatlas/FracAtlas,images/Non_fractured/IMG0002221.jpg,IMG0002221,no_fracture,g2190,train,none,2190,-1,,False,d4f19c87c14d8f29,leg,frontal,0,0,Annotations/YOLO/IMG0002221.txt,leg|no_fracture,False
fracatlas,fracatlas/FracAtlas,images/Non_fractured/IMG0002222.jpg,IMG0002222,no_fracture,g2191,val,none,2191,-1,,False,51c961e537c73b03,leg,frontal,0,0,Annotations/YOLO/IMG0002222.txt,leg|no_fracture,False
fracatlas,fracatlas/FracAtlas,images/Non_fractured/IMG0002223.jpg,IMG0002223,no_fracture,g2192,train,none,2192,-1,,False,2d9552a57af45a85,hand,frontal,0,0,Annotations/YOLO/IMG0002223.txt,hand|no_fracture,False
fracatlas,fracatlas/FracAtlas,images/Non_fractured/IMG0002224.jpg,IMG0002224,no_fracture,g2193,test,none,2193,-1,,True,d2cd6275321dcca3,mixed,frontal,0,0,Annotations/YOLO/IMG0002224.txt,mixed|no_fracture,False
fracatlas,fracatlas/FracAtlas,images/Fractured/IMG0002225.jpg,IMG0002225,fracture,g2194,test,train,2194,-1,,True,a6610ee9e74b2783,hand,frontal,0,2,Annotations/YOLO/IMG0002225.txt,hand|fracture,False
fracatlas,fracatlas/FracAtlas,images/Non_fractured/IMG0002226.jpg,IMG0002226,no_fracture,g2195,train,none,2195,-1,,False,6c555a5db4372c07,hand,frontal,0,0,Annotations/YOLO/IMG0002226.txt,hand|no_fracture,False
fracatlas,fracatlas/FracAtlas,images/Non_fractured/IMG0002227.jpg,IMG0002227,no_fracture,g2196,cal,none,2196,-1,,False,f26372b78313c383,leg,frontal,0,0,Annotations/YOLO/IMG0002227.txt,leg|no_fracture,False
fracatlas,fracatlas/FracAtlas,images/Non_fractured/IMG0002228.jpg,IMG0002228,no_fracture,g2197,train,none,2197,-1,,False,39797859716961a5,leg,frontal,0,0,Annotations/YOLO/IMG0002228.txt,leg|no_fracture,False
fracatlas,fracatlas/FracAtlas,images/Non_fractured/IMG0002229.jpg,IMG0002229,no_fracture,g2198,train,none,2198,-1,,False,a9f502ed1cb3c907,leg,frontal,0,0,Annotations/YOLO/IMG0002229.txt,leg|no_fracture,False
fracatlas,fracatlas/FracAtlas,images/Non_fractured/IMG0002230.jpg,IMG0002230,no_fracture,g2199,val,none,2199,-1,,False,10070867bc7f2f3b,hand,frontal,0,0,Annotations/YOLO/IMG0002230.txt,hand|no_fracture,False
fracatlas,fracatlas/FracAtlas,images/Non_fractured/IMG0002231.jpg,IMG0002231,no_fracture,g2200,val,none,2200,-1,,False,81b9d97d2c17070f,leg,frontal,0,0,Annotations/YOLO/IMG0002231.txt,leg|no_fracture,False
fracatlas,fracatlas/FracAtlas,images/Non_fractured/IMG0002232.jpg,IMG0002232,no_fracture,g2201,train,none,2201,-1,,False,0f1d391d8d8d6363,leg,frontal,0,0,Annotations/YOLO/IMG0002232.txt,leg|no_fracture,False
fracatlas,fracatlas/FracAtlas,images/Non_fractured/IMG0002233.jpg,IMG0002233,no_fracture,g2202,train,none,2202,-1,,False,3778c9cd8eb05949,leg,frontal,0,0,Annotations/YOLO/IMG0002233.txt,leg|no_fracture,False
fracatlas,fracatlas/FracAtlas,images/Non_fractured/IMG0002234.jpg,IMG0002234,no_fracture,g2203,test,none,2203,-1,,True,50c1d2c3f2f3c9c9,leg,lateral,0,0,Annotations/YOLO/IMG0002234.txt,leg|no_fracture,False
fracatlas,fracatlas/FracAtlas,images/Non_fractured/IMG0002235.jpg,IMG0002235,no_fracture,g2204,cal,none,2204,-1,,False,84f19c87b1d9cd29,leg,frontal,0,0,Annotations/YOLO/IMG0002235.txt,leg|no_fracture,False
fracatlas,fracatlas/FracAtlas,images/Non_fractured/IMG0002236.jpg,IMG0002236,no_fracture,g2205,test,none,2205,-1,,True,bcb1d54e09b84e69,shoulder,frontal,0,0,Annotations/YOLO/IMG0002236.txt,shoulder|no_fracture,False
fracatlas,fracatlas/FracAtlas,images/Non_fractured/IMG0002237.jpg,IMG0002237,no_fracture,g2206,train,none,2206,-1,,False,59515b4e9cb84e69,mixed,frontal,0,0,Annotations/YOLO/IMG0002237.txt,mixed|no_fracture,False
fracatlas,fracatlas/FracAtlas,images/Non_fractured/IMG0002238.jpg,IMG0002238,no_fracture,g2207,train,none,2207,-1,,False,530d3a25573567a5,leg,frontal,0,0,Annotations/YOLO/IMG0002238.txt,leg|no_fracture,False
fracatlas,fracatlas/FracAtlas,images/Non_fractured/IMG0002239.jpg,IMG0002239,no_fracture,g2208,train,none,2208,-1,,False,d0c76c2db8f1ac29,leg,frontal,0,0,Annotations/YOLO/IMG0002239.txt,leg|no_fracture,False
fracatlas,fracatlas/FracAtlas,images/Non_fractured/IMG0002240.jpg,IMG0002240,no_fracture,g2209,cal,none,2209,-1,,False,c2a3c26b7c53c0e7,leg,lateral,0,0,Annotations/YOLO/IMG0002240.txt,leg|no_fracture,False
fracatlas,fracatlas/FracAtlas,images/Non_fractured/IMG0002241.jpg,IMG0002241,no_fracture,g2210,train,none,2210,-1,,False,010c730d6f5b9b3b,leg,frontal,0,0,Annotations/YOLO/IMG0002241.txt,leg|no_fracture,False
fracatlas,fracatlas/FracAtlas,images/Non_fractured/IMG0002242.jpg,IMG0002242,no_fracture,g2211,train,none,2211,-1,,False,27c9c4790c7bd4a5,hand,frontal,0,0,Annotations/YOLO/IMG0002242.txt,hand|no_fracture,False
fracatlas,fracatlas/FracAtlas,images/Non_fractured/IMG0002243.jpg,IMG0002243,no_fracture,g2212,train,none,2212,-1,,False,4631dcc7728dc655,leg,lateral,0,0,Annotations/YOLO/IMG0002243.txt,leg|no_fracture,False
fracatlas,fracatlas/FracAtlas,images/Non_fractured/IMG0002244.jpg,IMG0002244,no_fracture,g2213,val,none,2213,-1,,False,818b2b4fa56ad32b,hip,frontal,0,0,Annotations/YOLO/IMG0002244.txt,hip|no_fracture,False
fracatlas,fracatlas/FracAtlas,images/Non_fractured/IMG0002245.jpg,IMG0002245,no_fracture,g2214,train,none,2214,-1,,False,2e7162cfb661232d,leg,frontal,0,0,Annotations/YOLO/IMG0002245.txt,leg|no_fracture,False
fracatlas,fracatlas/FracAtlas,images/Non_fractured/IMG0002246.jpg,IMG0002246,no_fracture,g2215,train,none,2215,-1,,False,8dbf4d0df4a5030b,hip,frontal,0,0,Annotations/YOLO/IMG0002246.txt,hip|no_fracture,False
fracatlas,fracatlas/FracAtlas,images/Non_fractured/IMG0002247.jpg,IMG0002247,no_fracture,g2216,cal,none,2216,-1,,False,52ed368b6c17450f,leg,frontal,0,0,Annotations/YOLO/IMG0002247.txt,leg|no_fracture,False
fracatlas,fracatlas/FracAtlas,images/Non_fractured/IMG0002248.jpg,IMG0002248,no_fracture,g2217,test,none,2217,-1,,True,b30f033b0beb434b,hip,frontal,0,0,Annotations/YOLO/IMG0002248.txt,hip|no_fracture,False
fracatlas,fracatlas/FracAtlas,images/Non_fractured/IMG0002249.jpg,IMG0002249,no_fracture,g2218,train,none,2218,-1,,False,b4e58617763172a5,leg,frontal,0,0,Annotations/YOLO/IMG0002249.txt,leg|no_fracture,False
fracatlas,fracatlas/FracAtlas,images/Non_fractured/IMG0002250.jpg,IMG0002250,no_fracture,g2219,train,none,2219,-1,,False,100169e95ede6f4d,leg,frontal,0,0,Annotations/YOLO/IMG0002250.txt,leg|no_fracture,False
fracatlas,fracatlas/FracAtlas,images/Non_fractured/IMG0002251.jpg,IMG0002251,no_fracture,g2220,train,none,2220,-1,,False,2bb54b6552cd9239,leg,lateral,0,0,Annotations/YOLO/IMG0002251.txt,leg|no_fracture,False
fracatlas,fracatlas/FracAtlas,images/Non_fractured/IMG0002252.jpg,IMG0002252,no_fracture,g2221,train,none,2221,-1,,False,0607e6f9ead38607,leg,frontal,0,0,Annotations/YOLO/IMG0002252.txt,leg|no_fracture,False
fracatlas,fracatlas/FracAtlas,images/Non_fractured/IMG0002253.jpg,IMG0002253,no_fracture,g2222,train,none,2222,-1,,False,e94bd8c3494be949,leg,frontal,0,0,Annotations/YOLO/IMG0002253.txt,leg|no_fracture,False
fracatlas,fracatlas/FracAtlas,images/Non_fractured/IMG0002254.jpg,IMG0002254,no_fracture,g2223,val,none,2223,-1,,False,8cc74e3f761d0607,leg,frontal,0,0,Annotations/YOLO/IMG0002254.txt,leg|no_fracture,False
fracatlas,fracatlas/FracAtlas,images/Non_fractured/IMG0002255.jpg,IMG0002255,no_fracture,g2224,val,none,2224,-1,,False,d2bb6c0970b9d30b,hip,frontal,0,0,Annotations/YOLO/IMG0002255.txt,hip|no_fracture,False
fracatlas,fracatlas/FracAtlas,images/Non_fractured/IMG0002256.jpg,IMG0002256,no_fracture,g2225,train,none,2225,-1,,False,ac919695a6ad2d2d,leg,frontal,0,0,Annotations/YOLO/IMG0002256.txt,leg|no_fracture,False
fracatlas,fracatlas/FracAtlas,images/Non_fractured/IMG0002257.jpg,IMG0002257,no_fracture,g2226,train,none,2226,-1,,False,1c231e231f673763,leg,frontal,0,0,Annotations/YOLO/IMG0002257.txt,leg|no_fracture,False
fracatlas,fracatlas/FracAtlas,images/Non_fractured/IMG0002258.jpg,IMG0002258,no_fracture,g2227,train,none,2227,-1,,False,0ac70ee326b392db,leg,lateral,0,0,Annotations/YOLO/IMG0002258.txt,leg|no_fracture,False
fracatlas,fracatlas/FracAtlas,images/Non_fractured/IMG0002259.jpg,IMG0002259,no_fracture,g2228,train,none,2228,-1,,False,52851a5fa55bf00f,hand,frontal,0,0,Annotations/YOLO/IMG0002259.txt,hand|no_fracture,False
fracatlas,fracatlas/FracAtlas,images/Non_fractured/IMG0002260.jpg,IMG0002260,no_fracture,g2229,val,none,2229,-1,,False,c9c9c9293cb4f343,hip,frontal,0,0,Annotations/YOLO/IMG0002260.txt,hip|no_fracture,False
fracatlas,fracatlas/FracAtlas,images/Non_fractured/IMG0002261.jpg,IMG0002261,no_fracture,g2230,val,none,2230,-1,,False,528f105fa55ef00f,hand,frontal,0,0,Annotations/YOLO/IMG0002261.txt,hand|no_fracture,False
fracatlas,fracatlas/FracAtlas,images/Non_fractured/IMG0002262.jpg,IMG0002262,no_fracture,g2231,test,none,2231,-1,,True,9cf2398d71d2a5a1,leg,frontal,0,0,Annotations/YOLO/IMG0002262.txt,leg|no_fracture,False
fracatlas,fracatlas/FracAtlas,images/Non_fractured/IMG0002263.jpg,IMG0002263,no_fracture,g2232,train,none,2232,-1,,False,c84c12e1f537db0b,hand,frontal,0,0,Annotations/YOLO/IMG0002263.txt,hand|no_fracture,False
fracatlas,fracatlas/FracAtlas,images/Non_fractured/IMG0002264.jpg,IMG0002264,no_fracture,g2233,val,none,2233,-1,,False,4a5d590f5f3123a5,leg,frontal,0,0,Annotations/YOLO/IMG0002264.txt,leg|no_fracture,False
fracatlas,fracatlas/FracAtlas,images/Fractured/IMG0002265.jpg,IMG0002265,fracture,g2234,test,train,2234,-1,,True,00a758bf61dab44f,hand,frontal,0,2,Annotations/YOLO/IMG0002265.txt,hand|fracture,False
fracatlas,fracatlas/FracAtlas,images/Non_fractured/IMG0002266.jpg,IMG0002266,no_fracture,g2235,train,none,2235,-1,,False,1523d47f325d2e83,hand,frontal,0,0,Annotations/YOLO/IMG0002266.txt,hand|no_fracture,False
fracatlas,fracatlas/FracAtlas,images/Non_fractured/IMG0002267.jpg,IMG0002267,no_fracture,g2236,val,none,2236,-1,,False,96cd0a3d3af16869,leg,frontal,0,0,Annotations/YOLO/IMG0002267.txt,leg|no_fracture,False
fracatlas,fracatlas/FracAtlas,images/Non_fractured/IMG0002268.jpg,IMG0002268,no_fracture,g2237,train,none,2237,-1,,False,0fd158ad1af25aa5,hand,frontal,0,0,Annotations/YOLO/IMG0002268.txt,hand|no_fracture,False
fracatlas,fracatlas/FracAtlas,images/Non_fractured/IMG0002269.jpg,IMG0002269,no_fracture,g2238,test,none,2238,-1,,True,9955a9d5698549c7,leg,frontal,0,0,Annotations/YOLO/IMG0002269.txt,leg|no_fracture,False
fracatlas,fracatlas/FracAtlas,images/Non_fractured/IMG0002270.jpg,IMG0002270,no_fracture,g2239,test,none,2239,-1,,True,373f370383598369,leg,frontal,0,0,Annotations/YOLO/IMG0002270.txt,leg|no_fracture,False
fracatlas,fracatlas/FracAtlas,images/Non_fractured/IMG0002271.jpg,IMG0002271,no_fracture,g2240,train,none,2240,-1,,False,3f993d092bc323c3,leg,frontal,0,0,Annotations/YOLO/IMG0002271.txt,leg|no_fracture,False
fracatlas,fracatlas/FracAtlas,images/Fractured/IMG0002272.jpg,IMG0002272,fracture,g2241,train,train,2241,-1,,False,a6e5e24d968da2e1,hand,frontal,0,2,Annotations/YOLO/IMG0002272.txt,hand|fracture,False
fracatlas,fracatlas/FracAtlas,images/Non_fractured/IMG0002273.jpg,IMG0002273,no_fracture,g2242,val,none,2242,-1,,False,96ed7609c2390e2f,hand,frontal,0,0,Annotations/YOLO/IMG0002273.txt,hand|no_fracture,False
fracatlas,fracatlas/FracAtlas,images/Fractured/IMG0002274.jpg,IMG0002274,fracture,g2243,test,train,2243,-1,,True,a877d827a863e827,hand,frontal,0,2,Annotations/YOLO/IMG0002274.txt,hand|fracture,False
fracatlas,fracatlas/FracAtlas,images/Non_fractured/IMG0002275.jpg,IMG0002275,no_fracture,g2244,train,none,2244,-1,,False,228966a9b6a9ce67,leg,frontal,0,0,Annotations/YOLO/IMG0002275.txt,leg|no_fracture,False
fracatlas,fracatlas/FracAtlas,images/Non_fractured/IMG0002276.jpg,IMG0002276,no_fracture,g2245,train,none,2245,-1,,False,00253c79b7755b59,leg,lateral,0,0,Annotations/YOLO/IMG0002276.txt,leg|no_fracture,False
fracatlas,fracatlas/FracAtlas,images/Non_fractured/IMG0002277.jpg,IMG0002277,no_fracture,g2246,val,none,2246,-1,,False,e4b35c43cc33e1a3,hand,frontal,0,0,Annotations/YOLO/IMG0002277.txt,hand|no_fracture,False
fracatlas,fracatlas/FracAtlas,images/Non_fractured/IMG0002278.jpg,IMG0002278,no_fracture,g2247,train,none,2247,-1,,False,2d0db1ab4bbd510b,hip,frontal,0,0,Annotations/YOLO/IMG0002278.txt,hip|no_fracture,False
fracatlas,fracatlas/FracAtlas,images/Non_fractured/IMG0002279.jpg,IMG0002279,no_fracture,g2248,train,none,2248,-1,,False,08e5583c8f7d0f0f,hand,frontal,0,0,Annotations/YOLO/IMG0002279.txt,hand|no_fracture,False
fracatlas,fracatlas/FracAtlas,images/Non_fractured/IMG0002280.jpg,IMG0002280,no_fracture,g2249,train,none,2249,-1,,False,c44d5c9d94f1aca5,leg,lateral,0,0,Annotations/YOLO/IMG0002280.txt,leg|no_fracture,False
fracatlas,fracatlas/FracAtlas,images/Non_fractured/IMG0002281.jpg,IMG0002281,no_fracture,g2250,val,none,2250,-1,,False,0c376473bc5fc883,mixed,frontal,0,0,Annotations/YOLO/IMG0002281.txt,mixed|no_fracture,False
fracatlas,fracatlas/FracAtlas,images/Non_fractured/IMG0002282.jpg,IMG0002282,no_fracture,g2251,cal,none,2251,-1,,False,5a3da54b521fb40d,hand,frontal,0,0,Annotations/YOLO/IMG0002282.txt,hand|no_fracture,False
fracatlas,fracatlas/FracAtlas,images/Non_fractured/IMG0002283.jpg,IMG0002283,no_fracture,g2252,test,none,2252,-1,,True,439168b5dab4f20f,hand,frontal,0,0,Annotations/YOLO/IMG0002283.txt,hand|no_fracture,False
fracatlas,fracatlas/FracAtlas,images/Non_fractured/IMG0002284.jpg,IMG0002284,no_fracture,g2253,train,none,2253,-1,,False,94a23567e35d8b51,hand,lateral,0,0,Annotations/YOLO/IMG0002284.txt,hand|no_fracture,False
fracatlas,fracatlas/FracAtlas,images/Non_fractured/IMG0002285.jpg,IMG0002285,no_fracture,g2254,train,none,2254,-1,,False,120d2e5f3c7394b3,hand,frontal,0,0,Annotations/YOLO/IMG0002285.txt,hand|no_fracture,False
fracatlas,fracatlas/FracAtlas,images/Non_fractured/IMG0002286.jpg,IMG0002286,no_fracture,g2255,cal,none,2255,-1,,False,97e1302f6369472b,leg,frontal,0,0,Annotations/YOLO/IMG0002286.txt,leg|no_fracture,False
fracatlas,fracatlas/FracAtlas,images/Fractured/IMG0002287.jpg,IMG0002287,fracture,g2256,train,train,2256,-1,,False,e6477ce3847ba083,hand,frontal,0,2,Annotations/YOLO/IMG0002287.txt,hand|fracture,False
fracatlas,fracatlas/FracAtlas,images/Non_fractured/IMG0002288.jpg,IMG0002288,no_fracture,g2257,train,none,2257,-1,,False,1b69d903fc0394db,leg,frontal,0,0,Annotations/YOLO/IMG0002288.txt,leg|no_fracture,False
fracatlas,fracatlas/FracAtlas,images/Non_fractured/IMG0002289.jpg,IMG0002289,no_fracture,g2258,val,none,2258,-1,,False,0739631fb0274cdb,leg,frontal,0,0,Annotations/YOLO/IMG0002289.txt,leg|no_fracture,False
fracatlas,fracatlas/FracAtlas,images/Non_fractured/IMG0002290.jpg,IMG0002290,no_fracture,g2259,train,none,2259,-1,,False,3a05fecd32cd2619,hand,oblique,0,0,Annotations/YOLO/IMG0002290.txt,hand|no_fracture,False
fracatlas,fracatlas/FracAtlas,images/Non_fractured/IMG0002291.jpg,IMG0002291,no_fracture,g3,dropped,none,3,-1,duplicate_of:IMG0000003,False,1249460566f1f73f,leg,lateral,0,0,Annotations/YOLO/IMG0002291.txt,leg|no_fracture,False
fracatlas,fracatlas/FracAtlas,images/Non_fractured/IMG0002292.jpg,IMG0002292,no_fracture,g0,dropped,none,0,-1,duplicate_of:IMG0000000,False,044904fdb4d76f0f,leg,frontal,0,0,Annotations/YOLO/IMG0002292.txt,leg|no_fracture,False
fracatlas,fracatlas/FracAtlas,images/Non_fractured/IMG0002293.jpg,IMG0002293,no_fracture,g3,dropped,none,3,-1,duplicate_of:IMG0000003,False,1249460566f1f73f,leg,lateral,0,0,Annotations/YOLO/IMG0002293.txt,leg|no_fracture,False
fracatlas,fracatlas/FracAtlas,images/Non_fractured/IMG0002294.jpg,IMG0002294,no_fracture,g6,dropped,none,6,-1,duplicate_of:IMG0000006,False,bef180a7bca1a169,hand,frontal,0,0,Annotations/YOLO/IMG0002294.txt,hand|no_fracture,False
fracatlas,fracatlas/FracAtlas,images/Non_fractured/IMG0002295.jpg,IMG0002295,no_fracture,g1,dropped,none,1,-1,duplicate_of:IMG0000001,False,5857e5094a67e587,leg,frontal,0,0,Annotations/YOLO/IMG0002295.txt,leg|no_fracture,False
fracatlas,fracatlas/FracAtlas,images/Non_fractured/IMG0002296.jpg,IMG0002296,no_fracture,g2,dropped,none,2,-1,duplicate_of:IMG0000002,False,96f1f08d23e98729,leg,frontal,0,0,Annotations/YOLO/IMG0002296.txt,leg|no_fracture,False
fracatlas,fracatlas/FracAtlas,images/Non_fractured/IMG0002297.jpg,IMG0002297,no_fracture,g4,dropped,none,4,-1,duplicate_of:IMG0000004,False,0799ebc9e8d78407,leg,lateral,0,0,Annotations/YOLO/IMG0002297.txt,leg|no_fracture,False
fracatlas,fracatlas/FracAtlas,images/Fractured/IMG0002298.jpg,IMG0002298,fracture,g2267,test,train,2267,-1,,True,0527e1b772d32669,hand,lateral,0,2,Annotations/YOLO/IMG0002298.txt,hand|fracture,False
fracatlas,fracatlas/FracAtlas,images/Fractured/IMG0002299.jpg,IMG0002299,fracture,g261,dropped,train,261,-1,duplicate_of:IMG0000261,False,c41b70ef5453a5a5,hand,frontal,0,2,Annotations/YOLO/IMG0002299.txt,hand|fracture,False
fracatlas,fracatlas/FracAtlas,images/Fractured/IMG0002300.jpg,IMG0002300,fracture,g261,dropped,train,261,-1,duplicate_of:IMG0000261,False,c41b70ef5453a5a5,hand,frontal,0,2,Annotations/YOLO/IMG0002300.txt,hand|fracture,False
fracatlas,fracatlas/FracAtlas,images/Fractured/IMG0002301.jpg,IMG0002301,fracture,g2270,cal,train,2270,-1,,False,a04bc0ef526f63a5,leg,frontal,0,2,Annotations/YOLO/IMG0002301.txt,leg|fracture,False
fracatlas,fracatlas/FracAtlas,images/Fractured/IMG0002302.jpg,IMG0002302,fracture,g2271,test,train,2271,-1,,True,b3d3b1590db64c0b,shoulder,frontal,0,1,Annotations/YOLO/IMG0002302.txt,shoulder|fracture,False
fracatlas,fracatlas/FracAtlas,images/Fractured/IMG0002303.jpg,IMG0002303,fracture,g2272,train,train,2272,-1,,False,07038be13c5ed877,shoulder,frontal,0,1,Annotations/YOLO/IMG0002303.txt,shoulder|fracture,False
fracatlas,fracatlas/FracAtlas,images/Fractured/IMG0002304.jpg,IMG0002304,fracture,g2273,train,train,2273,-1,,False,0d0723f3192c9c7f,shoulder,frontal,0,1,Annotations/YOLO/IMG0002304.txt,shoulder|fracture,False
fracatlas,fracatlas/FracAtlas,images/Fractured/IMG0002305.jpg,IMG0002305,fracture,g2274,val,train,2274,-1,,False,a7130be17c0ed837,shoulder,frontal,0,1,Annotations/YOLO/IMG0002305.txt,shoulder|fracture,False
fracatlas,fracatlas/FracAtlas,images/Fractured/IMG0002306.jpg,IMG0002306,fracture,g2275,train,train,2275,-1,,False,47070383792e9c7f,shoulder,frontal,0,1,Annotations/YOLO/IMG0002306.txt,shoulder|fracture,False
fracatlas,fracatlas/FracAtlas,images/Fractured/IMG0002307.jpg,IMG0002307,fracture,g2276,val,train,2276,-1,,False,ddccaa31558c7171,leg,frontal,0,1,Annotations/YOLO/IMG0002307.txt,leg|fracture,False
fracatlas,fracatlas/FracAtlas,images/Fractured/IMG0002308.jpg,IMG0002308,fracture,g2277,cal,train,2277,-1,,False,adad6da4a9a909c9,leg,frontal,0,1,Annotations/YOLO/IMG0002308.txt,leg|fracture,False
fracatlas,fracatlas/FracAtlas,images/Fractured/IMG0002309.jpg,IMG0002309,fracture,g2278,test,train,2278,-1,,True,7067f8676027319b,hand,frontal,0,1,Annotations/YOLO/IMG0002309.txt,hand|fracture,False
fracatlas,fracatlas/FracAtlas,images/Fractured/IMG0002310.jpg,IMG0002310,fracture,g2279,train,train,2279,-1,,False,727a6a322565cd99,hand,lateral,0,1,Annotations/YOLO/IMG0002310.txt,hand|fracture,False
fracatlas,fracatlas/FracAtlas,images/Fractured/IMG0002311.jpg,IMG0002311,fracture,g2280,train,train,2280,-1,,False,6636b69931369999,hand,frontal,0,1,Annotations/YOLO/IMG0002311.txt,hand|fracture,False
fracatlas,fracatlas/FracAtlas,images/Fractured/IMG0002312.jpg,IMG0002312,fracture,g49,train,train,49,-1,,False,326666333366339b,hand,lateral,0,1,Annotations/YOLO/IMG0002312.txt,hand|fracture,False
fracatlas,fracatlas/FracAtlas,images/Fractured/IMG0002313.jpg,IMG0002313,fracture,g2282,train,train,2282,-1,,False,496527874965d9d9,hand,frontal,0,1,Annotations/YOLO/IMG0002313.txt,hand|fracture,False
fracatlas,fracatlas/FracAtlas,images/Fractured/IMG0002314.jpg,IMG0002314,fracture,g2283,train,train,2283,-1,,False,11c5996799736533,hand,lateral,0,1,Annotations/YOLO/IMG0002314.txt,hand|fracture,False
fracatlas,fracatlas/FracAtlas,images/Fractured/IMG0002315.jpg,IMG0002315,fracture,g2284,train,train,2284,-1,,False,3765272929b7c949,hand,frontal,0,1,Annotations/YOLO/IMG0002315.txt,hand|fracture,False
fracatlas,fracatlas/FracAtlas,images/Fractured/IMG0002316.jpg,IMG0002316,fracture,g2285,cal,train,2285,-1,,False,11cbc57607173a4f,mixed,frontal,0,1,Annotations/YOLO/IMG0002316.txt,mixed|fracture,False
fracatlas,fracatlas/FracAtlas,images/Fractured/IMG0002317.jpg,IMG0002317,fracture,g2286,train,train,2286,-1,,False,ce804b247be1879f,hand,lateral,0,1,Annotations/YOLO/IMG0002317.txt,hand|fracture,False
fracatlas,fracatlas/FracAtlas,images/Fractured/IMG0002318.jpg,IMG0002318,fracture,g2287,train,train,2287,-1,,False,cb4bb1106b21f31f,mixed,frontal,0,2,Annotations/YOLO/IMG0002318.txt,mixed|fracture,False
fracatlas,fracatlas/FracAtlas,images/Fractured/IMG0002319.jpg,IMG0002319,fracture,g2288,train,train,2288,-1,,False,4cc6cf66d025d21f,mixed,lateral,0,2,Annotations/YOLO/IMG0002319.txt,mixed|fracture,False
fracatlas,fracatlas/FracAtlas,images/Fractured/IMG0002320.jpg,IMG0002320,fracture,g2289,train,train,2289,-1,,False,84004c936f37ff99,leg,frontal,0,1,Annotations/YOLO/IMG0002320.txt,leg|fracture,False
fracatlas,fracatlas/FracAtlas,images/Fractured/IMG0002321.jpg,IMG0002321,fracture,g2290,test,train,2290,-1,,True,06cf87cf068b6333,leg,lateral,0,2,Annotations/YOLO/IMG0002321.txt,leg|fracture,False
fracatlas,fracatlas/FracAtlas,images/Fractured/IMG0002322.jpg,IMG0002322,fracture,g2291,train,train,2291,-1,,False,1104999b66bbdb99,leg,frontal,0,1,Annotations/YOLO/IMG0002322.txt,leg|fracture,False
fracatlas,fracatlas/FracAtlas,images/Fractured/IMG0002323.jpg,IMG0002323,fracture,g2292,train,train,2292,-1,,False,d0d8c8c820677fdb,mixed,frontal,0,2,Annotations/YOLO/IMG0002323.txt,mixed|fracture,False
fracatlas,fracatlas/FracAtlas,images/Fractured/IMG0002324.jpg,IMG0002324,fracture,g2293,cal,train,2293,-1,,False,78d819bce4369c47,mixed,lateral,0,1,Annotations/YOLO/IMG0002324.txt,mixed|fracture,False
fracatlas,fracatlas/FracAtlas,images/Fractured/IMG0002325.jpg,IMG0002325,fracture,g2294,test,train,2294,-1,,True,b0d8cccc04267fdb,mixed,frontal,0,2,Annotations/YOLO/IMG0002325.txt,mixed|fracture,False
fracatlas,fracatlas/FracAtlas,images/Fractured/IMG0002326.jpg,IMG0002326,fracture,g2295,train,train,2295,-1,,False,f019c3f8603738cf,mixed,lateral,0,1,Annotations/YOLO/IMG0002326.txt,mixed|fracture,False
fracatlas,fracatlas/FracAtlas,images/Fractured/IMG0002327.jpg,IMG0002327,fracture,g2296,val,train,2296,-1,,False,95315c8baaa72d55,hand,frontal,0,2,Annotations/YOLO/IMG0002327.txt,hand|fracture,False
fracatlas,fracatlas/FracAtlas,images/Fractured/IMG0002328.jpg,IMG0002328,fracture,g2297,train,train,2297,-1,,False,b21e33ce65e9ac11,hand,lateral,0,2,Annotations/YOLO/IMG0002328.txt,hand|fracture,False
fracatlas,fracatlas/FracAtlas,images/Fractured/IMG0002329.jpg,IMG0002329,fracture,g2298,train,train,2298,-1,,False,324e33ce7599ec11,hand,lateral,0,2,Annotations/YOLO/IMG0002329.txt,hand|fracture,False
fracatlas,fracatlas/FracAtlas,images/Fractured/IMG0002330.jpg,IMG0002330,fracture,g2299,val,train,2299,-1,,False,da0d3f85c067033f,hand,frontal,0,1,Annotations/YOLO/IMG0002330.txt,hand|fracture,False
fracatlas,fracatlas/FracAtlas,images/Fractured/IMG0002331.jpg,IMG0002331,fracture,g2300,cal,train,2300,-1,,False,139bd9492781a17f,hand,lateral,0,1,Annotations/YOLO/IMG0002331.txt,hand|fracture,False
fracatlas,fracatlas/FracAtlas,images/Fractured/IMG0002332.jpg,IMG0002332,fracture,g2301,train,train,2301,-1,,False,bc46932b4cb2c43f,hand,lateral,0,1,Annotations/YOLO/IMG0002332.txt,hand|fracture,False
fracatlas,fracatlas/FracAtlas,images/Fractured/IMG0002333.jpg,IMG0002333,fracture,g2302,train,train,2302,-1,,False,fc22c57b0cf018e7,hand,lateral,0,1,Annotations/YOLO/IMG0002333.txt,hand|fracture,False
fracatlas,fracatlas/FracAtlas,images/Fractured/IMG0002334.jpg,IMG0002334,fracture,g2303,train,train,2303,-1,,False,96835b2d94f4d02f,hand,lateral,0,1,Annotations/YOLO/IMG0002334.txt,hand|fracture,False
fracatlas,fracatlas/FracAtlas,images/Fractured/IMG0002335.jpg,IMG0002335,fracture,g2304,train,train,2304,-1,,False,ac5063f70e3c18e7,hand,lateral,0,1,Annotations/YOLO/IMG0002335.txt,hand|fracture,False
fracatlas,fracatlas/FracAtlas,images/Fractured/IMG0002336.jpg,IMG0002336,fracture,g2305,train,train,2305,-1,,False,3ca4236dccbdc03b,hand,lateral,0,1,Annotations/YOLO/IMG0002336.txt,hand|fracture,False
fracatlas,fracatlas/FracAtlas,images/Fractured/IMG0002337.jpg,IMG0002337,fracture,g2306,train,train,2306,-1,,False,a6883f1b1cf8e30b,hip,frontal,0,1,Annotations/YOLO/IMG0002337.txt,hip|fracture,False
fracatlas,fracatlas/FracAtlas,images/Fractured/IMG0002338.jpg,IMG0002338,fracture,g2307,train,train,2307,-1,,False,b132ce19367c39e1,mixed,frontal,0,1,Annotations/YOLO/IMG0002338.txt,mixed|fracture,False
fracatlas,fracatlas/FracAtlas,images/Fractured/IMG0002339.jpg,IMG0002339,fracture,g2308,train,train,2308,-1,,False,b7ce8b111ef8a151,mixed,frontal,0,2,Annotations/YOLO/IMG0002339.txt,mixed|fracture,False
fracatlas,fracatlas/FracAtlas,images/Fractured/IMG0002340.jpg,IMG0002340,fracture,g2309,train,train,2309,-1,,False,8688bb5f9cf8c10b,mixed,frontal,0,1,Annotations/YOLO/IMG0002340.txt,mixed|fracture,False
fracatlas,fracatlas/FracAtlas,images/Fractured/IMG0002341.jpg,IMG0002341,fracture,g2310,cal,train,2310,-1,,False,37e3847be714610b,mixed,frontal,0,1,Annotations/YOLO/IMG0002341.txt,mixed|fracture,False
fracatlas,fracatlas/FracAtlas,images/Fractured/IMG0002342.jpg,IMG0002342,fracture,g2311,train,train,2311,-1,,False,19c99cccc933b399,leg,frontal,1,1,Annotations/YOLO/IMG0002342.txt,leg|fracture,False
fracatlas,fracatlas/FracAtlas,images/Fractured/IMG0002343.jpg,IMG0002343,fracture,g2312,train,train,2312,-1,,False,d34cb36d32499399,leg,lateral,1,2,Annotations/YOLO/IMG0002343.txt,leg|fracture,False
fracatlas,fracatlas/FracAtlas,images/Fractured/IMG0002344.jpg,IMG0002344,fracture,g2313,cal,train,2313,-1,,False,6c79796c19691999,leg,frontal,1,3,Annotations/YOLO/IMG0002344.txt,leg|fracture,False
fracatlas,fracatlas/FracAtlas,images/Fractured/IMG0002345.jpg,IMG0002345,fracture,g2314,train,train,2314,-1,,False,4c4d4d495967d933,leg,frontal,1,3,Annotations/YOLO/IMG0002345.txt,leg|fracture,False
fracatlas,fracatlas/FracAtlas,images/Fractured/IMG0002346.jpg,IMG0002346,fracture,g2315,cal,train,2315,-1,,False,8a0a9b33d9b46dc9,leg,lateral,1,1,Annotations/YOLO/IMG0002346.txt,leg|fracture,False
fracatlas,fracatlas/FracAtlas,images/Fractured/IMG0002347.jpg,IMG0002347,fracture,g2316,train,train,2316,-1,,False,a39c0e63c31c73e3,leg,frontal,0,1,Annotations/YOLO/IMG0002347.txt,leg|fracture,False
fracatlas,fracatlas/FracAtlas,images/Fractured/IMG0002348.jpg,IMG0002348,fracture,g2317,train,train,2317,-1,,False,83acb96561cdc939,leg,lateral,0,1,Annotations/YOLO/IMG0002348.txt,leg|fracture,False
fracatlas,fracatlas/FracAtlas,images/Fractured/IMG0002349.jpg,IMG0002349,fracture,g2318,train,train,2318,-1,,False,7ad926b1b2653a31,hand,frontal,0,1,Annotations/YOLO/IMG0002349.txt,hand|fracture,False
fracatlas,fracatlas/FracAtlas,images/Fractured/IMG0002350.jpg,IMG0002350,fracture,g2319,train,train,2319,-1,,False,1a3566d9da279899,hand,lateral,0,1,Annotations/YOLO/IMG0002350.txt,hand|fracture,False
fracatlas,fracatlas/FracAtlas,images/Fractured/IMG0002351.jpg,IMG0002351,fracture,g2320,cal,train,2320,-1,,False,b478b89ccc64e09f,mixed,frontal,0,1,Annotations/YOLO/IMG0002351.txt,mixed|fracture,False
fracatlas,fracatlas/FracAtlas,images/Fractured/IMG0002352.jpg,IMG0002352,fracture,g2321,train,train,2321,-1,,False,98cc6713cc7c00ff,hand,lateral,0,1,Annotations/YOLO/IMG0002352.txt,hand|fracture,False
fracatlas,fracatlas/FracAtlas,images/Fractured/IMG0002353.jpg,IMG0002353,fracture,g2322,train,train,2322,-1,,False,a129a6d29bb6c9c9,hand,frontal,0,1,Annotations/YOLO/IMG0002353.txt,hand|fracture,False
fracatlas,fracatlas/FracAtlas,images/Fractured/IMG0002354.jpg,IMG0002354,fracture,g2323,test,train,2323,-1,,True,269b66269966d999,hand,lateral,0,1,Annotations/YOLO/IMG0002354.txt,hand|fracture,False
fracatlas,fracatlas/FracAtlas,images/Fractured/IMG0002355.jpg,IMG0002355,fracture,g2324,train,train,2324,-1,,False,9a99ce35b2653233,hand,frontal,0,1,Annotations/YOLO/IMG0002355.txt,hand|fracture,False
fracatlas,fracatlas/FracAtlas,images/Fractured/IMG0002356.jpg,IMG0002356,fracture,g2325,train,train,2325,-1,,False,6b956f9153299299,hand,lateral,0,1,Annotations/YOLO/IMG0002356.txt,hand|fracture,False
fracatlas,fracatlas/FracAtlas,images/Fractured/IMG0002357.jpg,IMG0002357,fracture,g2326,train,train,2326,-1,,False,c7e71934189d2763,hand,frontal,0,1,Annotations/YOLO/IMG0002357.txt,hand|fracture,False
fracatlas,fracatlas/FracAtlas,images/Fractured/IMG0002358.jpg,IMG0002358,fracture,g2327,train,train,2327,-1,,False,e7e32930988ca773,hand,frontal,0,1,Annotations/YOLO/IMG0002358.txt,hand|fracture,False
fracatlas,fracatlas/FracAtlas,images/Fractured/IMG0002359.jpg,IMG0002359,fracture,g2328,cal,train,2328,-1,,False,a695154a5a2ded55,hand,frontal,0,1,Annotations/YOLO/IMG0002359.txt,hand|fracture,False
fracatlas,fracatlas/FracAtlas,images/Fractured/IMG0002360.jpg,IMG0002360,fracture,g2329,test,train,2329,-1,,True,ae8d1d73c62a0a75,hand,lateral,0,1,Annotations/YOLO/IMG0002360.txt,hand|fracture,False
fracatlas,fracatlas/FracAtlas,images/Fractured/IMG0002361.jpg,IMG0002361,fracture,g2330,train,train,2330,-1,,False,f2390c01e0fc9f9b,hand,frontal,0,1,Annotations/YOLO/IMG0002361.txt,hand|fracture,False
fracatlas,fracatlas/FracAtlas,images/Fractured/IMG0002362.jpg,IMG0002362,fracture,g2331,val,train,2331,-1,,False,95516b25d4ce8e71,hand,lateral,0,1,Annotations/YOLO/IMG0002362.txt,hand|fracture,False
fracatlas,fracatlas/FracAtlas,images/Fractured/IMG0002363.jpg,IMG0002363,fracture,g2332,cal,train,2332,-1,,False,36653a996e269999,hand,lateral,0,1,Annotations/YOLO/IMG0002363.txt,hand|fracture,False
fracatlas,fracatlas/FracAtlas,images/Fractured/IMG0002364.jpg,IMG0002364,fracture,g2333,cal,train,2333,-1,,False,1399cd3633663333,hand,frontal,0,1,Annotations/YOLO/IMG0002364.txt,hand|fracture,False
fracatlas,fracatlas/FracAtlas,images/Fractured/IMG0002365.jpg,IMG0002365,fracture,g2334,train,train,2334,-1,,False,02997136d937b399,hand,lateral,0,1,Annotations/YOLO/IMG0002365.txt,hand|fracture,False
fracatlas,fracatlas/FracAtlas,images/Fractured/IMG0002366.jpg,IMG0002366,fracture,g2335,test,train,2335,-1,,True,7371636a2e1d39c1,mixed,frontal,1,1,Annotations/YOLO/IMG0002366.txt,mixed|fracture,False
fracatlas,fracatlas/FracAtlas,images/Fractured/IMG0002367.jpg,IMG0002367,fracture,g2336,train,train,2336,-1,,False,314ab1a57bc61d39,mixed,frontal,1,1,Annotations/YOLO/IMG0002367.txt,mixed|fracture,False
fracatlas,fracatlas/FracAtlas,images/Fractured/IMG0002368.jpg,IMG0002368,fracture,g2337,train,train,2337,-1,,False,e6e6e159e90931c3,leg,frontal,1,1,Annotations/YOLO/IMG0002368.txt,leg|fracture,False
fracatlas,fracatlas/FracAtlas,images/Fractured/IMG0002369.jpg,IMG0002369,fracture,g2338,train,train,2338,-1,,False,99a5392d715953c3,leg,lateral,1,1,Annotations/YOLO/IMG0002369.txt,leg|fracture,False
fracatlas,fracatlas/FracAtlas,images/Fractured/IMG0002370.jpg,IMG0002370,fracture,g2339,train,train,2339,-1,,False,3ca66929367c39e1,mixed,frontal,1,1,Annotations/YOLO/IMG0002370.txt,mixed|fracture,False
fracatlas,fracatlas/FracAtlas,images/Fractured/IMG0002371.jpg,IMG0002371,fracture,g2340,train,train,2340,-1,,False,9e8d6173b6123399,leg,frontal,1,2,Annotations/YOLO/IMG0002371.txt,leg|fracture,False
fracatlas,fracatlas/FracAtlas,images/Fractured/IMG0002372.jpg,IMG0002372,fracture,g2341,train,train,2341,-1,,False,99e63086b6b362e3,leg,lateral,1,1,Annotations/YOLO/IMG0002372.txt,leg|fracture,False
fracatlas,fracatlas/FracAtlas,images/Fractured/IMG0002373.jpg,IMG0002373,fracture,g2342,train,train,2342,-1,,False,b239b339b2329399,leg,frontal,1,2,Annotations/YOLO/IMG0002373.txt,leg|fracture,False
fracatlas,fracatlas/FracAtlas,images/Fractured/IMG0002374.jpg,IMG0002374,fracture,g2343,cal,train,2343,-1,,False,e63983463963c9d3,leg,lateral,1,1,Annotations/YOLO/IMG0002374.txt,leg|fracture,False
fracatlas,fracatlas/FracAtlas,images/Fractured/IMG0002375.jpg,IMG0002375,fracture,g2344,train,train,2344,-1,,False,5457145bacad6c95,mixed,frontal,0,2,Annotations/YOLO/IMG0002375.txt,mixed|fracture,False
fracatlas,fracatlas/FracAtlas,images/Fractured/IMG0002376.jpg,IMG0002376,fracture,g2345,test,train,2345,-1,,True,ac2dca9be61164d9,hand,lateral,0,1,Annotations/YOLO/IMG0002376.txt,hand|fracture,False
fracatlas,fracatlas/FracAtlas,images/Fractured/IMG0002377.jpg,IMG0002377,fracture,g2345,dropped,train,2345,-1,duplicate_of:IMG0002376,False,ac2dca5be61164d9,hand,lateral,0,1,Annotations/YOLO/IMG0002377.txt,hand|fracture,False
fracatlas,fracatlas/FracAtlas,images/Fractured/IMG0002378.jpg,IMG0002378,fracture,g2347,train,train,2347,-1,,False,373177a53361c3a1,leg,frontal,1,2,Annotations/YOLO/IMG0002378.txt,leg|fracture,False
fracatlas,fracatlas/FracAtlas,images/Fractured/IMG0002379.jpg,IMG0002379,fracture,g2267,dropped,train,2267,-1,duplicate_of:IMG0002298,False,0527e1b772d32669,hand,frontal,0,2,Annotations/YOLO/IMG0002379.txt,hand|fracture,False
fracatlas,fracatlas/FracAtlas,images/Fractured/IMG0002380.jpg,IMG0002380,fracture,g2349,train,train,2349,-1,,False,38e3947dc039e5a3,hand,frontal,0,2,Annotations/YOLO/IMG0002380.txt,hand|fracture,False
fracatlas,fracatlas/FracAtlas,images/Fractured/IMG0002381.jpg,IMG0002381,fracture,g2350,train,train,2350,-1,,False,52d25a965ea5b44d,hand,frontal,0,2,Annotations/YOLO/IMG0002381.txt,hand|fracture,False
fracatlas,fracatlas/FracAtlas,images/Fractured/IMG0002382.jpg,IMG0002382,fracture,g2351,train,train,2351,-1,,False,7ae51679c4bba083,hand,frontal,0,3,Annotations/YOLO/IMG0002382.txt,hand|fracture,False
fracatlas,fracatlas/FracAtlas,images/Fractured/IMG0002383.jpg,IMG0002383,fracture,g2352,cal,train,2352,-1,,False,06930eb30fb38f33,leg,frontal,1,1,Annotations/YOLO/IMG0002383.txt,leg|fracture,False
fracatlas,fracatlas/FracAtlas,images/Fractured/IMG0002384.jpg,IMG0002384,fracture,g2353,train,train,2353,-1,,False,500d508f4f8fe70f,leg,frontal,1,2,Annotations/YOLO/IMG0002384.txt,leg|fracture,False
fracatlas,fracatlas/FracAtlas,images/Fractured/IMG0002385.jpg,IMG0002385,fracture,g2354,train,train,2354,-1,,False,466de6a5d6738807,mixed,frontal,1,2,Annotations/YOLO/IMG0002385.txt,mixed|fracture,False
fracatlas,fracatlas/FracAtlas,images/Fractured/IMG0002386.jpg,IMG0002386,fracture,g2355,train,train,2355,-1,,False,a2b1a22564ef88fb,hand,frontal,1,1,Annotations/YOLO/IMG0002386.txt,hand|fracture,False
fracatlas,fracatlas/FracAtlas,images/Fractured/IMG0002387.jpg,IMG0002387,fracture,g2356,train,train,2356,-1,,False,387876d2e683278b,mixed,frontal,1,1,Annotations/YOLO/IMG0002387.txt,mixed|fracture,False
fracatlas,fracatlas/FracAtlas,images/Fractured/IMG0002388.jpg,IMG0002388,fracture,g2357,train,train,2357,-1,,False,0d2d09bd49b5174f,hand,frontal,0,2,Annotations/YOLO/IMG0002388.txt,hand|fracture,False
fracatlas,fracatlas/FracAtlas,images/Fractured/IMG0002389.jpg,IMG0002389,fracture,g2358,train,train,2358,-1,,False,17255393a1537b69,leg,lateral,0,1,Annotations/YOLO/IMG0002389.txt,leg|fracture,False
fracatlas,fracatlas/FracAtlas,images/Fractured/IMG0002390.jpg,IMG0002390,fracture,g2359,cal,train,2359,-1,,False,91e666496333b399,leg,frontal,0,1,Annotations/YOLO/IMG0002390.txt,leg|fracture,False
fracatlas,fracatlas/FracAtlas,images/Fractured/IMG0002391.jpg,IMG0002391,fracture,g2360,train,train,2360,-1,,False,301b317979b9a18f,leg,frontal,0,2,Annotations/YOLO/IMG0002391.txt,leg|fracture,False
fracatlas,fracatlas/FracAtlas,images/Fractured/IMG0002392.jpg,IMG0002392,fracture,g2361,train,train,2361,-1,,False,27d15a2da752cf81,hand,frontal,0,2,Annotations/YOLO/IMG0002392.txt,hand|fracture,False
fracatlas,fracatlas/FracAtlas,images/Fractured/IMG0002393.jpg,IMG0002393,fracture,g2362,train,train,2362,-1,,False,3ce7729d605534e1,hand,frontal,0,2,Annotations/YOLO/IMG0002393.txt,hand|fracture,False
fracatlas,fracatlas/FracAtlas,images/Fractured/IMG0002394.jpg,IMG0002394,fracture,g2363,train,train,2363,-1,,False,1a0f0f4f8f0f65a1,hand,lateral,0,2,Annotations/YOLO/IMG0002394.txt,hand|fracture,False
fracatlas,fracatlas/FracAtlas,images/Fractured/IMG0002395.jpg,IMG0002395,fracture,g2364,train,train,2364,-1,,False,6299669966c9e6a5,hand,frontal,0,4,Annotations/YOLO/IMG0002395.txt,hand|fracture,False
fracatlas,fracatlas/FracAtlas,images/Fractured/IMG0002396.jpg,IMG0002396,fracture,g2365,train,train,2365,-1,,False,fc8e43c1bc1e43e1,hand,lateral,0,1,Annotations/YOLO/IMG0002396.txt,hand|fracture,False
fracatlas,fracatlas/FracAtlas,images/Fractured/IMG0002397.jpg,IMG0002397,fracture,g2366,train,train,2366,-1,,False,2649b6274837d8db,hand,oblique,0,2,Annotations/YOLO/IMG0002397.txt,hand|fracture,False
fracatlas,fracatlas/FracAtlas,images/Fractured/IMG0002398.jpg,IMG0002398,fracture,g2367,train,train,2367,-1,,False,da4e9e1c1c6978e1,hand,frontal,0,2,Annotations/YOLO/IMG0002398.txt,hand|fracture,False
fracatlas,fracatlas/FracAtlas,images/Fractured/IMG0002399.jpg,IMG0002399,fracture,g2368,val,train,2368,-1,,False,cc59cc59cc594cd9,leg,frontal,1,1,Annotations/YOLO/IMG0002399.txt,leg|fracture,False
fracatlas,fracatlas/FracAtlas,images/Fractured/IMG0002400.jpg,IMG0002400,fracture,g2369,train,train,2369,-1,,False,4d73495161d9d933,leg,frontal,1,1,Annotations/YOLO/IMG0002400.txt,leg|fracture,False
fracatlas,fracatlas/FracAtlas,images/Fractured/IMG0002401.jpg,IMG0002401,fracture,g2370,train,train,2370,-1,,False,392339a33963d959,leg,frontal,1,2,Annotations/YOLO/IMG0002401.txt,leg|fracture,False
fracatlas,fracatlas/FracAtlas,images/Fractured/IMG0002402.jpg,IMG0002402,fracture,g2371,test,train,2371,-1,,True,aef54a2dd46b2883,hand,frontal,0,2,Annotations/YOLO/IMG0002402.txt,hand|fracture,False
fracatlas,fracatlas/FracAtlas,images/Fractured/IMG0002403.jpg,IMG0002403,fracture,g2372,train,train,2372,-1,,False,e25de4936cf18629,leg,frontal,1,2,Annotations/YOLO/IMG0002403.txt,leg|fracture,False
fracatlas,fracatlas/FracAtlas,images/Fractured/IMG0002404.jpg,IMG0002404,fracture,g2373,train,train,2373,-1,,False,eab14af56b1d0649,leg,frontal,1,2,Annotations/YOLO/IMG0002404.txt,leg|fracture,False
fracatlas,fracatlas/FracAtlas,images/Fractured/IMG0002405.jpg,IMG0002405,fracture,g2374,train,train,2374,-1,,False,c4679c17cc378587,hand,frontal,0,2,Annotations/YOLO/IMG0002405.txt,hand|fracture,False
fracatlas,fracatlas/FracAtlas,images/Fractured/IMG0002406.jpg,IMG0002406,fracture,g2375,train,train,2375,-1,,False,acd368b368a3d269,leg,frontal,0,1,Annotations/YOLO/IMG0002406.txt,leg|fracture,False
fracatlas,fracatlas/FracAtlas,images/Fractured/IMG0002407.jpg,IMG0002407,fracture,g2376,test,train,2376,-1,,True,3133230dd9999bd9,leg,lateral,0,1,Annotations/YOLO/IMG0002407.txt,leg|fracture,False
fracatlas,fracatlas/FracAtlas,images/Fractured/IMG0002408.jpg,IMG0002408,fracture,g2377,train,train,2377,-1,,False,93959357d9496949,hand,frontal,0,1,Annotations/YOLO/IMG0002408.txt,hand|fracture,False
fracatlas,fracatlas/FracAtlas,images/Fractured/IMG0002409.jpg,IMG0002409,fracture,g2378,test,train,2378,-1,,True,3565996599999999,hand,lateral,0,1,Annotations/YOLO/IMG0002409.txt,hand|fracture,False
fracatlas,fracatlas/FracAtlas,images/Fractured/IMG0002410.jpg,IMG0002410,fracture,g2379,train,train,2379,-1,,False,a03de2bda2e1aae1,hand,frontal,0,2,Annotations/YOLO/IMG0002410.txt,hand|fracture,False
fracatlas,fracatlas/FracAtlas,images/Fractured/IMG0002411.jpg,IMG0002411,fracture,g2380,test,train,2380,-1,,True,a607f06f867f0c0b,hand,frontal,0,2,Annotations/YOLO/IMG0002411.txt,hand|fracture,False
fracatlas,fracatlas/FracAtlas,images/Fractured/IMG0002412.jpg,IMG0002412,fracture,g2381,val,train,2381,-1,,False,ec677aed066d0a09,hand,frontal,0,2,Annotations/YOLO/IMG0002412.txt,hand|fracture,False
fracatlas,fracatlas/FracAtlas,images/Fractured/IMG0002413.jpg,IMG0002413,fracture,g2382,val,train,2382,-1,,False,831e7af183397155,hand,frontal,0,2,Annotations/YOLO/IMG0002413.txt,hand|fracture,False
fracatlas,fracatlas/FracAtlas,images/Fractured/IMG0002414.jpg,IMG0002414,fracture,g2383,test,train,2383,-1,,True,98669966993b9999,hand,lateral,0,2,Annotations/YOLO/IMG0002414.txt,hand|fracture,False
fracatlas,fracatlas/FracAtlas,images/Fractured/IMG0002415.jpg,IMG0002415,fracture,g2384,train,train,2384,-1,,False,313731373133999b,hand,frontal,0,1,Annotations/YOLO/IMG0002415.txt,hand|fracture,False
fracatlas,fracatlas/FracAtlas,images/Fractured/IMG0002416.jpg,IMG0002416,fracture,g2385,cal,train,2385,-1,,False,41379177313b319b,hand,lateral,0,1,Annotations/YOLO/IMG0002416.txt,hand|fracture,False
fracatlas,fracatlas/FracAtlas,images/Fractured/IMG0002417.jpg,IMG0002417,fracture,g2386,val,train,2386,-1,,False,f83964593059d9d9,leg,frontal,1,2,Annotations/YOLO/IMG0002417.txt,leg|fracture,False
fracatlas,fracatlas/FracAtlas,images/Fractured/IMG0002418.jpg,IMG0002418,fracture,g2387,train,train,2387,-1,,False,0507a76789b36979,leg,lateral,1,2,Annotations/YOLO/IMG0002418.txt,leg|fracture,False
fracatlas,fracatlas/FracAtlas,images/Fractured/IMG0002419.jpg,IMG0002419,fracture,g2388,test,train,2388,-1,,True,27e79131614dc9d9,hand,frontal,0,1,Annotations/YOLO/IMG0002419.txt,hand|fracture,False
fracatlas,fracatlas/FracAtlas,images/Fractured/IMG0002420.jpg,IMG0002420,fracture,g2389,train,train,2389,-1,,False,71cdcc39396c4999,hand,lateral,0,1,Annotations/YOLO/IMG0002420.txt,hand|fracture,False
fracatlas,fracatlas/FracAtlas,images/Fractured/IMG0002421.jpg,IMG0002421,fracture,g2390,train,train,2390,-1,,False,b2edc21da21d4ec3,hand,lateral,0,3,Annotations/YOLO/IMG0002421.txt,hand|fracture,False
fracatlas,fracatlas/FracAtlas,images/Fractured/IMG0002422.jpg,IMG0002422,fracture,g2391,cal,train,2391,-1,,False,c473c8735897a5a5,hand,frontal,0,4,Annotations/YOLO/IMG0002422.txt,hand|fracture,False
fracatlas,fracatlas/FracAtlas,images/Fractured/IMG0002423.jpg,IMG0002423,fracture,g2392,cal,train,2392,-1,,False,43c34307c3c7e373,hand,frontal,0,1,Annotations/YOLO/IMG0002423.txt,hand|fracture,False
fracatlas,fracatlas/FracAtlas,images/Fractured/IMG0002424.jpg,IMG0002424,fracture,g2393,test,train,2393,-1,,True,f9396c192b6c4959,leg,lateral,0,2,Annotations/YOLO/IMG0002424.txt,leg|fracture,False
fracatlas,fracatlas/FracAtlas,images/Fractured/IMG0002425.jpg,IMG0002425,fracture,g2394,test,train,2394,-1,,True,aa0b5af3529d54a5,hand,lateral,0,2,Annotations/YOLO/IMG0002425.txt,hand|fracture,False
fracatlas,fracatlas/FracAtlas,images/Fractured/IMG0002426.jpg,IMG0002426,fracture,g2395,train,train,2395,-1,,False,68b7d865d06d94c9,leg,frontal,0,1,Annotations/YOLO/IMG0002426.txt,leg|fracture,False
fracatlas,fracatlas/FracAtlas,images/Fractured/IMG0002427.jpg,IMG0002427,fracture,g2396,cal,train,2396,-1,,False,1b0b0fe436f33887,mixed,frontal,0,1,Annotations/YOLO/IMG0002427.txt,mixed|fracture,False
fracatlas,fracatlas/FracAtlas,images/Fractured/IMG0002428.jpg,IMG0002428,fracture,g2397,train,train,2397,-1,,False,73118c71f39c9971,leg,frontal,0,1,Annotations/YOLO/IMG0002428.txt,leg|fracture,False
fracatlas,fracatlas/FracAtlas,images/Fractured/IMG0002429.jpg,IMG0002429,fracture,g2398,train,train,2398,-1,,False,994d36b389163373,leg,lateral,0,1,Annotations/YOLO/IMG0002429.txt,leg|fracture,False
fracatlas,fracatlas/FracAtlas,images/Fractured/IMG0002430.jpg,IMG0002430,fracture,g2399,train,train,2399,-1,,False,d827d837a2d93299,leg,frontal,0,1,Annotations/YOLO/IMG0002430.txt,leg|fracture,False
fracatlas,fracatlas/FracAtlas,images/Fractured/IMG0002431.jpg,IMG0002431,fracture,g2400,cal,train,2400,-1,,False,f0cfb847b8633813,leg,lateral,0,1,Annotations/YOLO/IMG0002431.txt,leg|fracture,False
fracatlas,fracatlas/FracAtlas,images/Fractured/IMG0002432.jpg,IMG0002432,fracture,g2401,cal,train,2401,-1,,False,46b94689768f7c07,leg,frontal,0,2,Annotations/YOLO/IMG0002432.txt,leg|fracture,False
fracatlas,fracatlas/FracAtlas,images/Fractured/IMG0002433.jpg,IMG0002433,fracture,g2402,val,train,2402,-1,,False,020f164f1e3b9e3b,leg,frontal,0,1,Annotations/YOLO/IMG0002433.txt,leg|fracture,False
fracatlas,fracatlas/FracAtlas,images/Fractured/IMG0002434.jpg,IMG0002434,fracture,g2403,train,train,2403,-1,,False,204f091b872f6d6f,leg,lateral,0,1,Annotations/YOLO/IMG0002434.txt,leg|fracture,False
fracatlas,fracatlas/FracAtlas,images/Fractured/IMG0002435.jpg,IMG0002435,fracture,g2404,train,train,2404,-1,,False,b0cf3499649b6633,leg,frontal,0,1,Annotations/YOLO/IMG0002435.txt,leg|fracture,False
fracatlas,fracatlas/FracAtlas,images/Fractured/IMG0002436.jpg,IMG0002436,fracture,g2405,cal,train,2405,-1,,False,23ac99a6dc339999,leg,lateral,0,1,Annotations/YOLO/IMG0002436.txt,leg|fracture,False
fracatlas,fracatlas/FracAtlas,images/Fractured/IMG0002437.jpg,IMG0002437,fracture,g2406,val,train,2406,-1,,False,199b31337199d999,leg,frontal,0,1,Annotations/YOLO/IMG0002437.txt,leg|fracture,False
fracatlas,fracatlas/FracAtlas,images/Fractured/IMG0002438.jpg,IMG0002438,fracture,g2407,test,train,2407,-1,,True,387b76c2aa8e6531,leg,lateral,0,1,Annotations/YOLO/IMG0002438.txt,leg|fracture,False
fracatlas,fracatlas/FracAtlas,images/Fractured/IMG0002439.jpg,IMG0002439,fracture,g2408,train,train,2408,-1,,False,0c3324db66f3e233,leg,frontal,1,2,Annotations/YOLO/IMG0002439.txt,leg|fracture,False
fracatlas,fracatlas/FracAtlas,images/Fractured/IMG0002440.jpg,IMG0002440,fracture,g2409,val,train,2409,-1,,False,c39363c3134793b3,leg,lateral,1,2,Annotations/YOLO/IMG0002440.txt,leg|fracture,False
fracatlas,fracatlas/FracAtlas,images/Fractured/IMG0002441.jpg,IMG0002441,fracture,g2410,train,train,2410,-1,,False,b1336185b96d49d9,hand,frontal,0,2,Annotations/YOLO/IMG0002441.txt,hand|fracture,False
fracatlas,fracatlas/FracAtlas,images/Fractured/IMG0002442.jpg,IMG0002442,fracture,g2411,val,train,2411,-1,,False,33c94966996d49d9,hand,lateral,0,1,Annotations/YOLO/IMG0002442.txt,hand|fracture,False
fracatlas,fracatlas/FracAtlas,images/Fractured/IMG0002443.jpg,IMG0002443,fracture,g2412,train,train,2412,-1,,False,ac734cb34c3996c9,leg,frontal,0,3,Annotations/YOLO/IMG0002443.txt,leg|fracture,False
fracatlas,fracatlas/FracAtlas,images/Fractured/IMG0002444.jpg,IMG0002444,fracture,g2413,cal,train,2413,-1,,False,8739e31dd1c13933,leg,lateral,0,2,Annotations/YOLO/IMG0002444.txt,leg|fracture,False
fracatlas,fracatlas/FracAtlas,images/Fractured/IMG0002445.jpg,IMG0002445,fracture,g2384,dropped,train,2384,-1,duplicate_of:IMG0002415,False,3037113731bb999b,hand,frontal,0,2,Annotations/YOLO/IMG0002445.txt,hand|fracture,False
fracatlas,fracatlas/FracAtlas,images/Fractured/IMG0002446.jpg,IMG0002446,fracture,g2415,train,train,2415,-1,,False,40bf803f48bf919b,hand,lateral,0,3,Annotations/YOLO/IMG0002446.txt,hand|fracture,False
fracatlas,fracatlas/FracAtlas,images/Fractured/IMG0002447.jpg,IMG0002447,fracture,g2416,train,train,2416,-1,,False,52546deed2599951,mixed,frontal,0,1,Annotations/YOLO/IMG0002447.txt,mixed|fracture,False
fracatlas,fracatlas/FracAtlas,images/Fractured/IMG0002448.jpg,IMG0002448,fracture,g2417,val,train,2417,-1,,False,e27272593919b9d1,mixed,frontal,0,1,Annotations/YOLO/IMG0002448.txt,mixed|fracture,False
fracatlas,fracatlas/FracAtlas,images/Fractured/IMG0002449.jpg,IMG0002449,fracture,g2418,train,train,2418,-1,,False,99b9b9a5adc90929,mixed,frontal,0,1,Annotations/YOLO/IMG0002449.txt,mixed|fracture,False
fracatlas,fracatlas/FracAtlas,images/Fractured/IMG0002450.jpg,IMG0002450,fracture,g2419,train,train,2419,-1,,False,9fc0e078982e679b,hand,lateral,0,1,Annotations/YOLO/IMG0002450.txt,hand|fracture,False
fracatlas,fracatlas/FracAtlas,images/Fractured/IMG0002451.jpg,IMG0002451,fracture,g2420,val,train,2420,-1,,False,e6cc31cc1973cc99,leg,frontal,0,1,Annotations/YOLO/IMG0002451.txt,leg|fracture,False
fracatlas,fracatlas/FracAtlas,images/Fractured/IMG0002452.jpg,IMG0002452,fracture,g2421,train,train,2421,-1,,False,6cb3c92653cd9319,leg,lateral,0,1,Annotations/YOLO/IMG0002452.txt,leg|fracture,False
fracatlas,fracatlas/FracAtlas,images/Fractured/IMG0002453.jpg,IMG0002453,fracture,g2422,test,train,2422,-1,,True,33cc33c71c33cc33,leg,frontal,0,3,Annotations/YOLO/IMG0002453.txt,leg|fracture,False
fracatlas,fracatlas/FracAtlas,images/Fractured/IMG0002454.jpg,IMG0002454,fracture,g2423,train,train,2423,-1,,False,79c639e71ca38c49,leg,lateral,0,2,Annotations/YOLO/IMG0002454.txt,leg|fracture,False
fracatlas,fracatlas/FracAtlas,images/Fractured/IMG0002455.jpg,IMG0002455,fracture,g2424,val,train,2424,-1,,False,3fd0175c514d591b,leg,lateral,0,1,Annotations/YOLO/IMG0002455.txt,leg|fracture,False
fracatlas,fracatlas/FracAtlas,images/Fractured/IMG0002456.jpg,IMG0002456,fracture,g2425,train,train,2425,-1,,False,b1b1b1935349c9b9,mixed,frontal,0,1,Annotations/YOLO/IMG0002456.txt,mixed|fracture,False
fracatlas,fracatlas/FracAtlas,images/Fractured/IMG0002457.jpg,IMG0002457,fracture,g2426,train,train,2426,-1,,False,ea875a1578f1e981,mixed,frontal,1,1,Annotations/YOLO/IMG0002457.txt,mixed|fracture,False
fracatlas,fracatlas/FracAtlas,images/Fractured/IMG0002458.jpg,IMG0002458,fracture,g2427,cal,train,2427,-1,,False,996d9959cc994c99,leg,frontal,0,3,Annotations/YOLO/IMG0002458.txt,leg|fracture,False
fracatlas,fracatlas/FracAtlas,images/Fractured/IMG0002459.jpg,IMG0002459,fracture,g2428,val,train,2428,-1,,False,c30c7986d9a76cc9,leg,lateral,0,1,Annotations/YOLO/IMG0002459.txt,leg|fracture,False
fracatlas,fracatlas/FracAtlas,images/Fractured/IMG0002460.jpg,IMG0002460,fracture,g2429,train,train,2429,-1,,False,846b8c26cd5de699,mixed,frontal,0,1,Annotations/YOLO/IMG0002460.txt,mixed|fracture,False
fracatlas,fracatlas/FracAtlas,images/Fractured/IMG0002461.jpg,IMG0002461,fracture,g2430,val,train,2430,-1,,False,64f346962cab724d,mixed,frontal,0,1,Annotations/YOLO/IMG0002461.txt,mixed|fracture,False
fracatlas,fracatlas/FracAtlas,images/Fractured/IMG0002462.jpg,IMG0002462,fracture,g2431,train,train,2431,-1,,False,5a7bb27352490979,mixed,frontal,0,1,Annotations/YOLO/IMG0002462.txt,mixed|fracture,False
fracatlas,fracatlas/FracAtlas,images/Fractured/IMG0002463.jpg,IMG0002463,fracture,g2432,train,train,2432,-1,,False,6cd3366dc37a8183,hand,frontal,0,2,Annotations/YOLO/IMG0002463.txt,hand|fracture,False
fracatlas,fracatlas/FracAtlas,images/Fractured/IMG0002464.jpg,IMG0002464,fracture,g2433,train,train,2433,-1,,False,aaa76b4fd21594c1,hand,frontal,0,1,Annotations/YOLO/IMG0002464.txt,hand|fracture,False
fracatlas,fracatlas/FracAtlas,images/Fractured/IMG0002465.jpg,IMG0002465,fracture,g2434,train,train,2434,-1,,False,586dd8cdcccd9891,hand,frontal,0,1,Annotations/YOLO/IMG0002465.txt,hand|fracture,False
fracatlas,fracatlas/FracAtlas,images/Fractured/IMG0002466.jpg,IMG0002466,fracture,g2435,train,train,2435,-1,,False,ef0b0b50f4752955,hand,lateral,0,1,Annotations/YOLO/IMG0002466.txt,hand|fracture,False
fracatlas,fracatlas/FracAtlas,images/Fractured/IMG0002467.jpg,IMG0002467,fracture,g2267,dropped,train,2267,-1,duplicate_of:IMG0002298,False,0527e1b772d32669,hand,lateral,0,2,Annotations/YOLO/IMG0002467.txt,hand|fracture,False
fracatlas,fracatlas/FracAtlas,images/Fractured/IMG0002468.jpg,IMG0002468,fracture,g2437,test,train,2437,-1,,True,1b1b93336311e3e3,hand,frontal,0,1,Annotations/YOLO/IMG0002468.txt,hand|fracture,False
fracatlas,fracatlas/FracAtlas,images/Fractured/IMG0002469.jpg,IMG0002469,fracture,g2438,test,train,2438,-1,,True,3531b129d925d9d9,hand,lateral,0,1,Annotations/YOLO/IMG0002469.txt,hand|fracture,False
fracatlas,fracatlas/FracAtlas,images/Fractured/IMG0002470.jpg,IMG0002470,fracture,g2439,train,train,2439,-1,,False,19c78c1dc3cd3933,hand,lateral,0,1,Annotations/YOLO/IMG0002470.txt,hand|fracture,False
fracatlas,fracatlas/FracAtlas,images/Fractured/IMG0002471.jpg,IMG0002471,fracture,g2440,val,train,2440,-1,,False,4d59355966593399,leg,frontal,0,3,Annotations/YOLO/IMG0002471.txt,leg|fracture,False
fracatlas,fracatlas/FracAtlas,images/Fractured/IMG0002472.jpg,IMG0002472,fracture,g2441,train,train,2441,-1,,False,f107f98778633813,leg,lateral,0,1,Annotations/YOLO/IMG0002472.txt,leg|fracture,False
fracatlas,fracatlas/FracAtlas,images/Fractured/IMG0002473.jpg,IMG0002473,fracture,g2442,train,train,2442,-1,,False,71ce19669966a699,leg,frontal,0,2,Annotations/YOLO/IMG0002473.txt,leg|fracture,False
fracatlas,fracatlas/FracAtlas,images/Fractured/IMG0002474.jpg,IMG0002474,fracture,g2443,train,train,2443,-1,,False,19e31973cc33c933,leg,frontal,0,3,Annotations/YOLO/IMG0002474.txt,leg|fracture,False
fracatlas,fracatlas/FracAtlas,images/Fractured/IMG0002475.jpg,IMG0002475,fracture,g2444,train,train,2444,-1,,False,81bda1b7b1959133,leg,lateral,0,2,Annotations/YOLO/IMG0002475.txt,leg|fracture,False
fracatlas,fracatlas/FracAtlas,images/Fractured/IMG0002476.jpg,IMG0002476,fracture,g2445,train,train,2445,-1,,False,33cd31d94d31cd31,leg,frontal,0,2,Annotations/YOLO/IMG0002476.txt,leg|fracture,False
fracatlas,fracatlas/FracAtlas,images/Fractured/IMG0002477.jpg,IMG0002477,fracture,g2446,train,train,2446,-1,,False,2d92c936d9cd3331,leg,lateral,0,1,Annotations/YOLO/IMG0002477.txt,leg|fracture,False
fracatlas,fracatlas/FracAtlas,images/Fractured/IMG0002478.jpg,IMG0002478,fracture,g2447,val,train,2447,-1,,False,55a3aa53559b1971,mixed,frontal,0,1,Annotations/YOLO/IMG0002478.txt,mixed|fracture,False
fracatlas,fracatlas/FracAtlas,images/Fractured/IMG0002479.jpg,IMG0002479,fracture,g2448,train,train,2448,-1,,False,2c6199a78d0ff615,mixed,frontal,0,1,Annotations/YOLO/IMG0002479.txt,mixed|fracture,False
fracatlas,fracatlas/FracAtlas,images/Fractured/IMG0002480.jpg,IMG0002480,fracture,g2449,train,train,2449,-1,,False,e2511ce3d91c3373,hand,lateral,0,1,Annotations/YOLO/IMG0002480.txt,hand|fracture,False
fracatlas,fracatlas/FracAtlas,images/Fractured/IMG0002481.jpg,IMG0002481,fracture,g2450,train,train,2450,-1,,False,596dc949c9c99999,hand,frontal,0,1,Annotations/YOLO/IMG0002481.txt,hand|fracture,False
fracatlas,fracatlas/FracAtlas,images/Fractured/IMG0002482.jpg,IMG0002482,fracture,g1198,train,train,1198,-1,,False,55b2daaab225954d,hand,lateral,0,1,Annotations/YOLO/IMG0002482.txt,hand|fracture,False
fracatlas,fracatlas/FracAtlas,images/Fractured/IMG0002483.jpg,IMG0002483,fracture,g2452,train,train,2452,-1,,False,76333237309b989b,hand,frontal,0,2,Annotations/YOLO/IMG0002483.txt,hand|fracture,False
fracatlas,fracatlas/FracAtlas,images/Fractured/IMG0002484.jpg,IMG0002484,fracture,g2453,test,train,2453,-1,,True,d436da2aaa2d25d9,hand,lateral,0,2,Annotations/YOLO/IMG0002484.txt,hand|fracture,False
fracatlas,fracatlas/FracAtlas,images/Fractured/IMG0002485.jpg,IMG0002485,fracture,g2454,test,train,2454,-1,,True,125a2979f60dda65,hand,lateral,1,1,Annotations/YOLO/IMG0002485.txt,hand|fracture,False
fracatlas,fracatlas/FracAtlas,images/Fractured/IMG0002486.jpg,IMG0002486,fracture,g2455,cal,train,2455,-1,,False,32738a3333cf9913,hand,frontal,0,2,Annotations/YOLO/IMG0002486.txt,hand|fracture,False
fracatlas,fracatlas/FracAtlas,images/Fractured/IMG0002487.jpg,IMG0002487,fracture,g2456,train,train,2456,-1,,False,02982ac99bff9999,hand,lateral,0,1,Annotations/YOLO/IMG0002487.txt,hand|fracture,False
fracatlas,fracatlas/FracAtlas,images/Fractured/IMG0002488.jpg,IMG0002488,fracture,g2457,train,train,2457,-1,,False,6ea9ea25cc4d5459,mixed,lateral,1,1,Annotations/YOLO/IMG0002488.txt,mixed|fracture,False
fracatlas,fracatlas/FracAtlas,images/Fractured/IMG0002489.jpg,IMG0002489,fracture,g2458,train,train,2458,-1,,False,85f58d25f51505c7,leg,frontal,0,1,Annotations/YOLO/IMG0002489.txt,leg|fracture,False
fracatlas,fracatlas/FracAtlas,images/Fractured/IMG0002490.jpg,IMG0002490,fracture,g2459,train,train,2459,-1,,False,16e13c46717cd3c3,leg,lateral,0,1,Annotations/YOLO/IMG0002490.txt,leg|fracture,False
fracatlas,fracatlas/FracAtlas,images/Fractured/IMG0002491.jpg,IMG0002491,fracture,g2460,train,train,2460,-1,,False,93b3b6342c8dc3c3,hand,lateral,0,1,Annotations/YOLO/IMG0002491.txt,hand|fracture,False
fracatlas,fracatlas/FracAtlas,images/Fractured/IMG0002492.jpg,IMG0002492,fracture,g2461,val,train,2461,-1,,False,93a66c599396c959,hand,lateral,0,1,Annotations/YOLO/IMG0002492.txt,hand|fracture,False
fracatlas,fracatlas/FracAtlas,images/Fractured/IMG0002493.jpg,IMG0002493,fracture,g2462,train,train,2462,-1,,False,20bf686d6c6d48d9,hand,frontal,0,1,Annotations/YOLO/IMG0002493.txt,hand|fracture,False
fracatlas,fracatlas/FracAtlas,images/Fractured/IMG0002494.jpg,IMG0002494,fracture,g2463,val,train,2463,-1,,False,f7f9494844476969,hand,lateral,0,1,Annotations/YOLO/IMG0002494.txt,hand|fracture,False
fracatlas,fracatlas/FracAtlas,images/Fractured/IMG0002495.jpg,IMG0002495,fracture,g2464,train,train,2464,-1,,False,3c311c3f10ef7073,hand,frontal,0,1,Annotations/YOLO/IMG0002495.txt,hand|fracture,False
fracatlas,fracatlas/FracAtlas,images/Fractured/IMG0002496.jpg,IMG0002496,fracture,g2465,val,train,2465,-1,,False,77018ce170cf7273,hand,lateral,0,1,Annotations/YOLO/IMG0002496.txt,hand|fracture,False
fracatlas,fracatlas/FracAtlas,images/Fractured/IMG0002497.jpg,IMG0002497,fracture,g2466,train,train,2466,-1,,False,c05f60c7c1677333,hand,frontal,0,1,Annotations/YOLO/IMG0002497.txt,hand|fracture,False
fracatlas,fracatlas/FracAtlas,images/Fractured/IMG0002498.jpg,IMG0002498,fracture,g2467,test,train,2467,-1,,True,9a3362c533c73333,hand,lateral,0,1,Annotations/YOLO/IMG0002498.txt,hand|fracture,False
fracatlas,fracatlas/FracAtlas,images/Fractured/IMG0002499.jpg,IMG0002499,fracture,g2468,cal,train,2468,-1,,False,84a961733e46e3e3,hand,lateral,0,1,Annotations/YOLO/IMG0002499.txt,hand|fracture,False
fracatlas,fracatlas/FracAtlas,images/Fractured/IMG0002500.jpg,IMG0002500,fracture,g2469,val,train,2469,-1,,False,03f18331f31f13c7,hand,frontal,0,1,Annotations/YOLO/IMG0002500.txt,hand|fracture,False
fracatlas,fracatlas/FracAtlas,images/Fractured/IMG0002501.jpg,IMG0002501,fracture,g2470,train,train,2470,-1,,False,070f870fc3c76363,hand,frontal,0,1,Annotations/YOLO/IMG0002501.txt,hand|fracture,False
fracatlas,fracatlas/FracAtlas,images/Fractured/IMG0002502.jpg,IMG0002502,fracture,g2471,train,train,2471,-1,,False,a485e37a5e1e0755,hand,lateral,0,1,Annotations/YOLO/IMG0002502.txt,hand|fracture,False
fracatlas,fracatlas/FracAtlas,images/Fractured/IMG0002503.jpg,IMG0002503,fracture,g2472,train,train,2472,-1,,False,68b6f425ec0a36d9,mixed,frontal,0,1,Annotations/YOLO/IMG0002503.txt,mixed|fracture,False
fracatlas,fracatlas/FracAtlas,images/Fractured/IMG0002504.jpg,IMG0002504,fracture,g2473,cal,train,2473,-1,,False,d51de2724674da25,mixed,frontal,0,1,Annotations/YOLO/IMG0002504.txt,mixed|fracture,False
fracatlas,fracatlas/FracAtlas,images/Fractured/IMG0002505.jpg,IMG0002505,fracture,g2474,test,train,2474,-1,,True,a06f5a8f285f0e2b,hand,frontal,0,2,Annotations/YOLO/IMG0002505.txt,hand|fracture,False
fracatlas,fracatlas/FracAtlas,images/Fractured/IMG0002506.jpg,IMG0002506,fracture,g2475,train,train,2475,-1,,False,19669966999b6699,leg,frontal,0,2,Annotations/YOLO/IMG0002506.txt,leg|fracture,False
fracatlas,fracatlas/FracAtlas,images/Fractured/IMG0002507.jpg,IMG0002507,fracture,g2476,train,train,2476,-1,,False,738eb127b8633893,leg,lateral,0,1,Annotations/YOLO/IMG0002507.txt,leg|fracture,False
fracatlas,fracatlas/FracAtlas,images/Fractured/IMG0002508.jpg,IMG0002508,fracture,g2477,test,train,2477,-1,,True,9cb58d1c5a15b5e1,hand,frontal,0,4,Annotations/YOLO/IMG0002508.txt,hand|fracture,False
fracatlas,fracatlas/FracAtlas,images/Fractured/IMG0002509.jpg,IMG0002509,fracture,g2478,train,train,2478,-1,,False,1c69932553c679e9,hip,frontal,1,1,Annotations/YOLO/IMG0002509.txt,hip|fracture,False
fracatlas,fracatlas/FracAtlas,images/Fractured/IMG0002510.jpg,IMG0002510,fracture,g2479,train,train,2479,-1,,False,ceb52526648dad71,mixed,frontal,1,1,Annotations/YOLO/IMG0002510.txt,mixed|fracture,False
fracatlas,fracatlas/FracAtlas,images/Fractured/IMG0002511.jpg,IMG0002511,fracture,g2480,test,train,2480,-1,,True,20765e5acd8da971,mixed,frontal,1,1,Annotations/YOLO/IMG0002511.txt,mixed|fracture,False
fracatlas,fracatlas/FracAtlas,images/Fractured/IMG0002512.jpg,IMG0002512,fracture,g2481,train,train,2481,-1,,False,4cd9d2b7246d684b,hand,lateral,0,1,Annotations/YOLO/IMG0002512.txt,hand|fracture,False
fracatlas,fracatlas/FracAtlas,images/Fractured/IMG0002513.jpg,IMG0002513,fracture,g2482,train,train,2482,-1,,False,66d32eb10ea52e2d,leg,frontal,0,2,Annotations/YOLO/IMG0002513.txt,leg|fracture,False
fracatlas,fracatlas/FracAtlas,images/Fractured/IMG0002514.jpg,IMG0002514,fracture,g2483,train,train,2483,-1,,False,30fbcc33cc33cc19,leg,frontal,0,2,Annotations/YOLO/IMG0002514.txt,leg|fracture,False
fracatlas,fracatlas/FracAtlas,images/Fractured/IMG0002515.jpg,IMG0002515,fracture,g2484,train,train,2484,-1,,False,324d32dd4e993a33,leg,lateral,0,1,Annotations/YOLO/IMG0002515.txt,leg|fracture,False
fracatlas,fracatlas/FracAtlas,images/Fractured/IMG0002516.jpg,IMG0002516,fracture,g1612,train,train,1612,-1,,False,b6b5b6ad262d2849,hand,frontal,0,1,Annotations/YOLO/IMG0002516.txt,hand|fracture,False
fracatlas,fracatlas/FracAtlas,images/Fractured/IMG0002517.jpg,IMG0002517,fracture,g2486,cal,train,2486,-1,,False,5e9581f97e0e0707,hand,lateral,0,1,Annotations/YOLO/IMG0002517.txt,hand|fracture,False
fracatlas,fracatlas/FracAtlas,images/Fractured/IMG0002518.jpg,IMG0002518,fracture,g1612,dropped,train,1612,-1,duplicate_of:IMG0002516,False,b6b5b62d242d68c9,hand,frontal,0,1,Annotations/YOLO/IMG0002518.txt,hand|fracture,False
fracatlas,fracatlas/FracAtlas,images/Fractured/IMG0002519.jpg,IMG0002519,fracture,g2488,train,train,2488,-1,,False,1e0f0100c0fcff7f,hand,frontal,0,1,Annotations/YOLO/IMG0002519.txt,hand|fracture,False
fracatlas,fracatlas/FracAtlas,images/Fractured/IMG0002520.jpg,IMG0002520,fracture,g2489,train,train,2489,-1,,False,906fb05ba6196cd9,leg,frontal,0,2,Annotations/YOLO/IMG0002520.txt,leg|fracture,False
fracatlas,fracatlas/FracAtlas,images/Fractured/IMG0002521.jpg,IMG0002521,fracture,g2490,train,train,2490,-1,,False,5924132cf3d9b333,leg,lateral,0,2,Annotations/YOLO/IMG0002521.txt,leg|fracture,False
fracatlas,fracatlas/FracAtlas,images/Fractured/IMG0002522.jpg,IMG0002522,fracture,g2491,test,train,2491,-1,,True,0387c787e3cf1323,leg,frontal,0,1,Annotations/YOLO/IMG0002522.txt,leg|fracture,False
fracatlas,fracatlas/FracAtlas,images/Fractured/IMG0002523.jpg,IMG0002523,fracture,g2492,train,train,2492,-1,,False,010367e35b0793fb,leg,oblique,0,2,Annotations/YOLO/IMG0002523.txt,leg|fracture,False
fracatlas,fracatlas/FracAtlas,images/Fractured/IMG0002524.jpg,IMG0002524,fracture,g2493,train,train,2493,-1,,False,76bb963372313231,hand,frontal,0,2,Annotations/YOLO/IMG0002524.txt,hand|fracture,False
fracatlas,fracatlas/FracAtlas,images/Fractured/IMG0002525.jpg,IMG0002525,fracture,g2494,train,train,2494,-1,,False,32d966319a67329b,hand,lateral,0,1,Annotations/YOLO/IMG0002525.txt,hand|fracture,False
fracatlas,fracatlas/FracAtlas,images/Fractured/IMG0002526.jpg,IMG0002526,fracture,g2495,train,train,2495,-1,,False,996e996cc9994c99,leg,frontal,0,3,Annotations/YOLO/IMG0002526.txt,leg|fracture,False
fracatlas,fracatlas/FracAtlas,images/Fractured/IMG0002527.jpg,IMG0002527,fracture,g2496,train,train,2496,-1,,False,5b2d532d1249db99,leg,lateral,0,1,Annotations/YOLO/IMG0002527.txt,leg|fracture,False
fracatlas,fracatlas/FracAtlas,images/Fractured/IMG0002528.jpg,IMG0002528,fracture,g2497,train,train,2497,-1,,False,99669966339b4c99,leg,frontal,0,1,Annotations/YOLO/IMG0002528.txt,leg|fracture,False
fracatlas,fracatlas/FracAtlas,images/Fractured/IMG0002529.jpg,IMG0002529,fracture,g2498,train,train,2498,-1,,False,4433737364753333,hand,frontal,0,1,Annotations/YOLO/IMG0002529.txt,hand|fracture,False
fracatlas,fracatlas/FracAtlas,images/Fractured/IMG0002530.jpg,IMG0002530,fracture,g2499,cal,train,2499,-1,,False,3231736366673333,hand,oblique,0,1,Annotations/YOLO/IMG0002530.txt,hand|fracture,False
fracatlas,fracatlas/FracAtlas,images/Fractured/IMG0002531.jpg,IMG0002531,fracture,g2500,test,train,2500,-1,,True,7a3972657261e263,hand,frontal,0,1,Annotations/YOLO/IMG0002531.txt,hand|fracture,False
fracatlas,fracatlas/FracAtlas,images/Fractured/IMG0002532.jpg,IMG0002532,fracture,g2501,val,train,2501,-1,,False,6646e2cace999d31,hand,lateral,0,1,Annotations/YOLO/IMG0002532.txt,hand|fracture,False
fracatlas,fracatlas/FracAtlas,images/Fractured/IMG0002533.jpg,IMG0002533,fracture,g2502,train,train,2502,-1,,False,717b48d9c8c99933,leg,frontal,0,1,Annotations/YOLO/IMG0002533.txt,leg|fracture,False
fracatlas,fracatlas/FracAtlas,images/Fractured/IMG0002534.jpg,IMG0002534,fracture,g2503,train,train,2503,-1,,False,d2b3363524cd6939,leg,oblique,0,1,Annotations/YOLO/IMG0002534.txt,leg|fracture,False
fracatlas,fracatlas/FracAtlas,images/Fractured/IMG0002535.jpg,IMG0002535,fracture,g2504,cal,train,2504,-1,,False,ebd538f1e0438333,mixed,frontal,0,1,Annotations/YOLO/IMG0002535.txt,mixed|fracture,False
fracatlas,fracatlas/FracAtlas,images/Fractured/IMG0002536.jpg,IMG0002536,fracture,g2505,train,train,2505,-1,,False,81272f3d6c69235b,mixed,oblique,0,1,Annotations/YOLO/IMG0002536.txt,mixed|fracture,False
fracatlas,fracatlas/FracAtlas,images/Fractured/IMG0002537.jpg,IMG0002537,fracture,g2506,test,train,2506,-1,,True,742d158dc799c30f,leg,frontal,0,3,Annotations/YOLO/IMG0002537.txt,leg|fracture,False
fracatlas,fracatlas/FracAtlas,images/Fractured/IMG0002538.jpg,IMG0002538,fracture,g2507,cal,train,2507,-1,,False,31e4b166b1736633,leg,frontal,0,1,Annotations/YOLO/IMG0002538.txt,leg|fracture,False
fracatlas,fracatlas/FracAtlas,images/Fractured/IMG0002539.jpg,IMG0002539,fracture,g2508,train,train,2508,-1,,False,738531e7d9633191,leg,lateral,0,1,Annotations/YOLO/IMG0002539.txt,leg|fracture,False
fracatlas,fracatlas/FracAtlas,images/Fractured/IMG0002540.jpg,IMG0002540,fracture,g2509,train,train,2509,-1,,False,a9ebc356343929e1,mixed,frontal,0,1,Annotations/YOLO/IMG0002540.txt,mixed|fracture,False
fracatlas,fracatlas/FracAtlas,images/Fractured/IMG0002541.jpg,IMG0002541,fracture,g2510,test,train,2510,-1,,True,c6c8c9ca55b9f981,mixed,frontal,0,1,Annotations/YOLO/IMG0002541.txt,mixed|fracture,False
fracatlas,fracatlas/FracAtlas,images/Fractured/IMG0002542.jpg,IMG0002542,fracture,g2511,val,train,2511,-1,,False,6eeaca0925faa915,mixed,frontal,0,1,Annotations/YOLO/IMG0002542.txt,mixed|fracture,False
fracatlas,fracatlas/FracAtlas,images/Fractured/IMG0002543.jpg,IMG0002543,fracture,g2512,train,train,2512,-1,,False,696163521b9d99f1,mixed,frontal,0,1,Annotations/YOLO/IMG0002543.txt,mixed|fracture,False
fracatlas,fracatlas/FracAtlas,images/Fractured/IMG0002544.jpg,IMG0002544,fracture,g2513,train,train,2513,-1,,False,5589d9dd624e8d15,hip,frontal,0,1,Annotations/YOLO/IMG0002544.txt,hip|fracture,False
fracatlas,fracatlas/FracAtlas,images/Fractured/IMG0002545.jpg,IMG0002545,fracture,g2514,train,train,2514,-1,,False,8e8ea6ae569d8d11,mixed,frontal,0,1,Annotations/YOLO/IMG0002545.txt,mixed|fracture,False
fracatlas,fracatlas/FracAtlas,images/Fractured/IMG0002546.jpg,IMG0002546,fracture,g2515,test,train,2515,-1,,True,31333159c95abaad,mixed,frontal,0,1,Annotations/YOLO/IMG0002546.txt,mixed|fracture,False
fracatlas,fracatlas/FracAtlas,images/Fractured/IMG0002547.jpg,IMG0002547,fracture,g2516,test,train,2516,-1,,True,6969646d649f924d,hand,frontal,0,1,Annotations/YOLO/IMG0002547.txt,hand|fracture,False
fracatlas,fracatlas/FracAtlas,images/Fractured/IMG0002548.jpg,IMG0002548,fracture,g2517,train,train,2517,-1,,False,2b292565ec15d675,mixed,frontal,0,1,Annotations/YOLO/IMG0002548.txt,mixed|fracture,False
fracatlas,fracatlas/FracAtlas,images/Fractured/IMG0002549.jpg,IMG0002549,fracture,g2518,train,train,2518,-1,,False,33186ce3333cf14b,mixed,frontal,0,1,Annotations/YOLO/IMG0002549.txt,mixed|fracture,False
fracatlas,fracatlas/FracAtlas,images/Fractured/IMG0002550.jpg,IMG0002550,fracture,g2519,train,train,2519,-1,,False,5075ac8c5a7ed515,hip,frontal,0,1,Annotations/YOLO/IMG0002550.txt,hip|fracture,False
fracatlas,fracatlas/FracAtlas,images/Fractured/IMG0002551.jpg,IMG0002551,fracture,g2520,train,train,2520,-1,,False,2a66ead163733315,hand,frontal,0,2,Annotations/YOLO/IMG0002551.txt,hand|fracture,False
fracatlas,fracatlas/FracAtlas,images/Fractured/IMG0002552.jpg,IMG0002552,fracture,g2521,train,train,2521,-1,,False,b269d9b6295a5455,hand,lateral,0,1,Annotations/YOLO/IMG0002552.txt,hand|fracture,False
fracatlas,fracatlas/FracAtlas,images/Fractured/IMG0002553.jpg,IMG0002553,fracture,g2522,val,train,2522,-1,,False,0191f0e46c4ddbdb,hand,lateral,0,1,Annotations/YOLO/IMG0002553.txt,hand|fracture,False
fracatlas,fracatlas/FracAtlas,images/Fractured/IMG0002556.jpg,IMG0002556,fracture,g2523,test,train,2523,-1,,True,bcaf444320fb932b,mixed,frontal,1,1,Annotations/YOLO/IMG0002556.txt,mixed|fracture,False
fracatlas,fracatlas/FracAtlas,images/Fractured/IMG0002557.jpg,IMG0002557,fracture,g2524,val,train,2524,-1,,False,d926d92793593299,leg,frontal,0,1,Annotations/YOLO/IMG0002557.txt,leg|fracture,False
fracatlas,fracatlas/FracAtlas,images/Fractured/IMG0002558.jpg,IMG0002558,fracture,g2525,train,train,2525,-1,,False,f10f710778c37133,leg,lateral,0,1,Annotations/YOLO/IMG0002558.txt,leg|fracture,False
fracatlas,fracatlas/FracAtlas,images/Fractured/IMG0002559.jpg,IMG0002559,fracture,g2526,test,train,2526,-1,,True,257917f54ad79007,leg,lateral,1,1,Annotations/YOLO/IMG0002559.txt,leg|fracture,False
fracatlas,fracatlas/FracAtlas,images/Fractured/IMG0002560.jpg,IMG0002560,fracture,g2527,train,train,2527,-1,,False,63c327c327c3c30f,hand,frontal,0,4,Annotations/YOLO/IMG0002560.txt,hand|fracture,False
fracatlas,fracatlas/FracAtlas,images/Fractured/IMG0002561.jpg,IMG0002561,fracture,g2528,train,train,2528,-1,,False,0583787c7c4ef689,hand,frontal,0,2,Annotations/YOLO/IMG0002561.txt,hand|fracture,False
fracatlas,fracatlas/FracAtlas,images/Fractured/IMG0002562.jpg,IMG0002562,fracture,g2529,train,train,2529,-1,,False,45d14dc5cb958ba5,leg,frontal,0,2,Annotations/YOLO/IMG0002562.txt,leg|fracture,False
fracatlas,fracatlas/FracAtlas,images/Fractured/IMG0002563.jpg,IMG0002563,fracture,g2530,train,train,2530,-1,,False,8833ac1ba65f72a5,leg,frontal,0,2,Annotations/YOLO/IMG0002563.txt,leg|fracture,False
fracatlas,fracatlas/FracAtlas,images/Fractured/IMG0002564.jpg,IMG0002564,fracture,g2531,cal,train,2531,-1,,False,1cc55e1d851f2da9,hand,frontal,0,2,Annotations/YOLO/IMG0002564.txt,hand|fracture,False
fracatlas,fracatlas/FracAtlas,images/Fractured/IMG0002565.jpg,IMG0002565,fracture,g2532,train,train,2532,-1,,False,0d8507f35bf11ba1,hand,oblique,0,2,Annotations/YOLO/IMG0002565.txt,hand|fracture,False
fracatlas,fracatlas/FracAtlas,images/Fractured/IMG0002566.jpg,IMG0002566,fracture,g2533,val,train,2533,-1,,False,1c3570bcdc9c58e3,hand,frontal,0,2,Annotations/YOLO/IMG0002566.txt,hand|fracture,False
fracatlas,fracatlas/FracAtlas,images/Fractured/IMG0002567.jpg,IMG0002567,fracture,g2534,cal,train,2534,-1,,False,07f80707790fe92d,leg,frontal,1,3,Annotations/YOLO/IMG0002567.txt,leg|fracture,False
fracatlas,fracatlas/FracAtlas,images/Fractured/IMG0002568.jpg,IMG0002568,fracture,g2535,train,train,2535,-1,,False,0001287a5dfeff17,hand,lateral,0,2,Annotations/YOLO/IMG0002568.txt,hand|fracture,False
fracatlas,fracatlas/FracAtlas,images/Fractured/IMG0002569.jpg,IMG0002569,fracture,g2536,train,train,2536,-1,,False,2abc1a3cc23df0cb,hand,lateral,0,2,Annotations/YOLO/IMG0002569.txt,hand|fracture,False
fracatlas,fracatlas/FracAtlas,images/Fractured/IMG0002570.jpg,IMG0002570,fracture,g2537,train,train,2537,-1,,False,cb714fd11de18529,leg,frontal,0,4,Annotations/YOLO/IMG0002570.txt,leg|fracture,False
fracatlas,fracatlas/FracAtlas,images/Fractured/IMG0002571.jpg,IMG0002571,fracture,g2538,train,train,2538,-1,,False,0d1bcc3f283f2e29,leg,frontal,1,3,Annotations/YOLO/IMG0002571.txt,leg|fracture,False
fracatlas,fracatlas/FracAtlas,images/Fractured/IMG0002572.jpg,IMG0002572,fracture,g2539,test,train,2539,-1,,True,a6e1e245e0c5eb0f,leg,frontal,0,5,Annotations/YOLO/IMG0002572.txt,leg|fracture,False
fracatlas,fracatlas/FracAtlas,images/Fractured/IMG0002573.jpg,IMG0002573,fracture,g2540,val,train,2540,-1,,False,f0c58315f8b57887,hand,frontal,0,2,Annotations/YOLO/IMG0002573.txt,hand|fracture,False
fracatlas,fracatlas/FracAtlas,images/Fractured/IMG0002574.jpg,IMG0002574,fracture,g2541,train,train,2541,-1,,False,9049ae536ce187af,hand,frontal,1,2,Annotations/YOLO/IMG0002574.txt,hand|fracture,False
fracatlas,fracatlas/FracAtlas,images/Fractured/IMG0002575.jpg,IMG0002575,fracture,g2542,train,train,2542,-1,,False,5edd161d269dc681,hand,frontal,0,2,Annotations/YOLO/IMG0002575.txt,hand|fracture,False
fracatlas,fracatlas/FracAtlas,images/Fractured/IMG0002576.jpg,IMG0002576,fracture,g2543,train,train,2543,-1,,False,cca7d8a784f28987,hand,frontal,0,2,Annotations/YOLO/IMG0002576.txt,hand|fracture,False
fracatlas,fracatlas/FracAtlas,images/Fractured/IMG0002577.jpg,IMG0002577,fracture,g2544,train,train,2544,-1,,False,543793919bd9c90d,leg,frontal,1,2,Annotations/YOLO/IMG0002577.txt,leg|fracture,False
fracatlas,fracatlas/FracAtlas,images/Fractured/IMG0002578.jpg,IMG0002578,fracture,g2545,train,train,2545,-1,,False,267386738a3bcb85,leg,frontal,1,2,Annotations/YOLO/IMG0002578.txt,leg|fracture,False
fracatlas,fracatlas/FracAtlas,images/Fractured/IMG0002579.jpg,IMG0002579,fracture,g2546,train,train,2546,-1,,False,661d732d32e3c293,mixed,lateral,0,1,Annotations/YOLO/IMG0002579.txt,mixed|fracture,False
fracatlas,fracatlas/FracAtlas,images/Fractured/IMG0002580.jpg,IMG0002580,fracture,g2547,test,train,2547,-1,,True,a866946796ed4a99,mixed,lateral,0,1,Annotations/YOLO/IMG0002580.txt,mixed|fracture,False
fracatlas,fracatlas/FracAtlas,images/Fractured/IMG0002581.jpg,IMG0002581,fracture,g2548,train,train,2548,-1,,False,1ee90cf30c13e5a7,hand,frontal,0,2,Annotations/YOLO/IMG0002581.txt,hand|fracture,False
fracatlas,fracatlas/FracAtlas,images/Fractured/IMG0002582.jpg,IMG0002582,fracture,g2549,test,train,2549,-1,,True,83cc73cc78c74333,mixed,lateral,1,1,Annotations/YOLO/IMG0002582.txt,mixed|fracture,False
fracatlas,fracatlas/FracAtlas,images/Fractured/IMG0002583.jpg,IMG0002583,fracture,g2550,train,train,2550,-1,,False,a577416f05771983,hand,frontal,0,1,Annotations/YOLO/IMG0002583.txt,hand|fracture,False
fracatlas,fracatlas/FracAtlas,images/Fractured/IMG0002584.jpg,IMG0002584,fracture,g2551,train,train,2551,-1,,False,cc66d9cc31cc9939,hand,lateral,1,1,Annotations/YOLO/IMG0002584.txt,hand|fracture,False
fracatlas,fracatlas/FracAtlas,images/Fractured/IMG0002585.jpg,IMG0002585,fracture,g2552,train,train,2552,-1,,False,4e1da6496ab56e49,hand,frontal,0,2,Annotations/YOLO/IMG0002585.txt,hand|fracture,False
fracatlas,fracatlas/FracAtlas,images/Fractured/IMG0002586.jpg,IMG0002586,fracture,g2553,test,train,2553,-1,,True,a30d8375a3553be1,leg,lateral,1,1,Annotations/YOLO/IMG0002586.txt,leg|fracture,False
fracatlas,fracatlas/FracAtlas,images/Fractured/IMG0002587.jpg,IMG0002587,fracture,g2554,test,train,2554,-1,,True,371db34f2595c823,leg,frontal,0,2,Annotations/YOLO/IMG0002587.txt,leg|fracture,False
fracatlas,fracatlas/FracAtlas,images/Fractured/IMG0002588.jpg,IMG0002588,fracture,g2555,train,train,2555,-1,,False,9c382343bc598ef3,leg,frontal,0,2,Annotations/YOLO/IMG0002588.txt,leg|fracture,False
fracatlas,fracatlas/FracAtlas,images/Fractured/IMG0002589.jpg,IMG0002589,fracture,g2556,train,train,2556,-1,,False,6649670d270fa70f,leg,frontal,0,4,Annotations/YOLO/IMG0002589.txt,leg|fracture,False
fracatlas,fracatlas/FracAtlas,images/Fractured/IMG0002590.jpg,IMG0002590,fracture,g2557,test,train,2557,-1,,True,0b2b0b1b5155f5e5,leg,frontal,0,2,Annotations/YOLO/IMG0002590.txt,leg|fracture,False
fracatlas,fracatlas/FracAtlas,images/Fractured/IMG0002591.jpg,IMG0002591,fracture,g2558,train,train,2558,-1,,False,1f6b1549a94ba5a5,leg,frontal,0,4,Annotations/YOLO/IMG0002591.txt,leg|fracture,False
fracatlas,fracatlas/FracAtlas,images/Fractured/IMG0002592.jpg,IMG0002592,fracture,g2559,test,train,2559,-1,,True,03f3266d839fc949,leg,frontal,0,2,Annotations/YOLO/IMG0002592.txt,leg|fracture,False
fracatlas,fracatlas/FracAtlas,images/Fractured/IMG0002593.jpg,IMG0002593,fracture,g2560,train,train,2560,-1,,False,1a7b5a534bcba40b,leg,frontal,0,3,Annotations/YOLO/IMG0002593.txt,leg|fracture,False
fracatlas,fracatlas/FracAtlas,images/Fractured/IMG0002594.jpg,IMG0002594,fracture,g2561,train,train,2561,-1,,False,36cd789d30cb41ab,mixed,frontal,1,1,Annotations/YOLO/IMG0002594.txt,mixed|fracture,False
fracatlas,fracatlas/FracAtlas,images/Fractured/IMG0002595.jpg,IMG0002595,fracture,g2562,cal,train,2562,-1,,False,db314b530dd3a50d,leg,lateral,1,2,Annotations/YOLO/IMG0002595.txt,leg|fracture,False
fracatlas,fracatlas/FracAtlas,images/Fractured/IMG0002596.jpg,IMG0002596,fracture,g2563,train,train,2563,-1,,False,33cd728d32b1cc33,leg,frontal,1,2,Annotations/YOLO/IMG0002596.txt,leg|fracture,False
fracatlas,fracatlas/FracAtlas,images/Fractured/IMG0002597.jpg,IMG0002597,fracture,g2564,train,train,2564,-1,,False,2a3b262ccddc7629,mixed,frontal,0,1,Annotations/YOLO/IMG0002597.txt,mixed|fracture,False
fracatlas,fracatlas/FracAtlas,images/Fractured/IMG0002598.jpg,IMG0002598,fracture,g2565,test,train,2565,-1,,True,1d0d1d35237b6783,leg,frontal,0,2,Annotations/YOLO/IMG0002598.txt,leg|fracture,False
fracatlas,fracatlas/FracAtlas,images/Fractured/IMG0002599.jpg,IMG0002599,fracture,g2566,test,train,2566,-1,,True,b292d292969bb44f,hand,frontal,0,2,Annotations/YOLO/IMG0002599.txt,hand|fracture,False
fracatlas,fracatlas/FracAtlas,images/Fractured/IMG0002600.jpg,IMG0002600,fracture,g2567,train,train,2567,-1,,False,2567472723679999,hand,frontal,0,1,Annotations/YOLO/IMG0002600.txt,hand|fracture,False
fracatlas,fracatlas/FracAtlas,images/Fractured/IMG0002601.jpg,IMG0002601,fracture,g2568,train,train,2568,-1,,False,889f703390cd99bb,hand,lateral,0,1,Annotations/YOLO/IMG0002601.txt,hand|fracture,False
fracatlas,fracatlas/FracAtlas,images/Fractured/IMG0002602.jpg,IMG0002602,fracture,g2569,train,train,2569,-1,,False,883de0e7305dd8d9,hand,frontal,1,1,Annotations/YOLO/IMG0002602.txt,hand|fracture,False
fracatlas,fracatlas/FracAtlas,images/Fractured/IMG0002603.jpg,IMG0002603,fracture,g2570,train,train,2570,-1,,False,8c6530cf30dbd89b,hand,lateral,1,1,Annotations/YOLO/IMG0002603.txt,hand|fracture,False
fracatlas,fracatlas/FracAtlas,images/Fractured/IMG0002604.jpg,IMG0002604,fracture,g2571,val,train,2571,-1,,False,60e030789ccfcf73,hand,lateral,1,1,Annotations/YOLO/IMG0002604.txt,hand|fracture,False
fracatlas,fracatlas/FracAtlas,images/Fractured/IMG0002605.jpg,IMG0002605,fracture,g2572,val,train,2572,-1,,False,c968666799659999,hand,oblique,0,1,Annotations/YOLO/IMG0002605.txt,hand|fracture,False
fracatlas,fracatlas/FracAtlas,images/Fractured/IMG0002606.jpg,IMG0002606,fracture,g2573,train,train,2573,-1,,False,d267669998cd9899,hand,lateral,0,1,Annotations/YOLO/IMG0002606.txt,hand|fracture,False
fracatlas,fracatlas/FracAtlas,images/Fractured/IMG0002607.jpg,IMG0002607,fracture,g2574,test,train,2574,-1,,True,d60b0a1ed241e1ff,hip,frontal,1,1,Annotations/YOLO/IMG0002607.txt,hip|fracture,False
fracatlas,fracatlas/FracAtlas,images/Fractured/IMG0002608.jpg,IMG0002608,fracture,g2575,train,train,2575,-1,,False,103c30fb0303cfff,hip,oblique,1,1,Annotations/YOLO/IMG0002608.txt,hip|fracture,False
fracatlas,fracatlas/FracAtlas,images/Fractured/IMG0002609.jpg,IMG0002609,fracture,g2576,test,train,2576,-1,,True,7ec9ccb724674849,hand,frontal,1,2,Annotations/YOLO/IMG0002609.txt,hand|fracture,False
fracatlas,fracatlas/FracAtlas,images/Fractured/IMG0002610.jpg,IMG0002610,fracture,g2577,val,train,2577,-1,,False,34d9cc37b265c899,hand,lateral,1,1,Annotations/YOLO/IMG0002610.txt,hand|fracture,False
fracatlas,fracatlas/FracAtlas,images/Fractured/IMG0002611.jpg,IMG0002611,fracture,g2578,train,train,2578,-1,,False,6363627333333359,hand,frontal,1,1,Annotations/YOLO/IMG0002611.txt,hand|fracture,False
fracatlas,fracatlas/FracAtlas,images/Fractured/IMG0002612.jpg,IMG0002612,fracture,g2579,val,train,2579,-1,,False,b5d556dab2262549,hand,lateral,1,1,Annotations/YOLO/IMG0002612.txt,hand|fracture,False
fracatlas,fracatlas/FracAtlas,images/Fractured/IMG0002613.jpg,IMG0002613,fracture,g2580,train,train,2580,-1,,False,e31d71831ce39c33,leg,frontal,1,2,Annotations/YOLO/IMG0002613.txt,leg|fracture,False
fracatlas,fracatlas/FracAtlas,images/Fractured/IMG0002614.jpg,IMG0002614,fracture,g2581,train,train,2581,-1,,False,989d38bb18997273,hand,frontal,1,1,Annotations/YOLO/IMG0002614.txt,hand|fracture,False
fracatlas,fracatlas/FracAtlas,images/Fractured/IMG0002615.jpg,IMG0002615,fracture,g1742,dropped,train,1742,-1,duplicate_of:IMG0001763,False,9aa5144d9ab7645d,hand,lateral,0,1,Annotations/YOLO/IMG0002615.txt,hand|fracture,False
fracatlas,fracatlas/FracAtlas,images/Non_fractured/IMG0002616.jpg,IMG0002616,no_fracture,g2583,train,none,2583,-1,,False,b7273311114979f9,leg,lateral,0,0,Annotations/YOLO/IMG0002616.txt,leg|no_fracture,False
fracatlas,fracatlas/FracAtlas,images/Fractured/IMG0002617.jpg,IMG0002617,fracture,g2584,train,train,2584,-1,,False,b0934c3799ce7233,leg,frontal,0,1,Annotations/YOLO/IMG0002617.txt,leg|fracture,False
fracatlas,fracatlas/FracAtlas,images/Non_fractured/IMG0002618.jpg,IMG0002618,no_fracture,g2585,train,none,2585,-1,,False,22e79c3922bd98d9,leg,lateral,0,0,Annotations/YOLO/IMG0002618.txt,leg|no_fracture,False
fracatlas,fracatlas/FracAtlas,images/Fractured/IMG0002619.jpg,IMG0002619,fracture,g2586,train,train,2586,-1,,False,a699969164ad9ae5,mixed,frontal,0,1,Annotations/YOLO/IMG0002619.txt,mixed|fracture,False
fracatlas,fracatlas/FracAtlas,images/Fractured/IMG0002620.jpg,IMG0002620,fracture,g2587,train,train,2587,-1,,False,5d758db4a46512ad,shoulder,frontal,0,1,Annotations/YOLO/IMG0002620.txt,shoulder|fracture,False
fracatlas,fracatlas/FracAtlas,images/Fractured/IMG0002621.jpg,IMG0002621,fracture,g2588,cal,train,2588,-1,,False,ba55ab232ecc72a1,shoulder,frontal,0,1,Annotations/YOLO/IMG0002621.txt,shoulder|fracture,False
fracatlas,fracatlas/FracAtlas,images/Fractured/IMG0002622.jpg,IMG0002622,fracture,g2589,train,train,2589,-1,,False,1d75714596a472d5,shoulder,frontal,0,1,Annotations/YOLO/IMG0002622.txt,shoulder|fracture,False
fracatlas,fracatlas/FracAtlas,images/Non_fractured/IMG0002623.jpg,IMG0002623,no_fracture,g2590,train,none,2590,-1,,False,4493c133e693f333,leg,frontal,0,0,Annotations/YOLO/IMG0002623.txt,leg|no_fracture,False
fracatlas,fracatlas/FracAtlas,images/Non_fractured/IMG0002624.jpg,IMG0002624,no_fracture,g2591,test,none,2591,-1,,True,b724685b96dc096b,leg,lateral,0,0,Annotations/YOLO/IMG0002624.txt,leg|no_fracture,False
fracatlas,fracatlas/FracAtlas,images/Non_fractured/IMG0002625.jpg,IMG0002625,no_fracture,g2592,train,none,2592,-1,,False,d8d95ad9c8c99899,hand,frontal,0,0,Annotations/YOLO/IMG0002625.txt,hand|no_fracture,False
fracatlas,fracatlas/FracAtlas,images/Non_fractured/IMG0002626.jpg,IMG0002626,no_fracture,g2593,test,none,2593,-1,,True,4a2d1ad94a6dd8d9,hand,lateral,0,0,Annotations/YOLO/IMG0002626.txt,hand|no_fracture,False
fracatlas,fracatlas/FracAtlas,images/Fractured/IMG0002627.jpg,IMG0002627,fracture,g2594,train,train,2594,-1,,False,6d9f0fa697064c83,shoulder,frontal,0,1,Annotations/YOLO/IMG0002627.txt,shoulder|fracture,False
fracatlas,fracatlas/FracAtlas,images/Fractured/IMG0002628.jpg,IMG0002628,fracture,g2595,train,train,2595,-1,,False,2e0b82a8b4b7974f,shoulder,frontal,0,1,Annotations/YOLO/IMG0002628.txt,shoulder|fracture,False
fracatlas,fracatlas/FracAtlas,images/Non_fractured/IMG0002629.jpg,IMG0002629,no_fracture,g1155,dropped,none,1155,-1,duplicate_of:IMG0001167,False,4979791959595999,leg,frontal,0,0,Annotations/YOLO/IMG0002629.txt,leg|no_fracture,False
fracatlas,fracatlas/FracAtlas,images/Non_fractured/IMG0002630.jpg,IMG0002630,no_fracture,g2597,train,none,2597,-1,,False,795f130958dc6969,leg,lateral,0,0,Annotations/YOLO/IMG0002630.txt,leg|no_fracture,False
fracatlas,fracatlas/FracAtlas,images/Non_fractured/IMG0002631.jpg,IMG0002631,no_fracture,g2598,train,none,2598,-1,,False,b6e1a9a1a5a9a969,leg,frontal,0,0,Annotations/YOLO/IMG0002631.txt,leg|no_fracture,False
fracatlas,fracatlas/FracAtlas,images/Non_fractured/IMG0002632.jpg,IMG0002632,no_fracture,g2599,train,none,2599,-1,,False,5993b193a64c72b5,mixed,frontal,0,0,Annotations/YOLO/IMG0002632.txt,mixed|no_fracture,False
fracatlas,fracatlas/FracAtlas,images/Non_fractured/IMG0002633.jpg,IMG0002633,no_fracture,g2600,train,none,2600,-1,,False,acd3ed1b6c29ca21,shoulder,frontal,0,0,Annotations/YOLO/IMG0002633.txt,shoulder|no_fracture,False
fracatlas,fracatlas/FracAtlas,images/Non_fractured/IMG0002634.jpg,IMG0002634,no_fracture,g2601,train,none,2601,-1,,False,d1136163e3539973,leg,frontal,0,0,Annotations/YOLO/IMG0002634.txt,leg|no_fracture,False
fracatlas,fracatlas/FracAtlas,images/Non_fractured/IMG0002635.jpg,IMG0002635,no_fracture,g2602,test,none,2602,-1,,True,6f4b19980c4d49fb,leg,lateral,0,0,Annotations/YOLO/IMG0002635.txt,leg|no_fracture,False
fracatlas,fracatlas/FracAtlas,images/Non_fractured/IMG0002636.jpg,IMG0002636,no_fracture,g2603,test,none,2603,-1,,True,991965999966d999,leg,frontal,0,0,Annotations/YOLO/IMG0002636.txt,leg|no_fracture,False
fracatlas,fracatlas/FracAtlas,images/Non_fractured/IMG0002637.jpg,IMG0002637,no_fracture,g2604,train,none,2604,-1,,False,b1536993594d9399,leg,lateral,0,0,Annotations/YOLO/IMG0002637.txt,leg|no_fracture,False
fracatlas,fracatlas/FracAtlas,images/Non_fractured/IMG0002638.jpg,IMG0002638,no_fracture,g61,dropped,none,61,-1,duplicate_of:IMG0000061,False,d2d594b5a4252dd9,leg,oblique,0,0,Annotations/YOLO/IMG0002638.txt,leg|no_fracture,False
fracatlas,fracatlas/FracAtlas,images/Non_fractured/IMG0002639.jpg,IMG0002639,no_fracture,g2606,test,none,2606,-1,,True,1973c61973363933,leg,lateral,0,0,Annotations/YOLO/IMG0002639.txt,leg|no_fracture,False
fracatlas,fracatlas/FracAtlas,images/Non_fractured/IMG0002640.jpg,IMG0002640,no_fracture,g2607,test,none,2607,-1,,True,de01fe2370673833,hand,frontal,0,0,Annotations/YOLO/IMG0002640.txt,hand|no_fracture,False
fracatlas,fracatlas/FracAtlas,images/Non_fractured/IMG0002641.jpg,IMG0002641,no_fracture,g2608,train,none,2608,-1,,False,84a5e1735ec6c355,hand,lateral,0,0,Annotations/YOLO/IMG0002641.txt,hand|no_fracture,False
fracatlas,fracatlas/FracAtlas,images/Non_fractured/IMG0002642.jpg,IMG0002642,no_fracture,g2609,train,none,2609,-1,,False,907b29399b9b29c9,leg,frontal,0,0,Annotations/YOLO/IMG0002642.txt,leg|no_fracture,False
fracatlas,fracatlas/FracAtlas,images/Non_fractured/IMG0002643.jpg,IMG0002643,no_fracture,g2610,train,none,2610,-1,,False,49a42d6b19bc09fb,leg,lateral,0,0,Annotations/YOLO/IMG0002643.txt,leg|no_fracture,False
fracatlas,fracatlas/FracAtlas,images/Non_fractured/IMG0002644.jpg,IMG0002644,no_fracture,g2611,cal,none,2611,-1,,False,84c525a1e3e76373,hand,frontal,0,0,Annotations/YOLO/IMG0002644.txt,hand|no_fracture,False
fracatlas,fracatlas/FracAtlas,images/Non_fractured/IMG0002645.jpg,IMG0002645,no_fracture,g2612,train,none,2612,-1,,False,31458cc533c7e373,hand,lateral,0,0,Annotations/YOLO/IMG0002645.txt,hand|no_fracture,False
fracatlas,fracatlas/FracAtlas,images/Fractured/IMG0002646.jpg,IMG0002646,fracture,g2613,train,train,2613,-1,,False,46b3b69999559951,hand,frontal,0,1,Annotations/YOLO/IMG0002646.txt,hand|fracture,False
fracatlas,fracatlas/FracAtlas,images/Fractured/IMG0002647.jpg,IMG0002647,fracture,g2614,cal,train,2614,-1,,False,8860b6d9c9b6d959,hand,lateral,0,1,Annotations/YOLO/IMG0002647.txt,hand|fracture,False
fracatlas,fracatlas/FracAtlas,images/Non_fractured/IMG0002648.jpg,IMG0002648,no_fracture,g2615,train,none,2615,-1,,False,446363333333b39b,hand,frontal,0,0,Annotations/YOLO/IMG0002648.txt,hand|no_fracture,False
fracatlas,fracatlas/FracAtlas,images/Non_fractured/IMG0002649.jpg,IMG0002649,no_fracture,g2616,val,none,2616,-1,,False,8dd594da226695cd,hand,lateral,0,0,Annotations/YOLO/IMG0002649.txt,hand|no_fracture,False
fracatlas,fracatlas/FracAtlas,images/Fractured/IMG0002650.jpg,IMG0002650,fracture,g2617,train,train,2617,-1,,False,183b703f60db9999,leg,frontal,0,1,Annotations/YOLO/IMG0002650.txt,leg|fracture,False
fracatlas,fracatlas/FracAtlas,images/Fractured/IMG0002651.jpg,IMG0002651,fracture,g729,train,train,729,-1,,False,988784c7c6e76333,leg,oblique,0,1,Annotations/YOLO/IMG0002651.txt,leg|fracture,False
fracatlas,fracatlas/FracAtlas,images/Fractured/IMG0002652.jpg,IMG0002652,fracture,g2619,train,train,2619,-1,,False,b2c56231b2e17373,hand,frontal,0,1,Annotations/YOLO/IMG0002652.txt,hand|fracture,False
fracatlas,fracatlas/FracAtlas,images/Fractured/IMG0002653.jpg,IMG0002653,fracture,g2620,train,train,2620,-1,,False,c6659a3362cd3273,hand,lateral,0,1,Annotations/YOLO/IMG0002653.txt,hand|fracture,False
fracatlas,fracatlas/FracAtlas,images/Non_fractured/IMG0002654.jpg,IMG0002654,no_fracture,g2621,train,none,2621,-1,,False,3363c1e5c5633333,leg,frontal,0,0,Annotations/YOLO/IMG0002654.txt,leg|no_fracture,False
fracatlas,fracatlas/FracAtlas,images/Non_fractured/IMG0002655.jpg,IMG0002655,no_fracture,g2622,train,none,2622,-1,,False,3b1f1f0f0f470313,leg,oblique,0,0,Annotations/YOLO/IMG0002655.txt,leg|no_fracture,False
fracatlas,fracatlas/FracAtlas,images/Non_fractured/IMG0002656.jpg,IMG0002656,no_fracture,g2623,test,none,2623,-1,,True,01535193d993f3b3,leg,frontal,0,0,Annotations/YOLO/IMG0002656.txt,leg|no_fracture,False
fracatlas,fracatlas/FracAtlas,images/Non_fractured/IMG0002657.jpg,IMG0002657,no_fracture,g2624,test,none,2624,-1,,True,4190a363d3965bdb,leg,lateral,0,0,Annotations/YOLO/IMG0002657.txt,leg|no_fracture,False
fracatlas,fracatlas/FracAtlas,images/Non_fractured/IMG0002658.jpg,IMG0002658,no_fracture,g2625,train,none,2625,-1,,False,22c49999d9c9d9d9,hand,frontal,0,0,Annotations/YOLO/IMG0002658.txt,hand|no_fracture,False
fracatlas,fracatlas/FracAtlas,images/Non_fractured/IMG0002659.jpg,IMG0002659,no_fracture,g2626,train,none,2626,-1,,False,20cc6b1b99cf9999,hand,lateral,0,0,Annotations/YOLO/IMG0002659.txt,hand|no_fracture,False
fracatlas,fracatlas/FracAtlas,images/Non_fractured/IMG0002660.jpg,IMG0002660,no_fracture,g2627,train,none,2627,-1,,False,c863c933e363c933,leg,frontal,0,0,Annotations/YOLO/IMG0002660.txt,leg|no_fracture,False
fracatlas,fracatlas/FracAtlas,images/Non_fractured/IMG0002661.jpg,IMG0002661,no_fracture,g2628,train,none,2628,-1,,False,c32464db91b859db,leg,lateral,0,0,Annotations/YOLO/IMG0002661.txt,leg|no_fracture,False
fracatlas,fracatlas/FracAtlas,images/Non_fractured/IMG0002662.jpg,IMG0002662,no_fracture,g2629,train,none,2629,-1,,False,d96d9249b649b299,leg,frontal,0,0,Annotations/YOLO/IMG0002662.txt,leg|no_fracture,False
fracatlas,fracatlas/FracAtlas,images/Non_fractured/IMG0002663.jpg,IMG0002663,no_fracture,g2630,train,none,2630,-1,,False,19e318631cf37333,leg,lateral,0,0,Annotations/YOLO/IMG0002663.txt,leg|no_fracture,False
fracatlas,fracatlas/FracAtlas,images/Fractured/IMG0002664.jpg,IMG0002664,fracture,g2631,train,train,2631,-1,,False,83c3790c84f65c3f,mixed,frontal,0,1,Annotations/YOLO/IMG0002664.txt,mixed|fracture,False
fracatlas,fracatlas/FracAtlas,images/Non_fractured/IMG0002665.jpg,IMG0002665,no_fracture,g2632,train,none,2632,-1,,False,030fc3339b93e333,leg,frontal,0,0,Annotations/YOLO/IMG0002665.txt,leg|no_fracture,False
fracatlas,fracatlas/FracAtlas,images/Non_fractured/IMG0002666.jpg,IMG0002666,no_fracture,g2633,cal,none,2633,-1,,False,03266853b3b459fb,leg,lateral,0,0,Annotations/YOLO/IMG0002666.txt,leg|no_fracture,False
fracatlas,fracatlas/FracAtlas,images/Non_fractured/IMG0002667.jpg,IMG0002667,no_fracture,g2634,train,none,2634,-1,,False,32ad266d6c6d48d9,hand,frontal,0,0,Annotations/YOLO/IMG0002667.txt,hand|no_fracture,False
fracatlas,fracatlas/FracAtlas,images/Fractured/IMG0002668.jpg,IMG0002668,fracture,g2635,train,train,2635,-1,,False,4d919a2ab26595dd,hand,lateral,0,1,Annotations/YOLO/IMG0002668.txt,hand|fracture,False
fracatlas,fracatlas/FracAtlas,images/Non_fractured/IMG0002669.jpg,IMG0002669,no_fracture,g2636,train,none,2636,-1,,False,8c8c23c3c3c7e3e3,hand,frontal,0,0,Annotations/YOLO/IMG0002669.txt,hand|no_fracture,False
fracatlas,fracatlas/FracAtlas,images/Non_fractured/IMG0002670.jpg,IMG0002670,no_fracture,g2637,val,none,2637,-1,,False,2021e3c7c6e37373,hand,oblique,0,0,Annotations/YOLO/IMG0002670.txt,hand|no_fracture,False
fracatlas,fracatlas/FracAtlas,images/Non_fractured/IMG0002671.jpg,IMG0002671,no_fracture,g2638,val,none,2638,-1,,False,00cf60db19d9739b,leg,frontal,0,0,Annotations/YOLO/IMG0002671.txt,leg|no_fracture,False
fracatlas,fracatlas/FracAtlas,images/Non_fractured/IMG0002672.jpg,IMG0002672,no_fracture,g2639,train,none,2639,-1,,False,0f13246b5bbc09f9,leg,lateral,0,0,Annotations/YOLO/IMG0002672.txt,leg|no_fracture,False
fracatlas,fracatlas/FracAtlas,images/Non_fractured/IMG0002673.jpg,IMG0002673,no_fracture,g2640,train,none,2640,-1,,False,411b4c034b9bfbb3,leg,frontal,0,0,Annotations/YOLO/IMG0002673.txt,leg|no_fracture,False
fracatlas,fracatlas/FracAtlas,images/Non_fractured/IMG0002674.jpg,IMG0002674,no_fracture,g2641,cal,none,2641,-1,,False,62fdd0bd22b79411,leg,frontal,0,0,Annotations/YOLO/IMG0002674.txt,leg|no_fracture,False
fracatlas,fracatlas/FracAtlas,images/Non_fractured/IMG0002675.jpg,IMG0002675,no_fracture,g2642,train,none,2642,-1,,False,bc6e6333303411fb,leg,lateral,0,0,Annotations/YOLO/IMG0002675.txt,leg|no_fracture,False
fracatlas,fracatlas/FracAtlas,images/Non_fractured/IMG0002676.jpg,IMG0002676,no_fracture,g2643,train,none,2643,-1,,False,3299cc3333cc6373,leg,frontal,0,0,Annotations/YOLO/IMG0002676.txt,leg|no_fracture,False
fracatlas,fracatlas/FracAtlas,images/Non_fractured/IMG0002677.jpg,IMG0002677,no_fracture,g960,dropped,none,960,-1,duplicate_of:IMG0000970,False,92d964b3999c3333,leg,lateral,0,0,Annotations/YOLO/IMG0002677.txt,leg|no_fracture,False
fracatlas,fracatlas/FracAtlas,images/Non_fractured/IMG0002678.jpg,IMG0002678,no_fracture,g2645,train,none,2645,-1,,False,44421393e3e77373,hand,frontal,0,0,Annotations/YOLO/IMG0002678.txt,hand|no_fracture,False
fracatlas,fracatlas/FracAtlas,images/Non_fractured/IMG0002679.jpg,IMG0002679,no_fracture,g2646,cal,none,2646,-1,,False,c861616766333b9b,hand,oblique,0,0,Annotations/YOLO/IMG0002679.txt,hand|no_fracture,False
fracatlas,fracatlas/FracAtlas,images/Non_fractured/IMG0002680.jpg,IMG0002680,no_fracture,g2647,test,none,2647,-1,,True,3367463399663333,leg,frontal,0,0,Annotations/YOLO/IMG0002680.txt,leg|no_fracture,False
fracatlas,fracatlas/FracAtlas,images/Non_fractured/IMG0002681.jpg,IMG0002681,no_fracture,g2648,cal,none,2648,-1,,False,532d165349ce9b99,leg,lateral,0,0,Annotations/YOLO/IMG0002681.txt,leg|no_fracture,False
fracatlas,fracatlas/FracAtlas,images/Non_fractured/IMG0002682.jpg,IMG0002682,no_fracture,g2649,train,none,2649,-1,,False,309b90f3e4677233,hand,oblique,0,0,Annotations/YOLO/IMG0002682.txt,hand|no_fracture,False
fracatlas,fracatlas/FracAtlas,images/Non_fractured/IMG0002683.jpg,IMG0002683,no_fracture,g2650,train,none,2650,-1,,False,1ec1e2731c8de2e3,hand,lateral,0,0,Annotations/YOLO/IMG0002683.txt,hand|no_fracture,False
fracatlas,fracatlas/FracAtlas,images/Non_fractured/IMG0002684.jpg,IMG0002684,no_fracture,g2651,train,none,2651,-1,,False,d0d949632637339b,hand,oblique,0,0,Annotations/YOLO/IMG0002684.txt,hand|no_fracture,False
fracatlas,fracatlas/FracAtlas,images/Non_fractured/IMG0002685.jpg,IMG0002685,no_fracture,g2652,train,none,2652,-1,,False,5959d94949597999,leg,frontal,0,0,Annotations/YOLO/IMG0002685.txt,leg|no_fracture,False
fracatlas,fracatlas/FracAtlas,images/Non_fractured/IMG0002686.jpg,IMG0002686,no_fracture,g2653,train,none,2653,-1,,False,3c2f4b112c4c59fb,leg,lateral,0,0,Annotations/YOLO/IMG0002686.txt,leg|no_fracture,False
fracatlas,fracatlas/FracAtlas,images/Non_fractured/IMG0002687.jpg,IMG0002687,no_fracture,g2654,test,none,2654,-1,,True,e05bd8bb301bc999,leg,frontal,0,0,Annotations/YOLO/IMG0002687.txt,leg|no_fracture,False
fracatlas,fracatlas/FracAtlas,images/Non_fractured/IMG0002688.jpg,IMG0002688,no_fracture,g2655,train,none,2655,-1,,False,0a4ec9599a1ebb71,leg,lateral,0,0,Annotations/YOLO/IMG0002688.txt,leg|no_fracture,False
fracatlas,fracatlas/FracAtlas,images/Non_fractured/IMG0002689.jpg,IMG0002689,no_fracture,g2656,train,none,2656,-1,,False,b127a2ad2ecd36a1,mixed,frontal,0,0,Annotations/YOLO/IMG0002689.txt,mixed|no_fracture,False
fracatlas,fracatlas/FracAtlas,images/Non_fractured/IMG0002690.jpg,IMG0002690,no_fracture,g2657,val,none,2657,-1,,False,fa51723336339899,leg,frontal,0,0,Annotations/YOLO/IMG0002690.txt,leg|no_fracture,False
fracatlas,fracatlas/FracAtlas,images/Non_fractured/IMG0002691.jpg,IMG0002691,no_fracture,g2658,train,none,2658,-1,,False,a82b62631e1de4f5,leg,oblique,0,0,Annotations/YOLO/IMG0002691.txt,leg|no_fracture,False
fracatlas,fracatlas/FracAtlas,images/Non_fractured/IMG0002692.jpg,IMG0002692,no_fracture,g2659,val,none,2659,-1,,False,e6f7423b8ca7440b,shoulder,frontal,0,0,Annotations/YOLO/IMG0002692.txt,shoulder|no_fracture,False
fracatlas,fracatlas/FracAtlas,images/Non_fractured/IMG0002693.jpg,IMG0002693,no_fracture,g2660,train,none,2660,-1,,False,8cc2630387cfe3e3,hand,frontal,0,0,Annotations/YOLO/IMG0002693.txt,hand|no_fracture,False
fracatlas,fracatlas/FracAtlas,images/Non_fractured/IMG0002694.jpg,IMG0002694,no_fracture,g2661,train,none,2661,-1,,False,ce8d3263c68de263,hand,lateral,0,0,Annotations/YOLO/IMG0002694.txt,hand|no_fracture,False
fracatlas,fracatlas/FracAtlas,images/Non_fractured/IMG0002695.jpg,IMG0002695,no_fracture,g2662,cal,none,2662,-1,,False,96e7e1e1a1e1a961,leg,frontal,0,0,Annotations/YOLO/IMG0002695.txt,leg|no_fracture,False
fracatlas,fracatlas/FracAtlas,images/Non_fractured/IMG0002696.jpg,IMG0002696,no_fracture,g2663,train,none,2663,-1,,False,664cc959496dc9d9,hand,frontal,0,0,Annotations/YOLO/IMG0002696.txt,hand|no_fracture,False
fracatlas,fracatlas/FracAtlas,images/Non_fractured/IMG0002697.jpg,IMG0002697,no_fracture,g2664,train,none,2664,-1,,False,c899b92f666d4949,hand,oblique,0,0,Annotations/YOLO/IMG0002697.txt,hand|no_fracture,False
fracatlas,fracatlas/FracAtlas,images/Non_fractured/IMG0002698.jpg,IMG0002698,no_fracture,g2665,train,none,2665,-1,,False,2cd5d122ad99ee29,mixed,frontal,0,0,Annotations/YOLO/IMG0002698.txt,mixed|no_fracture,False
fracatlas,fracatlas/FracAtlas,images/Non_fractured/IMG0002699.jpg,IMG0002699,no_fracture,g2666,cal,none,2666,-1,,False,e9545199b44de639,shoulder,frontal,0,0,Annotations/YOLO/IMG0002699.txt,shoulder|no_fracture,False
fracatlas,fracatlas/FracAtlas,images/Non_fractured/IMG0002700.jpg,IMG0002700,no_fracture,g2667,train,none,2667,-1,,False,02ef62bb60db3299,leg,frontal,0,0,Annotations/YOLO/IMG0002700.txt,leg|no_fracture,False
fracatlas,fracatlas/FracAtlas,images/Fractured/IMG0002701.jpg,IMG0002701,fracture,g2668,cal,train,2668,-1,,False,f9d9994199d03ba1,hip,frontal,0,1,Annotations/YOLO/IMG0002701.txt,hip|fracture,False
fracatlas,fracatlas/FracAtlas,images/Non_fractured/IMG0002702.jpg,IMG0002702,no_fracture,g2669,train,none,2669,-1,,False,02bae00fb3070f7f,leg,lateral,0,0,Annotations/YOLO/IMG0002702.txt,leg|no_fracture,False
fracatlas,fracatlas/FracAtlas,images/Non_fractured/IMG0002703.jpg,IMG0002703,no_fracture,g2670,train,none,2670,-1,,False,98259827587f7a99,leg,frontal,0,0,Annotations/YOLO/IMG0002703.txt,leg|no_fracture,False
fracatlas,fracatlas/FracAtlas,images/Fractured/IMG0002704.jpg,IMG0002704,fracture,g2671,train,train,2671,-1,,False,9999991b36279999,leg,frontal,0,1,Annotations/YOLO/IMG0002704.txt,leg|fracture,False
fracatlas,fracatlas/FracAtlas,images/Fractured/IMG0002705.jpg,IMG0002705,fracture,g2672,train,train,2672,-1,,False,c9c9c16366673399,leg,oblique,0,1,Annotations/YOLO/IMG0002705.txt,leg|fracture,False
fracatlas,fracatlas/FracAtlas,images/Non_fractured/IMG0002706.jpg,IMG0002706,no_fracture,g2673,test,none,2673,-1,,True,e4b5c43ba1b59531,leg,frontal,0,0,Annotations/YOLO/IMG0002706.txt,leg|no_fracture,False
fracatlas,fracatlas/FracAtlas,images/Non_fractured/IMG0002707.jpg,IMG0002707,no_fracture,g2674,train,none,2674,-1,,False,8dd113161c3171ff,leg,lateral,0,0,Annotations/YOLO/IMG0002707.txt,leg|no_fracture,False
fracatlas,fracatlas/FracAtlas,images/Non_fractured/IMG0002708.jpg,IMG0002708,no_fracture,g2675,train,none,2675,-1,,False,b849ab4bab0f0b4b,leg,frontal,0,0,Annotations/YOLO/IMG0002708.txt,leg|no_fracture,False
fracatlas,fracatlas/FracAtlas,images/Non_fractured/IMG0002709.jpg,IMG0002709,no_fracture,g2676,train,none,2676,-1,,False,93c3b3119933e333,leg,frontal,0,0,Annotations/YOLO/IMG0002709.txt,leg|no_fracture,False
fracatlas,fracatlas/FracAtlas,images/Non_fractured/IMG0002710.jpg,IMG0002710,no_fracture,g2677,cal,none,2677,-1,,False,d0b42b5b909859fb,leg,lateral,0,0,Annotations/YOLO/IMG0002710.txt,leg|no_fracture,False
fracatlas,fracatlas/FracAtlas,images/Non_fractured/IMG0002711.jpg,IMG0002711,no_fracture,g2678,train,none,2678,-1,,False,96e5b5e1a5a5a161,leg,frontal,0,0,Annotations/YOLO/IMG0002711.txt,leg|no_fracture,False
fracatlas,fracatlas/FracAtlas,images/Non_fractured/IMG0002712.jpg,IMG0002712,no_fracture,g2679,train,none,2679,-1,,False,ed0d6989a70d6ea1,shoulder,frontal,0,0,Annotations/YOLO/IMG0002712.txt,shoulder|no_fracture,False
fracatlas,fracatlas/FracAtlas,images/Non_fractured/IMG0002713.jpg,IMG0002713,no_fracture,g2680,train,none,2680,-1,,False,bd95a5a1a5a5a1e1,leg,frontal,0,0,Annotations/YOLO/IMG0002713.txt,leg|no_fracture,False
fracatlas,fracatlas/FracAtlas,images/Non_fractured/IMG0002715.jpg,IMG0002715,no_fracture,g2681,test,none,2681,-1,,True,3e311c9fcfa41827,mixed,frontal,0,0,Annotations/YOLO/IMG0002715.txt,mixed|no_fracture,False
fracatlas,fracatlas/FracAtlas,images/Non_fractured/IMG0002716.jpg,IMG0002716,no_fracture,g2682,test,none,2682,-1,,True,1b39d12363f4ee03,mixed,frontal,0,0,Annotations/YOLO/IMG0002716.txt,mixed|no_fracture,False
fracatlas,fracatlas/FracAtlas,images/Non_fractured/IMG0002717.jpg,IMG0002717,no_fracture,g2683,val,none,2683,-1,,False,d45342ec8c95f547,mixed,frontal,0,0,Annotations/YOLO/IMG0002717.txt,mixed|no_fracture,False
fracatlas,fracatlas/FracAtlas,images/Non_fractured/IMG0002718.jpg,IMG0002718,no_fracture,g2684,test,none,2684,-1,,True,6642d1936373d933,leg,frontal,0,0,Annotations/YOLO/IMG0002718.txt,leg|no_fracture,False
fracatlas,fracatlas/FracAtlas,images/Non_fractured/IMG0002719.jpg,IMG0002719,no_fracture,g2685,train,none,2685,-1,,False,a0646f13307c59fb,leg,lateral,0,0,Annotations/YOLO/IMG0002719.txt,leg|no_fracture,False
fracatlas,fracatlas/FracAtlas,images/Non_fractured/IMG0002720.jpg,IMG0002720,no_fracture,g2686,val,none,2686,-1,,False,ca3962cd33cdc233,leg,frontal,0,0,Annotations/YOLO/IMG0002720.txt,leg|no_fracture,False
fracatlas,fracatlas/FracAtlas,images/Non_fractured/IMG0002721.jpg,IMG0002721,no_fracture,g2687,train,none,2687,-1,,False,3cf1867d624d3833,leg,lateral,0,0,Annotations/YOLO/IMG0002721.txt,leg|no_fracture,False
fracatlas,fracatlas/FracAtlas,images/Non_fractured/IMG0002722.jpg,IMG0002722,no_fracture,g2688,train,none,2688,-1,,False,7a1c4d593a16f351,leg,lateral,0,0,Annotations/YOLO/IMG0002722.txt,leg|no_fracture,False
fracatlas,fracatlas/FracAtlas,images/Non_fractured/IMG0002723.jpg,IMG0002723,no_fracture,g2689,cal,none,2689,-1,,False,b1b3295b9b9909c9,leg,frontal,0,0,Annotations/YOLO/IMG0002723.txt,leg|no_fracture,False
fracatlas,fracatlas/FracAtlas,images/Non_fractured/IMG0002724.jpg,IMG0002724,no_fracture,g2690,train,none,2690,-1,,False,0183d3e39933f333,leg,frontal,0,0,Annotations/YOLO/IMG0002724.txt,leg|no_fracture,False
fracatlas,fracatlas/FracAtlas,images/Non_fractured/IMG0002725.jpg,IMG0002725,no_fracture,g2691,test,none,2691,-1,,True,5826235b90bcd9db,leg,lateral,0,0,Annotations/YOLO/IMG0002725.txt,leg|no_fracture,False
fracatlas,fracatlas/FracAtlas,images/Non_fractured/IMG0002726.jpg,IMG0002726,no_fracture,g2692,val,none,2692,-1,,False,b965d599a925494d,hand,frontal,0,0,Annotations/YOLO/IMG0002726.txt,hand|no_fracture,False
fracatlas,fracatlas/FracAtlas,images/Non_fractured/IMG0002727.jpg,IMG0002727,no_fracture,g1480,train,none,1480,-1,,False,99cd25319965d999,hand,lateral,0,0,Annotations/YOLO/IMG0002727.txt,hand|no_fracture,False
fracatlas,fracatlas/FracAtlas,images/Non_fractured/IMG0002728.jpg,IMG0002728,no_fracture,g2694,train,none,2694,-1,,False,49497959d9d95133,leg,frontal,0,0,Annotations/YOLO/IMG0002728.txt,leg|no_fracture,False
fracatlas,fracatlas/FracAtlas,images/Non_fractured/IMG0002729.jpg,IMG0002729,no_fracture,g2695,val,none,2695,-1,,False,78377319189859db,leg,lateral,0,0,Annotations/YOLO/IMG0002729.txt,leg|no_fracture,False
fracatlas,fracatlas/FracAtlas,images/Non_fractured/IMG0002730.jpg,IMG0002730,no_fracture,g373,dropped,none,373,-1,duplicate_of:IMG0000375,False,3929296d6c4dd999,leg,frontal,0,0,Annotations/YOLO/IMG0002730.txt,leg|no_fracture,False
fracatlas,fracatlas/FracAtlas,images/Fractured/IMG0002731.jpg,IMG0002731,fracture,g2697,train,train,2697,-1,,False,99bda425646d49d9,leg,oblique,0,1,Annotations/YOLO/IMG0002731.txt,leg|fracture,False
fracatlas,fracatlas/FracAtlas,images/Fractured/IMG0002732.jpg,IMG0002732,fracture,g2698,test,train,2698,-1,,True,5ad1d495b525ad89,leg,oblique,0,1,Annotations/YOLO/IMG0002732.txt,leg|fracture,False
fracatlas,fracatlas/FracAtlas,images/Non_fractured/IMG0002733.jpg,IMG0002733,no_fracture,g2699,train,none,2699,-1,,False,c81b499b699b5999,leg,frontal,0,0,Annotations/YOLO/IMG0002733.txt,leg|no_fracture,False
fracatlas,fracatlas/FracAtlas,images/Non_fractured/IMG0002734.jpg,IMG0002734,no_fracture,g2700,train,none,2700,-1,,False,cfb02779139e4949,leg,lateral,0,0,Annotations/YOLO/IMG0002734.txt,leg|no_fracture,False
fracatlas,fracatlas/FracAtlas,images/Non_fractured/IMG0002735.jpg,IMG0002735,no_fracture,g2701,train,none,2701,-1,,False,ec8d38296c6d49d9,hand,frontal,0,0,Annotations/YOLO/IMG0002735.txt,hand|no_fracture,False
fracatlas,fracatlas/FracAtlas,images/Non_fractured/IMG0002736.jpg,IMG0002736,no_fracture,g1815,dropped,none,1815,-1,duplicate_of:IMG0001837,False,6e2d3a696c6d4859,hand,oblique,0,0,Annotations/YOLO/IMG0002736.txt,hand|no_fracture,False
fracatlas,fracatlas/FracAtlas,images/Fractured/IMG0002737.jpg,IMG0002737,fracture,g2701,train,train,2701,-1,,False,ec8d38396c6d48d9,hand,frontal,0,1,Annotations/YOLO/IMG0002737.txt,hand|fracture,False
fracatlas,fracatlas/FracAtlas,images/Fractured/IMG0002738.jpg,IMG0002738,fracture,g2704,cal,train,2704,-1,,False,4e2d72714ccdd899,hand,frontal,0,1,Annotations/YOLO/IMG0002738.txt,hand|fracture,False
fracatlas,fracatlas/FracAtlas,images/Non_fractured/IMG0002739.jpg,IMG0002739,no_fracture,g2705,train,none,2705,-1,,False,1869286d6c6dd9d9,leg,frontal,0,0,Annotations/YOLO/IMG0002739.txt,leg|no_fracture,False
fracatlas,fracatlas/FracAtlas,images/Non_fractured/IMG0002740.jpg,IMG0002740,no_fracture,g2706,train,none,2706,-1,,False,ded194b5a425acc9,leg,oblique,0,0,Annotations/YOLO/IMG0002740.txt,leg|no_fracture,False
fracatlas,fracatlas/FracAtlas,images/Non_fractured/IMG0002741.jpg,IMG0002741,no_fracture,g2707,test,none,2707,-1,,True,90c4669b99659bd5,hand,lateral,0,0,Annotations/YOLO/IMG0002741.txt,hand|no_fracture,False
fracatlas,fracatlas/FracAtlas,images/Non_fractured/IMG0002742.jpg,IMG0002742,no_fracture,g2708,test,none,2708,-1,,True,66cd8a196e6d4959,hand,frontal,0,0,Annotations/YOLO/IMG0002742.txt,hand|no_fracture,False
fracatlas,fracatlas/FracAtlas,images/Non_fractured/IMG0002743.jpg,IMG0002743,no_fracture,g2709,train,none,2709,-1,,False,c6c3666363333399,hand,frontal,0,0,Annotations/YOLO/IMG0002743.txt,hand|no_fracture,False
fracatlas,fracatlas/FracAtlas,images/Non_fractured/IMG0002744.jpg,IMG0002744,no_fracture,g2710,val,none,2710,-1,,False,dd15d27a226625d9,hand,lateral,0,0,Annotations/YOLO/IMG0002744.txt,hand|no_fracture,False
fracatlas,fracatlas/FracAtlas,images/Fractured/IMG0002745.jpg,IMG0002745,fracture,g2711,test,train,2711,-1,,True,8e8dce8dc6c56233,hand,frontal,0,2,Annotations/YOLO/IMG0002745.txt,hand|fracture,False
fracatlas,fracatlas/FracAtlas,images/Fractured/IMG0002746.jpg,IMG0002746,fracture,g2712,train,train,2712,-1,,False,94b7a82b5ad3942d,hand,lateral,0,2,Annotations/YOLO/IMG0002746.txt,hand|fracture,False
fracatlas,fracatlas/FracAtlas,images/Non_fractured/IMG0002747.jpg,IMG0002747,no_fracture,g2713,train,none,2713,-1,,False,c83382f3c2e39373,leg,frontal,0,0,Annotations/YOLO/IMG0002747.txt,leg|no_fracture,False
fracatlas,fracatlas/FracAtlas,images/Non_fractured/IMG0002748.jpg,IMG0002748,no_fracture,g2714,train,none,2714,-1,,False,3a86c1713256e3f3,leg,lateral,0,0,Annotations/YOLO/IMG0002748.txt,leg|no_fracture,False
fracatlas,fracatlas/FracAtlas,images/Fractured/IMG0002749.jpg,IMG0002749,fracture,g2715,train,train,2715,-1,,False,c826038e4df327db,mixed,frontal,1,1,Annotations/YOLO/IMG0002749.txt,mixed|fracture,False
fracatlas,fracatlas/FracAtlas,images/Fractured/IMG0002750.jpg,IMG0002750,fracture,g2716,train,train,2716,-1,,False,7031988f83c76f33,mixed,frontal,1,1,Annotations/YOLO/IMG0002750.txt,mixed|fracture,False
fracatlas,fracatlas/FracAtlas,images/Non_fractured/IMG0002751.jpg,IMG0002751,no_fracture,g2717,cal,none,2717,-1,,False,b24d66b359c6b219,leg,frontal,0,0,Annotations/YOLO/IMG0002751.txt,leg|no_fracture,False
fracatlas,fracatlas/FracAtlas,images/Non_fractured/IMG0002752.jpg,IMG0002752,no_fracture,g2718,train,none,2718,-1,,False,98cd66b31866e2e3,leg,lateral,0,0,Annotations/YOLO/IMG0002752.txt,leg|no_fracture,False
fracatlas,fracatlas/FracAtlas,images/Non_fractured/IMG0002753.jpg,IMG0002753,no_fracture,g2719,train,none,2719,-1,,False,f571f9313131d911,leg,frontal,0,0,Annotations/YOLO/IMG0002753.txt,leg|no_fracture,False
fracatlas,fracatlas/FracAtlas,images/Non_fractured/IMG0002754.jpg,IMG0002754,no_fracture,g2720,train,none,2720,-1,,False,70367b199cbc4969,leg,lateral,0,0,Annotations/YOLO/IMG0002754.txt,leg|no_fracture,False
fracatlas,fracatlas/FracAtlas,images/Non_fractured/IMG0002755.jpg,IMG0002755,no_fracture,g2721,train,none,2721,-1,,False,6433c83b6333d933,leg,frontal,0,0,Annotations/YOLO/IMG0002755.txt,leg|no_fracture,False
fracatlas,fracatlas/FracAtlas,images/Non_fractured/IMG0002756.jpg,IMG0002756,no_fracture,g2722,train,none,2722,-1,,False,731dc6f31d06a351,leg,lateral,0,0,Annotations/YOLO/IMG0002756.txt,leg|no_fracture,False
fracatlas,fracatlas/FracAtlas,images/Non_fractured/IMG0002757.jpg,IMG0002757,no_fracture,g2723,train,none,2723,-1,,False,e87b703332339999,leg,oblique,0,0,Annotations/YOLO/IMG0002757.txt,leg|no_fracture,False
fracatlas,fracatlas/FracAtlas,images/Non_fractured/IMG0002758.jpg,IMG0002758,no_fracture,g2724,train,none,2724,-1,,False,1b1b1b0f86c6c373,leg,oblique,0,0,Annotations/YOLO/IMG0002758.txt,leg|no_fracture,False
fracatlas,fracatlas/FracAtlas,images/Non_fractured/IMG0002759.jpg,IMG0002759,no_fracture,g2725,train,none,2725,-1,,False,6699196699664dd9,leg,frontal,0,0,Annotations/YOLO/IMG0002759.txt,leg|no_fracture,False
fracatlas,fracatlas/FracAtlas,images/Non_fractured/IMG0002760.jpg,IMG0002760,no_fracture,g2726,train,none,2726,-1,,False,32d96c3349cd9999,leg,lateral,0,0,Annotations/YOLO/IMG0002760.txt,leg|no_fracture,False
fracatlas,fracatlas/FracAtlas,images/Non_fractured/IMG0002761.jpg,IMG0002761,no_fracture,g1194,dropped,none,1194,-1,duplicate_of:IMG0001206,False,c062339373677333,hand,frontal,0,0,Annotations/YOLO/IMG0002761.txt,hand|no_fracture,False
fracatlas,fracatlas/FracAtlas,images/Non_fractured/IMG0002762.jpg,IMG0002762,no_fracture,g2728,train,none,2728,-1,,False,62c4e33333c56373,hand,lateral,0,0,Annotations/YOLO/IMG0002762.txt,hand|no_fracture,False
fracatlas,fracatlas/FracAtlas,images/Non_fractured/IMG0002763.jpg,IMG0002763,no_fracture,g2729,test,none,2729,-1,,True,30df60db36337119,leg,frontal,0,0,Annotations/YOLO/IMG0002763.txt,leg|no_fracture,False
fracatlas,fracatlas/FracAtlas,images/Non_fractured/IMG0002764.jpg,IMG0002764,no_fracture,g2730,train,none,2730,-1,,False,31b3993b3137311b,hand,frontal,0,0,Annotations/YOLO/IMG0002764.txt,hand|no_fracture,False
fracatlas,fracatlas/FracAtlas,images/Non_fractured/IMG0002765.jpg,IMG0002765,no_fracture,g2731,val,none,2731,-1,,False,ce656231c6c5e273,hand,oblique,0,0,Annotations/YOLO/IMG0002765.txt,hand|no_fracture,False
fracatlas,fracatlas/FracAtlas,images/Non_fractured/IMG0002766.jpg,IMG0002766,no_fracture,g2732,train,none,2732,-1,,False,cc6633cc334dcc99,leg,frontal,0,0,Annotations/YOLO/IMG0002766.txt,leg|no_fracture,False
fracatlas,fracatlas/FracAtlas,images/Non_fractured/IMG0002767.jpg,IMG0002767,no_fracture,g1395,dropped,none,1395,-1,duplicate_of:IMG0001409,False,a4d36d96594d9319,leg,lateral,0,0,Annotations/YOLO/IMG0002767.txt,leg|no_fracture,False
fracatlas,fracatlas/FracAtlas,images/Fractured/IMG0002768.jpg,IMG0002768,fracture,g2734,train,train,2734,-1,,False,fcccc104a4b653bb,mixed,frontal,0,1,Annotations/YOLO/IMG0002768.txt,mixed|fracture,False
fracatlas,fracatlas/FracAtlas,images/Non_fractured/IMG0002769.jpg,IMG0002769,no_fracture,g2735,test,none,2735,-1,,True,669b1b3332339999,leg,frontal,0,0,Annotations/YOLO/IMG0002769.txt,leg|no_fracture,False
fracatlas,fracatlas/FracAtlas,images/Non_fractured/IMG0002770.jpg,IMG0002770,no_fracture,g2736,train,none,2736,-1,,False,241f1c8f8f47c393,leg,oblique,0,0,Annotations/YOLO/IMG0002770.txt,leg|no_fracture,False
fracatlas,fracatlas/FracAtlas,images/Non_fractured/IMG0002771.jpg,IMG0002771,no_fracture,g2737,cal,none,2737,-1,,False,d95b623326279999,leg,frontal,0,0,Annotations/YOLO/IMG0002771.txt,leg|no_fracture,False
fracatlas,fracatlas/FracAtlas,images/Non_fractured/IMG0002772.jpg,IMG0002772,no_fracture,g2724,dropped,none,2724,-1,duplicate_of:IMG0002758,False,1b1b1f0f07c6c333,leg,oblique,0,0,Annotations/YOLO/IMG0002772.txt,leg|no_fracture,False
fracatlas,fracatlas/FracAtlas,images/Non_fractured/IMG0002773.jpg,IMG0002773,no_fracture,g2739,train,none,2739,-1,,False,40935173e3d3d333,leg,frontal,0,0,Annotations/YOLO/IMG0002773.txt,leg|no_fracture,False
fracatlas,fracatlas/FracAtlas,images/Non_fractured/IMG0002774.jpg,IMG0002774,no_fracture,g2740,train,none,2740,-1,,False,9184615393fc49fb,leg,lateral,0,0,Annotations/YOLO/IMG0002774.txt,leg|no_fracture,False
fracatlas,fracatlas/FracAtlas,images/Non_fractured/IMG0002775.jpg,IMG0002775,no_fracture,g2741,train,none,2741,-1,,False,ced6d1e1a1e52169,leg,lateral,0,0,Annotations/YOLO/IMG0002775.txt,leg|no_fracture,False
fracatlas,fracatlas/FracAtlas,images/Non_fractured/IMG0002776.jpg,IMG0002776,no_fracture,g2742,train,none,2742,-1,,False,ba089b9b999349d9,hand,frontal,0,0,Annotations/YOLO/IMG0002776.txt,hand|no_fracture,False
fracatlas,fracatlas/FracAtlas,images/Non_fractured/IMG0002777.jpg,IMG0002777,no_fracture,g2743,train,none,2743,-1,,False,b7b1d9d0d4cc4949,hand,lateral,0,0,Annotations/YOLO/IMG0002777.txt,hand|no_fracture,False
fracatlas,fracatlas/FracAtlas,images/Non_fractured/IMG0002778.jpg,IMG0002778,no_fracture,g2744,train,none,2744,-1,,False,9c63669971669999,leg,frontal,0,0,Annotations/YOLO/IMG0002778.txt,leg|no_fracture,False
fracatlas,fracatlas/FracAtlas,images/Non_fractured/IMG0002779.jpg,IMG0002779,no_fracture,g2745,train,none,2745,-1,,False,6da452496d4ed999,leg,lateral,0,0,Annotations/YOLO/IMG0002779.txt,leg|no_fracture,False
fracatlas,fracatlas/FracAtlas,images/Non_fractured/IMG0002780.jpg,IMG0002780,no_fracture,g2652,dropped,none,2652,-1,duplicate_of:IMG0002685,False,c97959c949c95999,leg,frontal,0,0,Annotations/YOLO/IMG0002780.txt,leg|no_fracture,False
fracatlas,fracatlas/FracAtlas,images/Non_fractured/IMG0002781.jpg,IMG0002781,no_fracture,g2747,val,none,2747,-1,,False,cd0a8dc95933f351,leg,lateral,0,0,Annotations/YOLO/IMG0002781.txt,leg|no_fracture,False
fracatlas,fracatlas/FracAtlas,images/Non_fractured/IMG0002782.jpg,IMG0002782,no_fracture,g2748,train,none,2748,-1,,False,6567252727279999,leg,frontal,0,0,Annotations/YOLO/IMG0002782.txt,leg|no_fracture,False
fracatlas,fracatlas/FracAtlas,images/Non_fractured/IMG0002783.jpg,IMG0002783,no_fracture,g729,dropped,none,729,-1,duplicate_of:IMG0000738,False,838383c367677333,leg,oblique,0,0,Annotations/YOLO/IMG0002783.txt,leg|no_fracture,False
fracatlas,fracatlas/FracAtlas,images/Non_fractured/IMG0002784.jpg,IMG0002784,no_fracture,g2750,train,none,2750,-1,,False,c94b5919d999d133,leg,frontal,0,0,Annotations/YOLO/IMG0002784.txt,leg|no_fracture,False
fracatlas,fracatlas/FracAtlas,images/Non_fractured/IMG0002785.jpg,IMG0002785,no_fracture,g2751,train,none,2751,-1,,False,50f62313989cd9db,leg,lateral,0,0,Annotations/YOLO/IMG0002785.txt,leg|no_fracture,False
fracatlas,fracatlas/FracAtlas,images/Non_fractured/IMG0002786.jpg,IMG0002786,no_fracture,g2752,train,none,2752,-1,,False,1ecf94c3b5a5a161,leg,frontal,0,0,Annotations/YOLO/IMG0002786.txt,leg|no_fracture,False
fracatlas,fracatlas/FracAtlas,images/Non_fractured/IMG0002787.jpg,IMG0002787,no_fracture,g2753,train,none,2753,-1,,False,66db609b31396999,leg,frontal,0,0,Annotations/YOLO/IMG0002787.txt,leg|no_fracture,False
fracatlas,fracatlas/FracAtlas,images/Non_fractured/IMG0002788.jpg,IMG0002788,no_fracture,g2754,train,none,2754,-1,,False,2e4c49591a5af3f1,leg,lateral,0,0,Annotations/YOLO/IMG0002788.txt,leg|no_fracture,False
fracatlas,fracatlas/FracAtlas,images/Non_fractured/IMG0002789.jpg,IMG0002789,no_fracture,g2755,train,none,2755,-1,,False,18fb51ab55976185,leg,frontal,0,0,Annotations/YOLO/IMG0002789.txt,leg|no_fracture,False
fracatlas,fracatlas/FracAtlas,images/Fractured/IMG0002790.jpg,IMG0002790,fracture,g2756,cal,train,2756,-1,,False,31ce31c39933cd99,leg,frontal,1,3,Annotations/YOLO/IMG0002790.txt,leg|fracture,False
fracatlas,fracatlas/FracAtlas,images/Fractured/IMG0002791.jpg,IMG0002791,fracture,g2757,train,train,2757,-1,,False,4916c91d53c9db99,leg,lateral,1,1,Annotations/YOLO/IMG0002791.txt,leg|fracture,False
fracatlas,fracatlas/FracAtlas,images/Non_fractured/IMG0002792.jpg,IMG0002792,no_fracture,g1556,train,none,1556,-1,,False,996c669999669999,leg,frontal,0,0,Annotations/YOLO/IMG0002792.txt,leg|no_fracture,False
fracatlas,fracatlas/FracAtlas,images/Non_fractured/IMG0002793.jpg,IMG0002793,no_fracture,g2759,train,none,2759,-1,,False,929925d2b1973373,leg,lateral,0,0,Annotations/YOLO/IMG0002793.txt,leg|no_fracture,False
fracatlas,fracatlas/FracAtlas,images/Non_fractured/IMG0002794.jpg,IMG0002794,no_fracture,g2760,val,none,2760,-1,,False,8dc7c3139383e333,leg,frontal,0,0,Annotations/YOLO/IMG0002794.txt,leg|no_fracture,False
fracatlas,fracatlas/FracAtlas,images/Non_fractured/IMG0002795.jpg,IMG0002795,no_fracture,g2761,train,none,2761,-1,,False,41b46773919059fb,leg,lateral,0,0,Annotations/YOLO/IMG0002795.txt,leg|no_fracture,False
fracatlas,fracatlas/FracAtlas,images/Non_fractured/IMG0002796.jpg,IMG0002796,no_fracture,g2762,test,none,2762,-1,,True,4649b6a6c9b66d49,leg,frontal,0,0,Annotations/YOLO/IMG0002796.txt,leg|no_fracture,False
fracatlas,fracatlas/FracAtlas,images/Non_fractured/IMG0002797.jpg,IMG0002797,no_fracture,g2763,cal,none,2763,-1,,False,d6d29969c6929999,leg,lateral,0,0,Annotations/YOLO/IMG0002797.txt,leg|no_fracture,False
fracatlas,fracatlas/FracAtlas,images/Non_fractured/IMG0002798.jpg,IMG0002798,no_fracture,g2764,train,none,2764,-1,,False,d84d4ccdcc999999,leg,frontal,0,0,Annotations/YOLO/IMG0002798.txt,leg|no_fracture,False
fracatlas,fracatlas/FracAtlas,images/Non_fractured/IMG0002799.jpg,IMG0002799,no_fracture,g1353,test,none,1353,-1,,True,b43724656ccdc939,leg,oblique,0,0,Annotations/YOLO/IMG0002799.txt,leg|no_fracture,False
fracatlas,fracatlas/FracAtlas,images/Non_fractured/IMG0002800.jpg,IMG0002800,no_fracture,g2766,val,none,2766,-1,,False,16ac8d638f874be1,leg,frontal,0,0,Annotations/YOLO/IMG0002800.txt,leg|no_fracture,False
fracatlas,fracatlas/FracAtlas,images/Non_fractured/IMG0002801.jpg,IMG0002801,no_fracture,g2767,train,none,2767,-1,,False,18f3ce1933cc9993,leg,frontal,0,0,Annotations/YOLO/IMG0002801.txt,leg|no_fracture,False
fracatlas,fracatlas/FracAtlas,images/Non_fractured/IMG0002802.jpg,IMG0002802,no_fracture,g2768,train,none,2768,-1,,False,4a2d925b68cf9a99,leg,lateral,0,0,Annotations/YOLO/IMG0002802.txt,leg|no_fracture,False
fracatlas,fracatlas/FracAtlas,images/Non_fractured/IMG0002803.jpg,IMG0002803,no_fracture,g2769,train,none,2769,-1,,False,59591939d9993999,leg,frontal,0,0,Annotations/YOLO/IMG0002803.txt,leg|no_fracture,False
fracatlas,fracatlas/FracAtlas,images/Non_fractured/IMG0002804.jpg,IMG0002804,no_fracture,g2770,train,none,2770,-1,,False,1130665391b8dbfb,leg,lateral,0,0,Annotations/YOLO/IMG0002804.txt,leg|no_fracture,False
fracatlas,fracatlas/FracAtlas,images/Non_fractured/IMG0002805.jpg,IMG0002805,no_fracture,g2771,test,none,2771,-1,,True,8233c2e3c273d373,leg,frontal,0,0,Annotations/YOLO/IMG0002805.txt,leg|no_fracture,False
fracatlas,fracatlas/FracAtlas,images/Non_fractured/IMG0002806.jpg,IMG0002806,no_fracture,g2772,test,none,2772,-1,,True,90a46b7b18dc09fb,leg,lateral,0,0,Annotations/YOLO/IMG0002806.txt,leg|no_fracture,False
fracatlas,fracatlas/FracAtlas,images/Non_fractured/IMG0002807.jpg,IMG0002807,no_fracture,g2773,val,none,2773,-1,,False,a2aa6a36764a6ab5,mixed,frontal,0,0,Annotations/YOLO/IMG0002807.txt,mixed|no_fracture,False
fracatlas,fracatlas/FracAtlas,images/Non_fractured/IMG0002808.jpg,IMG0002808,no_fracture,g2774,test,none,2774,-1,,True,f2e26a4e9cd84aa5,mixed,frontal,0,0,Annotations/YOLO/IMG0002808.txt,mixed|no_fracture,False
fracatlas,fracatlas/FracAtlas,images/Fractured/IMG0002809.jpg,IMG0002809,fracture,g2775,test,train,2775,-1,,True,196536d171733333,hand,frontal,0,1,Annotations/YOLO/IMG0002809.txt,hand|fracture,False
fracatlas,fracatlas/FracAtlas,images/Fractured/IMG0002810.jpg,IMG0002810,fracture,g2776,cal,train,2776,-1,,False,9ad932c599659999,hand,lateral,0,1,Annotations/YOLO/IMG0002810.txt,hand|fracture,False
fracatlas,fracatlas/FracAtlas,images/Non_fractured/IMG0002811.jpg,IMG0002811,no_fracture,g2777,train,none,2777,-1,,False,8083d3739993f333,leg,frontal,0,0,Annotations/YOLO/IMG0002811.txt,leg|no_fracture,False
fracatlas,fracatlas/FracAtlas,images/Non_fractured/IMG0002812.jpg,IMG0002812,no_fracture,g2778,test,none,2778,-1,,True,11fb487e7c0423db,leg,lateral,0,0,Annotations/YOLO/IMG0002812.txt,leg|no_fracture,False
fracatlas,fracatlas/FracAtlas,images/Non_fractured/IMG0002813.jpg,IMG0002813,no_fracture,g2779,train,none,2779,-1,,False,1304205bb39cf9fb,leg,lateral,0,0,Annotations/YOLO/IMG0002813.txt,leg|no_fracture,False
fracatlas,fracatlas/FracAtlas,images/Non_fractured/IMG0002814.jpg,IMG0002814,no_fracture,g2780,train,none,2780,-1,,False,33b771f131313199,leg,frontal,0,0,Annotations/YOLO/IMG0002814.txt,leg|no_fracture,False
fracatlas,fracatlas/FracAtlas,images/Non_fractured/IMG0002815.jpg,IMG0002815,no_fracture,g2781,test,none,2781,-1,,True,f13e12f17176a341,leg,lateral,0,0,Annotations/YOLO/IMG0002815.txt,leg|no_fracture,False
fracatlas,fracatlas/FracAtlas,images/Non_fractured/IMG0002816.jpg,IMG0002816,no_fracture,g2782,train,none,2782,-1,,False,64d7324acccd9d51,mixed,frontal,0,0,Annotations/YOLO/IMG0002816.txt,mixed|no_fracture,False
fracatlas,fracatlas/FracAtlas,images/Non_fractured/IMG0002817.jpg,IMG0002817,no_fracture,g2783,train,none,2783,-1,,False,d09295d5aaea6959,hip,oblique,0,0,Annotations/YOLO/IMG0002817.txt,hip|no_fracture,False
fracatlas,fracatlas/FracAtlas,images/Non_fractured/IMG0002818.jpg,IMG0002818,no_fracture,g2784,train,none,2784,-1,,False,a9b59599ca4a89f1,hip,frontal,0,0,Annotations/YOLO/IMG0002818.txt,hip|no_fracture,False
fracatlas,fracatlas/FracAtlas,images/Non_fractured/IMG0002819.jpg,IMG0002819,no_fracture,g2785,test,none,2785,-1,,True,71d9c8c9cc9d3133,leg,frontal,0,0,Annotations/YOLO/IMG0002819.txt,leg|no_fracture,False
fracatlas,fracatlas/FracAtlas,images/Non_fractured/IMG0002820.jpg,IMG0002820,no_fracture,g2786,train,none,2786,-1,,False,54579195b5256d99,leg,oblique,0,0,Annotations/YOLO/IMG0002820.txt,leg|no_fracture,False
fracatlas,fracatlas/FracAtlas,images/Non_fractured/IMG0002821.jpg,IMG0002821,no_fracture,g2787,train,none,2787,-1,,False,9ded859d99313191,hand,frontal,0,0,Annotations/YOLO/IMG0002821.txt,hand|no_fracture,False
fracatlas,fracatlas/FracAtlas,images/Non_fractured/IMG0002822.jpg,IMG0002822,no_fracture,g2788,train,none,2788,-1,,False,64c799991993999b,hand,frontal,0,0,Annotations/YOLO/IMG0002822.txt,hand|no_fracture,False
fracatlas,fracatlas/FracAtlas,images/Non_fractured/IMG0002823.jpg,IMG0002823,no_fracture,g2789,train,none,2789,-1,,False,793b306764999999,leg,frontal,0,0,Annotations/YOLO/IMG0002823.txt,leg|no_fracture,False
fracatlas,fracatlas/FracAtlas,images/Non_fractured/IMG0002824.jpg,IMG0002824,no_fracture,g2790,train,none,2790,-1,,False,f839381f0e8f0733,leg,oblique,0,0,Annotations/YOLO/IMG0002824.txt,leg|no_fracture,False
fracatlas,fracatlas/FracAtlas,images/Non_fractured/IMG0002825.jpg,IMG0002825,no_fracture,g2791,train,none,2791,-1,,False,314e996699334dd9,leg,frontal,0,0,Annotations/YOLO/IMG0002825.txt,leg|no_fracture,False
fracatlas,fracatlas/FracAtlas,images/Non_fractured/IMG0002826.jpg,IMG0002826,no_fracture,g2792,train,none,2792,-1,,False,68956ab59aa56969,leg,lateral,0,0,Annotations/YOLO/IMG0002826.txt,leg|no_fracture,False
fracatlas,fracatlas/FracAtlas,images/Non_fractured/IMG0002827.jpg,IMG0002827,no_fracture,g2793,val,none,2793,-1,,False,b4a639b93929a971,mixed,frontal,0,0,Annotations/YOLO/IMG0002827.txt,mixed|no_fracture,False
fracatlas,fracatlas/FracAtlas,images/Non_fractured/IMG0002828.jpg,IMG0002828,no_fracture,g2794,train,none,2794,-1,,False,8af31a55ad8d1971,mixed,frontal,0,0,Annotations/YOLO/IMG0002828.txt,mixed|no_fracture,False
fracatlas,fracatlas/FracAtlas,images/Non_fractured/IMG0002829.jpg,IMG0002829,no_fracture,g2795,train,none,2795,-1,,False,1093d3933133f373,leg,frontal,0,0,Annotations/YOLO/IMG0002829.txt,leg|no_fracture,False
fracatlas,fracatlas/FracAtlas,images/Non_fractured/IMG0002830.jpg,IMG0002830,no_fracture,g2796,train,none,2796,-1,,False,04005b9b9edc59fb,leg,lateral,0,0,Annotations/YOLO/IMG0002830.txt,leg|no_fracture,False
fracatlas,fracatlas/FracAtlas,images/Fractured/IMG0002831.jpg,IMG0002831,fracture,g2797,train,train,2797,-1,,False,f68954ab58cb9899,hand,frontal,0,2,Annotations/YOLO/IMG0002831.txt,hand|fracture,False
fracatlas,fracatlas/FracAtlas,images/Fractured/IMG0002832.jpg,IMG0002832,fracture,g2798,train,train,2798,-1,,False,c81888cccecf67b3,hand,lateral,0,1,Annotations/YOLO/IMG0002832.txt,hand|fracture,False
fracatlas,fracatlas/FracAtlas,images/Fractured/IMG0002833.jpg,IMG0002833,fracture,g2799,train,train,2799,-1,,False,468936316e49dadd,hand,frontal,0,1,Annotations/YOLO/IMG0002833.txt,hand|fracture,False
fracatlas,fracatlas/FracAtlas,images/Fractured/IMG0002834.jpg,IMG0002834,fracture,g2800,val,train,2800,-1,,False,a0ff12e19e01c8df,hand,lateral,0,1,Annotations/YOLO/IMG0002834.txt,hand|fracture,False
fracatlas,fracatlas/FracAtlas,images/Non_fractured/IMG0002835.jpg,IMG0002835,no_fracture,g2801,cal,none,2801,-1,,False,ce8d3a59c8cd9899,hand,frontal,0,0,Annotations/YOLO/IMG0002835.txt,hand|no_fracture,False
fracatlas,fracatlas/FracAtlas,images/Non_fractured/IMG0002836.jpg,IMG0002836,no_fracture,g1685,dropped,none,1685,-1,duplicate_of:IMG0001704,False,66edda992a6d4849,hand,oblique,0,0,Annotations/YOLO/IMG0002836.txt,hand|no_fracture,False
fracatlas,fracatlas/FracAtlas,images/Non_fractured/IMG0002837.jpg,IMG0002837,no_fracture,g2803,train,none,2803,-1,,False,649bc8936373d133,leg,frontal,0,0,Annotations/YOLO/IMG0002837.txt,leg|no_fracture,False
fracatlas,fracatlas/FracAtlas,images/Non_fractured/IMG0002838.jpg,IMG0002838,no_fracture,g2804,train,none,2804,-1,,False,f826635990bc09fb,leg,lateral,0,0,Annotations/YOLO/IMG0002838.txt,leg|no_fracture,False
fracatlas,fracatlas/FracAtlas,images/Non_fractured/IMG0002839.jpg,IMG0002839,no_fracture,g2805,train,none,2805,-1,,False,485b58dbd81b193b,leg,frontal,0,0,Annotations/YOLO/IMG0002839.txt,leg|no_fracture,False
fracatlas,fracatlas/FracAtlas,images/Fractured/IMG0002840.jpg,IMG0002840,fracture,g2806,val,train,2806,-1,,False,9695b4a5242dec6d,leg,oblique,0,1,Annotations/YOLO/IMG0002840.txt,leg|fracture,False
fracatlas,fracatlas/FracAtlas,images/Non_fractured/IMG0002841.jpg,IMG0002841,no_fracture,g2807,train,none,2807,-1,,False,686d686dc8d99939,leg,oblique,0,0,Annotations/YOLO/IMG0002841.txt,leg|no_fracture,False
fracatlas,fracatlas/FracAtlas,images/Non_fractured/IMG0002842.jpg,IMG0002842,no_fracture,g2808,train,none,2808,-1,,False,c711337363639999,leg,frontal,0,0,Annotations/YOLO/IMG0002842.txt,leg|no_fracture,False
fracatlas,fracatlas/FracAtlas,images/Non_fractured/IMG0002843.jpg,IMG0002843,no_fracture,g518,dropped,none,518,-1,duplicate_of:IMG0000526,False,6071793d1f0f0727,leg,oblique,0,0,Annotations/YOLO/IMG0002843.txt,leg|no_fracture,False
fracatlas,fracatlas/FracAtlas,images/Non_fractured/IMG0002844.jpg,IMG0002844,no_fracture,g2810,test,none,2810,-1,,True,442d49194c5fdb9b,leg,frontal,0,0,Annotations/YOLO/IMG0002844.txt,leg|no_fracture,False
fracatlas,fracatlas/FracAtlas,images/Non_fractured/IMG0002845.jpg,IMG0002845,no_fracture,g2811,train,none,2811,-1,,False,5c200fd893ae49fb,leg,lateral,0,0,Annotations/YOLO/IMG0002845.txt,leg|no_fracture,False
fracatlas,fracatlas/FracAtlas,images/Fractured/IMG0002846.jpg,IMG0002846,fracture,g2812,train,train,2812,-1,,False,619d61334cf39933,leg,frontal,0,1,Annotations/YOLO/IMG0002846.txt,leg|fracture,False
fracatlas,fracatlas/FracAtlas,images/Fractured/IMG0002847.jpg,IMG0002847,fracture,g2813,val,train,2813,-1,,False,355925d92cd99999,leg,lateral,0,1,Annotations/YOLO/IMG0002847.txt,leg|fracture,False
fracatlas,fracatlas/FracAtlas,images/Fractured/IMG0002848.jpg,IMG0002848,fracture,g2814,val,train,2814,-1,,False,d575359519319999,hand,frontal,0,1,Annotations/YOLO/IMG0002848.txt,hand|fracture,False
fracatlas,fracatlas/FracAtlas,images/Fractured/IMG0002849.jpg,IMG0002849,fracture,g2815,train,train,2815,-1,,False,6565456599cd9999,hand,lateral,0,1,Annotations/YOLO/IMG0002849.txt,hand|fracture,False
fracatlas,fracatlas/FracAtlas,images/Non_fractured/IMG0002850.jpg,IMG0002850,no_fracture,g2816,train,none,2816,-1,,False,6633cb3362336333,leg,frontal,0,0,Annotations/YOLO/IMG0002850.txt,leg|no_fracture,False
fracatlas,fracatlas/FracAtlas,images/Non_fractured/IMG0002851.jpg,IMG0002851,no_fracture,g2817,train,none,2817,-1,,False,e4598623599c49fb,leg,lateral,0,0,Annotations/YOLO/IMG0002851.txt,leg|no_fracture,False
fracatlas,fracatlas/FracAtlas,images/Non_fractured/IMG0002852.jpg,IMG0002852,no_fracture,g2818,train,none,2818,-1,,False,ce04a1b1c5f7a1b5,leg,frontal,0,0,Annotations/YOLO/IMG0002852.txt,leg|no_fracture,False
fracatlas,fracatlas/FracAtlas,images/Non_fractured/IMG0002853.jpg,IMG0002853,no_fracture,g2819,cal,none,2819,-1,,False,96d6a961a5e5a961,leg,frontal,0,0,Annotations/YOLO/IMG0002853.txt,leg|no_fracture,False
fracatlas,fracatlas/FracAtlas,images/Non_fractured/IMG0002854.jpg,IMG0002854,no_fracture,g2820,train,none,2820,-1,,False,c083c3c363f3d333,leg,frontal,0,0,Annotations/YOLO/IMG0002854.txt,leg|no_fracture,False
fracatlas,fracatlas/FracAtlas,images/Non_fractured/IMG0002855.jpg,IMG0002855,no_fracture,g2821,train,none,2821,-1,,False,d32c89f3b256a351,leg,lateral,0,0,Annotations/YOLO/IMG0002855.txt,leg|no_fracture,False
fracatlas,fracatlas/FracAtlas,images/Non_fractured/IMG0002856.jpg,IMG0002856,no_fracture,g2822,train,none,2822,-1,,False,0d0caf61afa54be1,leg,frontal,0,0,Annotations/YOLO/IMG0002856.txt,leg|no_fracture,False
fracatlas,fracatlas/FracAtlas,images/Non_fractured/IMG0002857.jpg,IMG0002857,no_fracture,g2823,train,none,2823,-1,,False,603093e363677373,hand,frontal,0,0,Annotations/YOLO/IMG0002857.txt,hand|no_fracture,False
fracatlas,fracatlas/FracAtlas,images/Non_fractured/IMG0002858.jpg,IMG0002858,no_fracture,g2824,train,none,2824,-1,,False,229199c3e6677333,hand,oblique,0,0,Annotations/YOLO/IMG0002858.txt,hand|no_fracture,False
fracatlas,fracatlas/FracAtlas,images/Non_fractured/IMG0002859.jpg,IMG0002859,no_fracture,g2825,train,none,2825,-1,,False,e6d5e8d16271d911,leg,frontal,0,0,Annotations/YOLO/IMG0002859.txt,leg|no_fracture,False
fracatlas,fracatlas/FracAtlas,images/Non_fractured/IMG0002860.jpg,IMG0002860,no_fracture,g2826,train,none,2826,-1,,False,94eab55988557355,leg,lateral,0,0,Annotations/YOLO/IMG0002860.txt,leg|no_fracture,False
fracatlas,fracatlas/FracAtlas,images/Non_fractured/IMG0002861.jpg,IMG0002861,no_fracture,g2827,train,none,2827,-1,,False,589919193637d9d9,leg,frontal,0,0,Annotations/YOLO/IMG0002861.txt,leg|no_fracture,False
fracatlas,fracatlas/FracAtlas,images/Non_fractured/IMG0002862.jpg,IMG0002862,no_fracture,g729,dropped,none,729,-1,duplicate_of:IMG0000738,False,838383c7c6677333,leg,oblique,0,0,Annotations/YOLO/IMG0002862.txt,leg|no_fracture,False
fracatlas,fracatlas/FracAtlas,images/Non_fractured/IMG0002863.jpg,IMG0002863,no_fracture,g2829,val,none,2829,-1,,False,309bd973c2473333,leg,frontal,0,0,Annotations/YOLO/IMG0002863.txt,leg|no_fracture,False
fracatlas,fracatlas/FracAtlas,images/Non_fractured/IMG0002864.jpg,IMG0002864,no_fracture,g548,dropped,none,548,-1,duplicate_of:IMG0000556,False,5a53d297b4252d99,leg,oblique,0,0,Annotations/YOLO/IMG0002864.txt,leg|no_fracture,False
fracatlas,fracatlas/FracAtlas,images/Non_fractured/IMG0002865.jpg,IMG0002865,no_fracture,g2831,train,none,2831,-1,,False,9c9e9fd1a1a5a161,leg,frontal,0,0,Annotations/YOLO/IMG0002865.txt,leg|no_fracture,False
fracatlas,fracatlas/FracAtlas,images/Non_fractured/IMG0002866.jpg,IMG0002866,no_fracture,g2832,train,none,2832,-1,,False,666fc949696d4949,hand,frontal,0,0,Annotations/YOLO/IMG0002866.txt,hand|no_fracture,False
fracatlas,fracatlas/FracAtlas,images/Non_fractured/IMG0002867.jpg,IMG0002867,no_fracture,g2833,train,none,2833,-1,,False,26d9c9c96927c959,hand,lateral,0,0,Annotations/YOLO/IMG0002867.txt,hand|no_fracture,False
fracatlas,fracatlas/FracAtlas,images/Non_fractured/IMG0002868.jpg,IMG0002868,no_fracture,g2834,train,none,2834,-1,,False,89999964646dd9d9,leg,frontal,0,0,Annotations/YOLO/IMG0002868.txt,leg|no_fracture,False
fracatlas,fracatlas/FracAtlas,images/Non_fractured/IMG0002869.jpg,IMG0002869,no_fracture,g2835,train,none,2835,-1,,False,0f78f1834e707333,leg,lateral,0,0,Annotations/YOLO/IMG0002869.txt,leg|no_fracture,False
fracatlas,fracatlas/FracAtlas,images/Non_fractured/IMG0002870.jpg,IMG0002870,no_fracture,g2836,train,none,2836,-1,,False,0111191959dbfbbb,leg,frontal,0,0,Annotations/YOLO/IMG0002870.txt,leg|no_fracture,False
fracatlas,fracatlas/FracAtlas,images/Non_fractured/IMG0002871.jpg,IMG0002871,no_fracture,g2837,cal,none,2837,-1,,False,1014295bdadc69fb,leg,lateral,0,0,Annotations/YOLO/IMG0002871.txt,leg|no_fracture,False
fracatlas,fracatlas/FracAtlas,images/Non_fractured/IMG0002872.jpg,IMG0002872,no_fracture,g2838,train,none,2838,-1,,False,6e593666969a98a9,hip,frontal,0,0,Annotations/YOLO/IMG0002872.txt,hip|no_fracture,False
fracatlas,fracatlas/FracAtlas,images/Non_fractured/IMG0002873.jpg,IMG0002873,no_fracture,g2839,train,none,2839,-1,,False,26795979494d9999,leg,frontal,0,0,Annotations/YOLO/IMG0002873.txt,leg|no_fracture,False
fracatlas,fracatlas/FracAtlas,images/Non_fractured/IMG0002874.jpg,IMG0002874,no_fracture,g548,dropped,none,548,-1,duplicate_of:IMG0000556,False,4adb9297b4252d99,leg,oblique,0,0,Annotations/YOLO/IMG0002874.txt,leg|no_fracture,False
fracatlas,fracatlas/FracAtlas,images/Non_fractured/IMG0002875.jpg,IMG0002875,no_fracture,g2841,train,none,2841,-1,,False,68fab64926696d49,hand,frontal,0,0,Annotations/YOLO/IMG0002875.txt,hand|no_fracture,False
fracatlas,fracatlas/FracAtlas,images/Non_fractured/IMG0002876.jpg,IMG0002876,no_fracture,g2842,cal,none,2842,-1,,False,b5552d5aaa96522d,hand,lateral,0,0,Annotations/YOLO/IMG0002876.txt,hand|no_fracture,False
fracatlas,fracatlas/FracAtlas,images/Non_fractured/IMG0002877.jpg,IMG0002877,no_fracture,g2843,train,none,2843,-1,,False,49697949d959d931,leg,frontal,0,0,Annotations/YOLO/IMG0002877.txt,leg|no_fracture,False
fracatlas,fracatlas/FracAtlas,images/Non_fractured/IMG0002878.jpg,IMG0002878,no_fracture,g2844,cal,none,2844,-1,,False,799e230958dc69e9,leg,lateral,0,0,Annotations/YOLO/IMG0002878.txt,leg|no_fracture,False
fracatlas,fracatlas/FracAtlas,images/Non_fractured/IMG0002879.jpg,IMG0002879,no_fracture,g2845,test,none,2845,-1,,True,64a161b163f3e333,leg,frontal,0,0,Annotations/YOLO/IMG0002879.txt,leg|no_fracture,False
fracatlas,fracatlas/FracAtlas,images/Non_fractured/IMG0002880.jpg,IMG0002880,no_fracture,g2846,train,none,2846,-1,,False,0d7a1e49397ae351,leg,lateral,0,0,Annotations/YOLO/IMG0002880.txt,leg|no_fracture,False
fracatlas,fracatlas/FracAtlas,images/Non_fractured/IMG0002881.jpg,IMG0002881,no_fracture,g2847,val,none,2847,-1,,False,cac5e26566657299,hand,frontal,0,0,Annotations/YOLO/IMG0002881.txt,hand|no_fracture,False
fracatlas,fracatlas/FracAtlas,images/Non_fractured/IMG0002882.jpg,IMG0002882,no_fracture,g2848,train,none,2848,-1,,False,86663119c6e6e373,hand,lateral,0,0,Annotations/YOLO/IMG0002882.txt,hand|no_fracture,False
fracatlas,fracatlas/FracAtlas,images/Non_fractured/IMG0002883.jpg,IMG0002883,no_fracture,g2849,cal,none,2849,-1,,False,c5652591e1677333,hand,frontal,0,0,Annotations/YOLO/IMG0002883.txt,hand|no_fracture,False
fracatlas,fracatlas/FracAtlas,images/Non_fractured/IMG0002884.jpg,IMG0002884,no_fracture,g2850,test,none,2850,-1,,True,3535c5b531c57133,hand,lateral,0,0,Annotations/YOLO/IMG0002884.txt,hand|no_fracture,False
fracatlas,fracatlas/FracAtlas,images/Fractured/IMG0002885.jpg,IMG0002885,fracture,g2851,train,train,2851,-1,,False,72b7929972273233,hand,frontal,0,1,Annotations/YOLO/IMG0002885.txt,hand|fracture,False
fracatlas,fracatlas/FracAtlas,images/Fractured/IMG0002886.jpg,IMG0002886,fracture,g2852,dropped,train,2852,-1,label_conflict,False,3267cc393267989b,hand,lateral,0,1,Annotations/YOLO/IMG0002886.txt,hand|fracture,False
fracatlas,fracatlas/FracAtlas,images/Non_fractured/IMG0002887.jpg,IMG0002887,no_fracture,g729,dropped,none,729,-1,duplicate_of:IMG0000738,False,0383c2c7c6e77333,leg,frontal,0,0,Annotations/YOLO/IMG0002887.txt,leg|no_fracture,False
fracatlas,fracatlas/FracAtlas,images/Non_fractured/IMG0002888.jpg,IMG0002888,no_fracture,g454,dropped,none,454,-1,duplicate_of:IMG0000458,False,393b1e0f8ec70333,leg,oblique,0,0,Annotations/YOLO/IMG0002888.txt,leg|no_fracture,False
fracatlas,fracatlas/FracAtlas,images/Non_fractured/IMG0002889.jpg,IMG0002889,no_fracture,g2855,train,none,2855,-1,,False,f3cc1c33c3cc3133,leg,frontal,0,0,Annotations/YOLO/IMG0002889.txt,leg|no_fracture,False
fracatlas,fracatlas/FracAtlas,images/Non_fractured/IMG0002890.jpg,IMG0002890,no_fracture,g2856,train,none,2856,-1,,False,c92517b999973331,leg,lateral,0,0,Annotations/YOLO/IMG0002890.txt,leg|no_fracture,False
fracatlas,fracatlas/FracAtlas,images/Non_fractured/IMG0002891.jpg,IMG0002891,no_fracture,g2857,test,none,2857,-1,,True,d92164d99966c9d9,leg,frontal,0,0,Annotations/YOLO/IMG0002891.txt,leg|no_fracture,False
fracatlas,fracatlas/FracAtlas,images/Non_fractured/IMG0002892.jpg,IMG0002892,no_fracture,g2858,train,none,2858,-1,,False,934966b3c99d9919,leg,lateral,0,0,Annotations/YOLO/IMG0002892.txt,leg|no_fracture,False
fracatlas,fracatlas/FracAtlas,images/Non_fractured/IMG0002893.jpg,IMG0002893,no_fracture,g2859,train,none,2859,-1,,False,b299c2cfc4673233,leg,frontal,0,0,Annotations/YOLO/IMG0002893.txt,leg|no_fracture,False
fracatlas,fracatlas/FracAtlas,images/Non_fractured/IMG0002894.jpg,IMG0002894,no_fracture,g2860,train,none,2860,-1,,False,ae33226d4ccdd899,leg,oblique,0,0,Annotations/YOLO/IMG0002894.txt,leg|no_fracture,False
fracatlas,fracatlas/FracAtlas,images/Non_fractured/IMG0002895.jpg,IMG0002895,no_fracture,g2861,train,none,2861,-1,,False,e939796949694999,leg,frontal,0,0,Annotations/YOLO/IMG0002895.txt,leg|no_fracture,False
fracatlas,fracatlas/FracAtlas,images/Non_fractured/IMG0002896.jpg,IMG0002896,no_fracture,g627,dropped,none,627,-1,duplicate_of:IMG0000636,False,0e0621599cfe49fb,leg,lateral,0,0,Annotations/YOLO/IMG0002896.txt,leg|no_fracture,False
fracatlas,fracatlas/FracAtlas,images/Non_fractured/IMG0002897.jpg,IMG0002897,no_fracture,g2863,train,none,2863,-1,,False,ec2d29696d4d4959,hand,frontal,0,0,Annotations/YOLO/IMG0002897.txt,hand|no_fracture,False
fracatlas,fracatlas/FracAtlas,images/Non_fractured/IMG0002898.jpg,IMG0002898,no_fracture,g2864,train,none,2864,-1,,False,1259cac9cecd9999,leg,frontal,0,0,Annotations/YOLO/IMG0002898.txt,leg|no_fracture,False
fracatlas,fracatlas/FracAtlas,images/Non_fractured/IMG0002899.jpg,IMG0002899,no_fracture,g432,dropped,none,432,-1,duplicate_of:IMG0000434,False,b1b5a42d6c6d4999,leg,oblique,0,0,Annotations/YOLO/IMG0002899.txt,leg|no_fracture,False
fracatlas,fracatlas/FracAtlas,images/Non_fractured/IMG0002900.jpg,IMG0002900,no_fracture,g2866,val,none,2866,-1,,False,4a738273c2f3c333,leg,frontal,0,0,Annotations/YOLO/IMG0002900.txt,leg|no_fracture,False
fracatlas,fracatlas/FracAtlas,images/Non_fractured/IMG0002901.jpg,IMG0002901,no_fracture,g2867,train,none,2867,-1,,False,120cc6bb89d6e3f1,leg,lateral,0,0,Annotations/YOLO/IMG0002901.txt,leg|no_fracture,False
fracatlas,fracatlas/FracAtlas,images/Non_fractured/IMG0002902.jpg,IMG0002902,no_fracture,g2499,cal,none,2499,-1,,False,3333636364673333,leg,frontal,0,0,Annotations/YOLO/IMG0002902.txt,leg|no_fracture,False
fracatlas,fracatlas/FracAtlas,images/Non_fractured/IMG0002903.jpg,IMG0002903,no_fracture,g2869,test,none,2869,-1,,True,1a0f8e8fc6c76233,leg,oblique,0,0,Annotations/YOLO/IMG0002903.txt,leg|no_fracture,False
fracatlas,fracatlas/FracAtlas,images/Fractured/IMG0002904.jpg,IMG0002904,fracture,g2870,train,train,2870,-1,,False,0e615e417ec3d89b,hand,frontal,1,1,Annotations/YOLO/IMG0002904.txt,hand|fracture,False
fracatlas,fracatlas/FracAtlas,images/Fractured/IMG0002905.jpg,IMG0002905,fracture,g2871,train,train,2871,-1,,False,ff5b5b00246d494b,hand,lateral,1,1,Annotations/YOLO/IMG0002905.txt,hand|fracture,False
fracatlas,fracatlas/FracAtlas,images/Non_fractured/IMG0002906.jpg,IMG0002906,no_fracture,g2872,train,none,2872,-1,,False,999b00cfcc8f9999,leg,frontal,0,0,Annotations/YOLO/IMG0002906.txt,leg|no_fracture,False
fracatlas,fracatlas/FracAtlas,images/Non_fractured/IMG0002907.jpg,IMG0002907,no_fracture,g2873,train,none,2873,-1,,False,9997b4b5a425a999,leg,oblique,0,0,Annotations/YOLO/IMG0002907.txt,leg|no_fracture,False
fracatlas,fracatlas/FracAtlas,images/Non_fractured/IMG0002908.jpg,IMG0002908,no_fracture,g2874,cal,none,2874,-1,,False,e7f31908cfe68c03,mixed,frontal,0,0,Annotations/YOLO/IMG0002908.txt,mixed|no_fracture,False
fracatlas,fracatlas/FracAtlas,images/Non_fractured/IMG0002909.jpg,IMG0002909,no_fracture,g2875,test,none,2875,-1,,True,44879383e7c3e333,leg,frontal,0,0,Annotations/YOLO/IMG0002909.txt,leg|no_fracture,False
fracatlas,fracatlas/FracAtlas,images/Non_fractured/IMG0002910.jpg,IMG0002910,no_fracture,g2876,val,none,2876,-1,,False,49dca66b19bc4969,leg,lateral,0,0,Annotations/YOLO/IMG0002910.txt,leg|no_fracture,False
fracatlas,fracatlas/FracAtlas,images/Non_fractured/IMG0002911.jpg,IMG0002911,no_fracture,g2502,train,none,2502,-1,,False,707b48d9cccd1933,leg,frontal,0,0,Annotations/YOLO/IMG0002911.txt,leg|no_fracture,False
fracatlas,fracatlas/FracAtlas,images/Non_fractured/IMG0002912.jpg,IMG0002912,no_fracture,g2878,train,none,2878,-1,,False,71999de905393947,mixed,frontal,0,0,Annotations/YOLO/IMG0002912.txt,mixed|no_fracture,False
fracatlas,fracatlas/FracAtlas,images/Non_fractured/IMG0002913.jpg,IMG0002913,no_fracture,g2879,cal,none,2879,-1,,False,73410ca787d899cf,mixed,frontal,0,0,Annotations/YOLO/IMG0002913.txt,mixed|no_fracture,False
fracatlas,fracatlas/FracAtlas,images/Non_fractured/IMG0002914.jpg,IMG0002914,no_fracture,g2880,train,none,2880,-1,,False,63338c63338ce373,leg,frontal,0,0,Annotations/YOLO/IMG0002914.txt,leg|no_fracture,False
fracatlas,fracatlas/FracAtlas,images/Non_fractured/IMG0002915.jpg,IMG0002915,no_fracture,g2881,train,none,2881,-1,,False,63c69c7363643333,leg,lateral,0,0,Annotations/YOLO/IMG0002915.txt,leg|no_fracture,False
fracatlas,fracatlas/FracAtlas,images/Non_fractured/IMG0002916.jpg,IMG0002916,no_fracture,g2882,train,none,2882,-1,,False,666c9a49e649b2d9,hand,lateral,0,0,Annotations/YOLO/IMG0002916.txt,hand|no_fracture,False
fracatlas,fracatlas/FracAtlas,images/Non_fractured/IMG0002917.jpg,IMG0002917,no_fracture,g2883,train,none,2883,-1,,False,55ada94aaa96552d,hand,lateral,0,0,Annotations/YOLO/IMG0002917.txt,hand|no_fracture,False
fracatlas,fracatlas/FracAtlas,images/Non_fractured/IMG0002918.jpg,IMG0002918,no_fracture,g2884,train,none,2884,-1,,False,80fd0631fe8db817,hand,frontal,0,0,Annotations/YOLO/IMG0002918.txt,hand|no_fracture,False
fracatlas,fracatlas/FracAtlas,images/Non_fractured/IMG0002919.jpg,IMG0002919,no_fracture,g2885,train,none,2885,-1,,False,320c05717a7ee3e3,hand,lateral,0,0,Annotations/YOLO/IMG0002919.txt,hand|no_fracture,False
fracatlas,fracatlas/FracAtlas,images/Non_fractured/IMG0002920.jpg,IMG0002920,no_fracture,g2886,train,none,2886,-1,,False,7131b1337131b373,leg,frontal,0,0,Annotations/YOLO/IMG0002920.txt,leg|no_fracture,False
fracatlas,fracatlas/FracAtlas,images/Non_fractured/IMG0002921.jpg,IMG0002921,no_fracture,g2887,test,none,2887,-1,,True,7b2d57e3e1460343,leg,lateral,0,0,Annotations/YOLO/IMG0002921.txt,leg|no_fracture,False
fracatlas,fracatlas/FracAtlas,images/Non_fractured/IMG0002922.jpg,IMG0002922,no_fracture,g2888,train,none,2888,-1,,False,242591c1e5e77373,hand,frontal,0,0,Annotations/YOLO/IMG0002922.txt,hand|no_fracture,False
fracatlas,fracatlas/FracAtlas,images/Non_fractured/IMG0002923.jpg,IMG0002923,no_fracture,g2889,train,none,2889,-1,,False,33b3c0c7c4637333,leg,frontal,0,0,Annotations/YOLO/IMG0002923.txt,leg|no_fracture,False
fracatlas,fracatlas/FracAtlas,images/Non_fractured/IMG0002924.jpg,IMG0002924,no_fracture,g1417,dropped,none,1417,-1,duplicate_of:IMG0001431,False,b2b9282d6c6d49d9,leg,oblique,0,0,Annotations/YOLO/IMG0002924.txt,leg|no_fracture,False
fracatlas,fracatlas/FracAtlas,images/Non_fractured/IMG0002925.jpg,IMG0002925,no_fracture,g2891,test,none,2891,-1,,True,1e0b21698feb4be1,leg,frontal,0,0,Annotations/YOLO/IMG0002925.txt,leg|no_fracture,False
fracatlas,fracatlas/FracAtlas,images/Non_fractured/IMG0002926.jpg,IMG0002926,no_fracture,g2892,test,none,2892,-1,,True,a66059989cdf5959,leg,lateral,0,0,Annotations/YOLO/IMG0002926.txt,leg|no_fracture,False
fracatlas,fracatlas/FracAtlas,images/Non_fractured/IMG0002927.jpg,IMG0002927,no_fracture,g2893,train,none,2893,-1,,False,24605bfbac4c49db,leg,lateral,0,0,Annotations/YOLO/IMG0002927.txt,leg|no_fracture,False
fracatlas,fracatlas/FracAtlas,images/Non_fractured/IMG0002928.jpg,IMG0002928,no_fracture,g2894,test,none,2894,-1,,True,92994ea79b656233,leg,frontal,0,0,Annotations/YOLO/IMG0002928.txt,leg|no_fracture,False
fracatlas,fracatlas/FracAtlas,images/Non_fractured/IMG0002929.jpg,IMG0002929,no_fracture,g2895,cal,none,2895,-1,,False,0871c699e3e73333,leg,lateral,0,0,Annotations/YOLO/IMG0002929.txt,leg|no_fracture,False
fracatlas,fracatlas/FracAtlas,images/Non_fractured/IMG0002930.jpg,IMG0002930,no_fracture,g2896,train,none,2896,-1,,False,265b4999b399c999,leg,frontal,0,0,Annotations/YOLO/IMG0002930.txt,leg|no_fracture,False
fracatlas,fracatlas/FracAtlas,images/Non_fractured/IMG0002931.jpg,IMG0002931,no_fracture,g2897,val,none,2897,-1,,False,49dea763909409fb,leg,lateral,0,0,Annotations/YOLO/IMG0002931.txt,leg|no_fracture,False
fracatlas,fracatlas/FracAtlas,images/Non_fractured/IMG0002932.jpg,IMG0002932,no_fracture,g2898,val,none,2898,-1,,False,e699127362cf9899,leg,frontal,0,0,Annotations/YOLO/IMG0002932.txt,leg|no_fracture,False
fracatlas,fracatlas/FracAtlas,images/Non_fractured/IMG0002933.jpg,IMG0002933,no_fracture,g2899,train,none,2899,-1,,False,cac9c6e766633213,leg,oblique,0,0,Annotations/YOLO/IMG0002933.txt,leg|no_fracture,False
fracatlas,fracatlas/FracAtlas,images/Fractured/IMG0002934.jpg,IMG0002934,fracture,g2900,train,train,2900,-1,,False,da9966d9d86d4849,hand,frontal,0,1,Annotations/YOLO/IMG0002934.txt,hand|fracture,False
fracatlas,fracatlas/FracAtlas,images/Fractured/IMG0002935.jpg,IMG0002935,fracture,g2901,val,train,2901,-1,,False,486d92cd68b7686d,hand,lateral,0,1,Annotations/YOLO/IMG0002935.txt,hand|fracture,False
fracatlas,fracatlas/FracAtlas,images/Non_fractured/IMG0002936.jpg,IMG0002936,no_fracture,g2902,train,none,2902,-1,,False,6a6fc8cdc8993133,leg,frontal,0,0,Annotations/YOLO/IMG0002936.txt,leg|no_fracture,False
fracatlas,fracatlas/FracAtlas,images/Non_fractured/IMG0002937.jpg,IMG0002937,no_fracture,g548,dropped,none,548,-1,duplicate_of:IMG0000556,False,5a5352973425ad9d,leg,oblique,0,0,Annotations/YOLO/IMG0002937.txt,leg|no_fracture,False
fracatlas,fracatlas/FracAtlas,images/Non_fractured/IMG0002938.jpg,IMG0002938,no_fracture,g2904,val,none,2904,-1,,False,c28d0e71cacd9b99,hand,frontal,0,0,Annotations/YOLO/IMG0002938.txt,hand|no_fracture,False
fracatlas,fracatlas/FracAtlas,images/Non_fractured/IMG0002939.jpg,IMG0002939,no_fracture,g2905,train,none,2905,-1,,False,8acd4e315acd989b,hand,lateral,0,0,Annotations/YOLO/IMG0002939.txt,hand|no_fracture,False
fracatlas,fracatlas/FracAtlas,images/Non_fractured/IMG0002940.jpg,IMG0002940,no_fracture,g2906,train,none,2906,-1,,False,4172233373757355,hand,frontal,0,0,Annotations/YOLO/IMG0002940.txt,hand|no_fracture,False
fracatlas,fracatlas/FracAtlas,images/Non_fractured/IMG0002941.jpg,IMG0002941,no_fracture,g2907,test,none,2907,-1,,True,3031337373753355,hand,frontal,0,0,Annotations/YOLO/IMG0002941.txt,hand|no_fracture,False
fracatlas,fracatlas/FracAtlas,images/Non_fractured/IMG0002942.jpg,IMG0002942,no_fracture,g2908,train,none,2908,-1,,False,66992699369b31d9,leg,frontal,0,0,Annotations/YOLO/IMG0002942.txt,leg|no_fracture,False
fracatlas,fracatlas/FracAtlas,images/Non_fractured/IMG0002943.jpg,IMG0002943,no_fracture,g2909,train,none,2909,-1,,False,4aa55aa5d2295bd9,leg,lateral,0,0,Annotations/YOLO/IMG0002943.txt,leg|no_fracture,False
fracatlas,fracatlas/FracAtlas,images/Non_fractured/IMG0002944.jpg,IMG0002944,no_fracture,g2910,test,none,2910,-1,,True,1cbeaf41ab05cb61,leg,frontal,0,0,Annotations/YOLO/IMG0002944.txt,leg|no_fracture,False
fracatlas,fracatlas/FracAtlas,images/Fractured/IMG0002945.jpg,IMG0002945,fracture,g2911,train,train,2911,-1,,False,3165337366336699,leg,frontal,0,1,Annotations/YOLO/IMG0002945.txt,leg|fracture,False
fracatlas,fracatlas/FracAtlas,images/Fractured/IMG0002946.jpg,IMG0002946,fracture,g2912,train,train,2912,-1,,False,09b7d98c91cd9999,leg,lateral,0,1,Annotations/YOLO/IMG0002946.txt,leg|fracture,False
fracatlas,fracatlas/FracAtlas,images/Non_fractured/IMG0002947.jpg,IMG0002947,no_fracture,g2913,val,none,2913,-1,,False,3130667533773333,hand,frontal,0,0,Annotations/YOLO/IMG0002947.txt,hand|no_fracture,False
fracatlas,fracatlas/FracAtlas,images/Non_fractured/IMG0002948.jpg,IMG0002948,no_fracture,g2914,test,none,2914,-1,,True,ceda22479b753311,hand,lateral,0,0,Annotations/YOLO/IMG0002948.txt,hand|no_fracture,False
fracatlas,fracatlas/FracAtlas,images/Non_fractured/IMG0002949.jpg,IMG0002949,no_fracture,g2915,train,none,2915,-1,,False,ca4dca99d899989b,hand,frontal,0,0,Annotations/YOLO/IMG0002949.txt,hand|no_fracture,False
fracatlas,fracatlas/FracAtlas,images/Non_fractured/IMG0002950.jpg,IMG0002950,no_fracture,g1625,train,none,1625,-1,,False,b29d66999a653233,hand,lateral,0,0,Annotations/YOLO/IMG0002950.txt,hand|no_fracture,False
fracatlas,fracatlas/FracAtlas,images/Non_fractured/IMG0002951.jpg,IMG0002951,no_fracture,g2917,val,none,2917,-1,,False,baed6cc9282d684d,hand,frontal,0,0,Annotations/YOLO/IMG0002951.txt,hand|no_fracture,False
fracatlas,fracatlas/FracAtlas,images/Non_fractured/IMG0002952.jpg,IMG0002952,no_fracture,g2918,dropped,none,2918,-1,label_conflict,False,da6d36c948b76849,hand,lateral,0,0,Annotations/YOLO/IMG0002952.txt,hand|no_fracture,False
fracatlas,fracatlas/FracAtlas,images/Non_fractured/IMG0002953.jpg,IMG0002953,no_fracture,g2843,dropped,none,2843,-1,duplicate_of:IMG0002877,False,696959595959d931,leg,frontal,0,0,Annotations/YOLO/IMG0002953.txt,leg|no_fracture,False
fracatlas,fracatlas/FracAtlas,images/Non_fractured/IMG0002954.jpg,IMG0002954,no_fracture,g2920,val,none,2920,-1,,False,1b206f58237c59db,leg,lateral,0,0,Annotations/YOLO/IMG0002954.txt,leg|no_fracture,False
fracatlas,fracatlas/FracAtlas,images/Non_fractured/IMG0002955.jpg,IMG0002955,no_fracture,g2849,dropped,none,2849,-1,duplicate_of:IMG0002883,False,8d6525b1e1657333,hand,frontal,0,0,Annotations/YOLO/IMG0002955.txt,hand|no_fracture,False
fracatlas,fracatlas/FracAtlas,images/Non_fractured/IMG0002956.jpg,IMG0002956,no_fracture,g2922,test,none,2922,-1,,True,c1c5657331c47373,hand,oblique,0,0,Annotations/YOLO/IMG0002956.txt,hand|no_fracture,False
fracatlas,fracatlas/FracAtlas,images/Non_fractured/IMG0002957.jpg,IMG0002957,no_fracture,g2923,train,none,2923,-1,,False,64b3d86693c76233,leg,frontal,0,0,Annotations/YOLO/IMG0002957.txt,leg|no_fracture,False
fracatlas,fracatlas/FracAtlas,images/Non_fractured/IMG0002958.jpg,IMG0002958,no_fracture,g2924,test,none,2924,-1,,True,934d3693c99c9399,leg,lateral,0,0,Annotations/YOLO/IMG0002958.txt,leg|no_fracture,False
fracatlas,fracatlas/FracAtlas,images/Non_fractured/IMG0002959.jpg,IMG0002959,no_fracture,g2925,cal,none,2925,-1,,False,31b1d1919d9d3333,leg,frontal,0,0,Annotations/YOLO/IMG0002959.txt,leg|no_fracture,False
fracatlas,fracatlas/FracAtlas,images/Non_fractured/IMG0002960.jpg,IMG0002960,no_fracture,g2926,train,none,2926,-1,,False,15913525656de9b9,leg,oblique,0,0,Annotations/YOLO/IMG0002960.txt,leg|no_fracture,False
fracatlas,fracatlas/FracAtlas,images/Non_fractured/IMG0002961.jpg,IMG0002961,no_fracture,g2927,train,none,2927,-1,,False,068f8ec7c667c233,hand,frontal,0,0,Annotations/YOLO/IMG0002961.txt,hand|no_fracture,False
fracatlas,fracatlas/FracAtlas,images/Non_fractured/IMG0002962.jpg,IMG0002962,no_fracture,g2928,train,none,2928,-1,,False,25e555ca5aa6954d,hand,lateral,0,0,Annotations/YOLO/IMG0002962.txt,hand|no_fracture,False
fracatlas,fracatlas/FracAtlas,images/Non_fractured/IMG0002963.jpg,IMG0002963,no_fracture,g2929,test,none,2929,-1,,True,5949c933266dc9d9,leg,frontal,0,0,Annotations/YOLO/IMG0002963.txt,leg|no_fracture,False
fracatlas,fracatlas/FracAtlas,images/Non_fractured/IMG0002964.jpg,IMG0002964,no_fracture,g2930,train,none,2930,-1,,False,692933b39393d949,leg,oblique,0,0,Annotations/YOLO/IMG0002964.txt,leg|no_fracture,False
fracatlas,fracatlas/FracAtlas,images/Non_fractured/IMG0002965.jpg,IMG0002965,no_fracture,g2931,train,none,2931,-1,,False,853b8637cd0ea6a9,mixed,frontal,0,0,Annotations/YOLO/IMG0002965.txt,mixed|no_fracture,False
fracatlas,fracatlas/FracAtlas,images/Non_fractured/IMG0002966.jpg,IMG0002966,no_fracture,g2932,train,none,2932,-1,,False,7a37323332b39259,hand,frontal,0,0,Annotations/YOLO/IMG0002966.txt,hand|no_fracture,False
fracatlas,fracatlas/FracAtlas,images/Non_fractured/IMG0002967.jpg,IMG0002967,no_fracture,g2933,train,none,2933,-1,,False,45d75ab25226d54d,hand,lateral,0,0,Annotations/YOLO/IMG0002967.txt,hand|no_fracture,False
fracatlas,fracatlas/FracAtlas,images/Non_fractured/IMG0002968.jpg,IMG0002968,no_fracture,g2934,train,none,2934,-1,,False,4973715bc1199973,leg,frontal,0,0,Annotations/YOLO/IMG0002968.txt,leg|no_fracture,False
fracatlas,fracatlas/FracAtlas,images/Non_fractured/IMG0002969.jpg,IMG0002969,no_fracture,g2935,cal,none,2935,-1,,False,93262073939c49ff,leg,lateral,0,0,Annotations/YOLO/IMG0002969.txt,leg|no_fracture,False
fracatlas,fracatlas/FracAtlas,images/Fractured/IMG0002970.jpg,IMG0002970,fracture,g2936,val,train,2936,-1,,False,113163733939e373,leg,frontal,0,1,Annotations/YOLO/IMG0002970.txt,leg|fracture,False
fracatlas,fracatlas/FracAtlas,images/Fractured/IMG0002971.jpg,IMG0002971,fracture,g2937,test,train,2937,-1,,True,d337c3193306999b,leg,lateral,0,1,Annotations/YOLO/IMG0002971.txt,leg|fracture,False
fracatlas,fracatlas/FracAtlas,images/Non_fractured/IMG0002972.jpg,IMG0002972,no_fracture,g2938,train,none,2938,-1,,False,64cb319bc9c93399,leg,frontal,0,0,Annotations/YOLO/IMG0002972.txt,leg|no_fracture,False
fracatlas,fracatlas/FracAtlas,images/Non_fractured/IMG0002973.jpg,IMG0002973,no_fracture,g2939,train,none,2939,-1,,False,dbb4645b93944959,leg,lateral,0,0,Annotations/YOLO/IMG0002973.txt,leg|no_fracture,False
fracatlas,fracatlas/FracAtlas,images/Non_fractured/IMG0002974.jpg,IMG0002974,no_fracture,g2940,train,none,2940,-1,,False,2c6969ae2dcd26a9,mixed,frontal,0,0,Annotations/YOLO/IMG0002974.txt,mixed|no_fracture,False
fracatlas,fracatlas/FracAtlas,images/Non_fractured/IMG0002975.jpg,IMG0002975,no_fracture,g2941,test,none,2941,-1,,True,59a7e4d1e1335591,leg,frontal,0,0,Annotations/YOLO/IMG0002975.txt,leg|no_fracture,False
fracatlas,fracatlas/FracAtlas,images/Non_fractured/IMG0002976.jpg,IMG0002976,no_fracture,g2942,train,none,2942,-1,,False,1dc3768d8176a355,leg,lateral,0,0,Annotations/YOLO/IMG0002976.txt,leg|no_fracture,False
fracatlas,fracatlas/FracAtlas,images/Non_fractured/IMG0002977.jpg,IMG0002977,no_fracture,g2943,train,none,2943,-1,,False,0d8f0d6ded010f4f,leg,frontal,0,0,Annotations/YOLO/IMG0002977.txt,leg|no_fracture,False
fracatlas,fracatlas/FracAtlas,images/Non_fractured/IMG0002978.jpg,IMG0002978,no_fracture,g2944,train,none,2944,-1,,False,002c6753b83cd9fb,leg,lateral,0,0,Annotations/YOLO/IMG0002978.txt,leg|no_fracture,False
fracatlas,fracatlas/FracAtlas,images/Fractured/IMG0002979.jpg,IMG0002979,fracture,g2945,train,train,2945,-1,,False,6090c8f7707f52d5,hand,frontal,0,1,Annotations/YOLO/IMG0002979.txt,hand|fracture,False
fracatlas,fracatlas/FracAtlas,images/Fractured/IMG0002980.jpg,IMG0002980,fracture,g2946,train,train,2946,-1,,False,31d830d84c7bcf33,hand,lateral,0,1,Annotations/YOLO/IMG0002980.txt,hand|fracture,False
fracatlas,fracatlas/FracAtlas,images/Non_fractured/IMG0002981.jpg,IMG0002981,no_fracture,g2947,test,none,2947,-1,,True,1579a696e50cb29d,mixed,frontal,0,0,Annotations/YOLO/IMG0002981.txt,mixed|no_fracture,False
fracatlas,fracatlas/FracAtlas,images/Non_fractured/IMG0002982.jpg,IMG0002982,no_fracture,g2948,train,none,2948,-1,,False,034f49b6344de6b9,shoulder,frontal,0,0,Annotations/YOLO/IMG0002982.txt,shoulder|no_fracture,False
fracatlas,fracatlas/FracAtlas,images/Non_fractured/IMG0002983.jpg,IMG0002983,no_fracture,g2949,train,none,2949,-1,,False,22e349cb33733399,leg,frontal,0,0,Annotations/YOLO/IMG0002983.txt,leg|no_fracture,False
fracatlas,fracatlas/FracAtlas,images/Non_fractured/IMG0002984.jpg,IMG0002984,no_fracture,g2950,val,none,2950,-1,,False,0144ffb3246c49fb,leg,lateral,0,0,Annotations/YOLO/IMG0002984.txt,leg|no_fracture,False
fracatlas,fracatlas/FracAtlas,images/Non_fractured/IMG0002985.jpg,IMG0002985,no_fracture,g2951,train,none,2951,-1,,False,99674c9933cc9999,leg,frontal,0,0,Annotations/YOLO/IMG0002985.txt,leg|no_fracture,False
fracatlas,fracatlas/FracAtlas,images/Non_fractured/IMG0002986.jpg,IMG0002986,no_fracture,g2952,test,none,2952,-1,,True,13e9c633b9923333,leg,lateral,0,0,Annotations/YOLO/IMG0002986.txt,leg|no_fracture,False
fracatlas,fracatlas/FracAtlas,images/Fractured/IMG0002987.jpg,IMG0002987,fracture,g2953,train,train,2953,-1,,False,de3a4a9b12a62ad5,mixed,frontal,0,1,Annotations/YOLO/IMG0002987.txt,mixed|fracture,False
fracatlas,fracatlas/FracAtlas,images/Non_fractured/IMG0002988.jpg,IMG0002988,no_fracture,g2954,train,none,2954,-1,,False,391b564666737171,hand,lateral,0,0,Annotations/YOLO/IMG0002988.txt,hand|no_fracture,False
fracatlas,fracatlas/FracAtlas,images/Non_fractured/IMG0002989.jpg,IMG0002989,no_fracture,g2955,val,none,2955,-1,,False,969966b399667231,leg,frontal,0,0,Annotations/YOLO/IMG0002989.txt,leg|no_fracture,False
fracatlas,fracatlas/FracAtlas,images/Non_fractured/IMG0002990.jpg,IMG0002990,no_fracture,g2956,test,none,2956,-1,,True,b2996cb2991c3373,leg,lateral,0,0,Annotations/YOLO/IMG0002990.txt,leg|no_fracture,False
fracatlas,fracatlas/FracAtlas,images/Non_fractured/IMG0002991.jpg,IMG0002991,no_fracture,g2957,cal,none,2957,-1,,False,38e3a7c32c6633c3,mixed,frontal,0,0,Annotations/YOLO/IMG0002991.txt,mixed|no_fracture,False
fracatlas,fracatlas/FracAtlas,images/Non_fractured/IMG0002992.jpg,IMG0002992,no_fracture,g2958,train,none,2958,-1,,False,669d26996c696999,leg,frontal,0,0,Annotations/YOLO/IMG0002992.txt,leg|no_fracture,False
fracatlas,fracatlas/FracAtlas,images/Non_fractured/IMG0002993.jpg,IMG0002993,no_fracture,g2959,train,none,2959,-1,,False,c2366599b1af6949,leg,lateral,0,0,Annotations/YOLO/IMG0002993.txt,leg|no_fracture,False
fracatlas,fracatlas/FracAtlas,images/Non_fractured/IMG0002994.jpg,IMG0002994,no_fracture,g2960,test,none,2960,-1,,True,0687c6c7c6c7e233,hand,frontal,0,0,Annotations/YOLO/IMG0002994.txt,hand|no_fracture,False
fracatlas,fracatlas/FracAtlas,images/Non_fractured/IMG0002995.jpg,IMG0002995,no_fracture,g2961,train,none,2961,-1,,False,309bc88fcc8f3333,leg,frontal,0,0,Annotations/YOLO/IMG0002995.txt,leg|no_fracture,False
fracatlas,fracatlas/FracAtlas,images/Non_fractured/IMG0002996.jpg,IMG0002996,no_fracture,g2962,train,none,2962,-1,,False,b2b1b4a52c6d6999,leg,oblique,0,0,Annotations/YOLO/IMG0002996.txt,leg|no_fracture,False
fracatlas,fracatlas/FracAtlas,images/Non_fractured/IMG0002997.jpg,IMG0002997,no_fracture,g2963,train,none,2963,-1,,False,5351d495b465ad99,leg,oblique,0,0,Annotations/YOLO/IMG0002997.txt,leg|no_fracture,False
fracatlas,fracatlas/FracAtlas,images/Fractured/IMG0002998.jpg,IMG0002998,fracture,g2964,dropped,train,2964,-1,label_conflict,False,0639c6cdda999a95,hand,frontal,0,1,Annotations/YOLO/IMG0002998.txt,hand|fracture,False
fracatlas,fracatlas/FracAtlas,images/Fractured/IMG0002999.jpg,IMG0002999,fracture,g2965,train,train,2965,-1,,False,7acd32659833cc59,hand,lateral,0,1,Annotations/YOLO/IMG0002999.txt,hand|fracture,False
fracatlas,fracatlas/FracAtlas,images/Fractured/IMG0003000.jpg,IMG0003000,fracture,g2966,train,train,2966,-1,,False,cecc652c849cef23,mixed,frontal,0,1,Annotations/YOLO/IMG0003000.txt,mixed|fracture,False
fracatlas,fracatlas/FracAtlas,images/Fractured/IMG0003001.jpg,IMG0003001,fracture,g2967,train,train,2967,-1,,False,c5e5857541d9a1c7,mixed,frontal,0,1,Annotations/YOLO/IMG0003001.txt,mixed|fracture,False
fracatlas,fracatlas/FracAtlas,images/Non_fractured/IMG0003002.jpg,IMG0003002,no_fracture,g2968,val,none,2968,-1,,False,9555c1cd1949d9d9,hand,frontal,0,0,Annotations/YOLO/IMG0003002.txt,hand|no_fracture,False
fracatlas,fracatlas/FracAtlas,images/Non_fractured/IMG0003003.jpg,IMG0003003,no_fracture,g2969,train,none,2969,-1,,False,99494d2d996d49d9,hand,lateral,0,0,Annotations/YOLO/IMG0003003.txt,hand|no_fracture,False
fracatlas,fracatlas/FracAtlas,images/Non_fractured/IMG0003004.jpg,IMG0003004,no_fracture,g2970,train,none,2970,-1,,False,f29d4ad518c79833,leg,frontal,0,0,Annotations/YOLO/IMG0003004.txt,leg|no_fracture,False
fracatlas,fracatlas/FracAtlas,images/Non_fractured/IMG0003005.jpg,IMG0003005,no_fracture,g2971,train,none,2971,-1,,False,2525276767271b99,leg,frontal,0,0,Annotations/YOLO/IMG0003005.txt,leg|no_fracture,False
fracatlas,fracatlas/FracAtlas,images/Non_fractured/IMG0003006.jpg,IMG0003006,no_fracture,g2972,val,none,2972,-1,,False,030e181337bc99ff,leg,lateral,0,0,Annotations/YOLO/IMG0003006.txt,leg|no_fracture,False
fracatlas,fracatlas/FracAtlas,images/Non_fractured/IMG0003007.jpg,IMG0003007,no_fracture,g2973,test,none,2973,-1,,True,be1f0f73a007e823,mixed,frontal,0,0,Annotations/YOLO/IMG0003007.txt,mixed|no_fracture,False
fracatlas,fracatlas/FracAtlas,images/Non_fractured/IMG0003008.jpg,IMG0003008,no_fracture,g2974,train,none,2974,-1,,False,c333e3c533c39133,leg,frontal,0,0,Annotations/YOLO/IMG0003008.txt,leg|no_fracture,False
fracatlas,fracatlas/FracAtlas,images/Non_fractured/IMG0003009.jpg,IMG0003009,no_fracture,g729,dropped,none,729,-1,duplicate_of:IMG0000738,False,8380c3c7c6e77333,leg,oblique,0,0,Annotations/YOLO/IMG0003009.txt,leg|no_fracture,False
fracatlas,fracatlas/FracAtlas,images/Non_fractured/IMG0003010.jpg,IMG0003010,no_fracture,g2976,val,none,2976,-1,,False,3e0b6b0b2b0bcb4b,leg,frontal,0,0,Annotations/YOLO/IMG0003010.txt,leg|no_fracture,False
fracatlas,fracatlas/FracAtlas,images/Non_fractured/IMG0003011.jpg,IMG0003011,no_fracture,g2977,train,none,2977,-1,,False,429d9a11dbcd9999,hand,frontal,0,0,Annotations/YOLO/IMG0003011.txt,hand|no_fracture,False
fracatlas,fracatlas/FracAtlas,images/Non_fractured/IMG0003012.jpg,IMG0003012,no_fracture,g2978,train,none,2978,-1,,False,d117c926d949c9d9,hand,lateral,0,0,Annotations/YOLO/IMG0003012.txt,hand|no_fracture,False
fracatlas,fracatlas/FracAtlas,images/Non_fractured/IMG0003013.jpg,IMG0003013,no_fracture,g2979,test,none,2979,-1,,True,643b483b6c3b6999,leg,frontal,0,0,Annotations/YOLO/IMG0003013.txt,leg|no_fracture,False
fracatlas,fracatlas/FracAtlas,images/Non_fractured/IMG0003014.jpg,IMG0003014,no_fracture,g2980,train,none,2980,-1,,False,49fc2f4b59ac4949,leg,lateral,0,0,Annotations/YOLO/IMG0003014.txt,leg|no_fracture,False
fracatlas,fracatlas/FracAtlas,images/Non_fractured/IMG0003015.jpg,IMG0003015,no_fracture,g1905,dropped,none,1905,-1,duplicate_of:IMG0001929,False,9133716366673333,leg,frontal,0,0,Annotations/YOLO/IMG0003015.txt,leg|no_fracture,False
fracatlas,fracatlas/FracAtlas,images/Non_fractured/IMG0003016.jpg,IMG0003016,no_fracture,g2982,train,none,2982,-1,,False,c4f1f0383cce4f13,leg,oblique,0,0,Annotations/YOLO/IMG0003016.txt,leg|no_fracture,False
fracatlas,fracatlas/FracAtlas,images/Non_fractured/IMG0003017.jpg,IMG0003017,no_fracture,g2983,test,none,2983,-1,,True,9aa7e1e1a1a578e1,leg,frontal,0,0,Annotations/YOLO/IMG0003017.txt,leg|no_fracture,False
fracatlas,fracatlas/FracAtlas,images/Non_fractured/IMG0003018.jpg,IMG0003018,no_fracture,g2984,val,none,2984,-1,,False,26c7c1d362637393,leg,frontal,0,0,Annotations/YOLO/IMG0003018.txt,leg|no_fracture,False
fracatlas,fracatlas/FracAtlas,images/Non_fractured/IMG0003019.jpg,IMG0003019,no_fracture,g2985,train,none,2985,-1,,False,29e25c19b37ea351,leg,lateral,0,0,Annotations/YOLO/IMG0003019.txt,leg|no_fracture,False
fracatlas,fracatlas/FracAtlas,images/Fractured/IMG0003020.jpg,IMG0003020,fracture,g2986,train,train,2986,-1,,False,6525996699667399,leg,frontal,0,1,Annotations/YOLO/IMG0003020.txt,leg|fracture,False
fracatlas,fracatlas/FracAtlas,images/Fractured/IMG0003021.jpg,IMG0003021,fracture,g2987,train,train,2987,-1,,False,6421cc26694df9db,leg,lateral,0,1,Annotations/YOLO/IMG0003021.txt,leg|fracture,False
fracatlas,fracatlas/FracAtlas,images/Non_fractured/IMG0003022.jpg,IMG0003022,no_fracture,g2988,test,none,2988,-1,,True,3159a226cd1de6b9,mixed,frontal,0,0,Annotations/YOLO/IMG0003022.txt,mixed|no_fracture,False
fracatlas,fracatlas/FracAtlas,images/Non_fractured/IMG0003023.jpg,IMG0003023,no_fracture,g2989,train,none,2989,-1,,False,b16eeb9124f58631,shoulder,frontal,0,0,Annotations/YOLO/IMG0003023.txt,shoulder|no_fracture,False
fracatlas,fracatlas/FracAtlas,images/Non_fractured/IMG0003024.jpg,IMG0003024,no_fracture,g2022,dropped,none,2022,-1,duplicate_of:IMG0002048,False,4053d17373739933,leg,frontal,0,0,Annotations/YOLO/IMG0003024.txt,leg|no_fracture,False
fracatlas,fracatlas/FracAtlas,images/Non_fractured/IMG0003025.jpg,IMG0003025,no_fracture,g2991,train,none,2991,-1,,False,e1b29cd5f1548355,leg,lateral,0,0,Annotations/YOLO/IMG0003025.txt,leg|no_fracture,False
fracatlas,fracatlas/FracAtlas,images/Non_fractured/IMG0003026.jpg,IMG0003026,no_fracture,g2992,train,none,2992,-1,,False,c81b9959c959d999,leg,frontal,0,0,Annotations/YOLO/IMG0003026.txt,leg|no_fracture,False
fracatlas,fracatlas/FracAtlas,images/Non_fractured/IMG0003027.jpg,IMG0003027,no_fracture,g2993,train,none,2993,-1,,False,b0275c79a35ca959,leg,lateral,0,0,Annotations/YOLO/IMG0003027.txt,leg|no_fracture,False
fracatlas,fracatlas/FracAtlas,images/Non_fractured/IMG0003028.jpg,IMG0003028,no_fracture,g2994,train,none,2994,-1,,False,1f268f898be58b61,leg,frontal,0,0,Annotations/YOLO/IMG0003028.txt,leg|no_fracture,False
fracatlas,fracatlas/FracAtlas,images/Non_fractured/IMG0003029.jpg,IMG0003029,no_fracture,g2995,train,none,2995,-1,,False,61d3d1b373334919,leg,frontal,0,0,Annotations/YOLO/IMG0003029.txt,leg|no_fracture,False
fracatlas,fracatlas/FracAtlas,images/Non_fractured/IMG0003030.jpg,IMG0003030,no_fracture,g2996,train,none,2996,-1,,False,6b1e4dd13a56a351,leg,lateral,0,0,Annotations/YOLO/IMG0003030.txt,leg|no_fracture,False
fracatlas,fracatlas/FracAtlas,images/Non_fractured/IMG0003031.jpg,IMG0003031,no_fracture,g2997,train,none,2997,-1,,False,a433c9a6ac5de6a1,shoulder,frontal,0,0,Annotations/YOLO/IMG0003031.txt,shoulder|no_fracture,False
fracatlas,fracatlas/FracAtlas,images/Non_fractured/IMG0003032.jpg,IMG0003032,no_fracture,g2998,train,none,2998,-1,,False,4d59cd592ccd8e29,shoulder,frontal,0,0,Annotations/YOLO/IMG0003032.txt,shoulder|no_fracture,False
fracatlas,fracatlas/FracAtlas,images/Non_fractured/IMG0003033.jpg,IMG0003033,no_fracture,g2999,train,none,2999,-1,,False,9e1fab41af01ab61,leg,frontal,0,0,Annotations/YOLO/IMG0003033.txt,leg|no_fracture,False
fracatlas,fracatlas/FracAtlas,images/Fractured/IMG0003034.jpg,IMG0003034,fracture,g3000,dropped,train,3000,-1,label_conflict,False,811e86c7ccc7a373,hand,lateral,0,1,Annotations/YOLO/IMG0003034.txt,hand|fracture,False
fracatlas,fracatlas/FracAtlas,images/Fractured/IMG0003035.jpg,IMG0003035,fracture,g3001,val,train,3001,-1,,False,4e56181baef55689,mixed,frontal,0,1,Annotations/YOLO/IMG0003035.txt,mixed|fracture,False
fracatlas,fracatlas/FracAtlas,images/Non_fractured/IMG0003036.jpg,IMG0003036,no_fracture,g3002,train,none,3002,-1,,False,a1a929296d6dc9d9,leg,frontal,0,0,Annotations/YOLO/IMG0003036.txt,leg|no_fracture,False
fracatlas,fracatlas/FracAtlas,images/Non_fractured/IMG0003037.jpg,IMG0003037,no_fracture,g3003,train,none,3003,-1,,False,58555495b4b5ad4d,leg,oblique,0,0,Annotations/YOLO/IMG0003037.txt,leg|no_fracture,False
fracatlas,fracatlas/FracAtlas,images/Non_fractured/IMG0003038.jpg,IMG0003038,no_fracture,g3004,train,none,3004,-1,,False,21a309a72dbf2d69,leg,frontal,0,0,Annotations/YOLO/IMG0003038.txt,leg|no_fracture,False
fracatlas,fracatlas/FracAtlas,images/Non_fractured/IMG0003039.jpg,IMG0003039,no_fracture,g3005,train,none,3005,-1,,False,b4244bdbacac6969,leg,lateral,0,0,Annotations/YOLO/IMG0003039.txt,leg|no_fracture,False
fracatlas,fracatlas/FracAtlas,images/Non_fractured/IMG0003040.jpg,IMG0003040,no_fracture,g3006,test,none,3006,-1,,True,36b35a3932339a99,hand,frontal,0,0,Annotations/YOLO/IMG0003040.txt,hand|no_fracture,False
fracatlas,fracatlas/FracAtlas,images/Non_fractured/IMG0003041.jpg,IMG0003041,no_fracture,g3007,train,none,3007,-1,,False,64e7329be0673233,hand,oblique,0,0,Annotations/YOLO/IMG0003041.txt,hand|no_fracture,False
fracatlas,fracatlas/FracAtlas,images/Non_fractured/IMG0003042.jpg,IMG0003042,no_fracture,g3008,train,none,3008,-1,,False,cc75c067c1739173,leg,frontal,0,0,Annotations/YOLO/IMG0003042.txt,leg|no_fracture,False
fracatlas,fracatlas/FracAtlas,images/Non_fractured/IMG0003043.jpg,IMG0003043,no_fracture,g3009,train,none,3009,-1,,False,aa8da6b19555f151,leg,lateral,0,0,Annotations/YOLO/IMG0003043.txt,leg|no_fracture,False
fracatlas,fracatlas/FracAtlas,images/Non_fractured/IMG0003044.jpg,IMG0003044,no_fracture,g3010,test,none,3010,-1,,True,b2db2d12c9cc9339,leg,lateral,0,0,Annotations/YOLO/IMG0003044.txt,leg|no_fracture,False
fracatlas,fracatlas/FracAtlas,images/Non_fractured/IMG0003045.jpg,IMG0003045,no_fracture,g3011,train,none,3011,-1,,False,fa35b29972313233,hand,frontal,0,0,Annotations/YOLO/IMG0003045.txt,hand|no_fracture,False
fracatlas,fracatlas/FracAtlas,images/Non_fractured/IMG0003046.jpg,IMG0003046,no_fracture,g3012,train,none,3012,-1,,False,b23766999a279899,hand,lateral,0,0,Annotations/YOLO/IMG0003046.txt,hand|no_fracture,False
fracatlas,fracatlas/FracAtlas,images/Non_fractured/IMG0003047.jpg,IMG0003047,no_fracture,g3013,test,none,3013,-1,,True,0cc3e3b19999e333,hand,frontal,0,0,Annotations/YOLO/IMG0003047.txt,hand|no_fracture,False
fracatlas,fracatlas/FracAtlas,images/Non_fractured/IMG0003048.jpg,IMG0003048,no_fracture,g3014,test,none,3014,-1,,True,1306085bdbdc49fb,hand,lateral,0,0,Annotations/YOLO/IMG0003048.txt,hand|no_fracture,False
fracatlas,fracatlas/FracAtlas,images/Non_fractured/IMG0003049.jpg,IMG0003049,no_fracture,g3015,val,none,3015,-1,,False,32cd32cd36d99199,leg,frontal,0,0,Annotations/YOLO/IMG0003049.txt,leg|no_fracture,False
fracatlas,fracatlas/FracAtlas,images/Non_fractured/IMG0003050.jpg,IMG0003050,no_fracture,g3016,train,none,3016,-1,,False,440f311b4d4f7b99,leg,frontal,0,0,Annotations/YOLO/IMG0003050.txt,leg|no_fracture,False
fracatlas,fracatlas/FracAtlas,images/Non_fractured/IMG0003051.jpg,IMG0003051,no_fracture,g3017,cal,none,3017,-1,,False,0b04201bdffc69eb,leg,lateral,0,0,Annotations/YOLO/IMG0003051.txt,leg|no_fracture,False
fracatlas,fracatlas/FracAtlas,images/Non_fractured/IMG0003052.jpg,IMG0003052,no_fracture,g3018,train,none,3018,-1,,False,e0cfe2c166679a31,hand,frontal,0,0,Annotations/YOLO/IMG0003052.txt,hand|no_fracture,False
fracatlas,fracatlas/FracAtlas,images/Non_fractured/IMG0003053.jpg,IMG0003053,no_fracture,g3019,train,none,3019,-1,,False,f1998eb1191e3371,hand,lateral,0,0,Annotations/YOLO/IMG0003053.txt,hand|no_fracture,False
fracatlas,fracatlas/FracAtlas,images/Non_fractured/IMG0003054.jpg,IMG0003054,no_fracture,g3020,val,none,3020,-1,,False,cc1f738c71c39833,leg,frontal,0,0,Annotations/YOLO/IMG0003054.txt,leg|no_fracture,False
fracatlas,fracatlas/FracAtlas,images/Non_fractured/IMG0003055.jpg,IMG0003055,no_fracture,g3021,train,none,3021,-1,,False,4837da6db24d9299,leg,lateral,0,0,Annotations/YOLO/IMG0003055.txt,leg|no_fracture,False
fracatlas,fracatlas/FracAtlas,images/Non_fractured/IMG0003056.jpg,IMG0003056,no_fracture,g3022,train,none,3022,-1,,False,c07bc833307bd939,leg,frontal,0,0,Annotations/YOLO/IMG0003056.txt,leg|no_fracture,False
fracatlas,fracatlas/FracAtlas,images/Non_fractured/IMG0003057.jpg,IMG0003057,no_fracture,g3023,train,none,3023,-1,,False,1d8ee35115d6a355,leg,lateral,0,0,Annotations/YOLO/IMG0003057.txt,leg|no_fracture,False
fracatlas,fracatlas/FracAtlas,images/Non_fractured/IMG0003058.jpg,IMG0003058,no_fracture,g729,dropped,none,729,-1,duplicate_of:IMG0000738,False,8382c6c7c6c77333,leg,frontal,0,0,Annotations/YOLO/IMG0003058.txt,leg|no_fracture,False
fracatlas,fracatlas/FracAtlas,images/Non_fractured/IMG0003059.jpg,IMG0003059,no_fracture,g2790,dropped,none,2790,-1,duplicate_of:IMG0002824,False,f8393e1f0e4f0613,leg,oblique,0,0,Annotations/YOLO/IMG0003059.txt,leg|no_fracture,False
fracatlas,fracatlas/FracAtlas,images/Non_fractured/IMG0003060.jpg,IMG0003060,no_fracture,g3026,cal,none,3026,-1,,False,a62d266148cddadb,hand,frontal,0,0,Annotations/YOLO/IMG0003060.txt,hand|no_fracture,False
fracatlas,fracatlas/FracAtlas,images/Non_fractured/IMG0003061.jpg,IMG0003061,no_fracture,g3027,train,none,3027,-1,,False,664d2a396a4dd8d9,hand,oblique,0,0,Annotations/YOLO/IMG0003061.txt,hand|no_fracture,False
fracatlas,fracatlas/FracAtlas,images/Non_fractured/IMG0003062.jpg,IMG0003062,no_fracture,g3028,train,none,3028,-1,,False,ce0d6259cac9da99,hand,frontal,0,0,Annotations/YOLO/IMG0003062.txt,hand|no_fracture,False
fracatlas,fracatlas/FracAtlas,images/Non_fractured/IMG0003063.jpg,IMG0003063,no_fracture,g3029,train,none,3029,-1,,False,d29db6a5a425ad49,hand,frontal,0,0,Annotations/YOLO/IMG0003063.txt,hand|no_fracture,False
fracatlas,fracatlas/FracAtlas,images/Non_fractured/IMG0003064.jpg,IMG0003064,no_fracture,g3030,train,none,3030,-1,,False,5ed7e949486c2d29,hand,lateral,0,0,Annotations/YOLO/IMG0003064.txt,hand|no_fracture,False
fracatlas,fracatlas/FracAtlas,images/Non_fractured/IMG0003065.jpg,IMG0003065,no_fracture,g3031,train,none,3031,-1,,False,a6ddb6ad24252d49,hand,frontal,0,0,Annotations/YOLO/IMG0003065.txt,hand|no_fracture,False
fracatlas,fracatlas/FracAtlas,images/Non_fractured/IMG0003066.jpg,IMG0003066,no_fracture,g3032,cal,none,3032,-1,,False,4535562eca6cb599,hand,lateral,0,0,Annotations/YOLO/IMG0003066.txt,hand|no_fracture,False
fracatlas,fracatlas/FracAtlas,images/Non_fractured/IMG0003067.jpg,IMG0003067,no_fracture,g3033,test,none,3033,-1,,True,66b3d27972333219,hand,frontal,0,0,Annotations/YOLO/IMG0003067.txt,hand|no_fracture,False
fracatlas,fracatlas/FracAtlas,images/Non_fractured/IMG0003068.jpg,IMG0003068,no_fracture,g3034,train,none,3034,-1,,False,7a6dce3132c53233,hand,lateral,0,0,Annotations/YOLO/IMG0003068.txt,hand|no_fracture,False
fracatlas,fracatlas/FracAtlas,images/Non_fractured/IMG0003069.jpg,IMG0003069,no_fracture,g3035,train,none,3035,-1,,False,ca999a199ad99999,hand,frontal,0,0,Annotations/YOLO/IMG0003069.txt,hand|no_fracture,False
fracatlas,fracatlas/FracAtlas,images/Fractured/IMG0003070.jpg,IMG0003070,fracture,g350,dropped,train,350,-1,duplicate_of:IMG0000352,False,eacd6299d84d9899,hand,lateral,0,1,Annotations/YOLO/IMG0003070.txt,hand|fracture,False
fracatlas,fracatlas/FracAtlas,images/Non_fractured/IMG0003071.jpg,IMG0003071,no_fracture,g3037,train,none,3037,-1,,False,22b5d27162773333,hand,frontal,0,0,Annotations/YOLO/IMG0003071.txt,hand|no_fracture,False
fracatlas,fracatlas/FracAtlas,images/Non_fractured/IMG0003072.jpg,IMG0003072,no_fracture,g3038,train,none,3038,-1,,False,35f5959971353119,hand,oblique,0,0,Annotations/YOLO/IMG0003072.txt,hand|no_fracture,False
fracatlas,fracatlas/FracAtlas,images/Non_fractured/IMG0003073.jpg,IMG0003073,no_fracture,g3039,train,none,3039,-1,,False,389dc2f11555f351,leg,lateral,0,0,Annotations/YOLO/IMG0003073.txt,leg|no_fracture,False
fracatlas,fracatlas/FracAtlas,images/Non_fractured/IMG0003074.jpg,IMG0003074,no_fracture,g3040,train,none,3040,-1,,False,48012e09dabf68ff,leg,lateral,0,0,Annotations/YOLO/IMG0003074.txt,leg|no_fracture,False
fracatlas,fracatlas/FracAtlas,images/Non_fractured/IMG0003075.jpg,IMG0003075,no_fracture,g3041,val,none,3041,-1,,False,bcb7acb52425a84d,hand,frontal,0,0,Annotations/YOLO/IMG0003075.txt,hand|no_fracture,False
fracatlas,fracatlas/FracAtlas,images/Non_fractured/IMG0003076.jpg,IMG0003076,no_fracture,g3042,train,none,3042,-1,,False,a9daaa92622595dd,hand,lateral,0,0,Annotations/YOLO/IMG0003076.txt,hand|no_fracture,False
fracatlas,fracatlas/FracAtlas,images/Fractured/IMG0003077.jpg,IMG0003077,fracture,g3043,train,train,3043,-1,,False,e531c59df131c919,leg,frontal,0,1,Annotations/YOLO/IMG0003077.txt,leg|fracture,False
fracatlas,fracatlas/FracAtlas,images/Non_fractured/IMG0003078.jpg,IMG0003078,no_fracture,g3044,test,none,3044,-1,,True,194ce2791956e3f1,leg,lateral,0,0,Annotations/YOLO/IMG0003078.txt,leg|no_fracture,False
fracatlas,fracatlas/FracAtlas,images/Non_fractured/IMG0003079.jpg,IMG0003079,no_fracture,g3045,test,none,3045,-1,,True,d86d4ac9cccd1a99,hand,frontal,0,0,Annotations/YOLO/IMG0003079.txt,hand|no_fracture,False
fracatlas,fracatlas/FracAtlas,images/Non_fractured/IMG0003080.jpg,IMG0003080,no_fracture,g3046,train,none,3046,-1,,False,b5655662a26e3599,hand,lateral,0,0,Annotations/YOLO/IMG0003080.txt,hand|no_fracture,False
fracatlas,fracatlas/FracAtlas,images/Non_fractured/IMG0003081.jpg,IMG0003081,no_fracture,g3047,train,none,3047,-1,,False,7a656a49c8cd9a99,hand,frontal,0,0,Annotations/YOLO/IMG0003081.txt,hand|no_fracture,False
fracatlas,fracatlas/FracAtlas,images/Non_fractured/IMG0003082.jpg,IMG0003082,no_fracture,g3048,train,none,3048,-1,,False,d2b390d3c0f33333,leg,frontal,0,0,Annotations/YOLO/IMG0003082.txt,leg|no_fracture,False
fracatlas,fracatlas/FracAtlas,images/Non_fractured/IMG0003083.jpg,IMG0003083,no_fracture,g3049,train,none,3049,-1,,False,d6b5b0a5246dc999,leg,oblique,0,0,Annotations/YOLO/IMG0003083.txt,leg|no_fracture,False
fracatlas,fracatlas/FracAtlas,images/Non_fractured/IMG0003084.jpg,IMG0003084,no_fracture,g3050,cal,none,3050,-1,,False,60c7d13363735933,leg,frontal,0,0,Annotations/YOLO/IMG0003084.txt,leg|no_fracture,False
fracatlas,fracatlas/FracAtlas,images/Non_fractured/IMG0003085.jpg,IMG0003085,no_fracture,g3051,train,none,3051,-1,,False,0349d66751b449fb,leg,lateral,0,0,Annotations/YOLO/IMG0003085.txt,leg|no_fracture,False
fracatlas,fracatlas/FracAtlas,images/Non_fractured/IMG0003086.jpg,IMG0003086,no_fracture,g3052,train,none,3052,-1,,False,cd3736c9992649c9,leg,frontal,0,0,Annotations/YOLO/IMG0003086.txt,leg|no_fracture,False
fracatlas,fracatlas/FracAtlas,images/Non_fractured/IMG0003087.jpg,IMG0003087,no_fracture,g3053,train,none,3053,-1,,False,93c906b3c9973333,leg,lateral,0,0,Annotations/YOLO/IMG0003087.txt,leg|no_fracture,False
fracatlas,fracatlas/FracAtlas,images/Non_fractured/IMG0003088.jpg,IMG0003088,no_fracture,g3054,train,none,3054,-1,,False,96c9e66166633237,hand,frontal,0,0,Annotations/YOLO/IMG0003088.txt,hand|no_fracture,False
fracatlas,fracatlas/FracAtlas,images/Non_fractured/IMG0003089.jpg,IMG0003089,no_fracture,g3055,train,none,3055,-1,,False,663132d1c6e77233,hand,oblique,0,0,Annotations/YOLO/IMG0003089.txt,hand|no_fracture,False
fracatlas,fracatlas/FracAtlas,images/Non_fractured/IMG0003090.jpg,IMG0003090,no_fracture,g1666,dropped,none,1666,-1,duplicate_of:IMG0001685,False,269192c9c6e77273,hand,oblique,0,0,Annotations/YOLO/IMG0003090.txt,hand|no_fracture,False
fracatlas,fracatlas/FracAtlas,images/Non_fractured/IMG0003091.jpg,IMG0003091,no_fracture,g3057,test,none,3057,-1,,True,298b090f2d7f3b49,leg,frontal,0,0,Annotations/YOLO/IMG0003091.txt,leg|no_fracture,False
fracatlas,fracatlas/FracAtlas,images/Non_fractured/IMG0003092.jpg,IMG0003092,no_fracture,g3058,train,none,3058,-1,,False,042f0b99acad29fb,leg,lateral,0,0,Annotations/YOLO/IMG0003092.txt,leg|no_fracture,False
fracatlas,fracatlas/FracAtlas,images/Fractured/IMG0003093.jpg,IMG0003093,fracture,g3059,test,train,3059,-1,,True,da85a69932b79899,hand,frontal,0,2,Annotations/YOLO/IMG0003093.txt,hand|fracture,False
fracatlas,fracatlas/FracAtlas,images/Fractured/IMG0003094.jpg,IMG0003094,fracture,g3060,cal,train,3060,-1,,False,3a35ceb1326d9899,hand,lateral,0,1,Annotations/YOLO/IMG0003094.txt,hand|fracture,False
fracatlas,fracatlas/FracAtlas,images/Non_fractured/IMG0003095.jpg,IMG0003095,no_fracture,g3061,val,none,3061,-1,,False,722dccdb89999899,mixed,frontal,0,0,Annotations/YOLO/IMG0003095.txt,mixed|no_fracture,False
fracatlas,fracatlas/FracAtlas,images/Non_fractured/IMG0003096.jpg,IMG0003096,no_fracture,g3062,val,none,3062,-1,,False,5dc10bf901fb3133,mixed,lateral,0,0,Annotations/YOLO/IMG0003096.txt,mixed|no_fracture,False
fracatlas,fracatlas/FracAtlas,images/Non_fractured/IMG0003097.jpg,IMG0003097,no_fracture,g3063,train,none,3063,-1,,False,cee532d162637233,hand,frontal,0,0,Annotations/YOLO/IMG0003097.txt,hand|no_fracture,False
fracatlas,fracatlas/FracAtlas,images/Non_fractured/IMG0003098.jpg,IMG0003098,no_fracture,g3064,test,none,3064,-1,,True,66cdc6b132e53233,hand,lateral,0,0,Annotations/YOLO/IMG0003098.txt,hand|no_fracture,False
fracatlas,fracatlas/FracAtlas,images/Non_fractured/IMG0003099.jpg,IMG0003099,no_fracture,g3065,test,none,3065,-1,,True,92d93233ca673333,leg,frontal,0,0,Annotations/YOLO/IMG0003099.txt,leg|no_fracture,False
fracatlas,fracatlas/FracAtlas,images/Non_fractured/IMG0003100.jpg,IMG0003100,no_fracture,g61,dropped,none,61,-1,duplicate_of:IMG0000061,False,d49394b5a4656d99,leg,oblique,0,0,Annotations/YOLO/IMG0003100.txt,leg|no_fracture,False
fracatlas,fracatlas/FracAtlas,images/Fractured/IMG0003101.jpg,IMG0003101,fracture,g3067,train,train,3067,-1,,False,725da65932673299,hand,frontal,0,1,Annotations/YOLO/IMG0003101.txt,hand|fracture,False
fracatlas,fracatlas/FracAtlas,images/Fractured/IMG0003102.jpg,IMG0003102,fracture,g3034,train,train,3034,-1,,False,32ddce3132cd3233,hand,lateral,0,1,Annotations/YOLO/IMG0003102.txt,hand|fracture,False
fracatlas,fracatlas/FracAtlas,images/Non_fractured/IMG0003103.jpg,IMG0003103,no_fracture,g3069,test,none,3069,-1,,True,728dcea3028fc2e7,hand,frontal,0,0,Annotations/YOLO/IMG0003103.txt,hand|no_fracture,False
fracatlas,fracatlas/FracAtlas,images/Non_fractured/IMG0003104.jpg,IMG0003104,no_fracture,g3070,train,none,3070,-1,,False,9a356ed133653331,hand,lateral,0,0,Annotations/YOLO/IMG0003104.txt,hand|no_fracture,False
fracatlas,fracatlas/FracAtlas,images/Non_fractured/IMG0003105.jpg,IMG0003105,no_fracture,g3071,val,none,3071,-1,,False,c1437193c9db3399,leg,frontal,0,0,Annotations/YOLO/IMG0003105.txt,leg|no_fracture,False
fracatlas,fracatlas/FracAtlas,images/Non_fractured/IMG0003106.jpg,IMG0003106,no_fracture,g3072,train,none,3072,-1,,False,4190b37b19bc09fb,leg,lateral,0,0,Annotations/YOLO/IMG0003106.txt,leg|no_fracture,False
fracatlas,fracatlas/FracAtlas,images/Non_fractured/IMG0003107.jpg,IMG0003107,no_fracture,g3073,cal,none,3073,-1,,False,5973323332b39999,leg,frontal,0,0,Annotations/YOLO/IMG0003107.txt,leg|no_fracture,False
fracatlas,fracatlas/FracAtlas,images/Non_fractured/IMG0003108.jpg,IMG0003108,no_fracture,g3074,train,none,3074,-1,,False,189d9e8f862743cb,leg,oblique,0,0,Annotations/YOLO/IMG0003108.txt,leg|no_fracture,False
fracatlas,fracatlas/FracAtlas,images/Non_fractured/IMG0003109.jpg,IMG0003109,no_fracture,g3075,val,none,3075,-1,,False,6265e6d172673331,hand,frontal,0,0,Annotations/YOLO/IMG0003109.txt,hand|no_fracture,False
fracatlas,fracatlas/FracAtlas,images/Non_fractured/IMG0003110.jpg,IMG0003110,no_fracture,g3034,dropped,none,3034,-1,duplicate_of:IMG0003068,False,72e5ce3132c53333,hand,lateral,0,0,Annotations/YOLO/IMG0003110.txt,hand|no_fracture,False
fracatlas,fracatlas/FracAtlas,images/Fractured/IMG0003111.jpg,IMG0003111,fracture,g3077,train,train,3077,-1,,False,d935b59919353199,hand,frontal,0,1,Annotations/YOLO/IMG0003111.txt,hand|fracture,False
fracatlas,fracatlas/FracAtlas,images/Fractured/IMG0003112.jpg,IMG0003112,fracture,g3078,train,train,3078,-1,,False,983bcc3b986f301b,hand,lateral,0,1,Annotations/YOLO/IMG0003112.txt,hand|fracture,False
fracatlas,fracatlas/FracAtlas,images/Non_fractured/IMG0003113.jpg,IMG0003113,no_fracture,g3079,val,none,3079,-1,,False,b5d595b1256d4949,hand,frontal,0,0,Annotations/YOLO/IMG0003113.txt,hand|no_fracture,False
fracatlas,fracatlas/FracAtlas,images/Non_fractured/IMG0003114.jpg,IMG0003114,no_fracture,g3080,val,none,3080,-1,,False,8e99ba296e6d4859,hand,frontal,0,0,Annotations/YOLO/IMG0003114.txt,hand|no_fracture,False
fracatlas,fracatlas/FracAtlas,images/Non_fractured/IMG0003115.jpg,IMG0003115,no_fracture,g3081,cal,none,3081,-1,,False,91492533d9dd9999,leg,lateral,0,0,Annotations/YOLO/IMG0003115.txt,leg|no_fracture,False
fracatlas,fracatlas/FracAtlas,images/Non_fractured/IMG0003116.jpg,IMG0003116,no_fracture,g3082,train,none,3082,-1,,False,9ead63250f15a5c5,hand,frontal,0,0,Annotations/YOLO/IMG0003116.txt,hand|no_fracture,False
fracatlas,fracatlas/FracAtlas,images/Non_fractured/IMG0003117.jpg,IMG0003117,no_fracture,g3083,test,none,3083,-1,,True,9594af858795a785,hand,oblique,0,0,Annotations/YOLO/IMG0003117.txt,hand|no_fracture,False
fracatlas,fracatlas/FracAtlas,images/Non_fractured/IMG0003118.jpg,IMG0003118,no_fracture,g3084,train,none,3084,-1,,False,3a919a9dce153333,leg,frontal,0,0,Annotations/YOLO/IMG0003118.txt,leg|no_fracture,False
fracatlas,fracatlas/FracAtlas,images/Non_fractured/IMG0003119.jpg,IMG0003119,no_fracture,g3085,cal,none,3085,-1,,False,91b1b5a52d6d6919,leg,oblique,0,0,Annotations/YOLO/IMG0003119.txt,leg|no_fracture,False
fracatlas,fracatlas/FracAtlas,images/Non_fractured/IMG0003120.jpg,IMG0003120,no_fracture,g3086,train,none,3086,-1,,False,36edcea92c25684d,hand,frontal,0,0,Annotations/YOLO/IMG0003120.txt,hand|no_fracture,False
fracatlas,fracatlas/FracAtlas,images/Fractured/IMG0003121.jpg,IMG0003121,fracture,g3087,cal,train,3087,-1,,False,ce4958794ccdd899,hand,oblique,0,1,Annotations/YOLO/IMG0003121.txt,hand|fracture,False
fracatlas,fracatlas/FracAtlas,images/Non_fractured/IMG0003122.jpg,IMG0003122,no_fracture,g3088,train,none,3088,-1,,False,98636699336633b3,leg,frontal,0,0,Annotations/YOLO/IMG0003122.txt,leg|no_fracture,False
fracatlas,fracatlas/FracAtlas,images/Non_fractured/IMG0003123.jpg,IMG0003123,no_fracture,g3089,test,none,3089,-1,,True,c9c69633c9c66363,leg,lateral,0,0,Annotations/YOLO/IMG0003123.txt,leg|no_fracture,False
fracatlas,fracatlas/FracAtlas,images/Non_fractured/IMG0003124.jpg,IMG0003124,no_fracture,g3090,train,none,3090,-1,,False,9295b22d6c6d68d9,hand,frontal,0,0,Annotations/YOLO/IMG0003124.txt,hand|no_fracture,False
fracatlas,fracatlas/FracAtlas,images/Non_fractured/IMG0003125.jpg,IMG0003125,no_fracture,g3091,train,none,3091,-1,,False,0652f9696c6e2d2d,hand,lateral,0,0,Annotations/YOLO/IMG0003125.txt,hand|no_fracture,False
fracatlas,fracatlas/FracAtlas,images/Non_fractured/IMG0003126.jpg,IMG0003126,no_fracture,g3092,val,none,3092,-1,,False,928d92cdc6c7e233,hand,frontal,0,0,Annotations/YOLO/IMG0003126.txt,hand|no_fracture,False
fracatlas,fracatlas/FracAtlas,images/Non_fractured/IMG0003127.jpg,IMG0003127,no_fracture,g3093,train,none,3093,-1,,False,a55928da32b6556d,hand,lateral,0,0,Annotations/YOLO/IMG0003127.txt,hand|no_fracture,False
fracatlas,fracatlas/FracAtlas,images/Non_fractured/IMG0003128.jpg,IMG0003128,no_fracture,g3094,test,none,3094,-1,,True,8620c0c6de9b2fdb,mixed,frontal,0,0,Annotations/YOLO/IMG0003128.txt,mixed|no_fracture,False
fracatlas,fracatlas/FracAtlas,images/Non_fractured/IMG0003129.jpg,IMG0003129,no_fracture,g3095,cal,none,3095,-1,,False,8d9c1c10d16fa7d3,mixed,oblique,0,0,Annotations/YOLO/IMG0003129.txt,mixed|no_fracture,False
fracatlas,fracatlas/FracAtlas,images/Fractured/IMG0003130.jpg,IMG0003130,fracture,g3096,test,train,3096,-1,,True,0d870dc31fc33373,leg,frontal,0,1,Annotations/YOLO/IMG0003130.txt,leg|fracture,False
fracatlas,fracatlas/FracAtlas,images/Fractured/IMG0003131.jpg,IMG0003131,fracture,g3097,train,train,3097,-1,,False,c1a3633363337333,leg,lateral,0,1,Annotations/YOLO/IMG0003131.txt,leg|fracture,False
fracatlas,fracatlas/FracAtlas,images/Fractured/IMG0003132.jpg,IMG0003132,fracture,g3098,cal,train,3098,-1,,False,e40029614dddd9fb,leg,lateral,0,1,Annotations/YOLO/IMG0003132.txt,leg|fracture,False
fracatlas,fracatlas/FracAtlas,images/Non_fractured/IMG0003133.jpg,IMG0003133,no_fracture,g3099,val,none,3099,-1,,False,326d0a4d6e4d5d55,hand,frontal,0,0,Annotations/YOLO/IMG0003133.txt,hand|no_fracture,False
fracatlas,fracatlas/FracAtlas,images/Non_fractured/IMG0003134.jpg,IMG0003134,no_fracture,g3100,train,none,3100,-1,,False,f1d8b82c2e2f2b49,hand,lateral,0,0,Annotations/YOLO/IMG0003134.txt,hand|no_fracture,False
fracatlas,fracatlas/FracAtlas,images/Non_fractured/IMG0003135.jpg,IMG0003135,no_fracture,g3101,train,none,3101,-1,,False,0e6d32e186c5e277,hand,frontal,0,0,Annotations/YOLO/IMG0003135.txt,hand|no_fracture,False
fracatlas,fracatlas/FracAtlas,images/Non_fractured/IMG0003136.jpg,IMG0003136,no_fracture,g3102,test,none,3102,-1,,True,46cd3291c6c76277,hand,oblique,0,0,Annotations/YOLO/IMG0003136.txt,hand|no_fracture,False
fracatlas,fracatlas/FracAtlas,images/Non_fractured/IMG0003137.jpg,IMG0003137,no_fracture,g3103,train,none,3103,-1,,False,9a33d27362739199,leg,frontal,0,0,Annotations/YOLO/IMG0003137.txt,leg|no_fracture,False
fracatlas,fracatlas/FracAtlas,images/Non_fractured/IMG0003138.jpg,IMG0003138,no_fracture,g2790,dropped,none,2790,-1,duplicate_of:IMG0002824,False,78393c1f0ecf0713,leg,oblique,0,0,Annotations/YOLO/IMG0003138.txt,leg|no_fracture,False
fracatlas,fracatlas/FracAtlas,images/Non_fractured/IMG0003139.jpg,IMG0003139,no_fracture,g3105,train,none,3105,-1,,False,badb6413269b3199,leg,frontal,0,0,Annotations/YOLO/IMG0003139.txt,leg|no_fracture,False
fracatlas,fracatlas/FracAtlas,images/Non_fractured/IMG0003140.jpg,IMG0003140,no_fracture,g3106,train,none,3106,-1,,False,993649754d11d9d9,leg,lateral,0,0,Annotations/YOLO/IMG0003140.txt,leg|no_fracture,False
fracatlas,fracatlas/FracAtlas,images/Non_fractured/IMG0003141.jpg,IMG0003141,no_fracture,g3107,train,none,3107,-1,,False,a68ea1e1a7e5a961,leg,frontal,0,0,Annotations/YOLO/IMG0003141.txt,leg|no_fracture,False
fracatlas,fracatlas/FracAtlas,images/Non_fractured/IMG0003142.jpg,IMG0003142,no_fracture,g3108,train,none,3108,-1,,False,617a0ed17976a351,leg,lateral,0,0,Annotations/YOLO/IMG0003142.txt,leg|no_fracture,False
fracatlas,fracatlas/FracAtlas,images/Non_fractured/IMG0003143.jpg,IMG0003143,no_fracture,g3109,train,none,3109,-1,,False,10142f5b98fc49fb,leg,lateral,0,0,Annotations/YOLO/IMG0003143.txt,leg|no_fracture,False
fracatlas,fracatlas/FracAtlas,images/Non_fractured/IMG0003144.jpg,IMG0003144,no_fracture,g3110,train,none,3110,-1,,False,80cdadac461ddd71,mixed,frontal,0,0,Annotations/YOLO/IMG0003144.txt,mixed|no_fracture,False
fracatlas,fracatlas/FracAtlas,images/Non_fractured/IMG0003145.jpg,IMG0003145,no_fracture,g3111,train,none,3111,-1,,False,a9adc9ca861df151,mixed,oblique,0,0,Annotations/YOLO/IMG0003145.txt,mixed|no_fracture,False
fracatlas,fracatlas/FracAtlas,images/Fractured/IMG0003146.jpg,IMG0003146,fracture,g3112,train,train,3112,-1,,False,73b364334c339c33,leg,frontal,0,1,Annotations/YOLO/IMG0003146.txt,leg|fracture,False
fracatlas,fracatlas/FracAtlas,images/Fractured/IMG0003147.jpg,IMG0003147,fracture,g3113,train,train,3113,-1,,False,656165110d59d9fb,leg,lateral,0,1,Annotations/YOLO/IMG0003147.txt,leg|fracture,False
fracatlas,fracatlas/FracAtlas,images/Non_fractured/IMG0003148.jpg,IMG0003148,no_fracture,g3114,train,none,3114,-1,,False,6a9b1291e98d6acd,mixed,frontal,0,0,Annotations/YOLO/IMG0003148.txt,mixed|no_fracture,False
fracatlas,fracatlas/FracAtlas,images/Non_fractured/IMG0003149.jpg,IMG0003149,no_fracture,g3115,train,none,3115,-1,,False,4fabb1c0c60f9995,mixed,frontal,0,0,Annotations/YOLO/IMG0003149.txt,mixed|no_fracture,False
fracatlas,fracatlas/FracAtlas,images/Non_fractured/IMG0003150.jpg,IMG0003150,no_fracture,g3116,cal,none,3116,-1,,False,c2f906e93ee13233,hand,frontal,0,0,Annotations/YOLO/IMG0003150.txt,hand|no_fracture,False
fracatlas,fracatlas/FracAtlas,images/Non_fractured/IMG0003151.jpg,IMG0003151,no_fracture,g3117,test,none,3117,-1,,True,3efd000f38e1c26f,leg,frontal,0,0,Annotations/YOLO/IMG0003151.txt,leg|no_fracture,False
fracatlas,fracatlas/FracAtlas,images/Non_fractured/IMG0003152.jpg,IMG0003152,no_fracture,g3118,train,none,3118,-1,,False,031f3cd8c08c1ff7,leg,lateral,0,0,Annotations/YOLO/IMG0003152.txt,leg|no_fracture,False
fracatlas,fracatlas/FracAtlas,images/Non_fractured/IMG0003153.jpg,IMG0003153,no_fracture,g3119,val,none,3119,-1,,False,2445654567cf339b,leg,frontal,0,0,Annotations/YOLO/IMG0003153.txt,leg|no_fracture,False
fracatlas,fracatlas/FracAtlas,images/Non_fractured/IMG0003154.jpg,IMG0003154,no_fracture,g3120,val,none,3120,-1,,False,af47073733975111,leg,frontal,0,0,Annotations/YOLO/IMG0003154.txt,leg|no_fracture,False
fracatlas,fracatlas/FracAtlas,images/Non_fractured/IMG0003155.jpg,IMG0003155,no_fracture,g3121,train,none,3121,-1,,False,909899953577634f,hand,frontal,0,0,Annotations/YOLO/IMG0003155.txt,hand|no_fracture,False
fracatlas,fracatlas/FracAtlas,images/Non_fractured/IMG0003156.jpg,IMG0003156,no_fracture,g3122,cal,none,3122,-1,,False,8c989a6d27376b43,hand,frontal,0,0,Annotations/YOLO/IMG0003156.txt,hand|no_fracture,False
fracatlas,fracatlas/FracAtlas,images/Fractured/IMG0003157.jpg,IMG0003157,fracture,g3123,cal,train,3123,-1,,False,7b614ac9ccc9989b,hand,frontal,0,1,Annotations/YOLO/IMG0003157.txt,hand|fracture,False
fracatlas,fracatlas/FracAtlas,images/Non_fractured/IMG0003158.jpg,IMG0003158,no_fracture,g3124,train,none,3124,-1,,False,61d7655933333199,leg,frontal,0,0,Annotations/YOLO/IMG0003158.txt,leg|no_fracture,False
fracatlas,fracatlas/FracAtlas,images/Non_fractured/IMG0003159.jpg,IMG0003159,no_fracture,g3125,train,none,3125,-1,,False,8c4bd6a1b3d25969,leg,lateral,0,0,Annotations/YOLO/IMG0003159.txt,leg|no_fracture,False
fracatlas,fracatlas/FracAtlas,images/Non_fractured/IMG0003160.jpg,IMG0003160,no_fracture,g3126,test,none,3126,-1,,True,787b48cbc8d91933,leg,frontal,0,0,Annotations/YOLO/IMG0003160.txt,leg|no_fracture,False
fracatlas,fracatlas/FracAtlas,images/Non_fractured/IMG0003161.jpg,IMG0003161,no_fracture,g548,dropped,none,548,-1,duplicate_of:IMG0000556,False,4a5bd297b425259d,leg,oblique,0,0,Annotations/YOLO/IMG0003161.txt,leg|no_fracture,False
fracatlas,fracatlas/FracAtlas,images/Non_fractured/IMG0003162.jpg,IMG0003162,no_fracture,g3128,train,none,3128,-1,,False,c9d3616333339999,leg,frontal,0,0,Annotations/YOLO/IMG0003162.txt,leg|no_fracture,False
fracatlas,fracatlas/FracAtlas,images/Non_fractured/IMG0003163.jpg,IMG0003163,no_fracture,g1277,dropped,none,1277,-1,duplicate_of:IMG0001290,False,3b3b1e0f0e8f0363,leg,oblique,0,0,Annotations/YOLO/IMG0003163.txt,leg|no_fracture,False
fracatlas,fracatlas/FracAtlas,images/Fractured/IMG0003164.jpg,IMG0003164,fracture,g3130,test,train,3130,-1,,True,72cd8a317acd9899,hand,frontal,0,1,Annotations/YOLO/IMG0003164.txt,hand|fracture,False
fracatlas,fracatlas/FracAtlas,images/Fractured/IMG0003165.jpg,IMG0003165,fracture,g350,dropped,train,350,-1,duplicate_of:IMG0000352,False,cacd66319a4d9a99,hand,lateral,0,1,Annotations/YOLO/IMG0003165.txt,hand|fracture,False
fracatlas,fracatlas/FracAtlas,images/Non_fractured/IMG0003166.jpg,IMG0003166,no_fracture,g3132,val,none,3132,-1,,False,4999b44dcbb42d0f,leg,frontal,0,0,Annotations/YOLO/IMG0003166.txt,leg|no_fracture,False
fracatlas,fracatlas/FracAtlas,images/Non_fractured/IMG0003167.jpg,IMG0003167,no_fracture,g3133,train,none,3133,-1,,False,d669a5caa92d49c9,leg,lateral,0,0,Annotations/YOLO/IMG0003167.txt,leg|no_fracture,False
fracatlas,fracatlas/FracAtlas,images/Non_fractured/IMG0003168.jpg,IMG0003168,no_fracture,g3134,train,none,3134,-1,,False,78430c39437f999b,leg,lateral,0,0,Annotations/YOLO/IMG0003168.txt,leg|no_fracture,False
fracatlas,fracatlas/FracAtlas,images/Non_fractured/IMG0003169.jpg,IMG0003169,no_fracture,g3135,train,none,3135,-1,,False,51494173d9c9f393,leg,frontal,0,0,Annotations/YOLO/IMG0003169.txt,leg|no_fracture,False
fracatlas,fracatlas/FracAtlas,images/Non_fractured/IMG0003170.jpg,IMG0003170,no_fracture,g3136,train,none,3136,-1,,False,3149114d19b3fde9,leg,lateral,0,0,Annotations/YOLO/IMG0003170.txt,leg|no_fracture,False
fracatlas,fracatlas/FracAtlas,images/Fractured/IMG0003171.jpg,IMG0003171,fracture,g3137,train,train,3137,-1,,False,ce650e91f2647333,hand,frontal,0,1,Annotations/YOLO/IMG0003171.txt,hand|fracture,False
fracatlas,fracatlas/FracAtlas,images/Fractured/IMG0003172.jpg,IMG0003172,fracture,g3138,train,train,3138,-1,,False,66cdce313266331b,hand,lateral,0,1,Annotations/YOLO/IMG0003172.txt,hand|fracture,False
fracatlas,fracatlas/FracAtlas,images/Non_fractured/IMG0003173.jpg,IMG0003173,no_fracture,g3139,train,none,3139,-1,,False,b2c9e27132673399,hand,frontal,0,0,Annotations/YOLO/IMG0003173.txt,hand|no_fracture,False
fracatlas,fracatlas/FracAtlas,images/Non_fractured/IMG0003174.jpg,IMG0003174,no_fracture,g3140,train,none,3140,-1,,False,282b737274d5c3c3,hand,lateral,0,0,Annotations/YOLO/IMG0003174.txt,hand|no_fracture,False
fracatlas,fracatlas/FracAtlas,images/Non_fractured/IMG0003175.jpg,IMG0003175,no_fracture,g3141,train,none,3141,-1,,False,8da39e618fe19a61,leg,frontal,0,0,Annotations/YOLO/IMG0003175.txt,leg|no_fracture,False
fracatlas,fracatlas/FracAtlas,images/Non_fractured/IMG0003176.jpg,IMG0003176,no_fracture,g3142,test,none,3142,-1,,True,62d341c333b37399,leg,frontal,0,0,Annotations/YOLO/IMG0003176.txt,leg|no_fracture,False
fracatlas,fracatlas/FracAtlas,images/Non_fractured/IMG0003177.jpg,IMG0003177,no_fracture,g3143,train,none,3143,-1,,False,691ac4e13b16e3e3,leg,lateral,0,0,Annotations/YOLO/IMG0003177.txt,leg|no_fracture,False
fracatlas,fracatlas/FracAtlas,images/Non_fractured/IMG0003178.jpg,IMG0003178,no_fracture,g3144,train,none,3144,-1,,False,9877649b9867c899,leg,frontal,0,0,Annotations/YOLO/IMG0003178.txt,leg|no_fracture,False
fracatlas,fracatlas/FracAtlas,images/Non_fractured/IMG0003179.jpg,IMG0003179,no_fracture,g3145,train,none,3145,-1,,False,c96d1659c9ce9919,leg,lateral,0,0,Annotations/YOLO/IMG0003179.txt,leg|no_fracture,False
fracatlas,fracatlas/FracAtlas,images/Non_fractured/IMG0003180.jpg,IMG0003180,no_fracture,g3146,val,none,3146,-1,,False,9e9fa1e1a5a1a1e1,leg,frontal,0,0,Annotations/YOLO/IMG0003180.txt,leg|no_fracture,False
fracatlas,fracatlas/FracAtlas,images/Non_fractured/IMG0003181.jpg,IMG0003181,no_fracture,g3147,test,none,3147,-1,,True,410f7d115b59999b,leg,lateral,0,0,Annotations/YOLO/IMG0003181.txt,leg|no_fracture,False
fracatlas,fracatlas/FracAtlas,images/Fractured/IMG0003182.jpg,IMG0003182,fracture,g3148,test,train,3148,-1,,True,709bf09b609b6333,leg,frontal,0,1,Annotations/YOLO/IMG0003182.txt,leg|fracture,False
fracatlas,fracatlas/FracAtlas,images/Fractured/IMG0003183.jpg,IMG0003183,fracture,g3149,test,train,3149,-1,,True,399d1c9d48c76333,leg,oblique,0,1,Annotations/YOLO/IMG0003183.txt,leg|fracture,False
fracatlas,fracatlas/FracAtlas,images/Fractured/IMG0003184.jpg,IMG0003184,fracture,g3150,train,train,3150,-1,,False,20bfd84ba43748cf,leg,lateral,0,1,Annotations/YOLO/IMG0003184.txt,leg|fracture,False
fracatlas,fracatlas/FracAtlas,images/Non_fractured/IMG0003185.jpg,IMG0003185,no_fracture,g3151,train,none,3151,-1,,False,a5d5a585a5e1b1e1,leg,frontal,0,0,Annotations/YOLO/IMG0003185.txt,leg|no_fracture,False
fracatlas,fracatlas/FracAtlas,images/Non_fractured/IMG0003186.jpg,IMG0003186,no_fracture,g3152,train,none,3152,-1,,False,108b44731957f3f3,leg,lateral,0,0,Annotations/YOLO/IMG0003186.txt,leg|no_fracture,False
fracatlas,fracatlas/FracAtlas,images/Non_fractured/IMG0003187.jpg,IMG0003187,no_fracture,g3153,train,none,3153,-1,,False,64cf669b64495999,leg,frontal,0,0,Annotations/YOLO/IMG0003187.txt,leg|no_fracture,False
fracatlas,fracatlas/FracAtlas,images/Non_fractured/IMG0003188.jpg,IMG0003188,no_fracture,g3154,val,none,3154,-1,,False,0ee19e61c69ff013,leg,lateral,0,0,Annotations/YOLO/IMG0003188.txt,leg|no_fracture,False
fracatlas,fracatlas/FracAtlas,images/Non_fractured/IMG0003189.jpg,IMG0003189,no_fracture,g3155,test,none,3155,-1,,True,91d3311919b3b373,leg,frontal,0,0,Annotations/YOLO/IMG0003189.txt,leg|no_fracture,False
fracatlas,fracatlas/FracAtlas,images/Non_fractured/IMG0003190.jpg,IMG0003190,no_fracture,g3156,train,none,3156,-1,,False,90f47b5b90d85959,leg,lateral,0,0,Annotations/YOLO/IMG0003190.txt,leg|no_fracture,False
fracatlas,fracatlas/FracAtlas,images/Non_fractured/IMG0003191.jpg,IMG0003191,no_fracture,g3157,train,none,3157,-1,,False,d1c349632637599b,hand,frontal,0,0,Annotations/YOLO/IMG0003191.txt,hand|no_fracture,False
fracatlas,fracatlas/FracAtlas,images/Non_fractured/IMG0003192.jpg,IMG0003192,no_fracture,g3158,train,none,3158,-1,,False,1654d1b9aa3e3371,hand,lateral,0,0,Annotations/YOLO/IMG0003192.txt,hand|no_fracture,False
fracatlas,fracatlas/FracAtlas,images/Non_fractured/IMG0003193.jpg,IMG0003193,no_fracture,g3073,dropped,none,3073,-1,duplicate_of:IMG0003107,False,6973323332b39999,leg,frontal,0,0,Annotations/YOLO/IMG0003193.txt,leg|no_fracture,False
fracatlas,fracatlas/FracAtlas,images/Non_fractured/IMG0003194.jpg,IMG0003194,no_fracture,g3160,test,none,3160,-1,,True,26636c6dccc9983b,leg,oblique,0,0,Annotations/YOLO/IMG0003194.txt,leg|no_fracture,False
fracatlas,fracatlas/FracAtlas,images/Non_fractured/IMG0003195.jpg,IMG0003195,no_fracture,g3161,train,none,3161,-1,,False,66b12a652a6d6e99,hand,frontal,0,0,Annotations/YOLO/IMG0003195.txt,hand|no_fracture,False
fracatlas,fracatlas/FracAtlas,images/Non_fractured/IMG0003196.jpg,IMG0003196,no_fracture,g3162,cal,none,3162,-1,,False,1c0bc3d1bc5c6b55,hand,lateral,0,0,Annotations/YOLO/IMG0003196.txt,hand|no_fracture,False
fracatlas,fracatlas/FracAtlas,images/Non_fractured/IMG0003197.jpg,IMG0003197,no_fracture,g3163,train,none,3163,-1,,False,e0f3e033e03bd833,leg,frontal,0,0,Annotations/YOLO/IMG0003197.txt,leg|no_fracture,False
fracatlas,fracatlas/FracAtlas,images/Non_fractured/IMG0003198.jpg,IMG0003198,no_fracture,g3164,train,none,3164,-1,,False,05e31ec1b136e3e3,leg,lateral,0,0,Annotations/YOLO/IMG0003198.txt,leg|no_fracture,False
fracatlas,fracatlas/FracAtlas,images/Fractured/IMG0003199.jpg,IMG0003199,fracture,g3165,train,train,3165,-1,,False,3ae719e31c638a55,hand,frontal,0,2,Annotations/YOLO/IMG0003199.txt,hand|fracture,False
fracatlas,fracatlas/FracAtlas,images/Fractured/IMG0003200.jpg,IMG0003200,fracture,g3166,train,train,3166,-1,,False,71ceb0cf3a611e31,hand,lateral,0,1,Annotations/YOLO/IMG0003200.txt,hand|fracture,False
fracatlas,fracatlas/FracAtlas,images/Fractured/IMG0003201.jpg,IMG0003201,fracture,g3167,val,train,3167,-1,,False,27df24936eb31807,mixed,frontal,0,1,Annotations/YOLO/IMG0003201.txt,mixed|fracture,False
fracatlas,fracatlas/FracAtlas,images/Non_fractured/IMG0003202.jpg,IMG0003202,no_fracture,g3168,test,none,3168,-1,,True,58b62749d8bc6969,leg,lateral,0,0,Annotations/YOLO/IMG0003202.txt,leg|no_fracture,False
fracatlas,fracatlas/FracAtlas,images/Non_fractured/IMG0003203.jpg,IMG0003203,no_fracture,g3169,train,none,3169,-1,,False,ce4d4a59cacd9a91,hand,frontal,0,0,Annotations/YOLO/IMG0003203.txt,hand|no_fracture,False
fracatlas,fracatlas/FracAtlas,images/Non_fractured/IMG0003204.jpg,IMG0003204,no_fracture,g3170,train,none,3170,-1,,False,7a65ee992a6d4849,hand,oblique,0,0,Annotations/YOLO/IMG0003204.txt,hand|no_fracture,False
fracatlas,fracatlas/FracAtlas,images/Non_fractured/IMG0003205.jpg,IMG0003205,no_fracture,g3171,train,none,3171,-1,,False,65617159d9d97131,leg,frontal,0,0,Annotations/YOLO/IMG0003205.txt,leg|no_fracture,False
fracatlas,fracatlas/FracAtlas,images/Non_fractured/IMG0003206.jpg,IMG0003206,no_fracture,g3172,train,none,3172,-1,,False,1985a1b99dad6969,leg,lateral,0,0,Annotations/YOLO/IMG0003206.txt,leg|no_fracture,False
fracatlas,fracatlas/FracAtlas,images/Non_fractured/IMG0003207.jpg,IMG0003207,no_fracture,g3173,train,none,3173,-1,,False,b2f75ac94a49494d,hand,frontal,0,0,Annotations/YOLO/IMG0003207.txt,hand|no_fracture,False
fracatlas,fracatlas/FracAtlas,images/Non_fractured/IMG0003208.jpg,IMG0003208,no_fracture,g3174,train,none,3174,-1,,False,66459a99664dc9d9,hand,oblique,0,0,Annotations/YOLO/IMG0003208.txt,hand|no_fracture,False
fracatlas,fracatlas/FracAtlas,images/Non_fractured/IMG0003209.jpg,IMG0003209,no_fracture,g3175,train,none,3175,-1,,False,c227c633e363c333,leg,frontal,0,0,Annotations/YOLO/IMG0003209.txt,leg|no_fracture,False
fracatlas,fracatlas/FracAtlas,images/Non_fractured/IMG0003210.jpg,IMG0003210,no_fracture,g3176,train,none,3176,-1,,False,e3751ec3391683c3,leg,lateral,0,0,Annotations/YOLO/IMG0003210.txt,leg|no_fracture,False
fracatlas,fracatlas/FracAtlas,images/Non_fractured/IMG0003211.jpg,IMG0003211,no_fracture,g2801,dropped,none,2801,-1,duplicate_of:IMG0002835,False,ca8d1a79c8cd9999,hand,frontal,0,0,Annotations/YOLO/IMG0003211.txt,hand|no_fracture,False
fracatlas,fracatlas/FracAtlas,images/Non_fractured/IMG0003212.jpg,IMG0003212,no_fracture,g3178,train,none,3178,-1,,False,4ccd3879684dd8d9,hand,frontal,0,0,Annotations/YOLO/IMG0003212.txt,hand|no_fracture,False
fracatlas,fracatlas/FracAtlas,images/Fractured/IMG0003213.jpg,IMG0003213,fracture,g3179,train,train,3179,-1,,False,9a3548956699b6d9,hand,frontal,0,1,Annotations/YOLO/IMG0003213.txt,hand|fracture,False
fracatlas,fracatlas/FracAtlas,images/Fractured/IMG0003214.jpg,IMG0003214,fracture,g3180,val,train,3180,-1,,False,0f0391f0ec4dcb5b,hand,lateral,0,1,Annotations/YOLO/IMG0003214.txt,hand|fracture,False
fracatlas,fracatlas/FracAtlas,images/Non_fractured/IMG0003215.jpg,IMG0003215,no_fracture,g3181,cal,none,3181,-1,,False,60393293b6b399d9,hand,frontal,0,0,Annotations/YOLO/IMG0003215.txt,hand|no_fracture,False
fracatlas,fracatlas/FracAtlas,images/Non_fractured/IMG0003216.jpg,IMG0003216,no_fracture,g3182,train,none,3182,-1,,False,8ec671118ec6e3e3,hand,lateral,0,0,Annotations/YOLO/IMG0003216.txt,hand|no_fracture,False
fracatlas,fracatlas/FracAtlas,images/Fractured/IMG0003217.jpg,IMG0003217,fracture,g3183,cal,train,3183,-1,,False,9a9d66399a353233,hand,frontal,0,1,Annotations/YOLO/IMG0003217.txt,hand|fracture,False
fracatlas,fracatlas/FracAtlas,images/Fractured/IMG0003218.jpg,IMG0003218,fracture,g3184,train,train,3184,-1,,False,9a31ce8d32cd9a33,hand,lateral,0,1,Annotations/YOLO/IMG0003218.txt,hand|fracture,False
fracatlas,fracatlas/FracAtlas,images/Fractured/IMG0003219.jpg,IMG0003219,fracture,g3185,train,train,3185,-1,,False,33d931b34c33cc33,leg,frontal,0,2,Annotations/YOLO/IMG0003219.txt,leg|fracture,False
fracatlas,fracatlas/FracAtlas,images/Fractured/IMG0003220.jpg,IMG0003220,fracture,g3186,train,train,3186,-1,,False,639573a552e9d231,leg,lateral,0,2,Annotations/YOLO/IMG0003220.txt,leg|fracture,False
fracatlas,fracatlas/FracAtlas,images/Non_fractured/IMG0003221.jpg,IMG0003221,no_fracture,g3187,train,none,3187,-1,,False,e6436a2e9cdc7621,mixed,frontal,0,0,Annotations/YOLO/IMG0003221.txt,mixed|no_fracture,False
fracatlas,fracatlas/FracAtlas,images/Non_fractured/IMG0003222.jpg,IMG0003222,no_fracture,g3188,train,none,3188,-1,,False,c8376d3bb2334919,leg,frontal,0,0,Annotations/YOLO/IMG0003222.txt,leg|no_fracture,False
fracatlas,fracatlas/FracAtlas,images/Non_fractured/IMG0003223.jpg,IMG0003223,no_fracture,g3189,train,none,3189,-1,,False,7119ee69199e3331,leg,lateral,0,0,Annotations/YOLO/IMG0003223.txt,leg|no_fracture,False
fracatlas,fracatlas/FracAtlas,images/Non_fractured/IMG0003224.jpg,IMG0003224,no_fracture,g3190,val,none,3190,-1,,False,324d66496ecd5a99,hand,frontal,0,0,Annotations/YOLO/IMG0003224.txt,hand|no_fracture,False
fracatlas,fracatlas/FracAtlas,images/Non_fractured/IMG0003225.jpg,IMG0003225,no_fracture,g3191,train,none,3191,-1,,False,fe1b9390c4cd4959,hand,lateral,0,0,Annotations/YOLO/IMG0003225.txt,hand|no_fracture,False
fracatlas,fracatlas/FracAtlas,images/Non_fractured/IMG0003226.jpg,IMG0003226,no_fracture,g3192,train,none,3192,-1,,False,95956989b1b9c999,leg,frontal,0,0,Annotations/YOLO/IMG0003226.txt,leg|no_fracture,False
fracatlas,fracatlas/FracAtlas,images/Non_fractured/IMG0003227.jpg,IMG0003227,no_fracture,g3193,train,none,3193,-1,,False,613b0e697912f371,leg,lateral,0,0,Annotations/YOLO/IMG0003227.txt,leg|no_fracture,False
fracatlas,fracatlas/FracAtlas,images/Non_fractured/IMG0003228.jpg,IMG0003228,no_fracture,g3194,train,none,3194,-1,,False,860d4b4bc7cfc361,leg,frontal,0,0,Annotations/YOLO/IMG0003228.txt,leg|no_fracture,False
fracatlas,fracatlas/FracAtlas,images/Non_fractured/IMG0003229.jpg,IMG0003229,no_fracture,g3195,train,none,3195,-1,,False,eb7294e1ab24a5c5,leg,lateral,0,0,Annotations/YOLO/IMG0003229.txt,leg|no_fracture,False
fracatlas,fracatlas/FracAtlas,images/Non_fractured/IMG0003230.jpg,IMG0003230,no_fracture,g3196,train,none,3196,-1,,False,2c6c9b336d4c49d9,leg,lateral,0,0,Annotations/YOLO/IMG0003230.txt,leg|no_fracture,False
fracatlas,fracatlas/FracAtlas,images/Non_fractured/IMG0003231.jpg,IMG0003231,no_fracture,g3197,cal,none,3197,-1,,False,99d92699d9269399,leg,frontal,0,0,Annotations/YOLO/IMG0003231.txt,leg|no_fracture,False
fracatlas,fracatlas/FracAtlas,images/Non_fractured/IMG0003232.jpg,IMG0003232,no_fracture,g3198,train,none,3198,-1,,False,32c92c32f9867373,leg,lateral,0,0,Annotations/YOLO/IMG0003232.txt,leg|no_fracture,False
fracatlas,fracatlas/FracAtlas,images/Fractured/IMG0003233.jpg,IMG0003233,fracture,g3199,train,train,3199,-1,,False,6a4dda1926b69999,hand,frontal,0,1,Annotations/YOLO/IMG0003233.txt,hand|fracture,False
fracatlas,fracatlas/FracAtlas,images/Fractured/IMG0003234.jpg,IMG0003234,fracture,g3200,train,train,3200,-1,,False,6a656299b6669999,hand,lateral,0,1,Annotations/YOLO/IMG0003234.txt,hand|fracture,False
fracatlas,fracatlas/FracAtlas,images/Non_fractured/IMG0003235.jpg,IMG0003235,no_fracture,g3201,train,none,3201,-1,,False,e313e3090ee79c0f,shoulder,frontal,0,0,Annotations/YOLO/IMG0003235.txt,shoulder|no_fracture,False
fracatlas,fracatlas/FracAtlas,images/Non_fractured/IMG0003236.jpg,IMG0003236,no_fracture,g3202,train,none,3202,-1,,False,292d15cd962d7695,shoulder,frontal,0,0,Annotations/YOLO/IMG0003236.txt,shoulder|no_fracture,False
fracatlas,fracatlas/FracAtlas,images/Non_fractured/IMG0003237.jpg,IMG0003237,no_fracture,g3203,train,none,3203,-1,,False,a9d52993d6a512d5,shoulder,frontal,0,0,Annotations/YOLO/IMG0003237.txt,shoulder|no_fracture,False
fracatlas,fracatlas/FracAtlas,images/Non_fractured/IMG0003238.jpg,IMG0003238,no_fracture,g3204,train,none,3204,-1,,False,0943711b99db7393,leg,frontal,0,0,Annotations/YOLO/IMG0003238.txt,leg|no_fracture,False
fracatlas,fracatlas/FracAtlas,images/Non_fractured/IMG0003239.jpg,IMG0003239,no_fracture,g3205,train,none,3205,-1,,False,0104250b1fbeadff,leg,lateral,0,0,Annotations/YOLO/IMG0003239.txt,leg|no_fracture,False
fracatlas,fracatlas/FracAtlas,images/Non_fractured/IMG0003240.jpg,IMG0003240,no_fracture,g3206,train,none,3206,-1,,False,ecdb989b20279999,leg,frontal,0,0,Annotations/YOLO/IMG0003240.txt,leg|no_fracture,False
fracatlas,fracatlas/FracAtlas,images/Non_fractured/IMG0003241.jpg,IMG0003241,no_fracture,g651,dropped,none,651,-1,duplicate_of:IMG0000660,False,19198e87c6c7e333,leg,oblique,0,0,Annotations/YOLO/IMG0003241.txt,leg|no_fracture,False
fracatlas,fracatlas/FracAtlas,images/Non_fractured/IMG0003242.jpg,IMG0003242,no_fracture,g3208,test,none,3208,-1,,True,8346c3c3e363d333,leg,frontal,0,0,Annotations/YOLO/IMG0003242.txt,leg|no_fracture,False
fracatlas,fracatlas/FracAtlas,images/Non_fractured/IMG0003243.jpg,IMG0003243,no_fracture,g3209,train,none,3209,-1,,False,711c6e691912f3f1,leg,lateral,0,0,Annotations/YOLO/IMG0003243.txt,leg|no_fracture,False
fracatlas,fracatlas/FracAtlas,images/Non_fractured/IMG0003244.jpg,IMG0003244,no_fracture,g1602,dropped,none,1602,-1,duplicate_of:IMG0001617,False,661919193337d9d9,leg,frontal,0,0,Annotations/YOLO/IMG0003244.txt,leg|no_fracture,False
fracatlas,fracatlas/FracAtlas,images/Non_fractured/IMG0003245.jpg,IMG0003245,no_fracture,g3211,train,none,3211,-1,,False,781b1c1f8ec7c313,leg,oblique,0,0,Annotations/YOLO/IMG0003245.txt,leg|no_fracture,False
fracatlas,fracatlas/FracAtlas,images/Non_fractured/IMG0003246.jpg,IMG0003246,no_fracture,g3212,test,none,3212,-1,,True,54ef4cc9686d485d,hand,frontal,0,0,Annotations/YOLO/IMG0003246.txt,hand|no_fracture,False
fracatlas,fracatlas/FracAtlas,images/Non_fractured/IMG0003247.jpg,IMG0003247,no_fracture,g3213,test,none,3213,-1,,True,b699ca49b697484d,hand,lateral,0,0,Annotations/YOLO/IMG0003247.txt,hand|no_fracture,False
fracatlas,fracatlas/FracAtlas,images/Non_fractured/IMG0003248.jpg,IMG0003248,no_fracture,g3214,train,none,3214,-1,,False,72cf3097c4e3c833,leg,frontal,0,0,Annotations/YOLO/IMG0003248.txt,leg|no_fracture,False
fracatlas,fracatlas/FracAtlas,images/Non_fractured/IMG0003249.jpg,IMG0003249,no_fracture,g3215,cal,none,3215,-1,,False,c52b0ec1791ea3f1,leg,lateral,0,0,Annotations/YOLO/IMG0003249.txt,leg|no_fracture,False
fracatlas,fracatlas/FracAtlas,images/Non_fractured/IMG0003250.jpg,IMG0003250,no_fracture,g3216,train,none,3216,-1,,False,69fe6cce5c04f901,hip,frontal,0,0,Annotations/YOLO/IMG0003250.txt,hip|no_fracture,False
fracatlas,fracatlas/FracAtlas,images/Non_fractured/IMG0003251.jpg,IMG0003251,no_fracture,g3217,test,none,3217,-1,,True,86a6eb69616d5169,leg,frontal,0,0,Annotations/YOLO/IMG0003251.txt,leg|no_fracture,False
fracatlas,fracatlas/FracAtlas,images/Non_fractured/IMG0003252.jpg,IMG0003252,no_fracture,g3218,test,none,3218,-1,,True,613e1e917174e3c3,leg,lateral,0,0,Annotations/YOLO/IMG0003252.txt,leg|no_fracture,False
fracatlas,fracatlas/FracAtlas,images/Non_fractured/IMG0003253.jpg,IMG0003253,no_fracture,g3219,train,none,3219,-1,,False,0f1b244b0b2e6d7b,leg,lateral,0,0,Annotations/YOLO/IMG0003253.txt,leg|no_fracture,False
fracatlas,fracatlas/FracAtlas,images/Fractured/IMG0003254.jpg,IMG0003254,fracture,g3220,test,train,3220,-1,,True,6e9b936693644999,leg,frontal,0,1,Annotations/YOLO/IMG0003254.txt,leg|fracture,False
fracatlas,fracatlas/FracAtlas,images/Fractured/IMG0003255.jpg,IMG0003255,fracture,g3221,test,train,3221,-1,,True,6d154da6496d49d9,leg,lateral,0,1,Annotations/YOLO/IMG0003255.txt,leg|fracture,False
fracatlas,fracatlas/FracAtlas,images/Non_fractured/IMG0003256.jpg,IMG0003256,no_fracture,g3222,test,none,3222,-1,,True,b66775478585e161,leg,frontal,0,0,Annotations/YOLO/IMG0003256.txt,leg|no_fracture,False
fracatlas,fracatlas/FracAtlas,images/Non_fractured/IMG0003257.jpg,IMG0003257,no_fracture,g3223,train,none,3223,-1,,False,36636bc12b61e3c3,leg,frontal,0,0,Annotations/YOLO/IMG0003257.txt,leg|no_fracture,False
fracatlas,fracatlas/FracAtlas,images/Non_fractured/IMG0003258.jpg,IMG0003258,no_fracture,g3224,val,none,3224,-1,,False,7a35a69172633333,hand,frontal,0,0,Annotations/YOLO/IMG0003258.txt,hand|no_fracture,False
fracatlas,fracatlas/FracAtlas,images/Non_fractured/IMG0003259.jpg,IMG0003259,no_fracture,g3225,train,none,3225,-1,,False,7265e69932673233,hand,lateral,0,0,Annotations/YOLO/IMG0003259.txt,hand|no_fracture,False
fracatlas,fracatlas/FracAtlas,images/Non_fractured/IMG0003260.jpg,IMG0003260,no_fracture,g3226,cal,none,3226,-1,,False,d16531d1e1673333,hand,frontal,0,0,Annotations/YOLO/IMG0003260.txt,hand|no_fracture,False
fracatlas,fracatlas/FracAtlas,images/Non_fractured/IMG0003261.jpg,IMG0003261,no_fracture,g3227,test,none,3227,-1,,True,583fc13f207b6163,leg,frontal,0,0,Annotations/YOLO/IMG0003261.txt,leg|no_fracture,False
fracatlas,fracatlas/FracAtlas,images/Non_fractured/IMG0003262.jpg,IMG0003262,no_fracture,g3228,cal,none,3228,-1,,False,409f6093c9db7399,leg,frontal,0,0,Annotations/YOLO/IMG0003262.txt,leg|no_fracture,False
fracatlas,fracatlas/FracAtlas,images/Non_fractured/IMG0003263.jpg,IMG0003263,no_fracture,g3229,test,none,3229,-1,,True,9fb007d8b3ae4949,leg,lateral,0,0,Annotations/YOLO/IMG0003263.txt,leg|no_fracture,False
fracatlas,fracatlas/FracAtlas,images/Fractured/IMG0003264.jpg,IMG0003264,fracture,g3230,test,train,3230,-1,,True,15925a2a9365f5d5,mixed,frontal,0,1,Annotations/YOLO/IMG0003264.txt,mixed|fracture,False
fracatlas,fracatlas/FracAtlas,images/Fractured/IMG0003265.jpg,IMG0003265,fracture,g3231,val,train,3231,-1,,False,82c3c3c70f87269f,mixed,frontal,0,1,Annotations/YOLO/IMG0003265.txt,mixed|fracture,False
fracatlas,fracatlas/FracAtlas,images/Fractured/IMG0003266.jpg,IMG0003266,fracture,g3232,train,train,3232,-1,,False,c19b1873d3999933,hand,frontal,0,1,Annotations/YOLO/IMG0003266.txt,hand|fracture,False
fracatlas,fracatlas/FracAtlas,images/Fractured/IMG0003267.jpg,IMG0003267,fracture,g3233,train,train,3233,-1,,False,650725cf3147999b,hand,lateral,0,1,Annotations/YOLO/IMG0003267.txt,hand|fracture,False
fracatlas,fracatlas/FracAtlas,images/Non_fractured/IMG0003268.jpg,IMG0003268,no_fracture,g3234,train,none,3234,-1,,False,63c1933363739333,leg,frontal,0,0,Annotations/YOLO/IMG0003268.txt,leg|no_fracture,False
fracatlas,fracatlas/FracAtlas,images/Non_fractured/IMG0003269.jpg,IMG0003269,no_fracture,g3235,train,none,3235,-1,,False,711654515156f3f3,leg,lateral,0,0,Annotations/YOLO/IMG0003269.txt,leg|no_fracture,False
fracatlas,fracatlas/FracAtlas,images/Non_fractured/IMG0003270.jpg,IMG0003270,no_fracture,g3236,train,none,3236,-1,,False,cc9d9931d98c9999,hand,frontal,0,0,Annotations/YOLO/IMG0003270.txt,hand|no_fracture,False
fracatlas,fracatlas/FracAtlas,images/Non_fractured/IMG0003271.jpg,IMG0003271,no_fracture,g3237,train,none,3237,-1,,False,19796343cccc999b,hand,frontal,0,0,Annotations/YOLO/IMG0003271.txt,hand|no_fracture,False
fracatlas,fracatlas/FracAtlas,images/Non_fractured/IMG0003272.jpg,IMG0003272,no_fracture,g3238,train,none,3238,-1,,False,131393f393931373,leg,frontal,0,0,Annotations/YOLO/IMG0003272.txt,leg|no_fracture,False
fracatlas,fracatlas/FracAtlas,images/Non_fractured/IMG0003273.jpg,IMG0003273,no_fracture,g3239,train,none,3239,-1,,False,c51971cd31cd9999,leg,frontal,0,0,Annotations/YOLO/IMG0003273.txt,leg|no_fracture,False
fracatlas,fracatlas/FracAtlas,images/Non_fractured/IMG0003274.jpg,IMG0003274,no_fracture,g3240,train,none,3240,-1,,False,25d94996d9c99999,leg,lateral,0,0,Annotations/YOLO/IMG0003274.txt,leg|no_fracture,False
fracatlas,fracatlas/FracAtlas,images/Non_fractured/IMG0003275.jpg,IMG0003275,no_fracture,g3241,train,none,3241,-1,,False,8383c3e3e3633333,leg,frontal,0,0,Annotations/YOLO/IMG0003275.txt,leg|no_fracture,False
fracatlas,fracatlas/FracAtlas,images/Non_fractured/IMG0003276.jpg,IMG0003276,no_fracture,g3242,test,none,3242,-1,,True,00c0f0f17f1f1f0f,leg,oblique,0,0,Annotations/YOLO/IMG0003276.txt,leg|no_fracture,False
fracatlas,fracatlas/FracAtlas,images/Non_fractured/IMG0003277.jpg,IMG0003277,no_fracture,g3243,train,none,3243,-1,,False,81c52583c3c7e3f3,hand,frontal,0,0,Annotations/YOLO/IMG0003277.txt,hand|no_fracture,False
fracatlas,fracatlas/FracAtlas,images/Non_fractured/IMG0003278.jpg,IMG0003278,no_fracture,g3244,train,none,3244,-1,,False,996364c333667333,hand,lateral,0,0,Annotations/YOLO/IMG0003278.txt,hand|no_fracture,False
fracatlas,fracatlas/FracAtlas,images/Fractured/IMG0003279.jpg,IMG0003279,fracture,g3245,train,train,3245,-1,,False,5877309b71333333,hand,frontal,0,1,Annotations/YOLO/IMG0003279.txt,hand|fracture,False
fracatlas,fracatlas/FracAtlas,images/Fractured/IMG0003280.jpg,IMG0003280,fracture,g3246,train,train,3246,-1,,False,3173cc9333663333,hand,lateral,0,1,Annotations/YOLO/IMG0003280.txt,hand|fracture,False
fracatlas,fracatlas/FracAtlas,images/Non_fractured/IMG0003281.jpg,IMG0003281,no_fracture,g3247,train,none,3247,-1,,False,608f9c73e28de263,leg,frontal,0,0,Annotations/YOLO/IMG0003281.txt,leg|no_fracture,False
fracatlas,fracatlas/FracAtlas,images/Non_fractured/IMG0003282.jpg,IMG0003282,no_fracture,g3248,train,none,3248,-1,,False,66dc183336b69999,leg,lateral,0,0,Annotations/YOLO/IMG0003282.txt,leg|no_fracture,False
fracatlas,fracatlas/FracAtlas,images/Non_fractured/IMG0003283.jpg,IMG0003283,no_fracture,g3249,train,none,3249,-1,,False,013d613f603fe0e7,hand,frontal,0,0,Annotations/YOLO/IMG0003283.txt,hand|no_fracture,False
fracatlas,fracatlas/FracAtlas,images/Non_fractured/IMG0003284.jpg,IMG0003284,no_fracture,g3250,val,none,3250,-1,,False,ecc91b93a46d6949,hand,lateral,0,0,Annotations/YOLO/IMG0003284.txt,hand|no_fracture,False
fracatlas,fracatlas/FracAtlas,images/Non_fractured/IMG0003285.jpg,IMG0003285,no_fracture,g3251,train,none,3251,-1,,False,c833c8ce33c76633,leg,frontal,0,0,Annotations/YOLO/IMG0003285.txt,leg|no_fracture,False
fracatlas,fracatlas/FracAtlas,images/Non_fractured/IMG0003286.jpg,IMG0003286,no_fracture,g3252,test,none,3252,-1,,True,8c3b629d313798d9,leg,lateral,0,0,Annotations/YOLO/IMG0003286.txt,leg|no_fracture,False
fracatlas,fracatlas/FracAtlas,images/Non_fractured/IMG0003289.jpg,IMG0003289,no_fracture,g3253,train,none,3253,-1,,False,2d294d9599a56dc9,leg,frontal,0,0,Annotations/YOLO/IMG0003289.txt,leg|no_fracture,False
fracatlas,fracatlas/FracAtlas,images/Non_fractured/IMG0003290.jpg,IMG0003290,no_fracture,g3254,train,none,3254,-1,,False,1d0ec3511d56e3e3,leg,lateral,0,0,Annotations/YOLO/IMG0003290.txt,leg|no_fracture,False
fracatlas,fracatlas/FracAtlas,images/Non_fractured/IMG0003292.jpg,IMG0003292,no_fracture,g3255,train,none,3255,-1,,False,62b5da5962273333,hand,frontal,0,0,Annotations/YOLO/IMG0003292.txt,hand|no_fracture,False
fracatlas,fracatlas/FracAtlas,images/Fractured/IMG0003293.jpg,IMG0003293,fracture,g3256,val,train,3256,-1,,False,c0e76493e0e77233,hand,frontal,0,1,Annotations/YOLO/IMG0003293.txt,hand|fracture,False
fracatlas,fracatlas/FracAtlas,images/Fractured/IMG0003294.jpg,IMG0003294,fracture,g3257,train,train,3257,-1,,False,59cd2431d96cd999,hand,lateral,0,1,Annotations/YOLO/IMG0003294.txt,hand|fracture,False
fracatlas,fracatlas/FracAtlas,images/Non_fractured/IMG0003295.jpg,IMG0003295,no_fracture,g3258,train,none,3258,-1,,False,f76333c3cf07000f,mixed,frontal,0,0,Annotations/YOLO/IMG0003295.txt,mixed|no_fracture,False
fracatlas,fracatlas/FracAtlas,images/Non_fractured/IMG0003296.jpg,IMG0003296,no_fracture,g3259,val,none,3259,-1,,False,51c38c8e8e9f1b0f,mixed,frontal,0,0,Annotations/YOLO/IMG0003296.txt,mixed|no_fracture,False
fracatlas,fracatlas/FracAtlas,images/Fractured/IMG0003297.jpg,IMG0003297,fracture,g3260,train,test,3260,-1,,False,54164924d9b5bdd9,leg,frontal,0,1,Annotations/YOLO/IMG0003297.txt,leg|fracture,False
fracatlas,fracatlas/FracAtlas,images/Fractured/IMG0003298.jpg,IMG0003298,fracture,g3261,train,test,3261,-1,,False,32356a3271cb9b99,mixed,lateral,0,1,Annotations/YOLO/IMG0003298.txt,mixed|fracture,False
fracatlas,fracatlas/FracAtlas,images/Non_fractured/IMG0003299.jpg,IMG0003299,no_fracture,g3262,train,none,3262,-1,,False,68d9486bcccd9999,leg,frontal,0,0,Annotations/YOLO/IMG0003299.txt,leg|no_fracture,False
fracatlas,fracatlas/FracAtlas,images/Non_fractured/IMG0003300.jpg,IMG0003300,no_fracture,g661,dropped,none,661,-1,duplicate_of:IMG0000670,False,d19195b525656d99,leg,oblique,0,0,Annotations/YOLO/IMG0003300.txt,leg|no_fracture,False
fracatlas,fracatlas/FracAtlas,images/Fractured/IMG0003301.jpg,IMG0003301,fracture,g3264,train,test,3264,-1,,False,ba252a6d6e6d4899,hand,frontal,0,1,Annotations/YOLO/IMG0003301.txt,hand|fracture,False
fracatlas,fracatlas/FracAtlas,images/Non_fractured/IMG0003302.jpg,IMG0003302,no_fracture,g3265,train,none,3265,-1,,False,4c1b33b38498d9db,hand,lateral,0,0,Annotations/YOLO/IMG0003302.txt,hand|no_fracture,False
fracatlas,fracatlas/FracAtlas,images/Non_fractured/IMG0003303.jpg,IMG0003303,no_fracture,g3266,test,none,3266,-1,,True,733131151d557373,leg,frontal,0,0,Annotations/YOLO/IMG0003303.txt,leg|no_fracture,False
fracatlas,fracatlas/FracAtlas,images/Non_fractured/IMG0003304.jpg,IMG0003304,no_fracture,g657,dropped,none,657,-1,duplicate_of:IMG0000666,False,9195b5b5256d2939,leg,oblique,0,0,Annotations/YOLO/IMG0003304.txt,leg|no_fracture,False
fracatlas,fracatlas/FracAtlas,images/Non_fractured/IMG0003305.jpg,IMG0003305,no_fracture,g729,dropped,none,729,-1,duplicate_of:IMG0000738,False,8181c3c767677333,leg,oblique,0,0,Annotations/YOLO/IMG0003305.txt,leg|no_fracture,False
fracatlas,fracatlas/FracAtlas,images/Non_fractured/IMG0003306.jpg,IMG0003306,no_fracture,g3269,train,none,3269,-1,,False,70703c3f0e8f0737,leg,oblique,0,0,Annotations/YOLO/IMG0003306.txt,leg|no_fracture,False
fracatlas,fracatlas/FracAtlas,images/Non_fractured/IMG0003307.jpg,IMG0003307,no_fracture,g3270,train,none,3270,-1,,False,45d92ea60d5ce639,mixed,frontal,0,0,Annotations/YOLO/IMG0003307.txt,mixed|no_fracture,False
fracatlas,fracatlas/FracAtlas,images/Fractured/IMG0003308.jpg,IMG0003308,fracture,g1155,train,test,1155,-1,,False,4949795959d9d919,leg,frontal,0,1,Annotations/YOLO/IMG0003308.txt,leg|fracture,False
fracatlas,fracatlas/FracAtlas,images/Fractured/IMG0003309.jpg,IMG0003309,fracture,g3272,test,test,3272,-1,,True,9232a161dbb3c9d9,leg,lateral,0,1,Annotations/YOLO/IMG0003309.txt,leg|fracture,False
fracatlas,fracatlas/FracAtlas,images/Fractured/IMG0003310.jpg,IMG0003310,fracture,g3273,train,test,3273,-1,,False,15894155a1ab99ff,hand,frontal,0,1,Annotations/YOLO/IMG0003310.txt,hand|fracture,False
fracatlas,fracatlas/FracAtlas,images/Fractured/IMG0003311.jpg,IMG0003311,fracture,g3274,train,test,3274,-1,,False,6101c94949ab9bff,hand,oblique,0,1,Annotations/YOLO/IMG0003311.txt,hand|fracture,False
fracatlas,fracatlas/FracAtlas,images/Fractured/IMG0003312.jpg,IMG0003312,fracture,g3275,test,test,3275,-1,,True,6526c6d971663333,hand,frontal,0,1,Annotations/YOLO/IMG0003312.txt,hand|fracture,False
fracatlas,fracatlas/FracAtlas,images/Fractured/IMG0003313.jpg,IMG0003313,fracture,g3276,test,test,3276,-1,,True,6644cc7363e63333,hand,lateral,0,1,Annotations/YOLO/IMG0003313.txt,hand|fracture,False
fracatlas,fracatlas/FracAtlas,images/Non_fractured/IMG0003314.jpg,IMG0003314,no_fracture,g3277,train,none,3277,-1,,False,60738c63738de273,leg,frontal,0,0,Annotations/YOLO/IMG0003314.txt,leg|no_fracture,False
fracatlas,fracatlas/FracAtlas,images/Non_fractured/IMG0003315.jpg,IMG0003315,no_fracture,g3278,cal,none,3278,-1,,False,92d966b19a3d3271,leg,lateral,0,0,Annotations/YOLO/IMG0003315.txt,leg|no_fracture,False
fracatlas,fracatlas/FracAtlas,images/Non_fractured/IMG0003316.jpg,IMG0003316,no_fracture,g3279,test,none,3279,-1,,True,709bc8db989b3133,leg,frontal,0,0,Annotations/YOLO/IMG0003316.txt,leg|no_fracture,False
fracatlas,fracatlas/FracAtlas,images/Non_fractured/IMG0003317.jpg,IMG0003317,no_fracture,g3280,test,none,3280,-1,,True,52939697e4651d99,leg,oblique,0,0,Annotations/YOLO/IMG0003317.txt,leg|no_fracture,False
fracatlas,fracatlas/FracAtlas,images/Non_fractured/IMG0003318.jpg,IMG0003318,no_fracture,g981,dropped,none,981,-1,duplicate_of:IMG0000992,False,4467c1336373d933,leg,frontal,0,0,Annotations/YOLO/IMG0003318.txt,leg|no_fracture,False
fracatlas,fracatlas/FracAtlas,images/Non_fractured/IMG0003319.jpg,IMG0003319,no_fracture,g3282,train,none,3282,-1,,False,a0dd96a3d194d959,leg,lateral,0,0,Annotations/YOLO/IMG0003319.txt,leg|no_fracture,False
fracatlas,fracatlas/FracAtlas,images/Non_fractured/IMG0003320.jpg,IMG0003320,no_fracture,g3283,train,none,3283,-1,,False,6ce70ca7c631981f,mixed,frontal,0,0,Annotations/YOLO/IMG0003320.txt,mixed|no_fracture,False
fracatlas,fracatlas/FracAtlas,images/Non_fractured/IMG0003321.jpg,IMG0003321,no_fracture,g3284,cal,none,3284,-1,,False,141c293b3a3673f3,hand,lateral,0,0,Annotations/YOLO/IMG0003321.txt,hand|no_fracture,False
fracatlas,fracatlas/FracAtlas,images/Non_fractured/IMG0003322.jpg,IMG0003322,no_fracture,g3285,train,none,3285,-1,,False,b59d39b599313911,hand,frontal,0,0,Annotations/YOLO/IMG0003322.txt,hand|no_fracture,False
fracatlas,fracatlas/FracAtlas,images/Non_fractured/IMG0003323.jpg,IMG0003323,no_fracture,g3286,train,none,3286,-1,,False,670c33cc33937333,hand,lateral,0,0,Annotations/YOLO/IMG0003323.txt,hand|no_fracture,False
fracatlas,fracatlas/FracAtlas,images/Non_fractured/IMG0003324.jpg,IMG0003324,no_fracture,g3287,train,none,3287,-1,,False,fb49098dc437dc0b,mixed,frontal,0,0,Annotations/YOLO/IMG0003324.txt,mixed|no_fracture,False
fracatlas,fracatlas/FracAtlas,images/Non_fractured/IMG0003325.jpg,IMG0003325,no_fracture,g3288,train,none,3288,-1,,False,70cb3a435a87b555,mixed,frontal,0,0,Annotations/YOLO/IMG0003325.txt,mixed|no_fracture,False
fracatlas,fracatlas/FracAtlas,images/Non_fractured/IMG0003326.jpg,IMG0003326,no_fracture,g3289,cal,none,3289,-1,,False,d3f2b69c1c058b55,hand,lateral,0,0,Annotations/YOLO/IMG0003326.txt,hand|no_fracture,False
fracatlas,fracatlas/FracAtlas,images/Non_fractured/IMG0003327.jpg,IMG0003327,no_fracture,g1979,dropped,none,1979,-1,duplicate_of:IMG0002003,False,726d8e194a4dd8d9,hand,frontal,0,0,Annotations/YOLO/IMG0003327.txt,hand|no_fracture,False
fracatlas,fracatlas/FracAtlas,images/Non_fractured/IMG0003328.jpg,IMG0003328,no_fracture,g3291,test,none,3291,-1,,True,9acd66399865d899,hand,lateral,0,0,Annotations/YOLO/IMG0003328.txt,hand|no_fracture,False
fracatlas,fracatlas/FracAtlas,images/Non_fractured/IMG0003329.jpg,IMG0003329,no_fracture,g3292,train,none,3292,-1,,False,9999959999b1313b,hand,frontal,0,0,Annotations/YOLO/IMG0003329.txt,hand|no_fracture,False
fracatlas,fracatlas/FracAtlas,images/Non_fractured/IMG0003330.jpg,IMG0003330,no_fracture,g3293,test,none,3293,-1,,True,33c4cc3333cc6373,hand,lateral,0,0,Annotations/YOLO/IMG0003330.txt,hand|no_fracture,False
fracatlas,fracatlas/FracAtlas,images/Fractured/IMG0003331.jpg,IMG0003331,fracture,g3294,train,test,3294,-1,,False,b999b9a5ad254949,leg,frontal,0,1,Annotations/YOLO/IMG0003331.txt,leg|fracture,False
fracatlas,fracatlas/FracAtlas,images/Fractured/IMG0003332.jpg,IMG0003332,fracture,g3295,train,test,3295,-1,,False,0b0f8fc6c7666313,leg,oblique,0,1,Annotations/YOLO/IMG0003332.txt,leg|fracture,False
fracatlas,fracatlas/FracAtlas,images/Non_fractured/IMG0003333.jpg,IMG0003333,no_fracture,g3296,train,none,3296,-1,,False,fc1f80fd2641388f,hand,frontal,0,0,Annotations/YOLO/IMG0003333.txt,hand|no_fracture,False
fracatlas,fracatlas/FracAtlas,images/Non_fractured/IMG0003334.jpg,IMG0003334,no_fracture,g3297,train,none,3297,-1,,False,5be1abaa2a1f1515,hand,lateral,0,0,Annotations/YOLO/IMG0003334.txt,hand|no_fracture,False
fracatlas,fracatlas/FracAtlas,images/Non_fractured/IMG0003335.jpg,IMG0003335,no_fracture,g3298,train,none,3298,-1,,False,e713db080ee79c0b,shoulder,frontal,0,0,Annotations/YOLO/IMG0003335.txt,shoulder|no_fracture,False
fracatlas,fracatlas/FracAtlas,images/Non_fractured/IMG0003336.jpg,IMG0003336,no_fracture,g3299,test,none,3299,-1,,True,9c038de33c07cc3f,shoulder,frontal,0,0,Annotations/YOLO/IMG0003336.txt,shoulder|no_fracture,False
fracatlas,fracatlas/FracAtlas,images/Non_fractured/IMG0003337.jpg,IMG0003337,no_fracture,g889,dropped,none,889,-1,duplicate_of:IMG0000898,False,c92c92d9c99e9339,leg,lateral,0,0,Annotations/YOLO/IMG0003337.txt,leg|no_fracture,False
fracatlas,fracatlas/FracAtlas,images/Fractured/IMG0003338.jpg,IMG0003338,fracture,g3301,train,test,3301,-1,,False,99659959c919cd99,leg,frontal,1,2,Annotations/YOLO/IMG0003338.txt,leg|fracture,False
fracatlas,fracatlas/FracAtlas,images/Fractured/IMG0003339.jpg,IMG0003339,fracture,g3302,train,test,3302,-1,,False,4b9d438dd3295a59,leg,lateral,1,1,Annotations/YOLO/IMG0003339.txt,leg|fracture,False
fracatlas,fracatlas/FracAtlas,images/Non_fractured/IMG0003340.jpg,IMG0003340,no_fracture,g3303,val,none,3303,-1,,False,2c0d6f4369cb69c3,leg,frontal,0,0,Annotations/YOLO/IMG0003340.txt,leg|no_fracture,False
fracatlas,fracatlas/FracAtlas,images/Fractured/IMG0003341.jpg,IMG0003341,fracture,g3304,train,test,3304,-1,,False,32c1f3e962ed430b,hip,frontal,0,2,Annotations/YOLO/IMG0003341.txt,hip|fracture,False
fracatlas,fracatlas/FracAtlas,images/Fractured/IMG0003342.jpg,IMG0003342,fracture,g3305,train,test,3305,-1,,False,60075893c33f375b,hip,frontal,0,1,Annotations/YOLO/IMG0003342.txt,hip|fracture,False
fracatlas,fracatlas/FracAtlas,images/Non_fractured/IMG0003343.jpg,IMG0003343,no_fracture,g3306,train,none,3306,-1,,False,1cb4a369ada5a1e9,leg,frontal,0,0,Annotations/YOLO/IMG0003343.txt,leg|no_fracture,False
fracatlas,fracatlas/FracAtlas,images/Non_fractured/IMG0003344.jpg,IMG0003344,no_fracture,g3307,cal,none,3307,-1,,False,669b461bc6c3c333,leg,frontal,0,0,Annotations/YOLO/IMG0003344.txt,leg|no_fracture,False
fracatlas,fracatlas/FracAtlas,images/Non_fractured/IMG0003345.jpg,IMG0003345,no_fracture,g3308,train,none,3308,-1,,False,2a0d667b1956f351,leg,lateral,0,0,Annotations/YOLO/IMG0003345.txt,leg|no_fracture,False
fracatlas,fracatlas/FracAtlas,images/Non_fractured/IMG0003346.jpg,IMG0003346,no_fracture,g3309,train,none,3309,-1,,False,86079da6345536bd,shoulder,frontal,0,0,Annotations/YOLO/IMG0003346.txt,shoulder|no_fracture,False
fracatlas,fracatlas/FracAtlas,images/Non_fractured/IMG0003347.jpg,IMG0003347,no_fracture,g3310,train,none,3310,-1,,False,3133787366999999,leg,frontal,0,0,Annotations/YOLO/IMG0003347.txt,leg|no_fracture,False
fracatlas,fracatlas/FracAtlas,images/Non_fractured/IMG0003348.jpg,IMG0003348,no_fracture,g3311,test,none,3311,-1,,True,c4476293c2c7e2e7,hand,frontal,0,0,Annotations/YOLO/IMG0003348.txt,hand|no_fracture,False
fracatlas,fracatlas/FracAtlas,images/Non_fractured/IMG0003349.jpg,IMG0003349,no_fracture,g3312,cal,none,3312,-1,,False,422313198ec7e3f7,hand,oblique,0,0,Annotations/YOLO/IMG0003349.txt,hand|no_fracture,False
fracatlas,fracatlas/FracAtlas,images/Non_fractured/IMG0003350.jpg,IMG0003350,no_fracture,g3313,train,none,3313,-1,,False,712791b363633333,hand,frontal,0,0,Annotations/YOLO/IMG0003350.txt,hand|no_fracture,False
fracatlas,fracatlas/FracAtlas,images/Non_fractured/IMG0003351.jpg,IMG0003351,no_fracture,g3314,test,none,3314,-1,,True,6467b19391673333,hand,oblique,0,0,Annotations/YOLO/IMG0003351.txt,hand|no_fracture,False
fracatlas,fracatlas/FracAtlas,images/Non_fractured/IMG0003352.jpg,IMG0003352,no_fracture,g3315,train,none,3315,-1,,False,91bb4996a46cf295,mixed,frontal,0,0,Annotations/YOLO/IMG0003352.txt,mixed|no_fracture,False
fracatlas,fracatlas/FracAtlas,images/Non_fractured/IMG0003353.jpg,IMG0003353,no_fracture,g3316,train,none,3316,-1,,False,f891274fd624625d,shoulder,frontal,0,0,Annotations/YOLO/IMG0003353.txt,shoulder|no_fracture,False
fracatlas,fracatlas/FracAtlas,images/Non_fractured/IMG0003354.jpg,IMG0003354,no_fracture,g3317,train,none,3317,-1,,False,c6e56663626362b3,hand,frontal,0,0,Annotations/YOLO/IMG0003354.txt,hand|no_fracture,False
fracatlas,fracatlas/FracAtlas,images/Non_fractured/IMG0003355.jpg,IMG0003355,no_fracture,g3318,train,none,3318,-1,,False,f1aa86517162e3e3,hand,lateral,0,0,Annotations/YOLO/IMG0003355.txt,hand|no_fracture,False
fracatlas,fracatlas/FracAtlas,images/Non_fractured/IMG0003356.jpg,IMG0003356,no_fracture,g3050,dropped,none,3050,-1,duplicate_of:IMG0003084,False,a0c7c13373735933,leg,frontal,0,0,Annotations/YOLO/IMG0003356.txt,leg|no_fracture,False
fracatlas,fracatlas/FracAtlas,images/Non_fractured/IMG0003357.jpg,IMG0003357,no_fracture,g3320,train,none,3320,-1,,False,d41c89e33276e3c3,leg,lateral,0,0,Annotations/YOLO/IMG0003357.txt,leg|no_fracture,False
fracatlas,fracatlas/FracAtlas,images/Non_fractured/IMG0003358.jpg,IMG0003358,no_fracture,g3321,train,none,3321,-1,,False,30bbd0cf64333333,leg,frontal,0,0,Annotations/YOLO/IMG0003358.txt,leg|no_fracture,False
fracatlas,fracatlas/FracAtlas,images/Non_fractured/IMG0003359.jpg,IMG0003359,no_fracture,g2502,dropped,none,2502,-1,duplicate_of:IMG0002911,False,707bc8c9ccc99933,leg,oblique,0,0,Annotations/YOLO/IMG0003359.txt,leg|no_fracture,False
fracatlas,fracatlas/FracAtlas,images/Non_fractured/IMG0003360.jpg,IMG0003360,no_fracture,g3323,train,none,3323,-1,,False,62e6739343c33399,leg,frontal,0,0,Annotations/YOLO/IMG0003360.txt,leg|no_fracture,False
fracatlas,fracatlas/FracAtlas,images/Non_fractured/IMG0003361.jpg,IMG0003361,no_fracture,g3324,test,none,3324,-1,,True,08133e695bbe6969,leg,lateral,0,0,Annotations/YOLO/IMG0003361.txt,leg|no_fracture,False
fracatlas,fracatlas/FracAtlas,images/Non_fractured/IMG0003362.jpg,IMG0003362,no_fracture,g3325,train,none,3325,-1,,False,25253525d9cdcd71,mixed,frontal,0,0,Annotations/YOLO/IMG0003362.txt,mixed|no_fracture,False
fracatlas,fracatlas/FracAtlas,images/Non_fractured/IMG0003363.jpg,IMG0003363,no_fracture,g3326,train,none,3326,-1,,False,a075b55599b9258d,mixed,frontal,0,0,Annotations/YOLO/IMG0003363.txt,mixed|no_fracture,False
fracatlas,fracatlas/FracAtlas,images/Non_fractured/IMG0003364.jpg,IMG0003364,no_fracture,g3327,train,none,3327,-1,,False,5a2d945b2966d999,leg,lateral,0,0,Annotations/YOLO/IMG0003364.txt,leg|no_fracture,False
fracatlas,fracatlas/FracAtlas,images/Non_fractured/IMG0003365.jpg,IMG0003365,no_fracture,g3328,cal,none,3328,-1,,False,c95e120eae7e2971,mixed,frontal,0,0,Annotations/YOLO/IMG0003365.txt,mixed|no_fracture,False
fracatlas,fracatlas/FracAtlas,images/Non_fractured/IMG0003366.jpg,IMG0003366,no_fracture,g3329,train,none,3329,-1,,False,0dcefcb66058835b,mixed,frontal,0,0,Annotations/YOLO/IMG0003366.txt,mixed|no_fracture,False
fracatlas,fracatlas/FracAtlas,images/Non_fractured/IMG0003367.jpg,IMG0003367,no_fracture,g3330,train,none,3330,-1,,False,6a2ed28e72d28d55,mixed,frontal,0,0,Annotations/YOLO/IMG0003367.txt,mixed|no_fracture,False
fracatlas,fracatlas/FracAtlas,images/Non_fractured/IMG0003368.jpg,IMG0003368,no_fracture,g3331,train,none,3331,-1,,False,c0660e5e74fcd90b,mixed,oblique,0,0,Annotations/YOLO/IMG0003368.txt,mixed|no_fracture,False
fracatlas,fracatlas/FracAtlas,images/Non_fractured/IMG0003369.jpg,IMG0003369,no_fracture,g3332,train,none,3332,-1,,False,199bcc3366336333,leg,frontal,0,0,Annotations/YOLO/IMG0003369.txt,leg|no_fracture,False
fracatlas,fracatlas/FracAtlas,images/Non_fractured/IMG0003370.jpg,IMG0003370,no_fracture,g3333,train,none,3333,-1,,False,b400199b96d8c9ff,leg,lateral,0,0,Annotations/YOLO/IMG0003370.txt,leg|no_fracture,False
fracatlas,fracatlas/FracAtlas,images/Non_fractured/IMG0003371.jpg,IMG0003371,no_fracture,g3334,cal,none,3334,-1,,False,72cd4e11f2c56273,hand,frontal,0,0,Annotations/YOLO/IMG0003371.txt,hand|no_fracture,False
fracatlas,fracatlas/FracAtlas,images/Non_fractured/IMG0003372.jpg,IMG0003372,no_fracture,g3335,train,none,3335,-1,,False,3299ce659acd3233,hand,lateral,0,0,Annotations/YOLO/IMG0003372.txt,hand|no_fracture,False
fracatlas,fracatlas/FracAtlas,images/Fractured/IMG0003373.jpg,IMG0003373,fracture,g3336,train,test,3336,-1,,False,624d3ad1c8cd999b,hand,frontal,0,2,Annotations/YOLO/IMG0003373.txt,hand|fracture,False
fracatlas,fracatlas/FracAtlas,images/Fractured/IMG0003374.jpg,IMG0003374,fracture,g3337,train,test,3337,-1,,False,9a4d2699d827d8d9,hand,lateral,0,1,Annotations/YOLO/IMG0003374.txt,hand|fracture,False
fracatlas,fracatlas/FracAtlas,images/Non_fractured/IMG0003375.jpg,IMG0003375,fracture,g3338,test,test,3338,-1,,True,da65269173633333,hand,frontal,0,1,Annotations/YOLO/IMG0003375.txt,hand|fracture,False
fracatlas,fracatlas/FracAtlas,images/Non_fractured/IMG0003376.jpg,IMG0003376,fracture,g3339,train,test,3339,-1,,False,9933cccf31cc3133,hand,lateral,0,1,Annotations/YOLO/IMG0003376.txt,hand|fracture,False
fracatlas,fracatlas/FracAtlas,images/Non_fractured/IMG0003377.jpg,IMG0003377,no_fracture,g3340,train,none,3340,-1,,False,139b99c366633333,leg,frontal,0,0,Annotations/YOLO/IMG0003377.txt,leg|no_fracture,False
fracatlas,fracatlas/FracAtlas,images/Non_fractured/IMG0003378.jpg,IMG0003378,no_fracture,g3341,test,none,3341,-1,,True,5a93d4b724658d99,leg,oblique,0,0,Annotations/YOLO/IMG0003378.txt,leg|no_fracture,False
fracatlas,fracatlas/FracAtlas,images/Non_fractured/IMG0003379.jpg,IMG0003379,no_fracture,g432,dropped,none,432,-1,duplicate_of:IMG0000434,False,91b525256d6dc999,leg,oblique,0,0,Annotations/YOLO/IMG0003379.txt,leg|no_fracture,False
fracatlas,fracatlas/FracAtlas,images/Non_fractured/IMG0003380.jpg,IMG0003380,no_fracture,g3343,train,none,3343,-1,,False,da9296b624658d9d,leg,oblique,0,0,Annotations/YOLO/IMG0003380.txt,leg|no_fracture,False
fracatlas,fracatlas/FracAtlas,images/Fractured/IMG0003381.jpg,IMG0003381,fracture,g3344,train,test,3344,-1,,False,72cde6c3068f8687,hand,frontal,0,1,Annotations/YOLO/IMG0003381.txt,hand|fracture,False
fracatlas,fracatlas/FracAtlas,images/Fractured/IMG0003382.jpg,IMG0003382,fracture,g3345,train,test,3345,-1,,False,62cd1cc3e28de2e3,hand,lateral,0,1,Annotations/YOLO/IMG0003382.txt,hand|fracture,False
fracatlas,fracatlas/FracAtlas,images/Fractured/IMG0003383.jpg,IMG0003383,fracture,g3346,train,test,3346,-1,,False,3115757131c5e373,hand,frontal,0,1,Annotations/YOLO/IMG0003383.txt,hand|fracture,False
fracatlas,fracatlas/FracAtlas,images/Non_fractured/IMG0003384.jpg,IMG0003384,no_fracture,g3347,train,none,3347,-1,,False,64d3c913e363c333,leg,frontal,0,0,Annotations/YOLO/IMG0003384.txt,leg|no_fracture,False
fracatlas,fracatlas/FracAtlas,images/Non_fractured/IMG0003385.jpg,IMG0003385,no_fracture,g3348,cal,none,3348,-1,,False,b12c8bd33634e371,leg,lateral,0,0,Annotations/YOLO/IMG0003385.txt,leg|no_fracture,False
fracatlas,fracatlas/FracAtlas,images/Non_fractured/IMG0003386.jpg,IMG0003386,no_fracture,g335,dropped,none,335,-1,duplicate_of:IMG0000336,False,c0c3c363e363d333,leg,frontal,0,0,Annotations/YOLO/IMG0003386.txt,leg|no_fracture,False
fracatlas,fracatlas/FracAtlas,images/Non_fractured/IMG0003387.jpg,IMG0003387,no_fracture,g3350,train,none,3350,-1,,False,5a1cc9791a1e7371,leg,lateral,0,0,Annotations/YOLO/IMG0003387.txt,leg|no_fracture,False
fracatlas,fracatlas/FracAtlas,images/Non_fractured/IMG0003388.jpg,IMG0003388,no_fracture,g3351,val,none,3351,-1,,False,30cfcc33b0cf6233,leg,frontal,0,0,Annotations/YOLO/IMG0003388.txt,leg|no_fracture,False
fracatlas,fracatlas/FracAtlas,images/Non_fractured/IMG0003389.jpg,IMG0003389,no_fracture,g3352,train,none,3352,-1,,False,870cf8c3c7647333,leg,lateral,0,0,Annotations/YOLO/IMG0003389.txt,leg|no_fracture,False
fracatlas,fracatlas/FracAtlas,images/Non_fractured/IMG0003390.jpg,IMG0003390,no_fracture,g3027,dropped,none,3027,-1,duplicate_of:IMG0003061,False,66cd4a396a4dc8d9,hand,frontal,0,0,Annotations/YOLO/IMG0003390.txt,hand|no_fracture,False
fracatlas,fracatlas/FracAtlas,images/Non_fractured/IMG0003391.jpg,IMG0003391,no_fracture,g3354,train,none,3354,-1,,False,4aa5b6c968b52c6d,hand,lateral,0,0,Annotations/YOLO/IMG0003391.txt,hand|no_fracture,False
fracatlas,fracatlas/FracAtlas,images/Non_fractured/IMG0003392.jpg,IMG0003392,no_fracture,g3355,train,none,3355,-1,,False,99c9d9d9d2924d49,hand,frontal,0,0,Annotations/YOLO/IMG0003392.txt,hand|no_fracture,False
fracatlas,fracatlas/FracAtlas,images/Non_fractured/IMG0003393.jpg,IMG0003393,no_fracture,g3356,train,none,3356,-1,,False,56927aaa2a2d35d9,hand,lateral,0,0,Annotations/YOLO/IMG0003393.txt,hand|no_fracture,False
fracatlas,fracatlas/FracAtlas,images/Fractured/IMG0003394.jpg,IMG0003394,fracture,g3357,train,test,3357,-1,,False,4cb7c83798cd3631,hand,frontal,0,2,Annotations/YOLO/IMG0003394.txt,hand|fracture,False
fracatlas,fracatlas/FracAtlas,images/Fractured/IMG0003395.jpg,IMG0003395,fracture,g3358,train,test,3358,-1,,False,2d6dd9d292266599,hand,lateral,0,2,Annotations/YOLO/IMG0003395.txt,hand|fracture,False
fracatlas,fracatlas/FracAtlas,images/Fractured/IMG0003396.jpg,IMG0003396,fracture,g3359,train,test,3359,-1,,False,6e899a99dac99899,hand,frontal,0,1,Annotations/YOLO/IMG0003396.txt,hand|fracture,False
fracatlas,fracatlas/FracAtlas,images/Fractured/IMG0003397.jpg,IMG0003397,fracture,g3360,train,test,3360,-1,,False,42cd9a999acd989b,hand,frontal,0,1,Annotations/YOLO/IMG0003397.txt,hand|fracture,False
fracatlas,fracatlas/FracAtlas,images/Fractured/IMG0003398.jpg,IMG0003398,fracture,g3361,train,test,3361,-1,,False,3a65c8b3cc19e699,hand,frontal,0,1,Annotations/YOLO/IMG0003398.txt,hand|fracture,False
fracatlas,fracatlas/FracAtlas,images/Fractured/IMG0003399.jpg,IMG0003399,fracture,g3362,train,test,3362,-1,,False,110fdfc171091de7,hand,lateral,0,1,Annotations/YOLO/IMG0003399.txt,hand|fracture,False
fracatlas,fracatlas/FracAtlas,images/Non_fractured/IMG0003400.jpg,IMG0003400,no_fracture,g3363,train,none,3363,-1,,False,6a4d4ec9cac93a99,hand,frontal,0,0,Annotations/YOLO/IMG0003400.txt,hand|no_fracture,False
fracatlas,fracatlas/FracAtlas,images/Non_fractured/IMG0003401.jpg,IMG0003401,no_fracture,g3364,train,none,3364,-1,,False,673ff000608c3f77,hand,lateral,0,0,Annotations/YOLO/IMG0003401.txt,hand|no_fracture,False
fracatlas,fracatlas/FracAtlas,images/Non_fractured/IMG0003402.jpg,IMG0003402,no_fracture,g3365,train,none,3365,-1,,False,33738cc3f234b343,hip,frontal,0,0,Annotations/YOLO/IMG0003402.txt,hip|no_fracture,False
fracatlas,fracatlas/FracAtlas,images/Non_fractured/IMG0003403.jpg,IMG0003403,no_fracture,g3366,val,none,3366,-1,,False,0c73c9c3f334f303,hip,frontal,0,0,Annotations/YOLO/IMG0003403.txt,hip|no_fracture,False
fracatlas,fracatlas/FracAtlas,images/Non_fractured/IMG0003404.jpg,IMG0003404,no_fracture,g1155,dropped,none,1155,-1,duplicate_of:IMG0001167,False,6969793949595999,leg,frontal,0,0,Annotations/YOLO/IMG0003404.txt,leg|no_fracture,False
fracatlas,fracatlas/FracAtlas,images/Non_fractured/IMG0003405.jpg,IMG0003405,no_fracture,g3368,train,none,3368,-1,,False,0380a7c3b3b0dbdb,leg,lateral,0,0,Annotations/YOLO/IMG0003405.txt,leg|no_fracture,False
fracatlas,fracatlas/FracAtlas,images/Non_fractured/IMG0003406.jpg,IMG0003406,no_fracture,g1011,dropped,none,1011,-1,duplicate_of:IMG0001022,False,11d1199999f3b333,leg,frontal,0,0,Annotations/YOLO/IMG0003406.txt,leg|no_fracture,False
fracatlas,fracatlas/FracAtlas,images/Non_fractured/IMG0003407.jpg,IMG0003407,no_fracture,g3370,train,none,3370,-1,,False,432f1fbe8000cf77,leg,lateral,0,0,Annotations/YOLO/IMG0003407.txt,leg|no_fracture,False
fracatlas,fracatlas/FracAtlas,images/Non_fractured/IMG0003408.jpg,IMG0003408,no_fracture,g3371,train,none,3371,-1,,False,989b6cb399663239,leg,frontal,0,0,Annotations/YOLO/IMG0003408.txt,leg|no_fracture,False
fracatlas,fracatlas/FracAtlas,images/Non_fractured/IMG0003409.jpg,IMG0003409,no_fracture,g3372,val,none,3372,-1,,False,9c33c61d30b7989b,leg,lateral,0,0,Annotations/YOLO/IMG0003409.txt,leg|no_fracture,False
fracatlas,fracatlas/FracAtlas,images/Non_fractured/IMG0003410.jpg,IMG0003410,no_fracture,g3373,train,none,3373,-1,,False,d1c1d3d191939373,leg,frontal,0,0,Annotations/YOLO/IMG0003410.txt,leg|no_fracture,False
fracatlas,fracatlas/FracAtlas,images/Non_fractured/IMG0003411.jpg,IMG0003411,no_fracture,g3374,train,none,3374,-1,,False,61b4373b19987969,leg,lateral,0,0,Annotations/YOLO/IMG0003411.txt,leg|no_fracture,False
fracatlas,fracatlas/FracAtlas,images/Non_fractured/IMG0003412.jpg,IMG0003412,no_fracture,g3375,train,none,3375,-1,,False,de397231d6999a11,hand,frontal,0,0,Annotations/YOLO/IMG0003412.txt,hand|no_fracture,False
fracatlas,fracatlas/FracAtlas,images/Non_fractured/IMG0003413.jpg,IMG0003413,no_fracture,g3376,train,none,3376,-1,,False,ce8d3a114acd9a9b,hand,oblique,0,0,Annotations/YOLO/IMG0003413.txt,hand|no_fracture,False
fracatlas,fracatlas/FracAtlas,images/Non_fractured/IMG0003414.jpg,IMG0003414,no_fracture,g3377,train,none,3377,-1,,False,7671727162673233,hand,frontal,0,0,Annotations/YOLO/IMG0003414.txt,hand|no_fracture,False
fracatlas,fracatlas/FracAtlas,images/Non_fractured/IMG0003415.jpg,IMG0003415,no_fracture,g3378,train,none,3378,-1,,False,c6653291c6e76273,hand,oblique,0,0,Annotations/YOLO/IMG0003415.txt,hand|no_fracture,False
fracatlas,fracatlas/FracAtlas,images/Non_fractured/IMG0003416.jpg,IMG0003416,no_fracture,g3379,val,none,3379,-1,,False,199919396d4dd999,leg,frontal,0,0,Annotations/YOLO/IMG0003416.txt,leg|no_fracture,False
fracatlas,fracatlas/FracAtlas,images/Non_fractured/IMG0003417.jpg,IMG0003417,no_fracture,g3380,train,none,3380,-1,,False,c49361e3e313d333,leg,frontal,0,0,Annotations/YOLO/IMG0003417.txt,leg|no_fracture,False
fracatlas,fracatlas/FracAtlas,images/Non_fractured/IMG0003418.jpg,IMG0003418,no_fracture,g3381,test,none,3381,-1,,True,529cc9f1b616e351,leg,lateral,0,0,Annotations/YOLO/IMG0003418.txt,leg|no_fracture,False
fracatlas,fracatlas/FracAtlas,images/Fractured/IMG0003419.jpg,IMG0003419,fracture,g3382,train,test,3382,-1,,False,645962d98cc9b99b,hand,frontal,1,1,Annotations/YOLO/IMG0003419.txt,hand|fracture,False
fracatlas,fracatlas/FracAtlas,images/Fractured/IMG0003420.jpg,IMG0003420,fracture,g3383,train,test,3383,-1,,False,868399d9d4df4949,hand,lateral,1,1,Annotations/YOLO/IMG0003420.txt,hand|fracture,False
fracatlas,fracatlas/FracAtlas,images/Non_fractured/IMG0003421.jpg,IMG0003421,no_fracture,g3384,test,none,3384,-1,,True,6227917363673333,hand,frontal,0,0,Annotations/YOLO/IMG0003421.txt,hand|no_fracture,False
fracatlas,fracatlas/FracAtlas,images/Non_fractured/IMG0003422.jpg,IMG0003422,no_fracture,g3007,dropped,none,3007,-1,duplicate_of:IMG0003041,False,64e73193e0673333,hand,oblique,0,0,Annotations/YOLO/IMG0003422.txt,hand|no_fracture,False
fracatlas,fracatlas/FracAtlas,images/Non_fractured/IMG0003423.jpg,IMG0003423,no_fracture,g3386,train,none,3386,-1,,False,16593ba60dcd66a9,mixed,frontal,0,0,Annotations/YOLO/IMG0003423.txt,mixed|no_fracture,False
fracatlas,fracatlas/FracAtlas,images/Non_fractured/IMG0003424.jpg,IMG0003424,no_fracture,g3387,train,none,3387,-1,,False,db37ad465495124d,shoulder,frontal,0,0,Annotations/YOLO/IMG0003424.txt,shoulder|no_fracture,False
fracatlas,fracatlas/FracAtlas,images/Non_fractured/IMG0003425.jpg,IMG0003425,no_fracture,g3388,train,none,3388,-1,,False,fce6a764602303db,mixed,frontal,0,0,Annotations/YOLO/IMG0003425.txt,mixed|no_fracture,False
fracatlas,fracatlas/FracAtlas,images/Non_fractured/IMG0003426.jpg,IMG0003426,no_fracture,g3389,cal,none,3389,-1,,False,b72723001bb34bdb,mixed,frontal,0,0,Annotations/YOLO/IMG0003426.txt,mixed|no_fracture,False
fracatlas,fracatlas/FracAtlas,images/Non_fractured/IMG0003427.jpg,IMG0003427,no_fracture,g3390,train,none,3390,-1,,False,23233778289353fb,mixed,frontal,0,0,Annotations/YOLO/IMG0003427.txt,mixed|no_fracture,False
fracatlas,fracatlas/FracAtlas,images/Non_fractured/IMG0003428.jpg,IMG0003428,no_fracture,g3391,train,none,3391,-1,,False,6d0787d2e907133b,mixed,frontal,0,0,Annotations/YOLO/IMG0003428.txt,mixed|no_fracture,False
fracatlas,fracatlas/FracAtlas,images/Non_fractured/IMG0003429.jpg,IMG0003429,no_fracture,g3392,train,none,3392,-1,,False,4949c979e163d933,leg,frontal,0,0,Annotations/YOLO/IMG0003429.txt,leg|no_fracture,False
fracatlas,fracatlas/FracAtlas,images/Non_fractured/IMG0003430.jpg,IMG0003430,no_fracture,g3393,train,none,3393,-1,,False,6b324c493b1eb371,leg,lateral,0,0,Annotations/YOLO/IMG0003430.txt,leg|no_fracture,False
fracatlas,fracatlas/FracAtlas,images/Non_fractured/IMG0003433.jpg,IMG0003433,no_fracture,g3394,train,none,3394,-1,,False,bca5b9a52c65a855,hand,frontal,0,0,Annotations/YOLO/IMG0003433.txt,hand|no_fracture,False
fracatlas,fracatlas/FracAtlas,images/Non_fractured/IMG0003434.jpg,IMG0003434,no_fracture,g3395,train,none,3395,-1,,False,b3b7342d0c0d01ff,hand,lateral,0,0,Annotations/YOLO/IMG0003434.txt,hand|no_fracture,False
fracatlas,fracatlas/FracAtlas,images/Non_fractured/IMG0003435.jpg,IMG0003435,no_fracture,g3396,train,none,3396,-1,,False,96b644f6045de29d,mixed,frontal,0,0,Annotations/YOLO/IMG0003435.txt,mixed|no_fracture,False
fracatlas,fracatlas/FracAtlas,images/Non_fractured/IMG0003436.jpg,IMG0003436,no_fracture,g3397,test,none,3397,-1,,True,f3cfd65711451131,mixed,frontal,0,0,Annotations/YOLO/IMG0003436.txt,mixed|no_fracture,False
fracatlas,fracatlas/FracAtlas,images/Non_fractured/IMG0003437.jpg,IMG0003437,no_fracture,g3398,train,none,3398,-1,,False,c7c4711c9c87e363,leg,frontal,0,0,Annotations/YOLO/IMG0003437.txt,leg|no_fracture,False
fracatlas,fracatlas/FracAtlas,images/Non_fractured/IMG0003438.jpg,IMG0003438,no_fracture,g3399,train,none,3399,-1,,False,d94d3693c99c9139,leg,lateral,0,0,Annotations/YOLO/IMG0003438.txt,leg|no_fracture,False
fracatlas,fracatlas/FracAtlas,images/Non_fractured/IMG0003439.jpg,IMG0003439,no_fracture,g3400,test,none,3400,-1,,True,b60e8949c3e3cb69,leg,frontal,0,0,Annotations/YOLO/IMG0003439.txt,leg|no_fracture,False
fracatlas,fracatlas/FracAtlas,images/Non_fractured/IMG0003440.jpg,IMG0003440,no_fracture,g3401,test,none,3401,-1,,True,3e2d2b4b8b8bc343,leg,frontal,0,0,Annotations/YOLO/IMG0003440.txt,leg|no_fracture,False
fracatlas,fracatlas/FracAtlas,images/Non_fractured/IMG0003441.jpg,IMG0003441,no_fracture,g3402,test,none,3402,-1,,True,4c9b62b398997333,leg,frontal,0,0,Annotations/YOLO/IMG0003441.txt,leg|no_fracture,False
fracatlas,fracatlas/FracAtlas,images/Non_fractured/IMG0003442.jpg,IMG0003442,no_fracture,g3403,val,none,3403,-1,,False,133e0893979c49fb,leg,lateral,0,0,Annotations/YOLO/IMG0003442.txt,leg|no_fracture,False
fracatlas,fracatlas/FracAtlas,images/Non_fractured/IMG0003443.jpg,IMG0003443,no_fracture,g3404,test,none,3404,-1,,True,bebe0d05ab05ab45,leg,frontal,0,0,Annotations/YOLO/IMG0003443.txt,leg|no_fracture,False
fracatlas,fracatlas/FracAtlas,images/Non_fractured/IMG0003444.jpg,IMG0003444,no_fracture,g3405,val,none,3405,-1,,False,99a327ab26dd26a1,mixed,frontal,0,0,Annotations/YOLO/IMG0003444.txt,mixed|no_fracture,False
fracatlas,fracatlas/FracAtlas,images/Non_fractured/IMG0003445.jpg,IMG0003445,no_fracture,g3406,test,none,3406,-1,,True,26496f19a465d6b5,shoulder,frontal,0,0,Annotations/YOLO/IMG0003445.txt,shoulder|no_fracture,False
fracatlas,fracatlas/FracAtlas,images/Non_fractured/IMG0003446.jpg,IMG0003446,no_fracture,g3407,train,none,3407,-1,,False,c6bed89e06b929a1,mixed,frontal,0,0,Annotations/YOLO/IMG0003446.txt,mixed|no_fracture,False
fracatlas,fracatlas/FracAtlas,images/Non_fractured/IMG0003447.jpg,IMG0003447,no_fracture,g3408,train,none,3408,-1,,False,f265b69172653233,hand,frontal,0,0,Annotations/YOLO/IMG0003447.txt,hand|no_fracture,False
fracatlas,fracatlas/FracAtlas,images/Non_fractured/IMG0003448.jpg,IMG0003448,no_fracture,g3034,dropped,none,3034,-1,duplicate_of:IMG0003068,False,b2e58e3172cd3233,hand,lateral,0,0,Annotations/YOLO/IMG0003448.txt,hand|no_fracture,False
fracatlas,fracatlas/FracAtlas,images/Non_fractured/IMG0003449.jpg,IMG0003449,no_fracture,g3410,train,none,3410,-1,,False,2d12c9b059adb6d5,hand,frontal,0,0,Annotations/YOLO/IMG0003449.txt,hand|no_fracture,False
fracatlas,fracatlas/FracAtlas,images/Non_fractured/IMG0003450.jpg,IMG0003450,no_fracture,g3411,train,none,3411,-1,,False,1caf04a7e6e3e245,hand,lateral,0,0,Annotations/YOLO/IMG0003450.txt,hand|no_fracture,False
fracatlas,fracatlas/FracAtlas,images/Non_fractured/IMG0003451.jpg,IMG0003451,no_fracture,g3412,cal,none,3412,-1,,False,1c130e388ee7b85f,mixed,frontal,0,0,Annotations/YOLO/IMG0003451.txt,mixed|no_fracture,False
fracatlas,fracatlas/FracAtlas,images/Non_fractured/IMG0003452.jpg,IMG0003452,no_fracture,g3413,train,none,3413,-1,,False,5246f8e98d29e157,hand,lateral,0,0,Annotations/YOLO/IMG0003452.txt,hand|no_fracture,False
fracatlas,fracatlas/FracAtlas,images/Non_fractured/IMG0003453.jpg,IMG0003453,no_fracture,g3414,train,none,3414,-1,,False,031366dc6c0eb0ff,mixed,frontal,0,0,Annotations/YOLO/IMG0003453.txt,mixed|no_fracture,False
fracatlas,fracatlas/FracAtlas,images/Non_fractured/IMG0003454.jpg,IMG0003454,no_fracture,g3415,train,none,3415,-1,,False,4fbb0c87e6a69807,mixed,frontal,0,0,Annotations/YOLO/IMG0003454.txt,mixed|no_fracture,False
fracatlas,fracatlas/FracAtlas,images/Non_fractured/IMG0003455.jpg,IMG0003455,no_fracture,g3416,train,none,3416,-1,,False,128348fc2e1ef0ef,mixed,frontal,0,0,Annotations/YOLO/IMG0003455.txt,mixed|no_fracture,False
fracatlas,fracatlas/FracAtlas,images/Non_fractured/IMG0003456.jpg,IMG0003456,no_fracture,g3417,train,none,3417,-1,,False,0c7b84370d6ea69d,mixed,frontal,0,0,Annotations/YOLO/IMG0003456.txt,mixed|no_fracture,False
fracatlas,fracatlas/FracAtlas,images/Non_fractured/IMG0003457.jpg,IMG0003457,no_fracture,g3418,val,none,3418,-1,,False,c4396913a5a536dd,shoulder,frontal,0,0,Annotations/YOLO/IMG0003457.txt,shoulder|no_fracture,False
fracatlas,fracatlas/FracAtlas,images/Fractured/IMG0003458.jpg,IMG0003458,fracture,g3419,val,test,3419,-1,,False,f5e531c431716533,leg,frontal,0,1,Annotations/YOLO/IMG0003458.txt,leg|fracture,False
fracatlas,fracatlas/FracAtlas,images/Fractured/IMG0003459.jpg,IMG0003459,fracture,g3420,val,test,3420,-1,,False,39f307b913353133,leg,lateral,0,1,Annotations/YOLO/IMG0003459.txt,leg|fracture,False
fracatlas,fracatlas/FracAtlas,images/Non_fractured/IMG0003460.jpg,IMG0003460,no_fracture,g3421,train,none,3421,-1,,False,9017d9c999b3c999,leg,frontal,0,0,Annotations/YOLO/IMG0003460.txt,leg|no_fracture,False
fracatlas,fracatlas/FracAtlas,images/Non_fractured/IMG0003461.jpg,IMG0003461,no_fracture,g3422,train,none,3422,-1,,False,b1dbad52b9943231,leg,lateral,0,0,Annotations/YOLO/IMG0003461.txt,leg|no_fracture,False
fracatlas,fracatlas/FracAtlas,images/Non_fractured/IMG0003462.jpg,IMG0003462,no_fracture,g3423,cal,none,3423,-1,,False,8985c9c5c5e763d1,hand,frontal,0,0,Annotations/YOLO/IMG0003462.txt,hand|no_fracture,False
fracatlas,fracatlas/FracAtlas,images/Non_fractured/IMG0003463.jpg,IMG0003463,no_fracture,g3424,test,none,3424,-1,,True,6d6baada2aa7005d,hand,lateral,0,0,Annotations/YOLO/IMG0003463.txt,hand|no_fracture,False
fracatlas,fracatlas/FracAtlas,images/Non_fractured/IMG0003464.jpg,IMG0003464,no_fracture,g3425,test,none,3425,-1,,True,4d6b599949595999,leg,frontal,0,0,Annotations/YOLO/IMG0003464.txt,leg|no_fracture,False
fracatlas,fracatlas/FracAtlas,images/Non_fractured/IMG0003465.jpg,IMG0003465,no_fracture,g3426,train,none,3426,-1,,False,87300719915f49ff,leg,lateral,0,0,Annotations/YOLO/IMG0003465.txt,leg|no_fracture,False
fracatlas,fracatlas/FracAtlas,images/Fractured/IMG0003466.jpg,IMG0003466,fracture,g3427,cal,test,3427,-1,,False,649b649b249b719b,leg,frontal,0,1,Annotations/YOLO/IMG0003466.txt,leg|fracture,False
fracatlas,fracatlas/FracAtlas,images/Fractured/IMG0003467.jpg,IMG0003467,fracture,g3428,train,test,3428,-1,,False,24732473a6f36333,leg,lateral,0,1,Annotations/YOLO/IMG0003467.txt,leg|fracture,False
fracatlas,fracatlas/FracAtlas,images/Non_fractured/IMG0003468.jpg,IMG0003468,no_fracture,g3429,train,none,3429,-1,,False,23fc0738f38c3933,leg,frontal,0,0,Annotations/YOLO/IMG0003468.txt,leg|no_fracture,False
fracatlas,fracatlas/FracAtlas,images/Non_fractured/IMG0003469.jpg,IMG0003469,no_fracture,g3430,train,none,3430,-1,,False,cc3c9967998c3933,leg,lateral,0,0,Annotations/YOLO/IMG0003469.txt,leg|no_fracture,False
fracatlas,fracatlas/FracAtlas,images/Non_fractured/IMG0003470.jpg,IMG0003470,no_fracture,g3431,test,none,3431,-1,,True,ccb1c5b1e1734939,leg,frontal,0,0,Annotations/YOLO/IMG0003470.txt,leg|no_fracture,False
fracatlas,fracatlas/FracAtlas,images/Non_fractured/IMG0003471.jpg,IMG0003471,no_fracture,g3432,train,none,3432,-1,,False,1248755b5d56f351,leg,lateral,0,0,Annotations/YOLO/IMG0003471.txt,leg|no_fracture,False
fracatlas,fracatlas/FracAtlas,images/Non_fractured/IMG0003472.jpg,IMG0003472,no_fracture,g2652,dropped,none,2652,-1,duplicate_of:IMG0002685,False,c979d94949595999,leg,frontal,0,0,Annotations/YOLO/IMG0003472.txt,leg|no_fracture,False
fracatlas,fracatlas/FracAtlas,images/Non_fractured/IMG0003473.jpg,IMG0003473,no_fracture,g3434,cal,none,3434,-1,,False,246e4311387c5bfb,leg,lateral,0,0,Annotations/YOLO/IMG0003473.txt,leg|no_fracture,False
fracatlas,fracatlas/FracAtlas,images/Non_fractured/IMG0003474.jpg,IMG0003474,no_fracture,g3435,train,none,3435,-1,,False,85c1c5e367667331,hand,frontal,0,0,Annotations/YOLO/IMG0003474.txt,hand|no_fracture,False
fracatlas,fracatlas/FracAtlas,images/Non_fractured/IMG0003475.jpg,IMG0003475,no_fracture,g3436,train,none,3436,-1,,False,aa2e55712ae6e3c1,hand,lateral,0,0,Annotations/YOLO/IMG0003475.txt,hand|no_fracture,False
fracatlas,fracatlas/FracAtlas,images/Fractured/IMG0003477.jpg,IMG0003477,fracture,g3437,train,test,3437,-1,,False,fc0f20f1649f1e07,mixed,frontal,0,1,Annotations/YOLO/IMG0003477.txt,mixed|fracture,False
fracatlas,fracatlas/FracAtlas,images/Non_fractured/IMG0003478.jpg,IMG0003478,no_fracture,g3438,train,none,3438,-1,,False,c4e2d1a1c0e5fa67,hand,frontal,0,0,Annotations/YOLO/IMG0003478.txt,hand|no_fracture,False
fracatlas,fracatlas/FracAtlas,images/Non_fractured/IMG0003479.jpg,IMG0003479,no_fracture,g2801,dropped,none,2801,-1,duplicate_of:IMG0002835,False,ce1d1a59cacd9899,hand,frontal,0,0,Annotations/YOLO/IMG0003479.txt,hand|no_fracture,False
fracatlas,fracatlas/FracAtlas,images/Non_fractured/IMG0003480.jpg,IMG0003480,no_fracture,g3440,train,none,3440,-1,,False,ca8d6659dacd9819,hand,lateral,0,0,Annotations/YOLO/IMG0003480.txt,hand|no_fracture,False
fracatlas,fracatlas/FracAtlas,images/Non_fractured/IMG0003481.jpg,IMG0003481,no_fracture,g3441,train,none,3441,-1,,False,7a65369972353233,hand,frontal,0,0,Annotations/YOLO/IMG0003481.txt,hand|no_fracture,False
fracatlas,fracatlas/FracAtlas,images/Non_fractured/IMG0003482.jpg,IMG0003482,no_fracture,g3034,dropped,none,3034,-1,duplicate_of:IMG0003068,False,32e5ce3132cd7233,hand,lateral,0,0,Annotations/YOLO/IMG0003482.txt,hand|no_fracture,False
fracatlas,fracatlas/FracAtlas,images/Non_fractured/IMG0003483.jpg,IMG0003483,no_fracture,g599,dropped,none,599,-1,duplicate_of:IMG0000607,False,607b684fccc99999,leg,frontal,0,0,Annotations/YOLO/IMG0003483.txt,leg|no_fracture,False
fracatlas,fracatlas/FracAtlas,images/Non_fractured/IMG0003484.jpg,IMG0003484,no_fracture,g3444,train,none,3444,-1,,False,b425a4edeccd2839,leg,oblique,0,0,Annotations/YOLO/IMG0003484.txt,leg|no_fracture,False
fracatlas,fracatlas/FracAtlas,images/Non_fractured/IMG0003485.jpg,IMG0003485,no_fracture,g3445,train,none,3445,-1,,False,72957a7172353299,hand,frontal,0,0,Annotations/YOLO/IMG0003485.txt,hand|no_fracture,False
fracatlas,fracatlas/FracAtlas,images/Non_fractured/IMG0003486.jpg,IMG0003486,no_fracture,g3446,train,none,3446,-1,,False,66c7b27162673233,hand,oblique,0,0,Annotations/YOLO/IMG0003486.txt,hand|no_fracture,False
fracatlas,fracatlas/FracAtlas,images/Non_fractured/IMG0003487.jpg,IMG0003487,no_fracture,g3447,train,none,3447,-1,,False,493d96e32196e5e1,leg,frontal,0,0,Annotations/YOLO/IMG0003487.txt,leg|no_fracture,False
fracatlas,fracatlas/FracAtlas,images/Non_fractured/IMG0003488.jpg,IMG0003488,no_fracture,g3448,train,none,3448,-1,,False,33671c1933b69999,leg,lateral,0,0,Annotations/YOLO/IMG0003488.txt,leg|no_fracture,False
fracatlas,fracatlas/FracAtlas,images/Non_fractured/IMG0003489.jpg,IMG0003489,no_fracture,g889,dropped,none,889,-1,duplicate_of:IMG0000898,False,c92d92d9c9963339,leg,lateral,0,0,Annotations/YOLO/IMG0003489.txt,leg|no_fracture,False
fracatlas,fracatlas/FracAtlas,images/Non_fractured/IMG0003490.jpg,IMG0003490,no_fracture,g3450,train,none,3450,-1,,False,d96cda4d96491399,leg,oblique,0,0,Annotations/YOLO/IMG0003490.txt,leg|no_fracture,False
fracatlas,fracatlas/FracAtlas,images/Non_fractured/IMG0003491.jpg,IMG0003491,no_fracture,g3451,val,none,3451,-1,,False,f107318735e37133,leg,lateral,0,0,Annotations/YOLO/IMG0003491.txt,leg|no_fracture,False
fracatlas,fracatlas/FracAtlas,images/Non_fractured/IMG0003492.jpg,IMG0003492,no_fracture,g3452,train,none,3452,-1,,False,c8669966996d6c99,leg,frontal,0,0,Annotations/YOLO/IMG0003492.txt,leg|no_fracture,False
fracatlas,fracatlas/FracAtlas,images/Non_fractured/IMG0003493.jpg,IMG0003493,no_fracture,g3453,train,none,3453,-1,,False,a45b6d96396d4899,leg,lateral,0,0,Annotations/YOLO/IMG0003493.txt,leg|no_fracture,False
fracatlas,fracatlas/FracAtlas,images/Non_fractured/IMG0003494.jpg,IMG0003494,no_fracture,g432,dropped,none,432,-1,duplicate_of:IMG0000434,False,91b1a5256d6dc999,leg,oblique,0,0,Annotations/YOLO/IMG0003494.txt,leg|no_fracture,False
fracatlas,fracatlas/FracAtlas,images/Non_fractured/IMG0003495.jpg,IMG0003495,no_fracture,g3455,train,none,3455,-1,,False,515555d9d94d4959,hand,frontal,0,0,Annotations/YOLO/IMG0003495.txt,hand|no_fracture,False
fracatlas,fracatlas/FracAtlas,images/Non_fractured/IMG0003496.jpg,IMG0003496,no_fracture,g3456,cal,none,3456,-1,,False,514534d9d935c9d9,hand,lateral,0,0,Annotations/YOLO/IMG0003496.txt,hand|no_fracture,False
fracatlas,fracatlas/FracAtlas,images/Non_fractured/IMG0003497.jpg,IMG0003497,no_fracture,g3457,train,none,3457,-1,,False,93835b1c0ea69c3f,mixed,frontal,0,0,Annotations/YOLO/IMG0003497.txt,mixed|no_fracture,False
fracatlas,fracatlas/FracAtlas,images/Non_fractured/IMG0003498.jpg,IMG0003498,no_fracture,g3458,train,none,3458,-1,,False,2667e0e41c93937b,mixed,frontal,0,0,Annotations/YOLO/IMG0003498.txt,mixed|no_fracture,False
fracatlas,fracatlas/FracAtlas,images/Non_fractured/IMG0003499.jpg,IMG0003499,no_fracture,g3459,test,none,3459,-1,,True,c45928bc15136bfb,mixed,frontal,0,0,Annotations/YOLO/IMG0003499.txt,mixed|no_fracture,False
fracatlas,fracatlas/FracAtlas,images/Non_fractured/IMG0003500.jpg,IMG0003500,no_fracture,g3460,test,none,3460,-1,,True,300160a3ffdf2733,mixed,frontal,0,0,Annotations/YOLO/IMG0003500.txt,mixed|no_fracture,False
fracatlas,fracatlas/FracAtlas,images/Non_fractured/IMG0003501.jpg,IMG0003501,no_fracture,g3461,train,none,3461,-1,,False,64db70bb709b4899,leg,frontal,0,0,Annotations/YOLO/IMG0003501.txt,leg|no_fracture,False
fracatlas,fracatlas/FracAtlas,images/Non_fractured/IMG0003502.jpg,IMG0003502,no_fracture,g3462,train,none,3462,-1,,False,3b0ac9513b32f371,leg,lateral,0,0,Annotations/YOLO/IMG0003502.txt,leg|no_fracture,False
fracatlas,fracatlas/FracAtlas,images/Non_fractured/IMG0003503.jpg,IMG0003503,no_fracture,g3463,train,none,3463,-1,,False,3225624dce6d9ad9,hand,frontal,0,0,Annotations/YOLO/IMG0003503.txt,hand|no_fracture,False
fracatlas,fracatlas/FracAtlas,images/Non_fractured/IMG0003504.jpg,IMG0003504,no_fracture,g3464,train,none,3464,-1,,False,5ecfe948446c2d2d,hand,lateral,0,0,Annotations/YOLO/IMG0003504.txt,hand|no_fracture,False
fracatlas,fracatlas/FracAtlas,images/Non_fractured/IMG0003505.jpg,IMG0003505,no_fracture,g3465,train,none,3465,-1,,False,d111716367739999,leg,frontal,0,0,Annotations/YOLO/IMG0003505.txt,leg|no_fracture,False
fracatlas,fracatlas/FracAtlas,images/Non_fractured/IMG0003506.jpg,IMG0003506,no_fracture,g3466,val,none,3466,-1,,False,0185c5c7c7c77333,leg,oblique,0,0,Annotations/YOLO/IMG0003506.txt,leg|no_fracture,False
fracatlas,fracatlas/FracAtlas,images/Non_fractured/IMG0003507.jpg,IMG0003507,no_fracture,g981,dropped,none,981,-1,duplicate_of:IMG0000992,False,4437c133e273d933,leg,frontal,0,0,Annotations/YOLO/IMG0003507.txt,leg|no_fracture,False
fracatlas,fracatlas/FracAtlas,images/Non_fractured/IMG0003508.jpg,IMG0003508,no_fracture,g3468,train,none,3468,-1,,False,3b16c5b11a16f371,leg,lateral,0,0,Annotations/YOLO/IMG0003508.txt,leg|no_fracture,False
fracatlas,fracatlas/FracAtlas,images/Fractured/IMG0003509.jpg,IMG0003509,fracture,g3469,cal,test,3469,-1,,False,d51545ddc96d4949,hand,frontal,0,1,Annotations/YOLO/IMG0003509.txt,hand|fracture,False
fracatlas,fracatlas/FracAtlas,images/Fractured/IMG0003510.jpg,IMG0003510,fracture,g3470,train,test,3470,-1,,False,359545259965d9d9,hand,lateral,0,1,Annotations/YOLO/IMG0003510.txt,hand|fracture,False
fracatlas,fracatlas/FracAtlas,images/Non_fractured/IMG0003511.jpg,IMG0003511,no_fracture,g3471,train,none,3471,-1,,False,85c5c5c5c5c76333,hand,oblique,0,0,Annotations/YOLO/IMG0003511.txt,hand|no_fracture,False
fracatlas,fracatlas/FracAtlas,images/Non_fractured/IMG0003512.jpg,IMG0003512,no_fracture,g3472,val,none,3472,-1,,False,f42d83c3e2c68787,hand,lateral,0,0,Annotations/YOLO/IMG0003512.txt,hand|no_fracture,False
fracatlas,fracatlas/FracAtlas,images/Non_fractured/IMG0003513.jpg,IMG0003513,no_fracture,g3473,train,none,3473,-1,,False,64db689b269b6899,leg,frontal,0,0,Annotations/YOLO/IMG0003513.txt,leg|no_fracture,False
fracatlas,fracatlas/FracAtlas,images/Non_fractured/IMG0003515.jpg,IMG0003515,no_fracture,g3474,cal,none,3474,-1,,False,b1b571313533313b,hand,frontal,0,0,Annotations/YOLO/IMG0003515.txt,hand|no_fracture,False
fracatlas,fracatlas/FracAtlas,images/Non_fractured/IMG0003516.jpg,IMG0003516,no_fracture,g3475,train,none,3475,-1,,False,61b3313363673333,hand,lateral,0,0,Annotations/YOLO/IMG0003516.txt,hand|no_fracture,False
fracatlas,fracatlas/FracAtlas,images/Non_fractured/IMG0003517.jpg,IMG0003517,no_fracture,g3476,train,none,3476,-1,,False,1c3b72f354393233,hand,frontal,0,0,Annotations/YOLO/IMG0003517.txt,hand|no_fracture,False
fracatlas,fracatlas/FracAtlas,images/Non_fractured/IMG0003518.jpg,IMG0003518,no_fracture,g3477,train,none,3477,-1,,False,cc4f723398cd3233,hand,lateral,0,0,Annotations/YOLO/IMG0003518.txt,hand|no_fracture,False
fracatlas,fracatlas/FracAtlas,images/Fractured/IMG0003519.jpg,IMG0003519,fracture,g3478,train,test,3478,-1,,False,4d19cd4d19cdc999,leg,frontal,0,1,Annotations/YOLO/IMG0003519.txt,leg|fracture,False
fracatlas,fracatlas/FracAtlas,images/Fractured/IMG0003520.jpg,IMG0003520,fracture,g2924,test,test,2924,-1,,True,d34d3693c9869399,leg,lateral,0,1,Annotations/YOLO/IMG0003520.txt,leg|fracture,False
fracatlas,fracatlas/FracAtlas,images/Non_fractured/IMG0003521.jpg,IMG0003521,no_fracture,g3480,train,none,3480,-1,,False,58732c89331ee3e3,leg,lateral,0,0,Annotations/YOLO/IMG0003521.txt,leg|no_fracture,False
fracatlas,fracatlas/FracAtlas,images/Non_fractured/IMG0003522.jpg,IMG0003522,no_fracture,g3481,train,none,3481,-1,,False,12266913925cfb7b,leg,lateral,0,0,Annotations/YOLO/IMG0003522.txt,leg|no_fracture,False
fracatlas,fracatlas/FracAtlas,images/Fractured/IMG0003523.jpg,IMG0003523,fracture,g747,train,test,747,-1,,False,8c73cc338c739933,leg,frontal,0,1,Annotations/YOLO/IMG0003523.txt,leg|fracture,False
fracatlas,fracatlas/FracAtlas,images/Fractured/IMG0003524.jpg,IMG0003524,fracture,g3483,test,test,3483,-1,,True,399919b319b99933,leg,lateral,0,1,Annotations/YOLO/IMG0003524.txt,leg|fracture,False
fracatlas,fracatlas/FracAtlas,images/Non_fractured/IMG0003525.jpg,IMG0003525,no_fracture,g3484,train,none,3484,-1,,False,9b1389d81b7cf303,hip,frontal,0,0,Annotations/YOLO/IMG0003525.txt,hip|no_fracture,False
fracatlas,fracatlas/FracAtlas,images/Non_fractured/IMG0003526.jpg,IMG0003526,no_fracture,g3485,train,none,3485,-1,,False,3291623d33e36373,hand,frontal,0,0,Annotations/YOLO/IMG0003526.txt,hand|no_fracture,False
fracatlas,fracatlas/FracAtlas,images/Non_fractured/IMG0003527.jpg,IMG0003527,no_fracture,g3486,test,none,3486,-1,,True,dd9452b2a26e25d9,hand,lateral,0,0,Annotations/YOLO/IMG0003527.txt,hand|no_fracture,False
fracatlas,fracatlas/FracAtlas,images/Non_fractured/IMG0003528.jpg,IMG0003528,no_fracture,g3399,dropped,none,3399,-1,duplicate_of:IMG0003438,False,d94d36d3c98c9919,leg,lateral,0,0,Annotations/YOLO/IMG0003528.txt,leg|no_fracture,False
fracatlas,fracatlas/FracAtlas,images/Non_fractured/IMG0003529.jpg,IMG0003529,no_fracture,g3488,train,none,3488,-1,,False,c2c1cee1e663e233,hand,frontal,0,0,Annotations/YOLO/IMG0003529.txt,hand|no_fracture,False
fracatlas,fracatlas/FracAtlas,images/Non_fractured/IMG0003530.jpg,IMG0003530,no_fracture,g3489,train,none,3489,-1,,False,560c29e3f2d6c3c3,hand,lateral,0,0,Annotations/YOLO/IMG0003530.txt,hand|no_fracture,False
fracatlas,fracatlas/FracAtlas,images/Non_fractured/IMG0003531.jpg,IMG0003531,no_fracture,g3490,test,none,3490,-1,,True,33cc33cd26996633,leg,frontal,0,0,Annotations/YOLO/IMG0003531.txt,leg|no_fracture,False
fracatlas,fracatlas/FracAtlas,images/Non_fractured/IMG0003532.jpg,IMG0003532,no_fracture,g3491,train,none,3491,-1,,False,639c7306b863399b,leg,lateral,0,0,Annotations/YOLO/IMG0003532.txt,leg|no_fracture,False
fracatlas,fracatlas/FracAtlas,images/Non_fractured/IMG0003533.jpg,IMG0003533,no_fracture,g3492,train,none,3492,-1,,False,24b5699931b969d9,leg,frontal,0,0,Annotations/YOLO/IMG0003533.txt,leg|no_fracture,False
fracatlas,fracatlas/FracAtlas,images/Non_fractured/IMG0003534.jpg,IMG0003534,no_fracture,g3493,train,none,3493,-1,,False,e4375ae9c4523939,leg,lateral,0,0,Annotations/YOLO/IMG0003534.txt,leg|no_fracture,False
fracatlas,fracatlas/FracAtlas,images/Non_fractured/IMG0003535.jpg,IMG0003535,no_fracture,g3494,train,none,3494,-1,,False,c4b3b0f3e0633333,leg,frontal,0,0,Annotations/YOLO/IMG0003535.txt,leg|no_fracture,False
fracatlas,fracatlas/FracAtlas,images/Non_fractured/IMG0003536.jpg,IMG0003536,no_fracture,g3495,train,none,3495,-1,,False,7a3f1c1f8e8f0223,leg,oblique,0,0,Annotations/YOLO/IMG0003536.txt,leg|no_fracture,False
fracatlas,fracatlas/FracAtlas,images/Non_fractured/IMG0003537.jpg,IMG0003537,no_fracture,g3496,train,none,3496,-1,,False,4467a6d1e2677233,hand,frontal,0,0,Annotations/YOLO/IMG0003537.txt,hand|no_fracture,False
fracatlas,fracatlas/FracAtlas,images/Non_fractured/IMG0003538.jpg,IMG0003538,no_fracture,g3225,dropped,none,3225,-1,duplicate_of:IMG0003259,False,ba65e69932653233,hand,lateral,0,0,Annotations/YOLO/IMG0003538.txt,hand|no_fracture,False
fracatlas,fracatlas/FracAtlas,images/Non_fractured/IMG0003539.jpg,IMG0003539,no_fracture,g3498,train,none,3498,-1,,False,249969c96c5979d9,leg,frontal,0,0,Annotations/YOLO/IMG0003539.txt,leg|no_fracture,False
fracatlas,fracatlas/FracAtlas,images/Non_fractured/IMG0003540.jpg,IMG0003540,no_fracture,g3499,train,none,3499,-1,,False,90024dd993aca9ff,leg,lateral,0,0,Annotations/YOLO/IMG0003540.txt,leg|no_fracture,False
fracatlas,fracatlas/FracAtlas,images/Non_fractured/IMG0003541.jpg,IMG0003541,no_fracture,g3500,train,none,3500,-1,,False,30bb90dbe433313b,leg,frontal,0,0,Annotations/YOLO/IMG0003541.txt,leg|no_fracture,False
fracatlas,fracatlas/FracAtlas,images/Non_fractured/IMG0003542.jpg,IMG0003542,no_fracture,g3501,train,none,3501,-1,,False,beb1b4a5246d68c9,leg,oblique,0,0,Annotations/YOLO/IMG0003542.txt,leg|no_fracture,False
fracatlas,fracatlas/FracAtlas,images/Non_fractured/IMG0003543.jpg,IMG0003543,no_fracture,g3502,val,none,3502,-1,,False,60739c67328fc663,leg,frontal,0,0,Annotations/YOLO/IMG0003543.txt,leg|no_fracture,False
fracatlas,fracatlas/FracAtlas,images/Non_fractured/IMG0003544.jpg,IMG0003544,no_fracture,g3503,test,none,3503,-1,,True,492592c9cc9f9b99,leg,lateral,0,0,Annotations/YOLO/IMG0003544.txt,leg|no_fracture,False
fracatlas,fracatlas/FracAtlas,images/Fractured/IMG0003545.jpg,IMG0003545,fracture,g3504,train,test,3504,-1,,False,649b196699676699,leg,frontal,0,1,Annotations/YOLO/IMG0003545.txt,leg|fracture,False
fracatlas,fracatlas/FracAtlas,images/Non_fractured/IMG0003546.jpg,IMG0003546,no_fracture,g3505,train,none,3505,-1,,False,e29d33c619639999,leg,lateral,0,0,Annotations/YOLO/IMG0003546.txt,leg|no_fracture,False
fracatlas,fracatlas/FracAtlas,images/Non_fractured/IMG0003547.jpg,IMG0003547,no_fracture,g3506,cal,none,3506,-1,,False,484e8888f37747bb,mixed,frontal,0,0,Annotations/YOLO/IMG0003547.txt,mixed|no_fracture,False
fracatlas,fracatlas/FracAtlas,images/Non_fractured/IMG0003548.jpg,IMG0003548,no_fracture,g3507,train,none,3507,-1,,False,887c38b159af1733,mixed,frontal,0,0,Annotations/YOLO/IMG0003548.txt,mixed|no_fracture,False
fracatlas,fracatlas/FracAtlas,images/Non_fractured/IMG0003549.jpg,IMG0003549,no_fracture,g3508,train,none,3508,-1,,False,cc33c8ce31cf9833,leg,frontal,0,0,Annotations/YOLO/IMG0003549.txt,leg|no_fracture,False
fracatlas,fracatlas/FracAtlas,images/Non_fractured/IMG0003550.jpg,IMG0003550,no_fracture,g3509,val,none,3509,-1,,False,8c39669c33379999,leg,lateral,0,0,Annotations/YOLO/IMG0003550.txt,leg|no_fracture,False
fracatlas,fracatlas/FracAtlas,images/Non_fractured/IMG0003551.jpg,IMG0003551,no_fracture,g3510,train,none,3510,-1,,False,6639b231e6753233,hand,frontal,0,0,Annotations/YOLO/IMG0003551.txt,hand|no_fracture,False
fracatlas,fracatlas/FracAtlas,images/Non_fractured/IMG0003552.jpg,IMG0003552,no_fracture,g3511,test,none,3511,-1,,True,74ab54ab76233255,hand,oblique,0,0,Annotations/YOLO/IMG0003552.txt,hand|no_fracture,False
fracatlas,fracatlas/FracAtlas,images/Non_fractured/IMG0003553.jpg,IMG0003553,no_fracture,g3512,test,none,3512,-1,,True,98999999999d9b15,hand,frontal,0,0,Annotations/YOLO/IMG0003553.txt,hand|no_fracture,False
fracatlas,fracatlas/FracAtlas,images/Non_fractured/IMG0003554.jpg,IMG0003554,no_fracture,g369,dropped,none,369,-1,duplicate_of:IMG0000371,False,45653599d9659999,hand,lateral,0,0,Annotations/YOLO/IMG0003554.txt,hand|no_fracture,False
fracatlas,fracatlas/FracAtlas,images/Non_fractured/IMG0003555.jpg,IMG0003555,no_fracture,g3514,cal,none,3514,-1,,False,6073c0e36707dc67,mixed,frontal,0,0,Annotations/YOLO/IMG0003555.txt,mixed|no_fracture,False
fracatlas,fracatlas/FracAtlas,images/Non_fractured/IMG0003556.jpg,IMG0003556,no_fracture,g3515,train,none,3515,-1,,False,73f1c06707ce8d07,mixed,frontal,0,0,Annotations/YOLO/IMG0003556.txt,mixed|no_fracture,False
fracatlas,fracatlas/FracAtlas,images/Non_fractured/IMG0003557.jpg,IMG0003557,no_fracture,g3516,train,none,3516,-1,,False,64bb718d4cc97199,leg,frontal,0,0,Annotations/YOLO/IMG0003557.txt,leg|no_fracture,False
fracatlas,fracatlas/FracAtlas,images/Non_fractured/IMG0003558.jpg,IMG0003558,no_fracture,g3517,train,none,3517,-1,,False,24675b990ccc49fb,leg,lateral,0,0,Annotations/YOLO/IMG0003558.txt,leg|no_fracture,False
fracatlas,fracatlas/FracAtlas,images/Non_fractured/IMG0003559.jpg,IMG0003559,no_fracture,g3518,train,none,3518,-1,,False,879c3973673c3113,leg,lateral,0,0,Annotations/YOLO/IMG0003559.txt,leg|no_fracture,False
fracatlas,fracatlas/FracAtlas,images/Non_fractured/IMG0003560.jpg,IMG0003560,no_fracture,g3519,train,none,3519,-1,,False,252d25694dcdd999,hand,frontal,0,0,Annotations/YOLO/IMG0003560.txt,hand|no_fracture,False
fracatlas,fracatlas/FracAtlas,images/Non_fractured/IMG0003561.jpg,IMG0003561,no_fracture,g3520,train,none,3520,-1,,False,318db5651d65cd19,hand,lateral,0,0,Annotations/YOLO/IMG0003561.txt,hand|no_fracture,False
fracatlas,fracatlas/FracAtlas,images/Non_fractured/IMG0003562.jpg,IMG0003562,no_fracture,g3521,train,none,3521,-1,,False,21396d6d4c4dd999,leg,frontal,0,0,Annotations/YOLO/IMG0003562.txt,leg|no_fracture,False
fracatlas,fracatlas/FracAtlas,images/Non_fractured/IMG0003563.jpg,IMG0003563,no_fracture,g3522,train,none,3522,-1,,False,5853d497b4258dd9,leg,oblique,0,0,Annotations/YOLO/IMG0003563.txt,leg|no_fracture,False
fracatlas,fracatlas/FracAtlas,images/Fractured/IMG0003564.jpg,IMG0003564,fracture,g3523,train,test,3523,-1,,False,6a99ead9ca99484d,hand,frontal,0,1,Annotations/YOLO/IMG0003564.txt,hand|fracture,False
fracatlas,fracatlas/FracAtlas,images/Fractured/IMG0003565.jpg,IMG0003565,fracture,g3524,cal,test,3524,-1,,False,7299f2659a259a99,hand,lateral,0,1,Annotations/YOLO/IMG0003565.txt,hand|fracture,False
fracatlas,fracatlas/FracAtlas,images/Non_fractured/IMG0003566.jpg,IMG0003566,no_fracture,g3525,train,none,3525,-1,,False,9591b1b1256dc9d9,leg,frontal,0,0,Annotations/YOLO/IMG0003566.txt,leg|no_fracture,False
fracatlas,fracatlas/FracAtlas,images/Non_fractured/IMG0003567.jpg,IMG0003567,no_fracture,g3526,train,none,3526,-1,,False,d96d27d9c9264949,leg,frontal,0,0,Annotations/YOLO/IMG0003567.txt,leg|no_fracture,False
fracatlas,fracatlas/FracAtlas,images/Non_fractured/IMG0003568.jpg,IMG0003568,no_fracture,g3527,val,none,3527,-1,,False,69b34967d9c91199,leg,lateral,0,0,Annotations/YOLO/IMG0003568.txt,leg|no_fracture,False
fracatlas,fracatlas/FracAtlas,images/Fractured/IMG0003569.jpg,IMG0003569,fracture,g3528,test,test,3528,-1,,True,197b68494ccf9999,leg,lateral,0,1,Annotations/YOLO/IMG0003569.txt,leg|fracture,False
fracatlas,fracatlas/FracAtlas,images/Non_fractured/IMG0003570.jpg,IMG0003570,no_fracture,g3529,train,none,3529,-1,,False,212e2aaeae5df229,mixed,frontal,0,0,Annotations/YOLO/IMG0003570.txt,mixed|no_fracture,False
fracatlas,fracatlas/FracAtlas,images/Non_fractured/IMG0003571.jpg,IMG0003571,no_fracture,g3530,train,none,3530,-1,,False,45d644d4b62d52dd,shoulder,frontal,0,0,Annotations/YOLO/IMG0003571.txt,shoulder|no_fracture,False
fracatlas,fracatlas/FracAtlas,images/Non_fractured/IMG0003572.jpg,IMG0003572,no_fracture,g3531,train,none,3531,-1,,False,52d391b525652db9,leg,oblique,0,0,Annotations/YOLO/IMG0003572.txt,leg|no_fracture,False
fracatlas,fracatlas/FracAtlas,images/Non_fractured/IMG0003573.jpg,IMG0003573,no_fracture,g3532,test,none,3532,-1,,True,ee638c6e0cd96629,mixed,frontal,0,0,Annotations/YOLO/IMG0003573.txt,mixed|no_fracture,False
fracatlas,fracatlas/FracAtlas,images/Non_fractured/IMG0003574.jpg,IMG0003574,no_fracture,g3533,train,none,3533,-1,,False,01014b5b5b7b3bd9,leg,frontal,0,0,Annotations/YOLO/IMG0003574.txt,leg|no_fracture,False
fracatlas,fracatlas/FracAtlas,images/Non_fractured/IMG0003575.jpg,IMG0003575,no_fracture,g3534,train,none,3534,-1,,False,6f4801333e6c49fb,leg,lateral,0,0,Annotations/YOLO/IMG0003575.txt,leg|no_fracture,False
fracatlas,fracatlas/FracAtlas,images/Non_fractured/IMG0003576.jpg,IMG0003576,no_fracture,g3535,train,none,3535,-1,,False,2d93493759c99999,leg,lateral,0,0,Annotations/YOLO/IMG0003576.txt,leg|no_fracture,False
fracatlas,fracatlas/FracAtlas,images/Non_fractured/IMG0003577.jpg,IMG0003577,no_fracture,g3536,train,none,3536,-1,,False,32c16235f3677331,hand,frontal,0,0,Annotations/YOLO/IMG0003577.txt,hand|no_fracture,False
fracatlas,fracatlas/FracAtlas,images/Non_fractured/IMG0003578.jpg,IMG0003578,no_fracture,g3537,train,none,3537,-1,,False,f5b531cc31993133,hand,lateral,0,0,Annotations/YOLO/IMG0003578.txt,hand|no_fracture,False
fracatlas,fracatlas/FracAtlas,images/Non_fractured/IMG0003579.jpg,IMG0003579,no_fracture,g3519,dropped,none,3519,-1,duplicate_of:IMG0003560,False,25256549cdcdd999,hand,frontal,0,0,Annotations/YOLO/IMG0003579.txt,hand|no_fracture,False
fracatlas,fracatlas/FracAtlas,images/Non_fractured/IMG0003580.jpg,IMG0003580,no_fracture,g3539,train,none,3539,-1,,False,4b4f0f0b4bc99999,hand,oblique,0,0,Annotations/YOLO/IMG0003580.txt,hand|no_fracture,False
fracatlas,fracatlas/FracAtlas,images/Non_fractured/IMG0003581.jpg,IMG0003581,no_fracture,g3540,train,none,3540,-1,,False,0ca3939bd3fc2193,hip,frontal,0,0,Annotations/YOLO/IMG0003581.txt,hip|no_fracture,False
fracatlas,fracatlas/FracAtlas,images/Non_fractured/IMG0003582.jpg,IMG0003582,no_fracture,g3541,train,none,3541,-1,,False,993366c999264dd9,leg,frontal,0,0,Annotations/YOLO/IMG0003582.txt,leg|no_fracture,False
fracatlas,fracatlas/FracAtlas,images/Non_fractured/IMG0003583.jpg,IMG0003583,no_fracture,g3542,cal,none,3542,-1,,False,5ba5965b29863339,leg,lateral,0,0,Annotations/YOLO/IMG0003583.txt,leg|no_fracture,False
fracatlas,fracatlas/FracAtlas,images/Non_fractured/IMG0003584.jpg,IMG0003584,no_fracture,g3543,train,none,3543,-1,,False,63c31c61639cc7e3,leg,frontal,0,0,Annotations/YOLO/IMG0003584.txt,leg|no_fracture,False
fracatlas,fracatlas/FracAtlas,images/Non_fractured/IMG0003585.jpg,IMG0003585,no_fracture,g3544,test,none,3544,-1,,True,f007ecf3c3643133,leg,lateral,0,0,Annotations/YOLO/IMG0003585.txt,leg|no_fracture,False
fracatlas,fracatlas/FracAtlas,images/Fractured/IMG0003586.jpg,IMG0003586,fracture,g3545,train,test,3545,-1,,False,ceed323932319a99,hand,frontal,0,2,Annotations/YOLO/IMG0003586.txt,hand|fracture,False
fracatlas,fracatlas/FracAtlas,images/Fractured/IMG0003587.jpg,IMG0003587,fracture,g3546,train,test,3546,-1,,False,ce8dc631b2e57231,hand,lateral,0,1,Annotations/YOLO/IMG0003587.txt,hand|fracture,False
fracatlas,fracatlas/FracAtlas,images/Fractured/IMG0003588.jpg,IMG0003588,fracture,g3547,train,test,3547,-1,,False,d82f906d92d93699,leg,frontal,0,1,Annotations/YOLO/IMG0003588.txt,leg|fracture,False
fracatlas,fracatlas/FracAtlas,images/Fractured/IMG0003589.jpg,IMG0003589,fracture,g3548,train,test,3548,-1,,False,e09f70c778633893,leg,lateral,0,1,Annotations/YOLO/IMG0003589.txt,leg|fracture,False
fracatlas,fracatlas/FracAtlas,images/Non_fractured/IMG0003590.jpg,IMG0003590,no_fracture,g3549,cal,none,3549,-1,,False,9a2d26696e6d48d9,hand,frontal,0,0,Annotations/YOLO/IMG0003590.txt,hand|no_fracture,False
fracatlas,fracatlas/FracAtlas,images/Non_fractured/IMG0003591.jpg,IMG0003591,no_fracture,g3550,train,none,3550,-1,,False,be3e3561a705a361,leg,frontal,0,0,Annotations/YOLO/IMG0003591.txt,leg|no_fracture,False
fracatlas,fracatlas/FracAtlas,images/Non_fractured/IMG0003592.jpg,IMG0003592,no_fracture,g3551,test,none,3551,-1,,True,cacd9a394a49d8d9,hand,frontal,0,0,Annotations/YOLO/IMG0003592.txt,hand|no_fracture,False
fracatlas,fracatlas/FracAtlas,images/Non_fractured/IMG0003593.jpg,IMG0003593,no_fracture,g3552,train,none,3552,-1,,False,9299e6199a65da99,hand,lateral,0,0,Annotations/YOLO/IMG0003593.txt,hand|no_fracture,False
fracatlas,fracatlas/FracAtlas,images/Non_fractured/IMG0003594.jpg,IMG0003594,no_fracture,g3553,test,none,3553,-1,,True,ea4d6a99c8ad9299,hand,lateral,0,0,Annotations/YOLO/IMG0003594.txt,hand|no_fracture,False
fracatlas,fracatlas/FracAtlas,images/Non_fractured/IMG0003595.jpg,IMG0003595,no_fracture,g3554,train,none,3554,-1,,False,be0f0b49f06c296d,hand,lateral,0,0,Annotations/YOLO/IMG0003595.txt,hand|no_fracture,False
fracatlas,fracatlas/FracAtlas,images/Non_fractured/IMG0003596.jpg,IMG0003596,no_fracture,g3555,train,none,3555,-1,,False,6d2c2949e9c9c95d,hand,frontal,0,0,Annotations/YOLO/IMG0003596.txt,hand|no_fracture,False
fracatlas,fracatlas/FracAtlas,images/Non_fractured/IMG0003597.jpg,IMG0003597,no_fracture,g3556,cal,none,3556,-1,,False,4859594dc9d999d5,hand,frontal,0,0,Annotations/YOLO/IMG0003597.txt,hand|no_fracture,False
fracatlas,fracatlas/FracAtlas,images/Non_fractured/IMG0003598.jpg,IMG0003598,no_fracture,g3557,train,none,3557,-1,,False,871e78e3473c3133,leg,lateral,0,0,Annotations/YOLO/IMG0003598.txt,leg|no_fracture,False
fracatlas,fracatlas/FracAtlas,images/Non_fractured/IMG0003599.jpg,IMG0003599,no_fracture,g3558,test,none,3558,-1,,True,b2a1b6a58c5cb2ad,mixed,frontal,0,0,Annotations/YOLO/IMG0003599.txt,mixed|no_fracture,False
fracatlas,fracatlas/FracAtlas,images/Non_fractured/IMG0003600.jpg,IMG0003600,no_fracture,g3559,cal,none,3559,-1,,False,b75bc9c02757c483,mixed,frontal,0,0,Annotations/YOLO/IMG0003600.txt,mixed|no_fracture,False
fracatlas,fracatlas/FracAtlas,images/Non_fractured/IMG0003601.jpg,IMG0003601,no_fracture,g3560,train,none,3560,-1,,False,49c9cb491c8dcbcb,leg,frontal,0,0,Annotations/YOLO/IMG0003601.txt,leg|no_fracture,False
fracatlas,fracatlas/FracAtlas,images/Non_fractured/IMG0003602.jpg,IMG0003602,no_fracture,g3561,cal,none,3561,-1,,False,e10606e1399ee7e3,leg,frontal,0,0,Annotations/YOLO/IMG0003602.txt,leg|no_fracture,False
fracatlas,fracatlas/FracAtlas,images/Non_fractured/IMG0003603.jpg,IMG0003603,no_fracture,g3562,val,none,3562,-1,,False,6313b46933b499d9,leg,lateral,0,0,Annotations/YOLO/IMG0003603.txt,leg|no_fracture,False
fracatlas,fracatlas/FracAtlas,images/Non_fractured/IMG0003604.jpg,IMG0003604,no_fracture,g3563,train,none,3563,-1,,False,70cf726376631a31,hand,frontal,0,0,Annotations/YOLO/IMG0003604.txt,hand|no_fracture,False
fracatlas,fracatlas/FracAtlas,images/Non_fractured/IMG0003605.jpg,IMG0003605,no_fracture,g3564,train,none,3564,-1,,False,d5b1310a8ec7e355,hand,lateral,0,0,Annotations/YOLO/IMG0003605.txt,hand|no_fracture,False
fracatlas,fracatlas/FracAtlas,images/Non_fractured/IMG0003606.jpg,IMG0003606,no_fracture,g3565,train,none,3565,-1,,False,64a7996699cf6033,leg,frontal,0,0,Annotations/YOLO/IMG0003606.txt,leg|no_fracture,False
fracatlas,fracatlas/FracAtlas,images/Non_fractured/IMG0003607.jpg,IMG0003607,no_fracture,g3566,train,none,3566,-1,,False,8639c71c73c33933,leg,lateral,0,0,Annotations/YOLO/IMG0003607.txt,leg|no_fracture,False
fracatlas,fracatlas/FracAtlas,images/Non_fractured/IMG0003608.jpg,IMG0003608,no_fracture,g3567,test,none,3567,-1,,True,dae16e7126659a31,hand,frontal,0,0,Annotations/YOLO/IMG0003608.txt,hand|no_fracture,False
fracatlas,fracatlas/FracAtlas,images/Non_fractured/IMG0003609.jpg,IMG0003609,no_fracture,g3568,train,none,3568,-1,,False,09e572393d66e255,hand,lateral,0,0,Annotations/YOLO/IMG0003609.txt,hand|no_fracture,False
fracatlas,fracatlas/FracAtlas,images/Non_fractured/IMG0003610.jpg,IMG0003610,no_fracture,g3569,train,none,3569,-1,,False,158585c7c5e76333,hand,frontal,0,0,Annotations/YOLO/IMG0003610.txt,hand|no_fracture,False
fracatlas,fracatlas/FracAtlas,images/Non_fractured/IMG0003611.jpg,IMG0003611,no_fracture,g3570,train,none,3570,-1,,False,f2d4d5390a86c3c7,hand,lateral,0,0,Annotations/YOLO/IMG0003611.txt,hand|no_fracture,False
fracatlas,fracatlas/FracAtlas,images/Non_fractured/IMG0003612.jpg,IMG0003612,no_fracture,g3571,test,none,3571,-1,,True,64df609968d97199,leg,frontal,0,0,Annotations/YOLO/IMG0003612.txt,leg|no_fracture,False
fracatlas,fracatlas/FracAtlas,images/Non_fractured/IMG0003613.jpg,IMG0003613,no_fracture,g3572,train,none,3572,-1,,False,4fd00779139e6969,leg,lateral,0,0,Annotations/YOLO/IMG0003613.txt,leg|no_fracture,False
fracatlas,fracatlas/FracAtlas,images/Non_fractured/IMG0003614.jpg,IMG0003614,no_fracture,g3573,train,none,3573,-1,,False,2c656c6d4ccd1973,hand,frontal,0,0,Annotations/YOLO/IMG0003614.txt,hand|no_fracture,False
fracatlas,fracatlas/FracAtlas,images/Non_fractured/IMG0003615.jpg,IMG0003615,no_fracture,g3574,train,none,3574,-1,,False,489b93434cc9d9db,hand,lateral,0,0,Annotations/YOLO/IMG0003615.txt,hand|no_fracture,False
fracatlas,fracatlas/FracAtlas,images/Non_fractured/IMG0003616.jpg,IMG0003616,no_fracture,g3575,train,none,3575,-1,,False,463965b6e50c36d5,shoulder,frontal,0,0,Annotations/YOLO/IMG0003616.txt,shoulder|no_fracture,False
fracatlas,fracatlas/FracAtlas,images/Non_fractured/IMG0003617.jpg,IMG0003617,no_fracture,g3576,test,none,3576,-1,,True,ccb96ccc99663331,leg,frontal,0,0,Annotations/YOLO/IMG0003617.txt,leg|no_fracture,False
fracatlas,fracatlas/FracAtlas,images/Non_fractured/IMG0003618.jpg,IMG0003618,no_fracture,g3577,train,none,3577,-1,,False,1c71c73c73473913,leg,lateral,0,0,Annotations/YOLO/IMG0003618.txt,leg|no_fracture,False
fracatlas,fracatlas/FracAtlas,images/Fractured/IMG0003619.jpg,IMG0003619,fracture,g3578,train,test,3578,-1,,False,cec982cdca999a33,hand,frontal,0,1,Annotations/YOLO/IMG0003619.txt,hand|fracture,False
fracatlas,fracatlas/FracAtlas,images/Fractured/IMG0003620.jpg,IMG0003620,fracture,g3579,cal,test,3579,-1,,False,851fe701311d1de7,hand,lateral,0,1,Annotations/YOLO/IMG0003620.txt,hand|fracture,False
fracatlas,fracatlas/FracAtlas,images/Non_fractured/IMG0003621.jpg,IMG0003621,no_fracture,g3580,val,none,3580,-1,,False,687bc8cbc89b3133,leg,frontal,0,0,Annotations/YOLO/IMG0003621.txt,leg|no_fracture,False
fracatlas,fracatlas/FracAtlas,images/Non_fractured/IMG0003622.jpg,IMG0003622,no_fracture,g3581,train,none,3581,-1,,False,9497b4b5246dc999,leg,oblique,0,0,Annotations/YOLO/IMG0003622.txt,leg|no_fracture,False
fracatlas,fracatlas/FracAtlas,images/Non_fractured/IMG0003623.jpg,IMG0003623,no_fracture,g3582,train,none,3582,-1,,False,726d6a4dcc4d1a99,hand,frontal,0,0,Annotations/YOLO/IMG0003623.txt,hand|no_fracture,False
fracatlas,fracatlas/FracAtlas,images/Non_fractured/IMG0003624.jpg,IMG0003624,no_fracture,g3583,cal,none,3583,-1,,False,44ecfb5b246c6949,hand,lateral,0,0,Annotations/YOLO/IMG0003624.txt,hand|no_fracture,False
fracatlas,fracatlas/FracAtlas,images/Fractured/IMG0003625.jpg,IMG0003625,fracture,g3584,train,test,3584,-1,,False,068b83c3e7673333,leg,oblique,0,1,Annotations/YOLO/IMG0003625.txt,leg|fracture,False
fracatlas,fracatlas/FracAtlas,images/Fractured/IMG0003626.jpg,IMG0003626,fracture,g3585,train,test,3585,-1,,False,38391c1f8fc78713,leg,oblique,0,1,Annotations/YOLO/IMG0003626.txt,leg|fracture,False
fracatlas,fracatlas/FracAtlas,images/Non_fractured/IMG0003627.jpg,IMG0003627,no_fracture,g3586,train,none,3586,-1,,False,969b983b9433d839,mixed,frontal,0,0,Annotations/YOLO/IMG0003627.txt,mixed|no_fracture,False
fracatlas,fracatlas/FracAtlas,images/Fractured/IMG0003628.jpg,IMG0003628,fracture,g3587,val,test,3587,-1,,False,130b2b2f2f2d2d2d,hand,lateral,0,1,Annotations/YOLO/IMG0003628.txt,hand|fracture,False
fracatlas,fracatlas/FracAtlas,images/Non_fractured/IMG0003629.jpg,IMG0003629,no_fracture,g3588,test,none,3588,-1,,True,666dce296c6d4859,hand,frontal,0,0,Annotations/YOLO/IMG0003629.txt,hand|no_fracture,False
fracatlas,fracatlas/FracAtlas,images/Non_fractured/IMG0003630.jpg,IMG0003630,no_fracture,g3169,dropped,none,3169,-1,duplicate_of:IMG0003203,False,ce496a51cacd9a99,hand,oblique,0,0,Annotations/YOLO/IMG0003630.txt,hand|no_fracture,False
fracatlas,fracatlas/FracAtlas,images/Non_fractured/IMG0003631.jpg,IMG0003631,no_fracture,g3590,train,none,3590,-1,,False,63614dcdcc8d9933,leg,oblique,0,0,Annotations/YOLO/IMG0003631.txt,leg|no_fracture,False
fracatlas,fracatlas/FracAtlas,images/Non_fractured/IMG0003632.jpg,IMG0003632,no_fracture,g3591,cal,none,3591,-1,,False,31333193cdcd3333,leg,frontal,0,0,Annotations/YOLO/IMG0003632.txt,leg|no_fracture,False
fracatlas,fracatlas/FracAtlas,images/Non_fractured/IMG0003633.jpg,IMG0003633,no_fracture,g3592,val,none,3592,-1,,False,66cd167948c9d8d9,hand,frontal,0,0,Annotations/YOLO/IMG0003633.txt,hand|no_fracture,False
fracatlas,fracatlas/FracAtlas,images/Non_fractured/IMG0003634.jpg,IMG0003634,no_fracture,g1815,dropped,none,1815,-1,duplicate_of:IMG0001837,False,6e8dba296c6d4859,hand,oblique,0,0,Annotations/YOLO/IMG0003634.txt,hand|no_fracture,False
fracatlas,fracatlas/FracAtlas,images/Non_fractured/IMG0003635.jpg,IMG0003635,no_fracture,g2880,dropped,none,2880,-1,duplicate_of:IMG0002914,False,63398c63338ce373,leg,frontal,0,0,Annotations/YOLO/IMG0003635.txt,leg|no_fracture,False
fracatlas,fracatlas/FracAtlas,images/Non_fractured/IMG0003636.jpg,IMG0003636,no_fracture,g3595,train,none,3595,-1,,False,c70e70e3877c3133,leg,lateral,0,0,Annotations/YOLO/IMG0003636.txt,leg|no_fracture,False
fracatlas,fracatlas/FracAtlas,images/Non_fractured/IMG0003637.jpg,IMG0003637,no_fracture,g3596,train,none,3596,-1,,False,d25249d749592d6d,hand,frontal,0,0,Annotations/YOLO/IMG0003637.txt,hand|no_fracture,False
fracatlas,fracatlas/FracAtlas,images/Non_fractured/IMG0003638.jpg,IMG0003638,no_fracture,g3597,train,none,3597,-1,,False,b999cbce66333111,hand,lateral,0,0,Annotations/YOLO/IMG0003638.txt,hand|no_fracture,False
fracatlas,fracatlas/FracAtlas,images/Non_fractured/IMG0003639.jpg,IMG0003639,no_fracture,g3598,train,none,3598,-1,,False,7e03f07f86313037,hand,frontal,0,0,Annotations/YOLO/IMG0003639.txt,hand|no_fracture,False
fracatlas,fracatlas/FracAtlas,images/Non_fractured/IMG0003640.jpg,IMG0003640,no_fracture,g2652,dropped,none,2652,-1,duplicate_of:IMG0002685,False,d979d94949394999,leg,frontal,0,0,Annotations/YOLO/IMG0003640.txt,leg|no_fracture,False
fracatlas,fracatlas/FracAtlas,images/Non_fractured/IMG0003641.jpg,IMG0003641,no_fracture,g3600,train,none,3600,-1,,False,d34140d3f330d9db,leg,lateral,0,0,Annotations/YOLO/IMG0003641.txt,leg|no_fracture,False
fracatlas,fracatlas/FracAtlas,images/Non_fractured/IMG0003642.jpg,IMG0003642,no_fracture,g3601,train,none,3601,-1,,False,13d9c9c9cc333333,leg,frontal,0,0,Annotations/YOLO/IMG0003642.txt,leg|no_fracture,False
fracatlas,fracatlas/FracAtlas,images/Non_fractured/IMG0003643.jpg,IMG0003643,no_fracture,g3602,train,none,3602,-1,,False,6635f27962733231,hand,frontal,0,0,Annotations/YOLO/IMG0003643.txt,hand|no_fracture,False
fracatlas,fracatlas/FracAtlas,images/Non_fractured/IMG0003644.jpg,IMG0003644,no_fracture,g3603,train,none,3603,-1,,False,66b592d966673231,hand,oblique,0,0,Annotations/YOLO/IMG0003644.txt,hand|no_fracture,False
fracatlas,fracatlas/FracAtlas,images/Non_fractured/IMG0003645.jpg,IMG0003645,no_fracture,g3604,train,none,3604,-1,,False,662d923946d99a9d,hand,frontal,0,0,Annotations/YOLO/IMG0003645.txt,hand|no_fracture,False
fracatlas,fracatlas/FracAtlas,images/Non_fractured/IMG0003646.jpg,IMG0003646,no_fracture,g3605,cal,none,3605,-1,,False,32cd32333e63989b,hand,frontal,0,0,Annotations/YOLO/IMG0003646.txt,hand|no_fracture,False
fracatlas,fracatlas/FracAtlas,images/Non_fractured/IMG0003647.jpg,IMG0003647,no_fracture,g3606,train,none,3606,-1,,False,a6715119aee2e371,hand,lateral,0,0,Annotations/YOLO/IMG0003647.txt,hand|no_fracture,False
fracatlas,fracatlas/FracAtlas,images/Non_fractured/IMG0003648.jpg,IMG0003648,no_fracture,g3607,train,none,3607,-1,,False,409bd973739b1133,leg,frontal,0,0,Annotations/YOLO/IMG0003648.txt,leg|no_fracture,False
fracatlas,fracatlas/FracAtlas,images/Non_fractured/IMG0003649.jpg,IMG0003649,no_fracture,g3608,val,none,3608,-1,,False,8d99313a3e73a351,leg,lateral,0,0,Annotations/YOLO/IMG0003649.txt,leg|no_fracture,False
fracatlas,fracatlas/FracAtlas,images/Non_fractured/IMG0003650.jpg,IMG0003650,no_fracture,g3609,val,none,3609,-1,,False,09c01b71079db1ff,leg,lateral,0,0,Annotations/YOLO/IMG0003650.txt,leg|no_fracture,False
fracatlas,fracatlas/FracAtlas,images/Non_fractured/IMG0003651.jpg,IMG0003651,no_fracture,g3610,train,none,3610,-1,,False,c8cbc8bf246f4949,leg,frontal,0,0,Annotations/YOLO/IMG0003651.txt,leg|no_fracture,False
fracatlas,fracatlas/FracAtlas,images/Non_fractured/IMG0003652.jpg,IMG0003652,no_fracture,g3611,train,none,3611,-1,,False,c8c7e0676633319b,leg,oblique,0,0,Annotations/YOLO/IMG0003652.txt,leg|no_fracture,False
fracatlas,fracatlas/FracAtlas,images/Fractured/IMG0003653.jpg,IMG0003653,fracture,g3612,test,test,3612,-1,,True,c21dc6c54c4d7373,hand,frontal,0,1,Annotations/YOLO/IMG0003653.txt,hand|fracture,False
fracatlas,fracatlas/FracAtlas,images/Fractured/IMG0003654.jpg,IMG0003654,fracture,g3613,train,test,3613,-1,,False,ea916275ba4d3233,hand,lateral,0,1,Annotations/YOLO/IMG0003654.txt,hand|fracture,False
fracatlas,fracatlas/FracAtlas,images/Non_fractured/IMG0003655.jpg,IMG0003655,no_fracture,g3614,train,none,3614,-1,,False,723532b972673233,hand,frontal,0,0,Annotations/YOLO/IMG0003655.txt,hand|no_fracture,False
fracatlas,fracatlas/FracAtlas,images/Non_fractured/IMG0003656.jpg,IMG0003656,no_fracture,g3615,val,none,3615,-1,,False,3291dacd66673233,hand,oblique,0,0,Annotations/YOLO/IMG0003656.txt,hand|no_fracture,False
fracatlas,fracatlas/FracAtlas,images/Non_fractured/IMG0003657.jpg,IMG0003657,no_fracture,g3616,test,none,3616,-1,,True,5aa9565b49c99999,leg,lateral,0,0,Annotations/YOLO/IMG0003657.txt,leg|no_fracture,False
fracatlas,fracatlas/FracAtlas,images/Non_fractured/IMG0003658.jpg,IMG0003658,no_fracture,g3617,test,none,3617,-1,,True,71c3077183c37373,leg,lateral,0,0,Annotations/YOLO/IMG0003658.txt,leg|no_fracture,False
fracatlas,fracatlas/FracAtlas,images/Non_fractured/IMG0003659.jpg,IMG0003659,no_fracture,g3618,cal,none,3618,-1,,False,70697c59591d1c5b,shoulder,frontal,0,0,Annotations/YOLO/IMG0003659.txt,shoulder|no_fracture,False
fracatlas,fracatlas/FracAtlas,images/Non_fractured/IMG0003660.jpg,IMG0003660,no_fracture,g3619,train,none,3619,-1,,False,2ed95659456d24ad,mixed,frontal,0,0,Annotations/YOLO/IMG0003660.txt,mixed|no_fracture,False
fracatlas,fracatlas/FracAtlas,images/Non_fractured/IMG0003661.jpg,IMG0003661,no_fracture,g3620,test,none,3620,-1,,True,daf1a042213bdbd5,mixed,frontal,0,0,Annotations/YOLO/IMG0003661.txt,mixed|no_fracture,False
fracatlas,fracatlas/FracAtlas,images/Non_fractured/IMG0003662.jpg,IMG0003662,no_fracture,g3621,test,none,3621,-1,,True,6ec9c8696e6d484d,hand,frontal,0,0,Annotations/YOLO/IMG0003662.txt,hand|no_fracture,False
fracatlas,fracatlas/FracAtlas,images/Non_fractured/IMG0003663.jpg,IMG0003663,no_fracture,g3622,train,none,3622,-1,,False,c8d998496ec9d8d9,hand,frontal,0,0,Annotations/YOLO/IMG0003663.txt,hand|no_fracture,False
fracatlas,fracatlas/FracAtlas,images/Non_fractured/IMG0003664.jpg,IMG0003664,no_fracture,g3623,train,none,3623,-1,,False,c7fcb813433c3913,leg,lateral,0,0,Annotations/YOLO/IMG0003664.txt,leg|no_fracture,False
fracatlas,fracatlas/FracAtlas,images/Non_fractured/IMG0003665.jpg,IMG0003665,no_fracture,g3624,train,none,3624,-1,,False,489bd8dbc8d93133,leg,frontal,0,0,Annotations/YOLO/IMG0003665.txt,leg|no_fracture,False
fracatlas,fracatlas/FracAtlas,images/Non_fractured/IMG0003666.jpg,IMG0003666,no_fracture,g3625,train,none,3625,-1,,False,5ad394b734256d89,leg,oblique,0,0,Annotations/YOLO/IMG0003666.txt,leg|no_fracture,False
fracatlas,fracatlas/FracAtlas,images/Non_fractured/IMG0003667.jpg,IMG0003667,no_fracture,g3626,cal,none,3626,-1,,False,4603a9e8f4b4adad,hand,lateral,0,0,Annotations/YOLO/IMG0003667.txt,hand|no_fracture,False
fracatlas,fracatlas/FracAtlas,images/Non_fractured/IMG0003668.jpg,IMG0003668,no_fracture,g3627,test,none,3627,-1,,True,bab5a62d666d8849,hand,frontal,0,0,Annotations/YOLO/IMG0003668.txt,hand|no_fracture,False
fracatlas,fracatlas/FracAtlas,images/Non_fractured/IMG0003669.jpg,IMG0003669,no_fracture,g3628,train,none,3628,-1,,False,333199d9ce31331b,leg,frontal,0,0,Annotations/YOLO/IMG0003669.txt,leg|no_fracture,False
fracatlas,fracatlas/FracAtlas,images/Non_fractured/IMG0003670.jpg,IMG0003670,no_fracture,g3629,val,none,3629,-1,,False,099b8b87c6c76333,leg,oblique,0,0,Annotations/YOLO/IMG0003670.txt,leg|no_fracture,False
fracatlas,fracatlas/FracAtlas,images/Fractured/IMG0003671.jpg,IMG0003671,fracture,g3630,train,test,3630,-1,,False,74c71d39b3272703,mixed,frontal,0,1,Annotations/YOLO/IMG0003671.txt,mixed|fracture,False
fracatlas,fracatlas/FracAtlas,images/Non_fractured/IMG0003672.jpg,IMG0003672,no_fracture,g3631,train,none,3631,-1,,False,a9eae2465939c971,mixed,frontal,0,0,Annotations/YOLO/IMG0003672.txt,mixed|no_fracture,False
fracatlas,fracatlas/FracAtlas,images/Non_fractured/IMG0003673.jpg,IMG0003673,no_fracture,g3632,test,none,3632,-1,,True,ddad5213286e8d71,mixed,frontal,0,0,Annotations/YOLO/IMG0003673.txt,mixed|no_fracture,False
fracatlas,fracatlas/FracAtlas,images/Non_fractured/IMG0003674.jpg,IMG0003674,no_fracture,g1005,dropped,none,1005,-1,duplicate_of:IMG0001016,False,3133736366333333,leg,frontal,0,0,Annotations/YOLO/IMG0003674.txt,leg|no_fracture,False
fracatlas,fracatlas/FracAtlas,images/Non_fractured/IMG0003675.jpg,IMG0003675,no_fracture,g321,dropped,none,321,-1,duplicate_of:IMG0000322,False,331b0f0f8e87c363,leg,oblique,0,0,Annotations/YOLO/IMG0003675.txt,leg|no_fracture,False
fracatlas,fracatlas/FracAtlas,images/Non_fractured/IMG0003676.jpg,IMG0003676,no_fracture,g3635,train,none,3635,-1,,False,256949a6a54de6ad,mixed,frontal,0,0,Annotations/YOLO/IMG0003676.txt,mixed|no_fracture,False
fracatlas,fracatlas/FracAtlas,images/Non_fractured/IMG0003677.jpg,IMG0003677,no_fracture,g3636,train,none,3636,-1,,False,7299663d32717233,hand,frontal,0,0,Annotations/YOLO/IMG0003677.txt,hand|no_fracture,False
fracatlas,fracatlas/FracAtlas,images/Non_fractured/IMG0003678.jpg,IMG0003678,no_fracture,g3637,train,none,3637,-1,,False,9a31e69d32cd3233,hand,lateral,0,0,Annotations/YOLO/IMG0003678.txt,hand|no_fracture,False
fracatlas,fracatlas/FracAtlas,images/Non_fractured/IMG0003679.jpg,IMG0003679,no_fracture,g3638,test,none,3638,-1,,True,616781c3e3637333,hand,frontal,0,0,Annotations/YOLO/IMG0003679.txt,hand|no_fracture,False
fracatlas,fracatlas/FracAtlas,images/Non_fractured/IMG0003680.jpg,IMG0003680,no_fracture,g3639,train,none,3639,-1,,False,6166e4db61633333,hand,oblique,0,0,Annotations/YOLO/IMG0003680.txt,hand|no_fracture,False
fracatlas,fracatlas/FracAtlas,images/Non_fractured/IMG0003681.jpg,IMG0003681,no_fracture,g3640,train,none,3640,-1,,False,449b70ef90e76433,leg,frontal,0,0,Annotations/YOLO/IMG0003681.txt,leg|no_fracture,False
fracatlas,fracatlas/FracAtlas,images/Non_fractured/IMG0003682.jpg,IMG0003682,no_fracture,g3641,train,none,3641,-1,,False,8c39679c33671993,leg,lateral,0,0,Annotations/YOLO/IMG0003682.txt,leg|no_fracture,False
fracatlas,fracatlas/FracAtlas,images/Non_fractured/IMG0003683.jpg,IMG0003683,no_fracture,g3642,test,none,3642,-1,,True,4c379966994dcc99,leg,frontal,0,0,Annotations/YOLO/IMG0003683.txt,leg|no_fracture,False
fracatlas,fracatlas/FracAtlas,images/Non_fractured/IMG0003684.jpg,IMG0003684,no_fracture,g3643,train,none,3643,-1,,False,4d36d924f3c99239,leg,lateral,0,0,Annotations/YOLO/IMG0003684.txt,leg|no_fracture,False
fracatlas,fracatlas/FracAtlas,images/Fractured/IMG0003685.jpg,IMG0003685,fracture,g3644,train,test,3644,-1,,False,4d334d19cd33c999,leg,frontal,0,1,Annotations/YOLO/IMG0003685.txt,leg|fracture,False
fracatlas,fracatlas/FracAtlas,images/Fractured/IMG0003686.jpg,IMG0003686,fracture,g3645,train,test,3645,-1,,False,926d92e996c99a99,leg,lateral,0,1,Annotations/YOLO/IMG0003686.txt,leg|fracture,False
fracatlas,fracatlas/FracAtlas,images/Non_fractured/IMG0003687.jpg,IMG0003687,no_fracture,g3646,train,none,3646,-1,,False,51515159d9d1f333,leg,frontal,0,0,Annotations/YOLO/IMG0003687.txt,leg|no_fracture,False
fracatlas,fracatlas/FracAtlas,images/Non_fractured/IMG0003688.jpg,IMG0003688,no_fracture,g3647,train,none,3647,-1,,False,005f9023b7f819fb,leg,lateral,0,0,Annotations/YOLO/IMG0003688.txt,leg|no_fracture,False
fracatlas,fracatlas/FracAtlas,images/Non_fractured/IMG0003689.jpg,IMG0003689,no_fracture,g3648,train,none,3648,-1,,False,b2f36396a46c3295,mixed,frontal,0,0,Annotations/YOLO/IMG0003689.txt,mixed|no_fracture,False
fracatlas,fracatlas/FracAtlas,images/Non_fractured/IMG0003690.jpg,IMG0003690,no_fracture,g3649,test,none,3649,-1,,True,7053275ed6a5924d,shoulder,frontal,0,0,Annotations/YOLO/IMG0003690.txt,shoulder|no_fracture,False
fracatlas,fracatlas/FracAtlas,images/Non_fractured/IMG0003691.jpg,IMG0003691,no_fracture,g3650,train,none,3650,-1,,False,23b3339133c33373,leg,frontal,0,0,Annotations/YOLO/IMG0003691.txt,leg|no_fracture,False
fracatlas,fracatlas/FracAtlas,images/Non_fractured/IMG0003692.jpg,IMG0003692,no_fracture,g3651,val,none,3651,-1,,False,25e753119091dbdb,leg,lateral,0,0,Annotations/YOLO/IMG0003692.txt,leg|no_fracture,False
fracatlas,fracatlas/FracAtlas,images/Non_fractured/IMG0003693.jpg,IMG0003693,no_fracture,g3652,test,none,3652,-1,,True,9389c7c9cd313333,leg,frontal,0,0,Annotations/YOLO/IMG0003693.txt,leg|no_fracture,False
fracatlas,fracatlas/FracAtlas,images/Non_fractured/IMG0003694.jpg,IMG0003694,no_fracture,g3653,train,none,3653,-1,,False,bfa6a725246d4949,leg,oblique,0,0,Annotations/YOLO/IMG0003694.txt,leg|no_fracture,False
fracatlas,fracatlas/FracAtlas,images/Non_fractured/IMG0003695.jpg,IMG0003695,no_fracture,g3654,test,none,3654,-1,,True,1991b3939391d9d9,leg,frontal,0,0,Annotations/YOLO/IMG0003695.txt,leg|no_fracture,False
fracatlas,fracatlas/FracAtlas,images/Non_fractured/IMG0003696.jpg,IMG0003696,no_fracture,g3655,train,none,3655,-1,,False,191d0d0fc7c7c333,leg,oblique,0,0,Annotations/YOLO/IMG0003696.txt,leg|no_fracture,False
fracatlas,fracatlas/FracAtlas,images/Non_fractured/IMG0003697.jpg,IMG0003697,no_fracture,g1011,dropped,none,1011,-1,duplicate_of:IMG0001022,False,11b3199999f39333,leg,frontal,0,0,Annotations/YOLO/IMG0003697.txt,leg|no_fracture,False
fracatlas,fracatlas/FracAtlas,images/Non_fractured/IMG0003698.jpg,IMG0003698,no_fracture,g3657,train,none,3657,-1,,False,20f0d393b099d9db,leg,lateral,0,0,Annotations/YOLO/IMG0003698.txt,leg|no_fracture,False
fracatlas,fracatlas/FracAtlas,images/Non_fractured/IMG0003699.jpg,IMG0003699,no_fracture,g3658,train,none,3658,-1,,False,a6c89919c9cf9999,hand,frontal,0,0,Annotations/YOLO/IMG0003699.txt,hand|no_fracture,False
fracatlas,fracatlas/FracAtlas,images/Non_fractured/IMG0003700.jpg,IMG0003700,no_fracture,g3659,train,none,3659,-1,,False,698899196c67d9d9,hand,frontal,0,0,Annotations/YOLO/IMG0003700.txt,hand|no_fracture,False
fracatlas,fracatlas/FracAtlas,images/Non_fractured/IMG0003701.jpg,IMG0003701,no_fracture,g3660,train,none,3660,-1,,False,40d1d9d9c9d93333,leg,frontal,0,0,Annotations/YOLO/IMG0003701.txt,leg|no_fracture,False
fracatlas,fracatlas/FracAtlas,images/Non_fractured/IMG0003702.jpg,IMG0003702,no_fracture,g3661,test,none,3661,-1,,True,5a5bd29734659499,leg,oblique,0,0,Annotations/YOLO/IMG0003702.txt,leg|no_fracture,False
fracatlas,fracatlas/FracAtlas,images/Fractured/IMG0003703.jpg,IMG0003703,fracture,g3662,train,test,3662,-1,,False,e6994e994c995999,leg,frontal,0,1,Annotations/YOLO/IMG0003703.txt,leg|fracture,False
fracatlas,fracatlas/FracAtlas,images/Fractured/IMG0003704.jpg,IMG0003704,fracture,g3663,train,test,3663,-1,,False,1c63347314f37333,leg,lateral,0,1,Annotations/YOLO/IMG0003704.txt,leg|fracture,False
fracatlas,fracatlas/FracAtlas,images/Non_fractured/IMG0003705.jpg,IMG0003705,no_fracture,g3664,train,none,3664,-1,,False,69cdc859494dc9d9,hand,frontal,0,0,Annotations/YOLO/IMG0003705.txt,hand|no_fracture,False
fracatlas,fracatlas/FracAtlas,images/Non_fractured/IMG0003706.jpg,IMG0003706,no_fracture,g3665,train,none,3665,-1,,False,994d2637496749d9,hand,lateral,0,0,Annotations/YOLO/IMG0003706.txt,hand|no_fracture,False
fracatlas,fracatlas/FracAtlas,images/Non_fractured/IMG0003707.jpg,IMG0003707,no_fracture,g3666,train,none,3666,-1,,False,49a69bcc33c96633,leg,frontal,0,0,Annotations/YOLO/IMG0003707.txt,leg|no_fracture,False
fracatlas,fracatlas/FracAtlas,images/Non_fractured/IMG0003708.jpg,IMG0003708,no_fracture,g3667,train,none,3667,-1,,False,3ce38638c3cf3833,leg,lateral,0,0,Annotations/YOLO/IMG0003708.txt,leg|no_fracture,False
fracatlas,fracatlas/FracAtlas,images/Non_fractured/IMG0003709.jpg,IMG0003709,no_fracture,g3668,train,none,3668,-1,,False,1573913395739933,leg,frontal,0,0,Annotations/YOLO/IMG0003709.txt,leg|no_fracture,False
fracatlas,fracatlas/FracAtlas,images/Non_fractured/IMG0003710.jpg,IMG0003710,no_fracture,g3669,train,none,3669,-1,,False,996399239c733399,leg,lateral,0,0,Annotations/YOLO/IMG0003710.txt,leg|no_fracture,False
fracatlas,fracatlas/FracAtlas,images/Non_fractured/IMG0003711.jpg,IMG0003711,no_fracture,g3670,train,none,3670,-1,,False,303f1c1f0e8f8357,leg,oblique,0,0,Annotations/YOLO/IMG0003711.txt,leg|no_fracture,False
fracatlas,fracatlas/FracAtlas,images/Fractured/IMG0003712.jpg,IMG0003712,fracture,g3671,train,test,3671,-1,,False,64d9cc45c8cdab55,hand,frontal,0,1,Annotations/YOLO/IMG0003712.txt,hand|fracture,False
fracatlas,fracatlas/FracAtlas,images/Fractured/IMG0003713.jpg,IMG0003713,fracture,g3672,cal,test,3672,-1,,False,07c76160189dcf77,hand,lateral,0,1,Annotations/YOLO/IMG0003713.txt,hand|fracture,False
fracatlas,fracatlas/FracAtlas,images/Non_fractured/IMG0003714.jpg,IMG0003714,no_fracture,g3673,val,none,3673,-1,,False,09691b09497bdb9b,leg,frontal,0,0,Annotations/YOLO/IMG0003714.txt,leg|no_fracture,False
fracatlas,fracatlas/FracAtlas,images/Non_fractured/IMG0003715.jpg,IMG0003715,no_fracture,g3674,cal,none,3674,-1,,False,d8f6274b98bc4949,leg,lateral,0,0,Annotations/YOLO/IMG0003715.txt,leg|no_fracture,False
fracatlas,fracatlas/FracAtlas,images/Non_fractured/IMG0003716.jpg,IMG0003716,no_fracture,g461,dropped,none,461,-1,duplicate_of:IMG0000465,False,96b6a3e1a5a9a169,leg,frontal,0,0,Annotations/YOLO/IMG0003716.txt,leg|no_fracture,False
fracatlas,fracatlas/FracAtlas,images/Non_fractured/IMG0003717.jpg,IMG0003717,no_fracture,g3676,train,none,3676,-1,,False,5a0c81f33276e3e3,leg,lateral,0,0,Annotations/YOLO/IMG0003717.txt,leg|no_fracture,False
fracatlas,fracatlas/FracAtlas,images/Non_fractured/IMG0003718.jpg,IMG0003718,no_fracture,g3677,train,none,3677,-1,,False,be272b599cac2929,leg,lateral,0,0,Annotations/YOLO/IMG0003718.txt,leg|no_fracture,False
fracatlas,fracatlas/FracAtlas,images/Non_fractured/IMG0003719.jpg,IMG0003719,no_fracture,g3678,train,none,3678,-1,,False,61e3c9b373315919,leg,frontal,0,0,Annotations/YOLO/IMG0003719.txt,leg|no_fracture,False
fracatlas,fracatlas/FracAtlas,images/Non_fractured/IMG0003720.jpg,IMG0003720,no_fracture,g3679,train,none,3679,-1,,False,0e0e49591a56f3f3,leg,lateral,0,0,Annotations/YOLO/IMG0003720.txt,leg|no_fracture,False
fracatlas,fracatlas/FracAtlas,images/Non_fractured/IMG0003721.jpg,IMG0003721,no_fracture,g3680,train,none,3680,-1,,False,ace1a9e12de961c9,leg,frontal,0,0,Annotations/YOLO/IMG0003721.txt,leg|no_fracture,False
fracatlas,fracatlas/FracAtlas,images/Non_fractured/IMG0003722.jpg,IMG0003722,no_fracture,g3681,test,none,3681,-1,,True,319393333133f363,leg,frontal,0,0,Annotations/YOLO/IMG0003722.txt,leg|no_fracture,False
fracatlas,fracatlas/FracAtlas,images/Non_fractured/IMG0003723.jpg,IMG0003723,no_fracture,g3682,test,none,3682,-1,,True,91bc6f03106cd9db,leg,lateral,0,0,Annotations/YOLO/IMG0003723.txt,leg|no_fracture,False
fracatlas,fracatlas/FracAtlas,images/Non_fractured/IMG0003724.jpg,IMG0003724,no_fracture,g3683,cal,none,3683,-1,,False,669966669966cc99,leg,frontal,0,0,Annotations/YOLO/IMG0003724.txt,leg|no_fracture,False
fracatlas,fracatlas/FracAtlas,images/Non_fractured/IMG0003725.jpg,IMG0003725,no_fracture,g3684,train,none,3684,-1,,False,5619e956b99d1331,leg,lateral,0,0,Annotations/YOLO/IMG0003725.txt,leg|no_fracture,False
fracatlas,fracatlas/FracAtlas,images/Non_fractured/IMG0003726.jpg,IMG0003726,no_fracture,g3685,train,none,3685,-1,,False,b44fd8b748b72849,leg,frontal,0,0,Annotations/YOLO/IMG0003726.txt,leg|no_fracture,False
fracatlas,fracatlas/FracAtlas,images/Non_fractured/IMG0003727.jpg,IMG0003727,no_fracture,g3686,train,none,3686,-1,,False,c966d96c60cdd919,leg,lateral,0,0,Annotations/YOLO/IMG0003727.txt,leg|no_fracture,False
fracatlas,fracatlas/FracAtlas,images/Non_fractured/IMG0003728.jpg,IMG0003728,no_fracture,g3687,train,none,3687,-1,,False,a696ab71a3e52961,leg,frontal,0,0,Annotations/YOLO/IMG0003728.txt,leg|no_fracture,False
fracatlas,fracatlas/FracAtlas,images/Non_fractured/IMG0003729.jpg,IMG0003729,no_fracture,g3688,train,none,3688,-1,,False,7a4d5a9998997233,hand,frontal,0,0,Annotations/YOLO/IMG0003729.txt,hand|no_fracture,False
fracatlas,fracatlas/FracAtlas,images/Non_fractured/IMG0003730.jpg,IMG0003730,no_fracture,g3689,test,none,3689,-1,,True,be1b9b90d4d94949,hand,lateral,0,0,Annotations/YOLO/IMG0003730.txt,hand|no_fracture,False
fracatlas,fracatlas/FracAtlas,images/Non_fractured/IMG0003731.jpg,IMG0003731,no_fracture,g3690,cal,none,3690,-1,,False,3165416f6c8d7669,mixed,frontal,0,0,Annotations/YOLO/IMG0003731.txt,mixed|no_fracture,False
fracatlas,fracatlas/FracAtlas,images/Non_fractured/IMG0003732.jpg,IMG0003732,no_fracture,g3691,train,none,3691,-1,,False,07131f190eef381f,mixed,frontal,0,0,Annotations/YOLO/IMG0003732.txt,mixed|no_fracture,False
fracatlas,fracatlas/FracAtlas,images/Fractured/IMG0003733.jpg,IMG0003733,fracture,g3692,val,val,3692,-1,,False,bad932c51a33329b,hand,frontal,0,1,Annotations/YOLO/IMG0003733.txt,hand|fracture,False
fracatlas,fracatlas/FracAtlas,images/Fractured/IMG0003734.jpg,IMG0003734,fracture,g3693,train,val,3693,-1,,False,92cd32cd32f36233,hand,lateral,0,1,Annotations/YOLO/IMG0003734.txt,hand|fracture,False
fracatlas,fracatlas/FracAtlas,images/Non_fractured/IMG0003735.jpg,IMG0003735,no_fracture,g3694,train,none,3694,-1,,False,314d679933669933,leg,frontal,0,0,Annotations/YOLO/IMG0003735.txt,leg|no_fracture,False
fracatlas,fracatlas/FracAtlas,images/Non_fractured/IMG0003736.jpg,IMG0003736,no_fracture,g638,dropped,none,638,-1,duplicate_of:IMG0000647,False,596d1759c9999919,leg,lateral,0,0,Annotations/YOLO/IMG0003736.txt,leg|no_fracture,False
fracatlas,fracatlas/FracAtlas,images/Non_fractured/IMG0003737.jpg,IMG0003737,no_fracture,g3696,train,none,3696,-1,,False,b2969d69a1a56b61,leg,frontal,0,0,Annotations/YOLO/IMG0003737.txt,leg|no_fracture,False
fracatlas,fracatlas/FracAtlas,images/Non_fractured/IMG0003738.jpg,IMG0003738,no_fracture,g3697,train,none,3697,-1,,False,731b1fe483174ca3,mixed,frontal,0,0,Annotations/YOLO/IMG0003738.txt,mixed|no_fracture,False
fracatlas,fracatlas/FracAtlas,images/Non_fractured/IMG0003739.jpg,IMG0003739,no_fracture,g3698,train,none,3698,-1,,False,9940731c86ff6c93,shoulder,frontal,0,0,Annotations/YOLO/IMG0003739.txt,shoulder|no_fracture,False
fracatlas,fracatlas/FracAtlas,images/Non_fractured/IMG0003740.jpg,IMG0003740,no_fracture,g3699,train,none,3699,-1,,False,65d95925d92549d9,leg,frontal,0,0,Annotations/YOLO/IMG0003740.txt,leg|no_fracture,False
fracatlas,fracatlas/FracAtlas,images/Non_fractured/IMG0003741.jpg,IMG0003741,no_fracture,g3700,test,none,3700,-1,,True,4d2d35d9c9959139,leg,lateral,0,0,Annotations/YOLO/IMG0003741.txt,leg|no_fracture,False
fracatlas,fracatlas/FracAtlas,images/Non_fractured/IMG0003742.jpg,IMG0003742,no_fracture,g1291,dropped,none,1291,-1,duplicate_of:IMG0001304,False,25256d6dcccd1939,leg,oblique,0,0,Annotations/YOLO/IMG0003742.txt,leg|no_fracture,False
fracatlas,fracatlas/FracAtlas,images/Non_fractured/IMG0003743.jpg,IMG0003743,no_fracture,g3702,train,none,3702,-1,,False,cf9b088e47668c57,mixed,frontal,0,0,Annotations/YOLO/IMG0003743.txt,mixed|no_fracture,False
fracatlas,fracatlas/FracAtlas,images/Non_fractured/IMG0003744.jpg,IMG0003744,no_fracture,g3703,train,none,3703,-1,,False,421d03c0fec7b877,shoulder,frontal,0,0,Annotations/YOLO/IMG0003744.txt,shoulder|no_fracture,False
fracatlas,fracatlas/FracAtlas,images/Non_fractured/IMG0003745.jpg,IMG0003745,no_fracture,g3704,train,none,3704,-1,,False,c5c1d1e167633333,leg,frontal,0,0,Annotations/YOLO/IMG0003745.txt,leg|no_fracture,False
fracatlas,fracatlas/FracAtlas,images/Non_fractured/IMG0003746.jpg,IMG0003746,no_fracture,g3705,cal,none,3705,-1,,False,3d191f0f07c78333,leg,oblique,0,0,Annotations/YOLO/IMG0003746.txt,leg|no_fracture,False
fracatlas,fracatlas/FracAtlas,images/Non_fractured/IMG0003747.jpg,IMG0003747,no_fracture,g3706,test,none,3706,-1,,True,09191949495ffbd9,leg,frontal,0,0,Annotations/YOLO/IMG0003747.txt,leg|no_fracture,False
fracatlas,fracatlas/FracAtlas,images/Non_fractured/IMG0003749.jpg,IMG0003749,no_fracture,g3707,train,none,3707,-1,,False,9833584bcccf989b,leg,frontal,0,0,Annotations/YOLO/IMG0003749.txt,leg|no_fracture,False
fracatlas,fracatlas/FracAtlas,images/Non_fractured/IMG0003750.jpg,IMG0003750,no_fracture,g3708,test,none,3708,-1,,True,707b783330379999,leg,oblique,0,0,Annotations/YOLO/IMG0003750.txt,leg|no_fracture,False
fracatlas,fracatlas/FracAtlas,images/Non_fractured/IMG0003751.jpg,IMG0003751,no_fracture,g3709,train,none,3709,-1,,False,c4638163e3e3d333,leg,frontal,0,0,Annotations/YOLO/IMG0003751.txt,leg|no_fracture,False
fracatlas,fracatlas/FracAtlas,images/Non_fractured/IMG0003752.jpg,IMG0003752,no_fracture,g3710,test,none,3710,-1,,True,540cc9dbba56e351,leg,lateral,0,0,Annotations/YOLO/IMG0003752.txt,leg|no_fracture,False
fracatlas,fracatlas/FracAtlas,images/Non_fractured/IMG0003753.jpg,IMG0003753,no_fracture,g3711,train,none,3711,-1,,False,ce6b62e35919d119,mixed,frontal,0,0,Annotations/YOLO/IMG0003753.txt,mixed|no_fracture,False
fracatlas,fracatlas/FracAtlas,images/Non_fractured/IMG0003754.jpg,IMG0003754,no_fracture,g3712,train,none,3712,-1,,False,d94e521292c96ded,mixed,frontal,0,0,Annotations/YOLO/IMG0003754.txt,mixed|no_fracture,False
fracatlas,fracatlas/FracAtlas,images/Non_fractured/IMG0003755.jpg,IMG0003755,no_fracture,g3713,train,none,3713,-1,,False,56ceb236329959c9,mixed,frontal,0,0,Annotations/YOLO/IMG0003755.txt,mixed|no_fracture,False
fracatlas,fracatlas/FracAtlas,images/Non_fractured/IMG0003756.jpg,IMG0003756,no_fracture,g3714,val,none,3714,-1,,False,b6b692928aad34ad,mixed,frontal,0,0,Annotations/YOLO/IMG0003756.txt,mixed|no_fracture,False
fracatlas,fracatlas/FracAtlas,images/Non_fractured/IMG0003757.jpg,IMG0003757,no_fracture,g3715,train,none,3715,-1,,False,29edcd8686b76161,leg,frontal,0,0,Annotations/YOLO/IMG0003757.txt,leg|no_fracture,False
fracatlas,fracatlas/FracAtlas,images/Non_fractured/IMG0003758.jpg,IMG0003758,no_fracture,g3716,cal,none,3716,-1,,False,4c4dcccdc9993933,leg,oblique,0,0,Annotations/YOLO/IMG0003758.txt,leg|no_fracture,False
fracatlas,fracatlas/FracAtlas,images/Non_fractured/IMG0003759.jpg,IMG0003759,no_fracture,g3717,val,none,3717,-1,,False,af0f8f290ba38b61,leg,frontal,0,0,Annotations/YOLO/IMG0003759.txt,leg|no_fracture,False
fracatlas,fracatlas/FracAtlas,images/Non_fractured/IMG0003760.jpg,IMG0003760,no_fracture,g3718,train,none,3718,-1,,False,10d9d1d3cccd3333,leg,frontal,0,0,Annotations/YOLO/IMG0003760.txt,leg|no_fracture,False
fracatlas,fracatlas/FracAtlas,images/Non_fractured/IMG0003761.jpg,IMG0003761,no_fracture,g3719,train,none,3719,-1,,False,a92b4a5a563655d9,leg,oblique,0,0,Annotations/YOLO/IMG0003761.txt,leg|no_fracture,False
fracatlas,fracatlas/FracAtlas,images/Non_fractured/IMG0003763.jpg,IMG0003763,no_fracture,g3720,train,none,3720,-1,,False,0de58599e1677331,hand,frontal,0,0,Annotations/YOLO/IMG0003763.txt,hand|no_fracture,False
fracatlas,fracatlas/FracAtlas,images/Non_fractured/IMG0003764.jpg,IMG0003764,no_fracture,g3721,train,none,3721,-1,,False,32b1f27972333239,hand,frontal,0,0,Annotations/YOLO/IMG0003764.txt,hand|no_fracture,False
fracatlas,fracatlas/FracAtlas,images/Non_fractured/IMG0003765.jpg,IMG0003765,no_fracture,g3722,val,none,3722,-1,,False,982766d93267329b,hand,lateral,0,0,Annotations/YOLO/IMG0003765.txt,hand|no_fracture,False
fracatlas,fracatlas/FracAtlas,images/Fractured/IMG0003766.jpg,IMG0003766,fracture,g3723,train,val,3723,-1,,False,d65e6426628dcd71,mixed,frontal,0,1,Annotations/YOLO/IMG0003766.txt,mixed|fracture,False
fracatlas,fracatlas/FracAtlas,images/Fractured/IMG0003767.jpg,IMG0003767,fracture,g3724,train,val,3724,-1,,False,a6ded224f28e1d51,mixed,frontal,0,2,Annotations/YOLO/IMG0003767.txt,mixed|fracture,False
fracatlas,fracatlas/FracAtlas,images/Non_fractured/IMG0003768.jpg,IMG0003768,no_fracture,g3725,train,none,3725,-1,,False,44739873c5739933,hand,frontal,0,0,Annotations/YOLO/IMG0003768.txt,hand|no_fracture,False
fracatlas,fracatlas/FracAtlas,images/Non_fractured/IMG0003769.jpg,IMG0003769,no_fracture,g3726,train,none,3726,-1,,False,9acd243b8d463b39,hand,lateral,0,0,Annotations/YOLO/IMG0003769.txt,hand|no_fracture,False
fracatlas,fracatlas/FracAtlas,images/Fractured/IMG0003770.jpg,IMG0003770,fracture,g3727,train,val,3727,-1,,False,808bc8c7e6e7e233,hand,frontal,0,1,Annotations/YOLO/IMG0003770.txt,hand|fracture,False
fracatlas,fracatlas/FracAtlas,images/Fractured/IMG0003771.jpg,IMG0003771,fracture,g3728,train,val,3728,-1,,False,a6a271198ee6e371,hand,lateral,0,1,Annotations/YOLO/IMG0003771.txt,hand|fracture,False
fracatlas,fracatlas/FracAtlas,images/Non_fractured/IMG0003772.jpg,IMG0003772,no_fracture,g3729,test,none,3729,-1,,True,f3190c1fe6b41c33,mixed,frontal,0,0,Annotations/YOLO/IMG0003772.txt,mixed|no_fracture,False
fracatlas,fracatlas/FracAtlas,images/Non_fractured/IMG0003773.jpg,IMG0003773,no_fracture,g3730,train,none,3730,-1,,False,b7febc800103ab6b,mixed,frontal,0,0,Annotations/YOLO/IMG0003773.txt,mixed|no_fracture,False
fracatlas,fracatlas/FracAtlas,images/Fractured/IMG0003774.jpg,IMG0003774,fracture,g3731,train,val,3731,-1,,False,108b787be6c76e03,mixed,frontal,0,1,Annotations/YOLO/IMG0003774.txt,mixed|fracture,False
fracatlas,fracatlas/FracAtlas,images/Non_fractured/IMG0003775.jpg,IMG0003775,no_fracture,g3732,val,none,3732,-1,,False,041b671b4bdb6393,leg,frontal,0,0,Annotations/YOLO/IMG0003775.txt,leg|no_fracture,False
fracatlas,fracatlas/FracAtlas,images/Non_fractured/IMG0003776.jpg,IMG0003776,no_fracture,g3733,train,none,3733,-1,,False,0c102f5833ff09fb,leg,lateral,0,0,Annotations/YOLO/IMG0003776.txt,leg|no_fracture,False
fracatlas,fracatlas/FracAtlas,images/Non_fractured/IMG0003777.jpg,IMG0003777,no_fracture,g729,dropped,none,729,-1,duplicate_of:IMG0000738,False,8183c3e766673333,leg,frontal,0,0,Annotations/YOLO/IMG0003777.txt,leg|no_fracture,False
fracatlas,fracatlas/FracAtlas,images/Non_fractured/IMG0003778.jpg,IMG0003778,no_fracture,g518,dropped,none,518,-1,duplicate_of:IMG0000526,False,e071783f1e0f0727,leg,oblique,0,0,Annotations/YOLO/IMG0003778.txt,leg|no_fracture,False
fracatlas,fracatlas/FracAtlas,images/Non_fractured/IMG0003779.jpg,IMG0003779,no_fracture,g3736,train,none,3736,-1,,False,c939c9594939d999,leg,frontal,0,0,Annotations/YOLO/IMG0003779.txt,leg|no_fracture,False
fracatlas,fracatlas/FracAtlas,images/Non_fractured/IMG0003780.jpg,IMG0003780,no_fracture,g3737,train,none,3737,-1,,False,9e204ff9337c4949,leg,lateral,0,0,Annotations/YOLO/IMG0003780.txt,leg|no_fracture,False
fracatlas,fracatlas/FracAtlas,images/Non_fractured/IMG0003781.jpg,IMG0003781,no_fracture,g3738,train,none,3738,-1,,False,a46b36d9246939d9,leg,frontal,0,0,Annotations/YOLO/IMG0003781.txt,leg|no_fracture,False
fracatlas,fracatlas/FracAtlas,images/Non_fractured/IMG0003782.jpg,IMG0003782,no_fracture,g3739,cal,none,3739,-1,,False,245bb62c5bbc2969,leg,lateral,0,0,Annotations/YOLO/IMG0003782.txt,leg|no_fracture,False
fracatlas,fracatlas/FracAtlas,images/Non_fractured/IMG0003783.jpg,IMG0003783,no_fracture,g3740,train,none,3740,-1,,False,e4f7c833e0735131,leg,frontal,0,0,Annotations/YOLO/IMG0003783.txt,leg|no_fracture,False
fracatlas,fracatlas/FracAtlas,images/Non_fractured/IMG0003784.jpg,IMG0003784,no_fracture,g3741,train,none,3741,-1,,False,194c6a799d167371,leg,lateral,0,0,Annotations/YOLO/IMG0003784.txt,leg|no_fracture,False
fracatlas,fracatlas/FracAtlas,images/Fractured/IMG0003785.jpg,IMG0003785,fracture,g3742,train,val,3742,-1,,False,c68d46f1cecd9a11,hand,frontal,0,2,Annotations/YOLO/IMG0003785.txt,hand|fracture,False
fracatlas,fracatlas/FracAtlas,images/Fractured/IMG0003786.jpg,IMG0003786,fracture,g3743,cal,val,3743,-1,,False,c68dce318ecd3233,hand,lateral,0,1,Annotations/YOLO/IMG0003786.txt,hand|fracture,False
fracatlas,fracatlas/FracAtlas,images/Non_fractured/IMG0003787.jpg,IMG0003787,no_fracture,g3744,train,none,3744,-1,,False,117952d6e5a69275,mixed,frontal,0,0,Annotations/YOLO/IMG0003787.txt,mixed|no_fracture,False
fracatlas,fracatlas/FracAtlas,images/Non_fractured/IMG0003788.jpg,IMG0003788,no_fracture,g3745,train,none,3745,-1,,False,b333331193d1ab55,mixed,frontal,0,0,Annotations/YOLO/IMG0003788.txt,mixed|no_fracture,False
fracatlas,fracatlas/FracAtlas,images/Non_fractured/IMG0003789.jpg,IMG0003789,no_fracture,g3746,val,none,3746,-1,,False,8778c03cf00ffc47,hand,lateral,0,0,Annotations/YOLO/IMG0003789.txt,hand|no_fracture,False
fracatlas,fracatlas/FracAtlas,images/Non_fractured/IMG0003790.jpg,IMG0003790,no_fracture,g3747,train,none,3747,-1,,False,cc3790ce33c96633,leg,frontal,0,0,Annotations/YOLO/IMG0003790.txt,leg|no_fracture,False
fracatlas,fracatlas/FracAtlas,images/Non_fractured/IMG0003791.jpg,IMG0003791,no_fracture,g3748,train,none,3748,-1,,False,e21f608f78673893,leg,lateral,0,0,Annotations/YOLO/IMG0003791.txt,leg|no_fracture,False
fracatlas,fracatlas/FracAtlas,images/Non_fractured/IMG0003792.jpg,IMG0003792,no_fracture,g3749,train,none,3749,-1,,False,a62d266d6c6d6899,hand,frontal,0,0,Annotations/YOLO/IMG0003792.txt,hand|no_fracture,False
fracatlas,fracatlas/FracAtlas,images/Non_fractured/IMG0003793.jpg,IMG0003793,no_fracture,g3750,train,none,3750,-1,,False,ac29abf27e1c0707,hand,lateral,0,0,Annotations/YOLO/IMG0003793.txt,hand|no_fracture,False
fracatlas,fracatlas/FracAtlas,images/Non_fractured/IMG0003794.jpg,IMG0003794,no_fracture,g3751,train,none,3751,-1,,False,495b4949491b5bdb,leg,frontal,0,0,Annotations/YOLO/IMG0003794.txt,leg|no_fracture,False
fracatlas,fracatlas/FracAtlas,images/Non_fractured/IMG0003795.jpg,IMG0003795,no_fracture,g3752,test,none,3752,-1,,True,fba743c3982c494b,leg,lateral,0,0,Annotations/YOLO/IMG0003795.txt,leg|no_fracture,False
fracatlas,fracatlas/FracAtlas,images/Non_fractured/IMG0003796.jpg,IMG0003796,no_fracture,g3753,train,none,3753,-1,,False,f483f497e44d3285,mixed,frontal,0,0,Annotations/YOLO/IMG0003796.txt,mixed|no_fracture,False
fracatlas,fracatlas/FracAtlas,images/Fractured/IMG0003797.jpg,IMG0003797,fracture,g3754,train,val,3754,-1,,False,7363616364373333,leg,frontal,0,1,Annotations/YOLO/IMG0003797.txt,leg|fracture,False
fracatlas,fracatlas/FracAtlas,images/Fractured/IMG0003798.jpg,IMG0003798,fracture,g3755,train,val,3755,-1,,False,1b0f06c7c6c76333,leg,oblique,0,1,Annotations/YOLO/IMG0003798.txt,leg|fracture,False
fracatlas,fracatlas/FracAtlas,images/Non_fractured/IMG0003799.jpg,IMG0003799,no_fracture,g3756,train,none,3756,-1,,False,72d96631f2617233,hand,frontal,0,0,Annotations/YOLO/IMG0003799.txt,hand|no_fracture,False
fracatlas,fracatlas/FracAtlas,images/Non_fractured/IMG0003800.jpg,IMG0003800,no_fracture,g3757,val,none,3757,-1,,False,72c5ce2132cde273,hand,lateral,0,0,Annotations/YOLO/IMG0003800.txt,hand|no_fracture,False
fracatlas,fracatlas/FracAtlas,images/Non_fractured/IMG0003801.jpg,IMG0003801,no_fracture,g3758,train,none,3758,-1,,False,93b1337366313333,leg,frontal,0,0,Annotations/YOLO/IMG0003801.txt,leg|no_fracture,False
fracatlas,fracatlas/FracAtlas,images/Non_fractured/IMG0003802.jpg,IMG0003802,no_fracture,g729,dropped,none,729,-1,duplicate_of:IMG0000738,False,91c1c36766673333,leg,oblique,0,0,Annotations/YOLO/IMG0003802.txt,leg|no_fracture,False
fracatlas,fracatlas/FracAtlas,images/Fractured/IMG0003803.jpg,IMG0003803,fracture,g3760,train,val,3760,-1,,False,99674c9b99cc9199,leg,frontal,0,1,Annotations/YOLO/IMG0003803.txt,leg|fracture,False
fracatlas,fracatlas/FracAtlas,images/Non_fractured/IMG0003804.jpg,IMG0003804,no_fracture,g3761,train,none,3761,-1,,False,18f18e38c3cd999b,leg,lateral,0,0,Annotations/YOLO/IMG0003804.txt,leg|no_fracture,False
fracatlas,fracatlas/FracAtlas,images/Non_fractured/IMG0003805.jpg,IMG0003805,no_fracture,g729,dropped,none,729,-1,duplicate_of:IMG0000738,False,81c3c76367633333,leg,oblique,0,0,Annotations/YOLO/IMG0003805.txt,leg|no_fracture,False
fracatlas,fracatlas/FracAtlas,images/Non_fractured/IMG0003806.jpg,IMG0003806,no_fracture,g432,dropped,none,432,-1,duplicate_of:IMG0000434,False,95b5a525656d8999,leg,oblique,0,0,Annotations/YOLO/IMG0003806.txt,leg|no_fracture,False
fracatlas,fracatlas/FracAtlas,images/Non_fractured/IMG0003807.jpg,IMG0003807,no_fracture,g3764,train,none,3764,-1,,False,cc5dc8d9d8c99899,hand,frontal,0,0,Annotations/YOLO/IMG0003807.txt,hand|no_fracture,False
fracatlas,fracatlas/FracAtlas,images/Non_fractured/IMG0003808.jpg,IMG0003808,no_fracture,g3765,train,none,3765,-1,,False,ca197a494e4dd8d9,hand,frontal,0,0,Annotations/YOLO/IMG0003808.txt,hand|no_fracture,False
fracatlas,fracatlas/FracAtlas,images/Non_fractured/IMG0003809.jpg,IMG0003809,no_fracture,g3766,val,none,3766,-1,,False,66cd5a19ca4dd899,hand,frontal,0,0,Annotations/YOLO/IMG0003809.txt,hand|no_fracture,False
fracatlas,fracatlas/FracAtlas,images/Fractured/IMG0003810.jpg,IMG0003810,fracture,g3767,val,val,3767,-1,,False,a9a9b989b985a955,hand,frontal,0,1,Annotations/YOLO/IMG0003810.txt,hand|fracture,False
fracatlas,fracatlas/FracAtlas,images/Non_fractured/IMG0003811.jpg,IMG0003811,no_fracture,g3768,test,none,3768,-1,,True,2869e6e2978f2955,mixed,frontal,0,0,Annotations/YOLO/IMG0003811.txt,mixed|no_fracture,False
fracatlas,fracatlas/FracAtlas,images/Fractured/IMG0003812.jpg,IMG0003812,fracture,g1979,train,val,1979,-1,,False,62cdce194a4dd8d9,hand,frontal,0,1,Annotations/YOLO/IMG0003812.txt,hand|fracture,False
fracatlas,fracatlas/FracAtlas,images/Fractured/IMG0003813.jpg,IMG0003813,fracture,g3770,test,val,3770,-1,,True,da6db6d94a354849,hand,lateral,0,1,Annotations/YOLO/IMG0003813.txt,hand|fracture,False
fracatlas,fracatlas/FracAtlas,images/Non_fractured/IMG0003814.jpg,IMG0003814,no_fracture,g3771,test,none,3771,-1,,True,01937363e333b333,leg,frontal,0,0,Annotations/YOLO/IMG0003814.txt,leg|no_fracture,False
fracatlas,fracatlas/FracAtlas,images/Non_fractured/IMG0003815.jpg,IMG0003815,no_fracture,g3772,cal,none,3772,-1,,False,93b4635b909c595b,leg,lateral,0,0,Annotations/YOLO/IMG0003815.txt,leg|no_fracture,False
fracatlas,fracatlas/FracAtlas,images/Non_fractured/IMG0003816.jpg,IMG0003816,no_fracture,g3773,train,none,3773,-1,,False,b0cb3037d93790d9,leg,frontal,0,0,Annotations/YOLO/IMG0003816.txt,leg|no_fracture,False
fracatlas,fracatlas/FracAtlas,images/Non_fractured/IMG0003817.jpg,IMG0003817,no_fracture,g3774,train,none,3774,-1,,False,90e94433b9877373,leg,lateral,0,0,Annotations/YOLO/IMG0003817.txt,leg|no_fracture,False
fracatlas,fracatlas/FracAtlas,images/Non_fractured/IMG0003818.jpg,IMG0003818,no_fracture,g3775,train,none,3775,-1,,False,d8797c0e8e24b05f,mixed,frontal,0,0,Annotations/YOLO/IMG0003818.txt,mixed|no_fracture,False
fracatlas,fracatlas/FracAtlas,images/Fractured/IMG0003819.jpg,IMG0003819,fracture,g3776,test,val,3776,-1,,True,fc071d07819733b3,mixed,frontal,0,1,Annotations/YOLO/IMG0003819.txt,mixed|fracture,False
fracatlas,fracatlas/FracAtlas,images/Fractured/IMG0003820.jpg,IMG0003820,fracture,g3777,train,val,3777,-1,,False,714327e7339313c3,mixed,frontal,0,1,Annotations/YOLO/IMG0003820.txt,mixed|fracture,False
fracatlas,fracatlas/FracAtlas,images/Fractured/IMG0003821.jpg,IMG0003821,fracture,g3778,val,val,3778,-1,,False,1c8c1c9ccc6793f3,mixed,frontal,0,1,Annotations/YOLO/IMG0003821.txt,mixed|fracture,False
fracatlas,fracatlas/FracAtlas,images/Non_fractured/IMG0003822.jpg,IMG0003822,no_fracture,g3779,train,none,3779,-1,,False,e09b64b7d8673099,leg,frontal,0,0,Annotations/YOLO/IMG0003822.txt,leg|no_fracture,False
fracatlas,fracatlas/FracAtlas,images/Non_fractured/IMG0003823.jpg,IMG0003823,no_fracture,g3780,train,none,3780,-1,,False,92c9e6b1da9d3231,leg,lateral,0,0,Annotations/YOLO/IMG0003823.txt,leg|no_fracture,False
fracatlas,fracatlas/FracAtlas,images/Non_fractured/IMG0003824.jpg,IMG0003824,no_fracture,g3781,train,none,3781,-1,,False,645b30db646f3299,leg,frontal,0,0,Annotations/YOLO/IMG0003824.txt,leg|no_fracture,False
fracatlas,fracatlas/FracAtlas,images/Non_fractured/IMG0003825.jpg,IMG0003825,no_fracture,g3782,test,none,3782,-1,,True,1b730b8fe4174cc3,mixed,frontal,0,0,Annotations/YOLO/IMG0003825.txt,mixed|no_fracture,False
fracatlas,fracatlas/FracAtlas,images/Non_fractured/IMG0003826.jpg,IMG0003826,no_fracture,g3783,train,none,3783,-1,,False,250d4595b5ad696d,leg,frontal,0,0,Annotations/YOLO/IMG0003826.txt,leg|no_fracture,False
fracatlas,fracatlas/FracAtlas,images/Non_fractured/IMG0003827.jpg,IMG0003827,no_fracture,g3784,train,none,3784,-1,,False,19adb71929c99999,mixed,frontal,0,0,Annotations/YOLO/IMG0003827.txt,mixed|no_fracture,False
fracatlas,fracatlas/FracAtlas,images/Non_fractured/IMG0003828.jpg,IMG0003828,no_fracture,g3785,train,none,3785,-1,,False,cc99cc99b1339999,leg,frontal,0,0,Annotations/YOLO/IMG0003828.txt,leg|no_fracture,False
fracatlas,fracatlas/FracAtlas,images/Non_fractured/IMG0003829.jpg,IMG0003829,no_fracture,g3786,val,none,3786,-1,,False,0903733399bb7333,leg,frontal,0,0,Annotations/YOLO/IMG0003829.txt,leg|no_fracture,False
fracatlas,fracatlas/FracAtlas,images/Non_fractured/IMG0003831.jpg,IMG0003831,no_fracture,g2652,dropped,none,2652,-1,duplicate_of:IMG0002685,False,79795949493949d9,leg,frontal,0,0,Annotations/YOLO/IMG0003831.txt,leg|no_fracture,False
fracatlas,fracatlas/FracAtlas,images/Non_fractured/IMG0003832.jpg,IMG0003832,no_fracture,g3788,train,none,3788,-1,,False,10147b5b99d849fb,leg,lateral,0,0,Annotations/YOLO/IMG0003832.txt,leg|no_fracture,False
fracatlas,fracatlas/FracAtlas,images/Non_fractured/IMG0003834.jpg,IMG0003834,no_fracture,g3789,cal,none,3789,-1,,False,48cf4ccfccc99913,leg,oblique,0,0,Annotations/YOLO/IMG0003834.txt,leg|no_fracture,False
fracatlas,fracatlas/FracAtlas,images/Non_fractured/IMG0003835.jpg,IMG0003835,no_fracture,g3790,train,none,3790,-1,,False,20e3fb0c0fe69c0f,mixed,frontal,0,0,Annotations/YOLO/IMG0003835.txt,mixed|no_fracture,False
fracatlas,fracatlas/FracAtlas,images/Non_fractured/IMG0003836.jpg,IMG0003836,no_fracture,g3791,test,none,3791,-1,,True,3a02816718bffc37,shoulder,frontal,0,0,Annotations/YOLO/IMG0003836.txt,shoulder|no_fracture,False
fracatlas,fracatlas/FracAtlas,images/Non_fractured/IMG0003837.jpg,IMG0003837,no_fracture,g3792,train,none,3792,-1,,False,1873684bcccf991b,leg,frontal,0,0,Annotations/YOLO/IMG0003837.txt,leg|no_fracture,False
fracatlas,fracatlas/FracAtlas,images/Non_fractured/IMG0003838.jpg,IMG0003838,no_fracture,g3793,test,none,3793,-1,,True,98f3646764673133,leg,oblique,0,0,Annotations/YOLO/IMG0003838.txt,leg|no_fracture,False
fracatlas,fracatlas/FracAtlas,images/Non_fractured/IMG0003839.jpg,IMG0003839,no_fracture,g3794,train,none,3794,-1,,False,6969d949c9395999,leg,frontal,0,0,Annotations/YOLO/IMG0003839.txt,leg|no_fracture,False
fracatlas,fracatlas/FracAtlas,images/Non_fractured/IMG0003841.jpg,IMG0003841,no_fracture,g3795,train,none,3795,-1,,False,609bd8b3c8cf3133,leg,frontal,0,0,Annotations/YOLO/IMG0003841.txt,leg|no_fracture,False
fracatlas,fracatlas/FracAtlas,images/Non_fractured/IMG0003842.jpg,IMG0003842,no_fracture,g3796,val,none,3796,-1,,False,383b6c6b4ccd9899,leg,oblique,0,0,Annotations/YOLO/IMG0003842.txt,leg|no_fracture,False
fracatlas,fracatlas/FracAtlas,images/Fractured/IMG0003843.jpg,IMG0003843,fracture,g3797,train,val,3797,-1,,False,5967994993c93399,leg,frontal,0,1,Annotations/YOLO/IMG0003843.txt,leg|fracture,False
fracatlas,fracatlas/FracAtlas,images/Fractured/IMG0003844.jpg,IMG0003844,fracture,g3798,train,val,3798,-1,,False,59ac596d93499999,leg,lateral,0,1,Annotations/YOLO/IMG0003844.txt,leg|fracture,False
fracatlas,fracatlas/FracAtlas,images/Non_fractured/IMG0003845.jpg,IMG0003845,no_fracture,g3799,test,none,3799,-1,,True,dad9e67162653231,hand,frontal,0,0,Annotations/YOLO/IMG0003845.txt,hand|no_fracture,False
fracatlas,fracatlas/FracAtlas,images/Non_fractured/IMG0003846.jpg,IMG0003846,no_fracture,g3800,train,none,3800,-1,,False,165571392e66e3d1,hand,lateral,0,0,Annotations/YOLO/IMG0003846.txt,hand|no_fracture,False
fracatlas,fracatlas/FracAtlas,images/Fractured/IMG0003847.jpg,IMG0003847,fracture,g3801,test,val,3801,-1,,True,333382e3c4c67373,leg,frontal,0,1,Annotations/YOLO/IMG0003847.txt,leg|fracture,False
fracatlas,fracatlas/FracAtlas,images/Fractured/IMG0003848.jpg,IMG0003848,fracture,g3802,train,val,3802,-1,,False,b8bba427646f4899,leg,oblique,0,1,Annotations/YOLO/IMG0003848.txt,leg|fracture,False
fracatlas,fracatlas/FracAtlas,images/Non_fractured/IMG0003849.jpg,IMG0003849,no_fracture,g3803,train,none,3803,-1,,False,439b9383e3c3c333,leg,frontal,0,0,Annotations/YOLO/IMG0003849.txt,leg|no_fracture,False
fracatlas,fracatlas/FracAtlas,images/Fractured/IMG0003851.jpg,IMG0003851,fracture,g3804,train,val,3804,-1,,False,e063e0331c8fe3e3,leg,frontal,0,1,Annotations/YOLO/IMG0003851.txt,leg|fracture,False
fracatlas,fracatlas/FracAtlas,images/Fractured/IMG0003852.jpg,IMG0003852,fracture,g3805,train,val,3805,-1,,False,c8cfcc999899b133,leg,oblique,0,1,Annotations/YOLO/IMG0003852.txt,leg|fracture,False
fracatlas,fracatlas/FracAtlas,images/Non_fractured/IMG0003853.jpg,IMG0003853,no_fracture,g3806,test,none,3806,-1,,True,8dd925a4d9256dc9,leg,frontal,0,0,Annotations/YOLO/IMG0003853.txt,leg|no_fracture,False
fracatlas,fracatlas/FracAtlas,images/Non_fractured/IMG0003854.jpg,IMG0003854,no_fracture,g3807,train,none,3807,-1,,False,9353b593296d4959,leg,lateral,0,0,Annotations/YOLO/IMG0003854.txt,leg|no_fracture,False
fracatlas,fracatlas/FracAtlas,images/Non_fractured/IMG0003855.jpg,IMG0003855,no_fracture,g3808,train,none,3808,-1,,False,30e78c37728fc073,leg,frontal,0,0,Annotations/YOLO/IMG0003855.txt,leg|no_fracture,False
fracatlas,fracatlas/FracAtlas,images/Non_fractured/IMG0003856.jpg,IMG0003856,no_fracture,g3145,dropped,none,3145,-1,duplicate_of:IMG0003179,False,496d4659c9ce9999,leg,lateral,0,0,Annotations/YOLO/IMG0003856.txt,leg|no_fracture,False
fracatlas,fracatlas/FracAtlas,images/Non_fractured/IMG0003857.jpg,IMG0003857,no_fracture,g3810,train,none,3810,-1,,False,33f3cc33338c3133,leg,frontal,0,0,Annotations/YOLO/IMG0003857.txt,leg|no_fracture,False
fracatlas,fracatlas/FracAtlas,images/Non_fractured/IMG0003858.jpg,IMG0003858,no_fracture,g3811,val,none,3811,-1,,False,d349a693c9e63331,leg,lateral,0,0,Annotations/YOLO/IMG0003858.txt,leg|no_fracture,False
fracatlas,fracatlas/FracAtlas,images/Non_fractured/IMG0003859.jpg,IMG0003859,no_fracture,g3812,test,none,3812,-1,,True,a6ada6ad2c6d28c9,hand,frontal,0,0,Annotations/YOLO/IMG0003859.txt,hand|no_fracture,False
fracatlas,fracatlas/FracAtlas,images/Non_fractured/IMG0003860.jpg,IMG0003860,no_fracture,g3813,train,none,3813,-1,,False,d8d393b6ac8d8383,hand,lateral,0,0,Annotations/YOLO/IMG0003860.txt,hand|no_fracture,False
fracatlas,fracatlas/FracAtlas,images/Non_fractured/IMG0003863.jpg,IMG0003863,no_fracture,g3814,test,none,3814,-1,,True,328e22cff131f171,leg,frontal,0,0,Annotations/YOLO/IMG0003863.txt,leg|no_fracture,False
fracatlas,fracatlas/FracAtlas,images/Non_fractured/IMG0003864.jpg,IMG0003864,no_fracture,g3815,train,none,3815,-1,,False,2cb55a2d2e6d494d,leg,lateral,0,0,Annotations/YOLO/IMG0003864.txt,leg|no_fracture,False
fracatlas,fracatlas/FracAtlas,images/Non_fractured/IMG0003865.jpg,IMG0003865,no_fracture,g3816,train,none,3816,-1,,False,9a117ac9cecd9899,hand,frontal,0,0,Annotations/YOLO/IMG0003865.txt,hand|no_fracture,False
fracatlas,fracatlas/FracAtlas,images/Non_fractured/IMG0003866.jpg,IMG0003866,no_fracture,g3817,train,none,3817,-1,,False,9231b269cedd9899,hand,oblique,0,0,Annotations/YOLO/IMG0003866.txt,hand|no_fracture,False
fracatlas,fracatlas/FracAtlas,images/Non_fractured/IMG0003867.jpg,IMG0003867,no_fracture,g3818,train,none,3818,-1,,False,c1c343c3e33333d3,mixed,frontal,0,0,Annotations/YOLO/IMG0003867.txt,mixed|no_fracture,False
fracatlas,fracatlas/FracAtlas,images/Non_fractured/IMG0003868.jpg,IMG0003868,no_fracture,g3819,train,none,3819,-1,,False,1039e6b26ccd36b9,mixed,frontal,0,0,Annotations/YOLO/IMG0003868.txt,mixed|no_fracture,False
fracatlas,fracatlas/FracAtlas,images/Fractured/IMG0003870.jpg,IMG0003870,fracture,g3820,test,val,3820,-1,,True,36c5ba9936a59899,hand,oblique,0,1,Annotations/YOLO/IMG0003870.txt,hand|fracture,False
fracatlas,fracatlas/FracAtlas,images/Fractured/IMG0003871.jpg,IMG0003871,fracture,g3821,train,val,3821,-1,,False,96b7ca499697c849,hand,lateral,0,1,Annotations/YOLO/IMG0003871.txt,hand|fracture,False
fracatlas,fracatlas/FracAtlas,images/Non_fractured/IMG0003872.jpg,IMG0003872,no_fracture,g3822,train,none,3822,-1,,False,35b129a5ac4db2ad,mixed,frontal,0,0,Annotations/YOLO/IMG0003872.txt,mixed|no_fracture,False
fracatlas,fracatlas/FracAtlas,images/Non_fractured/IMG0003873.jpg,IMG0003873,no_fracture,g3823,train,none,3823,-1,,False,3fe13bcf04678407,mixed,frontal,0,0,Annotations/YOLO/IMG0003873.txt,mixed|no_fracture,False
fracatlas,fracatlas/FracAtlas,images/Non_fractured/IMG0003876.jpg,IMG0003876,no_fracture,g3824,train,none,3824,-1,,False,dad966c19a653233,hand,lateral,0,0,Annotations/YOLO/IMG0003876.txt,hand|no_fracture,False
fracatlas,fracatlas/FracAtlas,images/Non_fractured/IMG0003878.jpg,IMG0003878,no_fracture,g3825,train,none,3825,-1,,False,c66532d1e2657273,hand,frontal,0,0,Annotations/YOLO/IMG0003878.txt,hand|no_fracture,False
fracatlas,fracatlas/FracAtlas,images/Non_fractured/IMG0003879.jpg,IMG0003879,no_fracture,g1812,dropped,none,1812,-1,duplicate_of:IMG0001834,False,9291c2c5e6e76273,hand,oblique,0,0,Annotations/YOLO/IMG0003879.txt,hand|no_fracture,False
fracatlas,fracatlas/FracAtlas,images/Non_fractured/IMG0003880.jpg,IMG0003880,no_fracture,g3827,train,none,3827,-1,,False,54ab5ca9686d685d,hand,frontal,0,0,Annotations/YOLO/IMG0003880.txt,hand|no_fracture,False
fracatlas,fracatlas/FracAtlas,images/Non_fractured/IMG0003881.jpg,IMG0003881,no_fracture,g3828,train,none,3828,-1,,False,74abdca92c2d6855,hand,oblique,0,0,Annotations/YOLO/IMG0003881.txt,hand|no_fracture,False
fracatlas,fracatlas/FracAtlas,images/Non_fractured/IMG0003884.jpg,IMG0003884,no_fracture,g3829,train,none,3829,-1,,False,56c94e99cc999a71,hand,frontal,0,0,Annotations/YOLO/IMG0003884.txt,hand|no_fracture,False
fracatlas,fracatlas/FracAtlas,images/Non_fractured/IMG0003888.jpg,IMG0003888,no_fracture,g3830,test,none,3830,-1,,True,996d6599996449d9,leg,frontal,0,0,Annotations/YOLO/IMG0003888.txt,leg|no_fracture,False
fracatlas,fracatlas/FracAtlas,images/Non_fractured/IMG0003889.jpg,IMG0003889,no_fracture,g3831,train,none,3831,-1,,False,93d96cb3c98c9319,leg,lateral,0,0,Annotations/YOLO/IMG0003889.txt,leg|no_fracture,False
fracatlas,fracatlas/FracAtlas,images/Non_fractured/IMG0003891.jpg,IMG0003891,no_fracture,g3832,train,none,3832,-1,,False,0683a969fca5ad2d,hand,lateral,0,0,Annotations/YOLO/IMG0003891.txt,hand|no_fracture,False
fracatlas,fracatlas/FracAtlas,images/Fractured/IMG0003892.jpg,IMG0003892,fracture,g3833,cal,val,3833,-1,,False,c15ec85a16fe59a1,mixed,frontal,0,1,Annotations/YOLO/IMG0003892.txt,mixed|fracture,False
fracatlas,fracatlas/FracAtlas,images/Fractured/IMG0003893.jpg,IMG0003893,fracture,g3834,test,val,3834,-1,,True,ad76d8d9065ad1a1,mixed,frontal,0,1,Annotations/YOLO/IMG0003893.txt,mixed|fracture,False
fracatlas,fracatlas/FracAtlas,images/Non_fractured/IMG0003895.jpg,IMG0003895,no_fracture,g3835,train,none,3835,-1,,False,53d18b9999917333,leg,frontal,0,0,Annotations/YOLO/IMG0003895.txt,leg|no_fracture,False
fracatlas,fracatlas/FracAtlas,images/Non_fractured/IMG0003899.jpg,IMG0003899,no_fracture,g3836,val,none,3836,-1,,False,cd94d9316d8d6629,shoulder,frontal,0,0,Annotations/YOLO/IMG0003899.txt,shoulder|no_fracture,False
fracatlas,fracatlas/FracAtlas,images/Non_fractured/IMG0003900.jpg,IMG0003900,no_fracture,g3837,val,none,3837,-1,,False,505559262d4de6bd,shoulder,frontal,0,0,Annotations/YOLO/IMG0003900.txt,shoulder|no_fracture,False
fracatlas,fracatlas/FracAtlas,images/Non_fractured/IMG0003903.jpg,IMG0003903,no_fracture,g3838,train,none,3838,-1,,False,9bcc1fcf0467980b,mixed,frontal,0,0,Annotations/YOLO/IMG0003903.txt,mixed|no_fracture,False
fracatlas,fracatlas/FracAtlas,images/Non_fractured/IMG0003904.jpg,IMG0003904,no_fracture,g3839,val,none,3839,-1,,False,80e3c1370ccf7e17,shoulder,frontal,0,0,Annotations/YOLO/IMG0003904.txt,shoulder|no_fracture,False
fracatlas,fracatlas/FracAtlas,images/Fractured/IMG0003905.jpg,IMG0003905,fracture,g3840,train,val,3840,-1,,False,72b1720d32e57273,hand,frontal,0,2,Annotations/YOLO/IMG0003905.txt,hand|fracture,False
fracatlas,fracatlas/FracAtlas,images/Fractured/IMG0003906.jpg,IMG0003906,fracture,g3841,train,val,3841,-1,,False,9a7172cd32cd3233,hand,lateral,0,2,Annotations/YOLO/IMG0003906.txt,hand|fracture,False
fracatlas,fracatlas/FracAtlas,images/Non_fractured/IMG0003911.jpg,IMG0003911,no_fracture,g3842,val,none,3842,-1,,False,27ad99bda42d4949,leg,frontal,0,0,Annotations/YOLO/IMG0003911.txt,leg|no_fracture,False
fracatlas,fracatlas/FracAtlas,images/Non_fractured/IMG0003912.jpg,IMG0003912,no_fracture,g3843,val,none,3843,-1,,False,934967330b2763e3,leg,lateral,0,0,Annotations/YOLO/IMG0003912.txt,leg|no_fracture,False
fracatlas,fracatlas/FracAtlas,images/Non_fractured/IMG0003913.jpg,IMG0003913,no_fracture,g3844,val,none,3844,-1,,False,69a5be6d189558a9,hip,frontal,0,0,Annotations/YOLO/IMG0003913.txt,hip|no_fracture,False
fracatlas,fracatlas/FracAtlas,images/Non_fractured/IMG0003914.jpg,IMG0003914,no_fracture,g3845,train,none,3845,-1,,False,c8c762636267f233,hand,frontal,0,0,Annotations/YOLO/IMG0003914.txt,hand|no_fracture,False
fracatlas,fracatlas/FracAtlas,images/Non_fractured/IMG0003915.jpg,IMG0003915,no_fracture,g3846,val,none,3846,-1,,False,16e171392ec6e3c3,hand,lateral,0,0,Annotations/YOLO/IMG0003915.txt,hand|no_fracture,False
fracatlas,fracatlas/FracAtlas,images/Non_fractured/IMG0003916.jpg,IMG0003916,no_fracture,g3847,train,none,3847,-1,,False,6337a35163373315,hand,frontal,0,0,Annotations/YOLO/IMG0003916.txt,hand|no_fracture,False
fracatlas,fracatlas/FracAtlas,images/Non_fractured/IMG0003917.jpg,IMG0003917,no_fracture,g3848,train,none,3848,-1,,False,403f10f3c06f7373,hand,oblique,0,0,Annotations/YOLO/IMG0003917.txt,hand|no_fracture,False
fracatlas,fracatlas/FracAtlas,images/Non_fractured/IMG0003918.jpg,IMG0003918,no_fracture,g3849,cal,none,3849,-1,,False,0303f31f0341dedf,hand,frontal,0,0,Annotations/YOLO/IMG0003918.txt,hand|no_fracture,False
fracatlas,fracatlas/FracAtlas,images/Non_fractured/IMG0003919.jpg,IMG0003919,no_fracture,g3850,val,none,3850,-1,,False,03036747838b9bdf,hand,lateral,0,0,Annotations/YOLO/IMG0003919.txt,hand|no_fracture,False
fracatlas,fracatlas/FracAtlas,images/Non_fractured/IMG0003922.jpg,IMG0003922,no_fracture,g3851,cal,none,3851,-1,,False,b19359732636313b,hand,frontal,0,0,Annotations/YOLO/IMG0003922.txt,hand|no_fracture,False
fracatlas,fracatlas/FracAtlas,images/Non_fractured/IMG0003923.jpg,IMG0003923,no_fracture,g3852,train,none,3852,-1,,False,6167a69371673331,hand,oblique,0,0,Annotations/YOLO/IMG0003923.txt,hand|no_fracture,False
fracatlas,fracatlas/FracAtlas,images/Fractured/IMG0003924.jpg,IMG0003924,fracture,g3853,train,val,3853,-1,,False,883b649b649b669b,leg,frontal,0,1,Annotations/YOLO/IMG0003924.txt,leg|fracture,False
fracatlas,fracatlas/FracAtlas,images/Fractured/IMG0003925.jpg,IMG0003925,fracture,g3854,train,val,3854,-1,,False,e18ff007f843b893,leg,lateral,0,1,Annotations/YOLO/IMG0003925.txt,leg|fracture,False
fracatlas,fracatlas/FracAtlas,images/Fractured/IMG0003926.jpg,IMG0003926,fracture,g3855,test,val,3855,-1,,True,9a696e8d386d48d9,hand,frontal,0,1,Annotations/YOLO/IMG0003926.txt,hand|fracture,False
fracatlas,fracatlas/FracAtlas,images/Fractured/IMG0003927.jpg,IMG0003927,fracture,g3856,val,val,3856,-1,,False,ba194ab7c8996cc9,hand,lateral,0,1,Annotations/YOLO/IMG0003927.txt,hand|fracture,False
fracatlas,fracatlas/FracAtlas,images/Non_fractured/IMG0003928.jpg,IMG0003928,no_fracture,g3857,train,none,3857,-1,,False,b599659599459999,leg,frontal,0,0,Annotations/YOLO/IMG0003928.txt,leg|no_fracture,False
fracatlas,fracatlas/FracAtlas,images/Non_fractured/IMG0003929.jpg,IMG0003929,no_fracture,g3858,test,none,3858,-1,,True,25d26d9659ad9299,leg,lateral,0,0,Annotations/YOLO/IMG0003929.txt,leg|no_fracture,False
fracatlas,fracatlas/FracAtlas,images/Non_fractured/IMG0003930.jpg,IMG0003930,no_fracture,g3859,train,none,3859,-1,,False,6a4dced998c93319,hand,frontal,0,0,Annotations/YOLO/IMG0003930.txt,hand|no_fracture,False
fracatlas,fracatlas/FracAtlas,images/Non_fractured/IMG0003931.jpg,IMG0003931,no_fracture,g3860,train,none,3860,-1,,False,bf8391919ccd4959,hand,lateral,0,0,Annotations/YOLO/IMG0003931.txt,hand|no_fracture,False
fracatlas,fracatlas/FracAtlas,images/Fractured/IMG0003932.jpg,IMG0003932,fracture,g3861,test,val,3861,-1,,True,4d194909c9dbdb99,leg,frontal,0,1,Annotations/YOLO/IMG0003932.txt,leg|fracture,False
fracatlas,fracatlas/FracAtlas,images/Non_fractured/IMG0003934.jpg,IMG0003934,no_fracture,g3862,cal,none,3862,-1,,False,0f870fc48637cce3,mixed,frontal,0,0,Annotations/YOLO/IMG0003934.txt,mixed|no_fracture,False
fracatlas,fracatlas/FracAtlas,images/Non_fractured/IMG0003937.jpg,IMG0003937,no_fracture,g3863,test,none,3863,-1,,True,627126ee8cfc6629,mixed,frontal,0,0,Annotations/YOLO/IMG0003937.txt,mixed|no_fracture,False
fracatlas,fracatlas/FracAtlas,images/Non_fractured/IMG0003940.jpg,IMG0003940,no_fracture,g3864,test,none,3864,-1,,True,c89b24cf98674cd9,leg,frontal,0,0,Annotations/YOLO/IMG0003940.txt,leg|no_fracture,False
fracatlas,fracatlas/FracAtlas,images/Non_fractured/IMG0003941.jpg,IMG0003941,no_fracture,g3865,cal,none,3865,-1,,False,492d167b694ed919,leg,lateral,0,0,Annotations/YOLO/IMG0003941.txt,leg|no_fracture,False
fracatlas,fracatlas/FracAtlas,images/Fractured/IMG0003942.jpg,IMG0003942,fracture,g3866,train,val,3866,-1,,False,46e976b1c2c56275,hand,frontal,0,1,Annotations/YOLO/IMG0003942.txt,hand|fracture,False
fracatlas,fracatlas/FracAtlas,images/Fractured/IMG0003943.jpg,IMG0003943,fracture,g3867,train,val,3867,-1,,False,62cdda319acd3233,hand,lateral,0,1,Annotations/YOLO/IMG0003943.txt,hand|fracture,False
fracatlas,fracatlas/FracAtlas,images/Non_fractured/IMG0003944.jpg,IMG0003944,no_fracture,g3868,train,none,3868,-1,,False,999c662699664dd9,leg,frontal,0,0,Annotations/YOLO/IMG0003944.txt,leg|no_fracture,False
fracatlas,fracatlas/FracAtlas,images/Non_fractured/IMG0003945.jpg,IMG0003945,no_fracture,g3869,train,none,3869,-1,,False,d24925b3c9ceb331,leg,lateral,0,0,Annotations/YOLO/IMG0003945.txt,leg|no_fracture,False
fracatlas,fracatlas/FracAtlas,images/Non_fractured/IMG0003946.jpg,IMG0003946,no_fracture,g3870,train,none,3870,-1,,False,249b4c67996fc899,leg,frontal,0,0,Annotations/YOLO/IMG0003946.txt,leg|no_fracture,False
fracatlas,fracatlas/FracAtlas,images/Non_fractured/IMG0003947.jpg,IMG0003947,no_fracture,g3871,train,none,3871,-1,,False,24d36cb7494dd899,leg,lateral,0,0,Annotations/YOLO/IMG0003947.txt,leg|no_fracture,False
fracatlas,fracatlas/FracAtlas,images/Non_fractured/IMG0003948.jpg,IMG0003948,no_fracture,g3872,train,none,3872,-1,,False,b333cc0e33cc6633,leg,frontal,0,0,Annotations/YOLO/IMG0003948.txt,leg|no_fracture,False
fracatlas,fracatlas/FracAtlas,images/Non_fractured/IMG0003949.jpg,IMG0003949,no_fracture,g3873,cal,none,3873,-1,,False,cc39e29d71671833,leg,lateral,0,0,Annotations/YOLO/IMG0003949.txt,leg|no_fracture,False
fracatlas,fracatlas/FracAtlas,images/Non_fractured/IMG0003950.jpg,IMG0003950,no_fracture,g3874,train,none,3874,-1,,False,c3cd0873c9cd9999,hand,frontal,0,0,Annotations/YOLO/IMG0003950.txt,hand|no_fracture,False
fracatlas,fracatlas/FracAtlas,images/Non_fractured/IMG0003951.jpg,IMG0003951,no_fracture,g3875,cal,none,3875,-1,,False,39cd6c19994d9b91,hand,lateral,0,0,Annotations/YOLO/IMG0003951.txt,hand|no_fracture,False
fracatlas,fracatlas/FracAtlas,images/Fractured/IMG0003952.jpg,IMG0003952,fracture,g3876,train,val,3876,-1,,False,39b1e5d98d8c9991,hand,frontal,0,1,Annotations/YOLO/IMG0003952.txt,hand|fracture,False
fracatlas,fracatlas/FracAtlas,images/Fractured/IMG0003953.jpg,IMG0003953,fracture,g3877,train,val,3877,-1,,False,99256d4d6464d9d9,hand,oblique,0,1,Annotations/YOLO/IMG0003953.txt,hand|fracture,False
fracatlas,fracatlas/FracAtlas,images/Fractured/IMG0003954.jpg,IMG0003954,fracture,g3878,val,val,3878,-1,,False,a0b32c676ccd9999,leg,frontal,0,1,Annotations/YOLO/IMG0003954.txt,leg|fracture,False
fracatlas,fracatlas/FracAtlas,images/Fractured/IMG0003955.jpg,IMG0003955,fracture,g3879,val,val,3879,-1,,False,dc1f0e0f66c70333,leg,oblique,0,1,Annotations/YOLO/IMG0003955.txt,leg|fracture,False
fracatlas,fracatlas/FracAtlas,images/Non_fractured/IMG0003958.jpg,IMG0003958,no_fracture,g3880,train,none,3880,-1,,False,b2c52691f2677233,hand,frontal,0,0,Annotations/YOLO/IMG0003958.txt,hand|no_fracture,False
fracatlas,fracatlas/FracAtlas,images/Non_fractured/IMG0003959.jpg,IMG0003959,no_fracture,g3615,dropped,none,3615,-1,duplicate_of:IMG0003656,False,6691dac966673233,hand,oblique,0,0,Annotations/YOLO/IMG0003959.txt,hand|no_fracture,False
fracatlas,fracatlas/FracAtlas,images/Non_fractured/IMG0003960.jpg,IMG0003960,no_fracture,g3882,cal,none,3882,-1,,False,f2cd667132333299,hand,frontal,0,0,Annotations/YOLO/IMG0003960.txt,hand|no_fracture,False
fracatlas,fracatlas/FracAtlas,images/Non_fractured/IMG0003961.jpg,IMG0003961,no_fracture,g3883,val,none,3883,-1,,False,29aac6713166e3e3,hand,lateral,0,0,Annotations/YOLO/IMG0003961.txt,hand|no_fracture,False
fracatlas,fracatlas/FracAtlas,images/Non_fractured/IMG0003964.jpg,IMG0003964,no_fracture,g3884,train,none,3884,-1,,False,848fc4c7c66762b3,hand,frontal,0,0,Annotations/YOLO/IMG0003964.txt,hand|no_fracture,False
fracatlas,fracatlas/FracAtlas,images/Non_fractured/IMG0003969.jpg,IMG0003969,no_fracture,g3885,train,none,3885,-1,,False,66d96466d9663299,leg,frontal,0,0,Annotations/YOLO/IMG0003969.txt,leg|no_fracture,False
fracatlas,fracatlas/FracAtlas,images/Non_fractured/IMG0003970.jpg,IMG0003970,no_fracture,g3886,train,none,3886,-1,,False,7843ccb96364399b,leg,lateral,0,0,Annotations/YOLO/IMG0003970.txt,leg|no_fracture,False
fracatlas,fracatlas/FracAtlas,images/Non_fractured/IMG0003971.jpg,IMG0003971,no_fracture,g3887,test,none,3887,-1,,True,314f8c73338c6373,leg,frontal,0,0,Annotations/YOLO/IMG0003971.txt,leg|no_fracture,False
fracatlas,fracatlas/FracAtlas,images/Non_fractured/IMG0003972.jpg,IMG0003972,no_fracture,g3888,train,none,3888,-1,,False,99b34ec9b196c949,leg,lateral,0,0,Annotations/YOLO/IMG0003972.txt,leg|no_fracture,False
fracatlas,fracatlas/FracAtlas,images/Non_fractured/IMG0003976.jpg,IMG0003976,no_fracture,g3889,train,none,3889,-1,,False,9c33ccce33cc9833,leg,frontal,0,0,Annotations/YOLO/IMG0003976.txt,leg|no_fracture,False
fracatlas,fracatlas/FracAtlas,images/Non_fractured/IMG0003977.jpg,IMG0003977,no_fracture,g3890,train,none,3890,-1,,False,8638e71c7147999b,leg,lateral,0,0,Annotations/YOLO/IMG0003977.txt,leg|no_fracture,False
fracatlas,fracatlas/FracAtlas,images/Non_fractured/IMG0003980.jpg,IMG0003980,no_fracture,g3891,train,none,3891,-1,,False,3551e9d2b4ac32d5,mixed,frontal,0,0,Annotations/YOLO/IMG0003980.txt,mixed|no_fracture,False
fracatlas,fracatlas/FracAtlas,images/Non_fractured/IMG0003981.jpg,IMG0003981,no_fracture,g3892,train,none,3892,-1,,False,49afdd92a459c631,shoulder,frontal,0,0,Annotations/YOLO/IMG0003981.txt,shoulder|no_fracture,False
fracatlas,fracatlas/FracAtlas,images/Non_fractured/IMG0003982.jpg,IMG0003982,no_fracture,g3893,train,none,3893,-1,,False,b0a3e617cc0ef295,mixed,frontal,0,0,Annotations/YOLO/IMG0003982.txt,mixed|no_fracture,False
fracatlas,fracatlas/FracAtlas,images/Non_fractured/IMG0003983.jpg,IMG0003983,no_fracture,g3894,train,none,3894,-1,,False,8185c1e3e7676333,hand,frontal,0,0,Annotations/YOLO/IMG0003983.txt,hand|no_fracture,False
fracatlas,fracatlas/FracAtlas,images/Non_fractured/IMG0003984.jpg,IMG0003984,no_fracture,g3895,train,none,3895,-1,,False,2ea671512ae6e355,hand,lateral,0,0,Annotations/YOLO/IMG0003984.txt,hand|no_fracture,False
fracatlas,fracatlas/FracAtlas,images/Non_fractured/IMG0003985.jpg,IMG0003985,no_fracture,g3896,train,none,3896,-1,,False,0a068f87c7c7ab55,hand,lateral,0,0,Annotations/YOLO/IMG0003985.txt,hand|no_fracture,False
fracatlas,fracatlas/FracAtlas,images/Non_fractured/IMG0003986.jpg,IMG0003986,no_fracture,g3897,train,none,3897,-1,,False,a52dc88b926734dd,hand,lateral,0,0,Annotations/YOLO/IMG0003986.txt,hand|no_fracture,False
fracatlas,fracatlas/FracAtlas,images/Non_fractured/IMG0003987.jpg,IMG0003987,no_fracture,g3898,test,none,3898,-1,,True,5435554d59a6ad8d,mixed,frontal,0,0,Annotations/YOLO/IMG0003987.txt,mixed|no_fracture,False
fracatlas,fracatlas/FracAtlas,images/Non_fractured/IMG0003988.jpg,IMG0003988,no_fracture,g3899,train,none,3899,-1,,False,25c9594d9aa2ad5d,mixed,frontal,0,0,Annotations/YOLO/IMG0003988.txt,mixed|no_fracture,False
fracatlas,fracatlas/FracAtlas,images/Non_fractured/IMG0003991.jpg,IMG0003991,no_fracture,g3900,train,none,3900,-1,,False,54ab54ab54ab9a55,hand,frontal,0,0,Annotations/YOLO/IMG0003991.txt,hand|no_fracture,False
fracatlas,fracatlas/FracAtlas,images/Non_fractured/IMG0003992.jpg,IMG0003992,no_fracture,g3901,train,none,3901,-1,,False,66cd8e3162cd9a99,hand,frontal,0,0,Annotations/YOLO/IMG0003992.txt,hand|no_fracture,False
fracatlas,fracatlas/FracAtlas,images/Non_fractured/IMG0003993.jpg,IMG0003993,no_fracture,g3902,cal,none,3902,-1,,False,27934d2749cd9999,leg,lateral,0,0,Annotations/YOLO/IMG0003993.txt,leg|no_fracture,False
fracatlas,fracatlas/FracAtlas,images/Non_fractured/IMG0003998.jpg,IMG0003998,no_fracture,g3903,train,none,3903,-1,,False,72cd323532739a33,hand,frontal,0,0,Annotations/YOLO/IMG0003998.txt,hand|no_fracture,False
fracatlas,fracatlas/FracAtlas,images/Non_fractured/IMG0003999.jpg,IMG0003999,no_fracture,g3904,train,none,3904,-1,,False,aaed959532624d99,hand,lateral,0,0,Annotations/YOLO/IMG0003999.txt,hand|no_fracture,False
fracatlas,fracatlas/FracAtlas,images/Non_fractured/IMG0004002.jpg,IMG0004002,no_fracture,g3905,train,none,3905,-1,,False,84cba603f64bd2b5,hand,frontal,0,0,Annotations/YOLO/IMG0004002.txt,hand|no_fracture,False
fracatlas,fracatlas/FracAtlas,images/Non_fractured/IMG0004003.jpg,IMG0004003,no_fracture,g3906,train,none,3906,-1,,False,721d03fc6741e077,hand,lateral,0,0,Annotations/YOLO/IMG0004003.txt,hand|no_fracture,False
fracatlas,fracatlas/FracAtlas,images/Non_fractured/IMG0004004.jpg,IMG0004004,no_fracture,g3907,train,none,3907,-1,,False,f7c2c0c78f512257,hand,frontal,0,0,Annotations/YOLO/IMG0004004.txt,hand|no_fracture,False
fracatlas,fracatlas/FracAtlas,images/Fractured/IMG0004007.jpg,IMG0004007,fracture,g3908,test,val,3908,-1,,True,9925d935999919d9,leg,frontal,0,1,Annotations/YOLO/IMG0004007.txt,leg|fracture,False
fracatlas,fracatlas/FracAtlas,images/Fractured/IMG0004008.jpg,IMG0004008,fracture,g3909,train,val,3909,-1,,False,d926994c33cdc999,leg,lateral,0,1,Annotations/YOLO/IMG0004008.txt,leg|fracture,False
fracatlas,fracatlas/FracAtlas,images/Fractured/IMG0004009.jpg,IMG0004009,fracture,g3910,train,val,3910,-1,,False,0911c9dd8c9dbb55,hand,frontal,0,2,Annotations/YOLO/IMG0004009.txt,hand|fracture,False
fracatlas,fracatlas/FracAtlas,images/Fractured/IMG0004010.jpg,IMG0004010,fracture,g3911,train,val,3911,-1,,False,c70cf31c99c79893,hand,lateral,0,2,Annotations/YOLO/IMG0004010.txt,hand|fracture,False
fracatlas,fracatlas/FracAtlas,images/Non_fractured/IMG0004011.jpg,IMG0004011,no_fracture,g3912,train,none,3912,-1,,False,f887f06360c73933,hand,frontal,0,0,Annotations/YOLO/IMG0004011.txt,hand|no_fracture,False
fracatlas,fracatlas/FracAtlas,images/Non_fractured/IMG0004012.jpg,IMG0004012,no_fracture,g3913,test,none,3913,-1,,True,b90c46b1b9cec355,hand,lateral,0,0,Annotations/YOLO/IMG0004012.txt,hand|no_fracture,False
fracatlas,fracatlas/FracAtlas,images/Non_fractured/IMG0004016.jpg,IMG0004016,no_fracture,g3914,test,none,3914,-1,,True,889c3cc747cf0357,hand,lateral,0,0,Annotations/YOLO/IMG0004016.txt,hand|no_fracture,False
fracatlas,fracatlas/FracAtlas,images/Non_fractured/IMG0004017.jpg,IMG0004017,no_fracture,g3915,train,none,3915,-1,,False,7071da59da999a31,hand,oblique,0,0,Annotations/YOLO/IMG0004017.txt,hand|no_fracture,False
fracatlas,fracatlas/FracAtlas,images/Non_fractured/IMG0004018.jpg,IMG0004018,no_fracture,g3916,test,none,3916,-1,,True,b6493625d827c8db,hand,lateral,0,0,Annotations/YOLO/IMG0004018.txt,hand|no_fracture,False
fracatlas,fracatlas/FracAtlas,images/Non_fractured/IMG0004019.jpg,IMG0004019,no_fracture,g3793,dropped,none,3793,-1,duplicate_of:IMG0003838,False,d8b3606764773133,leg,frontal,0,0,Annotations/YOLO/IMG0004019.txt,leg|no_fracture,False
fracatlas,fracatlas/FracAtlas,images/Non_fractured/IMG0004020.jpg,IMG0004020,no_fracture,g651,dropped,none,651,-1,duplicate_of:IMG0000660,False,381f1e0fc6c78333,leg,oblique,0,0,Annotations/YOLO/IMG0004020.txt,leg|no_fracture,False
fracatlas,fracatlas/FracAtlas,images/Non_fractured/IMG0004021.jpg,IMG0004021,no_fracture,g3919,train,none,3919,-1,,False,131b4b381ec6987f,mixed,frontal,0,0,Annotations/YOLO/IMG0004021.txt,mixed|no_fracture,False
fracatlas,fracatlas/FracAtlas,images/Non_fractured/IMG0004022.jpg,IMG0004022,no_fracture,g3920,train,none,3920,-1,,False,c81107e33c0fdc3f,shoulder,frontal,0,0,Annotations/YOLO/IMG0004022.txt,shoulder|no_fracture,False
fracatlas,fracatlas/FracAtlas,images/Non_fractured/IMG0004027.jpg,IMG0004027,no_fracture,g3921,train,none,3921,-1,,False,23e3313191e3e373,leg,frontal,0,0,Annotations/YOLO/IMG0004027.txt,leg|no_fracture,False
fracatlas,fracatlas/FracAtlas,images/Non_fractured/IMG0004028.jpg,IMG0004028,no_fracture,g3922,train,none,3922,-1,,False,b2934cb39ac57233,leg,frontal,0,0,Annotations/YOLO/IMG0004028.txt,leg|no_fracture,True
fracatlas,fracatlas/FracAtlas,images/Non_fractured/IMG0004029.jpg,IMG0004029,no_fracture,g2585,dropped,none,2585,-1,duplicate_of:IMG0002618,False,23e79c3922b598d9,leg,lateral,0,0,Annotations/YOLO/IMG0004029.txt,leg|no_fracture,True
fracatlas,fracatlas/FracAtlas,images/Non_fractured/IMG0004036.jpg,IMG0004036,no_fracture,g3924,train,none,3924,-1,,False,189364a7d9673399,leg,frontal,0,0,Annotations/YOLO/IMG0004036.txt,leg|no_fracture,True
fracatlas,fracatlas/FracAtlas,images/Fractured/IMG0004042.jpg,IMG0004042,fracture,g3925,val,val,3925,-1,,False,9aed66913a65321b,hand,lateral,0,1,Annotations/YOLO/IMG0004042.txt,hand|fracture,False
fracatlas,fracatlas/FracAtlas,images/Fractured/IMG0004043.jpg,IMG0004043,fracture,g3926,test,val,3926,-1,,True,566f969992999899,hand,frontal,0,2,Annotations/YOLO/IMG0004043.txt,hand|fracture,False
fracatlas,fracatlas/FracAtlas,images/Fractured/IMG0004044.jpg,IMG0004044,fracture,g3927,test,val,3927,-1,,True,da356699b2279899,hand,lateral,0,1,Annotations/YOLO/IMG0004044.txt,hand|fracture,False
fracatlas,fracatlas/FracAtlas,images/Fractured/IMG0004045.jpg,IMG0004045,fracture,g3928,train,val,3928,-1,,False,2625b69926cdd8d9,hand,frontal,0,1,Annotations/YOLO/IMG0004045.txt,hand|fracture,False
fracatlas,fracatlas/FracAtlas,images/Non_fractured/IMG0004059.jpg,IMG0004059,no_fracture,g2636,dropped,none,2636,-1,duplicate_of:IMG0002669,False,8c8c23c3c3c7e3e3,hand,frontal,0,0,Annotations/YOLO/IMG0004059.txt,hand|no_fracture,False
fracatlas,fracatlas/FracAtlas,images/Non_fractured/IMG0004060.jpg,IMG0004060,no_fracture,g2634,dropped,none,2634,-1,duplicate_of:IMG0002667,False,32ad266d6c6d48d9,hand,frontal,0,0,Annotations/YOLO/IMG0004060.txt,hand|no_fracture,False
fracatlas,fracatlas/FracAtlas,images/Fractured/IMG0004061.jpg,IMG0004061,fracture,g2635,dropped,val,2635,-1,duplicate_of:IMG0002668,False,4d919a2ab26595dd,hand,lateral,0,1,Annotations/YOLO/IMG0004061.txt,hand|fracture,False
fracatlas,fracatlas/FracAtlas,images/Non_fractured/IMG0004062.jpg,IMG0004062,no_fracture,g2629,dropped,none,2629,-1,duplicate_of:IMG0002662,False,d96d9249b649b299,leg,frontal,0,0,Annotations/YOLO/IMG0004062.txt,leg|no_fracture,False
fracatlas,fracatlas/FracAtlas,images/Non_fractured/IMG0004065.jpg,IMG0004065,no_fracture,g2626,dropped,none,2626,-1,duplicate_of:IMG0002659,False,20cc6b1b99cf9999,hand,lateral,0,0,Annotations/YOLO/IMG0004065.txt,hand|no_fracture,False
fracatlas,fracatlas/FracAtlas,images/Fractured/IMG0004067.jpg,IMG0004067,fracture,g3934,train,val,3934,-1,,False,91606533b3e37273,hand,frontal,0,1,Annotations/YOLO/IMG0004067.txt,hand|fracture,False
fracatlas,fracatlas/FracAtlas,images/Fractured/IMG0004068.jpg,IMG0004068,fracture,g2620,dropped,val,2620,-1,duplicate_of:IMG0002653,False,c6659a3362cd3273,hand,lateral,0,1,Annotations/YOLO/IMG0004068.txt,hand|fracture,False
fracatlas,fracatlas/FracAtlas,images/Non_fractured/IMG0004070.jpg,IMG0004070,no_fracture,g3936,train,none,3936,-1,,False,add554da622695c9,hand,lateral,0,0,Annotations/YOLO/IMG0004070.txt,hand|no_fracture,True
fracatlas,fracatlas/FracAtlas,images/Fractured/IMG0004071.jpg,IMG0004071,fracture,g3937,train,val,3937,-1,,False,aa40b6c959b6d959,hand,lateral,0,1,Annotations/YOLO/IMG0004071.txt,hand|fracture,False
fracatlas,fracatlas/FracAtlas,images/Fractured/IMG0004072.jpg,IMG0004072,fracture,g3938,train,val,3938,-1,,False,55aa35aa5966d951,hand,frontal,0,2,Annotations/YOLO/IMG0004072.txt,hand|fracture,False
fracatlas,fracatlas/FracAtlas,images/Non_fractured/IMG0004073.jpg,IMG0004073,no_fracture,g2612,dropped,none,2612,-1,duplicate_of:IMG0002645,False,31658cc533c5e373,hand,lateral,0,0,Annotations/YOLO/IMG0004073.txt,hand|no_fracture,True
fracatlas,fracatlas/FracAtlas,images/Non_fractured/IMG0004075.jpg,IMG0004075,no_fracture,g2607,dropped,none,2607,-1,duplicate_of:IMG0002640,False,de01fe2370673833,hand,oblique,0,0,Annotations/YOLO/IMG0004075.txt,hand|no_fracture,False
fracatlas,fracatlas/FracAtlas,images/Non_fractured/IMG0004076.jpg,IMG0004076,no_fracture,g2606,dropped,none,2606,-1,duplicate_of:IMG0002639,False,1863c61973373b33,leg,lateral,0,0,Annotations/YOLO/IMG0004076.txt,leg|no_fracture,True
fracatlas,fracatlas/FracAtlas,images/Non_fractured/IMG0004079.jpg,IMG0004079,no_fracture,g3942,train,none,3942,-1,,False,5df389b2844e32b5,shoulder,frontal,0,0,Annotations/YOLO/IMG0004079.txt,shoulder|no_fracture,True
fracatlas,fracatlas/FracAtlas,images/Non_fractured/IMG0004081.jpg,IMG0004081,no_fracture,g2593,dropped,none,2593,-1,duplicate_of:IMG0002626,False,4a2d1ad94a6dd8d9,hand,lateral,0,0,Annotations/YOLO/IMG0004081.txt,hand|no_fracture,False
fracatlas,fracatlas/FracAtlas,images/Non_fractured/IMG0004084.jpg,IMG0004084,no_fracture,g3944,train,none,3944,-1,,False,37181edde7841837,shoulder,frontal,0,0,Annotations/YOLO/IMG0004084.txt,shoulder|no_fracture,True
fracatlas,fracatlas/FracAtlas,images/Non_fractured/IMG0004087.jpg,IMG0004087,no_fracture,g2676,dropped,none,2676,-1,duplicate_of:IMG0002709,False,93c3b3119933e333,leg,frontal,0,0,Annotations/YOLO/IMG0004087.txt,leg|no_fracture,False
fracatlas,fracatlas/FracAtlas,images/Non_fractured/IMG0004092.jpg,IMG0004092,no_fracture,g3946,cal,none,3946,-1,,False,0eb1e20dba810f7f,leg,lateral,0,0,Annotations/YOLO/IMG0004092.txt,leg|no_fracture,True
fracatlas,fracatlas/FracAtlas,images/Non_fractured/IMG0004094.jpg,IMG0004094,no_fracture,g2663,dropped,none,2663,-1,duplicate_of:IMG0002696,False,664cc959496dc9d9,hand,frontal,0,0,Annotations/YOLO/IMG0004094.txt,hand|no_fracture,False
fracatlas,fracatlas/FracAtlas,images/Non_fractured/IMG0004096.jpg,IMG0004096,no_fracture,g2661,dropped,none,2661,-1,duplicate_of:IMG0002694,False,ce8d3263c68de263,hand,lateral,0,0,Annotations/YOLO/IMG0004096.txt,hand|no_fracture,False
fracatlas,fracatlas/FracAtlas,images/Non_fractured/IMG0004097.jpg,IMG0004097,no_fracture,g2660,dropped,none,2660,-1,duplicate_of:IMG0002693,False,8cc2630387cfe3e3,hand,frontal,0,0,Annotations/YOLO/IMG0004097.txt,hand|no_fracture,False
fracatlas,fracatlas/FracAtlas,images/Non_fractured/IMG0004098.jpg,IMG0004098,no_fracture,g2659,dropped,none,2659,-1,duplicate_of:IMG0002692,False,e6f74a3b8c27440b,shoulder,frontal,0,0,Annotations/YOLO/IMG0004098.txt,shoulder|no_fracture,True
fracatlas,fracatlas/FracAtlas,images/Non_fractured/IMG0004100.jpg,IMG0004100,no_fracture,g3951,cal,none,3951,-1,,False,2bba62621e1de4e5,leg,oblique,0,0,Annotations/YOLO/IMG0004100.txt,leg|no_fracture,True
fracatlas,fracatlas/FracAtlas,images/Non_fractured/IMG0004105.jpg,IMG0004105,no_fracture,g2649,dropped,none,2649,-1,duplicate_of:IMG0002682,False,309b90f3e4677233,hand,oblique,0,0,Annotations/YOLO/IMG0004105.txt,hand|no_fracture,False
fracatlas,fracatlas/FracAtlas,images/Non_fractured/IMG0004106.jpg,IMG0004106,no_fracture,g2650,dropped,none,2650,-1,duplicate_of:IMG0002683,False,1ec1e2731c8de2e3,hand,lateral,0,0,Annotations/YOLO/IMG0004106.txt,hand|no_fracture,False
fracatlas,fracatlas/FracAtlas,images/Non_fractured/IMG0004107.jpg,IMG0004107,no_fracture,g2647,dropped,none,2647,-1,duplicate_of:IMG0002680,False,3367463399663333,leg,frontal,0,0,Annotations/YOLO/IMG0004107.txt,leg|no_fracture,False
fracatlas,fracatlas/FracAtlas,images/Non_fractured/IMG0004108.jpg,IMG0004108,no_fracture,g2643,dropped,none,2643,-1,duplicate_of:IMG0002676,False,3299cc3333cc6373,leg,frontal,0,0,Annotations/YOLO/IMG0004108.txt,leg|no_fracture,False
fracatlas,fracatlas/FracAtlas,images/Non_fractured/IMG0004109.jpg,IMG0004109,no_fracture,g3956,train,none,3956,-1,,False,b1d964b3989d3233,leg,lateral,0,0,Annotations/YOLO/IMG0004109.txt,leg|no_fracture,True
fracatlas,fracatlas/FracAtlas,images/Non_fractured/IMG0004112.jpg,IMG0004112,no_fracture,g2718,dropped,none,2718,-1,duplicate_of:IMG0002752,False,98cd66b31866e2e3,leg,lateral,0,0,Annotations/YOLO/IMG0004112.txt,leg|no_fracture,False
fracatlas,fracatlas/FracAtlas,images/Fractured/IMG0004113.jpg,IMG0004113,fracture,g3958,train,val,3958,-1,,False,d8261b844967775b,mixed,frontal,1,1,Annotations/YOLO/IMG0004113.txt,mixed|fracture,False
fracatlas,fracatlas/FracAtlas,images/Fractured/IMG0004114.jpg,IMG0004114,fracture,g2716,dropped,val,2716,-1,duplicate_of:IMG0002750,False,7031988f83c76f33,mixed,frontal,1,1,Annotations/YOLO/IMG0004114.txt,mixed|fracture,False
fracatlas,fracatlas/FracAtlas,images/Fractured/IMG0004116.jpg,IMG0004116,fracture,g2711,dropped,val,2711,-1,duplicate_of:IMG0002745,False,8e8dce8dc6c56233,hand,frontal,0,1,Annotations/YOLO/IMG0004116.txt,hand|fracture,False
fracatlas,fracatlas/FracAtlas,images/Fractured/IMG0004117.jpg,IMG0004117,fracture,g2712,dropped,val,2712,-1,duplicate_of:IMG0002746,False,25b7a82b5ad3942d,hand,lateral,0,1,Annotations/YOLO/IMG0004117.txt,hand|fracture,False
fracatlas,fracatlas/FracAtlas,images/Non_fractured/IMG0004118.jpg,IMG0004118,no_fracture,g2707,dropped,none,2707,-1,duplicate_of:IMG0002741,False,90c4669b99659bd5,hand,lateral,0,0,Annotations/YOLO/IMG0004118.txt,hand|no_fracture,False
fracatlas,fracatlas/FracAtlas,images/Non_fractured/IMG0004119.jpg,IMG0004119,no_fracture,g2708,dropped,none,2708,-1,duplicate_of:IMG0002742,False,66cd9a196c6d4959,hand,frontal,0,0,Annotations/YOLO/IMG0004119.txt,hand|no_fracture,True
fracatlas,fracatlas/FracAtlas,images/Non_fractured/IMG0004120.jpg,IMG0004120,no_fracture,g3964,test,none,3964,-1,,True,dd355232226735d9,hand,lateral,0,0,Annotations/YOLO/IMG0004120.txt,hand|no_fracture,True
fracatlas,fracatlas/FracAtlas,images/Non_fractured/IMG0004121.jpg,IMG0004121,no_fracture,g2704,cal,none,2704,-1,,False,cc2972794ccdd899,hand,frontal,0,0,Annotations/YOLO/IMG0004121.txt,hand|no_fracture,True
fracatlas,fracatlas/FracAtlas,images/Non_fractured/IMG0004122.jpg,IMG0004122,no_fracture,g2701,dropped,none,2701,-1,duplicate_of:IMG0002735,False,ec893c296c6d49d9,hand,frontal,0,0,Annotations/YOLO/IMG0004122.txt,hand|no_fracture,True
fracatlas,fracatlas/FracAtlas,images/Non_fractured/IMG0004123.jpg,IMG0004123,no_fracture,g1815,dropped,none,1815,-1,duplicate_of:IMG0001837,False,ec2f38696c6d4859,hand,oblique,0,0,Annotations/YOLO/IMG0004123.txt,hand|no_fracture,True
fracatlas,fracatlas/FracAtlas,images/Non_fractured/IMG0004129.jpg,IMG0004129,no_fracture,g3968,test,none,3968,-1,,True,b9e7dc99ac254849,hand,frontal,0,0,Annotations/YOLO/IMG0004129.txt,hand|no_fracture,True
fracatlas,fracatlas/FracAtlas,images/Non_fractured/IMG0004130.jpg,IMG0004130,no_fracture,g3969,train,none,3969,-1,,False,98dd64359865d999,hand,lateral,0,0,Annotations/YOLO/IMG0004130.txt,hand|no_fracture,True
fracatlas,fracatlas/FracAtlas,images/Non_fractured/IMG0004134.jpg,IMG0004134,no_fracture,g2687,dropped,none,2687,-1,duplicate_of:IMG0002721,False,3cf1867962cd3833,leg,lateral,0,0,Annotations/YOLO/IMG0004134.txt,leg|no_fracture,True
fracatlas,fracatlas/FracAtlas,images/Non_fractured/IMG0004138.jpg,IMG0004138,no_fracture,g2774,dropped,none,2774,-1,duplicate_of:IMG0002808,False,f2e26a4e9cd84aa5,mixed,frontal,0,0,Annotations/YOLO/IMG0004138.txt,mixed|no_fracture,False
fracatlas,fracatlas/FracAtlas,images/Non_fractured/IMG0004142.jpg,IMG0004142,no_fracture,g2767,dropped,none,2767,-1,duplicate_of:IMG0002801,False,18f3ce1933cc989b,leg,frontal,0,0,Annotations/YOLO/IMG0004142.txt,leg|no_fracture,True
fracatlas,fracatlas/FracAtlas,images/Non_fractured/IMG0004143.jpg,IMG0004143,no_fracture,g2768,dropped,none,2768,-1,duplicate_of:IMG0002802,False,4a2d16596ccf9a99,leg,lateral,0,0,Annotations/YOLO/IMG0004143.txt,leg|no_fracture,True
fracatlas,fracatlas/FracAtlas,images/Non_fractured/IMG0004145.jpg,IMG0004145,no_fracture,g3974,test,none,3974,-1,,True,b5332465cdcd4879,leg,oblique,0,0,Annotations/YOLO/IMG0004145.txt,leg|no_fracture,True
fracatlas,fracatlas/FracAtlas,images/Non_fractured/IMG0004146.jpg,IMG0004146,no_fracture,g2762,dropped,none,2762,-1,duplicate_of:IMG0002796,False,4649b6a6c9b66d49,leg,frontal,0,0,Annotations/YOLO/IMG0004146.txt,leg|no_fracture,False
fracatlas,fracatlas/FracAtlas,images/Non_fractured/IMG0004148.jpg,IMG0004148,no_fracture,g1556,dropped,none,1556,-1,duplicate_of:IMG0002792,False,9b64669999669999,leg,frontal,0,0,Annotations/YOLO/IMG0004148.txt,leg|no_fracture,True
fracatlas,fracatlas/FracAtlas,images/Non_fractured/IMG0004149.jpg,IMG0004149,no_fracture,g3977,test,none,3977,-1,,True,96992e92b1933373,leg,lateral,0,0,Annotations/YOLO/IMG0004149.txt,leg|no_fracture,True
fracatlas,fracatlas/FracAtlas,images/Fractured/IMG0004150.jpg,IMG0004150,fracture,g3978,train,val,3978,-1,,False,4919cd1979c9d999,leg,lateral,1,1,Annotations/YOLO/IMG0004150.txt,leg|fracture,False
fracatlas,fracatlas/FracAtlas,images/Fractured/IMG0004151.jpg,IMG0004151,fracture,g2756,dropped,val,2756,-1,duplicate_of:IMG0002790,False,31ce31c39933cd99,leg,frontal,1,2,Annotations/YOLO/IMG0004151.txt,leg|fracture,False
fracatlas,fracatlas/FracAtlas,images/Non_fractured/IMG0004154.jpg,IMG0004154,no_fracture,g2748,dropped,none,2748,-1,duplicate_of:IMG0002782,False,6765272527279999,leg,frontal,0,0,Annotations/YOLO/IMG0004154.txt,leg|no_fracture,True
fracatlas,fracatlas/FracAtlas,images/Non_fractured/IMG0004155.jpg,IMG0004155,no_fracture,g729,dropped,none,729,-1,duplicate_of:IMG0000738,False,82918bc367677333,leg,oblique,0,0,Annotations/YOLO/IMG0004155.txt,leg|no_fracture,True
fracatlas,fracatlas/FracAtlas,images/Non_fractured/IMG0004159.jpg,IMG0004159,no_fracture,g2744,dropped,none,2744,-1,duplicate_of:IMG0002778,False,9e61669973649999,leg,frontal,0,0,Annotations/YOLO/IMG0004159.txt,leg|no_fracture,True
fracatlas,fracatlas/FracAtlas,images/Non_fractured/IMG0004160.jpg,IMG0004160,no_fracture,g2745,dropped,none,2745,-1,duplicate_of:IMG0002779,False,6da452496d4ed999,leg,lateral,0,0,Annotations/YOLO/IMG0004160.txt,leg|no_fracture,False
fracatlas,fracatlas/FracAtlas,images/Non_fractured/IMG0004161.jpg,IMG0004161,no_fracture,g2743,dropped,none,2743,-1,duplicate_of:IMG0002777,False,b7b1d9d0d4cc4949,hand,lateral,0,0,Annotations/YOLO/IMG0004161.txt,hand|no_fracture,False
fracatlas,fracatlas/FracAtlas,images/Non_fractured/IMG0004164.jpg,IMG0004164,no_fracture,g2739,dropped,none,2739,-1,duplicate_of:IMG0002773,False,40935173e3d3d333,leg,frontal,0,0,Annotations/YOLO/IMG0004164.txt,leg|no_fracture,False
fracatlas,fracatlas/FracAtlas,images/Non_fractured/IMG0004167.jpg,IMG0004167,no_fracture,g2736,dropped,none,2736,-1,duplicate_of:IMG0002770,False,241f1c8f8f47c393,leg,oblique,0,0,Annotations/YOLO/IMG0004167.txt,leg|no_fracture,False
fracatlas,fracatlas/FracAtlas,images/Non_fractured/IMG0004168.jpg,IMG0004168,no_fracture,g1395,dropped,none,1395,-1,duplicate_of:IMG0001409,False,a4d36d96594d9319,leg,lateral,0,0,Annotations/YOLO/IMG0004168.txt,leg|no_fracture,False
fracatlas,fracatlas/FracAtlas,images/Non_fractured/IMG0004169.jpg,IMG0004169,no_fracture,g3988,cal,none,3988,-1,,False,c16623b3c4c7e273,hand,oblique,0,0,Annotations/YOLO/IMG0004169.txt,hand|no_fracture,True
fracatlas,fracatlas/FracAtlas,images/Non_fractured/IMG0004170.jpg,IMG0004170,no_fracture,g3989,cal,none,3989,-1,,False,3cb3ba393631b219,hand,frontal,0,0,Annotations/YOLO/IMG0004170.txt,hand|no_fracture,True
fracatlas,fracatlas/FracAtlas,images/Non_fractured/IMG0004172.jpg,IMG0004172,no_fracture,g2728,dropped,none,2728,-1,duplicate_of:IMG0002762,False,62c4e33333c56373,hand,lateral,0,0,Annotations/YOLO/IMG0004172.txt,hand|no_fracture,False
fracatlas,fracatlas/FracAtlas,images/Non_fractured/IMG0004173.jpg,IMG0004173,no_fracture,g2726,dropped,none,2726,-1,duplicate_of:IMG0002760,False,b2c96c3349cd9999,leg,lateral,0,0,Annotations/YOLO/IMG0004173.txt,leg|no_fracture,True
fracatlas,fracatlas/FracAtlas,images/Non_fractured/IMG0004174.jpg,IMG0004174,no_fracture,g3992,train,none,3992,-1,,False,a4db34c59a659a99,hand,lateral,0,0,Annotations/YOLO/IMG0004174.txt,hand|no_fracture,True
fracatlas,fracatlas/FracAtlas,images/Non_fractured/IMG0004176.jpg,IMG0004176,no_fracture,g2796,dropped,none,2796,-1,duplicate_of:IMG0002830,False,04005b9b9edc59fb,leg,lateral,0,0,Annotations/YOLO/IMG0004176.txt,leg|no_fracture,False
fracatlas,fracatlas/FracAtlas,images/Non_fractured/IMG0004177.jpg,IMG0004177,no_fracture,g3994,train,none,3994,-1,,False,f0af70b97a09a171,mixed,frontal,0,0,Annotations/YOLO/IMG0004177.txt,mixed|no_fracture,True
fracatlas,fracatlas/FracAtlas,images/Non_fractured/IMG0004178.jpg,IMG0004178,no_fracture,g2794,dropped,none,2794,-1,duplicate_of:IMG0002828,False,8af31a55ad8d1971,mixed,frontal,0,0,Annotations/YOLO/IMG0004178.txt,mixed|no_fracture,False
fracatlas,fracatlas/FracAtlas,images/Non_fractured/IMG0004179.jpg,IMG0004179,no_fracture,g2791,dropped,none,2791,-1,duplicate_of:IMG0002825,False,314e996699334dd9,leg,frontal,0,0,Annotations/YOLO/IMG0004179.txt,leg|no_fracture,False
fracatlas,fracatlas/FracAtlas,images/Non_fractured/IMG0004182.jpg,IMG0004182,no_fracture,g2788,dropped,none,2788,-1,duplicate_of:IMG0002822,False,64c799991993999b,hand,frontal,0,0,Annotations/YOLO/IMG0004182.txt,hand|no_fracture,False
fracatlas,fracatlas/FracAtlas,images/Non_fractured/IMG0004185.jpg,IMG0004185,no_fracture,g2782,dropped,none,2782,-1,duplicate_of:IMG0002816,False,64d7324acccd9d51,mixed,frontal,0,0,Annotations/YOLO/IMG0004185.txt,mixed|no_fracture,False
fracatlas,fracatlas/FracAtlas,images/Fractured/IMG0004187.jpg,IMG0004187,fracture,g3999,train,val,3999,-1,,False,e1fe03a19e01c8df,hand,lateral,0,1,Annotations/YOLO/IMG0004187.txt,hand|fracture,False
fracatlas,fracatlas/FracAtlas,images/Non_fractured/IMG0004188.jpg,IMG0004188,no_fracture,g2841,dropped,none,2841,-1,duplicate_of:IMG0002875,False,68fab64926696d49,hand,frontal,0,0,Annotations/YOLO/IMG0004188.txt,hand|no_fracture,False
fracatlas,fracatlas/FracAtlas,images/Non_fractured/IMG0004189.jpg,IMG0004189,no_fracture,g4001,train,none,4001,-1,,False,b4552c5baa93562d,hand,lateral,0,0,Annotations/YOLO/IMG0004189.txt,hand|no_fracture,True
fracatlas,fracatlas/FracAtlas,images/Non_fractured/IMG0004193.jpg,IMG0004193,no_fracture,g2834,dropped,none,2834,-1,duplicate_of:IMG0002868,False,89999964646dd9d9,leg,frontal,0,0,Annotations/YOLO/IMG0004193.txt,leg|no_fracture,False
fracatlas,fracatlas/FracAtlas,images/Non_fractured/IMG0004194.jpg,IMG0004194,no_fracture,g4003,train,none,4003,-1,,False,0e79f28346717333,leg,lateral,0,0,Annotations/YOLO/IMG0004194.txt,leg|no_fracture,True
fracatlas,fracatlas/FracAtlas,images/Non_fractured/IMG0004195.jpg,IMG0004195,no_fracture,g2832,dropped,none,2832,-1,duplicate_of:IMG0002866,False,666fc949696d4949,hand,frontal,0,0,Annotations/YOLO/IMG0004195.txt,hand|no_fracture,False
fracatlas,fracatlas/FracAtlas,images/Non_fractured/IMG0004201.jpg,IMG0004201,no_fracture,g2824,dropped,none,2824,-1,duplicate_of:IMG0002858,False,229199c3e6677333,hand,oblique,0,0,Annotations/YOLO/IMG0004201.txt,hand|no_fracture,False
fracatlas,fracatlas/FracAtlas,images/Fractured/IMG0004206.jpg,IMG0004206,fracture,g2814,dropped,val,2814,-1,duplicate_of:IMG0002848,False,d575b59119319999,hand,frontal,0,1,Annotations/YOLO/IMG0004206.txt,hand|fracture,False
fracatlas,fracatlas/FracAtlas,images/Fractured/IMG0004207.jpg,IMG0004207,fracture,g2815,dropped,val,2815,-1,duplicate_of:IMG0002849,False,6565456599cd9999,hand,lateral,0,1,Annotations/YOLO/IMG0004207.txt,hand|fracture,False
fracatlas,fracatlas/FracAtlas,images/Fractured/IMG0004208.jpg,IMG0004208,fracture,g2813,dropped,val,2813,-1,duplicate_of:IMG0002847,False,355925d92cd99999,leg,lateral,0,1,Annotations/YOLO/IMG0004208.txt,leg|fracture,False
fracatlas,fracatlas/FracAtlas,images/Fractured/IMG0004209.jpg,IMG0004209,fracture,g2812,dropped,val,2812,-1,duplicate_of:IMG0002846,False,619d61334cf39933,leg,frontal,0,1,Annotations/YOLO/IMG0004209.txt,leg|fracture,False
fracatlas,fracatlas/FracAtlas,images/Non_fractured/IMG0004214.jpg,IMG0004214,no_fracture,g1685,dropped,none,1685,-1,duplicate_of:IMG0001704,False,66edda992a6d4849,hand,oblique,0,0,Annotations/YOLO/IMG0004214.txt,hand|no_fracture,False
fracatlas,fracatlas/FracAtlas,images/Fractured/IMG0004217.jpg,IMG0004217,fracture,g2901,dropped,val,2901,-1,duplicate_of:IMG0002935,False,486d92cd68b7686d,hand,lateral,0,1,Annotations/YOLO/IMG0004217.txt,hand|fracture,False
fracatlas,fracatlas/FracAtlas,images/Non_fractured/IMG0004223.jpg,IMG0004223,no_fracture,g2888,dropped,none,2888,-1,duplicate_of:IMG0002922,False,242591c1e5e77373,hand,frontal,0,0,Annotations/YOLO/IMG0004223.txt,hand|no_fracture,False
fracatlas,fracatlas/FracAtlas,images/Non_fractured/IMG0004225.jpg,IMG0004225,no_fracture,g2885,dropped,none,2885,-1,duplicate_of:IMG0002919,False,320c05717a7ee3e3,hand,lateral,0,0,Annotations/YOLO/IMG0004225.txt,hand|no_fracture,False
fracatlas,fracatlas/FracAtlas,images/Non_fractured/IMG0004226.jpg,IMG0004226,no_fracture,g2884,dropped,none,2884,-1,duplicate_of:IMG0002918,False,80ff0631fe8d3833,hand,frontal,0,0,Annotations/YOLO/IMG0004226.txt,hand|no_fracture,True
fracatlas,fracatlas/FracAtlas,images/Non_fractured/IMG0004227.jpg,IMG0004227,no_fracture,g4015,train,none,4015,-1,,False,54adac4baa935c2d,hand,lateral,0,0,Annotations/YOLO/IMG0004227.txt,hand|no_fracture,True
fracatlas,fracatlas/FracAtlas,images/Non_fractured/IMG0004228.jpg,IMG0004228,no_fracture,g4016,cal,none,4016,-1,,False,62c59d7263673233,leg,lateral,0,0,Annotations/YOLO/IMG0004228.txt,leg|no_fracture,True
fracatlas,fracatlas/FracAtlas,images/Fractured/IMG0004232.jpg,IMG0004232,fracture,g2870,dropped,val,2870,-1,duplicate_of:IMG0002904,False,06615e417ec7d89b,hand,frontal,1,1,Annotations/YOLO/IMG0004232.txt,hand|fracture,False
fracatlas,fracatlas/FracAtlas,images/Fractured/IMG0004233.jpg,IMG0004233,fracture,g2871,dropped,val,2871,-1,duplicate_of:IMG0002905,False,ff5b5b00246d494b,hand,lateral,1,1,Annotations/YOLO/IMG0004233.txt,hand|fracture,False
fracatlas,fracatlas/FracAtlas,images/Non_fractured/IMG0004236.jpg,IMG0004236,no_fracture,g2863,dropped,none,2863,-1,duplicate_of:IMG0002897,False,ec2d29696d4d4959,hand,frontal,0,0,Annotations/YOLO/IMG0004236.txt,hand|no_fracture,False
fracatlas,fracatlas/FracAtlas,images/Non_fractured/IMG0004241.jpg,IMG0004241,no_fracture,g2856,dropped,none,2856,-1,duplicate_of:IMG0002890,False,c92517b999973331,leg,lateral,0,0,Annotations/YOLO/IMG0004241.txt,leg|no_fracture,False
fracatlas,fracatlas/FracAtlas,images/Non_fractured/IMG0004243.jpg,IMG0004243,no_fracture,g2852,dropped,none,2852,-1,label_conflict,False,3267cc393267989b,hand,lateral,0,0,Annotations/YOLO/IMG0004243.txt,hand|no_fracture,False
fracatlas,fracatlas/FracAtlas,images/Non_fractured/IMG0004244.jpg,IMG0004244,no_fracture,g2849,dropped,none,2849,-1,duplicate_of:IMG0002883,False,c5652591e1677333,hand,frontal,0,0,Annotations/YOLO/IMG0004244.txt,hand|no_fracture,False
fracatlas,fracatlas/FracAtlas,images/Non_fractured/IMG0004245.jpg,IMG0004245,no_fracture,g2848,dropped,none,2848,-1,duplicate_of:IMG0002882,False,86663119c6e6e373,hand,lateral,0,0,Annotations/YOLO/IMG0004245.txt,hand|no_fracture,False
fracatlas,fracatlas/FracAtlas,images/Non_fractured/IMG0004251.jpg,IMG0004251,no_fracture,g4024,train,none,4024,-1,,False,6cd76a932227d44d,hand,lateral,0,0,Annotations/YOLO/IMG0004251.txt,hand|no_fracture,True
fracatlas,fracatlas/FracAtlas,images/Non_fractured/IMG0004252.jpg,IMG0004252,no_fracture,g4025,train,none,4025,-1,,False,7c3330b332b39a59,hand,frontal,0,0,Annotations/YOLO/IMG0004252.txt,hand|no_fracture,True
fracatlas,fracatlas/FracAtlas,images/Non_fractured/IMG0004255.jpg,IMG0004255,no_fracture,g4026,train,none,4026,-1,,False,268d86cdc6e7c233,hand,frontal,0,0,Annotations/YOLO/IMG0004255.txt,hand|no_fracture,True
fracatlas,fracatlas/FracAtlas,images/Non_fractured/IMG0004256.jpg,IMG0004256,no_fracture,g4027,train,none,4027,-1,,False,24d54cdb4ab7944d,hand,lateral,0,0,Annotations/YOLO/IMG0004256.txt,hand|no_fracture,True
fracatlas,fracatlas/FracAtlas,images/Non_fractured/IMG0004258.jpg,IMG0004258,no_fracture,g4028,train,none,4028,-1,,False,9491b425646de9f9,leg,oblique,0,0,Annotations/YOLO/IMG0004258.txt,leg|no_fracture,True
fracatlas,fracatlas/FracAtlas,images/Non_fractured/IMG0004259.jpg,IMG0004259,no_fracture,g4029,cal,none,4029,-1,,False,66b9d26593c56233,leg,frontal,0,0,Annotations/YOLO/IMG0004259.txt,leg|no_fracture,True
fracatlas,fracatlas/FracAtlas,images/Non_fractured/IMG0004260.jpg,IMG0004260,no_fracture,g2922,dropped,none,2922,-1,duplicate_of:IMG0002956,False,c1c5657331c47373,hand,oblique,0,0,Annotations/YOLO/IMG0004260.txt,hand|no_fracture,False
fracatlas,fracatlas/FracAtlas,images/Fractured/IMG0004262.jpg,IMG0004262,fracture,g2918,dropped,val,2918,-1,label_conflict,False,da6d36c948b76849,hand,lateral,0,1,Annotations/YOLO/IMG0004262.txt,hand|fracture,False
fracatlas,fracatlas/FracAtlas,images/Non_fractured/IMG0004263.jpg,IMG0004263,no_fracture,g4032,train,none,4032,-1,,False,bab366919a653233,hand,lateral,0,0,Annotations/YOLO/IMG0004263.txt,hand|no_fracture,True
fracatlas,fracatlas/FracAtlas,images/Non_fractured/IMG0004264.jpg,IMG0004264,no_fracture,g2913,dropped,none,2913,-1,duplicate_of:IMG0002947,False,3130667533773333,hand,frontal,0,0,Annotations/YOLO/IMG0004264.txt,hand|no_fracture,False
fracatlas,fracatlas/FracAtlas,images/Non_fractured/IMG0004265.jpg,IMG0004265,no_fracture,g2914,dropped,none,2914,-1,duplicate_of:IMG0002948,False,ceda22479b753311,hand,lateral,0,0,Annotations/YOLO/IMG0004265.txt,hand|no_fracture,False
fracatlas,fracatlas/FracAtlas,images/Fractured/IMG0004266.jpg,IMG0004266,fracture,g2911,dropped,val,2911,-1,duplicate_of:IMG0002945,False,3165337366336699,leg,frontal,0,1,Annotations/YOLO/IMG0004266.txt,leg|fracture,False
fracatlas,fracatlas/FracAtlas,images/Fractured/IMG0004267.jpg,IMG0004267,fracture,g2912,dropped,val,2912,-1,duplicate_of:IMG0002946,False,09b7d98c91cd9999,leg,lateral,0,1,Annotations/YOLO/IMG0004267.txt,leg|fracture,False
fracatlas,fracatlas/FracAtlas,images/Non_fractured/IMG0004270.jpg,IMG0004270,no_fracture,g2906,dropped,none,2906,-1,duplicate_of:IMG0002940,False,4172233373757355,hand,frontal,0,0,Annotations/YOLO/IMG0004270.txt,hand|no_fracture,False
fracatlas,fracatlas/FracAtlas,images/Non_fractured/IMG0004273.jpg,IMG0004273,no_fracture,g4038,train,none,4038,-1,,False,7a899e11fac99899,hand,frontal,0,0,Annotations/YOLO/IMG0004273.txt,hand|no_fracture,True
fracatlas,fracatlas/FracAtlas,images/Non_fractured/IMG0004274.jpg,IMG0004274,no_fracture,g2978,dropped,none,2978,-1,duplicate_of:IMG0003012,False,d117c926d949c9d9,hand,lateral,0,0,Annotations/YOLO/IMG0004274.txt,hand|no_fracture,False
fracatlas,fracatlas/FracAtlas,images/Non_fractured/IMG0004275.jpg,IMG0004275,no_fracture,g729,dropped,none,729,-1,duplicate_of:IMG0000738,False,838bc2c7c6e37233,leg,oblique,0,0,Annotations/YOLO/IMG0004275.txt,leg|no_fracture,True
fracatlas,fracatlas/FracAtlas,images/Non_fractured/IMG0004277.jpg,IMG0004277,no_fracture,g2968,dropped,none,2968,-1,duplicate_of:IMG0003002,False,9555c1cd1949d9d9,hand,frontal,0,0,Annotations/YOLO/IMG0004277.txt,hand|no_fracture,False
fracatlas,fracatlas/FracAtlas,images/Non_fractured/IMG0004278.jpg,IMG0004278,no_fracture,g4042,test,none,4042,-1,,True,ed85356749998387,mixed,frontal,0,0,Annotations/YOLO/IMG0004278.txt,mixed|no_fracture,True
fracatlas,fracatlas/FracAtlas,images/Non_fractured/IMG0004279.jpg,IMG0004279,no_fracture,g4043,val,none,4043,-1,,False,ec46ed2406dcf623,mixed,frontal,0,0,Annotations/YOLO/IMG0004279.txt,mixed|no_fracture,True
fracatlas,fracatlas/FracAtlas,images/Non_fractured/IMG0004280.jpg,IMG0004280,no_fracture,g2964,dropped,none,2964,-1,label_conflict,False,0639c6cdda999a95,hand,frontal,0,0,Annotations/YOLO/IMG0004280.txt,hand|no_fracture,False
fracatlas,fracatlas/FracAtlas,images/Non_fractured/IMG0004284.jpg,IMG0004284,no_fracture,g2960,dropped,none,2960,-1,duplicate_of:IMG0002994,False,0687c6c7c6c7e233,hand,frontal,0,0,Annotations/YOLO/IMG0004284.txt,hand|no_fracture,False
fracatlas,fracatlas/FracAtlas,images/Non_fractured/IMG0004285.jpg,IMG0004285,no_fracture,g2955,dropped,none,2955,-1,duplicate_of:IMG0002989,False,969966b399667231,leg,frontal,0,0,Annotations/YOLO/IMG0004285.txt,leg|no_fracture,True
fracatlas,fracatlas/FracAtlas,images/Non_fractured/IMG0004286.jpg,IMG0004286,no_fracture,g4047,train,none,4047,-1,,False,947b4a9b142bacd5,mixed,frontal,0,0,Annotations/YOLO/IMG0004286.txt,mixed|no_fracture,True
fracatlas,fracatlas/FracAtlas,images/Non_fractured/IMG0004287.jpg,IMG0004287,no_fracture,g2954,dropped,none,2954,-1,duplicate_of:IMG0002988,False,391b564666737171,hand,lateral,0,0,Annotations/YOLO/IMG0004287.txt,hand|no_fracture,False
fracatlas,fracatlas/FracAtlas,images/Non_fractured/IMG0004288.jpg,IMG0004288,no_fracture,g4049,train,none,4049,-1,,False,d2e9c6b3b8933231,leg,lateral,0,0,Annotations/YOLO/IMG0004288.txt,leg|no_fracture,True
fracatlas,fracatlas/FracAtlas,images/Non_fractured/IMG0004290.jpg,IMG0004290,no_fracture,g4050,train,none,4050,-1,,False,2403c4e3f47b56d5,hand,frontal,0,0,Annotations/YOLO/IMG0004290.txt,hand|no_fracture,True
fracatlas,fracatlas/FracAtlas,images/Non_fractured/IMG0004291.jpg,IMG0004291,no_fracture,g4051,train,none,4051,-1,,False,308930cdfc67ce33,hand,lateral,0,0,Annotations/YOLO/IMG0004291.txt,hand|no_fracture,True
fracatlas,fracatlas/FracAtlas,images/Non_fractured/IMG0004294.jpg,IMG0004294,no_fracture,g2982,dropped,none,2982,-1,duplicate_of:IMG0003016,False,c4f1f0383cce4f13,leg,oblique,0,0,Annotations/YOLO/IMG0004294.txt,leg|no_fracture,False
fracatlas,fracatlas/FracAtlas,images/Non_fractured/IMG0004295.jpg,IMG0004295,no_fracture,g3029,dropped,none,3029,-1,duplicate_of:IMG0003063,False,d29db6a5a425ad49,hand,oblique,0,0,Annotations/YOLO/IMG0004295.txt,hand|no_fracture,False
fracatlas,fracatlas/FracAtlas,images/Non_fractured/IMG0004296.jpg,IMG0004296,no_fracture,g3030,dropped,none,3030,-1,duplicate_of:IMG0003064,False,5ed7e949486c2d29,hand,lateral,0,0,Annotations/YOLO/IMG0004296.txt,hand|no_fracture,False
fracatlas,fracatlas/FracAtlas,images/Non_fractured/IMG0004297.jpg,IMG0004297,no_fracture,g4055,train,none,4055,-1,,False,456e343b4c4dd8d9,hand,frontal,0,0,Annotations/YOLO/IMG0004297.txt,hand|no_fracture,True
fracatlas,fracatlas/FracAtlas,images/Non_fractured/IMG0004298.jpg,IMG0004298,no_fracture,g4056,train,none,4056,-1,,False,ce491e59cec99899,hand,frontal,0,0,Annotations/YOLO/IMG0004298.txt,hand|no_fracture,True
fracatlas,fracatlas/FracAtlas,images/Non_fractured/IMG0004299.jpg,IMG0004299,no_fracture,g3026,dropped,none,3026,-1,duplicate_of:IMG0003060,False,a62d266148cddadb,hand,frontal,0,0,Annotations/YOLO/IMG0004299.txt,hand|no_fracture,False
fracatlas,fracatlas/FracAtlas,images/Non_fractured/IMG0004302.jpg,IMG0004302,no_fracture,g3018,dropped,none,3018,-1,duplicate_of:IMG0003052,False,e0cfe2c166679a31,hand,lateral,0,0,Annotations/YOLO/IMG0004302.txt,hand|no_fracture,False
fracatlas,fracatlas/FracAtlas,images/Non_fractured/IMG0004304.jpg,IMG0004304,no_fracture,g4059,test,none,4059,-1,,True,3aed347914599999,leg,frontal,0,0,Annotations/YOLO/IMG0004304.txt,leg|no_fracture,True
fracatlas,fracatlas/FracAtlas,images/Non_fractured/IMG0004307.jpg,IMG0004307,no_fracture,g3011,dropped,none,3011,-1,duplicate_of:IMG0003045,False,fa35b29972313233,hand,frontal,0,0,Annotations/YOLO/IMG0004307.txt,hand|no_fracture,False
fracatlas,fracatlas/FracAtlas,images/Non_fractured/IMG0004308.jpg,IMG0004308,no_fracture,g3010,dropped,none,3010,-1,duplicate_of:IMG0003044,False,b2d92c32c9cd9339,leg,lateral,0,0,Annotations/YOLO/IMG0004308.txt,leg|no_fracture,True
fracatlas,fracatlas/FracAtlas,images/Non_fractured/IMG0004310.jpg,IMG0004310,no_fracture,g3006,dropped,none,3006,-1,duplicate_of:IMG0003040,False,36b35a3932339a99,hand,frontal,0,0,Annotations/YOLO/IMG0004310.txt,hand|no_fracture,False
fracatlas,fracatlas/FracAtlas,images/Non_fractured/IMG0004314.jpg,IMG0004314,no_fracture,g3000,dropped,none,3000,-1,label_conflict,False,811e86c7ccc7a373,hand,oblique,0,0,Annotations/YOLO/IMG0004314.txt,hand|no_fracture,False
fracatlas,fracatlas/FracAtlas,images/Fractured/IMG0004320.jpg,IMG0004320,fracture,g2986,dropped,val,2986,-1,duplicate_of:IMG0003020,False,6525996699667399,leg,frontal,0,1,Annotations/YOLO/IMG0004320.txt,leg|fracture,False
fracatlas,fracatlas/FracAtlas,images/Fractured/IMG0004333.jpg,IMG0004333,fracture,g4065,train,val,4065,-1,,False,e0c3c3303cb743db,mixed,frontal,0,1,Annotations/YOLO/IMG0004333.txt,mixed|fracture,False
fracatlas,fracatlas/FracAtlas,images/Fractured/IMG0004334.jpg,IMG0004334,fracture,g4066,test,val,4066,-1,,True,c087343cfc03f35b,mixed,frontal,0,1,Annotations/YOLO/IMG0004334.txt,mixed|fracture,False
fracatlas,fracatlas/FracAtlas,images/Fractured/IMG0004337.jpg,IMG0004337,fracture,g4067,test,val,4067,-1,,True,f1e9cdc0a63668c3,mixed,frontal,0,1,Annotations/YOLO/IMG0004337.txt,mixed|fracture,False
fracatlas,fracatlas/FracAtlas,images/Non_fractured/IMG0004341.jpg,IMG0004341,no_fracture,g3000,dropped,none,3000,-1,label_conflict,False,811e86c7ccc7a373,hand,oblique,0,0,Annotations/YOLO/IMG0004341.txt,hand|no_fracture,False
fracatlas,fracatlas/FracAtlas,images/Non_fractured/IMG0004346.jpg,IMG0004346,no_fracture,g3006,dropped,none,3006,-1,duplicate_of:IMG0003040,False,36b35a3932339a99,hand,frontal,0,0,Annotations/YOLO/IMG0004346.txt,hand|no_fracture,False
fracatlas,fracatlas/FracAtlas,images/Non_fractured/IMG0004347.jpg,IMG0004347,no_fracture,g3010,dropped,none,3010,-1,duplicate_of:IMG0003044,False,b2d92c32c9cd9339,leg,lateral,0,0,Annotations/YOLO/IMG0004347.txt,leg|no_fracture,True
fracatlas,fracatlas/FracAtlas,images/Fractured/IMG0004349.jpg,IMG0004349,fracture,g4071,train,val,4071,-1,,False,9b9b8f44e6e69803,mixed,frontal,0,1,Annotations/YOLO/IMG0004349.txt,mixed|fracture,False
fracatlas,fracatlas/FracAtlas,images/Fractured/IMG0004356.jpg,IMG0004356,fracture,g4072,train,val,4072,-1,,False,c89a133bcdcd9991,hand,frontal,0,1,Annotations/YOLO/IMG0004356.txt,hand|fracture,False
fracatlas,fracatlas/FracAtlas,images/Fractured/IMG0004369.jpg,IMG0004369,fracture,g4073,train,val,4073,-1,,False,0801f9377327df07,mixed,frontal,0,1,Annotations/YOLO/IMG0004369.txt,mixed|fracture,False
fracatlas,fracatlas/FracAtlas,images/Fractured/IMG0004370.jpg,IMG0004370,fracture,g4074,train,val,4074,-1,,False,b7d0c80b2ff541a5,mixed,frontal,0,1,Annotations/YOLO/IMG0004370.txt,mixed|fracture,False
fracatlas,fracatlas/FracAtlas,images/Non_fractured/IMG0004371.jpg,IMG0004371,no_fracture,g4075,train,none,4075,-1,,False,5949d99b366d4949,leg,frontal,0,0,Annotations/YOLO/IMG0004371.txt,leg|no_fracture,False
fracatlas,fracatlas/FracAtlas,images/Non_fractured/IMG0004372.jpg,IMG0004372,no_fracture,g4076,train,none,4076,-1,,False,6b67623332339999,leg,oblique,0,0,Annotations/YOLO/IMG0004372.txt,leg|no_fracture,False
fracatlas,fracatlas/FracAtlas,images/Fractured/IMG0004374.jpg,IMG0004374,fracture,g3927,dropped,val,3927,-1,duplicate_of:IMG0004044,False,da356699b2279899,hand,lateral,0,1,Annotations/YOLO/IMG0004374.txt,hand|fracture,False
fracatlas,fracatlas/FracAtlas,images/Fractured/IMG0004375.jpg,IMG0004375,fracture,g3925,dropped,val,3925,-1,duplicate_of:IMG0004042,False,9aed66913a65321b,hand,lateral,0,1,Annotations/YOLO/IMG0004375.txt,hand|fracture,False
fracatlas,fracatlas/FracAtlas,images/Fractured/IMG0004376.jpg,IMG0004376,fracture,g3926,dropped,val,3926,-1,duplicate_of:IMG0004043,False,566f969992999899,hand,frontal,0,1,Annotations/YOLO/IMG0004376.txt,hand|fracture,False
fracatlas,fracatlas/FracAtlas,images/Non_fractured/IMG0004383.jpg,IMG0004383,no_fracture,g3924,dropped,none,3924,-1,duplicate_of:IMG0004036,False,199364a7d9663399,leg,frontal,0,0,Annotations/YOLO/IMG0004383.txt,leg|no_fracture,False
fracatlas,fracatlas/FracAtlas,images/Non_fractured/IMG0004388.jpg,IMG0004388,no_fracture,g4081,train,none,4081,-1,,False,1b04005b3ffc49fb,leg,lateral,0,0,Annotations/YOLO/IMG0004388.txt,leg|no_fracture,False
fracatlas,fracatlas/FracAtlas,images/Non_fractured/IMG0004389.jpg,IMG0004389,no_fracture,g4082,train,none,4082,-1,,False,6651a46eda9ad9a1,hip,frontal,0,0,Annotations/YOLO/IMG0004389.txt,hip|no_fracture,False
