dataset,source_dir,relpath,image_id,label,group,split,orig_split,dup_cluster,loose_cluster,dropped_reason,eval_batch,phash,mask_pixels,mask_relpath,fold
lgg_seg,lgg_seg,kaggle_3m/TCGA_CS_4941_19960909/TCGA_CS_4941_19960909_1.tif,TCGA_CS_4941_19960909_1,empty,p0,train,none,0,-1,,False,7816e93ce3f806a3,0,kaggle_3m/TCGA_CS_4941_19960909/TCGA_CS_4941_19960909_1_mask.tif,5
lgg_seg,lgg_seg,kaggle_3m/TCGA_CS_4941_19960909/TCGA_CS_4941_19960909_10.tif,TCGA_CS_4941_19960909_10,empty,p0,train,none,1,-1,,False,a716165e5878ada9,0,kaggle_3m/TCGA_CS_4941_19960909/TCGA_CS_4941_19960909_10_mask.tif,5
lgg_seg,lgg_seg,kaggle_3m/TCGA_CS_4941_19960909/TCGA_CS_4941_19960909_11.tif,TCGA_CS_4941_19960909_11,tumor,p0,train,none,2,-1,,False,8d343676d6da23a1,1426,kaggle_3m/TCGA_CS_4941_19960909/TCGA_CS_4941_19960909_11_mask.tif,5
lgg_seg,lgg_seg,kaggle_3m/TCGA_CS_4941_19960909/TCGA_CS_4941_19960909_12.tif,TCGA_CS_4941_19960909_12,tumor,p0,train,none,3,-1,,False,3c363256ccd8e3a3,2646,kaggle_3m/TCGA_CS_4941_19960909/TCGA_CS_4941_19960909_12_mask.tif,5
lgg_seg,lgg_seg,kaggle_3m/TCGA_CS_4941_19960909/TCGA_CS_4941_19960909_13.tif,TCGA_CS_4941_19960909_13,tumor,p0,train,none,4,-1,,False,2332f3dcccdc4323,2765,kaggle_3m/TCGA_CS_4941_19960909/TCGA_CS_4941_19960909_13_mask.tif,5
lgg_seg,lgg_seg,kaggle_3m/TCGA_CS_4941_19960909/TCGA_CS_4941_19960909_14.tif,TCGA_CS_4941_19960909_14,tumor,p0,train,none,5,-1,,False,e332b3dc8cd87223,2877,kaggle_3m/TCGA_CS_4941_19960909/TCGA_CS_4941_19960909_14_mask.tif,5
lgg_seg,lgg_seg,kaggle_3m/TCGA_CS_4941_19960909/TCGA_CS_4941_19960909_15.tif,TCGA_CS_4941_19960909_15,tumor,p0,train,none,6,-1,,False,e336a71c8cd87263,1952,kaggle_3m/TCGA_CS_4941_19960909/TCGA_CS_4941_19960909_15_mask.tif,5
lgg_seg,lgg_seg,kaggle_3m/TCGA_CS_4941_19960909/TCGA_CS_4941_19960909_16.tif,TCGA_CS_4941_19960909_16,tumor,p0,train,none,7,-1,,False,6396e51c1c787663,1828,kaggle_3m/TCGA_CS_4941_19960909/TCGA_CS_4941_19960909_16_mask.tif,5
lgg_seg,lgg_seg,kaggle_3m/TCGA_CS_4941_19960909/TCGA_CS_4941_19960909_17.tif,TCGA_CS_4941_19960909_17,tumor,p0,train,none,8,-1,,False,698ce51c2c7cd6c3,811,kaggle_3m/TCGA_CS_4941_19960909/TCGA_CS_4941_19960909_17_mask.tif,5
lgg_seg,lgg_seg,kaggle_3m/TCGA_CS_4941_19960909/TCGA_CS_4941_19960909_18.tif,TCGA_CS_4941_19960909_18,tumor,p0,train,none,9,-1,,False,490e691cad7cd6c3,74,kaggle_3m/TCGA_CS_4941_19960909/TCGA_CS_4941_19960909_18_mask.tif,5
lgg_seg,lgg_seg,kaggle_3m/TCGA_CS_4941_19960909/TCGA_CS_4941_19960909_19.tif,TCGA_CS_4941_19960909_19,empty,p0,train,none,10,-1,,False,d90c691c2dfc96c3,0,kaggle_3m/TCGA_CS_4941_19960909/TCGA_CS_4941_19960909_19_mask.tif,5
lgg_seg,lgg_seg,kaggle_3m/TCGA_CS_4941_19960909/TCGA_CS_4941_19960909_2.tif,TCGA_CS_4941_19960909_2,empty,p0,train,none,11,-1,,False,7a3cd174e8fa8521,0,kaggle_3m/TCGA_CS_4941_19960909/TCGA_CS_4941_19960909_2_mask.tif,5
lgg_seg,lgg_seg,kaggle_3m/TCGA_CS_4941_19960909/TCGA_CS_4941_19960909_20.tif,TCGA_CS_4941_19960909_20,empty,p0,train,none,10,-1,duplicate_of:TCGA_CS_4941_19960909_19,False,dbc6490c6d3c96c3,0,kaggle_3m/TCGA_CS_4941_19960909/TCGA_CS_4941_19960909_20_mask.tif,5
lgg_seg,lgg_seg,kaggle_3m/TCGA_CS_4941_19960909/TCGA_CS_4941_19960909_21.tif,TCGA_CS_4941_19960909_21,empty,p0,train,none,10,-1,duplicate_of:TCGA_CS_4941_19960909_19,False,99c5d90c6934b6d3,0,kaggle_3m/TCGA_CS_4941_19960909/TCGA_CS_4941_19960909_21_mask.tif,5
lgg_seg,lgg_seg,kaggle_3m/TCGA_CS_4941_19960909/TCGA_CS_4941_19960909_22.tif,TCGA_CS_4941_19960909_22,empty,p0,train,none,10,-1,duplicate_of:TCGA_CS_4941_19960909_19,False,36f193cc492c26f3,0,kaggle_3m/TCGA_CS_4941_19960909/TCGA_CS_4941_19960909_22_mask.tif,5
lgg_seg,lgg_seg,kaggle_3m/TCGA_CS_4941_19960909/TCGA_CS_4941_19960909_23.tif,TCGA_CS_4941_19960909_23,empty,p0,train,none,15,-1,,False,4c3933f399cc6433,0,kaggle_3m/TCGA_CS_4941_19960909/TCGA_CS_4941_19960909_23_mask.tif,5
lgg_seg,lgg_seg,kaggle_3m/TCGA_CS_4941_19960909/TCGA_CS_4941_19960909_3.tif,TCGA_CS_4941_19960909_3,empty,p0,train,none,11,-1,duplicate_of:TCGA_CS_4941_19960909_2,False,783e7174e8fa8521,0,kaggle_3m/TCGA_CS_4941_19960909/TCGA_CS_4941_19960909_3_mask.tif,5
lgg_seg,lgg_seg,kaggle_3m/TCGA_CS_4941_19960909/TCGA_CS_4941_19960909_4.tif,TCGA_CS_4941_19960909_4,empty,p0,train,none,17,-1,,False,781e6b58eaea8721,0,kaggle_3m/TCGA_CS_4941_19960909/TCGA_CS_4941_19960909_4_mask.tif,5
lgg_seg,lgg_seg,kaggle_3m/TCGA_CS_4941_19960909/TCGA_CS_4941_19960909_5.tif,TCGA_CS_4941_19960909_5,empty,p0,train,none,18,-1,,False,d05c637ae8ea8f09,0,kaggle_3m/TCGA_CS_4941_19960909/TCGA_CS_4941_19960909_5_mask.tif,5
lgg_seg,lgg_seg,kaggle_3m/TCGA_CS_4941_19960909/TCGA_CS_4941_19960909_6.tif,TCGA_CS_4941_19960909_6,empty,p0,train,none,19,-1,,False,d875635ae8ea8709,0,kaggle_3m/TCGA_CS_4941_19960909/TCGA_CS_4941_19960909_6_mask.tif,5
lgg_seg,lgg_seg,kaggle_3m/TCGA_CS_4941_19960909/TCGA_CS_4941_19960909_7.tif,TCGA_CS_4941_19960909_7,empty,p0,train,none,20,-1,,False,d859cb7268e88f89,0,kaggle_3m/TCGA_CS_4941_19960909/TCGA_CS_4941_19960909_7_mask.tif,5
lgg_seg,lgg_seg,kaggle_3m/TCGA_CS_4941_19960909/TCGA_CS_4941_19960909_8.tif,TCGA_CS_4941_19960909_8,empty,p0,train,none,21,-1,,False,9e1c5c5af8e82d83,0,kaggle_3m/TCGA_CS_4941_19960909/TCGA_CS_4941_19960909_8_mask.tif,5
lgg_seg,lgg_seg,kaggle_3m/TCGA_CS_4941_19960909/TCGA_CS_4941_19960909_9.tif,TCGA_CS_4941_19960909_9,empty,p0,train,none,22,-1,,False,a6169e5a58786da9,0,kaggle_3m/TCGA_CS_4941_19960909/TCGA_CS_4941_19960909_9_mask.tif,5
lgg_seg,lgg_seg,kaggle_3m/TCGA_CS_4942_19970222/TCGA_CS_4942_19970222_1.tif,TCGA_CS_4942_19970222_1,empty,p1,train,none,23,-1,,False,3c3cb39c313cc3c3,0,kaggle_3m/TCGA_CS_4942_19970222/TCGA_CS_4942_19970222_1_mask.tif,6
lgg_seg,lgg_seg,kaggle_3m/TCGA_CS_4942_19970222/TCGA_CS_4942_19970222_10.tif,TCGA_CS_4942_19970222_10,tumor,p1,train,none,24,-1,,False,d32cc3362cdcf443,1257,kaggle_3m/TCGA_CS_4942_19970222/TCGA_CS_4942_19970222_10_mask.tif,6
lgg_seg,lgg_seg,kaggle_3m/TCGA_CS_4942_19970222/TCGA_CS_4942_19970222_11.tif,TCGA_CS_4942_19970222_11,tumor,p1,train,none,24,-1,duplicate_of:TCGA_CS_4942_19970222_10,False,d32cc3362dd4dc43,1539,kaggle_3m/TCGA_CS_4942_19970222/TCGA_CS_4942_19970222_11_mask.tif,6
lgg_seg,lgg_seg,kaggle_3m/TCGA_CS_4942_19970222/TCGA_CS_4942_19970222_12.tif,TCGA_CS_4942_19970222_12,tumor,p1,train,none,24,-1,duplicate_of:TCGA_CS_4942_19970222_10,False,d32cc3362dd4d463,1383,kaggle_3m/TCGA_CS_4942_19970222/TCGA_CS_4942_19970222_12_mask.tif,6
lgg_seg,lgg_seg,kaggle_3m/TCGA_CS_4942_19970222/TCGA_CS_4942_19970222_13.tif,TCGA_CS_4942_19970222_13,tumor,p1,train,none,24,-1,duplicate_of:TCGA_CS_4942_19970222_10,False,d30ccb362dd49c63,1216,kaggle_3m/TCGA_CS_4942_19970222/TCGA_CS_4942_19970222_13_mask.tif,6
lgg_seg,lgg_seg,kaggle_3m/TCGA_CS_4942_19970222/TCGA_CS_4942_19970222_14.tif,TCGA_CS_4942_19970222_14,tumor,p1,train,none,28,-1,,False,d30cc9362df4b643,761,kaggle_3m/TCGA_CS_4942_19970222/TCGA_CS_4942_19970222_14_mask.tif,6
lgg_seg,lgg_seg,kaggle_3m/TCGA_CS_4942_19970222/TCGA_CS_4942_19970222_15.tif,TCGA_CS_4942_19970222_15,empty,p1,train,none,29,-1,,False,932cc90e6db4b64b,0,kaggle_3m/TCGA_CS_4942_19970222/TCGA_CS_4942_19970222_15_mask.tif,6
lgg_seg,lgg_seg,kaggle_3m/TCGA_CS_4942_19970222/TCGA_CS_4942_19970222_16.tif,TCGA_CS_4942_19970222_16,empty,p1,train,none,30,-1,,False,336cd32c49b4b64b,0,kaggle_3m/TCGA_CS_4942_19970222/TCGA_CS_4942_19970222_16_mask.tif,6
lgg_seg,lgg_seg,kaggle_3m/TCGA_CS_4942_19970222/TCGA_CS_4942_19970222_17.tif,TCGA_CS_4942_19970222_17,empty,p1,train,none,31,-1,,False,33ccd30e49b4b6c3,0,kaggle_3m/TCGA_CS_4942_19970222/TCGA_CS_4942_19970222_17_mask.tif,6
lgg_seg,lgg_seg,kaggle_3m/TCGA_CS_4942_19970222/TCGA_CS_4942_19970222_18.tif,TCGA_CS_4942_19970222_18,empty,p1,train,none,32,-1,,False,26d133cccb3c2cd3,0,kaggle_3m/TCGA_CS_4942_19970222/TCGA_CS_4942_19970222_18_mask.tif,6
lgg_seg,lgg_seg,kaggle_3m/TCGA_CS_4942_19970222/TCGA_CS_4942_19970222_19.tif,TCGA_CS_4942_19970222_19,empty,p1,train,none,33,-1,,False,cc3332c9f32c0cf3,0,kaggle_3m/TCGA_CS_4942_19970222/TCGA_CS_4942_19970222_19_mask.tif,6
lgg_seg,lgg_seg,kaggle_3m/TCGA_CS_4942_19970222/TCGA_CS_4942_19970222_2.tif,TCGA_CS_4942_19970222_2,empty,p1,train,none,34,-1,,False,3e2c32b6f83c43c3,0,kaggle_3m/TCGA_CS_4942_19970222/TCGA_CS_4942_19970222_2_mask.tif,6
lgg_seg,lgg_seg,kaggle_3m/TCGA_CS_4942_19970222/TCGA_CS_4942_19970222_20.tif,TCGA_CS_4942_19970222_20,empty,p1,train,none,35,-1,,False,cb262cb3b3cc4c33,0,kaggle_3m/TCGA_CS_4942_19970222/TCGA_CS_4942_19970222_20_mask.tif,6
lgg_seg,lgg_seg,kaggle_3m/TCGA_CS_4942_19970222/TCGA_CS_4942_19970222_3.tif,TCGA_CS_4942_19970222_3,empty,p1,train,none,36,-1,,False,322cccb4f4fc43c3,0,kaggle_3m/TCGA_CS_4942_19970222/TCGA_CS_4942_19970222_3_mask.tif,6
lgg_seg,lgg_seg,kaggle_3m/TCGA_CS_4942_19970222/TCGA_CS_4942_19970222_4.tif,TCGA_CS_4942_19970222_4,empty,p1,train,none,37,-1,,False,b32c4cb4f4dc6343,0,kaggle_3m/TCGA_CS_4942_19970222/TCGA_CS_4942_19970222_4_mask.tif,6
lgg_seg,lgg_seg,kaggle_3m/TCGA_CS_4942_19970222/TCGA_CS_4942_19970222_5.tif,TCGA_CS_4942_19970222_5,empty,p1,train,none,38,-1,,False,932c4cb6bcdc2363,0,kaggle_3m/TCGA_CS_4942_19970222/TCGA_CS_4942_19970222_5_mask.tif,6
lgg_seg,lgg_seg,kaggle_3m/TCGA_CS_4942_19970222/TCGA_CS_4942_19970222_6.tif,TCGA_CS_4942_19970222_6,empty,p1,train,none,39,-1,,False,c3264d3cbcbc3343,0,kaggle_3m/TCGA_CS_4942_19970222/TCGA_CS_4942_19970222_6_mask.tif,6
lgg_seg,lgg_seg,kaggle_3m/TCGA_CS_4942_19970222/TCGA_CS_4942_19970222_7.tif,TCGA_CS_4942_19970222_7,empty,p1,train,none,40,-1,,False,c32c4f3c3cb4b643,0,kaggle_3m/TCGA_CS_4942_19970222/TCGA_CS_4942_19970222_7_mask.tif,6
lgg_seg,lgg_seg,kaggle_3m/TCGA_CS_4942_19970222/TCGA_CS_4942_19970222_8.tif,TCGA_CS_4942_19970222_8,empty,p1,train,none,40,-1,duplicate_of:TCGA_CS_4942_19970222_7,False,c32c4f3c2cb4b64b,0,kaggle_3m/TCGA_CS_4942_19970222/TCGA_CS_4942_19970222_8_mask.tif,6
lgg_seg,lgg_seg,kaggle_3m/TCGA_CS_4942_19970222/TCGA_CS_4942_19970222_9.tif,TCGA_CS_4942_19970222_9,tumor,p1,train,none,42,-1,,False,d92cc3b42cdcb643,956,kaggle_3m/TCGA_CS_4942_19970222/TCGA_CS_4942_19970222_9_mask.tif,6
lgg_seg,lgg_seg,kaggle_3m/TCGA_CS_4943_20000902/TCGA_CS_4943_20000902_1.tif,TCGA_CS_4943_20000902_1,empty,p2,train,none,43,-1,,False,cc9c863e6cf87903,0,kaggle_3m/TCGA_CS_4943_20000902/TCGA_CS_4943_20000902_1_mask.tif,2
lgg_seg,lgg_seg,kaggle_3m/TCGA_CS_4943_20000902/TCGA_CS_4943_20000902_10.tif,TCGA_CS_4943_20000902_10,empty,p2,train,none,44,-1,,False,e49e07960e7c744b,0,kaggle_3m/TCGA_CS_4943_20000902/TCGA_CS_4943_20000902_10_mask.tif,2
lgg_seg,lgg_seg,kaggle_3m/TCGA_CS_4943_20000902/TCGA_CS_4943_20000902_11.tif,TCGA_CS_4943_20000902_11,empty,p2,train,none,45,-1,,False,e08e47960f7c7c29,0,kaggle_3m/TCGA_CS_4943_20000902/TCGA_CS_4943_20000902_11_mask.tif,2
lgg_seg,lgg_seg,kaggle_3m/TCGA_CS_4943_20000902/TCGA_CS_4943_20000902_12.tif,TCGA_CS_4943_20000902_12,tumor,p2,train,none,46,-1,,False,f886469c0f7c7c49,495,kaggle_3m/TCGA_CS_4943_20000902/TCGA_CS_4943_20000902_12_mask.tif,2
lgg_seg,lgg_seg,kaggle_3m/TCGA_CS_4943_20000902/TCGA_CS_4943_20000902_13.tif,TCGA_CS_4943_20000902_13,tumor,p2,train,none,47,-1,,False,f826c39c07747cc9,801,kaggle_3m/TCGA_CS_4943_20000902/TCGA_CS_4943_20000902_13_mask.tif,2
lgg_seg,lgg_seg,kaggle_3m/TCGA_CS_4943_20000902/TCGA_CS_4943_20000902_14.tif,TCGA_CS_4943_20000902_14,tumor,p2,train,none,48,-1,,False,d8a6c29c0f767c49,1582,kaggle_3m/TCGA_CS_4943_20000902/TCGA_CS_4943_20000902_14_mask.tif,2
lgg_seg,lgg_seg,kaggle_3m/TCGA_CS_4943_20000902/TCGA_CS_4943_20000902_15.tif,TCGA_CS_4943_20000902_15,tumor,p2,train,none,48,-1,duplicate_of:TCGA_CS_4943_20000902_14,False,f8a6c28c8f367c49,2397,kaggle_3m/TCGA_CS_4943_20000902/TCGA_CS_4943_20000902_15_mask.tif,2
lgg_seg,lgg_seg,kaggle_3m/TCGA_CS_4943_20000902/TCGA_CS_4943_20000902_16.tif,TCGA_CS_4943_20000902_16,tumor,p2,train,none,48,-1,duplicate_of:TCGA_CS_4943_20000902_14,False,79a6e28c8b367c49,3011,kaggle_3m/TCGA_CS_4943_20000902/TCGA_CS_4943_20000902_16_mask.tif,2
lgg_seg,lgg_seg,kaggle_3m/TCGA_CS_4943_20000902/TCGA_CS_4943_20000902_17.tif,TCGA_CS_4943_20000902_17,tumor,p2,train,none,48,-1,duplicate_of:TCGA_CS_4943_20000902_14,False,7966e28c8b363cc9,3086,kaggle_3m/TCGA_CS_4943_20000902/TCGA_CS_4943_20000902_17_mask.tif,2
lgg_seg,lgg_seg,kaggle_3m/TCGA_CS_4943_20000902/TCGA_CS_4943_20000902_18.tif,TCGA_CS_4943_20000902_18,tumor,p2,train,none,52,-1,,False,19676286cb36bcc9,2344,kaggle_3m/TCGA_CS_4943_20000902/TCGA_CS_4943_20000902_18_mask.tif,2
lgg_seg,lgg_seg,kaggle_3m/TCGA_CS_4943_20000902/TCGA_CS_4943_20000902_19.tif,TCGA_CS_4943_20000902_19,tumor,p2,train,none,53,-1,,False,9c7139c6c33c9cc3,819,kaggle_3m/TCGA_CS_4943_20000902/TCGA_CS_4943_20000902_19_mask.tif,2
lgg_seg,lgg_seg,kaggle_3m/TCGA_CS_4943_20000902/TCGA_CS_4943_20000902_2.tif,TCGA_CS_4943_20000902_2,empty,p2,train,none,54,-1,,False,e99c879c4ef8b083,0,kaggle_3m/TCGA_CS_4943_20000902/TCGA_CS_4943_20000902_2_mask.tif,2
lgg_seg,lgg_seg,kaggle_3m/TCGA_CS_4943_20000902/TCGA_CS_4943_20000902_20.tif,TCGA_CS_4943_20000902_20,empty,p2,train,none,55,-1,,False,c4191cf3f30c8cf3,0,kaggle_3m/TCGA_CS_4943_20000902/TCGA_CS_4943_20000902_20_mask.tif,2
lgg_seg,lgg_seg,kaggle_3m/TCGA_CS_4943_20000902/TCGA_CS_4943_20000902_3.tif,TCGA_CS_4943_20000902_3,empty,p2,train,none,56,-1,,False,f11c0f9c5cf8b483,0,kaggle_3m/TCGA_CS_4943_20000902/TCGA_CS_4943_20000902_3_mask.tif,2
lgg_seg,lgg_seg,kaggle_3m/TCGA_CS_4943_20000902/TCGA_CS_4943_20000902_4.tif,TCGA_CS_4943_20000902_4,empty,p2,train,none,57,-1,,False,e11e0fbccc78bc03,0,kaggle_3m/TCGA_CS_4943_20000902/TCGA_CS_4943_20000902_4_mask.tif,2
lgg_seg,lgg_seg,kaggle_3m/TCGA_CS_4943_20000902/TCGA_CS_4943_20000902_5.tif,TCGA_CS_4943_20000902_5,empty,p2,train,none,58,-1,,False,c3078dbc5ed8b483,0,kaggle_3m/TCGA_CS_4943_20000902/TCGA_CS_4943_20000902_5_mask.tif,2
lgg_seg,lgg_seg,kaggle_3m/TCGA_CS_4943_20000902/TCGA_CS_4943_20000902_6.tif,TCGA_CS_4943_20000902_6,empty,p2,train,none,58,-1,duplicate_of:TCGA_CS_4943_20000902_5,False,c317853c5edcb483,0,kaggle_3m/TCGA_CS_4943_20000902/TCGA_CS_4943_20000902_6_mask.tif,2
lgg_seg,lgg_seg,kaggle_3m/TCGA_CS_4943_20000902/TCGA_CS_4943_20000902_7.tif,TCGA_CS_4943_20000902_7,empty,p2,train,none,60,-1,,False,c99686bc1e5cf423,0,kaggle_3m/TCGA_CS_4943_20000902/TCGA_CS_4943_20000902_7_mask.tif,2
lgg_seg,lgg_seg,kaggle_3m/TCGA_CS_4943_20000902/TCGA_CS_4943_20000902_8.tif,TCGA_CS_4943_20000902_8,empty,p2,train,none,61,-1,,False,cd9e86944e7c7423,0,kaggle_3m/TCGA_CS_4943_20000902/TCGA_CS_4943_20000902_8_mask.tif,2
lgg_seg,lgg_seg,kaggle_3m/TCGA_CS_4943_20000902/TCGA_CS_4943_20000902_9.tif,TCGA_CS_4943_20000902_9,empty,p2,train,none,61,-1,duplicate_of:TCGA_CS_4943_20000902_8,False,cc9e069c4e7cf423,0,kaggle_3m/TCGA_CS_4943_20000902/TCGA_CS_4943_20000902_9_mask.tif,2
lgg_seg,lgg_seg,kaggle_3m/TCGA_CS_4944_20010208/TCGA_CS_4944_20010208_1.tif,TCGA_CS_4944_20010208_1,empty,p3,train,none,63,-1,,False,99b64996695aa669,0,kaggle_3m/TCGA_CS_4944_20010208/TCGA_CS_4944_20010208_1_mask.tif,5
lgg_seg,lgg_seg,kaggle_3m/TCGA_CS_4944_20010208/TCGA_CS_4944_20010208_10.tif,TCGA_CS_4944_20010208_10,tumor,p3,train,none,64,-1,,False,99868b96a75c7863,6189,kaggle_3m/TCGA_CS_4944_20010208/TCGA_CS_4944_20010208_10_mask.tif,5
lgg_seg,lgg_seg,kaggle_3m/TCGA_CS_4944_20010208/TCGA_CS_4944_20010208_11.tif,TCGA_CS_4944_20010208_11,tumor,p3,train,none,65,-1,,False,dba68996875c5863,5178,kaggle_3m/TCGA_CS_4944_20010208/TCGA_CS_4944_20010208_11_mask.tif,5
lgg_seg,lgg_seg,kaggle_3m/TCGA_CS_4944_20010208/TCGA_CS_4944_20010208_12.tif,TCGA_CS_4944_20010208_12,tumor,p3,train,none,66,-1,,False,d3a6c936879c7861,3911,kaggle_3m/TCGA_CS_4944_20010208/TCGA_CS_4944_20010208_12_mask.tif,5
lgg_seg,lgg_seg,kaggle_3m/TCGA_CS_4944_20010208/TCGA_CS_4944_20010208_13.tif,TCGA_CS_4944_20010208_13,tumor,p3,train,none,66,-1,duplicate_of:TCGA_CS_4944_20010208_12,False,f38cc936879c7861,1509,kaggle_3m/TCGA_CS_4944_20010208/TCGA_CS_4944_20010208_13_mask.tif,5
lgg_seg,lgg_seg,kaggle_3m/TCGA_CS_4944_20010208/TCGA_CS_4944_20010208_14.tif,TCGA_CS_4944_20010208_14,tumor,p3,train,none,68,-1,,False,738ce126879c7c69,442,kaggle_3m/TCGA_CS_4944_20010208/TCGA_CS_4944_20010208_14_mask.tif,5
lgg_seg,lgg_seg,kaggle_3m/TCGA_CS_4944_20010208/TCGA_CS_4944_20010208_15.tif,TCGA_CS_4944_20010208_15,empty,p3,train,none,69,-1,,False,71a4e386871e7c69,0,kaggle_3m/TCGA_CS_4944_20010208/TCGA_CS_4944_20010208_15_mask.tif,5
lgg_seg,lgg_seg,kaggle_3m/TCGA_CS_4944_20010208/TCGA_CS_4944_20010208_16.tif,TCGA_CS_4944_20010208_16,empty,p3,train,none,69,-1,duplicate_of:TCGA_CS_4944_20010208_15,False,f1a4e386871e3c69,0,kaggle_3m/TCGA_CS_4944_20010208/TCGA_CS_4944_20010208_16_mask.tif,5
lgg_seg,lgg_seg,kaggle_3m/TCGA_CS_4944_20010208/TCGA_CS_4944_20010208_17.tif,TCGA_CS_4944_20010208_17,empty,p3,train,none,69,-1,duplicate_of:TCGA_CS_4944_20010208_15,False,792ce38687963c69,0,kaggle_3m/TCGA_CS_4944_20010208/TCGA_CS_4944_20010208_17_mask.tif,5
lgg_seg,lgg_seg,kaggle_3m/TCGA_CS_4944_20010208/TCGA_CS_4944_20010208_18.tif,TCGA_CS_4944_20010208_18,empty,p3,train,none,72,-1,,False,316dd98cc3963c69,0,kaggle_3m/TCGA_CS_4944_20010208/TCGA_CS_4944_20010208_18_mask.tif,5
lgg_seg,lgg_seg,kaggle_3m/TCGA_CS_4944_20010208/TCGA_CS_4944_20010208_19.tif,TCGA_CS_4944_20010208_19,empty,p3,train,none,73,-1,,False,196979acc3961c79,0,kaggle_3m/TCGA_CS_4944_20010208/TCGA_CS_4944_20010208_19_mask.tif,5
lgg_seg,lgg_seg,kaggle_3m/TCGA_CS_4944_20010208/TCGA_CS_4944_20010208_2.tif,TCGA_CS_4944_20010208_2,empty,p3,train,none,74,-1,,False,989c8b1e5a786de1,0,kaggle_3m/TCGA_CS_4944_20010208/TCGA_CS_4944_20010208_2_mask.tif,5
lgg_seg,lgg_seg,kaggle_3m/TCGA_CS_4944_20010208/TCGA_CS_4944_20010208_20.tif,TCGA_CS_4944_20010208_20,empty,p3,train,none,75,-1,,False,99d91866e78c1973,0,kaggle_3m/TCGA_CS_4944_20010208/TCGA_CS_4944_20010208_20_mask.tif,5
lgg_seg,lgg_seg,kaggle_3m/TCGA_CS_4944_20010208/TCGA_CS_4944_20010208_3.tif,TCGA_CS_4944_20010208_3,empty,p3,train,none,76,-1,,False,9a9e8b1c5a78e1a3,0,kaggle_3m/TCGA_CS_4944_20010208/TCGA_CS_4944_20010208_3_mask.tif,5
lgg_seg,lgg_seg,kaggle_3m/TCGA_CS_4944_20010208/TCGA_CS_4944_20010208_4.tif,TCGA_CS_4944_20010208_4,empty,p3,train,none,77,-1,,False,9a9e4b3cda5aa1a1,0,kaggle_3m/TCGA_CS_4944_20010208/TCGA_CS_4944_20010208_4_mask.tif,5
lgg_seg,lgg_seg,kaggle_3m/TCGA_CS_4944_20010208/TCGA_CS_4944_20010208_5.tif,TCGA_CS_4944_20010208_5,empty,p3,train,none,78,-1,,False,f20e0b9cd85ea7a1,0,kaggle_3m/TCGA_CS_4944_20010208/TCGA_CS_4944_20010208_5_mask.tif,5
lgg_seg,lgg_seg,kaggle_3m/TCGA_CS_4944_20010208/TCGA_CS_4944_20010208_6.tif,TCGA_CS_4944_20010208_6,tumor,p3,train,none,79,-1,,False,e6868d9c9a5e69a1,493,kaggle_3m/TCGA_CS_4944_20010208/TCGA_CS_4944_20010208_6_mask.tif,5
lgg_seg,lgg_seg,kaggle_3m/TCGA_CS_4944_20010208/TCGA_CS_4944_20010208_7.tif,TCGA_CS_4944_20010208_7,tumor,p3,train,none,80,-1,,False,cd86a69c9c5e63a1,1024,kaggle_3m/TCGA_CS_4944_20010208/TCGA_CS_4944_20010208_7_mask.tif,5
lgg_seg,lgg_seg,kaggle_3m/TCGA_CS_4944_20010208/TCGA_CS_4944_20010208_8.tif,TCGA_CS_4944_20010208_8,tumor,p3,train,none,81,-1,,False,61a6a7968c5c78e3,3428,kaggle_3m/TCGA_CS_4944_20010208/TCGA_CS_4944_20010208_8_mask.tif,5
lgg_seg,lgg_seg,kaggle_3m/TCGA_CS_4944_20010208/TCGA_CS_4944_20010208_9.tif,TCGA_CS_4944_20010208_9,tumor,p3,train,none,82,-1,,False,e38687968d5c78e1,5936,kaggle_3m/TCGA_CS_4944_20010208/TCGA_CS_4944_20010208_9_mask.tif,5
lgg_seg,lgg_seg,kaggle_3m/TCGA_CS_5393_19990606/TCGA_CS_5393_19990606_1.tif,TCGA_CS_5393_19990606_1,empty,p4,val,none,83,-1,,False,33b6333cf3740c43,0,kaggle_3m/TCGA_CS_5393_19990606/TCGA_CS_5393_19990606_1_mask.tif,1
lgg_seg,lgg_seg,kaggle_3m/TCGA_CS_5393_19990606/TCGA_CS_5393_19990606_10.tif,TCGA_CS_5393_19990606_10,tumor,p4,val,none,84,-1,,False,3334233eccb4d6c9,5326,kaggle_3m/TCGA_CS_5393_19990606/TCGA_CS_5393_19990606_10_mask.tif,1
lgg_seg,lgg_seg,kaggle_3m/TCGA_CS_5393_19990606/TCGA_CS_5393_19990606_11.tif,TCGA_CS_5393_19990606_11,tumor,p4,val,none,85,-1,,False,331c233c8db4f6c9,4132,kaggle_3m/TCGA_CS_5393_19990606/TCGA_CS_5393_19990606_11_mask.tif,1
lgg_seg,lgg_seg,kaggle_3m/TCGA_CS_5393_19990606/TCGA_CS_5393_19990606_12.tif,TCGA_CS_5393_19990606_12,tumor,p4,val,none,86,-1,,False,618c672e8d34b6cb,2610,kaggle_3m/TCGA_CS_5393_19990606/TCGA_CS_5393_19990606_12_mask.tif,1
lgg_seg,lgg_seg,kaggle_3m/TCGA_CS_5393_19990606/TCGA_CS_5393_19990606_13.tif,TCGA_CS_5393_19990606_13,empty,p4,val,none,87,-1,,False,738c6d0e8d3436cb,0,kaggle_3m/TCGA_CS_5393_19990606/TCGA_CS_5393_19990606_13_mask.tif,1
lgg_seg,lgg_seg,kaggle_3m/TCGA_CS_5393_19990606/TCGA_CS_5393_19990606_14.tif,TCGA_CS_5393_19990606_14,empty,p4,val,none,88,-1,,False,cb8e498e2d3496cb,0,kaggle_3m/TCGA_CS_5393_19990606/TCGA_CS_5393_19990606_14_mask.tif,1
lgg_seg,lgg_seg,kaggle_3m/TCGA_CS_5393_19990606/TCGA_CS_5393_19990606_15.tif,TCGA_CS_5393_19990606_15,empty,p4,val,none,89,-1,,False,c9c6cb8c2d3c96c3,0,kaggle_3m/TCGA_CS_5393_19990606/TCGA_CS_5393_19990606_15_mask.tif,1
lgg_seg,lgg_seg,kaggle_3m/TCGA_CS_5393_19990606/TCGA_CS_5393_19990606_16.tif,TCGA_CS_5393_19990606_16,empty,p4,val,none,90,-1,,False,7986c90e2d3c96e3,0,kaggle_3m/TCGA_CS_5393_19990606/TCGA_CS_5393_19990606_16_mask.tif,1
lgg_seg,lgg_seg,kaggle_3m/TCGA_CS_5393_19990606/TCGA_CS_5393_19990606_17.tif,TCGA_CS_5393_19990606_17,empty,p4,val,none,91,-1,,False,7386e10e6d3c9663,0,kaggle_3m/TCGA_CS_5393_19990606/TCGA_CS_5393_19990606_17_mask.tif,1
lgg_seg,lgg_seg,kaggle_3m/TCGA_CS_5393_19990606/TCGA_CS_5393_19990606_18.tif,TCGA_CS_5393_19990606_18,empty,p4,val,none,92,-1,,False,d38c718e493c9673,0,kaggle_3m/TCGA_CS_5393_19990606/TCGA_CS_5393_19990606_18_mask.tif,1
lgg_seg,lgg_seg,kaggle_3m/TCGA_CS_5393_19990606/TCGA_CS_5393_19990606_19.tif,TCGA_CS_5393_19990606_19,empty,p4,val,none,93,-1,,False,33c4f38c492c9cf3,0,kaggle_3m/TCGA_CS_5393_19990606/TCGA_CS_5393_19990606_19_mask.tif,1
lgg_seg,lgg_seg,kaggle_3m/TCGA_CS_5393_19990606/TCGA_CS_5393_19990606_2.tif,TCGA_CS_5393_19990606_2,empty,p4,val,none,94,-1,,False,13bee4bc337c0c43,0,kaggle_3m/TCGA_CS_5393_19990606/TCGA_CS_5393_19990606_2_mask.tif,1
lgg_seg,lgg_seg,kaggle_3m/TCGA_CS_5393_19990606/TCGA_CS_5393_19990606_20.tif,TCGA_CS_5393_19990606_20,empty,p4,val,none,95,-1,,False,364d99e6c92c26d9,0,kaggle_3m/TCGA_CS_5393_19990606/TCGA_CS_5393_19990606_20_mask.tif,1
lgg_seg,lgg_seg,kaggle_3m/TCGA_CS_5393_19990606/TCGA_CS_5393_19990606_3.tif,TCGA_CS_5393_19990606_3,empty,p4,val,none,96,-1,,False,333ced9632fc0c43,0,kaggle_3m/TCGA_CS_5393_19990606/TCGA_CS_5393_19990606_3_mask.tif,1
lgg_seg,lgg_seg,kaggle_3m/TCGA_CS_5393_19990606/TCGA_CS_5393_19990606_4.tif,TCGA_CS_5393_19990606_4,empty,p4,val,none,97,-1,,False,7c1ce3b6f07c0e03,0,kaggle_3m/TCGA_CS_5393_19990606/TCGA_CS_5393_19990606_4_mask.tif,1
lgg_seg,lgg_seg,kaggle_3m/TCGA_CS_5393_19990606/TCGA_CS_5393_19990606_5.tif,TCGA_CS_5393_19990606_5,tumor,p4,val,none,98,-1,,False,26ee63beb0f40e03,253,kaggle_3m/TCGA_CS_5393_19990606/TCGA_CS_5393_19990606_5_mask.tif,1
lgg_seg,lgg_seg,kaggle_3m/TCGA_CS_5393_19990606/TCGA_CS_5393_19990606_6.tif,TCGA_CS_5393_19990606_6,tumor,p4,val,none,99,-1,,False,6c2ccf3c32b60e4b,1441,kaggle_3m/TCGA_CS_5393_19990606/TCGA_CS_5393_19990606_6_mask.tif,1
lgg_seg,lgg_seg,kaggle_3m/TCGA_CS_5393_19990606/TCGA_CS_5393_19990606_7.tif,TCGA_CS_5393_19990606_7,tumor,p4,val,none,100,-1,,False,e36c8f0e3cb68649,4681,kaggle_3m/TCGA_CS_5393_19990606/TCGA_CS_5393_19990606_7_mask.tif,1
lgg_seg,lgg_seg,kaggle_3m/TCGA_CS_5393_19990606/TCGA_CS_5393_19990606_8.tif,TCGA_CS_5393_19990606_8,tumor,p4,val,none,100,-1,duplicate_of:TCGA_CS_5393_19990606_7,False,e36ccf0e3cb48649,5692,kaggle_3m/TCGA_CS_5393_19990606/TCGA_CS_5393_19990606_8_mask.tif,1
lgg_seg,lgg_seg,kaggle_3m/TCGA_CS_5393_19990606/TCGA_CS_5393_19990606_9.tif,TCGA_CS_5393_19990606_9,tumor,p4,val,none,102,-1,,False,6326471eacb696c9,5855,kaggle_3m/TCGA_CS_5393_19990606/TCGA_CS_5393_19990606_9_mask.tif,1
lgg_seg,lgg_seg,kaggle_3m/TCGA_CS_5395_19981004/TCGA_CS_5395_19981004_1.tif,TCGA_CS_5395_19981004_1,empty,p5,train,none,103,-1,,False,799663dee0780669,0,kaggle_3m/TCGA_CS_5395_19981004/TCGA_CS_5395_19981004_1_mask.tif,7
lgg_seg,lgg_seg,kaggle_3m/TCGA_CS_5395_19981004/TCGA_CS_5395_19981004_10.tif,TCGA_CS_5395_19981004_10,empty,p5,train,none,104,-1,,False,c32c873c24fcdc63,0,kaggle_3m/TCGA_CS_5395_19981004/TCGA_CS_5395_19981004_10_mask.tif,7
lgg_seg,lgg_seg,kaggle_3m/TCGA_CS_5395_19981004/TCGA_CS_5395_19981004_11.tif,TCGA_CS_5395_19981004_11,empty,p5,train,none,105,-1,,False,631c837ca6dc9c63,0,kaggle_3m/TCGA_CS_5395_19981004/TCGA_CS_5395_19981004_11_mask.tif,7
lgg_seg,lgg_seg,kaggle_3m/TCGA_CS_5395_19981004/TCGA_CS_5395_19981004_12.tif,TCGA_CS_5395_19981004_12,tumor,p5,train,none,106,-1,,False,679c817686dc9c63,735,kaggle_3m/TCGA_CS_5395_19981004/TCGA_CS_5395_19981004_12_mask.tif,7
lgg_seg,lgg_seg,kaggle_3m/TCGA_CS_5395_19981004/TCGA_CS_5395_19981004_13.tif,TCGA_CS_5395_19981004_13,tumor,p5,train,none,107,-1,,False,631c4d96877c9c63,840,kaggle_3m/TCGA_CS_5395_19981004/TCGA_CS_5395_19981004_13_mask.tif,7
lgg_seg,lgg_seg,kaggle_3m/TCGA_CS_5395_19981004/TCGA_CS_5395_19981004_14.tif,TCGA_CS_5395_19981004_14,tumor,p5,train,none,107,-1,duplicate_of:TCGA_CS_5395_19981004_13,False,e31c6996875c9c63,781,kaggle_3m/TCGA_CS_5395_19981004/TCGA_CS_5395_19981004_14_mask.tif,7
lgg_seg,lgg_seg,kaggle_3m/TCGA_CS_5395_19981004/TCGA_CS_5395_19981004_15.tif,TCGA_CS_5395_19981004_15,empty,p5,train,none,109,-1,,False,e38c4b9ca71c9c63,0,kaggle_3m/TCGA_CS_5395_19981004/TCGA_CS_5395_19981004_15_mask.tif,7
lgg_seg,lgg_seg,kaggle_3m/TCGA_CS_5395_19981004/TCGA_CS_5395_19981004_16.tif,TCGA_CS_5395_19981004_16,empty,p5,train,none,110,-1,,False,738c639cc39c9c63,0,kaggle_3m/TCGA_CS_5395_19981004/TCGA_CS_5395_19981004_16_mask.tif,7
lgg_seg,lgg_seg,kaggle_3m/TCGA_CS_5395_19981004/TCGA_CS_5395_19981004_17.tif,TCGA_CS_5395_19981004_17,empty,p5,train,none,111,-1,,False,199e631ce39c9c63,0,kaggle_3m/TCGA_CS_5395_19981004/TCGA_CS_5395_19981004_17_mask.tif,7
lgg_seg,lgg_seg,kaggle_3m/TCGA_CS_5395_19981004/TCGA_CS_5395_19981004_18.tif,TCGA_CS_5395_19981004_18,empty,p5,train,none,112,-1,,False,998cf30c639c9c73,0,kaggle_3m/TCGA_CS_5395_19981004/TCGA_CS_5395_19981004_18_mask.tif,7
lgg_seg,lgg_seg,kaggle_3m/TCGA_CS_5395_19981004/TCGA_CS_5395_19981004_19.tif,TCGA_CS_5395_19981004_19,empty,p5,train,none,113,-1,,False,9ccc338cd926a6d9,0,kaggle_3m/TCGA_CS_5395_19981004/TCGA_CS_5395_19981004_19_mask.tif,7
lgg_seg,lgg_seg,kaggle_3m/TCGA_CS_5395_19981004/TCGA_CS_5395_19981004_2.tif,TCGA_CS_5395_19981004_2,empty,p5,train,none,114,-1,,False,709ce39ef2780e23,0,kaggle_3m/TCGA_CS_5395_19981004/TCGA_CS_5395_19981004_2_mask.tif,7
lgg_seg,lgg_seg,kaggle_3m/TCGA_CS_5395_19981004/TCGA_CS_5395_19981004_20.tif,TCGA_CS_5395_19981004_20,empty,p5,train,none,115,-1,,False,8e3966cc336cc639,0,kaggle_3m/TCGA_CS_5395_19981004/TCGA_CS_5395_19981004_20_mask.tif,7
lgg_seg,lgg_seg,kaggle_3m/TCGA_CS_5395_19981004/TCGA_CS_5395_19981004_3.tif,TCGA_CS_5395_19981004_3,empty,p5,train,none,116,-1,,False,62bca7bed2720c23,0,kaggle_3m/TCGA_CS_5395_19981004/TCGA_CS_5395_19981004_3_mask.tif,7
lgg_seg,lgg_seg,kaggle_3m/TCGA_CS_5395_19981004/TCGA_CS_5395_19981004_4.tif,TCGA_CS_5395_19981004_4,empty,p5,train,none,117,-1,,False,4e0ce73cb6780ce3,0,kaggle_3m/TCGA_CS_5395_19981004/TCGA_CS_5395_19981004_4_mask.tif,7
lgg_seg,lgg_seg,kaggle_3m/TCGA_CS_5395_19981004/TCGA_CS_5395_19981004_5.tif,TCGA_CS_5395_19981004_5,empty,p5,train,none,118,-1,,False,4b3ca7b41e5c8c63,0,kaggle_3m/TCGA_CS_5395_19981004/TCGA_CS_5395_19981004_5_mask.tif,7
lgg_seg,lgg_seg,kaggle_3m/TCGA_CS_5395_19981004/TCGA_CS_5395_19981004_6.tif,TCGA_CS_5395_19981004_6,empty,p5,train,none,119,-1,,False,6334a636965c9ce3,0,kaggle_3m/TCGA_CS_5395_19981004/TCGA_CS_5395_19981004_6_mask.tif,7
lgg_seg,lgg_seg,kaggle_3m/TCGA_CS_5395_19981004/TCGA_CS_5395_19981004_7.tif,TCGA_CS_5395_19981004_7,empty,p5,train,none,120,-1,,False,2736a63ce65c1cc3,0,kaggle_3m/TCGA_CS_5395_19981004/TCGA_CS_5395_19981004_7_mask.tif,7
lgg_seg,lgg_seg,kaggle_3m/TCGA_CS_5395_19981004/TCGA_CS_5395_19981004_8.tif,TCGA_CS_5395_19981004_8,empty,p5,train,none,121,-1,,False,8d34a49ca67c5ce3,0,kaggle_3m/TCGA_CS_5395_19981004/TCGA_CS_5395_19981004_8_mask.tif,7
lgg_seg,lgg_seg,kaggle_3m/TCGA_CS_5395_19981004/TCGA_CS_5395_19981004_9.tif,TCGA_CS_5395_19981004_9,empty,p5,train,none,122,-1,,False,c33486bca67c5c63,0,kaggle_3m/TCGA_CS_5395_19981004/TCGA_CS_5395_19981004_9_mask.tif,7
lgg_seg,lgg_seg,kaggle_3m/TCGA_CS_5396_20010302/TCGA_CS_5396_20010302_1.tif,TCGA_CS_5396_20010302_1,empty,p6,train,none,123,-1,,False,c9ce4b263cb4c64b,0,kaggle_3m/TCGA_CS_5396_20010302/TCGA_CS_5396_20010302_1_mask.tif,2
lgg_seg,lgg_seg,kaggle_3m/TCGA_CS_5396_20010302/TCGA_CS_5396_20010302_10.tif,TCGA_CS_5396_20010302_10,empty,p6,train,none,124,-1,,False,c32e2c36b0f4c74b,0,kaggle_3m/TCGA_CS_5396_20010302/TCGA_CS_5396_20010302_10_mask.tif,2
lgg_seg,lgg_seg,kaggle_3m/TCGA_CS_5396_20010302/TCGA_CS_5396_20010302_11.tif,TCGA_CS_5396_20010302_11,empty,p6,train,none,125,-1,,False,4c2e3c34b1f4c3cb,0,kaggle_3m/TCGA_CS_5396_20010302/TCGA_CS_5396_20010302_11_mask.tif,2
lgg_seg,lgg_seg,kaggle_3m/TCGA_CS_5396_20010302/TCGA_CS_5396_20010302_12.tif,TCGA_CS_5396_20010302_12,tumor,p6,train,none,126,-1,,False,0e2e78bcb5f4c303,916,kaggle_3m/TCGA_CS_5396_20010302/TCGA_CS_5396_20010302_12_mask.tif,2
lgg_seg,lgg_seg,kaggle_3m/TCGA_CS_5396_20010302/TCGA_CS_5396_20010302_13.tif,TCGA_CS_5396_20010302_13,tumor,p6,train,none,127,-1,,False,0e0e783cadf4d343,2897,kaggle_3m/TCGA_CS_5396_20010302/TCGA_CS_5396_20010302_13_mask.tif,2
lgg_seg,lgg_seg,kaggle_3m/TCGA_CS_5396_20010302/TCGA_CS_5396_20010302_14.tif,TCGA_CS_5396_20010302_14,tumor,p6,train,none,127,-1,duplicate_of:TCGA_CS_5396_20010302_13,False,4c0e783cadf4d343,5077,kaggle_3m/TCGA_CS_5396_20010302/TCGA_CS_5396_20010302_14_mask.tif,2
lgg_seg,lgg_seg,kaggle_3m/TCGA_CS_5396_20010302/TCGA_CS_5396_20010302_15.tif,TCGA_CS_5396_20010302_15,tumor,p6,train,none,127,-1,duplicate_of:TCGA_CS_5396_20010302_13,False,4c0e783cacf4d363,5618,kaggle_3m/TCGA_CS_5396_20010302/TCGA_CS_5396_20010302_15_mask.tif,2
lgg_seg,lgg_seg,kaggle_3m/TCGA_CS_5396_20010302/TCGA_CS_5396_20010302_16.tif,TCGA_CS_5396_20010302_16,tumor,p6,train,none,127,-1,duplicate_of:TCGA_CS_5396_20010302_13,False,0c0c793cadf4d363,4162,kaggle_3m/TCGA_CS_5396_20010302/TCGA_CS_5396_20010302_16_mask.tif,2
lgg_seg,lgg_seg,kaggle_3m/TCGA_CS_5396_20010302/TCGA_CS_5396_20010302_17.tif,TCGA_CS_5396_20010302_17,tumor,p6,train,none,131,-1,,False,4c8e483c2dfcd363,4748,kaggle_3m/TCGA_CS_5396_20010302/TCGA_CS_5396_20010302_17_mask.tif,2
lgg_seg,lgg_seg,kaggle_3m/TCGA_CS_5396_20010302/TCGA_CS_5396_20010302_18.tif,TCGA_CS_5396_20010302_18,tumor,p6,train,none,132,-1,,False,dbc6482c2dbcd643,3780,kaggle_3m/TCGA_CS_5396_20010302/TCGA_CS_5396_20010302_18_mask.tif,2
lgg_seg,lgg_seg,kaggle_3m/TCGA_CS_5396_20010302/TCGA_CS_5396_20010302_19.tif,TCGA_CS_5396_20010302_19,tumor,p6,train,none,10,-1,,False,9bc6490c2dbcb6c3,2771,kaggle_3m/TCGA_CS_5396_20010302/TCGA_CS_5396_20010302_19_mask.tif,2
lgg_seg,lgg_seg,kaggle_3m/TCGA_CS_5396_20010302/TCGA_CS_5396_20010302_2.tif,TCGA_CS_5396_20010302_2,empty,p6,train,none,134,-1,,False,cb46e1a43616cee9,0,kaggle_3m/TCGA_CS_5396_20010302/TCGA_CS_5396_20010302_2_mask.tif,2
lgg_seg,lgg_seg,kaggle_3m/TCGA_CS_5396_20010302/TCGA_CS_5396_20010302_20.tif,TCGA_CS_5396_20010302_20,tumor,p6,train,none,10,-1,duplicate_of:TCGA_CS_5396_20010302_19,False,93c6d90c2d3cb6c3,1592,kaggle_3m/TCGA_CS_5396_20010302/TCGA_CS_5396_20010302_20_mask.tif,2
lgg_seg,lgg_seg,kaggle_3m/TCGA_CS_5396_20010302/TCGA_CS_5396_20010302_21.tif,TCGA_CS_5396_20010302_21,tumor,p6,train,none,10,-1,duplicate_of:TCGA_CS_5396_20010302_19,False,b1c7d90c493cb6c3,347,kaggle_3m/TCGA_CS_5396_20010302/TCGA_CS_5396_20010302_21_mask.tif,2
lgg_seg,lgg_seg,kaggle_3m/TCGA_CS_5396_20010302/TCGA_CS_5396_20010302_22.tif,TCGA_CS_5396_20010302_22,tumor,p6,train,none,10,-1,duplicate_of:TCGA_CS_5396_20010302_19,False,366393cc493c26f3,110,kaggle_3m/TCGA_CS_5396_20010302/TCGA_CS_5396_20010302_22_mask.tif,2
lgg_seg,lgg_seg,kaggle_3m/TCGA_CS_5396_20010302/TCGA_CS_5396_20010302_23.tif,TCGA_CS_5396_20010302_23,empty,p6,train,none,10,-1,duplicate_of:TCGA_CS_4941_19960909_19,False,6e3333c6c90c26f3,0,kaggle_3m/TCGA_CS_5396_20010302/TCGA_CS_5396_20010302_23_mask.tif,2
lgg_seg,lgg_seg,kaggle_3m/TCGA_CS_5396_20010302/TCGA_CS_5396_20010302_24.tif,TCGA_CS_5396_20010302_24,empty,p6,train,none,139,-1,,False,e3194c33b3cccc33,0,kaggle_3m/TCGA_CS_5396_20010302/TCGA_CS_5396_20010302_24_mask.tif,2
lgg_seg,lgg_seg,kaggle_3m/TCGA_CS_5396_20010302/TCGA_CS_5396_20010302_3.tif,TCGA_CS_5396_20010302_3,empty,p6,train,none,140,-1,,False,c36c2d06367ccbc3,0,kaggle_3m/TCGA_CS_5396_20010302/TCGA_CS_5396_20010302_3_mask.tif,2
lgg_seg,lgg_seg,kaggle_3m/TCGA_CS_5396_20010302/TCGA_CS_5396_20010302_4.tif,TCGA_CS_5396_20010302_4,empty,p6,train,none,141,-1,,False,cb46692636f48e4b,0,kaggle_3m/TCGA_CS_5396_20010302/TCGA_CS_5396_20010302_4_mask.tif,2
lgg_seg,lgg_seg,kaggle_3m/TCGA_CS_5396_20010302/TCGA_CS_5396_20010302_5.tif,TCGA_CS_5396_20010302_5,empty,p6,train,none,142,-1,,False,db4e292672f40e4b,0,kaggle_3m/TCGA_CS_5396_20010302/TCGA_CS_5396_20010302_5_mask.tif,2
lgg_seg,lgg_seg,kaggle_3m/TCGA_CS_5396_20010302/TCGA_CS_5396_20010302_6.tif,TCGA_CS_5396_20010302_6,empty,p6,train,none,143,-1,,False,db0c6996f2f40e0b,0,kaggle_3m/TCGA_CS_5396_20010302/TCGA_CS_5396_20010302_6_mask.tif,2
lgg_seg,lgg_seg,kaggle_3m/TCGA_CS_5396_20010302/TCGA_CS_5396_20010302_7.tif,TCGA_CS_5396_20010302_7,empty,p6,train,none,144,-1,,False,d98c2796f4f40e0b,0,kaggle_3m/TCGA_CS_5396_20010302/TCGA_CS_5396_20010302_7_mask.tif,2
lgg_seg,lgg_seg,kaggle_3m/TCGA_CS_5396_20010302/TCGA_CS_5396_20010302_8.tif,TCGA_CS_5396_20010302_8,empty,p6,train,none,145,-1,,False,d94d4b96f4f40629,0,kaggle_3m/TCGA_CS_5396_20010302/TCGA_CS_5396_20010302_8_mask.tif,2
lgg_seg,lgg_seg,kaggle_3m/TCGA_CS_5396_20010302/TCGA_CS_5396_20010302_9.tif,TCGA_CS_5396_20010302_9,empty,p6,train,none,146,-1,,False,d90d6f96b4f4060b,0,kaggle_3m/TCGA_CS_5396_20010302/TCGA_CS_5396_20010302_9_mask.tif,2
lgg_seg,lgg_seg,kaggle_3m/TCGA_CS_5397_20010315/TCGA_CS_5397_20010315_1.tif,TCGA_CS_5397_20010315_1,empty,p7,train,none,147,-1,,False,cccc0e26f63459cb,0,kaggle_3m/TCGA_CS_5397_20010315/TCGA_CS_5397_20010315_1_mask.tif,9
lgg_seg,lgg_seg,kaggle_3m/TCGA_CS_5397_20010315/TCGA_CS_5397_20010315_10.tif,TCGA_CS_5397_20010315_10,tumor,p7,train,none,148,-1,,False,63a6261c2d3ed6c9,1463,kaggle_3m/TCGA_CS_5397_20010315/TCGA_CS_5397_20010315_10_mask.tif,9
lgg_seg,lgg_seg,kaggle_3m/TCGA_CS_5397_20010315/TCGA_CS_5397_20010315_11.tif,TCGA_CS_5397_20010315_11,tumor,p7,train,none,149,-1,,False,63a62c1cad16d6e9,845,kaggle_3m/TCGA_CS_5397_20010315/TCGA_CS_5397_20010315_11_mask.tif,9
lgg_seg,lgg_seg,kaggle_3m/TCGA_CS_5397_20010315/TCGA_CS_5397_20010315_12.tif,TCGA_CS_5397_20010315_12,tumor,p7,train,none,150,-1,,False,638c6d1cad1696e9,395,kaggle_3m/TCGA_CS_5397_20010315/TCGA_CS_5397_20010315_12_mask.tif,9
lgg_seg,lgg_seg,kaggle_3m/TCGA_CS_5397_20010315/TCGA_CS_5397_20010315_13.tif,TCGA_CS_5397_20010315_13,empty,p7,train,none,73,-1,duplicate_of:TCGA_CS_4944_20010208_19,False,69ce6d0ea51616e9,0,kaggle_3m/TCGA_CS_5397_20010315/TCGA_CS_5397_20010315_13_mask.tif,9
lgg_seg,lgg_seg,kaggle_3m/TCGA_CS_5397_20010315/TCGA_CS_5397_20010315_14.tif,TCGA_CS_5397_20010315_14,empty,p7,train,none,73,-1,duplicate_of:TCGA_CS_4944_20010208_19,False,69e66986a51696e9,0,kaggle_3m/TCGA_CS_5397_20010315/TCGA_CS_5397_20010315_14_mask.tif,9
lgg_seg,lgg_seg,kaggle_3m/TCGA_CS_5397_20010315/TCGA_CS_5397_20010315_15.tif,TCGA_CS_5397_20010315_15,empty,p7,train,none,73,-1,duplicate_of:TCGA_CS_4944_20010208_19,False,6be66906a51696e9,0,kaggle_3m/TCGA_CS_5397_20010315/TCGA_CS_5397_20010315_15_mask.tif,9
lgg_seg,lgg_seg,kaggle_3m/TCGA_CS_5397_20010315/TCGA_CS_5397_20010315_16.tif,TCGA_CS_5397_20010315_16,empty,p7,train,none,73,-1,duplicate_of:TCGA_CS_4944_20010208_19,False,69e66d0ea51616e9,0,kaggle_3m/TCGA_CS_5397_20010315/TCGA_CS_5397_20010315_16_mask.tif,9
lgg_seg,lgg_seg,kaggle_3m/TCGA_CS_5397_20010315/TCGA_CS_5397_20010315_17.tif,TCGA_CS_5397_20010315_17,empty,p7,train,none,73,-1,duplicate_of:TCGA_CS_4944_20010208_19,False,79e6690ea51616e9,0,kaggle_3m/TCGA_CS_5397_20010315/TCGA_CS_5397_20010315_17_mask.tif,9
lgg_seg,lgg_seg,kaggle_3m/TCGA_CS_5397_20010315/TCGA_CS_5397_20010315_18.tif,TCGA_CS_5397_20010315_18,empty,p7,train,none,73,-1,duplicate_of:TCGA_CS_4944_20010208_19,False,59c4698eed169669,0,kaggle_3m/TCGA_CS_5397_20010315/TCGA_CS_5397_20010315_18_mask.tif,9
lgg_seg,lgg_seg,kaggle_3m/TCGA_CS_5397_20010315/TCGA_CS_5397_20010315_19.tif,TCGA_CS_5397_20010315_19,empty,p7,train,none,157,-1,,False,1be4618c6d969679,0,kaggle_3m/TCGA_CS_5397_20010315/TCGA_CS_5397_20010315_19_mask.tif,9
lgg_seg,lgg_seg,kaggle_3m/TCGA_CS_5397_20010315/TCGA_CS_5397_20010315_2.tif,TCGA_CS_5397_20010315_2,empty,p7,train,none,158,-1,,False,cdcc36263634c9cb,0,kaggle_3m/TCGA_CS_5397_20010315/TCGA_CS_5397_20010315_2_mask.tif,9
lgg_seg,lgg_seg,kaggle_3m/TCGA_CS_5397_20010315/TCGA_CS_5397_20010315_20.tif,TCGA_CS_5397_20010315_20,empty,p7,train,none,73,-1,duplicate_of:TCGA_CS_4944_20010208_19,False,936159c669969679,0,kaggle_3m/TCGA_CS_5397_20010315/TCGA_CS_5397_20010315_20_mask.tif,9
lgg_seg,lgg_seg,kaggle_3m/TCGA_CS_5397_20010315/TCGA_CS_5397_20010315_21.tif,TCGA_CS_5397_20010315_21,empty,p7,train,none,73,-1,duplicate_of:TCGA_CS_4944_20010208_19,False,a69999666986a679,0,kaggle_3m/TCGA_CS_5397_20010315/TCGA_CS_5397_20010315_21_mask.tif,9
lgg_seg,lgg_seg,kaggle_3m/TCGA_CS_5397_20010315/TCGA_CS_5397_20010315_22.tif,TCGA_CS_5397_20010315_22,empty,p7,train,none,161,-1,,False,6699369999666699,0,kaggle_3m/TCGA_CS_5397_20010315/TCGA_CS_5397_20010315_22_mask.tif,9
lgg_seg,lgg_seg,kaggle_3m/TCGA_CS_5397_20010315/TCGA_CS_5397_20010315_3.tif,TCGA_CS_5397_20010315_3,empty,p7,train,none,162,-1,,False,d366392c363cc3c3,0,kaggle_3m/TCGA_CS_5397_20010315/TCGA_CS_5397_20010315_3_mask.tif,9
lgg_seg,lgg_seg,kaggle_3m/TCGA_CS_5397_20010315/TCGA_CS_5397_20010315_4.tif,TCGA_CS_5397_20010315_4,empty,p7,train,none,163,-1,,False,e32e4d3c343c63c3,0,kaggle_3m/TCGA_CS_5397_20010315/TCGA_CS_5397_20010315_4_mask.tif,9
lgg_seg,lgg_seg,kaggle_3m/TCGA_CS_5397_20010315/TCGA_CS_5397_20010315_5.tif,TCGA_CS_5397_20010315_5,empty,p7,train,none,164,-1,,False,ce4c49b63c3c2763,0,kaggle_3m/TCGA_CS_5397_20010315/TCGA_CS_5397_20010315_5_mask.tif,9
lgg_seg,lgg_seg,kaggle_3m/TCGA_CS_5397_20010315/TCGA_CS_5397_20010315_6.tif,TCGA_CS_5397_20010315_6,empty,p7,train,none,165,-1,,False,ce4d693636b46643,0,kaggle_3m/TCGA_CS_5397_20010315/TCGA_CS_5397_20010315_6_mask.tif,9
lgg_seg,lgg_seg,kaggle_3m/TCGA_CS_5397_20010315/TCGA_CS_5397_20010315_7.tif,TCGA_CS_5397_20010315_7,tumor,p7,train,none,166,-1,,False,d9cd4f2c3434c6c3,427,kaggle_3m/TCGA_CS_5397_20010315/TCGA_CS_5397_20010315_7_mask.tif,9
lgg_seg,lgg_seg,kaggle_3m/TCGA_CS_5397_20010315/TCGA_CS_5397_20010315_8.tif,TCGA_CS_5397_20010315_8,tumor,p7,train,none,167,-1,,False,f9c5c70c3c36c649,734,kaggle_3m/TCGA_CS_5397_20010315/TCGA_CS_5397_20010315_8_mask.tif,9
lgg_seg,lgg_seg,kaggle_3m/TCGA_CS_5397_20010315/TCGA_CS_5397_20010315_9.tif,TCGA_CS_5397_20010315_9,tumor,p7,train,none,168,-1,,False,e966c7843c36c6c9,1214,kaggle_3m/TCGA_CS_5397_20010315/TCGA_CS_5397_20010315_9_mask.tif,9
lgg_seg,lgg_seg,kaggle_3m/TCGA_CS_6186_20000601/TCGA_CS_6186_20000601_1.tif,TCGA_CS_6186_20000601_1,empty,p8,train,none,169,-1,,False,391e393c709cc7c3,0,kaggle_3m/TCGA_CS_6186_20000601/TCGA_CS_6186_20000601_1_mask.tif,3
lgg_seg,lgg_seg,kaggle_3m/TCGA_CS_6186_20000601/TCGA_CS_6186_20000601_10.tif,TCGA_CS_6186_20000601_10,empty,p8,train,none,170,-1,,False,698ea41cb63e56e1,0,kaggle_3m/TCGA_CS_6186_20000601/TCGA_CS_6186_20000601_10_mask.tif,3
lgg_seg,lgg_seg,kaggle_3m/TCGA_CS_6186_20000601/TCGA_CS_6186_20000601_11.tif,TCGA_CS_6186_20000601_11,empty,p8,train,none,171,-1,,False,691e243ca65ed6e1,0,kaggle_3m/TCGA_CS_6186_20000601/TCGA_CS_6186_20000601_11_mask.tif,3
lgg_seg,lgg_seg,kaggle_3m/TCGA_CS_6186_20000601/TCGA_CS_6186_20000601_12.tif,TCGA_CS_6186_20000601_12,empty,p8,train,none,172,-1,,False,3136b434a75cd2e9,0,kaggle_3m/TCGA_CS_6186_20000601/TCGA_CS_6186_20000601_12_mask.tif,3
lgg_seg,lgg_seg,kaggle_3m/TCGA_CS_6186_20000601/TCGA_CS_6186_20000601_13.tif,TCGA_CS_6186_20000601_13,empty,p8,train,none,173,-1,,False,e316e11ca55c5ec9,0,kaggle_3m/TCGA_CS_6186_20000601/TCGA_CS_6186_20000601_13_mask.tif,3
lgg_seg,lgg_seg,kaggle_3m/TCGA_CS_6186_20000601/TCGA_CS_6186_20000601_14.tif,TCGA_CS_6186_20000601_14,empty,p8,train,none,174,-1,,False,7336a91ca55cd2e1,0,kaggle_3m/TCGA_CS_6186_20000601/TCGA_CS_6186_20000601_14_mask.tif,3
lgg_seg,lgg_seg,kaggle_3m/TCGA_CS_6186_20000601/TCGA_CS_6186_20000601_15.tif,TCGA_CS_6186_20000601_15,tumor,p8,train,none,174,-1,,False,7316ac1ca5dcd2e1,1485,kaggle_3m/TCGA_CS_6186_20000601/TCGA_CS_6186_20000601_15_mask.tif,3
lgg_seg,lgg_seg,kaggle_3m/TCGA_CS_6186_20000601/TCGA_CS_6186_20000601_16.tif,TCGA_CS_6186_20000601_16,tumor,p8,train,none,176,-1,,False,73162c36a71cd2e3,2079,kaggle_3m/TCGA_CS_6186_20000601/TCGA_CS_6186_20000601_16_mask.tif,3
lgg_seg,lgg_seg,kaggle_3m/TCGA_CS_6186_20000601/TCGA_CS_6186_20000601_17.tif,TCGA_CS_6186_20000601_17,tumor,p8,train,none,177,-1,,False,69066d1ea71cd2e3,2054,kaggle_3m/TCGA_CS_6186_20000601/TCGA_CS_6186_20000601_17_mask.tif,3
lgg_seg,lgg_seg,kaggle_3m/TCGA_CS_6186_20000601/TCGA_CS_6186_20000601_18.tif,TCGA_CS_6186_20000601_18,tumor,p8,train,none,177,-1,duplicate_of:TCGA_CS_6186_20000601_17,False,6986691ea71cd2e3,1539,kaggle_3m/TCGA_CS_6186_20000601/TCGA_CS_6186_20000601_18_mask.tif,3
lgg_seg,lgg_seg,kaggle_3m/TCGA_CS_6186_20000601/TCGA_CS_6186_20000601_19.tif,TCGA_CS_6186_20000601_19,tumor,p8,train,none,179,-1,,False,598e690ea53c96e3,1401,kaggle_3m/TCGA_CS_6186_20000601/TCGA_CS_6186_20000601_19_mask.tif,3
lgg_seg,lgg_seg,kaggle_3m/TCGA_CS_6186_20000601/TCGA_CS_6186_20000601_2.tif,TCGA_CS_6186_20000601_2,empty,p8,train,none,180,-1,,False,391639bc38bcc363,0,kaggle_3m/TCGA_CS_6186_20000601/TCGA_CS_6186_20000601_2_mask.tif,3
lgg_seg,lgg_seg,kaggle_3m/TCGA_CS_6186_20000601/TCGA_CS_6186_20000601_20.tif,TCGA_CS_6186_20000601_20,tumor,p8,train,none,179,-1,duplicate_of:TCGA_CS_6186_20000601_19,False,d9ce690ca51c96e3,283,kaggle_3m/TCGA_CS_6186_20000601/TCGA_CS_6186_20000601_20_mask.tif,3
lgg_seg,lgg_seg,kaggle_3m/TCGA_CS_6186_20000601/TCGA_CS_6186_20000601_21.tif,TCGA_CS_6186_20000601_21,empty,p8,train,none,182,-1,,False,99e45b0c6d1c9673,0,kaggle_3m/TCGA_CS_6186_20000601/TCGA_CS_6186_20000601_21_mask.tif,3
lgg_seg,lgg_seg,kaggle_3m/TCGA_CS_6186_20000601/TCGA_CS_6186_20000601_22.tif,TCGA_CS_6186_20000601_22,empty,p8,train,none,183,-1,,False,b2c1dbcc491cb671,0,kaggle_3m/TCGA_CS_6186_20000601/TCGA_CS_6186_20000601_22_mask.tif,3
lgg_seg,lgg_seg,kaggle_3m/TCGA_CS_6186_20000601/TCGA_CS_6186_20000601_23.tif,TCGA_CS_6186_20000601_23,empty,p8,train,none,184,-1,,False,269b93cc498e3673,0,kaggle_3m/TCGA_CS_6186_20000601/TCGA_CS_6186_20000601_23_mask.tif,3
lgg_seg,lgg_seg,kaggle_3m/TCGA_CS_6186_20000601/TCGA_CS_6186_20000601_24.tif,TCGA_CS_6186_20000601_24,empty,p8,train,none,185,-1,,False,2cb326d9d9e62619,0,kaggle_3m/TCGA_CS_6186_20000601/TCGA_CS_6186_20000601_24_mask.tif,3
lgg_seg,lgg_seg,kaggle_3m/TCGA_CS_6186_20000601/TCGA_CS_6186_20000601_25.tif,TCGA_CS_6186_20000601_25,empty,p8,train,none,161,-1,duplicate_of:TCGA_CS_5397_20010315_22,False,8e66669999666699,0,kaggle_3m/TCGA_CS_6186_20000601/TCGA_CS_6186_20000601_25_mask.tif,3
lgg_seg,lgg_seg,kaggle_3m/TCGA_CS_6186_20000601/TCGA_CS_6186_20000601_3.tif,TCGA_CS_6186_20000601_3,empty,p8,train,none,187,-1,,False,79262bb4b05ccbc3,0,kaggle_3m/TCGA_CS_6186_20000601/TCGA_CS_6186_20000601_3_mask.tif,3
lgg_seg,lgg_seg,kaggle_3m/TCGA_CS_6186_20000601/TCGA_CS_6186_20000601_4.tif,TCGA_CS_6186_20000601_4,empty,p8,train,none,188,-1,,False,7886239cb878cbcb,0,kaggle_3m/TCGA_CS_6186_20000601/TCGA_CS_6186_20000601_4_mask.tif,3
lgg_seg,lgg_seg,kaggle_3m/TCGA_CS_6186_20000601/TCGA_CS_6186_20000601_5.tif,TCGA_CS_6186_20000601_5,empty,p8,train,none,189,-1,,False,7a86639cb27c8b89,0,kaggle_3m/TCGA_CS_6186_20000601/TCGA_CS_6186_20000601_5_mask.tif,3
lgg_seg,lgg_seg,kaggle_3m/TCGA_CS_6186_20000601/TCGA_CS_6186_20000601_6.tif,TCGA_CS_6186_20000601_6,empty,p8,train,none,190,-1,,False,5e53e394367c0f09,0,kaggle_3m/TCGA_CS_6186_20000601/TCGA_CS_6186_20000601_6_mask.tif,3
lgg_seg,lgg_seg,kaggle_3m/TCGA_CS_6186_20000601/TCGA_CS_6186_20000601_7.tif,TCGA_CS_6186_20000601_7,empty,p8,train,none,191,-1,,False,6e0f279cb0786723,0,kaggle_3m/TCGA_CS_6186_20000601/TCGA_CS_6186_20000601_7_mask.tif,3
lgg_seg,lgg_seg,kaggle_3m/TCGA_CS_6186_20000601/TCGA_CS_6186_20000601_8.tif,TCGA_CS_6186_20000601_8,empty,p8,train,none,192,-1,,False,6f0e26b4b45a4769,0,kaggle_3m/TCGA_CS_6186_20000601/TCGA_CS_6186_20000601_8_mask.tif,3
lgg_seg,lgg_seg,kaggle_3m/TCGA_CS_6186_20000601/TCGA_CS_6186_20000601_9.tif,TCGA_CS_6186_20000601_9,empty,p8,train,none,193,-1,,False,6d06263cb65e16e9,0,kaggle_3m/TCGA_CS_6186_20000601/TCGA_CS_6186_20000601_9_mask.tif,3
lgg_seg,lgg_seg,kaggle_3m/TCGA_CS_6188_20010812/TCGA_CS_6188_20010812_1.tif,TCGA_CS_6188_20010812_1,empty,p9,test,none,194,-1,,True,269a1c1e7e78a7a1,0,kaggle_3m/TCGA_CS_6188_20010812/TCGA_CS_6188_20010812_1_mask.tif,0
lgg_seg,lgg_seg,kaggle_3m/TCGA_CS_6188_20010812/TCGA_CS_6188_20010812_10.tif,TCGA_CS_6188_20010812_10,empty,p9,test,none,195,-1,,True,251ea41e72fae6a1,0,kaggle_3m/TCGA_CS_6188_20010812/TCGA_CS_6188_20010812_10_mask.tif,0
lgg_seg,lgg_seg,kaggle_3m/TCGA_CS_6188_20010812/TCGA_CS_6188_20010812_11.tif,TCGA_CS_6188_20010812_11,empty,p9,test,none,196,-1,,True,2536b65a72dacb81,0,kaggle_3m/TCGA_CS_6188_20010812/TCGA_CS_6188_20010812_11_mask.tif,0
lgg_seg,lgg_seg,kaggle_3m/TCGA_CS_6188_20010812/TCGA_CS_6188_20010812_12.tif,TCGA_CS_6188_20010812_12,empty,p9,test,none,197,-1,,True,b316b35857d858a9,0,kaggle_3m/TCGA_CS_6188_20010812/TCGA_CS_6188_20010812_12_mask.tif,0
lgg_seg,lgg_seg,kaggle_3m/TCGA_CS_6188_20010812/TCGA_CS_6188_20010812_13.tif,TCGA_CS_6188_20010812_13,empty,p9,test,none,198,-1,,True,b312b31a37f87289,0,kaggle_3m/TCGA_CS_6188_20010812/TCGA_CS_6188_20010812_13_mask.tif,0
lgg_seg,lgg_seg,kaggle_3m/TCGA_CS_6188_20010812/TCGA_CS_6188_20010812_14.tif,TCGA_CS_6188_20010812_14,tumor,p9,test,none,199,-1,,True,a71ea71c37785289,116,kaggle_3m/TCGA_CS_6188_20010812/TCGA_CS_6188_20010812_14_mask.tif,0
lgg_seg,lgg_seg,kaggle_3m/TCGA_CS_6188_20010812/TCGA_CS_6188_20010812_15.tif,TCGA_CS_6188_20010812_15,tumor,p9,test,none,199,-1,duplicate_of:TCGA_CS_6188_20010812_14,True,a71ea59c35787289,847,kaggle_3m/TCGA_CS_6188_20010812/TCGA_CS_6188_20010812_15_mask.tif,0
lgg_seg,lgg_seg,kaggle_3m/TCGA_CS_6188_20010812/TCGA_CS_6188_20010812_16.tif,TCGA_CS_6188_20010812_16,tumor,p9,test,none,201,-1,,True,e71ca53c25f87283,495,kaggle_3m/TCGA_CS_6188_20010812/TCGA_CS_6188_20010812_16_mask.tif,0
lgg_seg,lgg_seg,kaggle_3m/TCGA_CS_6188_20010812/TCGA_CS_6188_20010812_17.tif,TCGA_CS_6188_20010812_17,tumor,p9,test,none,202,-1,,True,473c2d1e25d8f683,610,kaggle_3m/TCGA_CS_6188_20010812/TCGA_CS_6188_20010812_17_mask.tif,0
lgg_seg,lgg_seg,kaggle_3m/TCGA_CS_6188_20010812/TCGA_CS_6188_20010812_18.tif,TCGA_CS_6188_20010812_18,empty,p9,test,none,203,-1,,True,4b2c6d3c25f8d683,0,kaggle_3m/TCGA_CS_6188_20010812/TCGA_CS_6188_20010812_18_mask.tif,0
lgg_seg,lgg_seg,kaggle_3m/TCGA_CS_6188_20010812/TCGA_CS_6188_20010812_19.tif,TCGA_CS_6188_20010812_19,empty,p9,test,none,204,-1,,True,cb2c693c2d7896c3,0,kaggle_3m/TCGA_CS_6188_20010812/TCGA_CS_6188_20010812_19_mask.tif,0
lgg_seg,lgg_seg,kaggle_3m/TCGA_CS_6188_20010812/TCGA_CS_6188_20010812_2.tif,TCGA_CS_6188_20010812_2,empty,p9,test,none,205,-1,,True,269e341e7678c7a1,0,kaggle_3m/TCGA_CS_6188_20010812/TCGA_CS_6188_20010812_2_mask.tif,0
lgg_seg,lgg_seg,kaggle_3m/TCGA_CS_6188_20010812/TCGA_CS_6188_20010812_20.tif,TCGA_CS_6188_20010812_20,empty,p9,test,none,10,-1,duplicate_of:TCGA_CS_4941_19960909_19,True,d34c492e2d3e96c3,0,kaggle_3m/TCGA_CS_6188_20010812/TCGA_CS_6188_20010812_20_mask.tif,0
lgg_seg,lgg_seg,kaggle_3m/TCGA_CS_6188_20010812/TCGA_CS_6188_20010812_21.tif,TCGA_CS_6188_20010812_21,empty,p9,test,none,10,-1,duplicate_of:TCGA_CS_4941_19960909_19,True,93ccd90c6d34b6c3,0,kaggle_3m/TCGA_CS_6188_20010812/TCGA_CS_6188_20010812_21_mask.tif,0
lgg_seg,lgg_seg,kaggle_3m/TCGA_CS_6188_20010812/TCGA_CS_6188_20010812_22.tif,TCGA_CS_6188_20010812_22,empty,p9,test,none,208,-1,,True,b3e1934c493636d9,0,kaggle_3m/TCGA_CS_6188_20010812/TCGA_CS_6188_20010812_22_mask.tif,0
lgg_seg,lgg_seg,kaggle_3m/TCGA_CS_6188_20010812/TCGA_CS_6188_20010812_23.tif,TCGA_CS_6188_20010812_23,empty,p9,test,none,10,-1,duplicate_of:TCGA_CS_4941_19960909_19,True,6433b3cec90c26f3,0,kaggle_3m/TCGA_CS_6188_20010812/TCGA_CS_6188_20010812_23_mask.tif,0
lgg_seg,lgg_seg,kaggle_3m/TCGA_CS_6188_20010812/TCGA_CS_6188_20010812_24.tif,TCGA_CS_6188_20010812_24,empty,p9,test,none,210,-1,,True,6639e63319cc6633,0,kaggle_3m/TCGA_CS_6188_20010812/TCGA_CS_6188_20010812_24_mask.tif,0
lgg_seg,lgg_seg,kaggle_3m/TCGA_CS_6188_20010812/TCGA_CS_6188_20010812_3.tif,TCGA_CS_6188_20010812_3,empty,p9,test,none,211,-1,,True,ba1e94166ef8c6a1,0,kaggle_3m/TCGA_CS_6188_20010812/TCGA_CS_6188_20010812_3_mask.tif,0
lgg_seg,lgg_seg,kaggle_3m/TCGA_CS_6188_20010812/TCGA_CS_6188_20010812_4.tif,TCGA_CS_6188_20010812_4,empty,p9,test,none,212,-1,,True,f81e24587cfa87a1,0,kaggle_3m/TCGA_CS_6188_20010812/TCGA_CS_6188_20010812_4_mask.tif,0
lgg_seg,lgg_seg,kaggle_3m/TCGA_CS_6188_20010812/TCGA_CS_6188_20010812_5.tif,TCGA_CS_6188_20010812_5,empty,p9,test,none,213,-1,,True,f212a5587ef886a9,0,kaggle_3m/TCGA_CS_6188_20010812/TCGA_CS_6188_20010812_5_mask.tif,0
lgg_seg,lgg_seg,kaggle_3m/TCGA_CS_6188_20010812/TCGA_CS_6188_20010812_6.tif,TCGA_CS_6188_20010812_6,empty,p9,test,none,214,-1,,True,d616a51a7e7886a9,0,kaggle_3m/TCGA_CS_6188_20010812/TCGA_CS_6188_20010812_6_mask.tif,0
lgg_seg,lgg_seg,kaggle_3m/TCGA_CS_6188_20010812/TCGA_CS_6188_20010812_7.tif,TCGA_CS_6188_20010812_7,empty,p9,test,none,215,-1,,True,a69e861e5e78a629,0,kaggle_3m/TCGA_CS_6188_20010812/TCGA_CS_6188_20010812_7_mask.tif,0
lgg_seg,lgg_seg,kaggle_3m/TCGA_CS_6188_20010812/TCGA_CS_6188_20010812_8.tif,TCGA_CS_6188_20010812_8,empty,p9,test,none,216,-1,,True,e634a6161ef8a6a9,0,kaggle_3m/TCGA_CS_6188_20010812/TCGA_CS_6188_20010812_8_mask.tif,0
lgg_seg,lgg_seg,kaggle_3m/TCGA_CS_6188_20010812/TCGA_CS_6188_20010812_9.tif,TCGA_CS_6188_20010812_9,empty,p9,test,none,217,-1,,True,e716ac1e16f8e681,0,kaggle_3m/TCGA_CS_6188_20010812/TCGA_CS_6188_20010812_9_mask.tif,0
lgg_seg,lgg_seg,kaggle_3m/TCGA_CS_6290_20000917/TCGA_CS_6290_20000917_1.tif,TCGA_CS_6290_20000917_1,empty,p10,train,none,218,-1,,False,e3b4831e19f85ca3,0,kaggle_3m/TCGA_CS_6290_20000917/TCGA_CS_6290_20000917_1_mask.tif,5
lgg_seg,lgg_seg,kaggle_3m/TCGA_CS_6290_20000917/TCGA_CS_6290_20000917_10.tif,TCGA_CS_6290_20000917_10,tumor,p10,train,none,219,-1,,False,8d1c861c2dded669,1247,kaggle_3m/TCGA_CS_6290_20000917/TCGA_CS_6290_20000917_10_mask.tif,5
lgg_seg,lgg_seg,kaggle_3m/TCGA_CS_6290_20000917/TCGA_CS_6290_20000917_11.tif,TCGA_CS_6290_20000917_11,tumor,p10,train,none,220,-1,,False,ad1687942d5c76e1,338,kaggle_3m/TCGA_CS_6290_20000917/TCGA_CS_6290_20000917_11_mask.tif,5
lgg_seg,lgg_seg,kaggle_3m/TCGA_CS_6290_20000917/TCGA_CS_6290_20000917_12.tif,TCGA_CS_6290_20000917_12,empty,p10,train,none,221,-1,,False,cd3607960d7c76c1,0,kaggle_3m/TCGA_CS_6290_20000917/TCGA_CS_6290_20000917_12_mask.tif,5
lgg_seg,lgg_seg,kaggle_3m/TCGA_CS_6290_20000917/TCGA_CS_6290_20000917_13.tif,TCGA_CS_6290_20000917_13,empty,p10,train,none,222,-1,,False,651c8d160ddcf6c3,0,kaggle_3m/TCGA_CS_6290_20000917/TCGA_CS_6290_20000917_13_mask.tif,5
lgg_seg,lgg_seg,kaggle_3m/TCGA_CS_6290_20000917/TCGA_CS_6290_20000917_14.tif,TCGA_CS_6290_20000917_14,empty,p10,train,none,222,-1,duplicate_of:TCGA_CS_6290_20000917_13,False,611c4d160dfcf6c3,0,kaggle_3m/TCGA_CS_6290_20000917/TCGA_CS_6290_20000917_14_mask.tif,5
lgg_seg,lgg_seg,kaggle_3m/TCGA_CS_6290_20000917/TCGA_CS_6290_20000917_15.tif,TCGA_CS_6290_20000917_15,empty,p10,train,none,224,-1,,False,cb0449362d7cf6c3,0,kaggle_3m/TCGA_CS_6290_20000917/TCGA_CS_6290_20000917_15_mask.tif,5
lgg_seg,lgg_seg,kaggle_3m/TCGA_CS_6290_20000917/TCGA_CS_6290_20000917_16.tif,TCGA_CS_6290_20000917_16,empty,p10,train,none,225,-1,,False,c30c692e2db6b6c9,0,kaggle_3m/TCGA_CS_6290_20000917/TCGA_CS_6290_20000917_16_mask.tif,5
lgg_seg,lgg_seg,kaggle_3m/TCGA_CS_6290_20000917/TCGA_CS_6290_20000917_17.tif,TCGA_CS_6290_20000917_17,empty,p10,train,none,226,-1,,False,d38ec92c0d36b6c3,0,kaggle_3m/TCGA_CS_6290_20000917/TCGA_CS_6290_20000917_17_mask.tif,5
lgg_seg,lgg_seg,kaggle_3m/TCGA_CS_6290_20000917/TCGA_CS_6290_20000917_18.tif,TCGA_CS_6290_20000917_18,empty,p10,train,none,227,-1,,False,33cec92cc93c36c3,0,kaggle_3m/TCGA_CS_6290_20000917/TCGA_CS_6290_20000917_18_mask.tif,5
lgg_seg,lgg_seg,kaggle_3m/TCGA_CS_6290_20000917/TCGA_CS_6290_20000917_19.tif,TCGA_CS_6290_20000917_19,empty,p10,train,none,228,-1,,False,3167738cc93636d1,0,kaggle_3m/TCGA_CS_6290_20000917/TCGA_CS_6290_20000917_19_mask.tif,5
lgg_seg,lgg_seg,kaggle_3m/TCGA_CS_6290_20000917/TCGA_CS_6290_20000917_2.tif,TCGA_CS_6290_20000917_2,empty,p10,train,none,229,-1,,False,c9b4871e1cda9ca9,0,kaggle_3m/TCGA_CS_6290_20000917/TCGA_CS_6290_20000917_2_mask.tif,5
lgg_seg,lgg_seg,kaggle_3m/TCGA_CS_6290_20000917/TCGA_CS_6290_20000917_20.tif,TCGA_CS_6290_20000917_20,empty,p10,train,none,230,-1,,False,2679b3c6491cb671,0,kaggle_3m/TCGA_CS_6290_20000917/TCGA_CS_6290_20000917_20_mask.tif,5
lgg_seg,lgg_seg,kaggle_3m/TCGA_CS_6290_20000917/TCGA_CS_6290_20000917_3.tif,TCGA_CS_6290_20000917_3,empty,p10,train,none,231,-1,,False,6396a51e1c7a96a9,0,kaggle_3m/TCGA_CS_6290_20000917/TCGA_CS_6290_20000917_3_mask.tif,5
lgg_seg,lgg_seg,kaggle_3m/TCGA_CS_6290_20000917/TCGA_CS_6290_20000917_4.tif,TCGA_CS_6290_20000917_4,empty,p10,train,none,232,-1,,False,6a96a5961c7c9ea1,0,kaggle_3m/TCGA_CS_6290_20000917/TCGA_CS_6290_20000917_4_mask.tif,5
lgg_seg,lgg_seg,kaggle_3m/TCGA_CS_6290_20000917/TCGA_CS_6290_20000917_5.tif,TCGA_CS_6290_20000917_5,empty,p10,train,none,233,-1,,False,6c6ca5961c7c76a1,0,kaggle_3m/TCGA_CS_6290_20000917/TCGA_CS_6290_20000917_5_mask.tif,5
lgg_seg,lgg_seg,kaggle_3m/TCGA_CS_6290_20000917/TCGA_CS_6290_20000917_6.tif,TCGA_CS_6290_20000917_6,empty,p10,train,none,234,-1,,False,c62c2d961e7c76a1,0,kaggle_3m/TCGA_CS_6290_20000917/TCGA_CS_6290_20000917_6_mask.tif,5
lgg_seg,lgg_seg,kaggle_3m/TCGA_CS_6290_20000917/TCGA_CS_6290_20000917_7.tif,TCGA_CS_6290_20000917_7,tumor,p10,train,none,235,-1,,False,8d9ca4160ede74e9,1162,kaggle_3m/TCGA_CS_6290_20000917/TCGA_CS_6290_20000917_7_mask.tif,5
lgg_seg,lgg_seg,kaggle_3m/TCGA_CS_6290_20000917/TCGA_CS_6290_20000917_8.tif,TCGA_CS_6290_20000917_8,tumor,p10,train,none,236,-1,,False,0f94a61c0dd6f669,1941,kaggle_3m/TCGA_CS_6290_20000917/TCGA_CS_6290_20000917_8_mask.tif,5
lgg_seg,lgg_seg,kaggle_3m/TCGA_CS_6290_20000917/TCGA_CS_6290_20000917_9.tif,TCGA_CS_6290_20000917_9,tumor,p10,train,none,236,-1,duplicate_of:TCGA_CS_6290_20000917_8,False,0d96861c2dd6f669,1928,kaggle_3m/TCGA_CS_6290_20000917/TCGA_CS_6290_20000917_9_mask.tif,5
lgg_seg,lgg_seg,kaggle_3m/TCGA_CS_6665_20010817/TCGA_CS_6665_20010817_1.tif,TCGA_CS_6665_20010817_1,empty,p11,val,none,238,-1,,False,198cf386791c8ee3,0,kaggle_3m/TCGA_CS_6665_20010817/TCGA_CS_6665_20010817_1_mask.tif,1
lgg_seg,lgg_seg,kaggle_3m/TCGA_CS_6665_20010817/TCGA_CS_6665_20010817_10.tif,TCGA_CS_6665_20010817_10,tumor,p11,val,none,239,-1,,False,63a6a49e961e9ce1,374,kaggle_3m/TCGA_CS_6665_20010817/TCGA_CS_6665_20010817_10_mask.tif,1
lgg_seg,lgg_seg,kaggle_3m/TCGA_CS_6665_20010817/TCGA_CS_6665_20010817_11.tif,TCGA_CS_6665_20010817_11,tumor,p11,val,none,240,-1,,False,6b26ac9ca61e9ce1,920,kaggle_3m/TCGA_CS_6665_20010817/TCGA_CS_6665_20010817_11_mask.tif,1
lgg_seg,lgg_seg,kaggle_3m/TCGA_CS_6665_20010817/TCGA_CS_6665_20010817_12.tif,TCGA_CS_6665_20010817_12,tumor,p11,val,none,241,-1,,False,69a62c9ce61e1ce3,934,kaggle_3m/TCGA_CS_6665_20010817/TCGA_CS_6665_20010817_12_mask.tif,1
lgg_seg,lgg_seg,kaggle_3m/TCGA_CS_6665_20010817/TCGA_CS_6665_20010817_13.tif,TCGA_CS_6665_20010817_13,tumor,p11,val,none,242,-1,,False,0da6b49ce71c1ce3,1636,kaggle_3m/TCGA_CS_6665_20010817/TCGA_CS_6665_20010817_13_mask.tif,1
lgg_seg,lgg_seg,kaggle_3m/TCGA_CS_6665_20010817/TCGA_CS_6665_20010817_14.tif,TCGA_CS_6665_20010817_14,tumor,p11,val,none,242,-1,duplicate_of:TCGA_CS_6665_20010817_13,False,0db6a49ce71c1ce3,1615,kaggle_3m/TCGA_CS_6665_20010817/TCGA_CS_6665_20010817_14_mask.tif,1
lgg_seg,lgg_seg,kaggle_3m/TCGA_CS_6665_20010817/TCGA_CS_6665_20010817_15.tif,TCGA_CS_6665_20010817_15,tumor,p11,val,none,242,-1,duplicate_of:TCGA_CS_6665_20010817_13,False,89b6e49ce71c1c63,1746,kaggle_3m/TCGA_CS_6665_20010817/TCGA_CS_6665_20010817_15_mask.tif,1
lgg_seg,lgg_seg,kaggle_3m/TCGA_CS_6665_20010817/TCGA_CS_6665_20010817_16.tif,TCGA_CS_6665_20010817_16,tumor,p11,val,none,245,-1,,False,d9b6ec8ca31c1c63,1921,kaggle_3m/TCGA_CS_6665_20010817/TCGA_CS_6665_20010817_16_mask.tif,1
lgg_seg,lgg_seg,kaggle_3m/TCGA_CS_6665_20010817/TCGA_CS_6665_20010817_17.tif,TCGA_CS_6665_20010817_17,tumor,p11,val,none,246,-1,,False,4da6ec9ca71c1c63,2344,kaggle_3m/TCGA_CS_6665_20010817/TCGA_CS_6665_20010817_17_mask.tif,1
lgg_seg,lgg_seg,kaggle_3m/TCGA_CS_6665_20010817/TCGA_CS_6665_20010817_18.tif,TCGA_CS_6665_20010817_18,tumor,p11,val,none,247,-1,,False,69a66d8ca79c1c63,2470,kaggle_3m/TCGA_CS_6665_20010817/TCGA_CS_6665_20010817_18_mask.tif,1
lgg_seg,lgg_seg,kaggle_3m/TCGA_CS_6665_20010817/TCGA_CS_6665_20010817_19.tif,TCGA_CS_6665_20010817_19,tumor,p11,val,none,247,-1,duplicate_of:TCGA_CS_6665_20010817_18,False,69a6698ca79c9c63,436,kaggle_3m/TCGA_CS_6665_20010817/TCGA_CS_6665_20010817_19_mask.tif,1
lgg_seg,lgg_seg,kaggle_3m/TCGA_CS_6665_20010817/TCGA_CS_6665_20010817_2.tif,TCGA_CS_6665_20010817_2,empty,p11,val,none,249,-1,,False,1c96939e961e6969,0,kaggle_3m/TCGA_CS_6665_20010817/TCGA_CS_6665_20010817_2_mask.tif,1
lgg_seg,lgg_seg,kaggle_3m/TCGA_CS_6665_20010817/TCGA_CS_6665_20010817_20.tif,TCGA_CS_6665_20010817_20,tumor,p11,val,none,250,-1,,False,5b26698c27bc9c63,442,kaggle_3m/TCGA_CS_6665_20010817/TCGA_CS_6665_20010817_20_mask.tif,1
lgg_seg,lgg_seg,kaggle_3m/TCGA_CS_6665_20010817/TCGA_CS_6665_20010817_21.tif,TCGA_CS_6665_20010817_21,empty,p11,val,none,250,-1,,False,5b66690ca7bc1c63,0,kaggle_3m/TCGA_CS_6665_20010817/TCGA_CS_6665_20010817_21_mask.tif,1
lgg_seg,lgg_seg,kaggle_3m/TCGA_CS_6665_20010817/TCGA_CS_6665_20010817_22.tif,TCGA_CS_6665_20010817_22,empty,p11,val,none,252,-1,,False,93e6492ce79c1c53,0,kaggle_3m/TCGA_CS_6665_20010817/TCGA_CS_6665_20010817_22_mask.tif,1
lgg_seg,lgg_seg,kaggle_3m/TCGA_CS_6665_20010817/TCGA_CS_6665_20010817_23.tif,TCGA_CS_6665_20010817_23,empty,p11,val,none,253,-1,,False,31c3592ce7bc1c53,0,kaggle_3m/TCGA_CS_6665_20010817/TCGA_CS_6665_20010817_23_mask.tif,1
lgg_seg,lgg_seg,kaggle_3m/TCGA_CS_6665_20010817/TCGA_CS_6665_20010817_24.tif,TCGA_CS_6665_20010817_24,empty,p11,val,none,254,-1,,False,32f3d94c66a61959,0,kaggle_3m/TCGA_CS_6665_20010817/TCGA_CS_6665_20010817_24_mask.tif,1
lgg_seg,lgg_seg,kaggle_3m/TCGA_CS_6665_20010817/TCGA_CS_6665_20010817_3.tif,TCGA_CS_6665_20010817_3,empty,p11,val,none,249,-1,duplicate_of:TCGA_CS_6665_20010817_2,False,1c96969e925e6969,0,kaggle_3m/TCGA_CS_6665_20010817/TCGA_CS_6665_20010817_3_mask.tif,1
lgg_seg,lgg_seg,kaggle_3m/TCGA_CS_6665_20010817/TCGA_CS_6665_20010817_4.tif,TCGA_CS_6665_20010817_4,empty,p11,val,none,249,-1,duplicate_of:TCGA_CS_6665_20010817_2,False,1e96869c925e69e9,0,kaggle_3m/TCGA_CS_6665_20010817/TCGA_CS_6665_20010817_4_mask.tif,1
lgg_seg,lgg_seg,kaggle_3m/TCGA_CS_6665_20010817/TCGA_CS_6665_20010817_5.tif,TCGA_CS_6665_20010817_5,empty,p11,val,none,257,-1,,False,1692ac1e525ee9e9,0,kaggle_3m/TCGA_CS_6665_20010817/TCGA_CS_6665_20010817_5_mask.tif,1
lgg_seg,lgg_seg,kaggle_3m/TCGA_CS_6665_20010817/TCGA_CS_6665_20010817_6.tif,TCGA_CS_6665_20010817_6,empty,p11,val,none,258,-1,,False,3693341e525ee9a9,0,kaggle_3m/TCGA_CS_6665_20010817/TCGA_CS_6665_20010817_6_mask.tif,1
lgg_seg,lgg_seg,kaggle_3m/TCGA_CS_6665_20010817/TCGA_CS_6665_20010817_7.tif,TCGA_CS_6665_20010817_7,empty,p11,val,none,259,-1,,False,9616761e525eada1,0,kaggle_3m/TCGA_CS_6665_20010817/TCGA_CS_6665_20010817_7_mask.tif,1
lgg_seg,lgg_seg,kaggle_3m/TCGA_CS_6665_20010817/TCGA_CS_6665_20010817_8.tif,TCGA_CS_6665_20010817_8,empty,p11,val,none,260,-1,,False,878c9c1e925eade1,0,kaggle_3m/TCGA_CS_6665_20010817/TCGA_CS_6665_20010817_8_mask.tif,1
lgg_seg,lgg_seg,kaggle_3m/TCGA_CS_6665_20010817/TCGA_CS_6665_20010817_9.tif,TCGA_CS_6665_20010817_9,empty,p11,val,none,261,-1,,False,6fa6a49e921e0de1,0,kaggle_3m/TCGA_CS_6665_20010817/TCGA_CS_6665_20010817_9_mask.tif,1
lgg_seg,lgg_seg,kaggle_3m/TCGA_CS_6666_20011109/TCGA_CS_6666_20011109_1.tif,TCGA_CS_6666_20011109_1,empty,p12,train,none,262,-1,,False,3cb6921cd3bc6343,0,kaggle_3m/TCGA_CS_6666_20011109/TCGA_CS_6666_20011109_1_mask.tif,8
lgg_seg,lgg_seg,kaggle_3m/TCGA_CS_6666_20011109/TCGA_CS_6666_20011109_10.tif,TCGA_CS_6666_20011109_10,empty,p12,train,none,263,-1,,False,a32cacbcd2fc2c43,0,kaggle_3m/TCGA_CS_6666_20011109/TCGA_CS_6666_20011109_10_mask.tif,8
lgg_seg,lgg_seg,kaggle_3m/TCGA_CS_6666_20011109/TCGA_CS_6666_20011109_11.tif,TCGA_CS_6666_20011109_11,empty,p12,train,none,264,-1,,False,692c96bc92f66c43,0,kaggle_3m/TCGA_CS_6666_20011109/TCGA_CS_6666_20011109_11_mask.tif,8
lgg_seg,lgg_seg,kaggle_3m/TCGA_CS_6666_20011109/TCGA_CS_6666_20011109_12.tif,TCGA_CS_6666_20011109_12,empty,p12,train,none,265,-1,,False,933496bc5bf46443,0,kaggle_3m/TCGA_CS_6666_20011109/TCGA_CS_6666_20011109_12_mask.tif,8
lgg_seg,lgg_seg,kaggle_3m/TCGA_CS_6666_20011109/TCGA_CS_6666_20011109_13.tif,TCGA_CS_6666_20011109_13,tumor,p12,train,none,266,-1,,False,92b6923c4ff46c43,305,kaggle_3m/TCGA_CS_6666_20011109/TCGA_CS_6666_20011109_13_mask.tif,8
lgg_seg,lgg_seg,kaggle_3m/TCGA_CS_6666_20011109/TCGA_CS_6666_20011109_14.tif,TCGA_CS_6666_20011109_14,tumor,p12,train,none,267,-1,,False,9996d31c47f46c43,2287,kaggle_3m/TCGA_CS_6666_20011109/TCGA_CS_6666_20011109_14_mask.tif,8
lgg_seg,lgg_seg,kaggle_3m/TCGA_CS_6666_20011109/TCGA_CS_6666_20011109_15.tif,TCGA_CS_6666_20011109_15,tumor,p12,train,none,268,-1,,False,890cc3bc2ff47c43,3159,kaggle_3m/TCGA_CS_6666_20011109/TCGA_CS_6666_20011109_15_mask.tif,8
lgg_seg,lgg_seg,kaggle_3m/TCGA_CS_6666_20011109/TCGA_CS_6666_20011109_16.tif,TCGA_CS_6666_20011109_16,tumor,p12,train,none,269,-1,,False,8f0cc7bc0cf47c43,3849,kaggle_3m/TCGA_CS_6666_20011109/TCGA_CS_6666_20011109_16_mask.tif,8
lgg_seg,lgg_seg,kaggle_3m/TCGA_CS_6666_20011109/TCGA_CS_6666_20011109_17.tif,TCGA_CS_6666_20011109_17,tumor,p12,train,none,270,-1,,False,ce2c473c0fb47c43,4213,kaggle_3m/TCGA_CS_6666_20011109/TCGA_CS_6666_20011109_17_mask.tif,8
lgg_seg,lgg_seg,kaggle_3m/TCGA_CS_6666_20011109/TCGA_CS_6666_20011109_18.tif,TCGA_CS_6666_20011109_18,tumor,p12,train,none,270,-1,duplicate_of:TCGA_CS_6666_20011109_17,False,ce0c673c0fb47c43,4197,kaggle_3m/TCGA_CS_6666_20011109/TCGA_CS_6666_20011109_18_mask.tif,8
lgg_seg,lgg_seg,kaggle_3m/TCGA_CS_6666_20011109/TCGA_CS_6666_20011109_19.tif,TCGA_CS_6666_20011109_19,tumor,p12,train,none,272,-1,,False,598ce73c8db434c3,4185,kaggle_3m/TCGA_CS_6666_20011109/TCGA_CS_6666_20011109_19_mask.tif,8
lgg_seg,lgg_seg,kaggle_3m/TCGA_CS_6666_20011109/TCGA_CS_6666_20011109_2.tif,TCGA_CS_6666_20011109_2,empty,p12,train,none,273,-1,,False,3636323cd3b4c9c3,0,kaggle_3m/TCGA_CS_6666_20011109/TCGA_CS_6666_20011109_2_mask.tif,8
lgg_seg,lgg_seg,kaggle_3m/TCGA_CS_6666_20011109/TCGA_CS_6666_20011109_20.tif,TCGA_CS_6666_20011109_20,tumor,p12,train,none,272,-1,duplicate_of:TCGA_CS_6666_20011109_19,False,7b8ce33c0db434c3,3981,kaggle_3m/TCGA_CS_6666_20011109/TCGA_CS_6666_20011109_20_mask.tif,8
lgg_seg,lgg_seg,kaggle_3m/TCGA_CS_6666_20011109/TCGA_CS_6666_20011109_21.tif,TCGA_CS_6666_20011109_21,tumor,p12,train,none,272,-1,duplicate_of:TCGA_CS_6666_20011109_19,False,f38ce32c0dbc34c3,3325,kaggle_3m/TCGA_CS_6666_20011109/TCGA_CS_6666_20011109_21_mask.tif,8
lgg_seg,lgg_seg,kaggle_3m/TCGA_CS_6666_20011109/TCGA_CS_6666_20011109_22.tif,TCGA_CS_6666_20011109_22,tumor,p12,train,none,272,-1,duplicate_of:TCGA_CS_6666_20011109_19,False,f3ccc32c8d3c34c3,2227,kaggle_3m/TCGA_CS_6666_20011109/TCGA_CS_6666_20011109_22_mask.tif,8
lgg_seg,lgg_seg,kaggle_3m/TCGA_CS_6666_20011109/TCGA_CS_6666_20011109_23.tif,TCGA_CS_6666_20011109_23,tumor,p12,train,none,272,-1,duplicate_of:TCGA_CS_6666_20011109_19,False,f3cec30c4d3c34c3,1502,kaggle_3m/TCGA_CS_6666_20011109/TCGA_CS_6666_20011109_23_mask.tif,8
lgg_seg,lgg_seg,kaggle_3m/TCGA_CS_6666_20011109/TCGA_CS_6666_20011109_24.tif,TCGA_CS_6666_20011109_24,empty,p12,train,none,10,-1,duplicate_of:TCGA_CS_4941_19960909_19,False,33c3d34c4b3c34d3,0,kaggle_3m/TCGA_CS_6666_20011109/TCGA_CS_6666_20011109_24_mask.tif,8
lgg_seg,lgg_seg,kaggle_3m/TCGA_CS_6666_20011109/TCGA_CS_6666_20011109_25.tif,TCGA_CS_6666_20011109_25,empty,p12,train,none,279,-1,,False,3043f3cccb2c34f3,0,kaggle_3m/TCGA_CS_6666_20011109/TCGA_CS_6666_20011109_25_mask.tif,8
lgg_seg,lgg_seg,kaggle_3m/TCGA_CS_6666_20011109/TCGA_CS_6666_20011109_26.tif,TCGA_CS_6666_20011109_26,empty,p12,train,none,280,-1,,False,30f334cccb0c3cf3,0,kaggle_3m/TCGA_CS_6666_20011109/TCGA_CS_6666_20011109_26_mask.tif,8
lgg_seg,lgg_seg,kaggle_3m/TCGA_CS_6666_20011109/TCGA_CS_6666_20011109_3.tif,TCGA_CS_6666_20011109_3,empty,p12,train,none,281,-1,,False,3636329cd33c69c3,0,kaggle_3m/TCGA_CS_6666_20011109/TCGA_CS_6666_20011109_3_mask.tif,8
lgg_seg,lgg_seg,kaggle_3m/TCGA_CS_6666_20011109/TCGA_CS_6666_20011109_4.tif,TCGA_CS_6666_20011109_4,empty,p12,train,none,282,-1,,False,3226f39cd9f46143,0,kaggle_3m/TCGA_CS_6666_20011109/TCGA_CS_6666_20011109_4_mask.tif,8
lgg_seg,lgg_seg,kaggle_3m/TCGA_CS_6666_20011109/TCGA_CS_6666_20011109_5.tif,TCGA_CS_6666_20011109_5,empty,p12,train,none,283,-1,,False,3226d39c9bd46963,0,kaggle_3m/TCGA_CS_6666_20011109/TCGA_CS_6666_20011109_5_mask.tif,8
lgg_seg,lgg_seg,kaggle_3m/TCGA_CS_6666_20011109/TCGA_CS_6666_20011109_6.tif,TCGA_CS_6666_20011109_6,empty,p12,train,none,284,-1,,False,3273193cd3f42d43,0,kaggle_3m/TCGA_CS_6666_20011109/TCGA_CS_6666_20011109_6_mask.tif,8
lgg_seg,lgg_seg,kaggle_3m/TCGA_CS_6666_20011109/TCGA_CS_6666_20011109_7.tif,TCGA_CS_6666_20011109_7,empty,p12,train,none,285,-1,,False,b326383cd3d42dc3,0,kaggle_3m/TCGA_CS_6666_20011109/TCGA_CS_6666_20011109_7_mask.tif,8
lgg_seg,lgg_seg,kaggle_3m/TCGA_CS_6666_20011109/TCGA_CS_6666_20011109_8.tif,TCGA_CS_6666_20011109_8,empty,p12,train,none,286,-1,,False,862e3c3cd2f42dc3,0,kaggle_3m/TCGA_CS_6666_20011109/TCGA_CS_6666_20011109_8_mask.tif,8
lgg_seg,lgg_seg,kaggle_3m/TCGA_CS_6666_20011109/TCGA_CS_6666_20011109_9.tif,TCGA_CS_6666_20011109_9,empty,p12,train,none,287,-1,,False,872f0cbcd2f42d43,0,kaggle_3m/TCGA_CS_6666_20011109/TCGA_CS_6666_20011109_9_mask.tif,8
lgg_seg,lgg_seg,kaggle_3m/TCGA_CS_6667_20011105/TCGA_CS_6667_20011105_1.tif,TCGA_CS_6667_20011105_1,empty,p13,train,none,288,-1,,False,1c96968c535c6de3,0,kaggle_3m/TCGA_CS_6667_20011105/TCGA_CS_6667_20011105_1_mask.tif,6
lgg_seg,lgg_seg,kaggle_3m/TCGA_CS_6667_20011105/TCGA_CS_6667_20011105_10.tif,TCGA_CS_6667_20011105_10,tumor,p13,train,none,289,-1,,False,36b6b214c75c58e9,343,kaggle_3m/TCGA_CS_6667_20011105/TCGA_CS_6667_20011105_10_mask.tif,6
lgg_seg,lgg_seg,kaggle_3m/TCGA_CS_6667_20011105/TCGA_CS_6667_20011105_11.tif,TCGA_CS_6667_20011105_11,tumor,p13,train,none,290,-1,,False,b026d9368d5c76c9,888,kaggle_3m/TCGA_CS_6667_20011105/TCGA_CS_6667_20011105_11_mask.tif,6
lgg_seg,lgg_seg,kaggle_3m/TCGA_CS_6667_20011105/TCGA_CS_6667_20011105_12.tif,TCGA_CS_6667_20011105_12,tumor,p13,train,none,291,-1,,False,f2a6c9368d1c36c9,1370,kaggle_3m/TCGA_CS_6667_20011105/TCGA_CS_6667_20011105_12_mask.tif,6
lgg_seg,lgg_seg,kaggle_3m/TCGA_CS_6667_20011105/TCGA_CS_6667_20011105_13.tif,TCGA_CS_6667_20011105_13,tumor,p13,train,none,291,-1,duplicate_of:TCGA_CS_6667_20011105_12,False,e2a6c9368d3c36c9,1765,kaggle_3m/TCGA_CS_6667_20011105/TCGA_CS_6667_20011105_13_mask.tif,6
lgg_seg,lgg_seg,kaggle_3m/TCGA_CS_6667_20011105/TCGA_CS_6667_20011105_14.tif,TCGA_CS_6667_20011105_14,tumor,p13,train,none,291,-1,duplicate_of:TCGA_CS_6667_20011105_12,False,e326c9368d1cb6c9,1565,kaggle_3m/TCGA_CS_6667_20011105/TCGA_CS_6667_20011105_14_mask.tif,6
lgg_seg,lgg_seg,kaggle_3m/TCGA_CS_6667_20011105/TCGA_CS_6667_20011105_15.tif,TCGA_CS_6667_20011105_15,tumor,p13,train,none,291,-1,duplicate_of:TCGA_CS_6667_20011105_12,False,f2a649362d1cb6c9,1269,kaggle_3m/TCGA_CS_6667_20011105/TCGA_CS_6667_20011105_15_mask.tif,6
lgg_seg,lgg_seg,kaggle_3m/TCGA_CS_6667_20011105/TCGA_CS_6667_20011105_16.tif,TCGA_CS_6667_20011105_16,tumor,p13,train,none,295,-1,,False,d32649b62d1e96c9,589,kaggle_3m/TCGA_CS_6667_20011105/TCGA_CS_6667_20011105_16_mask.tif,6
lgg_seg,lgg_seg,kaggle_3m/TCGA_CS_6667_20011105/TCGA_CS_6667_20011105_17.tif,TCGA_CS_6667_20011105_17,tumor,p13,train,none,295,-1,duplicate_of:TCGA_CS_6667_20011105_16,False,d3864936ad1e96c9,228,kaggle_3m/TCGA_CS_6667_20011105/TCGA_CS_6667_20011105_17_mask.tif,6
lgg_seg,lgg_seg,kaggle_3m/TCGA_CS_6667_20011105/TCGA_CS_6667_20011105_18.tif,TCGA_CS_6667_20011105_18,empty,p13,train,none,297,-1,,False,73c64916693696d9,0,kaggle_3m/TCGA_CS_6667_20011105/TCGA_CS_6667_20011105_18_mask.tif,6
lgg_seg,lgg_seg,kaggle_3m/TCGA_CS_6667_20011105/TCGA_CS_6667_20011105_19.tif,TCGA_CS_6667_20011105_19,empty,p13,train,none,298,-1,,False,9367598669369659,0,kaggle_3m/TCGA_CS_6667_20011105/TCGA_CS_6667_20011105_19_mask.tif,6
lgg_seg,lgg_seg,kaggle_3m/TCGA_CS_6667_20011105/TCGA_CS_6667_20011105_2.tif,TCGA_CS_6667_20011105_2,empty,p13,train,none,299,-1,,False,9c86968cfa5e6961,0,kaggle_3m/TCGA_CS_6667_20011105/TCGA_CS_6667_20011105_2_mask.tif,6
lgg_seg,lgg_seg,kaggle_3m/TCGA_CS_6667_20011105/TCGA_CS_6667_20011105_20.tif,TCGA_CS_6667_20011105_20,empty,p13,train,none,73,-1,duplicate_of:TCGA_CS_4944_20010208_19,False,b63999c669869659,0,kaggle_3m/TCGA_CS_6667_20011105/TCGA_CS_6667_20011105_20_mask.tif,6
lgg_seg,lgg_seg,kaggle_3m/TCGA_CS_6667_20011105/TCGA_CS_6667_20011105_3.tif,TCGA_CS_6667_20011105_3,empty,p13,train,none,301,-1,,False,9c86971c78d66969,0,kaggle_3m/TCGA_CS_6667_20011105/TCGA_CS_6667_20011105_3_mask.tif,6
lgg_seg,lgg_seg,kaggle_3m/TCGA_CS_6667_20011105/TCGA_CS_6667_20011105_4.tif,TCGA_CS_6667_20011105_4,empty,p13,train,none,302,-1,,False,96a68d1c5ad6a969,0,kaggle_3m/TCGA_CS_6667_20011105/TCGA_CS_6667_20011105_4_mask.tif,6
lgg_seg,lgg_seg,kaggle_3m/TCGA_CS_6667_20011105/TCGA_CS_6667_20011105_5.tif,TCGA_CS_6667_20011105_5,empty,p13,train,none,303,-1,,False,9e879e9c595e2321,0,kaggle_3m/TCGA_CS_6667_20011105/TCGA_CS_6667_20011105_5_mask.tif,6
lgg_seg,lgg_seg,kaggle_3m/TCGA_CS_6667_20011105/TCGA_CS_6667_20011105_6.tif,TCGA_CS_6667_20011105_6,empty,p13,train,none,304,-1,,False,a6278696987c6b63,0,kaggle_3m/TCGA_CS_6667_20011105/TCGA_CS_6667_20011105_6_mask.tif,6
lgg_seg,lgg_seg,kaggle_3m/TCGA_CS_6667_20011105/TCGA_CS_6667_20011105_7.tif,TCGA_CS_6667_20011105_7,empty,p13,train,none,305,-1,,False,c32d2c969a5c65e3,0,kaggle_3m/TCGA_CS_6667_20011105/TCGA_CS_6667_20011105_7_mask.tif,6
lgg_seg,lgg_seg,kaggle_3m/TCGA_CS_6667_20011105/TCGA_CS_6667_20011105_8.tif,TCGA_CS_6667_20011105_8,empty,p13,train,none,306,-1,,False,eda62c9c925e64e1,0,kaggle_3m/TCGA_CS_6667_20011105/TCGA_CS_6667_20011105_8_mask.tif,6
lgg_seg,lgg_seg,kaggle_3m/TCGA_CS_6667_20011105/TCGA_CS_6667_20011105_9.tif,TCGA_CS_6667_20011105_9,empty,p13,train,none,307,-1,,False,ac263c94e65e69e1,0,kaggle_3m/TCGA_CS_6667_20011105/TCGA_CS_6667_20011105_9_mask.tif,6
lgg_seg,lgg_seg,kaggle_3m/TCGA_CS_6668_20011025/TCGA_CS_6668_20011025_1.tif,TCGA_CS_6668_20011025_1,empty,p14,train,none,308,-1,,False,1cd992865b3ce969,0,kaggle_3m/TCGA_CS_6668_20011025/TCGA_CS_6668_20011025_1_mask.tif,3
lgg_seg,lgg_seg,kaggle_3m/TCGA_CS_6668_20011025/TCGA_CS_6668_20011025_10.tif,TCGA_CS_6668_20011025_10,empty,p14,train,none,309,-1,,False,a7869696533c2d63,0,kaggle_3m/TCGA_CS_6668_20011025/TCGA_CS_6668_20011025_10_mask.tif,3
lgg_seg,lgg_seg,kaggle_3m/TCGA_CS_6668_20011025/TCGA_CS_6668_20011025_11.tif,TCGA_CS_6668_20011025_11,empty,p14,train,none,310,-1,,False,a786939e133cac63,0,kaggle_3m/TCGA_CS_6668_20011025/TCGA_CS_6668_20011025_11_mask.tif,3
lgg_seg,lgg_seg,kaggle_3m/TCGA_CS_6668_20011025/TCGA_CS_6668_20011025_12.tif,TCGA_CS_6668_20011025_12,empty,p14,train,none,311,-1,,False,278efc1c133ccc63,0,kaggle_3m/TCGA_CS_6668_20011025/TCGA_CS_6668_20011025_12_mask.tif,3
lgg_seg,lgg_seg,kaggle_3m/TCGA_CS_6668_20011025/TCGA_CS_6668_20011025_13.tif,TCGA_CS_6668_20011025_13,empty,p14,train,none,312,-1,,False,270e303cd3b6ec63,0,kaggle_3m/TCGA_CS_6668_20011025/TCGA_CS_6668_20011025_13_mask.tif,3
lgg_seg,lgg_seg,kaggle_3m/TCGA_CS_6668_20011025/TCGA_CS_6668_20011025_14.tif,TCGA_CS_6668_20011025_14,empty,p14,train,none,313,-1,,False,3636389c43f4cd63,0,kaggle_3m/TCGA_CS_6668_20011025/TCGA_CS_6668_20011025_14_mask.tif,3
lgg_seg,lgg_seg,kaggle_3m/TCGA_CS_6668_20011025/TCGA_CS_6668_20011025_15.tif,TCGA_CS_6668_20011025_15,tumor,p14,train,none,314,-1,,False,b636381c63d6c963,669,kaggle_3m/TCGA_CS_6668_20011025/TCGA_CS_6668_20011025_15_mask.tif,3
lgg_seg,lgg_seg,kaggle_3m/TCGA_CS_6668_20011025/TCGA_CS_6668_20011025_16.tif,TCGA_CS_6668_20011025_16,tumor,p14,train,none,315,-1,,False,b29e591cb3b4c943,1369,kaggle_3m/TCGA_CS_6668_20011025/TCGA_CS_6668_20011025_16_mask.tif,3
lgg_seg,lgg_seg,kaggle_3m/TCGA_CS_6668_20011025/TCGA_CS_6668_20011025_17.tif,TCGA_CS_6668_20011025_17,tumor,p14,train,none,316,-1,,False,b68e491c33b6c94b,1613,kaggle_3m/TCGA_CS_6668_20011025/TCGA_CS_6668_20011025_17_mask.tif,3
lgg_seg,lgg_seg,kaggle_3m/TCGA_CS_6668_20011025/TCGA_CS_6668_20011025_18.tif,TCGA_CS_6668_20011025_18,tumor,p14,train,none,317,-1,,False,b6964c0c33b6d94b,1609,kaggle_3m/TCGA_CS_6668_20011025/TCGA_CS_6668_20011025_18_mask.tif,3
lgg_seg,lgg_seg,kaggle_3m/TCGA_CS_6668_20011025/TCGA_CS_6668_20011025_19.tif,TCGA_CS_6668_20011025_19,tumor,p14,train,none,317,-1,duplicate_of:TCGA_CS_6668_20011025_18,False,b6864c0cb3b6d94b,1369,kaggle_3m/TCGA_CS_6668_20011025/TCGA_CS_6668_20011025_19_mask.tif,3
lgg_seg,lgg_seg,kaggle_3m/TCGA_CS_6668_20011025/TCGA_CS_6668_20011025_2.tif,TCGA_CS_6668_20011025_2,empty,p14,train,none,319,-1,,False,169a9b965b1ce961,0,kaggle_3m/TCGA_CS_6668_20011025/TCGA_CS_6668_20011025_2_mask.tif,3
lgg_seg,lgg_seg,kaggle_3m/TCGA_CS_6668_20011025/TCGA_CS_6668_20011025_20.tif,TCGA_CS_6668_20011025_20,tumor,p14,train,none,320,-1,,False,e60e4c0cb3b6996b,546,kaggle_3m/TCGA_CS_6668_20011025/TCGA_CS_6668_20011025_20_mask.tif,3
lgg_seg,lgg_seg,kaggle_3m/TCGA_CS_6668_20011025/TCGA_CS_6668_20011025_21.tif,TCGA_CS_6668_20011025_21,tumor,p14,train,none,321,-1,,False,760c6c2c9a969bcb,48,kaggle_3m/TCGA_CS_6668_20011025/TCGA_CS_6668_20011025_21_mask.tif,3
lgg_seg,lgg_seg,kaggle_3m/TCGA_CS_6668_20011025/TCGA_CS_6668_20011025_22.tif,TCGA_CS_6668_20011025_22,empty,p14,train,none,322,-1,,False,34ce6c2cf03699d9,0,kaggle_3m/TCGA_CS_6668_20011025/TCGA_CS_6668_20011025_22_mask.tif,3
lgg_seg,lgg_seg,kaggle_3m/TCGA_CS_6668_20011025/TCGA_CS_6668_20011025_23.tif,TCGA_CS_6668_20011025_23,empty,p14,train,none,323,-1,,False,ac8c1e2c78369bd9,0,kaggle_3m/TCGA_CS_6668_20011025/TCGA_CS_6668_20011025_23_mask.tif,3
lgg_seg,lgg_seg,kaggle_3m/TCGA_CS_6668_20011025/TCGA_CS_6668_20011025_24.tif,TCGA_CS_6668_20011025_24,empty,p14,train,none,324,-1,,False,24cca68cdcb699d9,0,kaggle_3m/TCGA_CS_6668_20011025/TCGA_CS_6668_20011025_24_mask.tif,3
lgg_seg,lgg_seg,kaggle_3m/TCGA_CS_6668_20011025/TCGA_CS_6668_20011025_25.tif,TCGA_CS_6668_20011025_25,empty,p14,train,none,325,-1,,False,666726cc9686d959,0,kaggle_3m/TCGA_CS_6668_20011025/TCGA_CS_6668_20011025_25_mask.tif,3
lgg_seg,lgg_seg,kaggle_3m/TCGA_CS_6668_20011025/TCGA_CS_6668_20011025_26.tif,TCGA_CS_6668_20011025_26,empty,p14,train,none,326,-1,,False,7171646636a6d959,0,kaggle_3m/TCGA_CS_6668_20011025/TCGA_CS_6668_20011025_26_mask.tif,3
lgg_seg,lgg_seg,kaggle_3m/TCGA_CS_6668_20011025/TCGA_CS_6668_20011025_27.tif,TCGA_CS_6668_20011025_27,empty,p14,train,none,327,-1,,False,9999497966669999,0,kaggle_3m/TCGA_CS_6668_20011025/TCGA_CS_6668_20011025_27_mask.tif,3
lgg_seg,lgg_seg,kaggle_3m/TCGA_CS_6668_20011025/TCGA_CS_6668_20011025_28.tif,TCGA_CS_6668_20011025_28,empty,p14,train,none,328,-1,,False,ce8c999966669999,0,kaggle_3m/TCGA_CS_6668_20011025/TCGA_CS_6668_20011025_28_mask.tif,3
lgg_seg,lgg_seg,kaggle_3m/TCGA_CS_6668_20011025/TCGA_CS_6668_20011025_3.tif,TCGA_CS_6668_20011025_3,empty,p14,train,none,329,-1,,False,369e99165b3c6961,0,kaggle_3m/TCGA_CS_6668_20011025/TCGA_CS_6668_20011025_3_mask.tif,3
lgg_seg,lgg_seg,kaggle_3m/TCGA_CS_6668_20011025/TCGA_CS_6668_20011025_4.tif,TCGA_CS_6668_20011025_4,empty,p14,train,none,330,-1,,False,9c06929e597ce969,0,kaggle_3m/TCGA_CS_6668_20011025/TCGA_CS_6668_20011025_4_mask.tif,3
lgg_seg,lgg_seg,kaggle_3m/TCGA_CS_6668_20011025/TCGA_CS_6668_20011025_5.tif,TCGA_CS_6668_20011025_5,empty,p14,train,none,330,-1,duplicate_of:TCGA_CS_6668_20011025_4,False,9c16921e597ce969,0,kaggle_3m/TCGA_CS_6668_20011025/TCGA_CS_6668_20011025_5_mask.tif,3
lgg_seg,lgg_seg,kaggle_3m/TCGA_CS_6668_20011025/TCGA_CS_6668_20011025_6.tif,TCGA_CS_6668_20011025_6,empty,p14,train,none,332,-1,,False,9c13d21e5b7c2969,0,kaggle_3m/TCGA_CS_6668_20011025/TCGA_CS_6668_20011025_6_mask.tif,3
lgg_seg,lgg_seg,kaggle_3m/TCGA_CS_6668_20011025/TCGA_CS_6668_20011025_7.tif,TCGA_CS_6668_20011025_7,empty,p14,train,none,332,-1,duplicate_of:TCGA_CS_6668_20011025_6,False,9c53921e5b7c2d29,0,kaggle_3m/TCGA_CS_6668_20011025/TCGA_CS_6668_20011025_7_mask.tif,3
lgg_seg,lgg_seg,kaggle_3m/TCGA_CS_6668_20011025/TCGA_CS_6668_20011025_8.tif,TCGA_CS_6668_20011025_8,empty,p14,train,none,334,-1,,False,9d07921e797cad21,0,kaggle_3m/TCGA_CS_6668_20011025/TCGA_CS_6668_20011025_8_mask.tif,3
lgg_seg,lgg_seg,kaggle_3m/TCGA_CS_6668_20011025/TCGA_CS_6668_20011025_9.tif,TCGA_CS_6668_20011025_9,empty,p14,train,none,335,-1,,False,8506969e5b7cad61,0,kaggle_3m/TCGA_CS_6668_20011025/TCGA_CS_6668_20011025_9_mask.tif,3
lgg_seg,lgg_seg,kaggle_3m/TCGA_CS_6669_20020102/TCGA_CS_6669_20020102_1.tif,TCGA_CS_6669_20020102_1,empty,p15,val,none,336,-1,,False,63c4669ca45c76e3,0,kaggle_3m/TCGA_CS_6669_20020102/TCGA_CS_6669_20020102_1_mask.tif,1
lgg_seg,lgg_seg,kaggle_3m/TCGA_CS_6669_20020102/TCGA_CS_6669_20020102_10.tif,TCGA_CS_6669_20020102_10,tumor,p15,val,none,337,-1,,False,cb4e2c343cf45cc3,413,kaggle_3m/TCGA_CS_6669_20020102/TCGA_CS_6669_20020102_10_mask.tif,1
lgg_seg,lgg_seg,kaggle_3m/TCGA_CS_6669_20020102/TCGA_CS_6669_20020102_11.tif,TCGA_CS_6669_20020102_11,tumor,p15,val,none,338,-1,,False,4f8c2cb636dc1663,1172,kaggle_3m/TCGA_CS_6669_20020102/TCGA_CS_6669_20020102_11_mask.tif,1
lgg_seg,lgg_seg,kaggle_3m/TCGA_CS_6669_20020102/TCGA_CS_6669_20020102_12.tif,TCGA_CS_6669_20020102_12,tumor,p15,val,none,338,-1,duplicate_of:TCGA_CS_6669_20020102_11,False,4f8e2cb626dc1c63,1911,kaggle_3m/TCGA_CS_6669_20020102/TCGA_CS_6669_20020102_12_mask.tif,1
lgg_seg,lgg_seg,kaggle_3m/TCGA_CS_6669_20020102/TCGA_CS_6669_20020102_13.tif,TCGA_CS_6669_20020102_13,tumor,p15,val,none,340,-1,,False,cf0c0cb626dc9e63,2274,kaggle_3m/TCGA_CS_6669_20020102/TCGA_CS_6669_20020102_13_mask.tif,1
lgg_seg,lgg_seg,kaggle_3m/TCGA_CS_6669_20020102/TCGA_CS_6669_20020102_14.tif,TCGA_CS_6669_20020102_14,tumor,p15,val,none,340,-1,duplicate_of:TCGA_CS_6669_20020102_13,False,cf1c0c9e26dc9c63,2766,kaggle_3m/TCGA_CS_6669_20020102/TCGA_CS_6669_20020102_14_mask.tif,1
lgg_seg,lgg_seg,kaggle_3m/TCGA_CS_6669_20020102/TCGA_CS_6669_20020102_15.tif,TCGA_CS_6669_20020102_15,tumor,p15,val,none,340,-1,duplicate_of:TCGA_CS_6669_20020102_13,False,cd984c9e26dc9c63,3306,kaggle_3m/TCGA_CS_6669_20020102/TCGA_CS_6669_20020102_15_mask.tif,1
lgg_seg,lgg_seg,kaggle_3m/TCGA_CS_6669_20020102/TCGA_CS_6669_20020102_16.tif,TCGA_CS_6669_20020102_16,tumor,p15,val,none,343,-1,,False,cbd24c9c26dc9c63,3427,kaggle_3m/TCGA_CS_6669_20020102/TCGA_CS_6669_20020102_16_mask.tif,1
lgg_seg,lgg_seg,kaggle_3m/TCGA_CS_6669_20020102/TCGA_CS_6669_20020102_17.tif,TCGA_CS_6669_20020102_17,tumor,p15,val,none,343,-1,duplicate_of:TCGA_CS_6669_20020102_16,False,c3b24c9c27dc9c63,2073,kaggle_3m/TCGA_CS_6669_20020102/TCGA_CS_6669_20020102_17_mask.tif,1
lgg_seg,lgg_seg,kaggle_3m/TCGA_CS_6669_20020102/TCGA_CS_6669_20020102_18.tif,TCGA_CS_6669_20020102_18,tumor,p15,val,none,345,-1,,False,c3b2c99e2d9c9463,804,kaggle_3m/TCGA_CS_6669_20020102/TCGA_CS_6669_20020102_18_mask.tif,1
lgg_seg,lgg_seg,kaggle_3m/TCGA_CS_6669_20020102/TCGA_CS_6669_20020102_19.tif,TCGA_CS_6669_20020102_19,tumor,p15,val,none,346,-1,,False,d332c39c0dbcb4c3,637,kaggle_3m/TCGA_CS_6669_20020102/TCGA_CS_6669_20020102_19_mask.tif,1
lgg_seg,lgg_seg,kaggle_3m/TCGA_CS_6669_20020102/TCGA_CS_6669_20020102_2.tif,TCGA_CS_6669_20020102_2,empty,p15,val,none,336,-1,duplicate_of:TCGA_CS_6669_20020102_1,False,63c4669c26dc76c3,0,kaggle_3m/TCGA_CS_6669_20020102/TCGA_CS_6669_20020102_2_mask.tif,1
lgg_seg,lgg_seg,kaggle_3m/TCGA_CS_6669_20020102/TCGA_CS_6669_20020102_20.tif,TCGA_CS_6669_20020102_20,empty,p15,val,none,348,-1,,False,3336d396493c34d3,0,kaggle_3m/TCGA_CS_6669_20020102/TCGA_CS_6669_20020102_20_mask.tif,1
lgg_seg,lgg_seg,kaggle_3m/TCGA_CS_6669_20020102/TCGA_CS_6669_20020102_21.tif,TCGA_CS_6669_20020102_21,empty,p15,val,none,349,-1,,False,322cf3b6c90c2cf3,0,kaggle_3m/TCGA_CS_6669_20020102/TCGA_CS_6669_20020102_21_mask.tif,1
lgg_seg,lgg_seg,kaggle_3m/TCGA_CS_6669_20020102/TCGA_CS_6669_20020102_22.tif,TCGA_CS_6669_20020102_22,empty,p15,val,none,350,-1,,False,2ecc3336d30c0ef3,0,kaggle_3m/TCGA_CS_6669_20020102/TCGA_CS_6669_20020102_22_mask.tif,1
lgg_seg,lgg_seg,kaggle_3m/TCGA_CS_6669_20020102/TCGA_CS_6669_20020102_3.tif,TCGA_CS_6669_20020102_3,empty,p15,val,none,351,-1,,False,49e6a69c26dc664b,0,kaggle_3m/TCGA_CS_6669_20020102/TCGA_CS_6669_20020102_3_mask.tif,1
lgg_seg,lgg_seg,kaggle_3m/TCGA_CS_6669_20020102/TCGA_CS_6669_20020102_4.tif,TCGA_CS_6669_20020102_4,empty,p15,val,none,352,-1,,False,e39c861c3658b6cb,0,kaggle_3m/TCGA_CS_6669_20020102/TCGA_CS_6669_20020102_4_mask.tif,1
lgg_seg,lgg_seg,kaggle_3m/TCGA_CS_6669_20020102/TCGA_CS_6669_20020102_5.tif,TCGA_CS_6669_20020102_5,empty,p15,val,none,353,-1,,False,e99e069c36d8b60b,0,kaggle_3m/TCGA_CS_6669_20020102/TCGA_CS_6669_20020102_5_mask.tif,1
lgg_seg,lgg_seg,kaggle_3m/TCGA_CS_6669_20020102/TCGA_CS_6669_20020102_6.tif,TCGA_CS_6669_20020102_6,empty,p15,val,none,354,-1,,False,edd2871c36f83c03,0,kaggle_3m/TCGA_CS_6669_20020102/TCGA_CS_6669_20020102_6_mask.tif,1
lgg_seg,lgg_seg,kaggle_3m/TCGA_CS_6669_20020102/TCGA_CS_6669_20020102_7.tif,TCGA_CS_6669_20020102_7,empty,p15,val,none,355,-1,,False,6dd3471636f83c03,0,kaggle_3m/TCGA_CS_6669_20020102/TCGA_CS_6669_20020102_7_mask.tif,1
lgg_seg,lgg_seg,kaggle_3m/TCGA_CS_6669_20020102/TCGA_CS_6669_20020102_8.tif,TCGA_CS_6669_20020102_8,empty,p15,val,none,356,-1,,False,78f34f0e36f01c23,0,kaggle_3m/TCGA_CS_6669_20020102/TCGA_CS_6669_20020102_8_mask.tif,1
lgg_seg,lgg_seg,kaggle_3m/TCGA_CS_6669_20020102/TCGA_CS_6669_20020102_9.tif,TCGA_CS_6669_20020102_9,empty,p15,val,none,357,-1,,False,c3d30d2e3cf49c43,0,kaggle_3m/TCGA_CS_6669_20020102/TCGA_CS_6669_20020102_9_mask.tif,1
lgg_seg,lgg_seg,kaggle_3m/TCGA_DU_5849_19950405/TCGA_DU_5849_19950405_1.tif,TCGA_DU_5849_19950405_1,empty,p16,train,none,358,-1,,False,73649986591ee669,0,kaggle_3m/TCGA_DU_5849_19950405/TCGA_DU_5849_19950405_1_mask.tif,2
lgg_seg,lgg_seg,kaggle_3m/TCGA_DU_5849_19950405/TCGA_DU_5849_19950405_10.tif,TCGA_DU_5849_19950405_10,empty,p16,train,none,359,-1,,False,6926e30c1ede8ce9,0,kaggle_3m/TCGA_DU_5849_19950405/TCGA_DU_5849_19950405_10_mask.tif,2
lgg_seg,lgg_seg,kaggle_3m/TCGA_DU_5849_19950405/TCGA_DU_5849_19950405_11.tif,TCGA_DU_5849_19950405_11,empty,p16,train,none,359,-1,duplicate_of:TCGA_DU_5849_19950405_10,False,6926e11c1e5eace9,0,kaggle_3m/TCGA_DU_5849_19950405/TCGA_DU_5849_19950405_11_mask.tif,2
lgg_seg,lgg_seg,kaggle_3m/TCGA_DU_5849_19950405/TCGA_DU_5849_19950405_12.tif,TCGA_DU_5849_19950405_12,empty,p16,train,none,361,-1,,False,69a6e12c9ede0ce1,0,kaggle_3m/TCGA_DU_5849_19950405/TCGA_DU_5849_19950405_12_mask.tif,2
lgg_seg,lgg_seg,kaggle_3m/TCGA_DU_5849_19950405/TCGA_DU_5849_19950405_13.tif,TCGA_DU_5849_19950405_13,empty,p16,train,none,362,-1,,False,5936e12c969e6ce1,0,kaggle_3m/TCGA_DU_5849_19950405/TCGA_DU_5849_19950405_13_mask.tif,2
lgg_seg,lgg_seg,kaggle_3m/TCGA_DU_5849_19950405/TCGA_DU_5849_19950405_14.tif,TCGA_DU_5849_19950405_14,empty,p16,train,none,362,-1,duplicate_of:TCGA_DU_5849_19950405_13,False,5932e32c969e2ce9,0,kaggle_3m/TCGA_DU_5849_19950405/TCGA_DU_5849_19950405_14_mask.tif,2
lgg_seg,lgg_seg,kaggle_3m/TCGA_DU_5849_19950405/TCGA_DU_5849_19950405_15.tif,TCGA_DU_5849_19950405_15,empty,p16,train,none,364,-1,,False,6936632c8e9e34e9,0,kaggle_3m/TCGA_DU_5849_19950405/TCGA_DU_5849_19950405_15_mask.tif,2
lgg_seg,lgg_seg,kaggle_3m/TCGA_DU_5849_19950405/TCGA_DU_5849_19950405_16.tif,TCGA_DU_5849_19950405_16,empty,p16,train,none,365,-1,,False,636c642c8e9ef469,0,kaggle_3m/TCGA_DU_5849_19950405/TCGA_DU_5849_19950405_16_mask.tif,2
lgg_seg,lgg_seg,kaggle_3m/TCGA_DU_5849_19950405/TCGA_DU_5849_19950405_17.tif,TCGA_DU_5849_19950405_17,empty,p16,train,none,366,-1,,False,6b2ccc86869e7c69,0,kaggle_3m/TCGA_DU_5849_19950405/TCGA_DU_5849_19950405_17_mask.tif,2
lgg_seg,lgg_seg,kaggle_3m/TCGA_DU_5849_19950405/TCGA_DU_5849_19950405_18.tif,TCGA_DU_5849_19950405_18,empty,p16,train,none,367,-1,,False,698cce96863e3c69,0,kaggle_3m/TCGA_DU_5849_19950405/TCGA_DU_5849_19950405_18_mask.tif,2
lgg_seg,lgg_seg,kaggle_3m/TCGA_DU_5849_19950405/TCGA_DU_5849_19950405_19.tif,TCGA_DU_5849_19950405_19,tumor,p16,train,none,367,-1,,False,e98cce96c6363c49,314,kaggle_3m/TCGA_DU_5849_19950405/TCGA_DU_5849_19950405_19_mask.tif,2
lgg_seg,lgg_seg,kaggle_3m/TCGA_DU_5849_19950405/TCGA_DU_5849_19950405_2.tif,TCGA_DU_5849_19950405_2,empty,p16,train,none,369,-1,,False,6364b386581ee769,0,kaggle_3m/TCGA_DU_5849_19950405/TCGA_DU_5849_19950405_2_mask.tif,2
lgg_seg,lgg_seg,kaggle_3m/TCGA_DU_5849_19950405/TCGA_DU_5849_19950405_20.tif,TCGA_DU_5849_19950405_20,tumor,p16,train,none,370,-1,,False,61eccdb6c6343c49,647,kaggle_3m/TCGA_DU_5849_19950405/TCGA_DU_5849_19950405_20_mask.tif,2
lgg_seg,lgg_seg,kaggle_3m/TCGA_DU_5849_19950405/TCGA_DU_5849_19950405_21.tif,TCGA_DU_5849_19950405_21,tumor,p16,train,none,371,-1,,False,6964e5b686bc3c49,1065,kaggle_3m/TCGA_DU_5849_19950405/TCGA_DU_5849_19950405_21_mask.tif,2
lgg_seg,lgg_seg,kaggle_3m/TCGA_DU_5849_19950405/TCGA_DU_5849_19950405_22.tif,TCGA_DU_5849_19950405_22,tumor,p16,train,none,69,-1,,False,7966652686bcbc49,1404,kaggle_3m/TCGA_DU_5849_19950405/TCGA_DU_5849_19950405_22_mask.tif,2
lgg_seg,lgg_seg,kaggle_3m/TCGA_DU_5849_19950405/TCGA_DU_5849_19950405_23.tif,TCGA_DU_5849_19950405_23,tumor,p16,train,none,69,-1,duplicate_of:TCGA_DU_5849_19950405_22,False,79e66326869cbc49,1447,kaggle_3m/TCGA_DU_5849_19950405/TCGA_DU_5849_19950405_23_mask.tif,2
lgg_seg,lgg_seg,kaggle_3m/TCGA_DU_5849_19950405/TCGA_DU_5849_19950405_24.tif,TCGA_DU_5849_19950405_24,tumor,p16,train,none,69,-1,duplicate_of:TCGA_DU_5849_19950405_22,False,7926e326879cbc49,1476,kaggle_3m/TCGA_DU_5849_19950405/TCGA_DU_5849_19950405_24_mask.tif,2
lgg_seg,lgg_seg,kaggle_3m/TCGA_DU_5849_19950405/TCGA_DU_5849_19950405_25.tif,TCGA_DU_5849_19950405_25,tumor,p16,train,none,69,-1,duplicate_of:TCGA_DU_5849_19950405_22,False,7166e3a6879c3c49,1445,kaggle_3m/TCGA_DU_5849_19950405/TCGA_DU_5849_19950405_25_mask.tif,2
lgg_seg,lgg_seg,kaggle_3m/TCGA_DU_5849_19950405/TCGA_DU_5849_19950405_26.tif,TCGA_DU_5849_19950405_26,tumor,p16,train,none,69,-1,duplicate_of:TCGA_DU_5849_19950405_22,False,7166c3a687bc3c49,1251,kaggle_3m/TCGA_DU_5849_19950405/TCGA_DU_5849_19950405_26_mask.tif,2
lgg_seg,lgg_seg,kaggle_3m/TCGA_DU_5849_19950405/TCGA_DU_5849_19950405_27.tif,TCGA_DU_5849_19950405_27,tumor,p16,train,none,69,-1,duplicate_of:TCGA_DU_5849_19950405_22,False,71666326c7bc3c49,1206,kaggle_3m/TCGA_DU_5849_19950405/TCGA_DU_5849_19950405_27_mask.tif,2
lgg_seg,lgg_seg,kaggle_3m/TCGA_DU_5849_19950405/TCGA_DU_5849_19950405_28.tif,TCGA_DU_5849_19950405_28,tumor,p16,train,none,69,-1,duplicate_of:TCGA_DU_5849_19950405_22,False,396663a647bc3c49,825,kaggle_3m/TCGA_DU_5849_19950405/TCGA_DU_5849_19950405_28_mask.tif,2
lgg_seg,lgg_seg,kaggle_3m/TCGA_DU_5849_19950405/TCGA_DU_5849_19950405_29.tif,TCGA_DU_5849_19950405_29,tumor,p16,train,none,379,-1,,False,39666126c7bc1cd9,601,kaggle_3m/TCGA_DU_5849_19950405/TCGA_DU_5849_19950405_29_mask.tif,2
lgg_seg,lgg_seg,kaggle_3m/TCGA_DU_5849_19950405/TCGA_DU_5849_19950405_3.tif,TCGA_DU_5849_19950405_3,empty,p16,train,none,380,-1,,False,616c93865c1ee6e9,0,kaggle_3m/TCGA_DU_5849_19950405/TCGA_DU_5849_19950405_3_mask.tif,2
lgg_seg,lgg_seg,kaggle_3m/TCGA_DU_5849_19950405/TCGA_DU_5849_19950405_30.tif,TCGA_DU_5849_19950405_30,tumor,p16,train,none,381,-1,,False,1964f366433c9cd9,436,kaggle_3m/TCGA_DU_5849_19950405/TCGA_DU_5849_19950405_30_mask.tif,2
lgg_seg,lgg_seg,kaggle_3m/TCGA_DU_5849_19950405/TCGA_DU_5849_19950405_31.tif,TCGA_DU_5849_19950405_31,tumor,p16,train,none,382,-1,,False,1969f166c3343cd9,191,kaggle_3m/TCGA_DU_5849_19950405/TCGA_DU_5849_19950405_31_mask.tif,2
lgg_seg,lgg_seg,kaggle_3m/TCGA_DU_5849_19950405/TCGA_DU_5849_19950405_32.tif,TCGA_DU_5849_19950405_32,empty,p16,train,none,383,-1,,False,18637966e32c3cd9,0,kaggle_3m/TCGA_DU_5849_19950405/TCGA_DU_5849_19950405_32_mask.tif,2
lgg_seg,lgg_seg,kaggle_3m/TCGA_DU_5849_19950405/TCGA_DU_5849_19950405_33.tif,TCGA_DU_5849_19950405_33,empty,p16,train,none,384,-1,,False,9e993966e30c1cd3,0,kaggle_3m/TCGA_DU_5849_19950405/TCGA_DU_5849_19950405_33_mask.tif,2
lgg_seg,lgg_seg,kaggle_3m/TCGA_DU_5849_19950405/TCGA_DU_5849_19950405_34.tif,TCGA_DU_5849_19950405_34,empty,p16,train,none,385,-1,,False,e69b1966e32c0cd3,0,kaggle_3m/TCGA_DU_5849_19950405/TCGA_DU_5849_19950405_34_mask.tif,2
lgg_seg,lgg_seg,kaggle_3m/TCGA_DU_5849_19950405/TCGA_DU_5849_19950405_35.tif,TCGA_DU_5849_19950405_35,empty,p16,train,none,386,-1,,False,66991c73f3cc0c33,0,kaggle_3m/TCGA_DU_5849_19950405/TCGA_DU_5849_19950405_35_mask.tif,2
lgg_seg,lgg_seg,kaggle_3m/TCGA_DU_5849_19950405/TCGA_DU_5849_19950405_36.tif,TCGA_DU_5849_19950405_36,empty,p16,train,none,387,-1,,False,6373cc1933cccc33,0,kaggle_3m/TCGA_DU_5849_19950405/TCGA_DU_5849_19950405_36_mask.tif,2
lgg_seg,lgg_seg,kaggle_3m/TCGA_DU_5849_19950405/TCGA_DU_5849_19950405_37.tif,TCGA_DU_5849_19950405_37,empty,p16,train,none,388,-1,,False,3339cc9933e4cc1b,0,kaggle_3m/TCGA_DU_5849_19950405/TCGA_DU_5849_19950405_37_mask.tif,2
lgg_seg,lgg_seg,kaggle_3m/TCGA_DU_5849_19950405/TCGA_DU_5849_19950405_38.tif,TCGA_DU_5849_19950405_38,empty,p16,train,none,389,-1,,False,ba8046228082925c,0,kaggle_3m/TCGA_DU_5849_19950405/TCGA_DU_5849_19950405_38_mask.tif,2
lgg_seg,lgg_seg,kaggle_3m/TCGA_DU_5849_19950405/TCGA_DU_5849_19950405_4.tif,TCGA_DU_5849_19950405_4,empty,p16,train,none,380,-1,duplicate_of:TCGA_DU_5849_19950405_3,False,696c93865e1ee469,0,kaggle_3m/TCGA_DU_5849_19950405/TCGA_DU_5849_19950405_4_mask.tif,2
lgg_seg,lgg_seg,kaggle_3m/TCGA_DU_5849_19950405/TCGA_DU_5849_19950405_5.tif,TCGA_DU_5849_19950405_5,empty,p16,train,none,391,-1,,False,696cd986ce9e2469,0,kaggle_3m/TCGA_DU_5849_19950405/TCGA_DU_5849_19950405_5_mask.tif,2
lgg_seg,lgg_seg,kaggle_3m/TCGA_DU_5849_19950405/TCGA_DU_5849_19950405_6.tif,TCGA_DU_5849_19950405_6,empty,p16,train,none,392,-1,,False,69ecd3864c9ea469,0,kaggle_3m/TCGA_DU_5849_19950405/TCGA_DU_5849_19950405_6_mask.tif,2
lgg_seg,lgg_seg,kaggle_3m/TCGA_DU_5849_19950405/TCGA_DU_5849_19950405_7.tif,TCGA_DU_5849_19950405_7,empty,p16,train,none,393,-1,,False,79ecc2864d9c8ce9,0,kaggle_3m/TCGA_DU_5849_19950405/TCGA_DU_5849_19950405_7_mask.tif,2
lgg_seg,lgg_seg,kaggle_3m/TCGA_DU_5849_19950405/TCGA_DU_5849_19950405_8.tif,TCGA_DU_5849_19950405_8,empty,p16,train,none,394,-1,,False,798ce30e4c9e94e9,0,kaggle_3m/TCGA_DU_5849_19950405/TCGA_DU_5849_19950405_8_mask.tif,2
lgg_seg,lgg_seg,kaggle_3m/TCGA_DU_5849_19950405/TCGA_DU_5849_19950405_9.tif,TCGA_DU_5849_19950405_9,empty,p16,train,none,359,-1,duplicate_of:TCGA_DU_5849_19950405_10,False,7986e30c1cde8ce9,0,kaggle_3m/TCGA_DU_5849_19950405/TCGA_DU_5849_19950405_9_mask.tif,2
lgg_seg,lgg_seg,kaggle_3m/TCGA_DU_5851_19950428/TCGA_DU_5851_19950428_1.tif,TCGA_DU_5851_19950428_1,empty,p17,train,none,396,-1,,False,6c6191e6b31c4cdb,0,kaggle_3m/TCGA_DU_5851_19950428/TCGA_DU_5851_19950428_1_mask.tif,9
lgg_seg,lgg_seg,kaggle_3m/TCGA_DU_5851_19950428/TCGA_DU_5851_19950428_10.tif,TCGA_DU_5851_19950428_10,empty,p17,train,none,397,-1,,False,96e4e3861636e9c9,0,kaggle_3m/TCGA_DU_5851_19950428/TCGA_DU_5851_19950428_10_mask.tif,9
lgg_seg,lgg_seg,kaggle_3m/TCGA_DU_5851_19950428/TCGA_DU_5851_19950428_11.tif,TCGA_DU_5851_19950428_11,empty,p17,train,none,398,-1,,False,6464e3961c7ccdc9,0,kaggle_3m/TCGA_DU_5851_19950428/TCGA_DU_5851_19950428_11_mask.tif,9
lgg_seg,lgg_seg,kaggle_3m/TCGA_DU_5851_19950428/TCGA_DU_5851_19950428_12.tif,TCGA_DU_5851_19950428_12,tumor,p17,train,none,399,-1,,False,666ce3961e3c8cc3,359,kaggle_3m/TCGA_DU_5851_19950428/TCGA_DU_5851_19950428_12_mask.tif,9
lgg_seg,lgg_seg,kaggle_3m/TCGA_DU_5851_19950428/TCGA_DU_5851_19950428_13.tif,TCGA_DU_5851_19950428_13,tumor,p17,train,none,400,-1,,False,726ce3a6961c2ce3,843,kaggle_3m/TCGA_DU_5851_19950428/TCGA_DU_5851_19950428_13_mask.tif,9
lgg_seg,lgg_seg,kaggle_3m/TCGA_DU_5851_19950428/TCGA_DU_5851_19950428_14.tif,TCGA_DU_5851_19950428_14,tumor,p17,train,none,401,-1,,False,796c63a6969c2c63,1421,kaggle_3m/TCGA_DU_5851_19950428/TCGA_DU_5851_19950428_14_mask.tif,9
lgg_seg,lgg_seg,kaggle_3m/TCGA_DU_5851_19950428/TCGA_DU_5851_19950428_15.tif,TCGA_DU_5851_19950428_15,tumor,p17,train,none,401,-1,duplicate_of:TCGA_DU_5851_19950428_14,False,596d63a6869c3c63,1942,kaggle_3m/TCGA_DU_5851_19950428/TCGA_DU_5851_19950428_15_mask.tif,9
lgg_seg,lgg_seg,kaggle_3m/TCGA_DU_5851_19950428/TCGA_DU_5851_19950428_16.tif,TCGA_DU_5851_19950428_16,tumor,p17,train,none,403,-1,,False,db4c6326879c3c63,1807,kaggle_3m/TCGA_DU_5851_19950428/TCGA_DU_5851_19950428_16_mask.tif,9
lgg_seg,lgg_seg,kaggle_3m/TCGA_DU_5851_19950428/TCGA_DU_5851_19950428_17.tif,TCGA_DU_5851_19950428_17,tumor,p17,train,none,403,-1,duplicate_of:TCGA_DU_5851_19950428_16,False,dbcc6126879c3c63,1885,kaggle_3m/TCGA_DU_5851_19950428/TCGA_DU_5851_19950428_17_mask.tif,9
lgg_seg,lgg_seg,kaggle_3m/TCGA_DU_5851_19950428/TCGA_DU_5851_19950428_18.tif,TCGA_DU_5851_19950428_18,tumor,p17,train,none,403,-1,duplicate_of:TCGA_DU_5851_19950428_16,False,dbccc926079c3c63,1899,kaggle_3m/TCGA_DU_5851_19950428/TCGA_DU_5851_19950428_18_mask.tif,9
lgg_seg,lgg_seg,kaggle_3m/TCGA_DU_5851_19950428/TCGA_DU_5851_19950428_19.tif,TCGA_DU_5851_19950428_19,tumor,p17,train,none,403,-1,duplicate_of:TCGA_DU_5851_19950428_16,False,f3ccc9260f9c3463,2032,kaggle_3m/TCGA_DU_5851_19950428/TCGA_DU_5851_19950428_19_mask.tif,9
lgg_seg,lgg_seg,kaggle_3m/TCGA_DU_5851_19950428/TCGA_DU_5851_19950428_2.tif,TCGA_DU_5851_19950428_2,empty,p17,train,none,407,-1,,False,6669a3a61b96c479,0,kaggle_3m/TCGA_DU_5851_19950428/TCGA_DU_5851_19950428_2_mask.tif,9
lgg_seg,lgg_seg,kaggle_3m/TCGA_DU_5851_19950428/TCGA_DU_5851_19950428_20.tif,TCGA_DU_5851_19950428_20,tumor,p17,train,none,408,-1,,False,d90ce326279cdc63,1813,kaggle_3m/TCGA_DU_5851_19950428/TCGA_DU_5851_19950428_20_mask.tif,9
lgg_seg,lgg_seg,kaggle_3m/TCGA_DU_5851_19950428/TCGA_DU_5851_19950428_21.tif,TCGA_DU_5851_19950428_21,tumor,p17,train,none,403,-1,duplicate_of:TCGA_DU_5851_19950428_16,False,730ce336879c3c63,1229,kaggle_3m/TCGA_DU_5851_19950428/TCGA_DU_5851_19950428_21_mask.tif,9
lgg_seg,lgg_seg,kaggle_3m/TCGA_DU_5851_19950428/TCGA_DU_5851_19950428_22.tif,TCGA_DU_5851_19950428_22,tumor,p17,train,none,403,-1,duplicate_of:TCGA_DU_5851_19950428_16,False,db0ce326879c3c63,894,kaggle_3m/TCGA_DU_5851_19950428/TCGA_DU_5851_19950428_22_mask.tif,9
lgg_seg,lgg_seg,kaggle_3m/TCGA_DU_5851_19950428/TCGA_DU_5851_19950428_23.tif,TCGA_DU_5851_19950428_23,tumor,p17,train,none,411,-1,,False,731cc3e6879c3c43,263,kaggle_3m/TCGA_DU_5851_19950428/TCGA_DU_5851_19950428_23_mask.tif,9
lgg_seg,lgg_seg,kaggle_3m/TCGA_DU_5851_19950428/TCGA_DU_5851_19950428_24.tif,TCGA_DU_5851_19950428_24,tumor,p17,train,none,412,-1,,False,d30cc3ec47bc3c43,59,kaggle_3m/TCGA_DU_5851_19950428/TCGA_DU_5851_19950428_24_mask.tif,9
lgg_seg,lgg_seg,kaggle_3m/TCGA_DU_5851_19950428/TCGA_DU_5851_19950428_25.tif,TCGA_DU_5851_19950428_25,empty,p17,train,none,412,-1,,False,f30cc36c43bc3c53,0,kaggle_3m/TCGA_DU_5851_19950428/TCGA_DU_5851_19950428_25_mask.tif,9
lgg_seg,lgg_seg,kaggle_3m/TCGA_DU_5851_19950428/TCGA_DU_5851_19950428_26.tif,TCGA_DU_5851_19950428_26,empty,p17,train,none,412,-1,duplicate_of:TCGA_DU_5851_19950428_25,False,b11cc36c43bc3cd3,0,kaggle_3m/TCGA_DU_5851_19950428/TCGA_DU_5851_19950428_26_mask.tif,9
lgg_seg,lgg_seg,kaggle_3m/TCGA_DU_5851_19950428/TCGA_DU_5851_19950428_27.tif,TCGA_DU_5851_19950428_27,empty,p17,train,none,412,-1,duplicate_of:TCGA_DU_5851_19950428_25,False,b10cd32cc3bc3cd3,0,kaggle_3m/TCGA_DU_5851_19950428/TCGA_DU_5851_19950428_27_mask.tif,9
lgg_seg,lgg_seg,kaggle_3m/TCGA_DU_5851_19950428/TCGA_DU_5851_19950428_28.tif,TCGA_DU_5851_19950428_28,empty,p17,train,none,416,-1,,False,b127d32cc32c3cd3,0,kaggle_3m/TCGA_DU_5851_19950428/TCGA_DU_5851_19950428_28_mask.tif,9
lgg_seg,lgg_seg,kaggle_3m/TCGA_DU_5851_19950428/TCGA_DU_5851_19950428_29.tif,TCGA_DU_5851_19950428_29,empty,p17,train,none,417,-1,,False,3163f30ccb2c3cd3,0,kaggle_3m/TCGA_DU_5851_19950428/TCGA_DU_5851_19950428_29_mask.tif,9
lgg_seg,lgg_seg,kaggle_3m/TCGA_DU_5851_19950428/TCGA_DU_5851_19950428_3.tif,TCGA_DU_5851_19950428_3,empty,p17,train,none,407,-1,duplicate_of:TCGA_DU_5851_19950428_2,False,6669a38699966679,0,kaggle_3m/TCGA_DU_5851_19950428/TCGA_DU_5851_19950428_3_mask.tif,9
lgg_seg,lgg_seg,kaggle_3m/TCGA_DU_5851_19950428/TCGA_DU_5851_19950428_30.tif,TCGA_DU_5851_19950428_30,empty,p17,train,none,417,-1,duplicate_of:TCGA_DU_5851_19950428_29,False,3963f30cc32c3cd3,0,kaggle_3m/TCGA_DU_5851_19950428/TCGA_DU_5851_19950428_30_mask.tif,9
lgg_seg,lgg_seg,kaggle_3m/TCGA_DU_5851_19950428/TCGA_DU_5851_19950428_31.tif,TCGA_DU_5851_19950428_31,empty,p17,train,none,420,-1,,False,38ebd326c30c3cd3,0,kaggle_3m/TCGA_DU_5851_19950428/TCGA_DU_5851_19950428_31_mask.tif,9
lgg_seg,lgg_seg,kaggle_3m/TCGA_DU_5851_19950428/TCGA_DU_5851_19950428_32.tif,TCGA_DU_5851_19950428_32,empty,p17,train,none,421,-1,,False,3cf39366cb0c24d3,0,kaggle_3m/TCGA_DU_5851_19950428/TCGA_DU_5851_19950428_32_mask.tif,9
lgg_seg,lgg_seg,kaggle_3m/TCGA_DU_5851_19950428/TCGA_DU_5851_19950428_33.tif,TCGA_DU_5851_19950428_33,empty,p17,train,none,422,-1,,False,cc9933e3c92c26d3,0,kaggle_3m/TCGA_DU_5851_19950428/TCGA_DU_5851_19950428_33_mask.tif,9
lgg_seg,lgg_seg,kaggle_3m/TCGA_DU_5851_19950428/TCGA_DU_5851_19950428_34.tif,TCGA_DU_5851_19950428_34,empty,p17,train,none,423,-1,,False,cc3936f3934c4c33,0,kaggle_3m/TCGA_DU_5851_19950428/TCGA_DU_5851_19950428_34_mask.tif,9
lgg_seg,lgg_seg,kaggle_3m/TCGA_DU_5851_19950428/TCGA_DU_5851_19950428_35.tif,TCGA_DU_5851_19950428_35,empty,p17,train,none,139,-1,duplicate_of:TCGA_CS_5396_20010302_24,False,33cccc3333cccc33,0,kaggle_3m/TCGA_DU_5851_19950428/TCGA_DU_5851_19950428_35_mask.tif,9
lgg_seg,lgg_seg,kaggle_3m/TCGA_DU_5851_19950428/TCGA_DU_5851_19950428_36.tif,TCGA_DU_5851_19950428_36,empty,p17,train,none,425,-1,,False,7636da5576ea7a76,0,kaggle_3m/TCGA_DU_5851_19950428/TCGA_DU_5851_19950428_36_mask.tif,9
lgg_seg,lgg_seg,kaggle_3m/TCGA_DU_5851_19950428/TCGA_DU_5851_19950428_37.tif,TCGA_DU_5851_19950428_37,empty,p17,train,none,426,-1,,False,bb94962d2b919fde,0,kaggle_3m/TCGA_DU_5851_19950428/TCGA_DU_5851_19950428_37_mask.tif,9
lgg_seg,lgg_seg,kaggle_3m/TCGA_DU_5851_19950428/TCGA_DU_5851_19950428_38.tif,TCGA_DU_5851_19950428_38,empty,p17,train,none,427,-1,,False,3b414641d1a61c62,0,kaggle_3m/TCGA_DU_5851_19950428/TCGA_DU_5851_19950428_38_mask.tif,9
lgg_seg,lgg_seg,kaggle_3m/TCGA_DU_5851_19950428/TCGA_DU_5851_19950428_39.tif,TCGA_DU_5851_19950428_39,empty,p17,train,none,428,-1,,False,efa13955f34a9ce6,0,kaggle_3m/TCGA_DU_5851_19950428/TCGA_DU_5851_19950428_39_mask.tif,9
lgg_seg,lgg_seg,kaggle_3m/TCGA_DU_5851_19950428/TCGA_DU_5851_19950428_4.tif,TCGA_DU_5851_19950428_4,empty,p17,train,none,407,-1,duplicate_of:TCGA_DU_5851_19950428_2,False,6669a3869b966479,0,kaggle_3m/TCGA_DU_5851_19950428/TCGA_DU_5851_19950428_4_mask.tif,9
lgg_seg,lgg_seg,kaggle_3m/TCGA_DU_5851_19950428/TCGA_DU_5851_19950428_40.tif,TCGA_DU_5851_19950428_40,empty,p17,train,none,430,-1,,False,8cba99cc5cc99c39,0,kaggle_3m/TCGA_DU_5851_19950428/TCGA_DU_5851_19950428_40_mask.tif,9
lgg_seg,lgg_seg,kaggle_3m/TCGA_DU_5851_19950428/TCGA_DU_5851_19950428_5.tif,TCGA_DU_5851_19950428_5,empty,p17,train,none,431,-1,,False,704cb3a69b9e6469,0,kaggle_3m/TCGA_DU_5851_19950428/TCGA_DU_5851_19950428_5_mask.tif,9
lgg_seg,lgg_seg,kaggle_3m/TCGA_DU_5851_19950428/TCGA_DU_5851_19950428_6.tif,TCGA_DU_5851_19950428_6,empty,p17,train,none,432,-1,,False,7946e38c9c966369,0,kaggle_3m/TCGA_DU_5851_19950428/TCGA_DU_5851_19950428_6_mask.tif,9
lgg_seg,lgg_seg,kaggle_3m/TCGA_DU_5851_19950428/TCGA_DU_5851_19950428_7.tif,TCGA_DU_5851_19950428_7,empty,p17,train,none,433,-1,,False,736cc3869e966169,0,kaggle_3m/TCGA_DU_5851_19950428/TCGA_DU_5851_19950428_7_mask.tif,9
lgg_seg,lgg_seg,kaggle_3m/TCGA_DU_5851_19950428/TCGA_DU_5851_19950428_8.tif,TCGA_DU_5851_19950428_8,empty,p17,train,none,434,-1,,False,d9cce7261616c9c9,0,kaggle_3m/TCGA_DU_5851_19950428/TCGA_DU_5851_19950428_8_mask.tif,9
lgg_seg,lgg_seg,kaggle_3m/TCGA_DU_5851_19950428/TCGA_DU_5851_19950428_9.tif,TCGA_DU_5851_19950428_9,empty,p17,train,none,435,-1,,False,daece186163669c9,0,kaggle_3m/TCGA_DU_5851_19950428/TCGA_DU_5851_19950428_9_mask.tif,9
lgg_seg,lgg_seg,kaggle_3m/TCGA_DU_5852_19950709/TCGA_DU_5852_19950709_1.tif,TCGA_DU_5852_19950709_1,empty,p18,train,none,436,-1,,False,cfce380cb0b447cb,0,kaggle_3m/TCGA_DU_5852_19950709/TCGA_DU_5852_19950709_1_mask.tif,3
lgg_seg,lgg_seg,kaggle_3m/TCGA_DU_5852_19950709/TCGA_DU_5852_19950709_10.tif,TCGA_DU_5852_19950709_10,empty,p18,train,none,437,-1,,False,dacc493c3cf4c643,0,kaggle_3m/TCGA_DU_5852_19950709/TCGA_DU_5852_19950709_10_mask.tif,3
lgg_seg,lgg_seg,kaggle_3m/TCGA_DU_5852_19950709/TCGA_DU_5852_19950709_11.tif,TCGA_DU_5852_19950709_11,empty,p18,train,none,438,-1,,False,d9cccd3c3c34c643,0,kaggle_3m/TCGA_DU_5852_19950709/TCGA_DU_5852_19950709_11_mask.tif,3
lgg_seg,lgg_seg,kaggle_3m/TCGA_DU_5852_19950709/TCGA_DU_5852_19950709_12.tif,TCGA_DU_5852_19950709_12,tumor,p18,train,none,439,-1,,False,f14cc3263db4c64b,600,kaggle_3m/TCGA_DU_5852_19950709/TCGA_DU_5852_19950709_12_mask.tif,3
lgg_seg,lgg_seg,kaggle_3m/TCGA_DU_5852_19950709/TCGA_DU_5852_19950709_13.tif,TCGA_DU_5852_19950709_13,tumor,p18,train,none,439,-1,duplicate_of:TCGA_DU_5852_19950709_12,False,f9ccc3262db4864b,825,kaggle_3m/TCGA_DU_5852_19950709/TCGA_DU_5852_19950709_13_mask.tif,3
lgg_seg,lgg_seg,kaggle_3m/TCGA_DU_5852_19950709/TCGA_DU_5852_19950709_14.tif,TCGA_DU_5852_19950709_14,tumor,p18,train,none,441,-1,,False,7326642e2db4d64b,741,kaggle_3m/TCGA_DU_5852_19950709/TCGA_DU_5852_19950709_14_mask.tif,3
lgg_seg,lgg_seg,kaggle_3m/TCGA_DU_5852_19950709/TCGA_DU_5852_19950709_15.tif,TCGA_DU_5852_19950709_15,tumor,p18,train,none,442,-1,,False,6326383e2db4c6cb,620,kaggle_3m/TCGA_DU_5852_19950709/TCGA_DU_5852_19950709_15_mask.tif,3
lgg_seg,lgg_seg,kaggle_3m/TCGA_DU_5852_19950709/TCGA_DU_5852_19950709_16.tif,TCGA_DU_5852_19950709_16,tumor,p18,train,none,443,-1,,False,f1a6181c2db6d6c9,588,kaggle_3m/TCGA_DU_5852_19950709/TCGA_DU_5852_19950709_16_mask.tif,3
lgg_seg,lgg_seg,kaggle_3m/TCGA_DU_5852_19950709/TCGA_DU_5852_19950709_17.tif,TCGA_DU_5852_19950709_17,tumor,p18,train,none,443,-1,duplicate_of:TCGA_DU_5852_19950709_16,False,d986191c2db6d6c9,751,kaggle_3m/TCGA_DU_5852_19950709/TCGA_DU_5852_19950709_17_mask.tif,3
lgg_seg,lgg_seg,kaggle_3m/TCGA_DU_5852_19950709/TCGA_DU_5852_19950709_18.tif,TCGA_DU_5852_19950709_18,tumor,p18,train,none,443,-1,duplicate_of:TCGA_DU_5852_19950709_16,False,d986381e2d36d6c9,760,kaggle_3m/TCGA_DU_5852_19950709/TCGA_DU_5852_19950709_18_mask.tif,3
lgg_seg,lgg_seg,kaggle_3m/TCGA_DU_5852_19950709/TCGA_DU_5852_19950709_19.tif,TCGA_DU_5852_19950709_19,tumor,p18,train,none,446,-1,,False,59846c1ead36d6c9,198,kaggle_3m/TCGA_DU_5852_19950709/TCGA_DU_5852_19950709_19_mask.tif,3
lgg_seg,lgg_seg,kaggle_3m/TCGA_DU_5852_19950709/TCGA_DU_5852_19950709_2.tif,TCGA_DU_5852_19950709_2,empty,p18,train,none,447,-1,,False,cfc61c2c70b4c7c3,0,kaggle_3m/TCGA_DU_5852_19950709/TCGA_DU_5852_19950709_2_mask.tif,3
lgg_seg,lgg_seg,kaggle_3m/TCGA_DU_5852_19950709/TCGA_DU_5852_19950709_20.tif,TCGA_DU_5852_19950709_20,empty,p18,train,none,446,-1,,False,598c6c0ead36d6c9,0,kaggle_3m/TCGA_DU_5852_19950709/TCGA_DU_5852_19950709_20_mask.tif,3
lgg_seg,lgg_seg,kaggle_3m/TCGA_DU_5852_19950709/TCGA_DU_5852_19950709_21.tif,TCGA_DU_5852_19950709_21,empty,p18,train,none,446,-1,duplicate_of:TCGA_DU_5852_19950709_20,False,198c6c8ead36d6c9,0,kaggle_3m/TCGA_DU_5852_19950709/TCGA_DU_5852_19950709_21_mask.tif,3
lgg_seg,lgg_seg,kaggle_3m/TCGA_DU_5852_19950709/TCGA_DU_5852_19950709_22.tif,TCGA_DU_5852_19950709_22,empty,p18,train,none,450,-1,,False,5926688ead36d6c9,0,kaggle_3m/TCGA_DU_5852_19950709/TCGA_DU_5852_19950709_22_mask.tif,3
lgg_seg,lgg_seg,kaggle_3m/TCGA_DU_5852_19950709/TCGA_DU_5852_19950709_23.tif,TCGA_DU_5852_19950709_23,empty,p18,train,none,451,-1,,False,71864906ad3ed6e9,0,kaggle_3m/TCGA_DU_5852_19950709/TCGA_DU_5852_19950709_23_mask.tif,3
lgg_seg,lgg_seg,kaggle_3m/TCGA_DU_5852_19950709/TCGA_DU_5852_19950709_24.tif,TCGA_DU_5852_19950709_24,empty,p18,train,none,452,-1,,False,59cc490ead36d6e1,0,kaggle_3m/TCGA_DU_5852_19950709/TCGA_DU_5852_19950709_24_mask.tif,3
lgg_seg,lgg_seg,kaggle_3m/TCGA_DU_5852_19950709/TCGA_DU_5852_19950709_25.tif,TCGA_DU_5852_19950709_25,empty,p18,train,none,452,-1,duplicate_of:TCGA_DU_5852_19950709_24,False,59cc498e2d36d669,0,kaggle_3m/TCGA_DU_5852_19950709/TCGA_DU_5852_19950709_25_mask.tif,3
lgg_seg,lgg_seg,kaggle_3m/TCGA_DU_5852_19950709/TCGA_DU_5852_19950709_26.tif,TCGA_DU_5852_19950709_26,empty,p18,train,none,454,-1,,False,d9c6590e2d34d6c9,0,kaggle_3m/TCGA_DU_5852_19950709/TCGA_DU_5852_19950709_26_mask.tif,3
lgg_seg,lgg_seg,kaggle_3m/TCGA_DU_5852_19950709/TCGA_DU_5852_19950709_27.tif,TCGA_DU_5852_19950709_27,empty,p18,train,none,10,-1,duplicate_of:TCGA_CS_4941_19960909_19,False,93e6590e2d3c96c3,0,kaggle_3m/TCGA_DU_5852_19950709/TCGA_DU_5852_19950709_27_mask.tif,3
lgg_seg,lgg_seg,kaggle_3m/TCGA_DU_5852_19950709/TCGA_DU_5852_19950709_28.tif,TCGA_DU_5852_19950709_28,empty,p18,train,none,10,-1,duplicate_of:TCGA_CS_4941_19960909_19,False,91c4db0c693cb6d3,0,kaggle_3m/TCGA_DU_5852_19950709/TCGA_DU_5852_19950709_28_mask.tif,3
lgg_seg,lgg_seg,kaggle_3m/TCGA_DU_5852_19950709/TCGA_DU_5852_19950709_29.tif,TCGA_DU_5852_19950709_29,empty,p18,train,none,10,-1,duplicate_of:TCGA_CS_4941_19960909_19,False,33c1d1cc493cb6d3,0,kaggle_3m/TCGA_DU_5852_19950709/TCGA_DU_5852_19950709_29_mask.tif,3
lgg_seg,lgg_seg,kaggle_3m/TCGA_DU_5852_19950709/TCGA_DU_5852_19950709_3.tif,TCGA_DU_5852_19950709_3,empty,p18,train,none,447,-1,duplicate_of:TCGA_DU_5852_19950709_2,False,c7ce182c78b4c7c3,0,kaggle_3m/TCGA_DU_5852_19950709/TCGA_DU_5852_19950709_3_mask.tif,3
lgg_seg,lgg_seg,kaggle_3m/TCGA_DU_5852_19950709/TCGA_DU_5852_19950709_30.tif,TCGA_DU_5852_19950709_30,empty,p18,train,none,10,-1,duplicate_of:TCGA_CS_4941_19960909_19,False,326393cc493cb673,0,kaggle_3m/TCGA_DU_5852_19950709/TCGA_DU_5852_19950709_30_mask.tif,3
lgg_seg,lgg_seg,kaggle_3m/TCGA_DU_5852_19950709/TCGA_DU_5852_19950709_31.tif,TCGA_DU_5852_19950709_31,empty,p18,train,none,230,-1,duplicate_of:TCGA_CS_6290_20000917_20,False,3639b3c6490cb673,0,kaggle_3m/TCGA_DU_5852_19950709/TCGA_DU_5852_19950709_31_mask.tif,3
lgg_seg,lgg_seg,kaggle_3m/TCGA_DU_5852_19950709/TCGA_DU_5852_19950709_32.tif,TCGA_DU_5852_19950709_32,empty,p18,train,none,461,-1,,False,6699b3635986263b,0,kaggle_3m/TCGA_DU_5852_19950709/TCGA_DU_5852_19950709_32_mask.tif,3
lgg_seg,lgg_seg,kaggle_3m/TCGA_DU_5852_19950709/TCGA_DU_5852_19950709_33.tif,TCGA_DU_5852_19950709_33,empty,p18,train,none,161,-1,duplicate_of:TCGA_CS_5397_20010315_22,False,6699263b99666699,0,kaggle_3m/TCGA_DU_5852_19950709/TCGA_DU_5852_19950709_33_mask.tif,3
lgg_seg,lgg_seg,kaggle_3m/TCGA_DU_5852_19950709/TCGA_DU_5852_19950709_34.tif,TCGA_DU_5852_19950709_34,empty,p18,train,none,161,-1,duplicate_of:TCGA_CS_5397_20010315_22,False,996e669999666499,0,kaggle_3m/TCGA_DU_5852_19950709/TCGA_DU_5852_19950709_34_mask.tif,3
lgg_seg,lgg_seg,kaggle_3m/TCGA_DU_5852_19950709/TCGA_DU_5852_19950709_35.tif,TCGA_DU_5852_19950709_35,empty,p18,train,none,464,-1,,False,66997266932c6cd3,0,kaggle_3m/TCGA_DU_5852_19950709/TCGA_DU_5852_19950709_35_mask.tif,3
lgg_seg,lgg_seg,kaggle_3m/TCGA_DU_5852_19950709/TCGA_DU_5852_19950709_36.tif,TCGA_DU_5852_19950709_36,empty,p18,train,none,465,-1,,False,c0f285c251f19da8,0,kaggle_3m/TCGA_DU_5852_19950709/TCGA_DU_5852_19950709_36_mask.tif,3
lgg_seg,lgg_seg,kaggle_3m/TCGA_DU_5852_19950709/TCGA_DU_5852_19950709_4.tif,TCGA_DU_5852_19950709_4,empty,p18,train,none,466,-1,,False,cbe4390e7cbc8343,0,kaggle_3m/TCGA_DU_5852_19950709/TCGA_DU_5852_19950709_4_mask.tif,3
lgg_seg,lgg_seg,kaggle_3m/TCGA_DU_5852_19950709/TCGA_DU_5852_19950709_5.tif,TCGA_DU_5852_19950709_5,empty,p18,train,none,467,-1,,False,96cc192ef1bc8743,0,kaggle_3m/TCGA_DU_5852_19950709/TCGA_DU_5852_19950709_5_mask.tif,3
lgg_seg,lgg_seg,kaggle_3m/TCGA_DU_5852_19950709/TCGA_DU_5852_19950709_6.tif,TCGA_DU_5852_19950709_6,empty,p18,train,none,468,-1,,False,3e8c493eb3f40743,0,kaggle_3m/TCGA_DU_5852_19950709/TCGA_DU_5852_19950709_6_mask.tif,3
lgg_seg,lgg_seg,kaggle_3m/TCGA_DU_5852_19950709/TCGA_DU_5852_19950709_7.tif,TCGA_DU_5852_19950709_7,empty,p18,train,none,469,-1,,False,1ecc693e33f42643,0,kaggle_3m/TCGA_DU_5852_19950709/TCGA_DU_5852_19950709_7_mask.tif,3
lgg_seg,lgg_seg,kaggle_3m/TCGA_DU_5852_19950709/TCGA_DU_5852_19950709_8.tif,TCGA_DU_5852_19950709_8,empty,p18,train,none,470,-1,,False,dccccb3632f42643,0,kaggle_3m/TCGA_DU_5852_19950709/TCGA_DU_5852_19950709_8_mask.tif,3
lgg_seg,lgg_seg,kaggle_3m/TCGA_DU_5852_19950709/TCGA_DU_5852_19950709_9.tif,TCGA_DU_5852_19950709_9,empty,p18,train,none,471,-1,,False,dc6c4b3634f4864b,0,kaggle_3m/TCGA_DU_5852_19950709/TCGA_DU_5852_19950709_9_mask.tif,3
lgg_seg,lgg_seg,kaggle_3m/TCGA_DU_5853_19950823/TCGA_DU_5853_19950823_1.tif,TCGA_DU_5853_19950823_1,empty,p19,val,none,472,-1,,False,736c69868b969669,0,kaggle_3m/TCGA_DU_5853_19950823/TCGA_DU_5853_19950823_1_mask.tif,1
lgg_seg,lgg_seg,kaggle_3m/TCGA_DU_5853_19950823/TCGA_DU_5853_19950823_10.tif,TCGA_DU_5853_19950823_10,empty,p19,val,none,473,-1,,False,19b3612c961ee6e9,0,kaggle_3m/TCGA_DU_5853_19950823/TCGA_DU_5853_19950823_10_mask.tif,1
lgg_seg,lgg_seg,kaggle_3m/TCGA_DU_5853_19950823/TCGA_DU_5853_19950823_11.tif,TCGA_DU_5853_19950823_11,empty,p19,val,none,473,-1,duplicate_of:TCGA_DU_5853_19950823_10,False,19b3692c969e6669,0,kaggle_3m/TCGA_DU_5853_19950823/TCGA_DU_5853_19950823_11_mask.tif,1
lgg_seg,lgg_seg,kaggle_3m/TCGA_DU_5853_19950823/TCGA_DU_5853_19950823_12.tif,TCGA_DU_5853_19950823_12,empty,p19,val,none,475,-1,,False,3986eba496966c69,0,kaggle_3m/TCGA_DU_5853_19950823/TCGA_DU_5853_19950823_12_mask.tif,1
lgg_seg,lgg_seg,kaggle_3m/TCGA_DU_5853_19950823/TCGA_DU_5853_19950823_13.tif,TCGA_DU_5853_19950823_13,empty,p19,val,none,476,-1,,False,799ccb8696166c69,0,kaggle_3m/TCGA_DU_5853_19950823/TCGA_DU_5853_19950823_13_mask.tif,1
lgg_seg,lgg_seg,kaggle_3m/TCGA_DU_5853_19950823/TCGA_DU_5853_19950823_14.tif,TCGA_DU_5853_19950823_14,empty,p19,val,none,477,-1,,False,69b6c3a687166c69,0,kaggle_3m/TCGA_DU_5853_19950823/TCGA_DU_5853_19950823_14_mask.tif,1
lgg_seg,lgg_seg,kaggle_3m/TCGA_DU_5853_19950823/TCGA_DU_5853_19950823_15.tif,TCGA_DU_5853_19950823_15,empty,p19,val,none,477,-1,duplicate_of:TCGA_DU_5853_19950823_14,False,69acc3a687167c69,0,kaggle_3m/TCGA_DU_5853_19950823/TCGA_DU_5853_19950823_15_mask.tif,1
lgg_seg,lgg_seg,kaggle_3m/TCGA_DU_5853_19950823/TCGA_DU_5853_19950823_16.tif,TCGA_DU_5853_19950823_16,empty,p19,val,none,479,-1,,False,61ece3a6a7161c69,0,kaggle_3m/TCGA_DU_5853_19950823/TCGA_DU_5853_19950823_16_mask.tif,1
lgg_seg,lgg_seg,kaggle_3m/TCGA_DU_5853_19950823/TCGA_DU_5853_19950823_17.tif,TCGA_DU_5853_19950823_17,empty,p19,val,none,69,-1,duplicate_of:TCGA_CS_4944_20010208_15,False,796663a687961c69,0,kaggle_3m/TCGA_DU_5853_19950823/TCGA_DU_5853_19950823_17_mask.tif,1
lgg_seg,lgg_seg,kaggle_3m/TCGA_DU_5853_19950823/TCGA_DU_5853_19950823_18.tif,TCGA_DU_5853_19950823_18,empty,p19,val,none,69,-1,duplicate_of:TCGA_CS_4944_20010208_15,False,796663a687961c69,0,kaggle_3m/TCGA_DU_5853_19950823/TCGA_DU_5853_19950823_18_mask.tif,1
lgg_seg,lgg_seg,kaggle_3m/TCGA_DU_5853_19950823/TCGA_DU_5853_19950823_19.tif,TCGA_DU_5853_19950823_19,empty,p19,val,none,69,-1,duplicate_of:TCGA_CS_4944_20010208_15,False,796663a687963c49,0,kaggle_3m/TCGA_DU_5853_19950823/TCGA_DU_5853_19950823_19_mask.tif,1
lgg_seg,lgg_seg,kaggle_3m/TCGA_DU_5853_19950823/TCGA_DU_5853_19950823_2.tif,TCGA_DU_5853_19950823_2,empty,p19,val,none,472,-1,duplicate_of:TCGA_DU_5853_19950823_1,False,63646986cb969e69,0,kaggle_3m/TCGA_DU_5853_19950823/TCGA_DU_5853_19950823_2_mask.tif,1
lgg_seg,lgg_seg,kaggle_3m/TCGA_DU_5853_19950823/TCGA_DU_5853_19950823_20.tif,TCGA_DU_5853_19950823_20,empty,p19,val,none,69,-1,duplicate_of:TCGA_CS_4944_20010208_15,False,f96463a687963c49,0,kaggle_3m/TCGA_DU_5853_19950823/TCGA_DU_5853_19950823_20_mask.tif,1
lgg_seg,lgg_seg,kaggle_3m/TCGA_DU_5853_19950823/TCGA_DU_5853_19950823_21.tif,TCGA_DU_5853_19950823_21,empty,p19,val,none,69,-1,duplicate_of:TCGA_CS_4944_20010208_15,False,f96463a687963c49,0,kaggle_3m/TCGA_DU_5853_19950823/TCGA_DU_5853_19950823_21_mask.tif,1
lgg_seg,lgg_seg,kaggle_3m/TCGA_DU_5853_19950823/TCGA_DU_5853_19950823_22.tif,TCGA_DU_5853_19950823_22,empty,p19,val,none,69,-1,duplicate_of:TCGA_CS_4944_20010208_15,False,796669a687963c49,0,kaggle_3m/TCGA_DU_5853_19950823/TCGA_DU_5853_19950823_22_mask.tif,1
lgg_seg,lgg_seg,kaggle_3m/TCGA_DU_5853_19950823/TCGA_DU_5853_19950823_23.tif,TCGA_DU_5853_19950823_23,empty,p19,val,none,69,-1,duplicate_of:TCGA_CS_4944_20010208_15,False,796669a687963c49,0,kaggle_3m/TCGA_DU_5853_19950823/TCGA_DU_5853_19950823_23_mask.tif,1
lgg_seg,lgg_seg,kaggle_3m/TCGA_DU_5853_19950823/TCGA_DU_5853_19950823_24.tif,TCGA_DU_5853_19950823_24,empty,p19,val,none,69,-1,duplicate_of:TCGA_CS_4944_20010208_15,False,716663a68796bc49,0,kaggle_3m/TCGA_DU_5853_19950823/TCGA_DU_5853_19950823_24_mask.tif,1
lgg_seg,lgg_seg,kaggle_3m/TCGA_DU_5853_19950823/TCGA_DU_5853_19950823_25.tif,TCGA_DU_5853_19950823_25,tumor,p19,val,none,69,-1,duplicate_of:TCGA_DU_5849_19950405_22,False,71664ba68796bc49,327,kaggle_3m/TCGA_DU_5853_19950823/TCGA_DU_5853_19950823_25_mask.tif,1
lgg_seg,lgg_seg,kaggle_3m/TCGA_DU_5853_19950823/TCGA_DU_5853_19950823_26.tif,TCGA_DU_5853_19950823_26,tumor,p19,val,none,69,-1,duplicate_of:TCGA_DU_5849_19950405_22,False,796c4ba4c7963c49,680,kaggle_3m/TCGA_DU_5853_19950823/TCGA_DU_5853_19950823_26_mask.tif,1
lgg_seg,lgg_seg,kaggle_3m/TCGA_DU_5853_19950823/TCGA_DU_5853_19950823_27.tif,TCGA_DU_5853_19950823_27,tumor,p19,val,none,69,-1,duplicate_of:TCGA_DU_5849_19950405_22,False,79664ba4c796b449,902,kaggle_3m/TCGA_DU_5853_19950823/TCGA_DU_5853_19950823_27_mask.tif,1
lgg_seg,lgg_seg,kaggle_3m/TCGA_DU_5853_19950823/TCGA_DU_5853_19950823_28.tif,TCGA_DU_5853_19950823_28,tumor,p19,val,none,492,-1,,False,394e59e6c3963459,1165,kaggle_3m/TCGA_DU_5853_19950823/TCGA_DU_5853_19950823_28_mask.tif,1
lgg_seg,lgg_seg,kaggle_3m/TCGA_DU_5853_19950823/TCGA_DU_5853_19950823_29.tif,TCGA_DU_5853_19950823_29,tumor,p19,val,none,493,-1,,False,19c359e64396b659,1182,kaggle_3m/TCGA_DU_5853_19950823/TCGA_DU_5853_19950823_29_mask.tif,1
lgg_seg,lgg_seg,kaggle_3m/TCGA_DU_5853_19950823/TCGA_DU_5853_19950823_3.tif,TCGA_DU_5853_19950823_3,empty,p19,val,none,472,-1,duplicate_of:TCGA_DU_5853_19950823_1,False,6364e986499e9e69,0,kaggle_3m/TCGA_DU_5853_19950823/TCGA_DU_5853_19950823_3_mask.tif,1
lgg_seg,lgg_seg,kaggle_3m/TCGA_DU_5853_19950823/TCGA_DU_5853_19950823_30.tif,TCGA_DU_5853_19950823_30,tumor,p19,val,none,493,-1,duplicate_of:TCGA_DU_5853_19950823_29,False,38c359e4c396b659,1163,kaggle_3m/TCGA_DU_5853_19950823/TCGA_DU_5853_19950823_30_mask.tif,1
lgg_seg,lgg_seg,kaggle_3m/TCGA_DU_5853_19950823/TCGA_DU_5853_19950823_31.tif,TCGA_DU_5853_19950823_31,tumor,p19,val,none,496,-1,,False,3cd3196cc3a634d9,903,kaggle_3m/TCGA_DU_5853_19950823/TCGA_DU_5853_19950823_31_mask.tif,1
lgg_seg,lgg_seg,kaggle_3m/TCGA_DU_5853_19950823/TCGA_DU_5853_19950823_32.tif,TCGA_DU_5853_19950823_32,empty,p19,val,none,497,-1,,False,2c93996ce3a62e59,0,kaggle_3m/TCGA_DU_5853_19950823/TCGA_DU_5853_19950823_32_mask.tif,1
lgg_seg,lgg_seg,kaggle_3m/TCGA_DU_5853_19950823/TCGA_DU_5853_19950823_33.tif,TCGA_DU_5853_19950823_33,empty,p19,val,none,73,-1,duplicate_of:TCGA_CS_4944_20010208_19,False,669b986973a68c59,0,kaggle_3m/TCGA_DU_5853_19950823/TCGA_DU_5853_19950823_33_mask.tif,1
lgg_seg,lgg_seg,kaggle_3m/TCGA_DU_5853_19950823/TCGA_DU_5853_19950823_34.tif,TCGA_DU_5853_19950823_34,empty,p19,val,none,499,-1,,False,66f38c1973664c99,0,kaggle_3m/TCGA_DU_5853_19950823/TCGA_DU_5853_19950823_34_mask.tif,1
lgg_seg,lgg_seg,kaggle_3m/TCGA_DU_5853_19950823/TCGA_DU_5853_19950823_35.tif,TCGA_DU_5853_19950823_35,empty,p19,val,none,500,-1,,False,1933cc9993666c9b,0,kaggle_3m/TCGA_DU_5853_19950823/TCGA_DU_5853_19950823_35_mask.tif,1
lgg_seg,lgg_seg,kaggle_3m/TCGA_DU_5853_19950823/TCGA_DU_5853_19950823_36.tif,TCGA_DU_5853_19950823_36,empty,p19,val,none,501,-1,,False,45bbaeb86deed448,0,kaggle_3m/TCGA_DU_5853_19950823/TCGA_DU_5853_19950823_36_mask.tif,1
lgg_seg,lgg_seg,kaggle_3m/TCGA_DU_5853_19950823/TCGA_DU_5853_19950823_4.tif,TCGA_DU_5853_19950823_4,empty,p19,val,none,502,-1,,False,73646126619e9ee9,0,kaggle_3m/TCGA_DU_5853_19950823/TCGA_DU_5853_19950823_4_mask.tif,1
lgg_seg,lgg_seg,kaggle_3m/TCGA_DU_5853_19950823/TCGA_DU_5853_19950823_5.tif,TCGA_DU_5853_19950823_5,empty,p19,val,none,503,-1,,False,79e46326611e96e9,0,kaggle_3m/TCGA_DU_5853_19950823/TCGA_DU_5853_19950823_5_mask.tif,1
lgg_seg,lgg_seg,kaggle_3m/TCGA_DU_5853_19950823/TCGA_DU_5853_19950823_6.tif,TCGA_DU_5853_19950823_6,empty,p19,val,none,504,-1,,False,396663a4691e96e9,0,kaggle_3m/TCGA_DU_5853_19950823/TCGA_DU_5853_19950823_6_mask.tif,1
lgg_seg,lgg_seg,kaggle_3m/TCGA_DU_5853_19950823/TCGA_DU_5853_19950823_7.tif,TCGA_DU_5853_19950823_7,empty,p19,val,none,505,-1,,False,7966e1a48d969669,0,kaggle_3m/TCGA_DU_5853_19950823/TCGA_DU_5853_19950823_7_mask.tif,1
lgg_seg,lgg_seg,kaggle_3m/TCGA_DU_5853_19950823/TCGA_DU_5853_19950823_8.tif,TCGA_DU_5853_19950823_8,empty,p19,val,none,506,-1,,False,596663ac87168ee9,0,kaggle_3m/TCGA_DU_5853_19950823/TCGA_DU_5853_19950823_8_mask.tif,1
lgg_seg,lgg_seg,kaggle_3m/TCGA_DU_5853_19950823/TCGA_DU_5853_19950823_9.tif,TCGA_DU_5853_19950823_9,empty,p19,val,none,507,-1,,False,193363ac8716e6e9,0,kaggle_3m/TCGA_DU_5853_19950823/TCGA_DU_5853_19950823_9_mask.tif,1
lgg_seg,lgg_seg,kaggle_3m/TCGA_DU_5854_19951104/TCGA_DU_5854_19951104_1.tif,TCGA_DU_5854_19951104_1,empty,p20,train,none,508,-1,,False,c6e93f2678364c43,0,kaggle_3m/TCGA_DU_5854_19951104/TCGA_DU_5854_19951104_1_mask.tif,7
lgg_seg,lgg_seg,kaggle_3m/TCGA_DU_5854_19951104/TCGA_DU_5854_19951104_10.tif,TCGA_DU_5854_19951104_10,empty,p20,train,none,509,-1,,False,1c0db3b6f4fc4303,0,kaggle_3m/TCGA_DU_5854_19951104/TCGA_DU_5854_19951104_10_mask.tif,7
lgg_seg,lgg_seg,kaggle_3m/TCGA_DU_5854_19951104/TCGA_DU_5854_19951104_11.tif,TCGA_DU_5854_19951104_11,empty,p20,train,none,510,-1,,False,4c2d3336f6f44b03,0,kaggle_3m/TCGA_DU_5854_19951104/TCGA_DU_5854_19951104_11_mask.tif,7
lgg_seg,lgg_seg,kaggle_3m/TCGA_DU_5854_19951104/TCGA_DU_5854_19951104_12.tif,TCGA_DU_5854_19951104_12,empty,p20,train,none,511,-1,,False,cd0d27363cf4c30b,0,kaggle_3m/TCGA_DU_5854_19951104/TCGA_DU_5854_19951104_12_mask.tif,7
lgg_seg,lgg_seg,kaggle_3m/TCGA_DU_5854_19951104/TCGA_DU_5854_19951104_13.tif,TCGA_DU_5854_19951104_13,empty,p20,train,none,512,-1,,False,c9cf063c3cf4c343,0,kaggle_3m/TCGA_DU_5854_19951104/TCGA_DU_5854_19951104_13_mask.tif,7
lgg_seg,lgg_seg,kaggle_3m/TCGA_DU_5854_19951104/TCGA_DU_5854_19951104_14.tif,TCGA_DU_5854_19951104_14,empty,p20,train,none,513,-1,,False,e1c7873c3cbc4343,0,kaggle_3m/TCGA_DU_5854_19951104/TCGA_DU_5854_19951104_14_mask.tif,7
lgg_seg,lgg_seg,kaggle_3m/TCGA_DU_5854_19951104/TCGA_DU_5854_19951104_15.tif,TCGA_DU_5854_19951104_15,empty,p20,train,none,514,-1,,False,e1c78636bcbc4943,0,kaggle_3m/TCGA_DU_5854_19951104/TCGA_DU_5854_19951104_15_mask.tif,7
lgg_seg,lgg_seg,kaggle_3m/TCGA_DU_5854_19951104/TCGA_DU_5854_19951104_16.tif,TCGA_DU_5854_19951104_16,empty,p20,train,none,515,-1,,False,e1e626263cbcc9c3,0,kaggle_3m/TCGA_DU_5854_19951104/TCGA_DU_5854_19951104_16_mask.tif,7
lgg_seg,lgg_seg,kaggle_3m/TCGA_DU_5854_19951104/TCGA_DU_5854_19951104_17.tif,TCGA_DU_5854_19951104_17,empty,p20,train,none,516,-1,,False,6326a63c1cbccbc3,0,kaggle_3m/TCGA_DU_5854_19951104/TCGA_DU_5854_19951104_17_mask.tif,7
lgg_seg,lgg_seg,kaggle_3m/TCGA_DU_5854_19951104/TCGA_DU_5854_19951104_18.tif,TCGA_DU_5854_19951104_18,empty,p20,train,none,517,-1,,False,6706163c3cfcc3c3,0,kaggle_3m/TCGA_DU_5854_19951104/TCGA_DU_5854_19951104_18_mask.tif,7
lgg_seg,lgg_seg,kaggle_3m/TCGA_DU_5854_19951104/TCGA_DU_5854_19951104_19.tif,TCGA_DU_5854_19951104_19,empty,p20,train,none,518,-1,,False,a60e1e3c2cfcc3c3,0,kaggle_3m/TCGA_DU_5854_19951104/TCGA_DU_5854_19951104_19_mask.tif,7
lgg_seg,lgg_seg,kaggle_3m/TCGA_DU_5854_19951104/TCGA_DU_5854_19951104_2.tif,TCGA_DU_5854_19951104_2,empty,p20,train,none,519,-1,,False,c669352c70b4cf4b,0,kaggle_3m/TCGA_DU_5854_19951104/TCGA_DU_5854_19951104_2_mask.tif,7
lgg_seg,lgg_seg,kaggle_3m/TCGA_DU_5854_19951104/TCGA_DU_5854_19951104_20.tif,TCGA_DU_5854_19951104_20,empty,p20,train,none,520,-1,,False,870e1e3c2df4d2c3,0,kaggle_3m/TCGA_DU_5854_19951104/TCGA_DU_5854_19951104_20_mask.tif,7
lgg_seg,lgg_seg,kaggle_3m/TCGA_DU_5854_19951104/TCGA_DU_5854_19951104_21.tif,TCGA_DU_5854_19951104_21,empty,p20,train,none,521,-1,,False,f10e522c2d96dec3,0,kaggle_3m/TCGA_DU_5854_19951104/TCGA_DU_5854_19951104_21_mask.tif,7
lgg_seg,lgg_seg,kaggle_3m/TCGA_DU_5854_19951104/TCGA_DU_5854_19951104_22.tif,TCGA_DU_5854_19951104_22,tumor,p20,train,none,522,-1,,False,d3264e2c259cdce3,505,kaggle_3m/TCGA_DU_5854_19951104/TCGA_DU_5854_19951104_22_mask.tif,7
lgg_seg,lgg_seg,kaggle_3m/TCGA_DU_5854_19951104/TCGA_DU_5854_19951104_23.tif,TCGA_DU_5854_19951104_23,tumor,p20,train,none,523,-1,,False,f366422c239cdce3,375,kaggle_3m/TCGA_DU_5854_19951104/TCGA_DU_5854_19951104_23_mask.tif,7
lgg_seg,lgg_seg,kaggle_3m/TCGA_DU_5854_19951104/TCGA_DU_5854_19951104_24.tif,TCGA_DU_5854_19951104_24,tumor,p20,train,none,524,-1,,False,f26ccaac239c9c63,697,kaggle_3m/TCGA_DU_5854_19951104/TCGA_DU_5854_19951104_24_mask.tif,7
lgg_seg,lgg_seg,kaggle_3m/TCGA_DU_5854_19951104/TCGA_DU_5854_19951104_25.tif,TCGA_DU_5854_19951104_25,tumor,p20,train,none,524,-1,duplicate_of:TCGA_DU_5854_19951104_24,False,f06ccaac239c9c73,900,kaggle_3m/TCGA_DU_5854_19951104/TCGA_DU_5854_19951104_25_mask.tif,7
lgg_seg,lgg_seg,kaggle_3m/TCGA_DU_5854_19951104/TCGA_DU_5854_19951104_26.tif,TCGA_DU_5854_19951104_26,tumor,p20,train,none,524,-1,duplicate_of:TCGA_DU_5854_19951104_24,False,b64ccaac239c9c73,1127,kaggle_3m/TCGA_DU_5854_19951104/TCGA_DU_5854_19951104_26_mask.tif,7
lgg_seg,lgg_seg,kaggle_3m/TCGA_DU_5854_19951104/TCGA_DU_5854_19951104_27.tif,TCGA_DU_5854_19951104_27,tumor,p20,train,none,527,-1,,False,bc4ec28c239e9c73,1516,kaggle_3m/TCGA_DU_5854_19951104/TCGA_DU_5854_19951104_27_mask.tif,7
lgg_seg,lgg_seg,kaggle_3m/TCGA_DU_5854_19951104/TCGA_DU_5854_19951104_28.tif,TCGA_DU_5854_19951104_28,tumor,p20,train,none,524,-1,duplicate_of:TCGA_DU_5854_19951104_24,False,b64dc28c639c9c73,1189,kaggle_3m/TCGA_DU_5854_19951104/TCGA_DU_5854_19951104_28_mask.tif,7
lgg_seg,lgg_seg,kaggle_3m/TCGA_DU_5854_19951104/TCGA_DU_5854_19951104_29.tif,TCGA_DU_5854_19951104_29,tumor,p20,train,none,529,-1,,False,34c9f20c63bc9c73,820,kaggle_3m/TCGA_DU_5854_19951104/TCGA_DU_5854_19951104_29_mask.tif,7
lgg_seg,lgg_seg,kaggle_3m/TCGA_DU_5854_19951104/TCGA_DU_5854_19951104_3.tif,TCGA_DU_5854_19951104_3,empty,p20,train,none,519,-1,duplicate_of:TCGA_DU_5854_19951104_2,False,c669342c78b4cfc3,0,kaggle_3m/TCGA_DU_5854_19951104/TCGA_DU_5854_19951104_3_mask.tif,7
lgg_seg,lgg_seg,kaggle_3m/TCGA_DU_5854_19951104/TCGA_DU_5854_19951104_30.tif,TCGA_DU_5854_19951104_30,tumor,p20,train,none,531,-1,,False,38c3f24c633c1cf3,382,kaggle_3m/TCGA_DU_5854_19951104/TCGA_DU_5854_19951104_30_mask.tif,7
lgg_seg,lgg_seg,kaggle_3m/TCGA_DU_5854_19951104/TCGA_DU_5854_19951104_31.tif,TCGA_DU_5854_19951104_31,tumor,p20,train,none,532,-1,,False,18f332cce32c1cf3,196,kaggle_3m/TCGA_DU_5854_19951104/TCGA_DU_5854_19951104_31_mask.tif,7
lgg_seg,lgg_seg,kaggle_3m/TCGA_DU_5854_19951104/TCGA_DU_5854_19951104_32.tif,TCGA_DU_5854_19951104_32,empty,p20,train,none,533,-1,,False,8c3339cce60c9cf3,0,kaggle_3m/TCGA_DU_5854_19951104/TCGA_DU_5854_19951104_32_mask.tif,7
lgg_seg,lgg_seg,kaggle_3m/TCGA_DU_5854_19951104/TCGA_DU_5854_19951104_33.tif,TCGA_DU_5854_19951104_33,empty,p20,train,none,534,-1,,False,3333f3c34c4c3333,0,kaggle_3m/TCGA_DU_5854_19951104/TCGA_DU_5854_19951104_33_mask.tif,7
lgg_seg,lgg_seg,kaggle_3m/TCGA_DU_5854_19951104/TCGA_DU_5854_19951104_34.tif,TCGA_DU_5854_19951104_34,empty,p20,train,none,535,-1,,False,cc6c3333cccc3333,0,kaggle_3m/TCGA_DU_5854_19951104/TCGA_DU_5854_19951104_34_mask.tif,7
lgg_seg,lgg_seg,kaggle_3m/TCGA_DU_5854_19951104/TCGA_DU_5854_19951104_35.tif,TCGA_DU_5854_19951104_35,empty,p20,train,none,536,-1,,False,e56838c74b57de4a,0,kaggle_3m/TCGA_DU_5854_19951104/TCGA_DU_5854_19951104_35_mask.tif,7
lgg_seg,lgg_seg,kaggle_3m/TCGA_DU_5854_19951104/TCGA_DU_5854_19951104_36.tif,TCGA_DU_5854_19951104_36,empty,p20,train,none,537,-1,,False,f775483b3c835556,0,kaggle_3m/TCGA_DU_5854_19951104/TCGA_DU_5854_19951104_36_mask.tif,7
lgg_seg,lgg_seg,kaggle_3m/TCGA_DU_5854_19951104/TCGA_DU_5854_19951104_4.tif,TCGA_DU_5854_19951104_4,empty,p20,train,none,538,-1,,False,166c3424f2b6cbcb,0,kaggle_3m/TCGA_DU_5854_19951104/TCGA_DU_5854_19951104_4_mask.tif,7
lgg_seg,lgg_seg,kaggle_3m/TCGA_DU_5854_19951104/TCGA_DU_5854_19951104_5.tif,TCGA_DU_5854_19951104_5,empty,p20,train,none,539,-1,,False,166c342676bcc9cb,0,kaggle_3m/TCGA_DU_5854_19951104/TCGA_DU_5854_19951104_5_mask.tif,7
lgg_seg,lgg_seg,kaggle_3m/TCGA_DU_5854_19951104/TCGA_DU_5854_19951104_6.tif,TCGA_DU_5854_19951104_6,empty,p20,train,none,539,-1,duplicate_of:TCGA_DU_5854_19951104_5,False,362c342676fcc9c3,0,kaggle_3m/TCGA_DU_5854_19951104/TCGA_DU_5854_19951104_6_mask.tif,7
lgg_seg,lgg_seg,kaggle_3m/TCGA_DU_5854_19951104/TCGA_DU_5854_19951104_7.tif,TCGA_DU_5854_19951104_7,empty,p20,train,none,541,-1,,False,3c2c24363cfccbc3,0,kaggle_3m/TCGA_DU_5854_19951104/TCGA_DU_5854_19951104_7_mask.tif,7
lgg_seg,lgg_seg,kaggle_3m/TCGA_DU_5854_19951104/TCGA_DU_5854_19951104_8.tif,TCGA_DU_5854_19951104_8,empty,p20,train,none,541,-1,duplicate_of:TCGA_DU_5854_19951104_7,False,3c2c263638fccbc3,0,kaggle_3m/TCGA_DU_5854_19951104/TCGA_DU_5854_19951104_8_mask.tif,7
lgg_seg,lgg_seg,kaggle_3m/TCGA_DU_5854_19951104/TCGA_DU_5854_19951104_9.tif,TCGA_DU_5854_19951104_9,empty,p20,train,none,543,-1,,False,3c0cb6b4f0fc4b43,0,kaggle_3m/TCGA_DU_5854_19951104/TCGA_DU_5854_19951104_9_mask.tif,7
lgg_seg,lgg_seg,kaggle_3m/TCGA_DU_5855_19951217/TCGA_DU_5855_19951217_1.tif,TCGA_DU_5855_19951217_1,empty,p21,test,none,544,-1,,True,e7c6898c9c366363,0,kaggle_3m/TCGA_DU_5855_19951217/TCGA_DU_5855_19951217_1_mask.tif,0
lgg_seg,lgg_seg,kaggle_3m/TCGA_DU_5855_19951217/TCGA_DU_5855_19951217_10.tif,TCGA_DU_5855_19951217_10,empty,p21,test,none,545,-1,,True,716c6b8c87969e61,0,kaggle_3m/TCGA_DU_5855_19951217/TCGA_DU_5855_19951217_10_mask.tif,0
lgg_seg,lgg_seg,kaggle_3m/TCGA_DU_5855_19951217/TCGA_DU_5855_19951217_11.tif,TCGA_DU_5855_19951217_11,empty,p21,test,none,545,-1,duplicate_of:TCGA_DU_5855_19951217_10,True,716d698ca7169e61,0,kaggle_3m/TCGA_DU_5855_19951217/TCGA_DU_5855_19951217_11_mask.tif,0
lgg_seg,lgg_seg,kaggle_3m/TCGA_DU_5855_19951217/TCGA_DU_5855_19951217_12.tif,TCGA_DU_5855_19951217_12,empty,p21,test,none,545,-1,duplicate_of:TCGA_DU_5855_19951217_10,True,f96d698ca6169c61,0,kaggle_3m/TCGA_DU_5855_19951217/TCGA_DU_5855_19951217_12_mask.tif,0
lgg_seg,lgg_seg,kaggle_3m/TCGA_DU_5855_19951217/TCGA_DU_5855_19951217_13.tif,TCGA_DU_5855_19951217_13,tumor,p21,test,none,548,-1,,True,7926799ca7165c61,222,kaggle_3m/TCGA_DU_5855_19951217/TCGA_DU_5855_19951217_13_mask.tif,0
lgg_seg,lgg_seg,kaggle_3m/TCGA_DU_5855_19951217/TCGA_DU_5855_19951217_14.tif,TCGA_DU_5855_19951217_14,tumor,p21,test,none,549,-1,,True,7926738c879e1e61,1384,kaggle_3m/TCGA_DU_5855_19951217/TCGA_DU_5855_19951217_14_mask.tif,0
lgg_seg,lgg_seg,kaggle_3m/TCGA_DU_5855_19951217/TCGA_DU_5855_19951217_15.tif,TCGA_DU_5855_19951217_15,tumor,p21,test,none,550,-1,,True,71a6cb8c8d1e3663,3725,kaggle_3m/TCGA_DU_5855_19951217/TCGA_DU_5855_19951217_15_mask.tif,0
lgg_seg,lgg_seg,kaggle_3m/TCGA_DU_5855_19951217/TCGA_DU_5855_19951217_16.tif,TCGA_DU_5855_19951217_16,tumor,p21,test,none,550,-1,duplicate_of:TCGA_DU_5855_19951217_15,True,73e6c98c2d1e1663,4486,kaggle_3m/TCGA_DU_5855_19951217/TCGA_DU_5855_19951217_16_mask.tif,0
lgg_seg,lgg_seg,kaggle_3m/TCGA_DU_5855_19951217/TCGA_DU_5855_19951217_17.tif,TCGA_DU_5855_19951217_17,tumor,p21,test,none,550,-1,duplicate_of:TCGA_DU_5855_19951217_15,True,73e6c94c2d1e9661,4921,kaggle_3m/TCGA_DU_5855_19951217/TCGA_DU_5855_19951217_17_mask.tif,0
lgg_seg,lgg_seg,kaggle_3m/TCGA_DU_5855_19951217/TCGA_DU_5855_19951217_18.tif,TCGA_DU_5855_19951217_18,tumor,p21,test,none,550,-1,duplicate_of:TCGA_DU_5855_19951217_15,True,73e6c98c8d1e1663,4535,kaggle_3m/TCGA_DU_5855_19951217/TCGA_DU_5855_19951217_18_mask.tif,0
lgg_seg,lgg_seg,kaggle_3m/TCGA_DU_5855_19951217/TCGA_DU_5855_19951217_19.tif,TCGA_DU_5855_19951217_19,tumor,p21,test,none,554,-1,,True,7386e3cc8d1e1671,3627,kaggle_3m/TCGA_DU_5855_19951217/TCGA_DU_5855_19951217_19_mask.tif,0
lgg_seg,lgg_seg,kaggle_3m/TCGA_DU_5855_19951217/TCGA_DU_5855_19951217_2.tif,TCGA_DU_5855_19951217_2,empty,p21,test,none,555,-1,,True,7366e98c9e162663,0,kaggle_3m/TCGA_DU_5855_19951217/TCGA_DU_5855_19951217_2_mask.tif,0
lgg_seg,lgg_seg,kaggle_3m/TCGA_DU_5855_19951217/TCGA_DU_5855_19951217_20.tif,TCGA_DU_5855_19951217_20,tumor,p21,test,none,556,-1,,True,712761cccd9e1671,3080,kaggle_3m/TCGA_DU_5855_19951217/TCGA_DU_5855_19951217_20_mask.tif,0
lgg_seg,lgg_seg,kaggle_3m/TCGA_DU_5855_19951217/TCGA_DU_5855_19951217_21.tif,TCGA_DU_5855_19951217_21,tumor,p21,test,none,557,-1,,True,1923736ccd9e1671,1928,kaggle_3m/TCGA_DU_5855_19951217/TCGA_DU_5855_19951217_21_mask.tif,0
lgg_seg,lgg_seg,kaggle_3m/TCGA_DU_5855_19951217/TCGA_DU_5855_19951217_22.tif,TCGA_DU_5855_19951217_22,tumor,p21,test,none,558,-1,,True,9983736cc9869679,886,kaggle_3m/TCGA_DU_5855_19951217/TCGA_DU_5855_19951217_22_mask.tif,0
lgg_seg,lgg_seg,kaggle_3m/TCGA_DU_5855_19951217/TCGA_DU_5855_19951217_23.tif,TCGA_DU_5855_19951217_23,tumor,p21,test,none,559,-1,,True,9ce3714c69869679,302,kaggle_3m/TCGA_DU_5855_19951217/TCGA_DU_5855_19951217_23_mask.tif,0
lgg_seg,lgg_seg,kaggle_3m/TCGA_DU_5855_19951217/TCGA_DU_5855_19951217_24.tif,TCGA_DU_5855_19951217_24,tumor,p21,test,none,560,-1,,True,9c7333c969a68659,38,kaggle_3m/TCGA_DU_5855_19951217/TCGA_DU_5855_19951217_24_mask.tif,0
lgg_seg,lgg_seg,kaggle_3m/TCGA_DU_5855_19951217/TCGA_DU_5855_19951217_25.tif,TCGA_DU_5855_19951217_25,empty,p21,test,none,561,-1,,True,a6339ac979a6a619,0,kaggle_3m/TCGA_DU_5855_19951217/TCGA_DU_5855_19951217_25_mask.tif,0
lgg_seg,lgg_seg,kaggle_3m/TCGA_DU_5855_19951217/TCGA_DU_5855_19951217_26.tif,TCGA_DU_5855_19951217_26,empty,p21,test,none,562,-1,,True,66338e993966c699,0,kaggle_3m/TCGA_DU_5855_19951217/TCGA_DU_5855_19951217_26_mask.tif,0
lgg_seg,lgg_seg,kaggle_3m/TCGA_DU_5855_19951217/TCGA_DU_5855_19951217_3.tif,TCGA_DU_5855_19951217_3,empty,p21,test,none,563,-1,,True,7366c98c9e1e6163,0,kaggle_3m/TCGA_DU_5855_19951217/TCGA_DU_5855_19951217_3_mask.tif,0
lgg_seg,lgg_seg,kaggle_3m/TCGA_DU_5855_19951217/TCGA_DU_5855_19951217_4.tif,TCGA_DU_5855_19951217_4,empty,p21,test,none,564,-1,,True,7266e52c96964ce9,0,kaggle_3m/TCGA_DU_5855_19951217/TCGA_DU_5855_19951217_4_mask.tif,0
lgg_seg,lgg_seg,kaggle_3m/TCGA_DU_5855_19951217/TCGA_DU_5855_19951217_5.tif,TCGA_DU_5855_19951217_5,empty,p21,test,none,564,-1,duplicate_of:TCGA_DU_5855_19951217_4,True,7667652c92964ce9,0,kaggle_3m/TCGA_DU_5855_19951217/TCGA_DU_5855_19951217_5_mask.tif,0
lgg_seg,lgg_seg,kaggle_3m/TCGA_DU_5855_19951217/TCGA_DU_5855_19951217_6.tif,TCGA_DU_5855_19951217_6,empty,p21,test,none,566,-1,,True,b667618c93368cd9,0,kaggle_3m/TCGA_DU_5855_19951217/TCGA_DU_5855_19951217_6_mask.tif,0
lgg_seg,lgg_seg,kaggle_3m/TCGA_DU_5855_19951217/TCGA_DU_5855_19951217_7.tif,TCGA_DU_5855_19951217_7,empty,p21,test,none,567,-1,,True,346de38c13368cf3,0,kaggle_3m/TCGA_DU_5855_19951217/TCGA_DU_5855_19951217_7_mask.tif,0
lgg_seg,lgg_seg,kaggle_3m/TCGA_DU_5855_19951217/TCGA_DU_5855_19951217_8.tif,TCGA_DU_5855_19951217_8,empty,p21,test,none,568,-1,,True,736d6986931c8ce3,0,kaggle_3m/TCGA_DU_5855_19951217/TCGA_DU_5855_19951217_8_mask.tif,0
lgg_seg,lgg_seg,kaggle_3m/TCGA_DU_5855_19951217/TCGA_DU_5855_19951217_9.tif,TCGA_DU_5855_19951217_9,empty,p21,test,none,569,-1,,True,716c69ac939e8ce1,0,kaggle_3m/TCGA_DU_5855_19951217/TCGA_DU_5855_19951217_9_mask.tif,0
lgg_seg,lgg_seg,kaggle_3m/TCGA_DU_5871_19941206/TCGA_DU_5871_19941206_1.tif,TCGA_DU_5871_19941206_1,empty,p6,train,none,570,-1,,False,664c9ea61896e379,0,kaggle_3m/TCGA_DU_5871_19941206/TCGA_DU_5871_19941206_1_mask.tif,2
lgg_seg,lgg_seg,kaggle_3m/TCGA_DU_5871_19941206/TCGA_DU_5871_19941206_10.tif,TCGA_DU_5871_19941206_10,empty,p6,train,none,571,-1,,False,98cc6d96191ec6e9,0,kaggle_3m/TCGA_DU_5871_19941206/TCGA_DU_5871_19941206_10_mask.tif,2
lgg_seg,lgg_seg,kaggle_3m/TCGA_DU_5871_19941206/TCGA_DU_5871_19941206_11.tif,TCGA_DU_5871_19941206_11,empty,p6,train,none,571,-1,duplicate_of:TCGA_DU_5871_19941206_10,False,98ec6d96181ec6e9,0,kaggle_3m/TCGA_DU_5871_19941206/TCGA_DU_5871_19941206_11_mask.tif,2
lgg_seg,lgg_seg,kaggle_3m/TCGA_DU_5871_19941206/TCGA_DU_5871_19941206_12.tif,TCGA_DU_5871_19941206_12,empty,p6,train,none,573,-1,,False,59e56586981ec6e9,0,kaggle_3m/TCGA_DU_5871_19941206/TCGA_DU_5871_19941206_12_mask.tif,2
lgg_seg,lgg_seg,kaggle_3m/TCGA_DU_5871_19941206/TCGA_DU_5871_19941206_13.tif,TCGA_DU_5871_19941206_13,empty,p6,train,none,573,-1,duplicate_of:TCGA_DU_5871_19941206_12,False,59c66586991ec6e9,0,kaggle_3m/TCGA_DU_5871_19941206/TCGA_DU_5871_19941206_13_mask.tif,2
lgg_seg,lgg_seg,kaggle_3m/TCGA_DU_5871_19941206/TCGA_DU_5871_19941206_14.tif,TCGA_DU_5871_19941206_14,empty,p6,train,none,73,-1,duplicate_of:TCGA_CS_4944_20010208_19,False,59e6e186a51e46e9,0,kaggle_3m/TCGA_DU_5871_19941206/TCGA_DU_5871_19941206_14_mask.tif,2
lgg_seg,lgg_seg,kaggle_3m/TCGA_DU_5871_19941206/TCGA_DU_5871_19941206_15.tif,TCGA_DU_5871_19941206_15,empty,p6,train,none,576,-1,,False,79a68986a51e56e9,0,kaggle_3m/TCGA_DU_5871_19941206/TCGA_DU_5871_19941206_15_mask.tif,2
lgg_seg,lgg_seg,kaggle_3m/TCGA_DU_5871_19941206/TCGA_DU_5871_19941206_16.tif,TCGA_DU_5871_19941206_16,empty,p6,train,none,577,-1,,False,19869996ad1e56e9,0,kaggle_3m/TCGA_DU_5871_19941206/TCGA_DU_5871_19941206_16_mask.tif,2
lgg_seg,lgg_seg,kaggle_3m/TCGA_DU_5871_19941206/TCGA_DU_5871_19941206_17.tif,TCGA_DU_5871_19941206_17,tumor,p6,train,none,578,-1,,False,198e3916ad16d6e9,408,kaggle_3m/TCGA_DU_5871_19941206/TCGA_DU_5871_19941206_17_mask.tif,2
lgg_seg,lgg_seg,kaggle_3m/TCGA_DU_5871_19941206/TCGA_DU_5871_19941206_18.tif,TCGA_DU_5871_19941206_18,tumor,p6,train,none,578,-1,duplicate_of:TCGA_DU_5871_19941206_17,False,5b8e19162d16d6e9,1741,kaggle_3m/TCGA_DU_5871_19941206/TCGA_DU_5871_19941206_18_mask.tif,2
lgg_seg,lgg_seg,kaggle_3m/TCGA_DU_5871_19941206/TCGA_DU_5871_19941206_19.tif,TCGA_DU_5871_19941206_19,tumor,p6,train,none,73,-1,,False,5b867906a516d6e9,2479,kaggle_3m/TCGA_DU_5871_19941206/TCGA_DU_5871_19941206_19_mask.tif,2
lgg_seg,lgg_seg,kaggle_3m/TCGA_DU_5871_19941206/TCGA_DU_5871_19941206_2.tif,TCGA_DU_5871_19941206_2,empty,p6,train,none,570,-1,duplicate_of:TCGA_DU_5871_19941206_1,False,666e9ca61896e369,0,kaggle_3m/TCGA_DU_5871_19941206/TCGA_DU_5871_19941206_2_mask.tif,2
lgg_seg,lgg_seg,kaggle_3m/TCGA_DU_5871_19941206/TCGA_DU_5871_19941206_20.tif,TCGA_DU_5871_19941206_20,tumor,p6,train,none,73,-1,duplicate_of:TCGA_DU_5871_19941206_19,False,5a86790ead1656e9,3728,kaggle_3m/TCGA_DU_5871_19941206/TCGA_DU_5871_19941206_20_mask.tif,2
lgg_seg,lgg_seg,kaggle_3m/TCGA_DU_5871_19941206/TCGA_DU_5871_19941206_21.tif,TCGA_DU_5871_19941206_21,tumor,p6,train,none,583,-1,,False,4ea67986ad1616e9,4370,kaggle_3m/TCGA_DU_5871_19941206/TCGA_DU_5871_19941206_21_mask.tif,2
lgg_seg,lgg_seg,kaggle_3m/TCGA_DU_5871_19941206/TCGA_DU_5871_19941206_22.tif,TCGA_DU_5871_19941206_22,tumor,p6,train,none,583,-1,duplicate_of:TCGA_DU_5871_19941206_21,False,66a66986ad1e16e9,4506,kaggle_3m/TCGA_DU_5871_19941206/TCGA_DU_5871_19941206_22_mask.tif,2
lgg_seg,lgg_seg,kaggle_3m/TCGA_DU_5871_19941206/TCGA_DU_5871_19941206_23.tif,TCGA_DU_5871_19941206_23,tumor,p6,train,none,73,-1,duplicate_of:TCGA_DU_5871_19941206_19,False,5c66698ead1616e9,4519,kaggle_3m/TCGA_DU_5871_19941206/TCGA_DU_5871_19941206_23_mask.tif,2
lgg_seg,lgg_seg,kaggle_3m/TCGA_DU_5871_19941206/TCGA_DU_5871_19941206_24.tif,TCGA_DU_5871_19941206_24,tumor,p6,train,none,73,-1,duplicate_of:TCGA_DU_5871_19941206_19,False,59e66986ad1616e9,3667,kaggle_3m/TCGA_DU_5871_19941206/TCGA_DU_5871_19941206_24_mask.tif,2
lgg_seg,lgg_seg,kaggle_3m/TCGA_DU_5871_19941206/TCGA_DU_5871_19941206_25.tif,TCGA_DU_5871_19941206_25,tumor,p6,train,none,73,-1,duplicate_of:TCGA_DU_5871_19941206_19,False,59e66986ad1616e9,3409,kaggle_3m/TCGA_DU_5871_19941206/TCGA_DU_5871_19941206_25_mask.tif,2
lgg_seg,lgg_seg,kaggle_3m/TCGA_DU_5871_19941206/TCGA_DU_5871_19941206_26.tif,TCGA_DU_5871_19941206_26,tumor,p6,train,none,73,-1,duplicate_of:TCGA_DU_5871_19941206_19,False,99e66986ad161679,3002,kaggle_3m/TCGA_DU_5871_19941206/TCGA_DU_5871_19941206_26_mask.tif,2
lgg_seg,lgg_seg,kaggle_3m/TCGA_DU_5871_19941206/TCGA_DU_5871_19941206_27.tif,TCGA_DU_5871_19941206_27,tumor,p6,train,none,73,-1,duplicate_of:TCGA_DU_5871_19941206_19,False,19e47386e9169679,2261,kaggle_3m/TCGA_DU_5871_19941206/TCGA_DU_5871_19941206_27_mask.tif,2
lgg_seg,lgg_seg,kaggle_3m/TCGA_DU_5871_19941206/TCGA_DU_5871_19941206_28.tif,TCGA_DU_5871_19941206_28,tumor,p6,train,none,73,-1,duplicate_of:TCGA_DU_5871_19941206_19,False,99e5598669169679,1910,kaggle_3m/TCGA_DU_5871_19941206/TCGA_DU_5871_19941206_28_mask.tif,2
lgg_seg,lgg_seg,kaggle_3m/TCGA_DU_5871_19941206/TCGA_DU_5871_19941206_29.tif,TCGA_DU_5871_19941206_29,tumor,p6,train,none,73,-1,duplicate_of:TCGA_DU_5871_19941206_19,False,93e159c669169679,1356,kaggle_3m/TCGA_DU_5871_19941206/TCGA_DU_5871_19941206_29_mask.tif,2
lgg_seg,lgg_seg,kaggle_3m/TCGA_DU_5871_19941206/TCGA_DU_5871_19941206_3.tif,TCGA_DU_5871_19941206_3,empty,p6,train,none,592,-1,,False,8ece9ca61896e369,0,kaggle_3m/TCGA_DU_5871_19941206/TCGA_DU_5871_19941206_3_mask.tif,2
lgg_seg,lgg_seg,kaggle_3m/TCGA_DU_5871_19941206/TCGA_DU_5871_19941206_30.tif,TCGA_DU_5871_19941206_30,tumor,p6,train,none,593,-1,,False,b2615bcc69869679,786,kaggle_3m/TCGA_DU_5871_19941206/TCGA_DU_5871_19941206_30_mask.tif,2
lgg_seg,lgg_seg,kaggle_3m/TCGA_DU_5871_19941206/TCGA_DU_5871_19941206_31.tif,TCGA_DU_5871_19941206_31,tumor,p6,train,none,73,-1,duplicate_of:TCGA_DU_5871_19941206_19,False,b63193e469869679,123,kaggle_3m/TCGA_DU_5871_19941206/TCGA_DU_5871_19941206_31_mask.tif,2
lgg_seg,lgg_seg,kaggle_3m/TCGA_DU_5871_19941206/TCGA_DU_5871_19941206_32.tif,TCGA_DU_5871_19941206_32,empty,p6,train,none,595,-1,,False,e61b92636986a679,0,kaggle_3m/TCGA_DU_5871_19941206/TCGA_DU_5871_19941206_32_mask.tif,2
lgg_seg,lgg_seg,kaggle_3m/TCGA_DU_5871_19941206/TCGA_DU_5871_19941206_33.tif,TCGA_DU_5871_19941206_33,empty,p6,train,none,73,-1,duplicate_of:TCGA_CS_4944_20010208_19,False,6699967159e6a619,0,kaggle_3m/TCGA_DU_5871_19941206/TCGA_DU_5871_19941206_33_mask.tif,2
lgg_seg,lgg_seg,kaggle_3m/TCGA_DU_5871_19941206/TCGA_DU_5871_19941206_34.tif,TCGA_DU_5871_19941206_34,empty,p6,train,none,161,-1,duplicate_of:TCGA_CS_5397_20010315_22,False,99cc669999666699,0,kaggle_3m/TCGA_DU_5871_19941206/TCGA_DU_5871_19941206_34_mask.tif,2
lgg_seg,lgg_seg,kaggle_3m/TCGA_DU_5871_19941206/TCGA_DU_5871_19941206_35.tif,TCGA_DU_5871_19941206_35,empty,p6,train,none,161,-1,duplicate_of:TCGA_CS_5397_20010315_22,False,996c66999966649b,0,kaggle_3m/TCGA_DU_5871_19941206/TCGA_DU_5871_19941206_35_mask.tif,2
lgg_seg,lgg_seg,kaggle_3m/TCGA_DU_5871_19941206/TCGA_DU_5871_19941206_36.tif,TCGA_DU_5871_19941206_36,empty,p6,train,none,599,-1,,False,1cc6174a453dde0a,0,kaggle_3m/TCGA_DU_5871_19941206/TCGA_DU_5871_19941206_36_mask.tif,2
lgg_seg,lgg_seg,kaggle_3m/TCGA_DU_5871_19941206/TCGA_DU_5871_19941206_4.tif,TCGA_DU_5871_19941206_4,empty,p6,train,none,592,-1,duplicate_of:TCGA_DU_5871_19941206_3,False,8cce9ea61896e369,0,kaggle_3m/TCGA_DU_5871_19941206/TCGA_DU_5871_19941206_4_mask.tif,2
lgg_seg,lgg_seg,kaggle_3m/TCGA_DU_5871_19941206/TCGA_DU_5871_19941206_5.tif,TCGA_DU_5871_19941206_5,empty,p6,train,none,601,-1,,False,9ce69a867816e369,0,kaggle_3m/TCGA_DU_5871_19941206/TCGA_DU_5871_19941206_5_mask.tif,2
lgg_seg,lgg_seg,kaggle_3m/TCGA_DU_5871_19941206/TCGA_DU_5871_19941206_6.tif,TCGA_DU_5871_19941206_6,empty,p6,train,none,602,-1,,False,9ce61996381ec3e9,0,kaggle_3m/TCGA_DU_5871_19941206/TCGA_DU_5871_19941206_6_mask.tif,2
lgg_seg,lgg_seg,kaggle_3m/TCGA_DU_5871_19941206/TCGA_DU_5871_19941206_7.tif,TCGA_DU_5871_19941206_7,empty,p6,train,none,602,-1,duplicate_of:TCGA_DU_5871_19941206_6,False,9ca66996381ec3e9,0,kaggle_3m/TCGA_DU_5871_19941206/TCGA_DU_5871_19941206_7_mask.tif,2
lgg_seg,lgg_seg,kaggle_3m/TCGA_DU_5871_19941206/TCGA_DU_5871_19941206_8.tif,TCGA_DU_5871_19941206_8,empty,p6,train,none,604,-1,,False,9ce66196191ea3e9,0,kaggle_3m/TCGA_DU_5871_19941206/TCGA_DU_5871_19941206_8_mask.tif,2
lgg_seg,lgg_seg,kaggle_3m/TCGA_DU_5871_19941206/TCGA_DU_5871_19941206_9.tif,TCGA_DU_5871_19941206_9,empty,p6,train,none,605,-1,,False,9ca46196995e87e9,0,kaggle_3m/TCGA_DU_5871_19941206/TCGA_DU_5871_19941206_9_mask.tif,2
lgg_seg,lgg_seg,kaggle_3m/TCGA_DU_5872_19950223/TCGA_DU_5872_19950223_1.tif,TCGA_DU_5872_19950223_1,empty,p23,train,none,606,-1,,False,6d96968696366969,0,kaggle_3m/TCGA_DU_5872_19950223/TCGA_DU_5872_19950223_1_mask.tif,7
lgg_seg,lgg_seg,kaggle_3m/TCGA_DU_5872_19950223/TCGA_DU_5872_19950223_10.tif,TCGA_DU_5872_19950223_10,empty,p23,train,none,607,-1,,False,b6a699965a1ca9e1,0,kaggle_3m/TCGA_DU_5872_19950223/TCGA_DU_5872_19950223_10_mask.tif,7
lgg_seg,lgg_seg,kaggle_3m/TCGA_DU_5872_19950223/TCGA_DU_5872_19950223_11.tif,TCGA_DU_5872_19950223_11,empty,p23,train,none,607,-1,duplicate_of:TCGA_DU_5872_19950223_10,False,b6a699965a1ca9e1,0,kaggle_3m/TCGA_DU_5872_19950223/TCGA_DU_5872_19950223_11_mask.tif,7
lgg_seg,lgg_seg,kaggle_3m/TCGA_DU_5872_19950223/TCGA_DU_5872_19950223_12.tif,TCGA_DU_5872_19950223_12,empty,p23,train,none,609,-1,,False,9ea689965a5ca1e9,0,kaggle_3m/TCGA_DU_5872_19950223/TCGA_DU_5872_19950223_12_mask.tif,7
lgg_seg,lgg_seg,kaggle_3m/TCGA_DU_5872_19950223/TCGA_DU_5872_19950223_13.tif,TCGA_DU_5872_19950223_13,empty,p23,train,none,610,-1,,False,9ca6a3965a5ca3e1,0,kaggle_3m/TCGA_DU_5872_19950223/TCGA_DU_5872_19950223_13_mask.tif,7
lgg_seg,lgg_seg,kaggle_3m/TCGA_DU_5872_19950223/TCGA_DU_5872_19950223_14.tif,TCGA_DU_5872_19950223_14,empty,p23,train,none,610,-1,duplicate_of:TCGA_DU_5872_19950223_13,False,98a6a3965a5ca7e1,0,kaggle_3m/TCGA_DU_5872_19950223/TCGA_DU_5872_19950223_14_mask.tif,7
lgg_seg,lgg_seg,kaggle_3m/TCGA_DU_5872_19950223/TCGA_DU_5872_19950223_15.tif,TCGA_DU_5872_19950223_15,empty,p23,train,none,612,-1,,False,59e6a7961a5c25e1,0,kaggle_3m/TCGA_DU_5872_19950223/TCGA_DU_5872_19950223_15_mask.tif,7
lgg_seg,lgg_seg,kaggle_3m/TCGA_DU_5872_19950223/TCGA_DU_5872_19950223_16.tif,TCGA_DU_5872_19950223_16,empty,p23,train,none,613,-1,,False,79e6a4961a5c6569,0,kaggle_3m/TCGA_DU_5872_19950223/TCGA_DU_5872_19950223_16_mask.tif,7
lgg_seg,lgg_seg,kaggle_3m/TCGA_DU_5872_19950223/TCGA_DU_5872_19950223_17.tif,TCGA_DU_5872_19950223_17,empty,p23,train,none,614,-1,,False,6967e4961a5c65e1,0,kaggle_3m/TCGA_DU_5872_19950223/TCGA_DU_5872_19950223_17_mask.tif,7
lgg_seg,lgg_seg,kaggle_3m/TCGA_DU_5872_19950223/TCGA_DU_5872_19950223_18.tif,TCGA_DU_5872_19950223_18,empty,p23,train,none,614,-1,duplicate_of:TCGA_DU_5872_19950223_17,False,4967e4961e5c61e9,0,kaggle_3m/TCGA_DU_5872_19950223/TCGA_DU_5872_19950223_18_mask.tif,7
lgg_seg,lgg_seg,kaggle_3m/TCGA_DU_5872_19950223/TCGA_DU_5872_19950223_19.tif,TCGA_DU_5872_19950223_19,empty,p23,train,none,614,-1,duplicate_of:TCGA_DU_5872_19950223_17,False,59e7e4961c5c6169,0,kaggle_3m/TCGA_DU_5872_19950223/TCGA_DU_5872_19950223_19_mask.tif,7
lgg_seg,lgg_seg,kaggle_3m/TCGA_DU_5872_19950223/TCGA_DU_5872_19950223_2.tif,TCGA_DU_5872_19950223_2,empty,p23,train,none,617,-1,,False,66cc9686963669e9,0,kaggle_3m/TCGA_DU_5872_19950223/TCGA_DU_5872_19950223_2_mask.tif,7
lgg_seg,lgg_seg,kaggle_3m/TCGA_DU_5872_19950223/TCGA_DU_5872_19950223_20.tif,TCGA_DU_5872_19950223_20,empty,p23,train,none,614,-1,duplicate_of:TCGA_DU_5872_19950223_17,False,59e7e5861c5c6361,0,kaggle_3m/TCGA_DU_5872_19950223/TCGA_DU_5872_19950223_20_mask.tif,7
lgg_seg,lgg_seg,kaggle_3m/TCGA_DU_5872_19950223/TCGA_DU_5872_19950223_21.tif,TCGA_DU_5872_19950223_21,empty,p23,train,none,614,-1,duplicate_of:TCGA_DU_5872_19950223_17,False,19e7e5861c5c63c9,0,kaggle_3m/TCGA_DU_5872_19950223/TCGA_DU_5872_19950223_21_mask.tif,7
lgg_seg,lgg_seg,kaggle_3m/TCGA_DU_5872_19950223/TCGA_DU_5872_19950223_22.tif,TCGA_DU_5872_19950223_22,empty,p23,train,none,614,-1,duplicate_of:TCGA_DU_5872_19950223_17,False,49e7e5961c5c61c9,0,kaggle_3m/TCGA_DU_5872_19950223/TCGA_DU_5872_19950223_22_mask.tif,7
lgg_seg,lgg_seg,kaggle_3m/TCGA_DU_5872_19950223/TCGA_DU_5872_19950223_23.tif,TCGA_DU_5872_19950223_23,empty,p23,train,none,621,-1,,False,49e7e4969c1e6349,0,kaggle_3m/TCGA_DU_5872_19950223/TCGA_DU_5872_19950223_23_mask.tif,7
lgg_seg,lgg_seg,kaggle_3m/TCGA_DU_5872_19950223/TCGA_DU_5872_19950223_24.tif,TCGA_DU_5872_19950223_24,empty,p23,train,none,622,-1,,False,69e6a4869e1e6369,0,kaggle_3m/TCGA_DU_5872_19950223/TCGA_DU_5872_19950223_24_mask.tif,7
lgg_seg,lgg_seg,kaggle_3m/TCGA_DU_5872_19950223/TCGA_DU_5872_19950223_25.tif,TCGA_DU_5872_19950223_25,empty,p23,train,none,622,-1,duplicate_of:TCGA_DU_5872_19950223_24,False,63a6a4969e1e6369,0,kaggle_3m/TCGA_DU_5872_19950223/TCGA_DU_5872_19950223_25_mask.tif,7
lgg_seg,lgg_seg,kaggle_3m/TCGA_DU_5872_19950223/TCGA_DU_5872_19950223_26.tif,TCGA_DU_5872_19950223_26,empty,p23,train,none,622,-1,duplicate_of:TCGA_DU_5872_19950223_24,False,63a6869e1e1e6369,0,kaggle_3m/TCGA_DU_5872_19950223/TCGA_DU_5872_19950223_26_mask.tif,7
lgg_seg,lgg_seg,kaggle_3m/TCGA_DU_5872_19950223/TCGA_DU_5872_19950223_27.tif,TCGA_DU_5872_19950223_27,empty,p23,train,none,625,-1,,False,a7868c965e5e6169,0,kaggle_3m/TCGA_DU_5872_19950223/TCGA_DU_5872_19950223_27_mask.tif,7
lgg_seg,lgg_seg,kaggle_3m/TCGA_DU_5872_19950223/TCGA_DU_5872_19950223_28.tif,TCGA_DU_5872_19950223_28,empty,p23,train,none,626,-1,,False,868696967c5ea1e9,0,kaggle_3m/TCGA_DU_5872_19950223/TCGA_DU_5872_19950223_28_mask.tif,7
lgg_seg,lgg_seg,kaggle_3m/TCGA_DU_5872_19950223/TCGA_DU_5872_19950223_29.tif,TCGA_DU_5872_19950223_29,empty,p23,train,none,627,-1,,False,878698965c1ea7e9,0,kaggle_3m/TCGA_DU_5872_19950223/TCGA_DU_5872_19950223_29_mask.tif,7
lgg_seg,lgg_seg,kaggle_3m/TCGA_DU_5872_19950223/TCGA_DU_5872_19950223_3.tif,TCGA_DU_5872_19950223_3,empty,p23,train,none,606,-1,duplicate_of:TCGA_DU_5872_19950223_1,False,64969686de366969,0,kaggle_3m/TCGA_DU_5872_19950223/TCGA_DU_5872_19950223_3_mask.tif,7
lgg_seg,lgg_seg,kaggle_3m/TCGA_DU_5872_19950223/TCGA_DU_5872_19950223_30.tif,TCGA_DU_5872_19950223_30,empty,p23,train,none,629,-1,,False,87a6bc864c1ea769,0,kaggle_3m/TCGA_DU_5872_19950223/TCGA_DU_5872_19950223_30_mask.tif,7
lgg_seg,lgg_seg,kaggle_3m/TCGA_DU_5872_19950223/TCGA_DU_5872_19950223_31.tif,TCGA_DU_5872_19950223_31,empty,p23,train,none,630,-1,,False,67a6b4864c1e99e9,0,kaggle_3m/TCGA_DU_5872_19950223/TCGA_DU_5872_19950223_31_mask.tif,7
lgg_seg,lgg_seg,kaggle_3m/TCGA_DU_5872_19950223/TCGA_DU_5872_19950223_32.tif,TCGA_DU_5872_19950223_32,tumor,p23,train,none,631,-1,,False,67a6d8864e1e99c9,524,kaggle_3m/TCGA_DU_5872_19950223/TCGA_DU_5872_19950223_32_mask.tif,7
lgg_seg,lgg_seg,kaggle_3m/TCGA_DU_5872_19950223/TCGA_DU_5872_19950223_33.tif,TCGA_DU_5872_19950223_33,tumor,p23,train,none,632,-1,,False,63a66c86861ebce9,1318,kaggle_3m/TCGA_DU_5872_19950223/TCGA_DU_5872_19950223_33_mask.tif,7
lgg_seg,lgg_seg,kaggle_3m/TCGA_DU_5872_19950223/TCGA_DU_5872_19950223_34.tif,TCGA_DU_5872_19950223_34,tumor,p23,train,none,633,-1,,False,c32666868f9e3c69,1934,kaggle_3m/TCGA_DU_5872_19950223/TCGA_DU_5872_19950223_34_mask.tif,7
lgg_seg,lgg_seg,kaggle_3m/TCGA_DU_5872_19950223/TCGA_DU_5872_19950223_35.tif,TCGA_DU_5872_19950223_35,tumor,p23,train,none,634,-1,,False,d9266686999e3669,2253,kaggle_3m/TCGA_DU_5872_19950223/TCGA_DU_5872_19950223_35_mask.tif,7
lgg_seg,lgg_seg,kaggle_3m/TCGA_DU_5872_19950223/TCGA_DU_5872_19950223_36.tif,TCGA_DU_5872_19950223_36,tumor,p23,train,none,634,-1,duplicate_of:TCGA_DU_5872_19950223_35,False,d9266686d99e3661,2566,kaggle_3m/TCGA_DU_5872_19950223/TCGA_DU_5872_19950223_36_mask.tif,7
lgg_seg,lgg_seg,kaggle_3m/TCGA_DU_5872_19950223/TCGA_DU_5872_19950223_37.tif,TCGA_DU_5872_19950223_37,tumor,p23,train,none,634,-1,duplicate_of:TCGA_DU_5872_19950223_35,False,d9266686d99e3661,2833,kaggle_3m/TCGA_DU_5872_19950223/TCGA_DU_5872_19950223_37_mask.tif,7
lgg_seg,lgg_seg,kaggle_3m/TCGA_DU_5872_19950223/TCGA_DU_5872_19950223_38.tif,TCGA_DU_5872_19950223_38,tumor,p23,train,none,634,-1,duplicate_of:TCGA_DU_5872_19950223_35,False,d92666a6999e3661,3023,kaggle_3m/TCGA_DU_5872_19950223/TCGA_DU_5872_19950223_38_mask.tif,7
lgg_seg,lgg_seg,kaggle_3m/TCGA_DU_5872_19950223/TCGA_DU_5872_19950223_39.tif,TCGA_DU_5872_19950223_39,tumor,p23,train,none,634,-1,duplicate_of:TCGA_DU_5872_19950223_35,False,d92666a6899e3669,3251,kaggle_3m/TCGA_DU_5872_19950223/TCGA_DU_5872_19950223_39_mask.tif,7
lgg_seg,lgg_seg,kaggle_3m/TCGA_DU_5872_19950223/TCGA_DU_5872_19950223_4.tif,TCGA_DU_5872_19950223_4,empty,p23,train,none,639,-1,,False,7286938eda3e6561,0,kaggle_3m/TCGA_DU_5872_19950223/TCGA_DU_5872_19950223_4_mask.tif,7
lgg_seg,lgg_seg,kaggle_3m/TCGA_DU_5872_19950223/TCGA_DU_5872_19950223_40.tif,TCGA_DU_5872_19950223_40,tumor,p23,train,none,634,-1,duplicate_of:TCGA_DU_5872_19950223_35,False,d96666a6899e3661,3218,kaggle_3m/TCGA_DU_5872_19950223/TCGA_DU_5872_19950223_40_mask.tif,7
lgg_seg,lgg_seg,kaggle_3m/TCGA_DU_5872_19950223/TCGA_DU_5872_19950223_41.tif,TCGA_DU_5872_19950223_41,tumor,p23,train,none,634,-1,duplicate_of:TCGA_DU_5872_19950223_35,False,d96666a6899e3661,3166,kaggle_3m/TCGA_DU_5872_19950223/TCGA_DU_5872_19950223_41_mask.tif,7
lgg_seg,lgg_seg,kaggle_3m/TCGA_DU_5872_19950223/TCGA_DU_5872_19950223_42.tif,TCGA_DU_5872_19950223_42,tumor,p23,train,none,634,-1,duplicate_of:TCGA_DU_5872_19950223_35,False,d96666a6899e3661,3035,kaggle_3m/TCGA_DU_5872_19950223/TCGA_DU_5872_19950223_42_mask.tif,7
lgg_seg,lgg_seg,kaggle_3m/TCGA_DU_5872_19950223/TCGA_DU_5872_19950223_43.tif,TCGA_DU_5872_19950223_43,tumor,p23,train,none,634,-1,duplicate_of:TCGA_DU_5872_19950223_35,False,d96666a6899c3669,2872,kaggle_3m/TCGA_DU_5872_19950223/TCGA_DU_5872_19950223_43_mask.tif,7
lgg_seg,lgg_seg,kaggle_3m/TCGA_DU_5872_19950223/TCGA_DU_5872_19950223_44.tif,TCGA_DU_5872_19950223_44,tumor,p23,train,none,634,-1,duplicate_of:TCGA_DU_5872_19950223_35,False,d96666a6899c3669,2736,kaggle_3m/TCGA_DU_5872_19950223/TCGA_DU_5872_19950223_44_mask.tif,7
lgg_seg,lgg_seg,kaggle_3m/TCGA_DU_5872_19950223/TCGA_DU_5872_19950223_45.tif,TCGA_DU_5872_19950223_45,tumor,p23,train,none,634,-1,duplicate_of:TCGA_DU_5872_19950223_35,False,d96466a6c99e1669,2548,kaggle_3m/TCGA_DU_5872_19950223/TCGA_DU_5872_19950223_45_mask.tif,7
lgg_seg,lgg_seg,kaggle_3m/TCGA_DU_5872_19950223/TCGA_DU_5872_19950223_46.tif,TCGA_DU_5872_19950223_46,tumor,p23,train,none,646,-1,,False,d9c66326c59e1669,2365,kaggle_3m/TCGA_DU_5872_19950223/TCGA_DU_5872_19950223_46_mask.tif,7
lgg_seg,lgg_seg,kaggle_3m/TCGA_DU_5872_19950223/TCGA_DU_5872_19950223_47.tif,TCGA_DU_5872_19950223_47,tumor,p23,train,none,646,-1,duplicate_of:TCGA_DU_5872_19950223_46,False,d9c46326e5961679,2132,kaggle_3m/TCGA_DU_5872_19950223/TCGA_DU_5872_19950223_47_mask.tif,7
lgg_seg,lgg_seg,kaggle_3m/TCGA_DU_5872_19950223/TCGA_DU_5872_19950223_48.tif,TCGA_DU_5872_19950223_48,tumor,p23,train,none,648,-1,,False,d9c463a6e5169c59,1686,kaggle_3m/TCGA_DU_5872_19950223/TCGA_DU_5872_19950223_48_mask.tif,7
lgg_seg,lgg_seg,kaggle_3m/TCGA_DU_5872_19950223/TCGA_DU_5872_19950223_49.tif,TCGA_DU_5872_19950223_49,tumor,p23,train,none,648,-1,duplicate_of:TCGA_DU_5872_19950223_48,False,59cc63a667169c59,1520,kaggle_3m/TCGA_DU_5872_19950223/TCGA_DU_5872_19950223_49_mask.tif,7
lgg_seg,lgg_seg,kaggle_3m/TCGA_DU_5872_19950223/TCGA_DU_5872_19950223_5.tif,TCGA_DU_5872_19950223_5,empty,p23,train,none,639,-1,duplicate_of:TCGA_DU_5872_19950223_4,False,b686938eda1e6561,0,kaggle_3m/TCGA_DU_5872_19950223/TCGA_DU_5872_19950223_5_mask.tif,7
lgg_seg,lgg_seg,kaggle_3m/TCGA_DU_5872_19950223/TCGA_DU_5872_19950223_50.tif,TCGA_DU_5872_19950223_50,tumor,p23,train,none,651,-1,,False,71ccc98667169cd9,1274,kaggle_3m/TCGA_DU_5872_19950223/TCGA_DU_5872_19950223_50_mask.tif,7
lgg_seg,lgg_seg,kaggle_3m/TCGA_DU_5872_19950223/TCGA_DU_5872_19950223_51.tif,TCGA_DU_5872_19950223_51,tumor,p23,train,none,651,-1,duplicate_of:TCGA_DU_5872_19950223_50,False,31ccd98667369c59,995,kaggle_3m/TCGA_DU_5872_19950223/TCGA_DU_5872_19950223_51_mask.tif,7
lgg_seg,lgg_seg,kaggle_3m/TCGA_DU_5872_19950223/TCGA_DU_5872_19950223_52.tif,TCGA_DU_5872_19950223_52,tumor,p23,train,none,653,-1,,False,39cc59a661169e79,475,kaggle_3m/TCGA_DU_5872_19950223/TCGA_DU_5872_19950223_52_mask.tif,7
lgg_seg,lgg_seg,kaggle_3m/TCGA_DU_5872_19950223/TCGA_DU_5872_19950223_53.tif,TCGA_DU_5872_19950223_53,empty,p23,train,none,73,-1,duplicate_of:TCGA_CS_4944_20010208_19,False,19ec7186e1969679,0,kaggle_3m/TCGA_DU_5872_19950223/TCGA_DU_5872_19950223_53_mask.tif,7
lgg_seg,lgg_seg,kaggle_3m/TCGA_DU_5872_19950223/TCGA_DU_5872_19950223_54.tif,TCGA_DU_5872_19950223_54,empty,p23,train,none,73,-1,duplicate_of:TCGA_CS_4944_20010208_19,False,196c7986e1969679,0,kaggle_3m/TCGA_DU_5872_19950223/TCGA_DU_5872_19950223_54_mask.tif,7
lgg_seg,lgg_seg,kaggle_3m/TCGA_DU_5872_19950223/TCGA_DU_5872_19950223_55.tif,TCGA_DU_5872_19950223_55,empty,p23,train,none,73,-1,duplicate_of:TCGA_CS_4944_20010208_19,False,19647986e9969679,0,kaggle_3m/TCGA_DU_5872_19950223/TCGA_DU_5872_19950223_55_mask.tif,7
lgg_seg,lgg_seg,kaggle_3m/TCGA_DU_5872_19950223/TCGA_DU_5872_19950223_56.tif,TCGA_DU_5872_19950223_56,empty,p23,train,none,73,-1,duplicate_of:TCGA_CS_4944_20010208_19,False,996559c4e1969679,0,kaggle_3m/TCGA_DU_5872_19950223/TCGA_DU_5872_19950223_56_mask.tif,7
lgg_seg,lgg_seg,kaggle_3m/TCGA_DU_5872_19950223/TCGA_DU_5872_19950223_57.tif,TCGA_DU_5872_19950223_57,empty,p23,train,none,73,-1,duplicate_of:TCGA_CS_4944_20010208_19,False,996179e461969679,0,kaggle_3m/TCGA_DU_5872_19950223/TCGA_DU_5872_19950223_57_mask.tif,7
lgg_seg,lgg_seg,kaggle_3m/TCGA_DU_5872_19950223/TCGA_DU_5872_19950223_58.tif,TCGA_DU_5872_19950223_58,empty,p23,train,none,73,-1,duplicate_of:TCGA_CS_4944_20010208_19,False,9c6159e669869679,0,kaggle_3m/TCGA_DU_5872_19950223/TCGA_DU_5872_19950223_58_mask.tif,7
lgg_seg,lgg_seg,kaggle_3m/TCGA_DU_5872_19950223/TCGA_DU_5872_19950223_59.tif,TCGA_DU_5872_19950223_59,empty,p23,train,none,73,-1,duplicate_of:TCGA_CS_4944_20010208_19,False,9c7b196469869679,0,kaggle_3m/TCGA_DU_5872_19950223/TCGA_DU_5872_19950223_59_mask.tif,7
lgg_seg,lgg_seg,kaggle_3m/TCGA_DU_5872_19950223/TCGA_DU_5872_19950223_6.tif,TCGA_DU_5872_19950223_6,empty,p23,train,none,639,-1,duplicate_of:TCGA_DU_5872_19950223_4,False,ba96938eda1c6561,0,kaggle_3m/TCGA_DU_5872_19950223/TCGA_DU_5872_19950223_6_mask.tif,7
lgg_seg,lgg_seg,kaggle_3m/TCGA_DU_5872_19950223/TCGA_DU_5872_19950223_60.tif,TCGA_DU_5872_19950223_60,empty,p23,train,none,73,-1,duplicate_of:TCGA_CS_4944_20010208_19,False,9e79196661869679,0,kaggle_3m/TCGA_DU_5872_19950223/TCGA_DU_5872_19950223_60_mask.tif,7
lgg_seg,lgg_seg,kaggle_3m/TCGA_DU_5872_19950223/TCGA_DU_5872_19950223_61.tif,TCGA_DU_5872_19950223_61,empty,p23,train,none,73,-1,duplicate_of:TCGA_CS_4944_20010208_19,False,a699996669868e79,0,kaggle_3m/TCGA_DU_5872_19950223/TCGA_DU_5872_19950223_61_mask.tif,7
lgg_seg,lgg_seg,kaggle_3m/TCGA_DU_5872_19950223/TCGA_DU_5872_19950223_62.tif,TCGA_DU_5872_19950223_62,empty,p23,train,none,73,-1,duplicate_of:TCGA_CS_4944_20010208_19,False,e69999666986a659,0,kaggle_3m/TCGA_DU_5872_19950223/TCGA_DU_5872_19950223_62_mask.tif,7
lgg_seg,lgg_seg,kaggle_3m/TCGA_DU_5872_19950223/TCGA_DU_5872_19950223_63.tif,TCGA_DU_5872_19950223_63,empty,p23,train,none,73,-1,duplicate_of:TCGA_CS_4944_20010208_19,False,669999637ba68619,0,kaggle_3m/TCGA_DU_5872_19950223/TCGA_DU_5872_19950223_63_mask.tif,7
lgg_seg,lgg_seg,kaggle_3m/TCGA_DU_5872_19950223/TCGA_DU_5872_19950223_64.tif,TCGA_DU_5872_19950223_64,empty,p23,train,none,666,-1,,False,66999c597966c499,0,kaggle_3m/TCGA_DU_5872_19950223/TCGA_DU_5872_19950223_64_mask.tif,7
lgg_seg,lgg_seg,kaggle_3m/TCGA_DU_5872_19950223/TCGA_DU_5872_19950223_65.tif,TCGA_DU_5872_19950223_65,empty,p23,train,none,161,-1,duplicate_of:TCGA_CS_5397_20010315_22,False,6966669999666699,0,kaggle_3m/TCGA_DU_5872_19950223/TCGA_DU_5872_19950223_65_mask.tif,7
lgg_seg,lgg_seg,kaggle_3m/TCGA_DU_5872_19950223/TCGA_DU_5872_19950223_66.tif,TCGA_DU_5872_19950223_66,empty,p23,train,none,161,-1,duplicate_of:TCGA_CS_5397_20010315_22,False,9966669999666699,0,kaggle_3m/TCGA_DU_5872_19950223/TCGA_DU_5872_19950223_66_mask.tif,7
lgg_seg,lgg_seg,kaggle_3m/TCGA_DU_5872_19950223/TCGA_DU_5872_19950223_67.tif,TCGA_DU_5872_19950223_67,empty,p23,train,none,161,-1,duplicate_of:TCGA_CS_5397_20010315_22,False,9966669999666699,0,kaggle_3m/TCGA_DU_5872_19950223/TCGA_DU_5872_19950223_67_mask.tif,7
lgg_seg,lgg_seg,kaggle_3m/TCGA_DU_5872_19950223/TCGA_DU_5872_19950223_68.tif,TCGA_DU_5872_19950223_68,empty,p23,train,none,670,-1,,False,916e67999964ee11,0,kaggle_3m/TCGA_DU_5872_19950223/TCGA_DU_5872_19950223_68_mask.tif,7
lgg_seg,lgg_seg,kaggle_3m/TCGA_DU_5872_19950223/TCGA_DU_5872_19950223_69.tif,TCGA_DU_5872_19950223_69,empty,p23,train,none,671,-1,,False,257a9dab5520fa07,0,kaggle_3m/TCGA_DU_5872_19950223/TCGA_DU_5872_19950223_69_mask.tif,7
lgg_seg,lgg_seg,kaggle_3m/TCGA_DU_5872_19950223/TCGA_DU_5872_19950223_7.tif,TCGA_DU_5872_19950223_7,empty,p23,train,none,639,-1,duplicate_of:TCGA_DU_5872_19950223_4,False,9a96968eda1c65e1,0,kaggle_3m/TCGA_DU_5872_19950223/TCGA_DU_5872_19950223_7_mask.tif,7
lgg_seg,lgg_seg,kaggle_3m/TCGA_DU_5872_19950223/TCGA_DU_5872_19950223_70.tif,TCGA_DU_5872_19950223_70,empty,p23,train,none,673,-1,,False,15e8cc9a7f20fe03,0,kaggle_3m/TCGA_DU_5872_19950223/TCGA_DU_5872_19950223_70_mask.tif,7
lgg_seg,lgg_seg,kaggle_3m/TCGA_DU_5872_19950223/TCGA_DU_5872_19950223_71.tif,TCGA_DU_5872_19950223_71,empty,p23,train,none,674,-1,,False,0fbb45aadf01f803,0,kaggle_3m/TCGA_DU_5872_19950223/TCGA_DU_5872_19950223_71_mask.tif,7
lgg_seg,lgg_seg,kaggle_3m/TCGA_DU_5872_19950223/TCGA_DU_5872_19950223_8.tif,TCGA_DU_5872_19950223_8,empty,p23,train,none,639,-1,duplicate_of:TCGA_DU_5872_19950223_4,False,9a869e8e5a1ce5e1,0,kaggle_3m/TCGA_DU_5872_19950223/TCGA_DU_5872_19950223_8_mask.tif,7
lgg_seg,lgg_seg,kaggle_3m/TCGA_DU_5872_19950223/TCGA_DU_5872_19950223_9.tif,TCGA_DU_5872_19950223_9,empty,p23,train,none,639,-1,duplicate_of:TCGA_DU_5872_19950223_4,False,baa69e865a1ca5e1,0,kaggle_3m/TCGA_DU_5872_19950223/TCGA_DU_5872_19950223_9_mask.tif,7
lgg_seg,lgg_seg,kaggle_3m/TCGA_DU_5874_19950510/TCGA_DU_5874_19950510_1.tif,TCGA_DU_5874_19950510_1,empty,p24,train,none,677,-1,,False,c36698a4381ee7e9,0,kaggle_3m/TCGA_DU_5874_19950510/TCGA_DU_5874_19950510_1_mask.tif,8
lgg_seg,lgg_seg,kaggle_3m/TCGA_DU_5874_19950510/TCGA_DU_5874_19950510_10.tif,TCGA_DU_5874_19950510_10,empty,p24,train,none,678,-1,,False,4c9c6d969c768669,0,kaggle_3m/TCGA_DU_5874_19950510/TCGA_DU_5874_19950510_10_mask.tif,8
lgg_seg,lgg_seg,kaggle_3m/TCGA_DU_5874_19950510/TCGA_DU_5874_19950510_11.tif,TCGA_DU_5874_19950510_11,empty,p24,train,none,678,-1,duplicate_of:TCGA_DU_5874_19950510_10,False,4c8c6d969c7ea629,0,kaggle_3m/TCGA_DU_5874_19950510/TCGA_DU_5874_19950510_11_mask.tif,8
lgg_seg,lgg_seg,kaggle_3m/TCGA_DU_5874_19950510/TCGA_DU_5874_19950510_12.tif,TCGA_DU_5874_19950510_12,empty,p24,train,none,680,-1,,False,4c8c6596bc7c46e9,0,kaggle_3m/TCGA_DU_5874_19950510/TCGA_DU_5874_19950510_12_mask.tif,8
lgg_seg,lgg_seg,kaggle_3m/TCGA_DU_5874_19950510/TCGA_DU_5874_19950510_13.tif,TCGA_DU_5874_19950510_13,empty,p24,train,none,681,-1,,False,c38c6c96b43cc6e9,0,kaggle_3m/TCGA_DU_5874_19950510/TCGA_DU_5874_19950510_13_mask.tif,8
lgg_seg,lgg_seg,kaggle_3m/TCGA_DU_5874_19950510/TCGA_DU_5874_19950510_14.tif,TCGA_DU_5874_19950510_14,empty,p24,train,none,682,-1,,False,cbc6e416343c96e9,0,kaggle_3m/TCGA_DU_5874_19950510/TCGA_DU_5874_19950510_14_mask.tif,8
lgg_seg,lgg_seg,kaggle_3m/TCGA_DU_5874_19950510/TCGA_DU_5874_19950510_15.tif,TCGA_DU_5874_19950510_15,empty,p24,train,none,683,-1,,False,e9c6e51e241c96e9,0,kaggle_3m/TCGA_DU_5874_19950510/TCGA_DU_5874_19950510_15_mask.tif,8
lgg_seg,lgg_seg,kaggle_3m/TCGA_DU_5874_19950510/TCGA_DU_5874_19950510_16.tif,TCGA_DU_5874_19950510_16,empty,p24,train,none,683,-1,duplicate_of:TCGA_DU_5874_19950510_15,False,e1c66d1e243c96e9,0,kaggle_3m/TCGA_DU_5874_19950510/TCGA_DU_5874_19950510_16_mask.tif,8
lgg_seg,lgg_seg,kaggle_3m/TCGA_DU_5874_19950510/TCGA_DU_5874_19950510_17.tif,TCGA_DU_5874_19950510_17,empty,p24,train,none,683,-1,duplicate_of:TCGA_DU_5874_19950510_15,False,c9c66d1e2c3c9669,0,kaggle_3m/TCGA_DU_5874_19950510/TCGA_DU_5874_19950510_17_mask.tif,8
lgg_seg,lgg_seg,kaggle_3m/TCGA_DU_5874_19950510/TCGA_DU_5874_19950510_18.tif,TCGA_DU_5874_19950510_18,empty,p24,train,none,686,-1,,False,69462d1eac7c96c9,0,kaggle_3m/TCGA_DU_5874_19950510/TCGA_DU_5874_19950510_18_mask.tif,8
lgg_seg,lgg_seg,kaggle_3m/TCGA_DU_5874_19950510/TCGA_DU_5874_19950510_19.tif,TCGA_DU_5874_19950510_19,empty,p24,train,none,687,-1,,False,6b06261e2cfcd6c9,0,kaggle_3m/TCGA_DU_5874_19950510/TCGA_DU_5874_19950510_19_mask.tif,8
lgg_seg,lgg_seg,kaggle_3m/TCGA_DU_5874_19950510/TCGA_DU_5874_19950510_2.tif,TCGA_DU_5874_19950510_2,empty,p24,train,none,677,-1,duplicate_of:TCGA_DU_5874_19950510_1,False,cb6418a6381ee7e9,0,kaggle_3m/TCGA_DU_5874_19950510/TCGA_DU_5874_19950510_2_mask.tif,8
lgg_seg,lgg_seg,kaggle_3m/TCGA_DU_5874_19950510/TCGA_DU_5874_19950510_20.tif,TCGA_DU_5874_19950510_20,tumor,p24,train,none,689,-1,,False,692e251e24fcd6c9,123,kaggle_3m/TCGA_DU_5874_19950510/TCGA_DU_5874_19950510_20_mask.tif,8
lgg_seg,lgg_seg,kaggle_3m/TCGA_DU_5874_19950510/TCGA_DU_5874_19950510_21.tif,TCGA_DU_5874_19950510_21,tumor,p24,train,none,690,-1,,False,6796291ea43cd6c9,361,kaggle_3m/TCGA_DU_5874_19950510/TCGA_DU_5874_19950510_21_mask.tif,8
lgg_seg,lgg_seg,kaggle_3m/TCGA_DU_5874_19950510/TCGA_DU_5874_19950510_22.tif,TCGA_DU_5874_19950510_22,tumor,p24,train,none,690,-1,duplicate_of:TCGA_DU_5874_19950510_21,False,6e9c291ea43cd6c9,479,kaggle_3m/TCGA_DU_5874_19950510/TCGA_DU_5874_19950510_22_mask.tif,8
lgg_seg,lgg_seg,kaggle_3m/TCGA_DU_5874_19950510/TCGA_DU_5874_19950510_23.tif,TCGA_DU_5874_19950510_23,tumor,p24,train,none,690,-1,duplicate_of:TCGA_DU_5874_19950510_21,False,6c9c691ea43cd6c9,789,kaggle_3m/TCGA_DU_5874_19950510/TCGA_DU_5874_19950510_23_mask.tif,8
lgg_seg,lgg_seg,kaggle_3m/TCGA_DU_5874_19950510/TCGA_DU_5874_19950510_24.tif,TCGA_DU_5874_19950510_24,tumor,p24,train,none,693,-1,,False,4d846d362d3cd6c9,894,kaggle_3m/TCGA_DU_5874_19950510/TCGA_DU_5874_19950510_24_mask.tif,8
lgg_seg,lgg_seg,kaggle_3m/TCGA_DU_5874_19950510/TCGA_DU_5874_19950510_25.tif,TCGA_DU_5874_19950510_25,tumor,p24,train,none,694,-1,,False,6986651e2d3c96e9,852,kaggle_3m/TCGA_DU_5874_19950510/TCGA_DU_5874_19950510_25_mask.tif,8
lgg_seg,lgg_seg,kaggle_3m/TCGA_DU_5874_19950510/TCGA_DU_5874_19950510_26.tif,TCGA_DU_5874_19950510_26,tumor,p24,train,none,695,-1,,False,c98649362d3e96e9,698,kaggle_3m/TCGA_DU_5874_19950510/TCGA_DU_5874_19950510_26_mask.tif,8
lgg_seg,lgg_seg,kaggle_3m/TCGA_DU_5874_19950510/TCGA_DU_5874_19950510_27.tif,TCGA_DU_5874_19950510_27,tumor,p24,train,none,696,-1,,False,c38c4916ad3e96e9,488,kaggle_3m/TCGA_DU_5874_19950510/TCGA_DU_5874_19950510_27_mask.tif,8
lgg_seg,lgg_seg,kaggle_3m/TCGA_DU_5874_19950510/TCGA_DU_5874_19950510_28.tif,TCGA_DU_5874_19950510_28,empty,p24,train,none,697,-1,,False,d38cc90e2d3696e9,0,kaggle_3m/TCGA_DU_5874_19950510/TCGA_DU_5874_19950510_28_mask.tif,8
lgg_seg,lgg_seg,kaggle_3m/TCGA_DU_5874_19950510/TCGA_DU_5874_19950510_29.tif,TCGA_DU_5874_19950510_29,empty,p24,train,none,697,-1,duplicate_of:TCGA_DU_5874_19950510_28,False,53c4cb0e2d3696e9,0,kaggle_3m/TCGA_DU_5874_19950510/TCGA_DU_5874_19950510_29_mask.tif,8
lgg_seg,lgg_seg,kaggle_3m/TCGA_DU_5874_19950510/TCGA_DU_5874_19950510_3.tif,TCGA_DU_5874_19950510_3,empty,p24,train,none,699,-1,,False,6da418a6381ee7e9,0,kaggle_3m/TCGA_DU_5874_19950510/TCGA_DU_5874_19950510_3_mask.tif,8
lgg_seg,lgg_seg,kaggle_3m/TCGA_DU_5874_19950510/TCGA_DU_5874_19950510_30.tif,TCGA_DU_5874_19950510_30,empty,p24,train,none,700,-1,,False,19e4c38e293696f9,0,kaggle_3m/TCGA_DU_5874_19950510/TCGA_DU_5874_19950510_30_mask.tif,8
lgg_seg,lgg_seg,kaggle_3m/TCGA_DU_5874_19950510/TCGA_DU_5874_19950510_31.tif,TCGA_DU_5874_19950510_31,empty,p24,train,none,73,-1,duplicate_of:TCGA_CS_4944_20010208_19,False,996159c6691c96f9,0,kaggle_3m/TCGA_DU_5874_19950510/TCGA_DU_5874_19950510_31_mask.tif,8
lgg_seg,lgg_seg,kaggle_3m/TCGA_DU_5874_19950510/TCGA_DU_5874_19950510_32.tif,TCGA_DU_5874_19950510_32,empty,p24,train,none,702,-1,,False,9071d9c6699c9679,0,kaggle_3m/TCGA_DU_5874_19950510/TCGA_DU_5874_19950510_32_mask.tif,8
lgg_seg,lgg_seg,kaggle_3m/TCGA_DU_5874_19950510/TCGA_DU_5874_19950510_33.tif,TCGA_DU_5874_19950510_33,empty,p24,train,none,73,-1,duplicate_of:TCGA_CS_4944_20010208_19,False,a6319be66984a679,0,kaggle_3m/TCGA_DU_5874_19950510/TCGA_DU_5874_19950510_33_mask.tif,8
lgg_seg,lgg_seg,kaggle_3m/TCGA_DU_5874_19950510/TCGA_DU_5874_19950510_34.tif,TCGA_DU_5874_19950510_34,empty,p24,train,none,73,-1,duplicate_of:TCGA_CS_4944_20010208_19,False,663b936359a6a619,0,kaggle_3m/TCGA_DU_5874_19950510/TCGA_DU_5874_19950510_34_mask.tif,8
lgg_seg,lgg_seg,kaggle_3m/TCGA_DU_5874_19950510/TCGA_DU_5874_19950510_35.tif,TCGA_DU_5874_19950510_35,empty,p24,train,none,161,-1,duplicate_of:TCGA_CS_5397_20010315_22,False,66d9263399666699,0,kaggle_3m/TCGA_DU_5874_19950510/TCGA_DU_5874_19950510_35_mask.tif,8
lgg_seg,lgg_seg,kaggle_3m/TCGA_DU_5874_19950510/TCGA_DU_5874_19950510_36.tif,TCGA_DU_5874_19950510_36,empty,p24,train,none,161,-1,duplicate_of:TCGA_CS_5397_20010315_22,False,9999663399666699,0,kaggle_3m/TCGA_DU_5874_19950510/TCGA_DU_5874_19950510_36_mask.tif,8
lgg_seg,lgg_seg,kaggle_3m/TCGA_DU_5874_19950510/TCGA_DU_5874_19950510_37.tif,TCGA_DU_5874_19950510_37,empty,p24,train,none,707,-1,,False,8f52f50adf1c111a,0,kaggle_3m/TCGA_DU_5874_19950510/TCGA_DU_5874_19950510_37_mask.tif,8
lgg_seg,lgg_seg,kaggle_3m/TCGA_DU_5874_19950510/TCGA_DU_5874_19950510_38.tif,TCGA_DU_5874_19950510_38,empty,p24,train,none,708,-1,,False,58c04b177b4172a4,0,kaggle_3m/TCGA_DU_5874_19950510/TCGA_DU_5874_19950510_38_mask.tif,8
lgg_seg,lgg_seg,kaggle_3m/TCGA_DU_5874_19950510/TCGA_DU_5874_19950510_4.tif,TCGA_DU_5874_19950510_4,empty,p24,train,none,709,-1,,False,69a619a6781ea769,0,kaggle_3m/TCGA_DU_5874_19950510/TCGA_DU_5874_19950510_4_mask.tif,8
lgg_seg,lgg_seg,kaggle_3m/TCGA_DU_5874_19950510/TCGA_DU_5874_19950510_5.tif,TCGA_DU_5874_19950510_5,empty,p24,train,none,710,-1,,False,69a638bc3c1e8769,0,kaggle_3m/TCGA_DU_5874_19950510/TCGA_DU_5874_19950510_5_mask.tif,8
lgg_seg,lgg_seg,kaggle_3m/TCGA_DU_5874_19950510/TCGA_DU_5874_19950510_6.tif,TCGA_DU_5874_19950510_6,empty,p24,train,none,711,-1,,False,5926699c3c16c7e9,0,kaggle_3m/TCGA_DU_5874_19950510/TCGA_DU_5874_19950510_6_mask.tif,8
lgg_seg,lgg_seg,kaggle_3m/TCGA_DU_5874_19950510/TCGA_DU_5874_19950510_7.tif,TCGA_DU_5874_19950510_7,empty,p24,train,none,712,-1,,False,58ac6d9c3c16c6e9,0,kaggle_3m/TCGA_DU_5874_19950510/TCGA_DU_5874_19950510_7_mask.tif,8
lgg_seg,lgg_seg,kaggle_3m/TCGA_DU_5874_19950510/TCGA_DU_5874_19950510_8.tif,TCGA_DU_5874_19950510_8,empty,p24,train,none,712,-1,duplicate_of:TCGA_DU_5874_19950510_7,False,588c6d963c56c6e9,0,kaggle_3m/TCGA_DU_5874_19950510/TCGA_DU_5874_19950510_8_mask.tif,8
lgg_seg,lgg_seg,kaggle_3m/TCGA_DU_5874_19950510/TCGA_DU_5874_19950510_9.tif,TCGA_DU_5874_19950510_9,empty,p24,train,none,678,-1,duplicate_of:TCGA_DU_5874_19950510_10,False,4c9c6d96347e8669,0,kaggle_3m/TCGA_DU_5874_19950510/TCGA_DU_5874_19950510_9_mask.tif,8
lgg_seg,lgg_seg,kaggle_3m/TCGA_DU_6399_19830416/TCGA_DU_6399_19830416_1.tif,TCGA_DU_6399_19830416_1,empty,p25,train,none,715,-1,,False,e1869cac965669e9,0,kaggle_3m/TCGA_DU_6399_19830416/TCGA_DU_6399_19830416_1_mask.tif,7
lgg_seg,lgg_seg,kaggle_3m/TCGA_DU_6399_19830416/TCGA_DU_6399_19830416_10.tif,TCGA_DU_6399_19830416_10,empty,p25,train,none,716,-1,,False,53e665941cdea469,0,kaggle_3m/TCGA_DU_6399_19830416/TCGA_DU_6399_19830416_10_mask.tif,7
lgg_seg,lgg_seg,kaggle_3m/TCGA_DU_6399_19830416/TCGA_DU_6399_19830416_11.tif,TCGA_DU_6399_19830416_11,empty,p25,train,none,717,-1,,False,53e6c5941c5ea761,0,kaggle_3m/TCGA_DU_6399_19830416/TCGA_DU_6399_19830416_11_mask.tif,7
lgg_seg,lgg_seg,kaggle_3m/TCGA_DU_6399_19830416/TCGA_DU_6399_19830416_12.tif,TCGA_DU_6399_19830416_12,empty,p25,train,none,717,-1,duplicate_of:TCGA_DU_6399_19830416_11,False,53e6c5941c5ea761,0,kaggle_3m/TCGA_DU_6399_19830416/TCGA_DU_6399_19830416_12_mask.tif,7
lgg_seg,lgg_seg,kaggle_3m/TCGA_DU_6399_19830416/TCGA_DU_6399_19830416_13.tif,TCGA_DU_6399_19830416_13,tumor,p25,train,none,719,-1,,False,53a6e7961c5e21e1,401,kaggle_3m/TCGA_DU_6399_19830416/TCGA_DU_6399_19830416_13_mask.tif,7
lgg_seg,lgg_seg,kaggle_3m/TCGA_DU_6399_19830416/TCGA_DU_6399_19830416_14.tif,TCGA_DU_6399_19830416_14,tumor,p25,train,none,720,-1,,False,49a6c7969c5e6361,724,kaggle_3m/TCGA_DU_6399_19830416/TCGA_DU_6399_19830416_14_mask.tif,7
lgg_seg,lgg_seg,kaggle_3m/TCGA_DU_6399_19830416/TCGA_DU_6399_19830416_15.tif,TCGA_DU_6399_19830416_15,tumor,p25,train,none,720,-1,duplicate_of:TCGA_DU_6399_19830416_14,False,d9a686969c5e6361,1095,kaggle_3m/TCGA_DU_6399_19830416/TCGA_DU_6399_19830416_15_mask.tif,7
lgg_seg,lgg_seg,kaggle_3m/TCGA_DU_6399_19830416/TCGA_DU_6399_19830416_16.tif,TCGA_DU_6399_19830416_16,tumor,p25,train,none,720,-1,duplicate_of:TCGA_DU_6399_19830416_14,False,d9a686969c5e6361,1303,kaggle_3m/TCGA_DU_6399_19830416/TCGA_DU_6399_19830416_16_mask.tif,7
lgg_seg,lgg_seg,kaggle_3m/TCGA_DU_6399_19830416/TCGA_DU_6399_19830416_17.tif,TCGA_DU_6399_19830416_17,tumor,p25,train,none,720,-1,duplicate_of:TCGA_DU_6399_19830416_14,False,9d8e86969c5e6361,1426,kaggle_3m/TCGA_DU_6399_19830416/TCGA_DU_6399_19830416_17_mask.tif,7
lgg_seg,lgg_seg,kaggle_3m/TCGA_DU_6399_19830416/TCGA_DU_6399_19830416_18.tif,TCGA_DU_6399_19830416_18,tumor,p25,train,none,720,-1,duplicate_of:TCGA_DU_6399_19830416_14,False,9d8e96961c5e6361,1411,kaggle_3m/TCGA_DU_6399_19830416/TCGA_DU_6399_19830416_18_mask.tif,7
lgg_seg,lgg_seg,kaggle_3m/TCGA_DU_6399_19830416/TCGA_DU_6399_19830416_19.tif,TCGA_DU_6399_19830416_19,tumor,p25,train,none,725,-1,,False,998e93969c5c63e1,1749,kaggle_3m/TCGA_DU_6399_19830416/TCGA_DU_6399_19830416_19_mask.tif,7
lgg_seg,lgg_seg,kaggle_3m/TCGA_DU_6399_19830416/TCGA_DU_6399_19830416_2.tif,TCGA_DU_6399_19830416_2,empty,p25,train,none,726,-1,,False,f98c8384d1de8ce9,0,kaggle_3m/TCGA_DU_6399_19830416/TCGA_DU_6399_19830416_2_mask.tif,7
lgg_seg,lgg_seg,kaggle_3m/TCGA_DU_6399_19830416/TCGA_DU_6399_19830416_20.tif,TCGA_DU_6399_19830416_20,tumor,p25,train,none,727,-1,,False,998c93964c5c67e3,1944,kaggle_3m/TCGA_DU_6399_19830416/TCGA_DU_6399_19830416_20_mask.tif,7
lgg_seg,lgg_seg,kaggle_3m/TCGA_DU_6399_19830416/TCGA_DU_6399_19830416_21.tif,TCGA_DU_6399_19830416_21,tumor,p25,train,none,728,-1,,False,988cb396cc5c73e1,2002,kaggle_3m/TCGA_DU_6399_19830416/TCGA_DU_6399_19830416_21_mask.tif,7
lgg_seg,lgg_seg,kaggle_3m/TCGA_DU_6399_19830416/TCGA_DU_6399_19830416_22.tif,TCGA_DU_6399_19830416_22,tumor,p25,train,none,729,-1,,False,9d8cb3b6cc1c7161,1997,kaggle_3m/TCGA_DU_6399_19830416/TCGA_DU_6399_19830416_22_mask.tif,7
lgg_seg,lgg_seg,kaggle_3m/TCGA_DU_6399_19830416/TCGA_DU_6399_19830416_23.tif,TCGA_DU_6399_19830416_23,tumor,p25,train,none,729,-1,duplicate_of:TCGA_DU_6399_19830416_22,False,9c8cb3b6cc1c3b61,2016,kaggle_3m/TCGA_DU_6399_19830416/TCGA_DU_6399_19830416_23_mask.tif,7
lgg_seg,lgg_seg,kaggle_3m/TCGA_DU_6399_19830416/TCGA_DU_6399_19830416_24.tif,TCGA_DU_6399_19830416_24,tumor,p25,train,none,731,-1,,False,9caeb3a6cc1c7861,1974,kaggle_3m/TCGA_DU_6399_19830416/TCGA_DU_6399_19830416_24_mask.tif,7
lgg_seg,lgg_seg,kaggle_3m/TCGA_DU_6399_19830416/TCGA_DU_6399_19830416_25.tif,TCGA_DU_6399_19830416_25,tumor,p25,train,none,732,-1,,False,9c2cf3a68d1c7263,1840,kaggle_3m/TCGA_DU_6399_19830416/TCGA_DU_6399_19830416_25_mask.tif,7
lgg_seg,lgg_seg,kaggle_3m/TCGA_DU_6399_19830416/TCGA_DU_6399_19830416_26.tif,TCGA_DU_6399_19830416_26,tumor,p25,train,none,732,-1,duplicate_of:TCGA_DU_6399_19830416_25,False,9c2c73a68d1c7e61,1635,kaggle_3m/TCGA_DU_6399_19830416/TCGA_DU_6399_19830416_26_mask.tif,7
lgg_seg,lgg_seg,kaggle_3m/TCGA_DU_6399_19830416/TCGA_DU_6399_19830416_27.tif,TCGA_DU_6399_19830416_27,tumor,p25,train,none,734,-1,,False,b92c63a68f1c7c61,1374,kaggle_3m/TCGA_DU_6399_19830416/TCGA_DU_6399_19830416_27_mask.tif,7
lgg_seg,lgg_seg,kaggle_3m/TCGA_DU_6399_19830416/TCGA_DU_6399_19830416_28.tif,TCGA_DU_6399_19830416_28,tumor,p25,train,none,735,-1,,False,b1ece3a68d1c3c61,1069,kaggle_3m/TCGA_DU_6399_19830416/TCGA_DU_6399_19830416_28_mask.tif,7
lgg_seg,lgg_seg,kaggle_3m/TCGA_DU_6399_19830416/TCGA_DU_6399_19830416_29.tif,TCGA_DU_6399_19830416_29,tumor,p25,train,none,736,-1,,False,f8c6e3268d9c3c61,704,kaggle_3m/TCGA_DU_6399_19830416/TCGA_DU_6399_19830416_29_mask.tif,7
lgg_seg,lgg_seg,kaggle_3m/TCGA_DU_6399_19830416/TCGA_DU_6399_19830416_3.tif,TCGA_DU_6399_19830416_3,empty,p25,train,none,737,-1,,False,f904838cd9d6ace9,0,kaggle_3m/TCGA_DU_6399_19830416/TCGA_DU_6399_19830416_3_mask.tif,7
lgg_seg,lgg_seg,kaggle_3m/TCGA_DU_6399_19830416/TCGA_DU_6399_19830416_30.tif,TCGA_DU_6399_19830416_30,tumor,p25,train,none,736,-1,duplicate_of:TCGA_DU_6399_19830416_29,False,99c6e3268d9e3c61,456,kaggle_3m/TCGA_DU_6399_19830416/TCGA_DU_6399_19830416_30_mask.tif,7
lgg_seg,lgg_seg,kaggle_3m/TCGA_DU_6399_19830416/TCGA_DU_6399_19830416_31.tif,TCGA_DU_6399_19830416_31,tumor,p25,train,none,73,-1,duplicate_of:TCGA_DU_5871_19941206_19,False,79c6c3a6c51e3c61,223,kaggle_3m/TCGA_DU_6399_19830416/TCGA_DU_6399_19830416_31_mask.tif,7
lgg_seg,lgg_seg,kaggle_3m/TCGA_DU_6399_19830416/TCGA_DU_6399_19830416_32.tif,TCGA_DU_6399_19830416_32,empty,p25,train,none,73,-1,duplicate_of:TCGA_CS_4944_20010208_19,False,79c4c386c71e3c69,0,kaggle_3m/TCGA_DU_6399_19830416/TCGA_DU_6399_19830416_32_mask.tif,7
lgg_seg,lgg_seg,kaggle_3m/TCGA_DU_6399_19830416/TCGA_DU_6399_19830416_33.tif,TCGA_DU_6399_19830416_33,empty,p25,train,none,73,-1,duplicate_of:TCGA_CS_4944_20010208_19,False,71e6c386c71e1c69,0,kaggle_3m/TCGA_DU_6399_19830416/TCGA_DU_6399_19830416_33_mask.tif,7
lgg_seg,lgg_seg,kaggle_3m/TCGA_DU_6399_19830416/TCGA_DU_6399_19830416_34.tif,TCGA_DU_6399_19830416_34,empty,p25,train,none,73,-1,duplicate_of:TCGA_CS_4944_20010208_19,False,3166e386c71e1c79,0,kaggle_3m/TCGA_DU_6399_19830416/TCGA_DU_6399_19830416_34_mask.tif,7
lgg_seg,lgg_seg,kaggle_3m/TCGA_DU_6399_19830416/TCGA_DU_6399_19830416_35.tif,TCGA_DU_6399_19830416_35,empty,p25,train,none,73,-1,duplicate_of:TCGA_CS_4944_20010208_19,False,33667386c31e1c79,0,kaggle_3m/TCGA_DU_6399_19830416/TCGA_DU_6399_19830416_35_mask.tif,7
lgg_seg,lgg_seg,kaggle_3m/TCGA_DU_6399_19830416/TCGA_DU_6399_19830416_36.tif,TCGA_DU_6399_19830416_36,empty,p25,train,none,73,-1,duplicate_of:TCGA_CS_4944_20010208_19,False,39667386c31e1c79,0,kaggle_3m/TCGA_DU_6399_19830416/TCGA_DU_6399_19830416_36_mask.tif,7
lgg_seg,lgg_seg,kaggle_3m/TCGA_DU_6399_19830416/TCGA_DU_6399_19830416_37.tif,TCGA_DU_6399_19830416_37,empty,p25,train,none,73,-1,duplicate_of:TCGA_CS_4944_20010208_19,False,30667386e39e1c79,0,kaggle_3m/TCGA_DU_6399_19830416/TCGA_DU_6399_19830416_37_mask.tif,7
lgg_seg,lgg_seg,kaggle_3m/TCGA_DU_6399_19830416/TCGA_DU_6399_19830416_38.tif,TCGA_DU_6399_19830416_38,empty,p25,train,none,73,-1,duplicate_of:TCGA_CS_4944_20010208_19,False,19667186e39e1c79,0,kaggle_3m/TCGA_DU_6399_19830416/TCGA_DU_6399_19830416_38_mask.tif,7
lgg_seg,lgg_seg,kaggle_3m/TCGA_DU_6399_19830416/TCGA_DU_6399_19830416_39.tif,TCGA_DU_6399_19830416_39,empty,p25,train,none,73,-1,duplicate_of:TCGA_CS_4944_20010208_19,False,196471a6e39e1c79,0,kaggle_3m/TCGA_DU_6399_19830416/TCGA_DU_6399_19830416_39_mask.tif,7
lgg_seg,lgg_seg,kaggle_3m/TCGA_DU_6399_19830416/TCGA_DU_6399_19830416_4.tif,TCGA_DU_6399_19830416_4,empty,p25,train,none,748,-1,,False,71268b9cd8d6a4e9,0,kaggle_3m/TCGA_DU_6399_19830416/TCGA_DU_6399_19830416_4_mask.tif,7
lgg_seg,lgg_seg,kaggle_3m/TCGA_DU_6399_19830416/TCGA_DU_6399_19830416_40.tif,TCGA_DU_6399_19830416_40,empty,p25,train,none,73,-1,duplicate_of:TCGA_CS_4944_20010208_19,False,186473a6e39e1c79,0,kaggle_3m/TCGA_DU_6399_19830416/TCGA_DU_6399_19830416_40_mask.tif,7
lgg_seg,lgg_seg,kaggle_3m/TCGA_DU_6399_19830416/TCGA_DU_6399_19830416_41.tif,TCGA_DU_6399_19830416_41,empty,p25,train,none,750,-1,,False,186973a6e1969679,0,kaggle_3m/TCGA_DU_6399_19830416/TCGA_DU_6399_19830416_41_mask.tif,7
lgg_seg,lgg_seg,kaggle_3m/TCGA_DU_6399_19830416/TCGA_DU_6399_19830416_42.tif,TCGA_DU_6399_19830416_42,empty,p25,train,none,751,-1,,False,1c6913e669969679,0,kaggle_3m/TCGA_DU_6399_19830416/TCGA_DU_6399_19830416_42_mask.tif,7
lgg_seg,lgg_seg,kaggle_3m/TCGA_DU_6399_19830416/TCGA_DU_6399_19830416_43.tif,TCGA_DU_6399_19830416_43,empty,p25,train,none,752,-1,,False,9c69936669869e59,0,kaggle_3m/TCGA_DU_6399_19830416/TCGA_DU_6399_19830416_43_mask.tif,7
lgg_seg,lgg_seg,kaggle_3m/TCGA_DU_6399_19830416/TCGA_DU_6399_19830416_44.tif,TCGA_DU_6399_19830416_44,empty,p25,train,none,752,-1,duplicate_of:TCGA_DU_6399_19830416_43,False,9c599b6661869e59,0,kaggle_3m/TCGA_DU_6399_19830416/TCGA_DU_6399_19830416_44_mask.tif,7
lgg_seg,lgg_seg,kaggle_3m/TCGA_DU_6399_19830416/TCGA_DU_6399_19830416_45.tif,TCGA_DU_6399_19830416_45,empty,p25,train,none,73,-1,duplicate_of:TCGA_CS_4944_20010208_19,False,8e599b666986a659,0,kaggle_3m/TCGA_DU_6399_19830416/TCGA_DU_6399_19830416_45_mask.tif,7
lgg_seg,lgg_seg,kaggle_3m/TCGA_DU_6399_19830416/TCGA_DU_6399_19830416_46.tif,TCGA_DU_6399_19830416_46,empty,p25,train,none,73,-1,duplicate_of:TCGA_CS_4944_20010208_19,False,e4999a6559a6a659,0,kaggle_3m/TCGA_DU_6399_19830416/TCGA_DU_6399_19830416_46_mask.tif,7
lgg_seg,lgg_seg,kaggle_3m/TCGA_DU_6399_19830416/TCGA_DU_6399_19830416_47.tif,TCGA_DU_6399_19830416_47,empty,p25,train,none,73,-1,duplicate_of:TCGA_CS_4944_20010208_19,False,e699966159a6a659,0,kaggle_3m/TCGA_DU_6399_19830416/TCGA_DU_6399_19830416_47_mask.tif,7
lgg_seg,lgg_seg,kaggle_3m/TCGA_DU_6399_19830416/TCGA_DU_6399_19830416_48.tif,TCGA_DU_6399_19830416_48,empty,p25,train,none,73,-1,duplicate_of:TCGA_CS_4944_20010208_19,False,66999c6979a68e19,0,kaggle_3m/TCGA_DU_6399_19830416/TCGA_DU_6399_19830416_48_mask.tif,7
lgg_seg,lgg_seg,kaggle_3m/TCGA_DU_6399_19830416/TCGA_DU_6399_19830416_49.tif,TCGA_DU_6399_19830416_49,empty,p25,train,none,758,-1,,False,669a9c197366cc99,0,kaggle_3m/TCGA_DU_6399_19830416/TCGA_DU_6399_19830416_49_mask.tif,7
lgg_seg,lgg_seg,kaggle_3m/TCGA_DU_6399_19830416/TCGA_DU_6399_19830416_5.tif,TCGA_DU_6399_19830416_5,empty,p25,train,none,759,-1,,False,7006899c5ed6ade9,0,kaggle_3m/TCGA_DU_6399_19830416/TCGA_DU_6399_19830416_5_mask.tif,7
lgg_seg,lgg_seg,kaggle_3m/TCGA_DU_6399_19830416/TCGA_DU_6399_19830416_50.tif,TCGA_DU_6399_19830416_50,empty,p25,train,none,161,-1,duplicate_of:TCGA_CS_5397_20010315_22,False,3966669999666699,0,kaggle_3m/TCGA_DU_6399_19830416/TCGA_DU_6399_19830416_50_mask.tif,7
lgg_seg,lgg_seg,kaggle_3m/TCGA_DU_6399_19830416/TCGA_DU_6399_19830416_51.tif,TCGA_DU_6399_19830416_51,empty,p25,train,none,161,-1,duplicate_of:TCGA_CS_5397_20010315_22,False,996664999966e699,0,kaggle_3m/TCGA_DU_6399_19830416/TCGA_DU_6399_19830416_51_mask.tif,7
lgg_seg,lgg_seg,kaggle_3m/TCGA_DU_6399_19830416/TCGA_DU_6399_19830416_52.tif,TCGA_DU_6399_19830416_52,empty,p25,train,none,762,-1,,False,cae48a9b476db974,0,kaggle_3m/TCGA_DU_6399_19830416/TCGA_DU_6399_19830416_52_mask.tif,7
lgg_seg,lgg_seg,kaggle_3m/TCGA_DU_6399_19830416/TCGA_DU_6399_19830416_53.tif,TCGA_DU_6399_19830416_53,empty,p25,train,none,763,-1,,False,0f045382f974fe0f,0,kaggle_3m/TCGA_DU_6399_19830416/TCGA_DU_6399_19830416_53_mask.tif,7
lgg_seg,lgg_seg,kaggle_3m/TCGA_DU_6399_19830416/TCGA_DU_6399_19830416_6.tif,TCGA_DU_6399_19830416_6,empty,p25,train,none,759,-1,duplicate_of:TCGA_DU_6399_19830416_5,False,72068994d6d6ade9,0,kaggle_3m/TCGA_DU_6399_19830416/TCGA_DU_6399_19830416_6_mask.tif,7
lgg_seg,lgg_seg,kaggle_3m/TCGA_DU_6399_19830416/TCGA_DU_6399_19830416_7.tif,TCGA_DU_6399_19830416_7,empty,p25,train,none,759,-1,duplicate_of:TCGA_DU_6399_19830416_5,False,720e8994d656ade9,0,kaggle_3m/TCGA_DU_6399_19830416/TCGA_DU_6399_19830416_7_mask.tif,7
lgg_seg,lgg_seg,kaggle_3m/TCGA_DU_6399_19830416/TCGA_DU_6399_19830416_8.tif,TCGA_DU_6399_19830416_8,empty,p25,train,none,766,-1,,False,594489b4d656ade9,0,kaggle_3m/TCGA_DU_6399_19830416/TCGA_DU_6399_19830416_8_mask.tif,7
lgg_seg,lgg_seg,kaggle_3m/TCGA_DU_6399_19830416/TCGA_DU_6399_19830416_9.tif,TCGA_DU_6399_19830416_9,empty,p25,train,none,767,-1,,False,596681b41e5ea5e9,0,kaggle_3m/TCGA_DU_6399_19830416/TCGA_DU_6399_19830416_9_mask.tif,7
lgg_seg,lgg_seg,kaggle_3m/TCGA_DU_6400_19830518/TCGA_DU_6400_19830518_1.tif,TCGA_DU_6400_19830518_1,empty,p26,train,none,768,-1,,False,d89e191c7970a7c3,0,kaggle_3m/TCGA_DU_6400_19830518/TCGA_DU_6400_19830518_1_mask.tif,8
lgg_seg,lgg_seg,kaggle_3m/TCGA_DU_6400_19830518/TCGA_DU_6400_19830518_10.tif,TCGA_DU_6400_19830518_10,empty,p26,train,none,769,-1,,False,9c8636367a58c9e9,0,kaggle_3m/TCGA_DU_6400_19830518/TCGA_DU_6400_19830518_10_mask.tif,8
lgg_seg,lgg_seg,kaggle_3m/TCGA_DU_6400_19830518/TCGA_DU_6400_19830518_11.tif,TCGA_DU_6400_19830518_11,empty,p26,train,none,769,-1,duplicate_of:TCGA_DU_6400_19830518_10,False,9e8636367278c9c9,0,kaggle_3m/TCGA_DU_6400_19830518/TCGA_DU_6400_19830518_11_mask.tif,8
lgg_seg,lgg_seg,kaggle_3m/TCGA_DU_6400_19830518/TCGA_DU_6400_19830518_12.tif,TCGA_DU_6400_19830518_12,empty,p26,train,none,769,-1,duplicate_of:TCGA_DU_6400_19830518_10,False,9c8636b67278c9c9,0,kaggle_3m/TCGA_DU_6400_19830518/TCGA_DU_6400_19830518_12_mask.tif,8
lgg_seg,lgg_seg,kaggle_3m/TCGA_DU_6400_19830518/TCGA_DU_6400_19830518_13.tif,TCGA_DU_6400_19830518_13,empty,p26,train,none,769,-1,duplicate_of:TCGA_DU_6400_19830518_10,False,1c963636727cc9c9,0,kaggle_3m/TCGA_DU_6400_19830518/TCGA_DU_6400_19830518_13_mask.tif,8
lgg_seg,lgg_seg,kaggle_3m/TCGA_DU_6400_19830518/TCGA_DU_6400_19830518_14.tif,TCGA_DU_6400_19830518_14,empty,p26,train,none,773,-1,,False,1ca636167c7cc3c9,0,kaggle_3m/TCGA_DU_6400_19830518/TCGA_DU_6400_19830518_14_mask.tif,8
lgg_seg,lgg_seg,kaggle_3m/TCGA_DU_6400_19830518/TCGA_DU_6400_19830518_15.tif,TCGA_DU_6400_19830518_15,empty,p26,train,none,773,-1,duplicate_of:TCGA_DU_6400_19830518_14,False,3ca636167c7cc3c1,0,kaggle_3m/TCGA_DU_6400_19830518/TCGA_DU_6400_19830518_15_mask.tif,8
lgg_seg,lgg_seg,kaggle_3m/TCGA_DU_6400_19830518/TCGA_DU_6400_19830518_16.tif,TCGA_DU_6400_19830518_16,tumor,p26,train,none,775,-1,,False,9cb61616785ce1e9,111,kaggle_3m/TCGA_DU_6400_19830518/TCGA_DU_6400_19830518_16_mask.tif,8
lgg_seg,lgg_seg,kaggle_3m/TCGA_DU_6400_19830518/TCGA_DU_6400_19830518_17.tif,TCGA_DU_6400_19830518_17,tumor,p26,train,none,776,-1,,False,94b6161c78d6e369,1107,kaggle_3m/TCGA_DU_6400_19830518/TCGA_DU_6400_19830518_17_mask.tif,8
lgg_seg,lgg_seg,kaggle_3m/TCGA_DU_6400_19830518/TCGA_DU_6400_19830518_18.tif,TCGA_DU_6400_19830518_18,tumor,p26,train,none,776,-1,duplicate_of:TCGA_DU_6400_19830518_17,False,b4a6961c78d6c369,1472,kaggle_3m/TCGA_DU_6400_19830518/TCGA_DU_6400_19830518_18_mask.tif,8
lgg_seg,lgg_seg,kaggle_3m/TCGA_DU_6400_19830518/TCGA_DU_6400_19830518_19.tif,TCGA_DU_6400_19830518_19,tumor,p26,train,none,776,-1,duplicate_of:TCGA_DU_6400_19830518_17,False,a4a6b61c78d6c3c9,1798,kaggle_3m/TCGA_DU_6400_19830518/TCGA_DU_6400_19830518_19_mask.tif,8
lgg_seg,lgg_seg,kaggle_3m/TCGA_DU_6400_19830518/TCGA_DU_6400_19830518_2.tif,TCGA_DU_6400_19830518_2,empty,p26,train,none,779,-1,,False,929691365b56adc9,0,kaggle_3m/TCGA_DU_6400_19830518/TCGA_DU_6400_19830518_2_mask.tif,8
lgg_seg,lgg_seg,kaggle_3m/TCGA_DU_6400_19830518/TCGA_DU_6400_19830518_20.tif,TCGA_DU_6400_19830518_20,tumor,p26,train,none,780,-1,,False,a486b63c3876cbc9,2400,kaggle_3m/TCGA_DU_6400_19830518/TCGA_DU_6400_19830518_20_mask.tif,8
lgg_seg,lgg_seg,kaggle_3m/TCGA_DU_6400_19830518/TCGA_DU_6400_19830518_21.tif,TCGA_DU_6400_19830518_21,tumor,p26,train,none,781,-1,,False,e586969c1876e3c9,2808,kaggle_3m/TCGA_DU_6400_19830518/TCGA_DU_6400_19830518_21_mask.tif,8
lgg_seg,lgg_seg,kaggle_3m/TCGA_DU_6400_19830518/TCGA_DU_6400_19830518_22.tif,TCGA_DU_6400_19830518_22,tumor,p26,train,none,782,-1,,False,e386a69c1836e3e9,3123,kaggle_3m/TCGA_DU_6400_19830518/TCGA_DU_6400_19830518_22_mask.tif,8
lgg_seg,lgg_seg,kaggle_3m/TCGA_DU_6400_19830518/TCGA_DU_6400_19830518_23.tif,TCGA_DU_6400_19830518_23,tumor,p26,train,none,783,-1,,False,e9a6a69c1c36a3c9,2945,kaggle_3m/TCGA_DU_6400_19830518/TCGA_DU_6400_19830518_23_mask.tif,8
lgg_seg,lgg_seg,kaggle_3m/TCGA_DU_6400_19830518/TCGA_DU_6400_19830518_24.tif,TCGA_DU_6400_19830518_24,tumor,p26,train,none,783,-1,duplicate_of:TCGA_DU_6400_19830518_23,False,e986e69c1836a7c9,2950,kaggle_3m/TCGA_DU_6400_19830518/TCGA_DU_6400_19830518_24_mask.tif,8
lgg_seg,lgg_seg,kaggle_3m/TCGA_DU_6400_19830518/TCGA_DU_6400_19830518_25.tif,TCGA_DU_6400_19830518_25,tumor,p26,train,none,783,-1,duplicate_of:TCGA_DU_6400_19830518_23,False,e9c6e71c1836a6c9,2946,kaggle_3m/TCGA_DU_6400_19830518/TCGA_DU_6400_19830518_25_mask.tif,8
lgg_seg,lgg_seg,kaggle_3m/TCGA_DU_6400_19830518/TCGA_DU_6400_19830518_26.tif,TCGA_DU_6400_19830518_26,tumor,p26,train,none,786,-1,,False,61a6e71c9c36a6c9,2842,kaggle_3m/TCGA_DU_6400_19830518/TCGA_DU_6400_19830518_26_mask.tif,8
lgg_seg,lgg_seg,kaggle_3m/TCGA_DU_6400_19830518/TCGA_DU_6400_19830518_27.tif,TCGA_DU_6400_19830518_27,tumor,p26,train,none,786,-1,duplicate_of:TCGA_DU_6400_19830518_26,False,61a6a69c9c36b6c9,2934,kaggle_3m/TCGA_DU_6400_19830518/TCGA_DU_6400_19830518_27_mask.tif,8
lgg_seg,lgg_seg,kaggle_3m/TCGA_DU_6400_19830518/TCGA_DU_6400_19830518_28.tif,TCGA_DU_6400_19830518_28,tumor,p26,train,none,786,-1,duplicate_of:TCGA_DU_6400_19830518_26,False,61e6a69c9c3636c9,2863,kaggle_3m/TCGA_DU_6400_19830518/TCGA_DU_6400_19830518_28_mask.tif,8
lgg_seg,lgg_seg,kaggle_3m/TCGA_DU_6400_19830518/TCGA_DU_6400_19830518_29.tif,TCGA_DU_6400_19830518_29,tumor,p26,train,none,786,-1,duplicate_of:TCGA_DU_6400_19830518_26,False,6986a69cdc36a6c9,2678,kaggle_3m/TCGA_DU_6400_19830518/TCGA_DU_6400_19830518_29_mask.tif,8
lgg_seg,lgg_seg,kaggle_3m/TCGA_DU_6400_19830518/TCGA_DU_6400_19830518_3.tif,TCGA_DU_6400_19830518_3,empty,p26,train,none,790,-1,,False,929699165b7ca5e1,0,kaggle_3m/TCGA_DU_6400_19830518/TCGA_DU_6400_19830518_3_mask.tif,8
lgg_seg,lgg_seg,kaggle_3m/TCGA_DU_6400_19830518/TCGA_DU_6400_19830518_30.tif,TCGA_DU_6400_19830518_30,tumor,p26,train,none,786,-1,duplicate_of:TCGA_DU_6400_19830518_26,False,698ea69c9c3666c9,2176,kaggle_3m/TCGA_DU_6400_19830518/TCGA_DU_6400_19830518_30_mask.tif,8
lgg_seg,lgg_seg,kaggle_3m/TCGA_DU_6400_19830518/TCGA_DU_6400_19830518_31.tif,TCGA_DU_6400_19830518_31,tumor,p26,train,none,786,-1,duplicate_of:TCGA_DU_6400_19830518_26,False,4986b69c9c3666e9,1490,kaggle_3m/TCGA_DU_6400_19830518/TCGA_DU_6400_19830518_31_mask.tif,8
lgg_seg,lgg_seg,kaggle_3m/TCGA_DU_6400_19830518/TCGA_DU_6400_19830518_32.tif,TCGA_DU_6400_19830518_32,tumor,p26,train,none,793,-1,,False,c98c369c9c5666e9,468,kaggle_3m/TCGA_DU_6400_19830518/TCGA_DU_6400_19830518_32_mask.tif,8
lgg_seg,lgg_seg,kaggle_3m/TCGA_DU_6400_19830518/TCGA_DU_6400_19830518_33.tif,TCGA_DU_6400_19830518_33,tumor,p26,train,none,794,-1,,False,c98c1b96ac5666e9,200,kaggle_3m/TCGA_DU_6400_19830518/TCGA_DU_6400_19830518_33_mask.tif,8
lgg_seg,lgg_seg,kaggle_3m/TCGA_DU_6400_19830518/TCGA_DU_6400_19830518_34.tif,TCGA_DU_6400_19830518_34,empty,p26,train,none,794,-1,,False,e98e1a96ac1666e9,0,kaggle_3m/TCGA_DU_6400_19830518/TCGA_DU_6400_19830518_34_mask.tif,8
lgg_seg,lgg_seg,kaggle_3m/TCGA_DU_6400_19830518/TCGA_DU_6400_19830518_35.tif,TCGA_DU_6400_19830518_35,empty,p26,train,none,794,-1,duplicate_of:TCGA_DU_6400_19830518_34,False,e9861896ad1676e9,0,kaggle_3m/TCGA_DU_6400_19830518/TCGA_DU_6400_19830518_35_mask.tif,8
lgg_seg,lgg_seg,kaggle_3m/TCGA_DU_6400_19830518/TCGA_DU_6400_19830518_36.tif,TCGA_DU_6400_19830518_36,empty,p26,train,none,451,-1,duplicate_of:TCGA_DU_5852_19950709_23,False,61864996ad1e76e9,0,kaggle_3m/TCGA_DU_6400_19830518/TCGA_DU_6400_19830518_36_mask.tif,8
lgg_seg,lgg_seg,kaggle_3m/TCGA_DU_6400_19830518/TCGA_DU_6400_19830518_37.tif,TCGA_DU_6400_19830518_37,empty,p26,train,none,798,-1,,False,698ccb86ad16b669,0,kaggle_3m/TCGA_DU_6400_19830518/TCGA_DU_6400_19830518_37_mask.tif,8
lgg_seg,lgg_seg,kaggle_3m/TCGA_DU_6400_19830518/TCGA_DU_6400_19830518_38.tif,TCGA_DU_6400_19830518_38,empty,p26,train,none,798,-1,duplicate_of:TCGA_DU_6400_19830518_37,False,f98cc9862d16b669,0,kaggle_3m/TCGA_DU_6400_19830518/TCGA_DU_6400_19830518_38_mask.tif,8
lgg_seg,lgg_seg,kaggle_3m/TCGA_DU_6400_19830518/TCGA_DU_6400_19830518_39.tif,TCGA_DU_6400_19830518_39,empty,p26,train,none,73,-1,duplicate_of:TCGA_CS_4944_20010208_19,False,59eccb862d169669,0,kaggle_3m/TCGA_DU_6400_19830518/TCGA_DU_6400_19830518_39_mask.tif,8
lgg_seg,lgg_seg,kaggle_3m/TCGA_DU_6400_19830518/TCGA_DU_6400_19830518_4.tif,TCGA_DU_6400_19830518_4,empty,p26,train,none,790,-1,duplicate_of:TCGA_DU_6400_19830518_3,False,929e9b16587ca5e1,0,kaggle_3m/TCGA_DU_6400_19830518/TCGA_DU_6400_19830518_4_mask.tif,8
lgg_seg,lgg_seg,kaggle_3m/TCGA_DU_6400_19830518/TCGA_DU_6400_19830518_40.tif,TCGA_DU_6400_19830518_40,empty,p26,train,none,73,-1,duplicate_of:TCGA_CS_4944_20010208_19,False,59ec69866d169669,0,kaggle_3m/TCGA_DU_6400_19830518/TCGA_DU_6400_19830518_40_mask.tif,8
lgg_seg,lgg_seg,kaggle_3m/TCGA_DU_6400_19830518/TCGA_DU_6400_19830518_41.tif,TCGA_DU_6400_19830518_41,empty,p26,train,none,73,-1,duplicate_of:TCGA_CS_4944_20010208_19,False,59e46986ed169669,0,kaggle_3m/TCGA_DU_6400_19830518/TCGA_DU_6400_19830518_41_mask.tif,8
lgg_seg,lgg_seg,kaggle_3m/TCGA_DU_6400_19830518/TCGA_DU_6400_19830518_42.tif,TCGA_DU_6400_19830518_42,empty,p26,train,none,73,-1,duplicate_of:TCGA_CS_4944_20010208_19,False,19e47986e9169679,0,kaggle_3m/TCGA_DU_6400_19830518/TCGA_DU_6400_19830518_42_mask.tif,8
lgg_seg,lgg_seg,kaggle_3m/TCGA_DU_6400_19830518/TCGA_DU_6400_19830518_43.tif,TCGA_DU_6400_19830518_43,empty,p26,train,none,73,-1,duplicate_of:TCGA_CS_4944_20010208_19,False,996c718669969679,0,kaggle_3m/TCGA_DU_6400_19830518/TCGA_DU_6400_19830518_43_mask.tif,8
lgg_seg,lgg_seg,kaggle_3m/TCGA_DU_6400_19830518/TCGA_DU_6400_19830518_44.tif,TCGA_DU_6400_19830518_44,empty,p26,train,none,73,-1,duplicate_of:TCGA_CS_4944_20010208_19,False,996c738669969659,0,kaggle_3m/TCGA_DU_6400_19830518/TCGA_DU_6400_19830518_44_mask.tif,8
lgg_seg,lgg_seg,kaggle_3m/TCGA_DU_6400_19830518/TCGA_DU_6400_19830518_45.tif,TCGA_DU_6400_19830518_45,empty,p26,train,none,73,-1,duplicate_of:TCGA_CS_4944_20010208_19,False,996c5ba661969659,0,kaggle_3m/TCGA_DU_6400_19830518/TCGA_DU_6400_19830518_45_mask.tif,8
lgg_seg,lgg_seg,kaggle_3m/TCGA_DU_6400_19830518/TCGA_DU_6400_19830518_46.tif,TCGA_DU_6400_19830518_46,empty,p26,train,none,808,-1,,False,986c13a6e996b659,0,kaggle_3m/TCGA_DU_6400_19830518/TCGA_DU_6400_19830518_46_mask.tif,8
lgg_seg,lgg_seg,kaggle_3m/TCGA_DU_6400_19830518/TCGA_DU_6400_19830518_47.tif,TCGA_DU_6400_19830518_47,empty,p26,train,none,809,-1,,False,986193e66996a679,0,kaggle_3m/TCGA_DU_6400_19830518/TCGA_DU_6400_19830518_47_mask.tif,8
lgg_seg,lgg_seg,kaggle_3m/TCGA_DU_6400_19830518/TCGA_DU_6400_19830518_48.tif,TCGA_DU_6400_19830518_48,empty,p26,train,none,810,-1,,False,0c6b9b66e9962659,0,kaggle_3m/TCGA_DU_6400_19830518/TCGA_DU_6400_19830518_48_mask.tif,8
lgg_seg,lgg_seg,kaggle_3m/TCGA_DU_6400_19830518/TCGA_DU_6400_19830518_49.tif,TCGA_DU_6400_19830518_49,empty,p26,train,none,811,-1,,False,c4599966d9966659,0,kaggle_3m/TCGA_DU_6400_19830518/TCGA_DU_6400_19830518_49_mask.tif,8
lgg_seg,lgg_seg,kaggle_3m/TCGA_DU_6400_19830518/TCGA_DU_6400_19830518_5.tif,TCGA_DU_6400_19830518_5,empty,p26,train,none,812,-1,,False,9e96331e583ca5e1,0,kaggle_3m/TCGA_DU_6400_19830518/TCGA_DU_6400_19830518_5_mask.tif,8
lgg_seg,lgg_seg,kaggle_3m/TCGA_DU_6400_19830518/TCGA_DU_6400_19830518_50.tif,TCGA_DU_6400_19830518_50,empty,p26,train,none,813,-1,,False,66999c6699a66659,0,kaggle_3m/TCGA_DU_6400_19830518/TCGA_DU_6400_19830518_50_mask.tif,8
lgg_seg,lgg_seg,kaggle_3m/TCGA_DU_6400_19830518/TCGA_DU_6400_19830518_51.tif,TCGA_DU_6400_19830518_51,empty,p26,train,none,814,-1,,False,66996c6599a66659,0,kaggle_3m/TCGA_DU_6400_19830518/TCGA_DU_6400_19830518_51_mask.tif,8
lgg_seg,lgg_seg,kaggle_3m/TCGA_DU_6400_19830518/TCGA_DU_6400_19830518_52.tif,TCGA_DU_6400_19830518_52,empty,p26,train,none,815,-1,,False,9b9964699be66419,0,kaggle_3m/TCGA_DU_6400_19830518/TCGA_DU_6400_19830518_52_mask.tif,8
lgg_seg,lgg_seg,kaggle_3m/TCGA_DU_6400_19830518/TCGA_DU_6400_19830518_53.tif,TCGA_DU_6400_19830518_53,empty,p26,train,none,816,-1,,False,999e6119a666b999,0,kaggle_3m/TCGA_DU_6400_19830518/TCGA_DU_6400_19830518_53_mask.tif,8
lgg_seg,lgg_seg,kaggle_3m/TCGA_DU_6400_19830518/TCGA_DU_6400_19830518_54.tif,TCGA_DU_6400_19830518_54,empty,p26,train,none,817,-1,,False,cc6639996466b999,0,kaggle_3m/TCGA_DU_6400_19830518/TCGA_DU_6400_19830518_54_mask.tif,8
lgg_seg,lgg_seg,kaggle_3m/TCGA_DU_6400_19830518/TCGA_DU_6400_19830518_55.tif,TCGA_DU_6400_19830518_55,empty,p26,train,none,818,-1,,False,666699996466b999,0,kaggle_3m/TCGA_DU_6400_19830518/TCGA_DU_6400_19830518_55_mask.tif,8
lgg_seg,lgg_seg,kaggle_3m/TCGA_DU_6400_19830518/TCGA_DU_6400_19830518_56.tif,TCGA_DU_6400_19830518_56,empty,p26,train,none,818,-1,duplicate_of:TCGA_DU_6400_19830518_55,False,6c66999966669999,0,kaggle_3m/TCGA_DU_6400_19830518/TCGA_DU_6400_19830518_56_mask.tif,8
lgg_seg,lgg_seg,kaggle_3m/TCGA_DU_6400_19830518/TCGA_DU_6400_19830518_57.tif,TCGA_DU_6400_19830518_57,empty,p26,train,none,820,-1,,False,060edf1048054a0a,0,kaggle_3m/TCGA_DU_6400_19830518/TCGA_DU_6400_19830518_57_mask.tif,8
lgg_seg,lgg_seg,kaggle_3m/TCGA_DU_6400_19830518/TCGA_DU_6400_19830518_6.tif,TCGA_DU_6400_19830518_6,empty,p26,train,none,821,-1,,False,9c869b9c5a5ea1e1,0,kaggle_3m/TCGA_DU_6400_19830518/TCGA_DU_6400_19830518_6_mask.tif,8
lgg_seg,lgg_seg,kaggle_3m/TCGA_DU_6400_19830518/TCGA_DU_6400_19830518_7.tif,TCGA_DU_6400_19830518_7,empty,p26,train,none,822,-1,,False,9e86199e5a5ce1e1,0,kaggle_3m/TCGA_DU_6400_19830518/TCGA_DU_6400_19830518_7_mask.tif,8
lgg_seg,lgg_seg,kaggle_3m/TCGA_DU_6400_19830518/TCGA_DU_6400_19830518_8.tif,TCGA_DU_6400_19830518_8,empty,p26,train,none,823,-1,,False,98861e967a7c63e1,0,kaggle_3m/TCGA_DU_6400_19830518/TCGA_DU_6400_19830518_8_mask.tif,8
lgg_seg,lgg_seg,kaggle_3m/TCGA_DU_6400_19830518/TCGA_DU_6400_19830518_9.tif,TCGA_DU_6400_19830518_9,empty,p26,train,none,824,-1,,False,1c861e9e787ce361,0,kaggle_3m/TCGA_DU_6400_19830518/TCGA_DU_6400_19830518_9_mask.tif,8
lgg_seg,lgg_seg,kaggle_3m/TCGA_DU_6401_19831001/TCGA_DU_6401_19831001_1.tif,TCGA_DU_6401_19831001_1,empty,p27,train,none,825,-1,,False,0c96332cd3b667c3,0,kaggle_3m/TCGA_DU_6401_19831001/TCGA_DU_6401_19831001_1_mask.tif,9
lgg_seg,lgg_seg,kaggle_3m/TCGA_DU_6401_19831001/TCGA_DU_6401_19831001_10.tif,TCGA_DU_6401_19831001_10,empty,p27,train,none,826,-1,,False,368db93cd2d62961,0,kaggle_3m/TCGA_DU_6401_19831001/TCGA_DU_6401_19831001_10_mask.tif,9
lgg_seg,lgg_seg,kaggle_3m/TCGA_DU_6401_19831001/TCGA_DU_6401_19831001_11.tif,TCGA_DU_6401_19831001_11,empty,p27,train,none,827,-1,,False,924d3d3cd3d62561,0,kaggle_3m/TCGA_DU_6401_19831001/TCGA_DU_6401_19831001_11_mask.tif,9
lgg_seg,lgg_seg,kaggle_3m/TCGA_DU_6401_19831001/TCGA_DU_6401_19831001_12.tif,TCGA_DU_6401_19831001_12,empty,p27,train,none,828,-1,,False,92cd8c3cd2d62763,0,kaggle_3m/TCGA_DU_6401_19831001/TCGA_DU_6401_19831001_12_mask.tif,9
lgg_seg,lgg_seg,kaggle_3m/TCGA_DU_6401_19831001/TCGA_DU_6401_19831001_13.tif,TCGA_DU_6401_19831001_13,empty,p27,train,none,829,-1,,False,c3cf8c3c125c27e3,0,kaggle_3m/TCGA_DU_6401_19831001/TCGA_DU_6401_19831001_13_mask.tif,9
lgg_seg,lgg_seg,kaggle_3m/TCGA_DU_6401_19831001/TCGA_DU_6401_19831001_14.tif,TCGA_DU_6401_19831001_14,empty,p27,train,none,830,-1,,False,4bcfcc34385c27c3,0,kaggle_3m/TCGA_DU_6401_19831001/TCGA_DU_6401_19831001_14_mask.tif,9
lgg_seg,lgg_seg,kaggle_3m/TCGA_DU_6401_19831001/TCGA_DU_6401_19831001_15.tif,TCGA_DU_6401_19831001_15,empty,p27,train,none,831,-1,,False,d9cdcd36301c27e1,0,kaggle_3m/TCGA_DU_6401_19831001/TCGA_DU_6401_19831001_15_mask.tif,9
lgg_seg,lgg_seg,kaggle_3m/TCGA_DU_6401_19831001/TCGA_DU_6401_19831001_16.tif,TCGA_DU_6401_19831001_16,empty,p27,train,none,832,-1,,False,dbcf4d3c301c8743,0,kaggle_3m/TCGA_DU_6401_19831001/TCGA_DU_6401_19831001_16_mask.tif,9
lgg_seg,lgg_seg,kaggle_3m/TCGA_DU_6401_19831001/TCGA_DU_6401_19831001_17.tif,TCGA_DU_6401_19831001_17,empty,p27,train,none,833,-1,,False,c9c74dbc38968749,0,kaggle_3m/TCGA_DU_6401_19831001/TCGA_DU_6401_19831001_17_mask.tif,9
lgg_seg,lgg_seg,kaggle_3m/TCGA_DU_6401_19831001/TCGA_DU_6401_19831001_18.tif,TCGA_DU_6401_19831001_18,empty,p27,train,none,833,-1,duplicate_of:TCGA_DU_6401_19831001_17,False,c9c64dbc3816a7c9,0,kaggle_3m/TCGA_DU_6401_19831001/TCGA_DU_6401_19831001_18_mask.tif,9
lgg_seg,lgg_seg,kaggle_3m/TCGA_DU_6401_19831001/TCGA_DU_6401_19831001_19.tif,TCGA_DU_6401_19831001_19,tumor,p27,train,none,835,-1,,False,c9c66cac34b6a34b,53,kaggle_3m/TCGA_DU_6401_19831001/TCGA_DU_6401_19831001_19_mask.tif,9
lgg_seg,lgg_seg,kaggle_3m/TCGA_DU_6401_19831001/TCGA_DU_6401_19831001_2.tif,TCGA_DU_6401_19831001_2,empty,p27,train,none,836,-1,,False,1c86b52cd3366dc3,0,kaggle_3m/TCGA_DU_6401_19831001/TCGA_DU_6401_19831001_2_mask.tif,9
lgg_seg,lgg_seg,kaggle_3m/TCGA_DU_6401_19831001/TCGA_DU_6401_19831001_20.tif,TCGA_DU_6401_19831001_20,tumor,p27,train,none,837,-1,,False,598e2cacb6b4634b,386,kaggle_3m/TCGA_DU_6401_19831001/TCGA_DU_6401_19831001_20_mask.tif,9
lgg_seg,lgg_seg,kaggle_3m/TCGA_DU_6401_19831001/TCGA_DU_6401_19831001_21.tif,TCGA_DU_6401_19831001_21,tumor,p27,train,none,838,-1,,False,99861c2c7674e3cb,899,kaggle_3m/TCGA_DU_6401_19831001/TCGA_DU_6401_19831001_21_mask.tif,9
lgg_seg,lgg_seg,kaggle_3m/TCGA_DU_6401_19831001/TCGA_DU_6401_19831001_22.tif,TCGA_DU_6401_19831001_22,tumor,p27,train,none,839,-1,,False,388c998c6676f3c9,1890,kaggle_3m/TCGA_DU_6401_19831001/TCGA_DU_6401_19831001_22_mask.tif,9
lgg_seg,lgg_seg,kaggle_3m/TCGA_DU_6401_19831001/TCGA_DU_6401_19831001_23.tif,TCGA_DU_6401_19831001_23,tumor,p27,train,none,839,-1,duplicate_of:TCGA_DU_6401_19831001_22,False,398c998c6676d3c9,2785,kaggle_3m/TCGA_DU_6401_19831001/TCGA_DU_6401_19831001_23_mask.tif,9
lgg_seg,lgg_seg,kaggle_3m/TCGA_DU_6401_19831001/TCGA_DU_6401_19831001_24.tif,TCGA_DU_6401_19831001_24,tumor,p27,train,none,841,-1,,False,398c99266676d9c9,3852,kaggle_3m/TCGA_DU_6401_19831001/TCGA_DU_6401_19831001_24_mask.tif,9
lgg_seg,lgg_seg,kaggle_3m/TCGA_DU_6401_19831001/TCGA_DU_6401_19831001_25.tif,TCGA_DU_6401_19831001_25,tumor,p27,train,none,842,-1,,False,190e39a66676d9c9,4124,kaggle_3m/TCGA_DU_6401_19831001/TCGA_DU_6401_19831001_25_mask.tif,9
lgg_seg,lgg_seg,kaggle_3m/TCGA_DU_6401_19831001/TCGA_DU_6401_19831001_26.tif,TCGA_DU_6401_19831001_26,tumor,p27,train,none,843,-1,,False,3c2e19a62676d9c9,4472,kaggle_3m/TCGA_DU_6401_19831001/TCGA_DU_6401_19831001_26_mask.tif,9
lgg_seg,lgg_seg,kaggle_3m/TCGA_DU_6401_19831001/TCGA_DU_6401_19831001_27.tif,TCGA_DU_6401_19831001_27,tumor,p27,train,none,844,-1,,False,2c263ba6a636d9c9,4916,kaggle_3m/TCGA_DU_6401_19831001/TCGA_DU_6401_19831001_27_mask.tif,9
lgg_seg,lgg_seg,kaggle_3m/TCGA_DU_6401_19831001/TCGA_DU_6401_19831001_28.tif,TCGA_DU_6401_19831001_28,tumor,p27,train,none,844,-1,duplicate_of:TCGA_DU_6401_19831001_27,False,6c2633a6a636d9c9,5077,kaggle_3m/TCGA_DU_6401_19831001/TCGA_DU_6401_19831001_28_mask.tif,9
lgg_seg,lgg_seg,kaggle_3m/TCGA_DU_6401_19831001/TCGA_DU_6401_19831001_29.tif,TCGA_DU_6401_19831001_29,tumor,p27,train,none,844,-1,duplicate_of:TCGA_DU_6401_19831001_27,False,6c2633a6a636d9c9,5321,kaggle_3m/TCGA_DU_6401_19831001/TCGA_DU_6401_19831001_29_mask.tif,9
lgg_seg,lgg_seg,kaggle_3m/TCGA_DU_6401_19831001/TCGA_DU_6401_19831001_3.tif,TCGA_DU_6401_19831001_3,empty,p27,train,none,836,-1,duplicate_of:TCGA_DU_6401_19831001_2,False,1c86b32cd3366dc3,0,kaggle_3m/TCGA_DU_6401_19831001/TCGA_DU_6401_19831001_3_mask.tif,9
lgg_seg,lgg_seg,kaggle_3m/TCGA_DU_6401_19831001/TCGA_DU_6401_19831001_30.tif,TCGA_DU_6401_19831001_30,tumor,p27,train,none,844,-1,duplicate_of:TCGA_DU_6401_19831001_27,False,cc2633a6a636d9c9,5583,kaggle_3m/TCGA_DU_6401_19831001/TCGA_DU_6401_19831001_30_mask.tif,9
lgg_seg,lgg_seg,kaggle_3m/TCGA_DU_6401_19831001/TCGA_DU_6401_19831001_31.tif,TCGA_DU_6401_19831001_31,tumor,p27,train,none,849,-1,,False,d92666a6869ed949,5483,kaggle_3m/TCGA_DU_6401_19831001/TCGA_DU_6401_19831001_31_mask.tif,9
lgg_seg,lgg_seg,kaggle_3m/TCGA_DU_6401_19831001/TCGA_DU_6401_19831001_32.tif,TCGA_DU_6401_19831001_32,tumor,p27,train,none,849,-1,duplicate_of:TCGA_DU_6401_19831001_31,False,d9266626c69e99c9,5065,kaggle_3m/TCGA_DU_6401_19831001/TCGA_DU_6401_19831001_32_mask.tif,9
lgg_seg,lgg_seg,kaggle_3m/TCGA_DU_6401_19831001/TCGA_DU_6401_19831001_33.tif,TCGA_DU_6401_19831001_33,tumor,p27,train,none,851,-1,,False,d9262626e63699d9,4804,kaggle_3m/TCGA_DU_6401_19831001/TCGA_DU_6401_19831001_33_mask.tif,9
lgg_seg,lgg_seg,kaggle_3m/TCGA_DU_6401_19831001/TCGA_DU_6401_19831001_34.tif,TCGA_DU_6401_19831001_34,tumor,p27,train,none,851,-1,duplicate_of:TCGA_DU_6401_19831001_33,False,d9262626e63699d9,4528,kaggle_3m/TCGA_DU_6401_19831001/TCGA_DU_6401_19831001_34_mask.tif,9
lgg_seg,lgg_seg,kaggle_3m/TCGA_DU_6401_19831001/TCGA_DU_6401_19831001_35.tif,TCGA_DU_6401_19831001_35,tumor,p27,train,none,853,-1,,False,d8666326663699d9,4389,kaggle_3m/TCGA_DU_6401_19831001/TCGA_DU_6401_19831001_35_mask.tif,9
lgg_seg,lgg_seg,kaggle_3m/TCGA_DU_6401_19831001/TCGA_DU_6401_19831001_36.tif,TCGA_DU_6401_19831001_36,tumor,p27,train,none,853,-1,duplicate_of:TCGA_DU_6401_19831001_35,False,98667926663699d9,3874,kaggle_3m/TCGA_DU_6401_19831001/TCGA_DU_6401_19831001_36_mask.tif,9
lgg_seg,lgg_seg,kaggle_3m/TCGA_DU_6401_19831001/TCGA_DU_6401_19831001_37.tif,TCGA_DU_6401_19831001_37,tumor,p27,train,none,855,-1,,False,34c6d926663699d9,3149,kaggle_3m/TCGA_DU_6401_19831001/TCGA_DU_6401_19831001_37_mask.tif,9
lgg_seg,lgg_seg,kaggle_3m/TCGA_DU_6401_19831001/TCGA_DU_6401_19831001_38.tif,TCGA_DU_6401_19831001_38,tumor,p27,train,none,855,-1,duplicate_of:TCGA_DU_6401_19831001_37,False,34c6d926663699d9,2540,kaggle_3m/TCGA_DU_6401_19831001/TCGA_DU_6401_19831001_38_mask.tif,9
lgg_seg,lgg_seg,kaggle_3m/TCGA_DU_6401_19831001/TCGA_DU_6401_19831001_39.tif,TCGA_DU_6401_19831001_39,tumor,p27,train,none,855,-1,duplicate_of:TCGA_DU_6401_19831001_37,False,34ccd986663699d9,2348,kaggle_3m/TCGA_DU_6401_19831001/TCGA_DU_6401_19831001_39_mask.tif,9
lgg_seg,lgg_seg,kaggle_3m/TCGA_DU_6401_19831001/TCGA_DU_6401_19831001_4.tif,TCGA_DU_6401_19831001_4,empty,p27,train,none,836,-1,duplicate_of:TCGA_DU_6401_19831001_2,False,3c86313cd3366dc3,0,kaggle_3m/TCGA_DU_6401_19831001/TCGA_DU_6401_19831001_4_mask.tif,9
lgg_seg,lgg_seg,kaggle_3m/TCGA_DU_6401_19831001/TCGA_DU_6401_19831001_40.tif,TCGA_DU_6401_19831001_40,tumor,p27,train,none,855,-1,duplicate_of:TCGA_DU_6401_19831001_37,False,34c9d926663699d9,2172,kaggle_3m/TCGA_DU_6401_19831001/TCGA_DU_6401_19831001_40_mask.tif,9
lgg_seg,lgg_seg,kaggle_3m/TCGA_DU_6401_19831001/TCGA_DU_6401_19831001_41.tif,TCGA_DU_6401_19831001_41,tumor,p27,train,none,855,-1,duplicate_of:TCGA_DU_6401_19831001_37,False,34c9d986673698d9,1340,kaggle_3m/TCGA_DU_6401_19831001/TCGA_DU_6401_19831001_41_mask.tif,9
lgg_seg,lgg_seg,kaggle_3m/TCGA_DU_6401_19831001/TCGA_DU_6401_19831001_42.tif,TCGA_DU_6401_19831001_42,tumor,p27,train,none,855,-1,duplicate_of:TCGA_DU_6401_19831001_37,False,1cc9d9a6653698d9,839,kaggle_3m/TCGA_DU_6401_19831001/TCGA_DU_6401_19831001_42_mask.tif,9
lgg_seg,lgg_seg,kaggle_3m/TCGA_DU_6401_19831001/TCGA_DU_6401_19831001_43.tif,TCGA_DU_6401_19831001_43,tumor,p27,train,none,751,-1,,False,9c69d2a66d169659,288,kaggle_3m/TCGA_DU_6401_19831001/TCGA_DU_6401_19831001_43_mask.tif,9
lgg_seg,lgg_seg,kaggle_3m/TCGA_DU_6401_19831001/TCGA_DU_6401_19831001_44.tif,TCGA_DU_6401_19831001_44,empty,p27,train,none,751,-1,duplicate_of:TCGA_DU_6399_19830416_42,False,9c6952a669969679,0,kaggle_3m/TCGA_DU_6401_19831001/TCGA_DU_6401_19831001_44_mask.tif,9
lgg_seg,lgg_seg,kaggle_3m/TCGA_DU_6401_19831001/TCGA_DU_6401_19831001_45.tif,TCGA_DU_6401_19831001_45,empty,p27,train,none,751,-1,duplicate_of:TCGA_DU_6399_19830416_42,False,8c6952e669969679,0,kaggle_3m/TCGA_DU_6401_19831001/TCGA_DU_6401_19831001_45_mask.tif,9
lgg_seg,lgg_seg,kaggle_3m/TCGA_DU_6401_19831001/TCGA_DU_6401_19831001_46.tif,TCGA_DU_6401_19831001_46,empty,p27,train,none,751,-1,duplicate_of:TCGA_DU_6399_19830416_42,False,9e6952e669869659,0,kaggle_3m/TCGA_DU_6401_19831001/TCGA_DU_6401_19831001_46_mask.tif,9
lgg_seg,lgg_seg,kaggle_3m/TCGA_DU_6401_19831001/TCGA_DU_6401_19831001_47.tif,TCGA_DU_6401_19831001_47,empty,p27,train,none,866,-1,,False,9d59966669869659,0,kaggle_3m/TCGA_DU_6401_19831001/TCGA_DU_6401_19831001_47_mask.tif,9
lgg_seg,lgg_seg,kaggle_3m/TCGA_DU_6401_19831001/TCGA_DU_6401_19831001_48.tif,TCGA_DU_6401_19831001_48,empty,p27,train,none,866,-1,duplicate_of:TCGA_DU_6401_19831001_47,False,99d992666986b659,0,kaggle_3m/TCGA_DU_6401_19831001/TCGA_DU_6401_19831001_48_mask.tif,9
lgg_seg,lgg_seg,kaggle_3m/TCGA_DU_6401_19831001/TCGA_DU_6401_19831001_49.tif,TCGA_DU_6401_19831001_49,empty,p27,train,none,868,-1,,False,8c999a676986b659,0,kaggle_3m/TCGA_DU_6401_19831001/TCGA_DU_6401_19831001_49_mask.tif,9
lgg_seg,lgg_seg,kaggle_3m/TCGA_DU_6401_19831001/TCGA_DU_6401_19831001_5.tif,TCGA_DU_6401_19831001_5,empty,p27,train,none,869,-1,,False,3c86993cd27669c3,0,kaggle_3m/TCGA_DU_6401_19831001/TCGA_DU_6401_19831001_5_mask.tif,9
lgg_seg,lgg_seg,kaggle_3m/TCGA_DU_6401_19831001/TCGA_DU_6401_19831001_50.tif,TCGA_DU_6401_19831001_50,empty,p27,train,none,870,-1,,False,c6999963e3a62659,0,kaggle_3m/TCGA_DU_6401_19831001/TCGA_DU_6401_19831001_50_mask.tif,9
lgg_seg,lgg_seg,kaggle_3m/TCGA_DU_6401_19831001/TCGA_DU_6401_19831001_51.tif,TCGA_DU_6401_19831001_51,empty,p27,train,none,666,-1,duplicate_of:TCGA_DU_5872_19950223_64,False,66999c5973666499,0,kaggle_3m/TCGA_DU_6401_19831001/TCGA_DU_6401_19831001_51_mask.tif,9
lgg_seg,lgg_seg,kaggle_3m/TCGA_DU_6401_19831001/TCGA_DU_6401_19831001_6.tif,TCGA_DU_6401_19831001_6,empty,p27,train,none,869,-1,duplicate_of:TCGA_DU_6401_19831001_5,False,3c06993cf2d66963,0,kaggle_3m/TCGA_DU_6401_19831001/TCGA_DU_6401_19831001_6_mask.tif,9
lgg_seg,lgg_seg,kaggle_3m/TCGA_DU_6401_19831001/TCGA_DU_6401_19831001_7.tif,TCGA_DU_6401_19831001_7,empty,p27,train,none,869,-1,duplicate_of:TCGA_DU_6401_19831001_5,False,3c86993cd2d66963,0,kaggle_3m/TCGA_DU_6401_19831001/TCGA_DU_6401_19831001_7_mask.tif,9
lgg_seg,lgg_seg,kaggle_3m/TCGA_DU_6401_19831001/TCGA_DU_6401_19831001_8.tif,TCGA_DU_6401_19831001_8,empty,p27,train,none,869,-1,duplicate_of:TCGA_DU_6401_19831001_5,False,3c86893cd2de61e3,0,kaggle_3m/TCGA_DU_6401_19831001/TCGA_DU_6401_19831001_8_mask.tif,9
lgg_seg,lgg_seg,kaggle_3m/TCGA_DU_6401_19831001/TCGA_DU_6401_19831001_9.tif,TCGA_DU_6401_19831001_9,empty,p27,train,none,875,-1,,False,3686b93cd25e21e3,0,kaggle_3m/TCGA_DU_6401_19831001/TCGA_DU_6401_19831001_9_mask.tif,9
lgg_seg,lgg_seg,kaggle_3m/TCGA_DU_6404_19850629/TCGA_DU_6404_19850629_1.tif,TCGA_DU_6404_19850629_1,empty,p28,test,none,876,-1,,True,9c66b3861b96e469,0,kaggle_3m/TCGA_DU_6404_19850629/TCGA_DU_6404_19850629_1_mask.tif,0
lgg_seg,lgg_seg,kaggle_3m/TCGA_DU_6404_19850629/TCGA_DU_6404_19850629_10.tif,TCGA_DU_6404_19850629_10,empty,p28,test,none,877,-1,,True,996967869c1ee469,0,kaggle_3m/TCGA_DU_6404_19850629/TCGA_DU_6404_19850629_10_mask.tif,0
lgg_seg,lgg_seg,kaggle_3m/TCGA_DU_6404_19850629/TCGA_DU_6404_19850629_11.tif,TCGA_DU_6404_19850629_11,empty,p28,test,none,877,-1,duplicate_of:TCGA_DU_6404_19850629_10,True,996963869c1ee669,0,kaggle_3m/TCGA_DU_6404_19850629/TCGA_DU_6404_19850629_11_mask.tif,0
lgg_seg,lgg_seg,kaggle_3m/TCGA_DU_6404_19850629/TCGA_DU_6404_19850629_12.tif,TCGA_DU_6404_19850629_12,empty,p28,test,none,877,-1,duplicate_of:TCGA_DU_6404_19850629_10,True,996963869c1e6679,0,kaggle_3m/TCGA_DU_6404_19850629/TCGA_DU_6404_19850629_12_mask.tif,0
lgg_seg,lgg_seg,kaggle_3m/TCGA_DU_6404_19850629/TCGA_DU_6404_19850629_13.tif,TCGA_DU_6404_19850629_13,empty,p28,test,none,877,-1,duplicate_of:TCGA_DU_6404_19850629_10,True,b86d6386981ee669,0,kaggle_3m/TCGA_DU_6404_19850629/TCGA_DU_6404_19850629_13_mask.tif,0
lgg_seg,lgg_seg,kaggle_3m/TCGA_DU_6404_19850629/TCGA_DU_6404_19850629_14.tif,TCGA_DU_6404_19850629_14,empty,p28,test,none,881,-1,,True,79ec67861c16c669,0,kaggle_3m/TCGA_DU_6404_19850629/TCGA_DU_6404_19850629_14_mask.tif,0
lgg_seg,lgg_seg,kaggle_3m/TCGA_DU_6404_19850629/TCGA_DU_6404_19850629_15.tif,TCGA_DU_6404_19850629_15,empty,p28,test,none,882,-1,,True,69266686999ee669,0,kaggle_3m/TCGA_DU_6404_19850629/TCGA_DU_6404_19850629_15_mask.tif,0
lgg_seg,lgg_seg,kaggle_3m/TCGA_DU_6404_19850629/TCGA_DU_6404_19850629_16.tif,TCGA_DU_6404_19850629_16,empty,p28,test,none,883,-1,,True,63a626a6999ec669,0,kaggle_3m/TCGA_DU_6404_19850629/TCGA_DU_6404_19850629_16_mask.tif,0
lgg_seg,lgg_seg,kaggle_3m/TCGA_DU_6404_19850629/TCGA_DU_6404_19850629_17.tif,TCGA_DU_6404_19850629_17,empty,p28,test,none,884,-1,,True,a3a68ca6391ee669,0,kaggle_3m/TCGA_DU_6404_19850629/TCGA_DU_6404_19850629_17_mask.tif,0
lgg_seg,lgg_seg,kaggle_3m/TCGA_DU_6404_19850629/TCGA_DU_6404_19850629_18.tif,TCGA_DU_6404_19850629_18,empty,p28,test,none,885,-1,,True,a3269ca64996b679,0,kaggle_3m/TCGA_DU_6404_19850629/TCGA_DU_6404_19850629_18_mask.tif,0
lgg_seg,lgg_seg,kaggle_3m/TCGA_DU_6404_19850629/TCGA_DU_6404_19850629_19.tif,TCGA_DU_6404_19850629_19,empty,p28,test,none,886,-1,,True,9b2619a663169e79,0,kaggle_3m/TCGA_DU_6404_19850629/TCGA_DU_6404_19850629_19_mask.tif,0
lgg_seg,lgg_seg,kaggle_3m/TCGA_DU_6404_19850629/TCGA_DU_6404_19850629_2.tif,TCGA_DU_6404_19850629_2,empty,p28,test,none,887,-1,,True,99669b863296cd69,0,kaggle_3m/TCGA_DU_6404_19850629/TCGA_DU_6404_19850629_2_mask.tif,0
lgg_seg,lgg_seg,kaggle_3m/TCGA_DU_6404_19850629/TCGA_DU_6404_19850629_20.tif,TCGA_DU_6404_19850629_20,empty,p28,test,none,888,-1,,True,f12699a665169679,0,kaggle_3m/TCGA_DU_6404_19850629/TCGA_DU_6404_19850629_20_mask.tif,0
lgg_seg,lgg_seg,kaggle_3m/TCGA_DU_6404_19850629/TCGA_DU_6404_19850629_21.tif,TCGA_DU_6404_19850629_21,empty,p28,test,none,888,-1,duplicate_of:TCGA_DU_6404_19850629_20,True,b32619a66d169679,0,kaggle_3m/TCGA_DU_6404_19850629/TCGA_DU_6404_19850629_21_mask.tif,0
lgg_seg,lgg_seg,kaggle_3m/TCGA_DU_6404_19850629/TCGA_DU_6404_19850629_22.tif,TCGA_DU_6404_19850629_22,empty,p28,test,none,890,-1,,True,33a699a6651e1679,0,kaggle_3m/TCGA_DU_6404_19850629/TCGA_DU_6404_19850629_22_mask.tif,0
lgg_seg,lgg_seg,kaggle_3m/TCGA_DU_6404_19850629/TCGA_DU_6404_19850629_23.tif,TCGA_DU_6404_19850629_23,empty,p28,test,none,891,-1,,True,5966998665969679,0,kaggle_3m/TCGA_DU_6404_19850629/TCGA_DU_6404_19850629_23_mask.tif,0
lgg_seg,lgg_seg,kaggle_3m/TCGA_DU_6404_19850629/TCGA_DU_6404_19850629_24.tif,TCGA_DU_6404_19850629_24,empty,p28,test,none,892,-1,,True,d966598667961479,0,kaggle_3m/TCGA_DU_6404_19850629/TCGA_DU_6404_19850629_24_mask.tif,0
lgg_seg,lgg_seg,kaggle_3m/TCGA_DU_6404_19850629/TCGA_DU_6404_19850629_25.tif,TCGA_DU_6404_19850629_25,empty,p28,test,none,892,-1,duplicate_of:TCGA_DU_6404_19850629_24,True,51665986679e1679,0,kaggle_3m/TCGA_DU_6404_19850629/TCGA_DU_6404_19850629_25_mask.tif,0
lgg_seg,lgg_seg,kaggle_3m/TCGA_DU_6404_19850629/TCGA_DU_6404_19850629_26.tif,TCGA_DU_6404_19850629_26,empty,p28,test,none,894,-1,,True,33e64986e5961679,0,kaggle_3m/TCGA_DU_6404_19850629/TCGA_DU_6404_19850629_26_mask.tif,0
lgg_seg,lgg_seg,kaggle_3m/TCGA_DU_6404_19850629/TCGA_DU_6404_19850629_27.tif,TCGA_DU_6404_19850629_27,empty,p28,test,none,894,-1,duplicate_of:TCGA_DU_6404_19850629_26,True,33e649a6a1969679,0,kaggle_3m/TCGA_DU_6404_19850629/TCGA_DU_6404_19850629_27_mask.tif,0
lgg_seg,lgg_seg,kaggle_3m/TCGA_DU_6404_19850629/TCGA_DU_6404_19850629_28.tif,TCGA_DU_6404_19850629_28,empty,p28,test,none,896,-1,,True,39c669a6819e9679,0,kaggle_3m/TCGA_DU_6404_19850629/TCGA_DU_6404_19850629_28_mask.tif,0
lgg_seg,lgg_seg,kaggle_3m/TCGA_DU_6404_19850629/TCGA_DU_6404_19850629_29.tif,TCGA_DU_6404_19850629_29,tumor,p28,test,none,897,-1,,True,13cc68a6e19e9679,493,kaggle_3m/TCGA_DU_6404_19850629/TCGA_DU_6404_19850629_29_mask.tif,0
lgg_seg,lgg_seg,kaggle_3m/TCGA_DU_6404_19850629/TCGA_DU_6404_19850629_3.tif,TCGA_DU_6404_19850629_3,empty,p28,test,none,898,-1,,True,d866998e739e8c61,0,kaggle_3m/TCGA_DU_6404_19850629/TCGA_DU_6404_19850629_3_mask.tif,0
lgg_seg,lgg_seg,kaggle_3m/TCGA_DU_6404_19850629/TCGA_DU_6404_19850629_30.tif,TCGA_DU_6404_19850629_30,tumor,p28,test,none,899,-1,,True,b3cc48a6e19e9c71,1056,kaggle_3m/TCGA_DU_6404_19850629/TCGA_DU_6404_19850629_30_mask.tif,0
lgg_seg,lgg_seg,kaggle_3m/TCGA_DU_6404_19850629/TCGA_DU_6404_19850629_31.tif,TCGA_DU_6404_19850629_31,tumor,p28,test,none,900,-1,,True,734c58a6e31e9c71,1390,kaggle_3m/TCGA_DU_6404_19850629/TCGA_DU_6404_19850629_31_mask.tif,0
lgg_seg,lgg_seg,kaggle_3m/TCGA_DU_6404_19850629/TCGA_DU_6404_19850629_32.tif,TCGA_DU_6404_19850629_32,tumor,p28,test,none,900,-1,duplicate_of:TCGA_DU_6404_19850629_31,True,736c58a6e11e9c71,1813,kaggle_3m/TCGA_DU_6404_19850629/TCGA_DU_6404_19850629_32_mask.tif,0
lgg_seg,lgg_seg,kaggle_3m/TCGA_DU_6404_19850629/TCGA_DU_6404_19850629_33.tif,TCGA_DU_6404_19850629_33,tumor,p28,test,none,900,-1,duplicate_of:TCGA_DU_6404_19850629_31,True,336c58a6e31e9c71,1891,kaggle_3m/TCGA_DU_6404_19850629/TCGA_DU_6404_19850629_33_mask.tif,0
lgg_seg,lgg_seg,kaggle_3m/TCGA_DU_6404_19850629/TCGA_DU_6404_19850629_34.tif,TCGA_DU_6404_19850629_34,tumor,p28,test,none,900,-1,duplicate_of:TCGA_DU_6404_19850629_31,True,336c58a6e31e9c71,1920,kaggle_3m/TCGA_DU_6404_19850629/TCGA_DU_6404_19850629_34_mask.tif,0
lgg_seg,lgg_seg,kaggle_3m/TCGA_DU_6404_19850629/TCGA_DU_6404_19850629_35.tif,TCGA_DU_6404_19850629_35,tumor,p28,test,none,900,-1,duplicate_of:TCGA_DU_6404_19850629_31,True,336c58a6e31e9c71,1922,kaggle_3m/TCGA_DU_6404_19850629/TCGA_DU_6404_19850629_35_mask.tif,0
lgg_seg,lgg_seg,kaggle_3m/TCGA_DU_6404_19850629/TCGA_DU_6404_19850629_36.tif,TCGA_DU_6404_19850629_36,tumor,p28,test,none,900,-1,duplicate_of:TCGA_DU_6404_19850629_31,True,b36c5986e31c9c71,1820,kaggle_3m/TCGA_DU_6404_19850629/TCGA_DU_6404_19850629_36_mask.tif,0
lgg_seg,lgg_seg,kaggle_3m/TCGA_DU_6404_19850629/TCGA_DU_6404_19850629_37.tif,TCGA_DU_6404_19850629_37,tumor,p28,test,none,906,-1,,True,936459e6e31e1c71,1622,kaggle_3m/TCGA_DU_6404_19850629/TCGA_DU_6404_19850629_37_mask.tif,0
lgg_seg,lgg_seg,kaggle_3m/TCGA_DU_6404_19850629/TCGA_DU_6404_19850629_38.tif,TCGA_DU_6404_19850629_38,tumor,p28,test,none,907,-1,,True,936359e4e38e1c71,1342,kaggle_3m/TCGA_DU_6404_19850629/TCGA_DU_6404_19850629_38_mask.tif,0
lgg_seg,lgg_seg,kaggle_3m/TCGA_DU_6404_19850629/TCGA_DU_6404_19850629_39.tif,TCGA_DU_6404_19850629_39,tumor,p28,test,none,907,-1,duplicate_of:TCGA_DU_6404_19850629_38,True,936319e6e38e1c71,1097,kaggle_3m/TCGA_DU_6404_19850629/TCGA_DU_6404_19850629_39_mask.tif,0
lgg_seg,lgg_seg,kaggle_3m/TCGA_DU_6404_19850629/TCGA_DU_6404_19850629_4.tif,TCGA_DU_6404_19850629_4,empty,p28,test,none,909,-1,,True,39e4d986d61e8c69,0,kaggle_3m/TCGA_DU_6404_19850629/TCGA_DU_6404_19850629_4_mask.tif,0
lgg_seg,lgg_seg,kaggle_3m/TCGA_DU_6404_19850629/TCGA_DU_6404_19850629_40.tif,TCGA_DU_6404_19850629_40,tumor,p28,test,none,907,-1,duplicate_of:TCGA_DU_6404_19850629_38,True,936318e6e38e9c71,842,kaggle_3m/TCGA_DU_6404_19850629/TCGA_DU_6404_19850629_40_mask.tif,0
lgg_seg,lgg_seg,kaggle_3m/TCGA_DU_6404_19850629/TCGA_DU_6404_19850629_41.tif,TCGA_DU_6404_19850629_41,tumor,p28,test,none,907,-1,duplicate_of:TCGA_DU_6404_19850629_38,True,936318e6e38e9c71,649,kaggle_3m/TCGA_DU_6404_19850629/TCGA_DU_6404_19850629_41_mask.tif,0
lgg_seg,lgg_seg,kaggle_3m/TCGA_DU_6404_19850629/TCGA_DU_6404_19850629_42.tif,TCGA_DU_6404_19850629_42,tumor,p28,test,none,912,-1,,True,b6631866638e9c79,372,kaggle_3m/TCGA_DU_6404_19850629/TCGA_DU_6404_19850629_42_mask.tif,0
lgg_seg,lgg_seg,kaggle_3m/TCGA_DU_6404_19850629/TCGA_DU_6404_19850629_43.tif,TCGA_DU_6404_19850629_43,tumor,p28,test,none,913,-1,,True,b649986763868e79,133,kaggle_3m/TCGA_DU_6404_19850629/TCGA_DU_6404_19850629_43_mask.tif,0
lgg_seg,lgg_seg,kaggle_3m/TCGA_DU_6404_19850629/TCGA_DU_6404_19850629_44.tif,TCGA_DU_6404_19850629_44,tumor,p28,test,none,914,-1,,True,9c493a6763868e79,37,kaggle_3m/TCGA_DU_6404_19850629/TCGA_DU_6404_19850629_44_mask.tif,0
lgg_seg,lgg_seg,kaggle_3m/TCGA_DU_6404_19850629/TCGA_DU_6404_19850629_45.tif,TCGA_DU_6404_19850629_45,empty,p28,test,none,915,-1,,True,9c591a67738e8c71,0,kaggle_3m/TCGA_DU_6404_19850629/TCGA_DU_6404_19850629_45_mask.tif,0
lgg_seg,lgg_seg,kaggle_3m/TCGA_DU_6404_19850629/TCGA_DU_6404_19850629_46.tif,TCGA_DU_6404_19850629_46,empty,p28,test,none,916,-1,,True,8e991867738e8e71,0,kaggle_3m/TCGA_DU_6404_19850629/TCGA_DU_6404_19850629_46_mask.tif,0
lgg_seg,lgg_seg,kaggle_3m/TCGA_DU_6404_19850629/TCGA_DU_6404_19850629_47.tif,TCGA_DU_6404_19850629_47,empty,p28,test,none,917,-1,,True,ce99196373868e59,0,kaggle_3m/TCGA_DU_6404_19850629/TCGA_DU_6404_19850629_47_mask.tif,0
lgg_seg,lgg_seg,kaggle_3m/TCGA_DU_6404_19850629/TCGA_DU_6404_19850629_48.tif,TCGA_DU_6404_19850629_48,empty,p28,test,none,73,-1,duplicate_of:TCGA_CS_4944_20010208_19,True,6699986b73a68e19,0,kaggle_3m/TCGA_DU_6404_19850629/TCGA_DU_6404_19850629_48_mask.tif,0
lgg_seg,lgg_seg,kaggle_3m/TCGA_DU_6404_19850629/TCGA_DU_6404_19850629_49.tif,TCGA_DU_6404_19850629_49,empty,p28,test,none,758,-1,duplicate_of:TCGA_DU_6399_19830416_49,True,669b8c193366ce99,0,kaggle_3m/TCGA_DU_6404_19850629/TCGA_DU_6404_19850629_49_mask.tif,0
lgg_seg,lgg_seg,kaggle_3m/TCGA_DU_6404_19850629/TCGA_DU_6404_19850629_5.tif,TCGA_DU_6404_19850629_5,empty,p28,test,none,920,-1,,True,38cc6386de16a6e9,0,kaggle_3m/TCGA_DU_6404_19850629/TCGA_DU_6404_19850629_5_mask.tif,0
lgg_seg,lgg_seg,kaggle_3m/TCGA_DU_6404_19850629/TCGA_DU_6404_19850629_50.tif,TCGA_DU_6404_19850629_50,empty,p28,test,none,921,-1,,True,3366cc993366cc99,0,kaggle_3m/TCGA_DU_6404_19850629/TCGA_DU_6404_19850629_50_mask.tif,0
lgg_seg,lgg_seg,kaggle_3m/TCGA_DU_6404_19850629/TCGA_DU_6404_19850629_51.tif,TCGA_DU_6404_19850629_51,empty,p28,test,none,921,-1,duplicate_of:TCGA_DU_6404_19850629_50,True,3366cc993366cc99,0,kaggle_3m/TCGA_DU_6404_19850629/TCGA_DU_6404_19850629_51_mask.tif,0
lgg_seg,lgg_seg,kaggle_3m/TCGA_DU_6404_19850629/TCGA_DU_6404_19850629_52.tif,TCGA_DU_6404_19850629_52,empty,p28,test,none,921,-1,duplicate_of:TCGA_DU_6404_19850629_50,True,3366cd9833668d99,0,kaggle_3m/TCGA_DU_6404_19850629/TCGA_DU_6404_19850629_52_mask.tif,0
lgg_seg,lgg_seg,kaggle_3m/TCGA_DU_6404_19850629/TCGA_DU_6404_19850629_53.tif,TCGA_DU_6404_19850629_53,empty,p28,test,none,924,-1,,True,9a1a845265731128,0,kaggle_3m/TCGA_DU_6404_19850629/TCGA_DU_6404_19850629_53_mask.tif,0
lgg_seg,lgg_seg,kaggle_3m/TCGA_DU_6404_19850629/TCGA_DU_6404_19850629_6.tif,TCGA_DU_6404_19850629_6,empty,p28,test,none,920,-1,duplicate_of:TCGA_DU_6404_19850629_5,True,98cc6386dc1ea6e9,0,kaggle_3m/TCGA_DU_6404_19850629/TCGA_DU_6404_19850629_6_mask.tif,0
lgg_seg,lgg_seg,kaggle_3m/TCGA_DU_6404_19850629/TCGA_DU_6404_19850629_7.tif,TCGA_DU_6404_19850629_7,empty,p28,test,none,877,-1,duplicate_of:TCGA_DU_6404_19850629_10,True,d96d6386981ea669,0,kaggle_3m/TCGA_DU_6404_19850629/TCGA_DU_6404_19850629_7_mask.tif,0
lgg_seg,lgg_seg,kaggle_3m/TCGA_DU_6404_19850629/TCGA_DU_6404_19850629_8.tif,TCGA_DU_6404_19850629_8,empty,p28,test,none,877,-1,duplicate_of:TCGA_DU_6404_19850629_10,True,596967869e1e8c69,0,kaggle_3m/TCGA_DU_6404_19850629/TCGA_DU_6404_19850629_8_mask.tif,0
lgg_seg,lgg_seg,kaggle_3m/TCGA_DU_6404_19850629/TCGA_DU_6404_19850629_9.tif,TCGA_DU_6404_19850629_9,empty,p28,test,none,877,-1,duplicate_of:TCGA_DU_6404_19850629_10,True,596967869c1ea669,0,kaggle_3m/TCGA_DU_6404_19850629/TCGA_DU_6404_19850629_9_mask.tif,0
lgg_seg,lgg_seg,kaggle_3m/TCGA_DU_6405_19851005/TCGA_DU_6405_19851005_1.tif,TCGA_DU_6405_19851005_1,empty,p6,train,none,929,-1,,False,c9c6a62c3c96e369,0,kaggle_3m/TCGA_DU_6405_19851005/TCGA_DU_6405_19851005_1_mask.tif,2
lgg_seg,lgg_seg,kaggle_3m/TCGA_DU_6405_19851005/TCGA_DU_6405_19851005_10.tif,TCGA_DU_6405_19851005_10,empty,p6,train,none,930,-1,,False,dbc669143cb6c649,0,kaggle_3m/TCGA_DU_6405_19851005/TCGA_DU_6405_19851005_10_mask.tif,2
lgg_seg,lgg_seg,kaggle_3m/TCGA_DU_6405_19851005/TCGA_DU_6405_19851005_11.tif,TCGA_DU_6405_19851005_11,empty,p6,train,none,931,-1,,False,d9c663163c74c64b,0,kaggle_3m/TCGA_DU_6405_19851005/TCGA_DU_6405_19851005_11_mask.tif,2
lgg_seg,lgg_seg,kaggle_3m/TCGA_DU_6405_19851005/TCGA_DU_6405_19851005_12.tif,TCGA_DU_6405_19851005_12,empty,p6,train,none,932,-1,,False,c8c643363c7cc6cb,0,kaggle_3m/TCGA_DU_6405_19851005/TCGA_DU_6405_19851005_12_mask.tif,2
lgg_seg,lgg_seg,kaggle_3m/TCGA_DU_6405_19851005/TCGA_DU_6405_19851005_13.tif,TCGA_DU_6405_19851005_13,empty,p6,train,none,933,-1,,False,58c7c3863c7c86cb,0,kaggle_3m/TCGA_DU_6405_19851005/TCGA_DU_6405_19851005_13_mask.tif,2
lgg_seg,lgg_seg,kaggle_3m/TCGA_DU_6405_19851005/TCGA_DU_6405_19851005_14.tif,TCGA_DU_6405_19851005_14,empty,p6,train,none,934,-1,,False,7149c9863c7cc6cb,0,kaggle_3m/TCGA_DU_6405_19851005/TCGA_DU_6405_19851005_14_mask.tif,2
lgg_seg,lgg_seg,kaggle_3m/TCGA_DU_6405_19851005/TCGA_DU_6405_19851005_15.tif,TCGA_DU_6405_19851005_15,empty,p6,train,none,935,-1,,False,d369c9863c3cc64b,0,kaggle_3m/TCGA_DU_6405_19851005/TCGA_DU_6405_19851005_15_mask.tif,2
lgg_seg,lgg_seg,kaggle_3m/TCGA_DU_6405_19851005/TCGA_DU_6405_19851005_16.tif,TCGA_DU_6405_19851005_16,empty,p6,train,none,935,-1,duplicate_of:TCGA_DU_6405_19851005_15,False,d3c949863c3ce64b,0,kaggle_3m/TCGA_DU_6405_19851005/TCGA_DU_6405_19851005_16_mask.tif,2
lgg_seg,lgg_seg,kaggle_3m/TCGA_DU_6405_19851005/TCGA_DU_6405_19851005_17.tif,TCGA_DU_6405_19851005_17,empty,p6,train,none,937,-1,,False,d3c94926363ce6c3,0,kaggle_3m/TCGA_DU_6405_19851005/TCGA_DU_6405_19851005_17_mask.tif,2
lgg_seg,lgg_seg,kaggle_3m/TCGA_DU_6405_19851005/TCGA_DU_6405_19851005_18.tif,TCGA_DU_6405_19851005_18,empty,p6,train,none,937,-1,duplicate_of:TCGA_DU_6405_19851005_17,False,d3cd4906b63c66c3,0,kaggle_3m/TCGA_DU_6405_19851005/TCGA_DU_6405_19851005_18_mask.tif,2
lgg_seg,lgg_seg,kaggle_3m/TCGA_DU_6405_19851005/TCGA_DU_6405_19851005_19.tif,TCGA_DU_6405_19851005_19,empty,p6,train,none,939,-1,,False,d3c64d0c341cf6e3,0,kaggle_3m/TCGA_DU_6405_19851005/TCGA_DU_6405_19851005_19_mask.tif,2
lgg_seg,lgg_seg,kaggle_3m/TCGA_DU_6405_19851005/TCGA_DU_6405_19851005_2.tif,TCGA_DU_6405_19851005_2,empty,p6,train,none,940,-1,,False,cbe61926399ce649,0,kaggle_3m/TCGA_DU_6405_19851005/TCGA_DU_6405_19851005_2_mask.tif,2
lgg_seg,lgg_seg,kaggle_3m/TCGA_DU_6405_19851005/TCGA_DU_6405_19851005_20.tif,TCGA_DU_6405_19851005_20,empty,p6,train,none,941,-1,,False,dbcc4d0c243cf6c3,0,kaggle_3m/TCGA_DU_6405_19851005/TCGA_DU_6405_19851005_20_mask.tif,2
lgg_seg,lgg_seg,kaggle_3m/TCGA_DU_6405_19851005/TCGA_DU_6405_19851005_21.tif,TCGA_DU_6405_19851005_21,empty,p6,train,none,942,-1,,False,d98c6c3e24b4d6c3,0,kaggle_3m/TCGA_DU_6405_19851005/TCGA_DU_6405_19851005_21_mask.tif,2
lgg_seg,lgg_seg,kaggle_3m/TCGA_DU_6405_19851005/TCGA_DU_6405_19851005_22.tif,TCGA_DU_6405_19851005_22,empty,p6,train,none,942,-1,duplicate_of:TCGA_DU_6405_19851005_21,False,db0c2c3e24b4d6cb,0,kaggle_3m/TCGA_DU_6405_19851005/TCGA_DU_6405_19851005_22_mask.tif,2
lgg_seg,lgg_seg,kaggle_3m/TCGA_DU_6405_19851005/TCGA_DU_6405_19851005_23.tif,TCGA_DU_6405_19851005_23,empty,p6,train,none,942,-1,duplicate_of:TCGA_DU_6405_19851005_21,False,d90c2c36a4bcd6cb,0,kaggle_3m/TCGA_DU_6405_19851005/TCGA_DU_6405_19851005_23_mask.tif,2
lgg_seg,lgg_seg,kaggle_3m/TCGA_DU_6405_19851005/TCGA_DU_6405_19851005_24.tif,TCGA_DU_6405_19851005_24,empty,p6,train,none,945,-1,,False,c90c293eadb4f643,0,kaggle_3m/TCGA_DU_6405_19851005/TCGA_DU_6405_19851005_24_mask.tif,2
lgg_seg,lgg_seg,kaggle_3m/TCGA_DU_6405_19851005/TCGA_DU_6405_19851005_25.tif,TCGA_DU_6405_19851005_25,empty,p6,train,none,10,-1,duplicate_of:TCGA_CS_4941_19960909_19,False,c90c691e2dbcb6c3,0,kaggle_3m/TCGA_DU_6405_19851005/TCGA_DU_6405_19851005_25_mask.tif,2
lgg_seg,lgg_seg,kaggle_3m/TCGA_DU_6405_19851005/TCGA_DU_6405_19851005_26.tif,TCGA_DU_6405_19851005_26,empty,p6,train,none,10,-1,duplicate_of:TCGA_CS_4941_19960909_19,False,c90c691e2dbcb6c3,0,kaggle_3m/TCGA_DU_6405_19851005/TCGA_DU_6405_19851005_26_mask.tif,2
lgg_seg,lgg_seg,kaggle_3m/TCGA_DU_6405_19851005/TCGA_DU_6405_19851005_27.tif,TCGA_DU_6405_19851005_27,empty,p6,train,none,10,-1,duplicate_of:TCGA_CS_4941_19960909_19,False,c98c491e2dbcb6c3,0,kaggle_3m/TCGA_DU_6405_19851005/TCGA_DU_6405_19851005_27_mask.tif,2
lgg_seg,lgg_seg,kaggle_3m/TCGA_DU_6405_19851005/TCGA_DU_6405_19851005_28.tif,TCGA_DU_6405_19851005_28,empty,p6,train,none,949,-1,,False,498ccb0e2d7cb6c3,0,kaggle_3m/TCGA_DU_6405_19851005/TCGA_DU_6405_19851005_28_mask.tif,2
lgg_seg,lgg_seg,kaggle_3m/TCGA_DU_6405_19851005/TCGA_DU_6405_19851005_29.tif,TCGA_DU_6405_19851005_29,empty,p6,train,none,10,-1,duplicate_of:TCGA_CS_4941_19960909_19,False,c9cc490e2dbcb6c3,0,kaggle_3m/TCGA_DU_6405_19851005/TCGA_DU_6405_19851005_29_mask.tif,2
lgg_seg,lgg_seg,kaggle_3m/TCGA_DU_6405_19851005/TCGA_DU_6405_19851005_3.tif,TCGA_DU_6405_19851005_3,empty,p6,train,none,951,-1,,False,d9c65924389ce66b,0,kaggle_3m/TCGA_DU_6405_19851005/TCGA_DU_6405_19851005_3_mask.tif,2
lgg_seg,lgg_seg,kaggle_3m/TCGA_DU_6405_19851005/TCGA_DU_6405_19851005_30.tif,TCGA_DU_6405_19851005_30,empty,p6,train,none,10,-1,duplicate_of:TCGA_CS_4941_19960909_19,False,d9cc490e2d3cb6c3,0,kaggle_3m/TCGA_DU_6405_19851005/TCGA_DU_6405_19851005_30_mask.tif,2
lgg_seg,lgg_seg,kaggle_3m/TCGA_DU_6405_19851005/TCGA_DU_6405_19851005_31.tif,TCGA_DU_6405_19851005_31,empty,p6,train,none,10,-1,duplicate_of:TCGA_CS_4941_19960909_19,False,db8e490c2d3cb6c3,0,kaggle_3m/TCGA_DU_6405_19851005/TCGA_DU_6405_19851005_31_mask.tif,2
lgg_seg,lgg_seg,kaggle_3m/TCGA_DU_6405_19851005/TCGA_DU_6405_19851005_32.tif,TCGA_DU_6405_19851005_32,empty,p6,train,none,10,-1,duplicate_of:TCGA_CS_4941_19960909_19,False,d38e490e2d3cb6c3,0,kaggle_3m/TCGA_DU_6405_19851005/TCGA_DU_6405_19851005_32_mask.tif,2
lgg_seg,lgg_seg,kaggle_3m/TCGA_DU_6405_19851005/TCGA_DU_6405_19851005_33.tif,TCGA_DU_6405_19851005_33,empty,p6,train,none,10,-1,duplicate_of:TCGA_CS_4941_19960909_19,False,db8e490c2d3cb6c3,0,kaggle_3m/TCGA_DU_6405_19851005/TCGA_DU_6405_19851005_33_mask.tif,2
lgg_seg,lgg_seg,kaggle_3m/TCGA_DU_6405_19851005/TCGA_DU_6405_19851005_34.tif,TCGA_DU_6405_19851005_34,empty,p6,train,none,10,-1,duplicate_of:TCGA_CS_4941_19960909_19,False,db8e490c2d3cb6c3,0,kaggle_3m/TCGA_DU_6405_19851005/TCGA_DU_6405_19851005_34_mask.tif,2
lgg_seg,lgg_seg,kaggle_3m/TCGA_DU_6405_19851005/TCGA_DU_6405_19851005_35.tif,TCGA_DU_6405_19851005_35,empty,p6,train,none,10,-1,duplicate_of:TCGA_CS_4941_19960909_19,False,db8e490c2d3cb6c3,0,kaggle_3m/TCGA_DU_6405_19851005/TCGA_DU_6405_19851005_35_mask.tif,2
lgg_seg,lgg_seg,kaggle_3m/TCGA_DU_6405_19851005/TCGA_DU_6405_19851005_36.tif,TCGA_DU_6405_19851005_36,empty,p6,train,none,10,-1,duplicate_of:TCGA_CS_4941_19960909_19,False,d38e490c2dbcb6c3,0,kaggle_3m/TCGA_DU_6405_19851005/TCGA_DU_6405_19851005_36_mask.tif,2
lgg_seg,lgg_seg,kaggle_3m/TCGA_DU_6405_19851005/TCGA_DU_6405_19851005_37.tif,TCGA_DU_6405_19851005_37,empty,p6,train,none,10,-1,duplicate_of:TCGA_CS_4941_19960909_19,False,d3cc490c2dbcb6c3,0,kaggle_3m/TCGA_DU_6405_19851005/TCGA_DU_6405_19851005_37_mask.tif,2
lgg_seg,lgg_seg,kaggle_3m/TCGA_DU_6405_19851005/TCGA_DU_6405_19851005_38.tif,TCGA_DU_6405_19851005_38,empty,p6,train,none,10,-1,duplicate_of:TCGA_CS_4941_19960909_19,False,d3cc490c2dbcb6c3,0,kaggle_3m/TCGA_DU_6405_19851005/TCGA_DU_6405_19851005_38_mask.tif,2
lgg_seg,lgg_seg,kaggle_3m/TCGA_DU_6405_19851005/TCGA_DU_6405_19851005_39.tif,TCGA_DU_6405_19851005_39,empty,p6,train,none,10,-1,duplicate_of:TCGA_CS_4941_19960909_19,False,d3cc490c2dbcb6c3,0,kaggle_3m/TCGA_DU_6405_19851005/TCGA_DU_6405_19851005_39_mask.tif,2
lgg_seg,lgg_seg,kaggle_3m/TCGA_DU_6405_19851005/TCGA_DU_6405_19851005_4.tif,TCGA_DU_6405_19851005_4,empty,p6,train,none,962,-1,,False,d9e6092c3c96e669,0,kaggle_3m/TCGA_DU_6405_19851005/TCGA_DU_6405_19851005_4_mask.tif,2
lgg_seg,lgg_seg,kaggle_3m/TCGA_DU_6405_19851005/TCGA_DU_6405_19851005_40.tif,TCGA_DU_6405_19851005_40,empty,p6,train,none,10,-1,duplicate_of:TCGA_CS_4941_19960909_19,False,d3cc490e2d3cb6c3,0,kaggle_3m/TCGA_DU_6405_19851005/TCGA_DU_6405_19851005_40_mask.tif,2
lgg_seg,lgg_seg,kaggle_3m/TCGA_DU_6405_19851005/TCGA_DU_6405_19851005_41.tif,TCGA_DU_6405_19851005_41,empty,p6,train,none,10,-1,label_conflict,False,d3ccc90c2dbcb643,0,kaggle_3m/TCGA_DU_6405_19851005/TCGA_DU_6405_19851005_41_mask.tif,2
lgg_seg,lgg_seg,kaggle_3m/TCGA_DU_6405_19851005/TCGA_DU_6405_19851005_42.tif,TCGA_DU_6405_19851005_42,tumor,p6,train,none,10,-1,label_conflict,False,d3ccc90c2dbcb643,92,kaggle_3m/TCGA_DU_6405_19851005/TCGA_DU_6405_19851005_42_mask.tif,2
lgg_seg,lgg_seg,kaggle_3m/TCGA_DU_6405_19851005/TCGA_DU_6405_19851005_43.tif,TCGA_DU_6405_19851005_43,tumor,p6,train,none,10,-1,duplicate_of:TCGA_CS_5396_20010302_19,False,b3c6cb0c0dbcb643,294,kaggle_3m/TCGA_DU_6405_19851005/TCGA_DU_6405_19851005_43_mask.tif,2
lgg_seg,lgg_seg,kaggle_3m/TCGA_DU_6405_19851005/TCGA_DU_6405_19851005_44.tif,TCGA_DU_6405_19851005_44,tumor,p6,train,none,10,-1,duplicate_of:TCGA_CS_5396_20010302_19,False,b3c6cb0c4d3cb643,681,kaggle_3m/TCGA_DU_6405_19851005/TCGA_DU_6405_19851005_44_mask.tif,2
lgg_seg,lgg_seg,kaggle_3m/TCGA_DU_6405_19851005/TCGA_DU_6405_19851005_45.tif,TCGA_DU_6405_19851005_45,tumor,p6,train,none,10,-1,duplicate_of:TCGA_CS_5396_20010302_19,False,33c1db0e4d3cb643,690,kaggle_3m/TCGA_DU_6405_19851005/TCGA_DU_6405_19851005_45_mask.tif,2
lgg_seg,lgg_seg,kaggle_3m/TCGA_DU_6405_19851005/TCGA_DU_6405_19851005_46.tif,TCGA_DU_6405_19851005_46,tumor,p6,train,none,10,-1,duplicate_of:TCGA_CS_5396_20010302_19,False,33c1d34e493cb6c3,1024,kaggle_3m/TCGA_DU_6405_19851005/TCGA_DU_6405_19851005_46_mask.tif,2
lgg_seg,lgg_seg,kaggle_3m/TCGA_DU_6405_19851005/TCGA_DU_6405_19851005_47.tif,TCGA_DU_6405_19851005_47,tumor,p6,train,none,10,-1,duplicate_of:TCGA_CS_5396_20010302_19,False,33e1d3cc493c36c3,721,kaggle_3m/TCGA_DU_6405_19851005/TCGA_DU_6405_19851005_47_mask.tif,2
lgg_seg,lgg_seg,kaggle_3m/TCGA_DU_6405_19851005/TCGA_DU_6405_19851005_48.tif,TCGA_DU_6405_19851005_48,tumor,p6,train,none,971,-1,,False,3631d3c6493c34f3,620,kaggle_3m/TCGA_DU_6405_19851005/TCGA_DU_6405_19851005_48_mask.tif,2
lgg_seg,lgg_seg,kaggle_3m/TCGA_DU_6405_19851005/TCGA_DU_6405_19851005_49.tif,TCGA_DU_6405_19851005_49,tumor,p6,train,none,972,-1,,False,2433b3c6c93c34f3,496,kaggle_3m/TCGA_DU_6405_19851005/TCGA_DU_6405_19851005_49_mask.tif,2
lgg_seg,lgg_seg,kaggle_3m/TCGA_DU_6405_19851005/TCGA_DU_6405_19851005_5.tif,TCGA_DU_6405_19851005_5,empty,p6,train,none,962,-1,duplicate_of:TCGA_DU_6405_19851005_4,False,f9e6092c3cb6c649,0,kaggle_3m/TCGA_DU_6405_19851005/TCGA_DU_6405_19851005_5_mask.tif,2
lgg_seg,lgg_seg,kaggle_3m/TCGA_DU_6405_19851005/TCGA_DU_6405_19851005_50.tif,TCGA_DU_6405_19851005_50,tumor,p6,train,none,974,-1,,False,0c3333c7c93c36d3,204,kaggle_3m/TCGA_DU_6405_19851005/TCGA_DU_6405_19851005_50_mask.tif,2
lgg_seg,lgg_seg,kaggle_3m/TCGA_DU_6405_19851005/TCGA_DU_6405_19851005_51.tif,TCGA_DU_6405_19851005_51,empty,p6,train,none,975,-1,,False,cc3333c3cb2c26d3,0,kaggle_3m/TCGA_DU_6405_19851005/TCGA_DU_6405_19851005_51_mask.tif,2
lgg_seg,lgg_seg,kaggle_3m/TCGA_DU_6405_19851005/TCGA_DU_6405_19851005_52.tif,TCGA_DU_6405_19851005_52,empty,p6,train,none,976,-1,,False,ce3930d3cb0c2cf3,0,kaggle_3m/TCGA_DU_6405_19851005/TCGA_DU_6405_19851005_52_mask.tif,2
lgg_seg,lgg_seg,kaggle_3m/TCGA_DU_6405_19851005/TCGA_DU_6405_19851005_53.tif,TCGA_DU_6405_19851005_53,empty,p6,train,none,977,-1,,False,c6c83cf3d34c0cb3,0,kaggle_3m/TCGA_DU_6405_19851005/TCGA_DU_6405_19851005_53_mask.tif,2
lgg_seg,lgg_seg,kaggle_3m/TCGA_DU_6405_19851005/TCGA_DU_6405_19851005_54.tif,TCGA_DU_6405_19851005_54,empty,p6,train,none,139,-1,duplicate_of:TCGA_CS_5396_20010302_24,False,e3c94c3333cccc33,0,kaggle_3m/TCGA_DU_6405_19851005/TCGA_DU_6405_19851005_54_mask.tif,2
lgg_seg,lgg_seg,kaggle_3m/TCGA_DU_6405_19851005/TCGA_DU_6405_19851005_55.tif,TCGA_DU_6405_19851005_55,empty,p6,train,none,979,-1,,False,3333cc3333cccc33,0,kaggle_3m/TCGA_DU_6405_19851005/TCGA_DU_6405_19851005_55_mask.tif,2
lgg_seg,lgg_seg,kaggle_3m/TCGA_DU_6405_19851005/TCGA_DU_6405_19851005_56.tif,TCGA_DU_6405_19851005_56,empty,p6,train,none,979,-1,duplicate_of:TCGA_DU_6405_19851005_55,False,3332cc3333ccce33,0,kaggle_3m/TCGA_DU_6405_19851005/TCGA_DU_6405_19851005_56_mask.tif,2
lgg_seg,lgg_seg,kaggle_3m/TCGA_DU_6405_19851005/TCGA_DU_6405_19851005_57.tif,TCGA_DU_6405_19851005_57,empty,p6,train,none,921,-1,duplicate_of:TCGA_DU_6404_19850629_50,False,6666cc993366cc99,0,kaggle_3m/TCGA_DU_6405_19851005/TCGA_DU_6405_19851005_57_mask.tif,2
lgg_seg,lgg_seg,kaggle_3m/TCGA_DU_6405_19851005/TCGA_DU_6405_19851005_58.tif,TCGA_DU_6405_19851005_58,empty,p6,train,none,982,-1,,False,b6ef411f39050454,0,kaggle_3m/TCGA_DU_6405_19851005/TCGA_DU_6405_19851005_58_mask.tif,2
lgg_seg,lgg_seg,kaggle_3m/TCGA_DU_6405_19851005/TCGA_DU_6405_19851005_59.tif,TCGA_DU_6405_19851005_59,empty,p6,train,none,983,-1,,False,12c77d0260f2e088,0,kaggle_3m/TCGA_DU_6405_19851005/TCGA_DU_6405_19851005_59_mask.tif,2
lgg_seg,lgg_seg,kaggle_3m/TCGA_DU_6405_19851005/TCGA_DU_6405_19851005_6.tif,TCGA_DU_6405_19851005_6,empty,p6,train,none,962,-1,duplicate_of:TCGA_DU_6405_19851005_4,False,d9c60f2c3cb6c649,0,kaggle_3m/TCGA_DU_6405_19851005/TCGA_DU_6405_19851005_6_mask.tif,2
lgg_seg,lgg_seg,kaggle_3m/TCGA_DU_6405_19851005/TCGA_DU_6405_19851005_60.tif,TCGA_DU_6405_19851005_60,empty,p6,train,none,985,-1,,False,a8a2c20b90ca5578,0,kaggle_3m/TCGA_DU_6405_19851005/TCGA_DU_6405_19851005_60_mask.tif,2
lgg_seg,lgg_seg,kaggle_3m/TCGA_DU_6405_19851005/TCGA_DU_6405_19851005_7.tif,TCGA_DU_6405_19851005_7,empty,p6,train,none,962,-1,duplicate_of:TCGA_DU_6405_19851005_4,False,d9ce272c3cb68649,0,kaggle_3m/TCGA_DU_6405_19851005/TCGA_DU_6405_19851005_7_mask.tif,2
lgg_seg,lgg_seg,kaggle_3m/TCGA_DU_6405_19851005/TCGA_DU_6405_19851005_8.tif,TCGA_DU_6405_19851005_8,empty,p6,train,none,962,-1,duplicate_of:TCGA_DU_6405_19851005_4,False,d9a6672c3cb68649,0,kaggle_3m/TCGA_DU_6405_19851005/TCGA_DU_6405_19851005_8_mask.tif,2
lgg_seg,lgg_seg,kaggle_3m/TCGA_DU_6405_19851005/TCGA_DU_6405_19851005_9.tif,TCGA_DU_6405_19851005_9,empty,p6,train,none,988,-1,,False,dba669263cb68649,0,kaggle_3m/TCGA_DU_6405_19851005/TCGA_DU_6405_19851005_9_mask.tif,2
lgg_seg,lgg_seg,kaggle_3m/TCGA_DU_6407_19860514/TCGA_DU_6407_19860514_1.tif,TCGA_DU_6407_19860514_1,empty,p30,train,none,989,-1,,False,66e791865a16e569,0,kaggle_3m/TCGA_DU_6407_19860514/TCGA_DU_6407_19860514_1_mask.tif,4
lgg_seg,lgg_seg,kaggle_3m/TCGA_DU_6407_19860514/TCGA_DU_6407_19860514_10.tif,TCGA_DU_6407_19860514_10,empty,p30,train,none,990,-1,,False,9aa687961a1ee569,0,kaggle_3m/TCGA_DU_6407_19860514/TCGA_DU_6407_19860514_10_mask.tif,4
lgg_seg,lgg_seg,kaggle_3m/TCGA_DU_6407_19860514/TCGA_DU_6407_19860514_11.tif,TCGA_DU_6407_19860514_11,empty,p30,train,none,990,-1,duplicate_of:TCGA_DU_6407_19860514_10,False,988687961a5ee5e9,0,kaggle_3m/TCGA_DU_6407_19860514/TCGA_DU_6407_19860514_11_mask.tif,4
lgg_seg,lgg_seg,kaggle_3m/TCGA_DU_6407_19860514/TCGA_DU_6407_19860514_12.tif,TCGA_DU_6407_19860514_12,empty,p30,train,none,990,-1,duplicate_of:TCGA_DU_6407_19860514_10,False,9a8686965a5ee1e9,0,kaggle_3m/TCGA_DU_6407_19860514/TCGA_DU_6407_19860514_12_mask.tif,4
lgg_seg,lgg_seg,kaggle_3m/TCGA_DU_6407_19860514/TCGA_DU_6407_19860514_13.tif,TCGA_DU_6407_19860514_13,empty,p30,train,none,990,-1,duplicate_of:TCGA_DU_6407_19860514_10,False,968686965a5ee1e9,0,kaggle_3m/TCGA_DU_6407_19860514/TCGA_DU_6407_19860514_13_mask.tif,4
lgg_seg,lgg_seg,kaggle_3m/TCGA_DU_6407_19860514/TCGA_DU_6407_19860514_14.tif,TCGA_DU_6407_19860514_14,empty,p30,train,none,990,-1,duplicate_of:TCGA_DU_6407_19860514_10,False,9686a6965a5ea1e9,0,kaggle_3m/TCGA_DU_6407_19860514/TCGA_DU_6407_19860514_14_mask.tif,4
lgg_seg,lgg_seg,kaggle_3m/TCGA_DU_6407_19860514/TCGA_DU_6407_19860514_15.tif,TCGA_DU_6407_19860514_15,empty,p30,train,none,990,-1,duplicate_of:TCGA_DU_6407_19860514_10,False,9686a6965a5ea5a9,0,kaggle_3m/TCGA_DU_6407_19860514/TCGA_DU_6407_19860514_15_mask.tif,4
lgg_seg,lgg_seg,kaggle_3m/TCGA_DU_6407_19860514/TCGA_DU_6407_19860514_16.tif,TCGA_DU_6407_19860514_16,empty,p30,train,none,990,-1,duplicate_of:TCGA_DU_6407_19860514_10,False,92a7a696585ea5a9,0,kaggle_3m/TCGA_DU_6407_19860514/TCGA_DU_6407_19860514_16_mask.tif,4
lgg_seg,lgg_seg,kaggle_3m/TCGA_DU_6407_19860514/TCGA_DU_6407_19860514_17.tif,TCGA_DU_6407_19860514_17,empty,p30,train,none,997,-1,,False,91a5e796585ea4a9,0,kaggle_3m/TCGA_DU_6407_19860514/TCGA_DU_6407_19860514_17_mask.tif,4
lgg_seg,lgg_seg,kaggle_3m/TCGA_DU_6407_19860514/TCGA_DU_6407_19860514_18.tif,TCGA_DU_6407_19860514_18,empty,p30,train,none,997,-1,duplicate_of:TCGA_DU_6407_19860514_17,False,99a5e796185ea4a9,0,kaggle_3m/TCGA_DU_6407_19860514/TCGA_DU_6407_19860514_18_mask.tif,4
lgg_seg,lgg_seg,kaggle_3m/TCGA_DU_6407_19860514/TCGA_DU_6407_19860514_19.tif,TCGA_DU_6407_19860514_19,tumor,p30,train,none,997,-1,,False,19a5e796185ea4e9,344,kaggle_3m/TCGA_DU_6407_19860514/TCGA_DU_6407_19860514_19_mask.tif,4
lgg_seg,lgg_seg,kaggle_3m/TCGA_DU_6407_19860514/TCGA_DU_6407_19860514_2.tif,TCGA_DU_6407_19860514_2,empty,p30,train,none,1000,-1,,False,66e799961916e469,0,kaggle_3m/TCGA_DU_6407_19860514/TCGA_DU_6407_19860514_2_mask.tif,4
lgg_seg,lgg_seg,kaggle_3m/TCGA_DU_6407_19860514/TCGA_DU_6407_19860514_20.tif,TCGA_DU_6407_19860514_20,tumor,p30,train,none,997,-1,duplicate_of:TCGA_DU_6407_19860514_19,False,19a5e7961a5ea4e1,570,kaggle_3m/TCGA_DU_6407_19860514/TCGA_DU_6407_19860514_20_mask.tif,4
lgg_seg,lgg_seg,kaggle_3m/TCGA_DU_6407_19860514/TCGA_DU_6407_19860514_21.tif,TCGA_DU_6407_19860514_21,tumor,p30,train,none,997,-1,duplicate_of:TCGA_DU_6407_19860514_19,False,79a5e7861a1ea4e1,1158,kaggle_3m/TCGA_DU_6407_19860514/TCGA_DU_6407_19860514_21_mask.tif,4
lgg_seg,lgg_seg,kaggle_3m/TCGA_DU_6407_19860514/TCGA_DU_6407_19860514_22.tif,TCGA_DU_6407_19860514_22,tumor,p30,train,none,997,-1,duplicate_of:TCGA_DU_6407_19860514_19,False,79a5e1a65a1ea4e1,2105,kaggle_3m/TCGA_DU_6407_19860514/TCGA_DU_6407_19860514_22_mask.tif,4
lgg_seg,lgg_seg,kaggle_3m/TCGA_DU_6407_19860514/TCGA_DU_6407_19860514_23.tif,TCGA_DU_6407_19860514_23,tumor,p30,train,none,997,-1,duplicate_of:TCGA_DU_6407_19860514_19,False,79a5e1a65a1ea4e1,2378,kaggle_3m/TCGA_DU_6407_19860514/TCGA_DU_6407_19860514_23_mask.tif,4
lgg_seg,lgg_seg,kaggle_3m/TCGA_DU_6407_19860514/TCGA_DU_6407_19860514_24.tif,TCGA_DU_6407_19860514_24,tumor,p30,train,none,1005,-1,,False,79e563965a1e84e1,2717,kaggle_3m/TCGA_DU_6407_19860514/TCGA_DU_6407_19860514_24_mask.tif,4
lgg_seg,lgg_seg,kaggle_3m/TCGA_DU_6407_19860514/TCGA_DU_6407_19860514_25.tif,TCGA_DU_6407_19860514_25,tumor,p30,train,none,1006,-1,,False,7965e396921ea4e1,2934,kaggle_3m/TCGA_DU_6407_19860514/TCGA_DU_6407_19860514_25_mask.tif,4
lgg_seg,lgg_seg,kaggle_3m/TCGA_DU_6407_19860514/TCGA_DU_6407_19860514_26.tif,TCGA_DU_6407_19860514_26,tumor,p30,train,none,1007,-1,,False,69a58996b61e6c69,3110,kaggle_3m/TCGA_DU_6407_19860514/TCGA_DU_6407_19860514_26_mask.tif,4
lgg_seg,lgg_seg,kaggle_3m/TCGA_DU_6407_19860514/TCGA_DU_6407_19860514_27.tif,TCGA_DU_6407_19860514_27,tumor,p30,train,none,1007,-1,duplicate_of:TCGA_DU_6407_19860514_26,False,69a48b96365e6c69,3117,kaggle_3m/TCGA_DU_6407_19860514/TCGA_DU_6407_19860514_27_mask.tif,4
lgg_seg,lgg_seg,kaggle_3m/TCGA_DU_6407_19860514/TCGA_DU_6407_19860514_28.tif,TCGA_DU_6407_19860514_28,tumor,p30,train,none,1007,-1,duplicate_of:TCGA_DU_6407_19860514_26,False,e9a49b96325e6469,3032,kaggle_3m/TCGA_DU_6407_19860514/TCGA_DU_6407_19860514_28_mask.tif,4
lgg_seg,lgg_seg,kaggle_3m/TCGA_DU_6407_19860514/TCGA_DU_6407_19860514_29.tif,TCGA_DU_6407_19860514_29,tumor,p30,train,none,1007,-1,duplicate_of:TCGA_DU_6407_19860514_26,False,e9a49b96231e6669,2722,kaggle_3m/TCGA_DU_6407_19860514/TCGA_DU_6407_19860514_29_mask.tif,4
lgg_seg,lgg_seg,kaggle_3m/TCGA_DU_6407_19860514/TCGA_DU_6407_19860514_3.tif,TCGA_DU_6407_19860514_3,empty,p30,train,none,1000,-1,duplicate_of:TCGA_DU_6407_19860514_2,False,e6e691965916e469,0,kaggle_3m/TCGA_DU_6407_19860514/TCGA_DU_6407_19860514_3_mask.tif,4
lgg_seg,lgg_seg,kaggle_3m/TCGA_DU_6407_19860514/TCGA_DU_6407_19860514_30.tif,TCGA_DU_6407_19860514_30,tumor,p30,train,none,1007,-1,duplicate_of:TCGA_DU_6407_19860514_26,False,e9ac9b96211e6669,2315,kaggle_3m/TCGA_DU_6407_19860514/TCGA_DU_6407_19860514_30_mask.tif,4
lgg_seg,lgg_seg,kaggle_3m/TCGA_DU_6407_19860514/TCGA_DU_6407_19860514_31.tif,TCGA_DU_6407_19860514_31,tumor,p30,train,none,1013,-1,,False,f98cdb96231e0669,1826,kaggle_3m/TCGA_DU_6407_19860514/TCGA_DU_6407_19860514_31_mask.tif,4
lgg_seg,lgg_seg,kaggle_3m/TCGA_DU_6407_19860514/TCGA_DU_6407_19860514_32.tif,TCGA_DU_6407_19860514_32,tumor,p30,train,none,1014,-1,,False,718cd9b6631e1669,1606,kaggle_3m/TCGA_DU_6407_19860514/TCGA_DU_6407_19860514_32_mask.tif,4
lgg_seg,lgg_seg,kaggle_3m/TCGA_DU_6407_19860514/TCGA_DU_6407_19860514_33.tif,TCGA_DU_6407_19860514_33,tumor,p30,train,none,1014,-1,duplicate_of:TCGA_DU_6407_19860514_32,False,718cdb86e31e1669,1523,kaggle_3m/TCGA_DU_6407_19860514/TCGA_DU_6407_19860514_33_mask.tif,4
lgg_seg,lgg_seg,kaggle_3m/TCGA_DU_6407_19860514/TCGA_DU_6407_19860514_34.tif,TCGA_DU_6407_19860514_34,tumor,p30,train,none,73,-1,duplicate_of:TCGA_DU_5871_19941206_19,False,79a4cb86e3161e69,37,kaggle_3m/TCGA_DU_6407_19860514/TCGA_DU_6407_19860514_34_mask.tif,4
lgg_seg,lgg_seg,kaggle_3m/TCGA_DU_6407_19860514/TCGA_DU_6407_19860514_35.tif,TCGA_DU_6407_19860514_35,empty,p30,train,none,73,-1,duplicate_of:TCGA_CS_4944_20010208_19,False,79a66386e3161e69,0,kaggle_3m/TCGA_DU_6407_19860514/TCGA_DU_6407_19860514_35_mask.tif,4
lgg_seg,lgg_seg,kaggle_3m/TCGA_DU_6407_19860514/TCGA_DU_6407_19860514_36.tif,TCGA_DU_6407_19860514_36,empty,p30,train,none,73,-1,duplicate_of:TCGA_CS_4944_20010208_19,False,79e46386e3161e69,0,kaggle_3m/TCGA_DU_6407_19860514/TCGA_DU_6407_19860514_36_mask.tif,4
lgg_seg,lgg_seg,kaggle_3m/TCGA_DU_6407_19860514/TCGA_DU_6407_19860514_37.tif,TCGA_DU_6407_19860514_37,empty,p30,train,none,73,-1,duplicate_of:TCGA_CS_4944_20010208_19,False,79e46386e3161e69,0,kaggle_3m/TCGA_DU_6407_19860514/TCGA_DU_6407_19860514_37_mask.tif,4
lgg_seg,lgg_seg,kaggle_3m/TCGA_DU_6407_19860514/TCGA_DU_6407_19860514_38.tif,TCGA_DU_6407_19860514_38,empty,p30,train,none,73,-1,duplicate_of:TCGA_CS_4944_20010208_19,False,79e66386e3161c69,0,kaggle_3m/TCGA_DU_6407_19860514/TCGA_DU_6407_19860514_38_mask.tif,4
lgg_seg,lgg_seg,kaggle_3m/TCGA_DU_6407_19860514/TCGA_DU_6407_19860514_39.tif,TCGA_DU_6407_19860514_39,empty,p30,train,none,73,-1,duplicate_of:TCGA_CS_4944_20010208_19,False,796663a4e1169e69,0,kaggle_3m/TCGA_DU_6407_19860514/TCGA_DU_6407_19860514_39_mask.tif,4
lgg_seg,lgg_seg,kaggle_3m/TCGA_DU_6407_19860514/TCGA_DU_6407_19860514_4.tif,TCGA_DU_6407_19860514_4,empty,p30,train,none,1000,-1,duplicate_of:TCGA_DU_6407_19860514_2,False,e6e692965916e469,0,kaggle_3m/TCGA_DU_6407_19860514/TCGA_DU_6407_19860514_4_mask.tif,4
lgg_seg,lgg_seg,kaggle_3m/TCGA_DU_6407_19860514/TCGA_DU_6407_19860514_40.tif,TCGA_DU_6407_19860514_40,empty,p30,train,none,73,-1,duplicate_of:TCGA_CS_4944_20010208_19,False,596663a4e1169e79,0,kaggle_3m/TCGA_DU_6407_19860514/TCGA_DU_6407_19860514_40_mask.tif,4
lgg_seg,lgg_seg,kaggle_3m/TCGA_DU_6407_19860514/TCGA_DU_6407_19860514_41.tif,TCGA_DU_6407_19860514_41,empty,p30,train,none,73,-1,duplicate_of:TCGA_CS_4944_20010208_19,False,196663a4e3169e79,0,kaggle_3m/TCGA_DU_6407_19860514/TCGA_DU_6407_19860514_41_mask.tif,4
lgg_seg,lgg_seg,kaggle_3m/TCGA_DU_6407_19860514/TCGA_DU_6407_19860514_42.tif,TCGA_DU_6407_19860514_42,empty,p30,train,none,73,-1,duplicate_of:TCGA_CS_4944_20010208_19,False,19666ba4e1169e79,0,kaggle_3m/TCGA_DU_6407_19860514/TCGA_DU_6407_19860514_42_mask.tif,4
lgg_seg,lgg_seg,kaggle_3m/TCGA_DU_6407_19860514/TCGA_DU_6407_19860514_43.tif,TCGA_DU_6407_19860514_43,empty,p30,train,none,73,-1,duplicate_of:TCGA_CS_4944_20010208_19,False,19666ba6e1169679,0,kaggle_3m/TCGA_DU_6407_19860514/TCGA_DU_6407_19860514_43_mask.tif,4
lgg_seg,lgg_seg,kaggle_3m/TCGA_DU_6407_19860514/TCGA_DU_6407_19860514_44.tif,TCGA_DU_6407_19860514_44,empty,p30,train,none,73,-1,duplicate_of:TCGA_CS_4944_20010208_19,False,19666ba6e1169679,0,kaggle_3m/TCGA_DU_6407_19860514/TCGA_DU_6407_19860514_44_mask.tif,4
lgg_seg,lgg_seg,kaggle_3m/TCGA_DU_6407_19860514/TCGA_DU_6407_19860514_45.tif,TCGA_DU_6407_19860514_45,empty,p30,train,none,73,-1,duplicate_of:TCGA_CS_4944_20010208_19,False,196679a6e1169679,0,kaggle_3m/TCGA_DU_6407_19860514/TCGA_DU_6407_19860514_45_mask.tif,4
lgg_seg,lgg_seg,kaggle_3m/TCGA_DU_6407_19860514/TCGA_DU_6407_19860514_46.tif,TCGA_DU_6407_19860514_46,empty,p30,train,none,73,-1,duplicate_of:TCGA_CS_4944_20010208_19,False,196679a4e1969679,0,kaggle_3m/TCGA_DU_6407_19860514/TCGA_DU_6407_19860514_46_mask.tif,4
lgg_seg,lgg_seg,kaggle_3m/TCGA_DU_6407_19860514/TCGA_DU_6407_19860514_47.tif,TCGA_DU_6407_19860514_47,empty,p30,train,none,73,-1,duplicate_of:TCGA_CS_4944_20010208_19,False,996379a4e1169679,0,kaggle_3m/TCGA_DU_6407_19860514/TCGA_DU_6407_19860514_47_mask.tif,4
lgg_seg,lgg_seg,kaggle_3m/TCGA_DU_6407_19860514/TCGA_DU_6407_19860514_48.tif,TCGA_DU_6407_19860514_48,empty,p30,train,none,73,-1,duplicate_of:TCGA_CS_4944_20010208_19,False,996179a4e1969679,0,kaggle_3m/TCGA_DU_6407_19860514/TCGA_DU_6407_19860514_48_mask.tif,4
lgg_seg,lgg_seg,kaggle_3m/TCGA_DU_6407_19860514/TCGA_DU_6407_19860514_49.tif,TCGA_DU_6407_19860514_49,empty,p30,train,none,73,-1,duplicate_of:TCGA_CS_4944_20010208_19,False,996159e661969679,0,kaggle_3m/TCGA_DU_6407_19860514/TCGA_DU_6407_19860514_49_mask.tif,4
lgg_seg,lgg_seg,kaggle_3m/TCGA_DU_6407_19860514/TCGA_DU_6407_19860514_5.tif,TCGA_DU_6407_19860514_5,empty,p30,train,none,1000,-1,duplicate_of:TCGA_DU_6407_19860514_2,False,a6a69a96591ee469,0,kaggle_3m/TCGA_DU_6407_19860514/TCGA_DU_6407_19860514_5_mask.tif,4
lgg_seg,lgg_seg,kaggle_3m/TCGA_DU_6407_19860514/TCGA_DU_6407_19860514_50.tif,TCGA_DU_6407_19860514_50,empty,p30,train,none,73,-1,duplicate_of:TCGA_CS_4944_20010208_19,False,9a6959e661869679,0,kaggle_3m/TCGA_DU_6407_19860514/TCGA_DU_6407_19860514_50_mask.tif,4
lgg_seg,lgg_seg,kaggle_3m/TCGA_DU_6407_19860514/TCGA_DU_6407_19860514_51.tif,TCGA_DU_6407_19860514_51,empty,p30,train,none,73,-1,duplicate_of:TCGA_CS_4944_20010208_19,False,9e79196661869679,0,kaggle_3m/TCGA_DU_6407_19860514/TCGA_DU_6407_19860514_51_mask.tif,4
lgg_seg,lgg_seg,kaggle_3m/TCGA_DU_6407_19860514/TCGA_DU_6407_19860514_52.tif,TCGA_DU_6407_19860514_52,empty,p30,train,none,73,-1,duplicate_of:TCGA_CS_4944_20010208_19,False,86d9996669869679,0,kaggle_3m/TCGA_DU_6407_19860514/TCGA_DU_6407_19860514_52_mask.tif,4
lgg_seg,lgg_seg,kaggle_3m/TCGA_DU_6407_19860514/TCGA_DU_6407_19860514_53.tif,TCGA_DU_6407_19860514_53,empty,p30,train,none,1037,-1,,False,66999b6d69868659,0,kaggle_3m/TCGA_DU_6407_19860514/TCGA_DU_6407_19860514_53_mask.tif,4
lgg_seg,lgg_seg,kaggle_3m/TCGA_DU_6407_19860514/TCGA_DU_6407_19860514_54.tif,TCGA_DU_6407_19860514_54,empty,p30,train,none,73,-1,duplicate_of:TCGA_CS_4944_20010208_19,False,66999a6979a6a619,0,kaggle_3m/TCGA_DU_6407_19860514/TCGA_DU_6407_19860514_54_mask.tif,4
lgg_seg,lgg_seg,kaggle_3m/TCGA_DU_6407_19860514/TCGA_DU_6407_19860514_55.tif,TCGA_DU_6407_19860514_55,empty,p30,train,none,1039,-1,,False,666ba69919666699,0,kaggle_3m/TCGA_DU_6407_19860514/TCGA_DU_6407_19860514_55_mask.tif,4
lgg_seg,lgg_seg,kaggle_3m/TCGA_DU_6407_19860514/TCGA_DU_6407_19860514_56.tif,TCGA_DU_6407_19860514_56,empty,p30,train,none,161,-1,duplicate_of:TCGA_CS_5397_20010315_22,False,9939669999666699,0,kaggle_3m/TCGA_DU_6407_19860514/TCGA_DU_6407_19860514_56_mask.tif,4
lgg_seg,lgg_seg,kaggle_3m/TCGA_DU_6407_19860514/TCGA_DU_6407_19860514_57.tif,TCGA_DU_6407_19860514_57,empty,p30,train,none,161,-1,duplicate_of:TCGA_CS_5397_20010315_22,False,9999669999666699,0,kaggle_3m/TCGA_DU_6407_19860514/TCGA_DU_6407_19860514_57_mask.tif,4
lgg_seg,lgg_seg,kaggle_3m/TCGA_DU_6407_19860514/TCGA_DU_6407_19860514_58.tif,TCGA_DU_6407_19860514_58,empty,p30,train,none,161,-1,duplicate_of:TCGA_CS_5397_20010315_22,False,9999669999666699,0,kaggle_3m/TCGA_DU_6407_19860514/TCGA_DU_6407_19860514_58_mask.tif,4
lgg_seg,lgg_seg,kaggle_3m/TCGA_DU_6407_19860514/TCGA_DU_6407_19860514_6.tif,TCGA_DU_6407_19860514_6,empty,p30,train,none,1000,-1,duplicate_of:TCGA_DU_6407_19860514_2,False,a6a692965a1ee569,0,kaggle_3m/TCGA_DU_6407_19860514/TCGA_DU_6407_19860514_6_mask.tif,4
lgg_seg,lgg_seg,kaggle_3m/TCGA_DU_6407_19860514/TCGA_DU_6407_19860514_7.tif,TCGA_DU_6407_19860514_7,empty,p30,train,none,990,-1,duplicate_of:TCGA_DU_6407_19860514_10,False,99a696965e1e6169,0,kaggle_3m/TCGA_DU_6407_19860514/TCGA_DU_6407_19860514_7_mask.tif,4
lgg_seg,lgg_seg,kaggle_3m/TCGA_DU_6407_19860514/TCGA_DU_6407_19860514_8.tif,TCGA_DU_6407_19860514_8,empty,p30,train,none,990,-1,duplicate_of:TCGA_DU_6407_19860514_10,False,99a697961e1e6169,0,kaggle_3m/TCGA_DU_6407_19860514/TCGA_DU_6407_19860514_8_mask.tif,4
lgg_seg,lgg_seg,kaggle_3m/TCGA_DU_6407_19860514/TCGA_DU_6407_19860514_9.tif,TCGA_DU_6407_19860514_9,empty,p30,train,none,990,-1,duplicate_of:TCGA_DU_6407_19860514_10,False,9aa687969e1e6169,0,kaggle_3m/TCGA_DU_6407_19860514/TCGA_DU_6407_19860514_9_mask.tif,4
lgg_seg,lgg_seg,kaggle_3m/TCGA_DU_6408_19860521/TCGA_DU_6408_19860521_1.tif,TCGA_DU_6408_19860521_1,empty,p28,test,none,1047,-1,,True,71e4e186de1e2c69,0,kaggle_3m/TCGA_DU_6408_19860521/TCGA_DU_6408_19860521_1_mask.tif,0
lgg_seg,lgg_seg,kaggle_3m/TCGA_DU_6408_19860521/TCGA_DU_6408_19860521_10.tif,TCGA_DU_6408_19860521_10,empty,p28,test,none,1048,-1,,True,1be361a41e1ea6e9,0,kaggle_3m/TCGA_DU_6408_19860521/TCGA_DU_6408_19860521_10_mask.tif,0
lgg_seg,lgg_seg,kaggle_3m/TCGA_DU_6408_19860521/TCGA_DU_6408_19860521_11.tif,TCGA_DU_6408_19860521_11,empty,p28,test,none,1048,-1,duplicate_of:TCGA_DU_6408_19860521_10,True,1be361a49e1ea4e9,0,kaggle_3m/TCGA_DU_6408_19860521/TCGA_DU_6408_19860521_11_mask.tif,0
lgg_seg,lgg_seg,kaggle_3m/TCGA_DU_6408_19860521/TCGA_DU_6408_19860521_12.tif,TCGA_DU_6408_19860521_12,empty,p28,test,none,1048,-1,duplicate_of:TCGA_DU_6408_19860521_10,True,1be361a49e1ea4e9,0,kaggle_3m/TCGA_DU_6408_19860521/TCGA_DU_6408_19860521_12_mask.tif,0
lgg_seg,lgg_seg,kaggle_3m/TCGA_DU_6408_19860521/TCGA_DU_6408_19860521_13.tif,TCGA_DU_6408_19860521_13,empty,p28,test,none,1048,-1,duplicate_of:TCGA_DU_6408_19860521_10,True,1be361a49e1ea4e9,0,kaggle_3m/TCGA_DU_6408_19860521/TCGA_DU_6408_19860521_13_mask.tif,0
lgg_seg,lgg_seg,kaggle_3m/TCGA_DU_6408_19860521/TCGA_DU_6408_19860521_14.tif,TCGA_DU_6408_19860521_14,empty,p28,test,none,1048,-1,duplicate_of:TCGA_DU_6408_19860521_10,True,5ba761a49e1e24e9,0,kaggle_3m/TCGA_DU_6408_19860521/TCGA_DU_6408_19860521_14_mask.tif,0
lgg_seg,lgg_seg,kaggle_3m/TCGA_DU_6408_19860521/TCGA_DU_6408_19860521_15.tif,TCGA_DU_6408_19860521_15,empty,p28,test,none,1053,-1,,True,59a7e1a69e162c69,0,kaggle_3m/TCGA_DU_6408_19860521/TCGA_DU_6408_19860521_15_mask.tif,0
lgg_seg,lgg_seg,kaggle_3m/TCGA_DU_6408_19860521/TCGA_DU_6408_19860521_16.tif,TCGA_DU_6408_19860521_16,empty,p28,test,none,1053,-1,duplicate_of:TCGA_DU_6408_19860521_15,True,59a5e5869e1e2c69,0,kaggle_3m/TCGA_DU_6408_19860521/TCGA_DU_6408_19860521_16_mask.tif,0
lgg_seg,lgg_seg,kaggle_3m/TCGA_DU_6408_19860521/TCGA_DU_6408_19860521_17.tif,TCGA_DU_6408_19860521_17,empty,p28,test,none,1055,-1,,True,69a6e786961e2c69,0,kaggle_3m/TCGA_DU_6408_19860521/TCGA_DU_6408_19860521_17_mask.tif,0
lgg_seg,lgg_seg,kaggle_3m/TCGA_DU_6408_19860521/TCGA_DU_6408_19860521_18.tif,TCGA_DU_6408_19860521_18,empty,p28,test,none,1056,-1,,True,69a6c596461e3ce9,0,kaggle_3m/TCGA_DU_6408_19860521/TCGA_DU_6408_19860521_18_mask.tif,0
lgg_seg,lgg_seg,kaggle_3m/TCGA_DU_6408_19860521/TCGA_DU_6408_19860521_19.tif,TCGA_DU_6408_19860521_19,empty,p28,test,none,1057,-1,,True,e3a6c996461e34e9,0,kaggle_3m/TCGA_DU_6408_19860521/TCGA_DU_6408_19860521_19_mask.tif,0
lgg_seg,lgg_seg,kaggle_3m/TCGA_DU_6408_19860521/TCGA_DU_6408_19860521_2.tif,TCGA_DU_6408_19860521_2,empty,p28,test,none,1058,-1,,True,39e6e1865a1eac69,0,kaggle_3m/TCGA_DU_6408_19860521/TCGA_DU_6408_19860521_2_mask.tif,0
lgg_seg,lgg_seg,kaggle_3m/TCGA_DU_6408_19860521/TCGA_DU_6408_19860521_20.tif,TCGA_DU_6408_19860521_20,empty,p28,test,none,1056,-1,duplicate_of:TCGA_DU_6408_19860521_18,True,e1a6c396c61e3c69,0,kaggle_3m/TCGA_DU_6408_19860521/TCGA_DU_6408_19860521_20_mask.tif,0
lgg_seg,lgg_seg,kaggle_3m/TCGA_DU_6408_19860521/TCGA_DU_6408_19860521_21.tif,TCGA_DU_6408_19860521_21,tumor,p28,test,none,1056,-1,,True,69a6c396c61e3c69,180,kaggle_3m/TCGA_DU_6408_19860521/TCGA_DU_6408_19860521_21_mask.tif,0
lgg_seg,lgg_seg,kaggle_3m/TCGA_DU_6408_19860521/TCGA_DU_6408_19860521_22.tif,TCGA_DU_6408_19860521_22,tumor,p28,test,none,1056,-1,duplicate_of:TCGA_DU_6408_19860521_21,True,69a6e386e61e1c69,230,kaggle_3m/TCGA_DU_6408_19860521/TCGA_DU_6408_19860521_22_mask.tif,0
lgg_seg,lgg_seg,kaggle_3m/TCGA_DU_6408_19860521/TCGA_DU_6408_19860521_23.tif,TCGA_DU_6408_19860521_23,tumor,p28,test,none,1056,-1,duplicate_of:TCGA_DU_6408_19860521_21,True,59a6e386e61e1c69,400,kaggle_3m/TCGA_DU_6408_19860521/TCGA_DU_6408_19860521_23_mask.tif,0
lgg_seg,lgg_seg,kaggle_3m/TCGA_DU_6408_19860521/TCGA_DU_6408_19860521_24.tif,TCGA_DU_6408_19860521_24,tumor,p28,test,none,1056,-1,duplicate_of:TCGA_DU_6408_19860521_21,True,d9a66386c69e1c69,1212,kaggle_3m/TCGA_DU_6408_19860521/TCGA_DU_6408_19860521_24_mask.tif,0
lgg_seg,lgg_seg,kaggle_3m/TCGA_DU_6408_19860521/TCGA_DU_6408_19860521_25.tif,TCGA_DU_6408_19860521_25,tumor,p28,test,none,1056,-1,duplicate_of:TCGA_DU_6408_19860521_21,True,d9266386c69e3c69,2115,kaggle_3m/TCGA_DU_6408_19860521/TCGA_DU_6408_19860521_25_mask.tif,0
lgg_seg,lgg_seg,kaggle_3m/TCGA_DU_6408_19860521/TCGA_DU_6408_19860521_26.tif,TCGA_DU_6408_19860521_26,tumor,p28,test,none,73,-1,duplicate_of:TCGA_DU_5871_19941206_19,True,59247386ce9e3c71,3063,kaggle_3m/TCGA_DU_6408_19860521/TCGA_DU_6408_19860521_26_mask.tif,0
lgg_seg,lgg_seg,kaggle_3m/TCGA_DU_6408_19860521/TCGA_DU_6408_19860521_27.tif,TCGA_DU_6408_19860521_27,tumor,p28,test,none,73,-1,duplicate_of:TCGA_DU_5871_19941206_19,True,592473a6c69e3c71,3842,kaggle_3m/TCGA_DU_6408_19860521/TCGA_DU_6408_19860521_27_mask.tif,0
lgg_seg,lgg_seg,kaggle_3m/TCGA_DU_6408_19860521/TCGA_DU_6408_19860521_28.tif,TCGA_DU_6408_19860521_28,tumor,p28,test,none,73,-1,duplicate_of:TCGA_DU_5871_19941206_19,True,7924f3a6c69e1871,4761,kaggle_3m/TCGA_DU_6408_19860521/TCGA_DU_6408_19860521_28_mask.tif,0
lgg_seg,lgg_seg,kaggle_3m/TCGA_DU_6408_19860521/TCGA_DU_6408_19860521_29.tif,TCGA_DU_6408_19860521_29,tumor,p28,test,none,73,-1,duplicate_of:TCGA_DU_5871_19941206_19,True,7124f3a6c69e1879,5073,kaggle_3m/TCGA_DU_6408_19860521/TCGA_DU_6408_19860521_29_mask.tif,0
lgg_seg,lgg_seg,kaggle_3m/TCGA_DU_6408_19860521/TCGA_DU_6408_19860521_3.tif,TCGA_DU_6408_19860521_3,empty,p28,test,none,1058,-1,duplicate_of:TCGA_DU_6408_19860521_2,True,39e6a5865a1ea4e9,0,kaggle_3m/TCGA_DU_6408_19860521/TCGA_DU_6408_19860521_3_mask.tif,0
lgg_seg,lgg_seg,kaggle_3m/TCGA_DU_6408_19860521/TCGA_DU_6408_19860521_30.tif,TCGA_DU_6408_19860521_30,tumor,p28,test,none,73,-1,duplicate_of:TCGA_DU_5871_19941206_19,True,712cd3a6c69e1879,5227,kaggle_3m/TCGA_DU_6408_19860521/TCGA_DU_6408_19860521_30_mask.tif,0
lgg_seg,lgg_seg,kaggle_3m/TCGA_DU_6408_19860521/TCGA_DU_6408_19860521_31.tif,TCGA_DU_6408_19860521_31,tumor,p28,test,none,73,-1,duplicate_of:TCGA_DU_5871_19941206_19,True,332cd1a6e69e1879,5402,kaggle_3m/TCGA_DU_6408_19860521/TCGA_DU_6408_19860521_31_mask.tif,0
lgg_seg,lgg_seg,kaggle_3m/TCGA_DU_6408_19860521/TCGA_DU_6408_19860521_32.tif,TCGA_DU_6408_19860521_32,tumor,p28,test,none,73,-1,duplicate_of:TCGA_DU_5871_19941206_19,True,312cd1a6e69e1c79,5145,kaggle_3m/TCGA_DU_6408_19860521/TCGA_DU_6408_19860521_32_mask.tif,0
lgg_seg,lgg_seg,kaggle_3m/TCGA_DU_6408_19860521/TCGA_DU_6408_19860521_33.tif,TCGA_DU_6408_19860521_33,tumor,p28,test,none,73,-1,duplicate_of:TCGA_DU_5871_19941206_19,True,312cd1a6e69e1c79,5146,kaggle_3m/TCGA_DU_6408_19860521/TCGA_DU_6408_19860521_33_mask.tif,0
lgg_seg,lgg_seg,kaggle_3m/TCGA_DU_6408_19860521/TCGA_DU_6408_19860521_34.tif,TCGA_DU_6408_19860521_34,tumor,p28,test,none,73,-1,duplicate_of:TCGA_DU_5871_19941206_19,True,312cc1a6e79e1c79,4847,kaggle_3m/TCGA_DU_6408_19860521/TCGA_DU_6408_19860521_34_mask.tif,0
lgg_seg,lgg_seg,kaggle_3m/TCGA_DU_6408_19860521/TCGA_DU_6408_19860521_35.tif,TCGA_DU_6408_19860521_35,tumor,p28,test,none,73,-1,duplicate_of:TCGA_DU_5871_19941206_19,True,316c61a6c79e1c79,4616,kaggle_3m/TCGA_DU_6408_19860521/TCGA_DU_6408_19860521_35_mask.tif,0
lgg_seg,lgg_seg,kaggle_3m/TCGA_DU_6408_19860521/TCGA_DU_6408_19860521_36.tif,TCGA_DU_6408_19860521_36,tumor,p28,test,none,73,-1,duplicate_of:TCGA_DU_5871_19941206_19,True,316471a6e59e1c79,4458,kaggle_3m/TCGA_DU_6408_19860521/TCGA_DU_6408_19860521_36_mask.tif,0
lgg_seg,lgg_seg,kaggle_3m/TCGA_DU_6408_19860521/TCGA_DU_6408_19860521_37.tif,TCGA_DU_6408_19860521_37,tumor,p28,test,none,73,-1,duplicate_of:TCGA_DU_5871_19941206_19,True,316c71a6e58e1c79,4219,kaggle_3m/TCGA_DU_6408_19860521/TCGA_DU_6408_19860521_37_mask.tif,0
lgg_seg,lgg_seg,kaggle_3m/TCGA_DU_6408_19860521/TCGA_DU_6408_19860521_38.tif,TCGA_DU_6408_19860521_38,tumor,p28,test,none,73,-1,duplicate_of:TCGA_DU_5871_19941206_19,True,196c71a6e58e1c79,3816,kaggle_3m/TCGA_DU_6408_19860521/TCGA_DU_6408_19860521_38_mask.tif,0
lgg_seg,lgg_seg,kaggle_3m/TCGA_DU_6408_19860521/TCGA_DU_6408_19860521_39.tif,TCGA_DU_6408_19860521_39,tumor,p28,test,none,73,-1,duplicate_of:TCGA_DU_5871_19941206_19,True,196c71a6e58e1c79,3532,kaggle_3m/TCGA_DU_6408_19860521/TCGA_DU_6408_19860521_39_mask.tif,0
lgg_seg,lgg_seg,kaggle_3m/TCGA_DU_6408_19860521/TCGA_DU_6408_19860521_4.tif,TCGA_DU_6408_19860521_4,empty,p28,test,none,1058,-1,duplicate_of:TCGA_DU_6408_19860521_2,True,79e6e1845a1ea4e9,0,kaggle_3m/TCGA_DU_6408_19860521/TCGA_DU_6408_19860521_4_mask.tif,0
lgg_seg,lgg_seg,kaggle_3m/TCGA_DU_6408_19860521/TCGA_DU_6408_19860521_40.tif,TCGA_DU_6408_19860521_40,tumor,p28,test,none,73,-1,duplicate_of:TCGA_DU_5871_19941206_19,True,196c71a6e18e1e79,3259,kaggle_3m/TCGA_DU_6408_19860521/TCGA_DU_6408_19860521_40_mask.tif,0
lgg_seg,lgg_seg,kaggle_3m/TCGA_DU_6408_19860521/TCGA_DU_6408_19860521_41.tif,TCGA_DU_6408_19860521_41,tumor,p28,test,none,1082,-1,,True,984c7926e18e9e79,3079,kaggle_3m/TCGA_DU_6408_19860521/TCGA_DU_6408_19860521_41_mask.tif,0
lgg_seg,lgg_seg,kaggle_3m/TCGA_DU_6408_19860521/TCGA_DU_6408_19860521_42.tif,TCGA_DU_6408_19860521_42,tumor,p28,test,none,1082,-1,duplicate_of:TCGA_DU_6408_19860521_41,True,9c4c7926e1869e79,2743,kaggle_3m/TCGA_DU_6408_19860521/TCGA_DU_6408_19860521_42_mask.tif,0
lgg_seg,lgg_seg,kaggle_3m/TCGA_DU_6408_19860521/TCGA_DU_6408_19860521_43.tif,TCGA_DU_6408_19860521_43,tumor,p28,test,none,1084,-1,,True,9ecc192663869e79,2677,kaggle_3m/TCGA_DU_6408_19860521/TCGA_DU_6408_19860521_43_mask.tif,0
lgg_seg,lgg_seg,kaggle_3m/TCGA_DU_6408_19860521/TCGA_DU_6408_19860521_44.tif,TCGA_DU_6408_19860521_44,tumor,p28,test,none,913,-1,duplicate_of:TCGA_DU_6404_19850629_43,True,96c9196763869c79,1509,kaggle_3m/TCGA_DU_6408_19860521/TCGA_DU_6408_19860521_44_mask.tif,0
lgg_seg,lgg_seg,kaggle_3m/TCGA_DU_6408_19860521/TCGA_DU_6408_19860521_45.tif,TCGA_DU_6408_19860521_45,tumor,p28,test,none,913,-1,duplicate_of:TCGA_DU_6404_19850629_43,True,96c9196363869e79,1152,kaggle_3m/TCGA_DU_6408_19860521/TCGA_DU_6408_19860521_45_mask.tif,0
lgg_seg,lgg_seg,kaggle_3m/TCGA_DU_6408_19860521/TCGA_DU_6408_19860521_46.tif,TCGA_DU_6408_19860521_46,tumor,p28,test,none,913,-1,duplicate_of:TCGA_DU_6404_19850629_43,True,a6c9996363868e79,496,kaggle_3m/TCGA_DU_6408_19860521/TCGA_DU_6408_19860521_46_mask.tif,0
lgg_seg,lgg_seg,kaggle_3m/TCGA_DU_6408_19860521/TCGA_DU_6408_19860521_47.tif,TCGA_DU_6408_19860521_47,tumor,p28,test,none,1088,-1,,True,e6d9986961868e79,265,kaggle_3m/TCGA_DU_6408_19860521/TCGA_DU_6408_19860521_47_mask.tif,0
lgg_seg,lgg_seg,kaggle_3m/TCGA_DU_6408_19860521/TCGA_DU_6408_19860521_48.tif,TCGA_DU_6408_19860521_48,empty,p28,test,none,73,-1,duplicate_of:TCGA_CS_4944_20010208_19,True,66d99c6979868659,0,kaggle_3m/TCGA_DU_6408_19860521/TCGA_DU_6408_19860521_48_mask.tif,0
lgg_seg,lgg_seg,kaggle_3m/TCGA_DU_6408_19860521/TCGA_DU_6408_19860521_49.tif,TCGA_DU_6408_19860521_49,empty,p28,test,none,73,-1,duplicate_of:TCGA_CS_4944_20010208_19,True,66999c7979a68619,0,kaggle_3m/TCGA_DU_6408_19860521/TCGA_DU_6408_19860521_49_mask.tif,0
lgg_seg,lgg_seg,kaggle_3m/TCGA_DU_6408_19860521/TCGA_DU_6408_19860521_5.tif,TCGA_DU_6408_19860521_5,empty,p28,test,none,1058,-1,duplicate_of:TCGA_DU_6408_19860521_2,True,79a6e12c5a1ea4e9,0,kaggle_3m/TCGA_DU_6408_19860521/TCGA_DU_6408_19860521_5_mask.tif,0
lgg_seg,lgg_seg,kaggle_3m/TCGA_DU_6408_19860521/TCGA_DU_6408_19860521_50.tif,TCGA_DU_6408_19860521_50,empty,p28,test,none,1092,-1,,True,679b86191966e699,0,kaggle_3m/TCGA_DU_6408_19860521/TCGA_DU_6408_19860521_50_mask.tif,0
lgg_seg,lgg_seg,kaggle_3m/TCGA_DU_6408_19860521/TCGA_DU_6408_19860521_51.tif,TCGA_DU_6408_19860521_51,empty,p28,test,none,161,-1,duplicate_of:TCGA_CS_5397_20010315_22,True,9966669999666699,0,kaggle_3m/TCGA_DU_6408_19860521/TCGA_DU_6408_19860521_51_mask.tif,0
lgg_seg,lgg_seg,kaggle_3m/TCGA_DU_6408_19860521/TCGA_DU_6408_19860521_52.tif,TCGA_DU_6408_19860521_52,empty,p28,test,none,161,-1,duplicate_of:TCGA_CS_5397_20010315_22,True,9966669999666699,0,kaggle_3m/TCGA_DU_6408_19860521/TCGA_DU_6408_19860521_52_mask.tif,0
lgg_seg,lgg_seg,kaggle_3m/TCGA_DU_6408_19860521/TCGA_DU_6408_19860521_53.tif,TCGA_DU_6408_19860521_53,empty,p28,test,none,161,-1,duplicate_of:TCGA_CS_5397_20010315_22,True,9966669999666699,0,kaggle_3m/TCGA_DU_6408_19860521/TCGA_DU_6408_19860521_53_mask.tif,0
lgg_seg,lgg_seg,kaggle_3m/TCGA_DU_6408_19860521/TCGA_DU_6408_19860521_54.tif,TCGA_DU_6408_19860521_54,empty,p28,test,none,1096,-1,,True,b96b39052a9a89c2,0,kaggle_3m/TCGA_DU_6408_19860521/TCGA_DU_6408_19860521_54_mask.tif,0
lgg_seg,lgg_seg,kaggle_3m/TCGA_DU_6408_19860521/TCGA_DU_6408_19860521_55.tif,TCGA_DU_6408_19860521_55,empty,p28,test,none,1097,-1,,True,59c2ca8d632f485e,0,kaggle_3m/TCGA_DU_6408_19860521/TCGA_DU_6408_19860521_55_mask.tif,0
lgg_seg,lgg_seg,kaggle_3m/TCGA_DU_6408_19860521/TCGA_DU_6408_19860521_56.tif,TCGA_DU_6408_19860521_56,empty,p28,test,none,1098,-1,,True,745c62f3bfda597c,0,kaggle_3m/TCGA_DU_6408_19860521/TCGA_DU_6408_19860521_56_mask.tif,0
lgg_seg,lgg_seg,kaggle_3m/TCGA_DU_6408_19860521/TCGA_DU_6408_19860521_6.tif,TCGA_DU_6408_19860521_6,empty,p28,test,none,1058,-1,duplicate_of:TCGA_DU_6408_19860521_2,True,79a6e1245e1ea4e9,0,kaggle_3m/TCGA_DU_6408_19860521/TCGA_DU_6408_19860521_6_mask.tif,0
lgg_seg,lgg_seg,kaggle_3m/TCGA_DU_6408_19860521/TCGA_DU_6408_19860521_7.tif,TCGA_DU_6408_19860521_7,empty,p28,test,none,1058,-1,duplicate_of:TCGA_DU_6408_19860521_2,True,79e6e1a41e16a4e9,0,kaggle_3m/TCGA_DU_6408_19860521/TCGA_DU_6408_19860521_7_mask.tif,0
lgg_seg,lgg_seg,kaggle_3m/TCGA_DU_6408_19860521/TCGA_DU_6408_19860521_8.tif,TCGA_DU_6408_19860521_8,empty,p28,test,none,1058,-1,duplicate_of:TCGA_DU_6408_19860521_2,True,7b66e18c1e16a4e9,0,kaggle_3m/TCGA_DU_6408_19860521/TCGA_DU_6408_19860521_8_mask.tif,0
lgg_seg,lgg_seg,kaggle_3m/TCGA_DU_6408_19860521/TCGA_DU_6408_19860521_9.tif,TCGA_DU_6408_19860521_9,empty,p28,test,none,1058,-1,duplicate_of:TCGA_DU_6408_19860521_2,True,5b67e1841e1ea4e9,0,kaggle_3m/TCGA_DU_6408_19860521/TCGA_DU_6408_19860521_9_mask.tif,0
lgg_seg,lgg_seg,kaggle_3m/TCGA_DU_7008_19830723/TCGA_DU_7008_19830723_1.tif,TCGA_DU_7008_19830723_1,empty,p17,train,none,1103,-1,,False,314cf30c9e966c73,0,kaggle_3m/TCGA_DU_7008_19830723/TCGA_DU_7008_19830723_1_mask.tif,9
lgg_seg,lgg_seg,kaggle_3m/TCGA_DU_7008_19830723/TCGA_DU_7008_19830723_10.tif,TCGA_DU_7008_19830723_10,empty,p17,train,none,1104,-1,,False,7267c39c9c1c64e3,0,kaggle_3m/TCGA_DU_7008_19830723/TCGA_DU_7008_19830723_10_mask.tif,9
lgg_seg,lgg_seg,kaggle_3m/TCGA_DU_7008_19830723/TCGA_DU_7008_19830723_11.tif,TCGA_DU_7008_19830723_11,empty,p17,train,none,1104,-1,duplicate_of:TCGA_DU_7008_19830723_10,False,7263c39e9c9c6463,0,kaggle_3m/TCGA_DU_7008_19830723/TCGA_DU_7008_19830723_11_mask.tif,9
lgg_seg,lgg_seg,kaggle_3m/TCGA_DU_7008_19830723/TCGA_DU_7008_19830723_12.tif,TCGA_DU_7008_19830723_12,tumor,p17,train,none,1106,-1,,False,5963c3a6b69c4cc3,269,kaggle_3m/TCGA_DU_7008_19830723/TCGA_DU_7008_19830723_12_mask.tif,9
lgg_seg,lgg_seg,kaggle_3m/TCGA_DU_7008_19830723/TCGA_DU_7008_19830723_13.tif,TCGA_DU_7008_19830723_13,tumor,p17,train,none,1107,-1,,False,d94963a6b69c6c43,682,kaggle_3m/TCGA_DU_7008_19830723/TCGA_DU_7008_19830723_13_mask.tif,9
lgg_seg,lgg_seg,kaggle_3m/TCGA_DU_7008_19830723/TCGA_DU_7008_19830723_14.tif,TCGA_DU_7008_19830723_14,tumor,p17,train,none,1107,-1,duplicate_of:TCGA_DU_7008_19830723_13,False,934963a6b69c6c63,1397,kaggle_3m/TCGA_DU_7008_19830723/TCGA_DU_7008_19830723_14_mask.tif,9
lgg_seg,lgg_seg,kaggle_3m/TCGA_DU_7008_19830723/TCGA_DU_7008_19830723_15.tif,TCGA_DU_7008_19830723_15,tumor,p17,train,none,1109,-1,,False,d3896926b69ccc63,1405,kaggle_3m/TCGA_DU_7008_19830723/TCGA_DU_7008_19830723_15_mask.tif,9
lgg_seg,lgg_seg,kaggle_3m/TCGA_DU_7008_19830723/TCGA_DU_7008_19830723_16.tif,TCGA_DU_7008_19830723_16,tumor,p17,train,none,1109,-1,duplicate_of:TCGA_DU_7008_19830723_15,False,d3896966b61c4ce3,1519,kaggle_3m/TCGA_DU_7008_19830723/TCGA_DU_7008_19830723_16_mask.tif,9
lgg_seg,lgg_seg,kaggle_3m/TCGA_DU_7008_19830723/TCGA_DU_7008_19830723_17.tif,TCGA_DU_7008_19830723_17,tumor,p17,train,none,1109,-1,duplicate_of:TCGA_DU_7008_19830723_15,False,d38949669e1c6ce3,1982,kaggle_3m/TCGA_DU_7008_19830723/TCGA_DU_7008_19830723_17_mask.tif,9
lgg_seg,lgg_seg,kaggle_3m/TCGA_DU_7008_19830723/TCGA_DU_7008_19830723_18.tif,TCGA_DU_7008_19830723_18,tumor,p17,train,none,1109,-1,duplicate_of:TCGA_DU_7008_19830723_15,False,f38d4926961c6ce3,1981,kaggle_3m/TCGA_DU_7008_19830723/TCGA_DU_7008_19830723_18_mask.tif,9
lgg_seg,lgg_seg,kaggle_3m/TCGA_DU_7008_19830723/TCGA_DU_7008_19830723_19.tif,TCGA_DU_7008_19830723_19,tumor,p17,train,none,1109,-1,duplicate_of:TCGA_DU_7008_19830723_15,False,f38d4926869c6ce3,2178,kaggle_3m/TCGA_DU_7008_19830723/TCGA_DU_7008_19830723_19_mask.tif,9
lgg_seg,lgg_seg,kaggle_3m/TCGA_DU_7008_19830723/TCGA_DU_7008_19830723_2.tif,TCGA_DU_7008_19830723_2,empty,p17,train,none,1114,-1,,False,6966d38c9e966c61,0,kaggle_3m/TCGA_DU_7008_19830723/TCGA_DU_7008_19830723_2_mask.tif,9
lgg_seg,lgg_seg,kaggle_3m/TCGA_DU_7008_19830723/TCGA_DU_7008_19830723_20.tif,TCGA_DU_7008_19830723_20,tumor,p17,train,none,1109,-1,duplicate_of:TCGA_DU_7008_19830723_15,False,f3cc4926869c7c63,3506,kaggle_3m/TCGA_DU_7008_19830723/TCGA_DU_7008_19830723_20_mask.tif,9
lgg_seg,lgg_seg,kaggle_3m/TCGA_DU_7008_19830723/TCGA_DU_7008_19830723_21.tif,TCGA_DU_7008_19830723_21,tumor,p17,train,none,1116,-1,,False,db4c2926c69cbc63,4185,kaggle_3m/TCGA_DU_7008_19830723/TCGA_DU_7008_19830723_21_mask.tif,9
lgg_seg,lgg_seg,kaggle_3m/TCGA_DU_7008_19830723/TCGA_DU_7008_19830723_22.tif,TCGA_DU_7008_19830723_22,tumor,p17,train,none,1117,-1,,False,c94c3326c69cbc73,4336,kaggle_3m/TCGA_DU_7008_19830723/TCGA_DU_7008_19830723_22_mask.tif,9
lgg_seg,lgg_seg,kaggle_3m/TCGA_DU_7008_19830723/TCGA_DU_7008_19830723_23.tif,TCGA_DU_7008_19830723_23,tumor,p17,train,none,1117,-1,duplicate_of:TCGA_DU_7008_19830723_22,False,c9447326ce9c3c73,3566,kaggle_3m/TCGA_DU_7008_19830723/TCGA_DU_7008_19830723_23_mask.tif,9
lgg_seg,lgg_seg,kaggle_3m/TCGA_DU_7008_19830723/TCGA_DU_7008_19830723_24.tif,TCGA_DU_7008_19830723_24,tumor,p17,train,none,1117,-1,duplicate_of:TCGA_DU_7008_19830723_22,False,c9667326cc9c3473,4650,kaggle_3m/TCGA_DU_7008_19830723/TCGA_DU_7008_19830723_24_mask.tif,9
lgg_seg,lgg_seg,kaggle_3m/TCGA_DU_7008_19830723/TCGA_DU_7008_19830723_25.tif,TCGA_DU_7008_19830723_25,tumor,p17,train,none,1117,-1,duplicate_of:TCGA_DU_7008_19830723_22,False,69667326cc9c3473,4979,kaggle_3m/TCGA_DU_7008_19830723/TCGA_DU_7008_19830723_25_mask.tif,9
lgg_seg,lgg_seg,kaggle_3m/TCGA_DU_7008_19830723/TCGA_DU_7008_19830723_26.tif,TCGA_DU_7008_19830723_26,tumor,p17,train,none,1117,-1,duplicate_of:TCGA_DU_7008_19830723_22,False,69647326cd9c3473,5165,kaggle_3m/TCGA_DU_7008_19830723/TCGA_DU_7008_19830723_26_mask.tif,9
lgg_seg,lgg_seg,kaggle_3m/TCGA_DU_7008_19830723/TCGA_DU_7008_19830723_27.tif,TCGA_DU_7008_19830723_27,tumor,p17,train,none,1117,-1,duplicate_of:TCGA_DU_7008_19830723_22,False,616ce326cd9c3473,3946,kaggle_3m/TCGA_DU_7008_19830723/TCGA_DU_7008_19830723_27_mask.tif,9
lgg_seg,lgg_seg,kaggle_3m/TCGA_DU_7008_19830723/TCGA_DU_7008_19830723_28.tif,TCGA_DU_7008_19830723_28,tumor,p17,train,none,403,-1,duplicate_of:TCGA_DU_5851_19950428_16,False,f34cc3264f9c3463,3954,kaggle_3m/TCGA_DU_7008_19830723/TCGA_DU_7008_19830723_28_mask.tif,9
lgg_seg,lgg_seg,kaggle_3m/TCGA_DU_7008_19830723/TCGA_DU_7008_19830723_29.tif,TCGA_DU_7008_19830723_29,tumor,p17,train,none,403,-1,duplicate_of:TCGA_DU_5851_19950428_16,False,f34e71260f9c3463,3901,kaggle_3m/TCGA_DU_7008_19830723/TCGA_DU_7008_19830723_29_mask.tif,9
lgg_seg,lgg_seg,kaggle_3m/TCGA_DU_7008_19830723/TCGA_DU_7008_19830723_3.tif,TCGA_DU_7008_19830723_3,empty,p17,train,none,1125,-1,,False,7946c32c9e966c69,0,kaggle_3m/TCGA_DU_7008_19830723/TCGA_DU_7008_19830723_3_mask.tif,9
lgg_seg,lgg_seg,kaggle_3m/TCGA_DU_7008_19830723/TCGA_DU_7008_19830723_30.tif,TCGA_DU_7008_19830723_30,tumor,p17,train,none,403,-1,duplicate_of:TCGA_DU_5851_19950428_16,False,f34c71264f9c3463,3773,kaggle_3m/TCGA_DU_7008_19830723/TCGA_DU_7008_19830723_30_mask.tif,9
lgg_seg,lgg_seg,kaggle_3m/TCGA_DU_7008_19830723/TCGA_DU_7008_19830723_31.tif,TCGA_DU_7008_19830723_31,tumor,p17,train,none,403,-1,duplicate_of:TCGA_DU_5851_19950428_16,False,e34c7126cf9c3463,2843,kaggle_3m/TCGA_DU_7008_19830723/TCGA_DU_7008_19830723_31_mask.tif,9
lgg_seg,lgg_seg,kaggle_3m/TCGA_DU_7008_19830723/TCGA_DU_7008_19830723_32.tif,TCGA_DU_7008_19830723_32,tumor,p17,train,none,1128,-1,,False,c1cc5326cf9c34e3,3779,kaggle_3m/TCGA_DU_7008_19830723/TCGA_DU_7008_19830723_32_mask.tif,9
lgg_seg,lgg_seg,kaggle_3m/TCGA_DU_7008_19830723/TCGA_DU_7008_19830723_33.tif,TCGA_DU_7008_19830723_33,tumor,p17,train,none,403,-1,duplicate_of:TCGA_DU_5851_19950428_16,False,f18cd3264f9c3463,2488,kaggle_3m/TCGA_DU_7008_19830723/TCGA_DU_7008_19830723_33_mask.tif,9
lgg_seg,lgg_seg,kaggle_3m/TCGA_DU_7008_19830723/TCGA_DU_7008_19830723_34.tif,TCGA_DU_7008_19830723_34,tumor,p17,train,none,1130,-1,,False,598cf3664d9c3463,2154,kaggle_3m/TCGA_DU_7008_19830723/TCGA_DU_7008_19830723_34_mask.tif,9
lgg_seg,lgg_seg,kaggle_3m/TCGA_DU_7008_19830723/TCGA_DU_7008_19830723_35.tif,TCGA_DU_7008_19830723_35,tumor,p17,train,none,1130,-1,duplicate_of:TCGA_DU_7008_19830723_34,False,998cf366499c3473,1692,kaggle_3m/TCGA_DU_7008_19830723/TCGA_DU_7008_19830723_35_mask.tif,9
lgg_seg,lgg_seg,kaggle_3m/TCGA_DU_7008_19830723/TCGA_DU_7008_19830723_36.tif,TCGA_DU_7008_19830723_36,tumor,p17,train,none,1130,-1,duplicate_of:TCGA_DU_7008_19830723_34,False,398cf3264b9c3473,1217,kaggle_3m/TCGA_DU_7008_19830723/TCGA_DU_7008_19830723_36_mask.tif,9
lgg_seg,lgg_seg,kaggle_3m/TCGA_DU_7008_19830723/TCGA_DU_7008_19830723_37.tif,TCGA_DU_7008_19830723_37,tumor,p17,train,none,1130,-1,duplicate_of:TCGA_DU_7008_19830723_34,False,39ccf3264b1c34d3,517,kaggle_3m/TCGA_DU_7008_19830723/TCGA_DU_7008_19830723_37_mask.tif,9
lgg_seg,lgg_seg,kaggle_3m/TCGA_DU_7008_19830723/TCGA_DU_7008_19830723_38.tif,TCGA_DU_7008_19830723_38,tumor,p17,train,none,10,-1,duplicate_of:TCGA_CS_5396_20010302_19,False,39c6f32c493c34d3,361,kaggle_3m/TCGA_DU_7008_19830723/TCGA_DU_7008_19830723_38_mask.tif,9
lgg_seg,lgg_seg,kaggle_3m/TCGA_DU_7008_19830723/TCGA_DU_7008_19830723_39.tif,TCGA_DU_7008_19830723_39,tumor,p17,train,none,10,-1,duplicate_of:TCGA_CS_5396_20010302_19,False,33c6f30c4b3c34d3,99,kaggle_3m/TCGA_DU_7008_19830723/TCGA_DU_7008_19830723_39_mask.tif,9
lgg_seg,lgg_seg,kaggle_3m/TCGA_DU_7008_19830723/TCGA_DU_7008_19830723_4.tif,TCGA_DU_7008_19830723_4,empty,p17,train,none,1136,-1,,False,794cc3269e966cc9,0,kaggle_3m/TCGA_DU_7008_19830723/TCGA_DU_7008_19830723_4_mask.tif,9
lgg_seg,lgg_seg,kaggle_3m/TCGA_DU_7008_19830723/TCGA_DU_7008_19830723_40.tif,TCGA_DU_7008_19830723_40,empty,p17,train,none,10,-1,duplicate_of:TCGA_CS_4941_19960909_19,False,33c6f10c4b3c3cd3,0,kaggle_3m/TCGA_DU_7008_19830723/TCGA_DU_7008_19830723_40_mask.tif,9
lgg_seg,lgg_seg,kaggle_3m/TCGA_DU_7008_19830723/TCGA_DU_7008_19830723_41.tif,TCGA_DU_7008_19830723_41,empty,p17,train,none,10,-1,duplicate_of:TCGA_CS_4941_19960909_19,False,31c7f10cc33c3cd3,0,kaggle_3m/TCGA_DU_7008_19830723/TCGA_DU_7008_19830723_41_mask.tif,9
lgg_seg,lgg_seg,kaggle_3m/TCGA_DU_7008_19830723/TCGA_DU_7008_19830723_42.tif,TCGA_DU_7008_19830723_42,empty,p17,train,none,10,-1,duplicate_of:TCGA_CS_4941_19960909_19,False,33c7f10cc32c3cd3,0,kaggle_3m/TCGA_DU_7008_19830723/TCGA_DU_7008_19830723_42_mask.tif,9
lgg_seg,lgg_seg,kaggle_3m/TCGA_DU_7008_19830723/TCGA_DU_7008_19830723_43.tif,TCGA_DU_7008_19830723_43,empty,p17,train,none,417,-1,duplicate_of:TCGA_DU_5851_19950428_29,False,39c3d34cc32c3cd3,0,kaggle_3m/TCGA_DU_7008_19830723/TCGA_DU_7008_19830723_43_mask.tif,9
lgg_seg,lgg_seg,kaggle_3m/TCGA_DU_7008_19830723/TCGA_DU_7008_19830723_44.tif,TCGA_DU_7008_19830723_44,empty,p17,train,none,417,-1,duplicate_of:TCGA_DU_5851_19950428_29,False,30e3d34ccb2c3cd3,0,kaggle_3m/TCGA_DU_7008_19830723/TCGA_DU_7008_19830723_44_mask.tif,9
lgg_seg,lgg_seg,kaggle_3m/TCGA_DU_7008_19830723/TCGA_DU_7008_19830723_45.tif,TCGA_DU_7008_19830723_45,empty,p17,train,none,1142,-1,,False,347393cccb2c34d3,0,kaggle_3m/TCGA_DU_7008_19830723/TCGA_DU_7008_19830723_45_mask.tif,9
lgg_seg,lgg_seg,kaggle_3m/TCGA_DU_7008_19830723/TCGA_DU_7008_19830723_46.tif,TCGA_DU_7008_19830723_46,empty,p17,train,none,1142,-1,duplicate_of:TCGA_DU_7008_19830723_45,False,3c73b3ccc92c24d3,0,kaggle_3m/TCGA_DU_7008_19830723/TCGA_DU_7008_19830723_46_mask.tif,9
lgg_seg,lgg_seg,kaggle_3m/TCGA_DU_7008_19830723/TCGA_DU_7008_19830723_47.tif,TCGA_DU_7008_19830723_47,empty,p17,train,none,1144,-1,,False,4c3b33cec92c26d3,0,kaggle_3m/TCGA_DU_7008_19830723/TCGA_DU_7008_19830723_47_mask.tif,9
lgg_seg,lgg_seg,kaggle_3m/TCGA_DU_7008_19830723/TCGA_DU_7008_19830723_48.tif,TCGA_DU_7008_19830723_48,empty,p17,train,none,975,-1,duplicate_of:TCGA_DU_6405_19851005_51,False,cc3333c3db2c24b3,0,kaggle_3m/TCGA_DU_7008_19830723/TCGA_DU_7008_19830723_48_mask.tif,9
lgg_seg,lgg_seg,kaggle_3m/TCGA_DU_7008_19830723/TCGA_DU_7008_19830723_49.tif,TCGA_DU_7008_19830723_49,empty,p17,train,none,423,-1,duplicate_of:TCGA_DU_5851_19950428_34,False,cc9934f3934c4cb3,0,kaggle_3m/TCGA_DU_7008_19830723/TCGA_DU_7008_19830723_49_mask.tif,9
lgg_seg,lgg_seg,kaggle_3m/TCGA_DU_7008_19830723/TCGA_DU_7008_19830723_5.tif,TCGA_DU_7008_19830723_5,empty,p17,train,none,1136,-1,duplicate_of:TCGA_DU_7008_19830723_4,False,794ec3a61e966c49,0,kaggle_3m/TCGA_DU_7008_19830723/TCGA_DU_7008_19830723_5_mask.tif,9
lgg_seg,lgg_seg,kaggle_3m/TCGA_DU_7008_19830723/TCGA_DU_7008_19830723_50.tif,TCGA_DU_7008_19830723_50,empty,p17,train,none,139,-1,duplicate_of:TCGA_CS_5396_20010302_24,False,b3c8cc3333cccc33,0,kaggle_3m/TCGA_DU_7008_19830723/TCGA_DU_7008_19830723_50_mask.tif,9
lgg_seg,lgg_seg,kaggle_3m/TCGA_DU_7008_19830723/TCGA_DU_7008_19830723_51.tif,TCGA_DU_7008_19830723_51,empty,p17,train,none,139,-1,duplicate_of:TCGA_CS_5396_20010302_24,False,33d8cc3333cccc33,0,kaggle_3m/TCGA_DU_7008_19830723/TCGA_DU_7008_19830723_51_mask.tif,9
lgg_seg,lgg_seg,kaggle_3m/TCGA_DU_7008_19830723/TCGA_DU_7008_19830723_52.tif,TCGA_DU_7008_19830723_52,empty,p17,train,none,979,-1,duplicate_of:TCGA_DU_6405_19851005_55,False,333acc3233ccc733,0,kaggle_3m/TCGA_DU_7008_19830723/TCGA_DU_7008_19830723_52_mask.tif,9
lgg_seg,lgg_seg,kaggle_3m/TCGA_DU_7008_19830723/TCGA_DU_7008_19830723_6.tif,TCGA_DU_7008_19830723_6,empty,p17,train,none,1151,-1,,False,796ec32c1c96ec49,0,kaggle_3m/TCGA_DU_7008_19830723/TCGA_DU_7008_19830723_6_mask.tif,9
lgg_seg,lgg_seg,kaggle_3m/TCGA_DU_7008_19830723/TCGA_DU_7008_19830723_7.tif,TCGA_DU_7008_19830723_7,empty,p17,train,none,1151,-1,duplicate_of:TCGA_DU_7008_19830723_6,False,7966c3241e96ecc9,0,kaggle_3m/TCGA_DU_7008_19830723/TCGA_DU_7008_19830723_7_mask.tif,9
lgg_seg,lgg_seg,kaggle_3m/TCGA_DU_7008_19830723/TCGA_DU_7008_19830723_8.tif,TCGA_DU_7008_19830723_8,empty,p17,train,none,1153,-1,,False,d966e32416b66cc9,0,kaggle_3m/TCGA_DU_7008_19830723/TCGA_DU_7008_19830723_8_mask.tif,9
lgg_seg,lgg_seg,kaggle_3m/TCGA_DU_7008_19830723/TCGA_DU_7008_19830723_9.tif,TCGA_DU_7008_19830723_9,empty,p17,train,none,1154,-1,,False,d266c32c96b66cc9,0,kaggle_3m/TCGA_DU_7008_19830723/TCGA_DU_7008_19830723_9_mask.tif,9
lgg_seg,lgg_seg,kaggle_3m/TCGA_DU_7010_19860307/TCGA_DU_7010_19860307_1.tif,TCGA_DU_7010_19860307_1,empty,p33,train,none,1155,-1,,False,93c6791643f8bc83,0,kaggle_3m/TCGA_DU_7010_19860307/TCGA_DU_7010_19860307_1_mask.tif,6
lgg_seg,lgg_seg,kaggle_3m/TCGA_DU_7010_19860307/TCGA_DU_7010_19860307_10.tif,TCGA_DU_7010_19860307_10,empty,p33,train,none,1156,-1,,False,9e86dc1e5a7aa1a1,0,kaggle_3m/TCGA_DU_7010_19860307/TCGA_DU_7010_19860307_10_mask.tif,6
lgg_seg,lgg_seg,kaggle_3m/TCGA_DU_7010_19860307/TCGA_DU_7010_19860307_11.tif,TCGA_DU_7010_19860307_11,empty,p33,train,none,1156,-1,duplicate_of:TCGA_DU_7010_19860307_10,False,9e86dc1e5a7aa1a1,0,kaggle_3m/TCGA_DU_7010_19860307/TCGA_DU_7010_19860307_11_mask.tif,6
lgg_seg,lgg_seg,kaggle_3m/TCGA_DU_7010_19860307/TCGA_DU_7010_19860307_12.tif,TCGA_DU_7010_19860307_12,empty,p33,train,none,1156,-1,duplicate_of:TCGA_DU_7010_19860307_10,False,9686dc1e5a7aa5a1,0,kaggle_3m/TCGA_DU_7010_19860307/TCGA_DU_7010_19860307_12_mask.tif,6
lgg_seg,lgg_seg,kaggle_3m/TCGA_DU_7010_19860307/TCGA_DU_7010_19860307_13.tif,TCGA_DU_7010_19860307_13,empty,p33,train,none,1156,-1,duplicate_of:TCGA_DU_7010_19860307_10,False,9686d41e7a7aa5a1,0,kaggle_3m/TCGA_DU_7010_19860307/TCGA_DU_7010_19860307_13_mask.tif,6
lgg_seg,lgg_seg,kaggle_3m/TCGA_DU_7010_19860307/TCGA_DU_7010_19860307_14.tif,TCGA_DU_7010_19860307_14,empty,p33,train,none,1156,-1,duplicate_of:TCGA_DU_7010_19860307_10,False,96869c1e7a7aa5a1,0,kaggle_3m/TCGA_DU_7010_19860307/TCGA_DU_7010_19860307_14_mask.tif,6
lgg_seg,lgg_seg,kaggle_3m/TCGA_DU_7010_19860307/TCGA_DU_7010_19860307_15.tif,TCGA_DU_7010_19860307_15,empty,p33,train,none,1156,-1,duplicate_of:TCGA_DU_7010_19860307_10,False,96869c1e7a7aa5a1,0,kaggle_3m/TCGA_DU_7010_19860307/TCGA_DU_7010_19860307_15_mask.tif,6
lgg_seg,lgg_seg,kaggle_3m/TCGA_DU_7010_19860307/TCGA_DU_7010_19860307_16.tif,TCGA_DU_7010_19860307_16,empty,p33,train,none,1156,-1,duplicate_of:TCGA_DU_7010_19860307_10,False,9696991e5a7aa5a1,0,kaggle_3m/TCGA_DU_7010_19860307/TCGA_DU_7010_19860307_16_mask.tif,6
lgg_seg,lgg_seg,kaggle_3m/TCGA_DU_7010_19860307/TCGA_DU_7010_19860307_17.tif,TCGA_DU_7010_19860307_17,empty,p33,train,none,1156,-1,duplicate_of:TCGA_DU_7010_19860307_10,False,96969c1e5a7aa5a1,0,kaggle_3m/TCGA_DU_7010_19860307/TCGA_DU_7010_19860307_17_mask.tif,6
lgg_seg,lgg_seg,kaggle_3m/TCGA_DU_7010_19860307/TCGA_DU_7010_19860307_18.tif,TCGA_DU_7010_19860307_18,empty,p33,train,none,1156,-1,duplicate_of:TCGA_DU_7010_19860307_10,False,96969c1e5a7aa5a1,0,kaggle_3m/TCGA_DU_7010_19860307/TCGA_DU_7010_19860307_18_mask.tif,6
lgg_seg,lgg_seg,kaggle_3m/TCGA_DU_7010_19860307/TCGA_DU_7010_19860307_19.tif,TCGA_DU_7010_19860307_19,empty,p33,train,none,1156,-1,duplicate_of:TCGA_DU_7010_19860307_10,False,96969d1e5a5aa5a1,0,kaggle_3m/TCGA_DU_7010_19860307/TCGA_DU_7010_19860307_19_mask.tif,6
lgg_seg,lgg_seg,kaggle_3m/TCGA_DU_7010_19860307/TCGA_DU_7010_19860307_2.tif,TCGA_DU_7010_19860307_2,empty,p33,train,none,1156,-1,duplicate_of:TCGA_DU_7010_19860307_10,False,9e86591e4b7aa5a1,0,kaggle_3m/TCGA_DU_7010_19860307/TCGA_DU_7010_19860307_2_mask.tif,6
lgg_seg,lgg_seg,kaggle_3m/TCGA_DU_7010_19860307/TCGA_DU_7010_19860307_20.tif,TCGA_DU_7010_19860307_20,empty,p33,train,none,1156,-1,duplicate_of:TCGA_DU_7010_19860307_10,False,878e9c1e5a7aa5a1,0,kaggle_3m/TCGA_DU_7010_19860307/TCGA_DU_7010_19860307_20_mask.tif,6
lgg_seg,lgg_seg,kaggle_3m/TCGA_DU_7010_19860307/TCGA_DU_7010_19860307_21.tif,TCGA_DU_7010_19860307_21,empty,p33,train,none,1156,-1,duplicate_of:TCGA_DU_7010_19860307_10,False,8f869c9e5a5aa5a1,0,kaggle_3m/TCGA_DU_7010_19860307/TCGA_DU_7010_19860307_21_mask.tif,6
lgg_seg,lgg_seg,kaggle_3m/TCGA_DU_7010_19860307/TCGA_DU_7010_19860307_22.tif,TCGA_DU_7010_19860307_22,empty,p33,train,none,1169,-1,,False,e386949e5a5a2da9,0,kaggle_3m/TCGA_DU_7010_19860307/TCGA_DU_7010_19860307_22_mask.tif,6
lgg_seg,lgg_seg,kaggle_3m/TCGA_DU_7010_19860307/TCGA_DU_7010_19860307_23.tif,TCGA_DU_7010_19860307_23,empty,p33,train,none,1170,-1,,False,6386a4965a5eada9,0,kaggle_3m/TCGA_DU_7010_19860307/TCGA_DU_7010_19860307_23_mask.tif,6
lgg_seg,lgg_seg,kaggle_3m/TCGA_DU_7010_19860307/TCGA_DU_7010_19860307_24.tif,TCGA_DU_7010_19860307_24,tumor,p33,train,none,1171,-1,,False,63a4a5945e5eaca9,489,kaggle_3m/TCGA_DU_7010_19860307/TCGA_DU_7010_19860307_24_mask.tif,6
lgg_seg,lgg_seg,kaggle_3m/TCGA_DU_7010_19860307/TCGA_DU_7010_19860307_25.tif,TCGA_DU_7010_19860307_25,tumor,p33,train,none,1171,-1,duplicate_of:TCGA_DU_7010_19860307_24,False,63a4ad9c5e56a4a9,1145,kaggle_3m/TCGA_DU_7010_19860307/TCGA_DU_7010_19860307_25_mask.tif,6
lgg_seg,lgg_seg,kaggle_3m/TCGA_DU_7010_19860307/TCGA_DU_7010_19860307_26.tif,TCGA_DU_7010_19860307_26,tumor,p33,train,none,1171,-1,duplicate_of:TCGA_DU_7010_19860307_24,False,61acad9c5e56a4a9,1043,kaggle_3m/TCGA_DU_7010_19860307/TCGA_DU_7010_19860307_26_mask.tif,6
lgg_seg,lgg_seg,kaggle_3m/TCGA_DU_7010_19860307/TCGA_DU_7010_19860307_27.tif,TCGA_DU_7010_19860307_27,tumor,p33,train,none,1174,-1,,False,69acad16d676a489,1300,kaggle_3m/TCGA_DU_7010_19860307/TCGA_DU_7010_19860307_27_mask.tif,6
lgg_seg,lgg_seg,kaggle_3m/TCGA_DU_7010_19860307/TCGA_DU_7010_19860307_28.tif,TCGA_DU_7010_19860307_28,tumor,p33,train,none,1175,-1,,False,69accc1ec676a4a9,1245,kaggle_3m/TCGA_DU_7010_19860307/TCGA_DU_7010_19860307_28_mask.tif,6
lgg_seg,lgg_seg,kaggle_3m/TCGA_DU_7010_19860307/TCGA_DU_7010_19860307_29.tif,TCGA_DU_7010_19860307_29,tumor,p33,train,none,1176,-1,,False,e98ccc96867664e9,1079,kaggle_3m/TCGA_DU_7010_19860307/TCGA_DU_7010_19860307_29_mask.tif,6
lgg_seg,lgg_seg,kaggle_3m/TCGA_DU_7010_19860307/TCGA_DU_7010_19860307_3.tif,TCGA_DU_7010_19860307_3,empty,p33,train,none,1156,-1,duplicate_of:TCGA_DU_7010_19860307_10,False,9b86d91e4b7aa4a1,0,kaggle_3m/TCGA_DU_7010_19860307/TCGA_DU_7010_19860307_3_mask.tif,6
lgg_seg,lgg_seg,kaggle_3m/TCGA_DU_7010_19860307/TCGA_DU_7010_19860307_30.tif,TCGA_DU_7010_19860307_30,tumor,p33,train,none,1176,-1,duplicate_of:TCGA_DU_7010_19860307_29,False,e98ccc96867664e9,1282,kaggle_3m/TCGA_DU_7010_19860307/TCGA_DU_7010_19860307_30_mask.tif,6
lgg_seg,lgg_seg,kaggle_3m/TCGA_DU_7010_19860307/TCGA_DU_7010_19860307_31.tif,TCGA_DU_7010_19860307_31,tumor,p33,train,none,1176,-1,duplicate_of:TCGA_DU_7010_19860307_29,False,ed8c8e9686766469,2107,kaggle_3m/TCGA_DU_7010_19860307/TCGA_DU_7010_19860307_31_mask.tif,6
lgg_seg,lgg_seg,kaggle_3m/TCGA_DU_7010_19860307/TCGA_DU_7010_19860307_32.tif,TCGA_DU_7010_19860307_32,tumor,p33,train,none,1180,-1,,False,899c9e96867664e9,1616,kaggle_3m/TCGA_DU_7010_19860307/TCGA_DU_7010_19860307_32_mask.tif,6
lgg_seg,lgg_seg,kaggle_3m/TCGA_DU_7010_19860307/TCGA_DU_7010_19860307_33.tif,TCGA_DU_7010_19860307_33,tumor,p33,train,none,1181,-1,,False,e59cc89686766c69,2218,kaggle_3m/TCGA_DU_7010_19860307/TCGA_DU_7010_19860307_33_mask.tif,6
lgg_seg,lgg_seg,kaggle_3m/TCGA_DU_7010_19860307/TCGA_DU_7010_19860307_34.tif,TCGA_DU_7010_19860307_34,tumor,p33,train,none,1182,-1,,False,e68cc99686767c49,2778,kaggle_3m/TCGA_DU_7010_19860307/TCGA_DU_7010_19860307_34_mask.tif,6
lgg_seg,lgg_seg,kaggle_3m/TCGA_DU_7010_19860307/TCGA_DU_7010_19860307_35.tif,TCGA_DU_7010_19860307_35,tumor,p33,train,none,1182,-1,duplicate_of:TCGA_DU_7010_19860307_34,False,e686c99686767c49,3147,kaggle_3m/TCGA_DU_7010_19860307/TCGA_DU_7010_19860307_35_mask.tif,6
lgg_seg,lgg_seg,kaggle_3m/TCGA_DU_7010_19860307/TCGA_DU_7010_19860307_36.tif,TCGA_DU_7010_19860307_36,tumor,p33,train,none,1184,-1,,False,63a6c99686763cc9,3378,kaggle_3m/TCGA_DU_7010_19860307/TCGA_DU_7010_19860307_36_mask.tif,6
lgg_seg,lgg_seg,kaggle_3m/TCGA_DU_7010_19860307/TCGA_DU_7010_19860307_37.tif,TCGA_DU_7010_19860307_37,tumor,p33,train,none,1184,-1,duplicate_of:TCGA_DU_7010_19860307_36,False,63a6c99686763cc9,3591,kaggle_3m/TCGA_DU_7010_19860307/TCGA_DU_7010_19860307_37_mask.tif,6
lgg_seg,lgg_seg,kaggle_3m/TCGA_DU_7010_19860307/TCGA_DU_7010_19860307_38.tif,TCGA_DU_7010_19860307_38,tumor,p33,train,none,1184,-1,duplicate_of:TCGA_DU_7010_19860307_36,False,73a6c994a6363cc9,4127,kaggle_3m/TCGA_DU_7010_19860307/TCGA_DU_7010_19860307_38_mask.tif,6
lgg_seg,lgg_seg,kaggle_3m/TCGA_DU_7010_19860307/TCGA_DU_7010_19860307_39.tif,TCGA_DU_7010_19860307_39,tumor,p33,train,none,1184,-1,duplicate_of:TCGA_DU_7010_19860307_36,False,71a6c99ca6363cc9,3927,kaggle_3m/TCGA_DU_7010_19860307/TCGA_DU_7010_19860307_39_mask.tif,6
lgg_seg,lgg_seg,kaggle_3m/TCGA_DU_7010_19860307/TCGA_DU_7010_19860307_4.tif,TCGA_DU_7010_19860307_4,empty,p33,train,none,1156,-1,duplicate_of:TCGA_DU_7010_19860307_10,False,9b86d91e4b7aa4a1,0,kaggle_3m/TCGA_DU_7010_19860307/TCGA_DU_7010_19860307_4_mask.tif,6
lgg_seg,lgg_seg,kaggle_3m/TCGA_DU_7010_19860307/TCGA_DU_7010_19860307_40.tif,TCGA_DU_7010_19860307_40,tumor,p33,train,none,1184,-1,duplicate_of:TCGA_DU_7010_19860307_36,False,71a6c99ca7361cc9,3432,kaggle_3m/TCGA_DU_7010_19860307/TCGA_DU_7010_19860307_40_mask.tif,6
lgg_seg,lgg_seg,kaggle_3m/TCGA_DU_7010_19860307/TCGA_DU_7010_19860307_41.tif,TCGA_DU_7010_19860307_41,tumor,p33,train,none,1184,-1,duplicate_of:TCGA_DU_7010_19860307_36,False,79a6c98ca7361cc9,2546,kaggle_3m/TCGA_DU_7010_19860307/TCGA_DU_7010_19860307_41_mask.tif,6
lgg_seg,lgg_seg,kaggle_3m/TCGA_DU_7010_19860307/TCGA_DU_7010_19860307_42.tif,TCGA_DU_7010_19860307_42,tumor,p33,train,none,1184,-1,duplicate_of:TCGA_DU_7010_19860307_36,False,71a6598ce7361cc9,2683,kaggle_3m/TCGA_DU_7010_19860307/TCGA_DU_7010_19860307_42_mask.tif,6
lgg_seg,lgg_seg,kaggle_3m/TCGA_DU_7010_19860307/TCGA_DU_7010_19860307_43.tif,TCGA_DU_7010_19860307_43,tumor,p33,train,none,1184,-1,duplicate_of:TCGA_DU_7010_19860307_36,False,31e6d98cc7361cc9,2348,kaggle_3m/TCGA_DU_7010_19860307/TCGA_DU_7010_19860307_43_mask.tif,6
lgg_seg,lgg_seg,kaggle_3m/TCGA_DU_7010_19860307/TCGA_DU_7010_19860307_44.tif,TCGA_DU_7010_19860307_44,tumor,p33,train,none,1184,-1,duplicate_of:TCGA_DU_7010_19860307_36,False,31e6d98cc7361cc9,2620,kaggle_3m/TCGA_DU_7010_19860307/TCGA_DU_7010_19860307_44_mask.tif,6
lgg_seg,lgg_seg,kaggle_3m/TCGA_DU_7010_19860307/TCGA_DU_7010_19860307_45.tif,TCGA_DU_7010_19860307_45,tumor,p33,train,none,1184,-1,duplicate_of:TCGA_DU_7010_19860307_36,False,3366d98cc3363cc9,1863,kaggle_3m/TCGA_DU_7010_19860307/TCGA_DU_7010_19860307_45_mask.tif,6
lgg_seg,lgg_seg,kaggle_3m/TCGA_DU_7010_19860307/TCGA_DU_7010_19860307_46.tif,TCGA_DU_7010_19860307_46,tumor,p33,train,none,1184,-1,duplicate_of:TCGA_DU_7010_19860307_36,False,3366d98cc3363cc9,1906,kaggle_3m/TCGA_DU_7010_19860307/TCGA_DU_7010_19860307_46_mask.tif,6
lgg_seg,lgg_seg,kaggle_3m/TCGA_DU_7010_19860307/TCGA_DU_7010_19860307_47.tif,TCGA_DU_7010_19860307_47,tumor,p33,train,none,1184,-1,duplicate_of:TCGA_DU_7010_19860307_36,False,3866d98cc3363cd9,1611,kaggle_3m/TCGA_DU_7010_19860307/TCGA_DU_7010_19860307_47_mask.tif,6
lgg_seg,lgg_seg,kaggle_3m/TCGA_DU_7010_19860307/TCGA_DU_7010_19860307_48.tif,TCGA_DU_7010_19860307_48,tumor,p33,train,none,1197,-1,,False,9c6339ccc3362cd9,2017,kaggle_3m/TCGA_DU_7010_19860307/TCGA_DU_7010_19860307_48_mask.tif,6
lgg_seg,lgg_seg,kaggle_3m/TCGA_DU_7010_19860307/TCGA_DU_7010_19860307_49.tif,TCGA_DU_7010_19860307_49,tumor,p33,train,none,1198,-1,,False,9c6339cce3960c79,1413,kaggle_3m/TCGA_DU_7010_19860307/TCGA_DU_7010_19860307_49_mask.tif,6
lgg_seg,lgg_seg,kaggle_3m/TCGA_DU_7010_19860307/TCGA_DU_7010_19860307_5.tif,TCGA_DU_7010_19860307_5,empty,p33,train,none,1156,-1,duplicate_of:TCGA_DU_7010_19860307_10,False,9b86d91e4a7aa5a1,0,kaggle_3m/TCGA_DU_7010_19860307/TCGA_DU_7010_19860307_5_mask.tif,6
lgg_seg,lgg_seg,kaggle_3m/TCGA_DU_7010_19860307/TCGA_DU_7010_19860307_50.tif,TCGA_DU_7010_19860307_50,tumor,p33,train,none,1200,-1,,False,867919e6e3960c79,271,kaggle_3m/TCGA_DU_7010_19860307/TCGA_DU_7010_19860307_50_mask.tif,6
lgg_seg,lgg_seg,kaggle_3m/TCGA_DU_7010_19860307/TCGA_DU_7010_19860307_51.tif,TCGA_DU_7010_19860307_51,empty,p33,train,none,1201,-1,,False,e619996663869c79,0,kaggle_3m/TCGA_DU_7010_19860307/TCGA_DU_7010_19860307_51_mask.tif,6
lgg_seg,lgg_seg,kaggle_3m/TCGA_DU_7010_19860307/TCGA_DU_7010_19860307_52.tif,TCGA_DU_7010_19860307_52,empty,p33,train,none,917,-1,duplicate_of:TCGA_DU_6404_19850629_47,False,66999c6763868e59,0,kaggle_3m/TCGA_DU_7010_19860307/TCGA_DU_7010_19860307_52_mask.tif,6
lgg_seg,lgg_seg,kaggle_3m/TCGA_DU_7010_19860307/TCGA_DU_7010_19860307_53.tif,TCGA_DU_7010_19860307_53,empty,p33,train,none,1203,-1,,False,9999667999e62619,0,kaggle_3m/TCGA_DU_7010_19860307/TCGA_DU_7010_19860307_53_mask.tif,6
lgg_seg,lgg_seg,kaggle_3m/TCGA_DU_7010_19860307/TCGA_DU_7010_19860307_54.tif,TCGA_DU_7010_19860307_54,empty,p33,train,none,1204,-1,,False,ce8e3299c9663699,0,kaggle_3m/TCGA_DU_7010_19860307/TCGA_DU_7010_19860307_54_mask.tif,6
lgg_seg,lgg_seg,kaggle_3m/TCGA_DU_7010_19860307/TCGA_DU_7010_19860307_55.tif,TCGA_DU_7010_19860307_55,empty,p33,train,none,818,-1,duplicate_of:TCGA_DU_6400_19830518_55,False,666699996c669399,0,kaggle_3m/TCGA_DU_7010_19860307/TCGA_DU_7010_19860307_55_mask.tif,6
lgg_seg,lgg_seg,kaggle_3m/TCGA_DU_7010_19860307/TCGA_DU_7010_19860307_56.tif,TCGA_DU_7010_19860307_56,empty,p33,train,none,818,-1,duplicate_of:TCGA_DU_6400_19830518_55,False,666699996666b899,0,kaggle_3m/TCGA_DU_7010_19860307/TCGA_DU_7010_19860307_56_mask.tif,6
lgg_seg,lgg_seg,kaggle_3m/TCGA_DU_7010_19860307/TCGA_DU_7010_19860307_57.tif,TCGA_DU_7010_19860307_57,empty,p33,train,none,1207,-1,,False,3b63fc8791bed318,0,kaggle_3m/TCGA_DU_7010_19860307/TCGA_DU_7010_19860307_57_mask.tif,6
lgg_seg,lgg_seg,kaggle_3m/TCGA_DU_7010_19860307/TCGA_DU_7010_19860307_58.tif,TCGA_DU_7010_19860307_58,empty,p33,train,none,1208,-1,,False,724b6c4a151d2f02,0,kaggle_3m/TCGA_DU_7010_19860307/TCGA_DU_7010_19860307_58_mask.tif,6
lgg_seg,lgg_seg,kaggle_3m/TCGA_DU_7010_19860307/TCGA_DU_7010_19860307_6.tif,TCGA_DU_7010_19860307_6,empty,p33,train,none,1156,-1,duplicate_of:TCGA_DU_7010_19860307_10,False,9e86d91e4a7aa5a1,0,kaggle_3m/TCGA_DU_7010_19860307/TCGA_DU_7010_19860307_6_mask.tif,6
lgg_seg,lgg_seg,kaggle_3m/TCGA_DU_7010_19860307/TCGA_DU_7010_19860307_7.tif,TCGA_DU_7010_19860307_7,empty,p33,train,none,1156,-1,duplicate_of:TCGA_DU_7010_19860307_10,False,9e86d91c5a7aa5a1,0,kaggle_3m/TCGA_DU_7010_19860307/TCGA_DU_7010_19860307_7_mask.tif,6
lgg_seg,lgg_seg,kaggle_3m/TCGA_DU_7010_19860307/TCGA_DU_7010_19860307_8.tif,TCGA_DU_7010_19860307_8,empty,p33,train,none,1156,-1,duplicate_of:TCGA_DU_7010_19860307_10,False,9e86d91c5a7aa5a1,0,kaggle_3m/TCGA_DU_7010_19860307/TCGA_DU_7010_19860307_8_mask.tif,6
lgg_seg,lgg_seg,kaggle_3m/TCGA_DU_7010_19860307/TCGA_DU_7010_19860307_9.tif,TCGA_DU_7010_19860307_9,empty,p33,train,none,1156,-1,duplicate_of:TCGA_DU_7010_19860307_10,False,9a86dc9e5a7aa1a1,0,kaggle_3m/TCGA_DU_7010_19860307/TCGA_DU_7010_19860307_9_mask.tif,6
lgg_seg,lgg_seg,kaggle_3m/TCGA_DU_7013_19860523/TCGA_DU_7013_19860523_1.tif,TCGA_DU_7013_19860523_1,empty,p34,train,none,1213,-1,,False,5b96b416e3f88629,0,kaggle_3m/TCGA_DU_7013_19860523/TCGA_DU_7013_19860523_1_mask.tif,2
lgg_seg,lgg_seg,kaggle_3m/TCGA_DU_7013_19860523/TCGA_DU_7013_19860523_10.tif,TCGA_DU_7013_19860523_10,empty,p34,train,none,1214,-1,,False,f61ca95ef46a0629,0,kaggle_3m/TCGA_DU_7013_19860523/TCGA_DU_7013_19860523_10_mask.tif,2
lgg_seg,lgg_seg,kaggle_3m/TCGA_DU_7013_19860523/TCGA_DU_7013_19860523_11.tif,TCGA_DU_7013_19860523_11,empty,p34,train,none,1215,-1,,False,bc1ced5ed0f80629,0,kaggle_3m/TCGA_DU_7013_19860523/TCGA_DU_7013_19860523_11_mask.tif,2
lgg_seg,lgg_seg,kaggle_3m/TCGA_DU_7013_19860523/TCGA_DU_7013_19860523_12.tif,TCGA_DU_7013_19860523_12,empty,p34,train,none,1216,-1,,False,969ce55e52f22629,0,kaggle_3m/TCGA_DU_7013_19860523/TCGA_DU_7013_19860523_12_mask.tif,2
lgg_seg,lgg_seg,kaggle_3m/TCGA_DU_7013_19860523/TCGA_DU_7013_19860523_13.tif,TCGA_DU_7013_19860523_13,empty,p34,train,none,1217,-1,,False,b63ca57e32fa0609,0,kaggle_3m/TCGA_DU_7013_19860523/TCGA_DU_7013_19860523_13_mask.tif,2
lgg_seg,lgg_seg,kaggle_3m/TCGA_DU_7013_19860523/TCGA_DU_7013_19860523_14.tif,TCGA_DU_7013_19860523_14,empty,p34,train,none,1218,-1,,False,b61ca77c38f24689,0,kaggle_3m/TCGA_DU_7013_19860523/TCGA_DU_7013_19860523_14_mask.tif,2
lgg_seg,lgg_seg,kaggle_3m/TCGA_DU_7013_19860523/TCGA_DU_7013_19860523_15.tif,TCGA_DU_7013_19860523_15,empty,p34,train,none,1219,-1,,False,ec9c067e3cf24629,0,kaggle_3m/TCGA_DU_7013_19860523/TCGA_DU_7013_19860523_15_mask.tif,2
lgg_seg,lgg_seg,kaggle_3m/TCGA_DU_7013_19860523/TCGA_DU_7013_19860523_16.tif,TCGA_DU_7013_19860523_16,empty,p34,train,none,1220,-1,,False,e39c0e1eb4fa5621,0,kaggle_3m/TCGA_DU_7013_19860523/TCGA_DU_7013_19860523_16_mask.tif,2
lgg_seg,lgg_seg,kaggle_3m/TCGA_DU_7013_19860523/TCGA_DU_7013_19860523_17.tif,TCGA_DU_7013_19860523_17,tumor,p34,train,none,1220,-1,,False,e1dc0e1eb4fa5621,1678,kaggle_3m/TCGA_DU_7013_19860523/TCGA_DU_7013_19860523_17_mask.tif,2
lgg_seg,lgg_seg,kaggle_3m/TCGA_DU_7013_19860523/TCGA_DU_7013_19860523_18.tif,TCGA_DU_7013_19860523_18,tumor,p34,train,none,1220,-1,duplicate_of:TCGA_DU_7013_19860523_17,False,e1cc0e1eb4fa1e61,1631,kaggle_3m/TCGA_DU_7013_19860523/TCGA_DU_7013_19860523_18_mask.tif,2
lgg_seg,lgg_seg,kaggle_3m/TCGA_DU_7013_19860523/TCGA_DU_7013_19860523_19.tif,TCGA_DU_7013_19860523_19,tumor,p34,train,none,1223,-1,,False,e1462e1eb4ba1e69,1022,kaggle_3m/TCGA_DU_7013_19860523/TCGA_DU_7013_19860523_19_mask.tif,2
lgg_seg,lgg_seg,kaggle_3m/TCGA_DU_7013_19860523/TCGA_DU_7013_19860523_2.tif,TCGA_DU_7013_19860523_2,empty,p34,train,none,1224,-1,,False,1b96a41e66f88769,0,kaggle_3m/TCGA_DU_7013_19860523/TCGA_DU_7013_19860523_2_mask.tif,2
lgg_seg,lgg_seg,kaggle_3m/TCGA_DU_7013_19860523/TCGA_DU_7013_19860523_20.tif,TCGA_DU_7013_19860523_20,tumor,p34,train,none,1223,-1,duplicate_of:TCGA_DU_7013_19860523_19,False,e1468e5eb4b21e69,1460,kaggle_3m/TCGA_DU_7013_19860523/TCGA_DU_7013_19860523_20_mask.tif,2
lgg_seg,lgg_seg,kaggle_3m/TCGA_DU_7013_19860523/TCGA_DU_7013_19860523_21.tif,TCGA_DU_7013_19860523_21,tumor,p34,train,none,1226,-1,,False,e3168c1ca4fe1e69,1072,kaggle_3m/TCGA_DU_7013_19860523/TCGA_DU_7013_19860523_21_mask.tif,2
lgg_seg,lgg_seg,kaggle_3m/TCGA_DU_7013_19860523/TCGA_DU_7013_19860523_22.tif,TCGA_DU_7013_19860523_22,tumor,p34,train,none,1226,-1,duplicate_of:TCGA_DU_7013_19860523_21,False,a3168d5ca4f61e69,1127,kaggle_3m/TCGA_DU_7013_19860523/TCGA_DU_7013_19860523_22_mask.tif,2
lgg_seg,lgg_seg,kaggle_3m/TCGA_DU_7013_19860523/TCGA_DU_7013_19860523_23.tif,TCGA_DU_7013_19860523_23,tumor,p34,train,none,1226,-1,duplicate_of:TCGA_DU_7013_19860523_21,False,a716895ca4f61e69,1359,kaggle_3m/TCGA_DU_7013_19860523/TCGA_DU_7013_19860523_23_mask.tif,2
lgg_seg,lgg_seg,kaggle_3m/TCGA_DU_7013_19860523/TCGA_DU_7013_19860523_24.tif,TCGA_DU_7013_19860523_24,tumor,p34,train,none,1226,-1,duplicate_of:TCGA_DU_7013_19860523_21,False,a616a85ca4f65e69,774,kaggle_3m/TCGA_DU_7013_19860523/TCGA_DU_7013_19860523_24_mask.tif,2
lgg_seg,lgg_seg,kaggle_3m/TCGA_DU_7013_19860523/TCGA_DU_7013_19860523_25.tif,TCGA_DU_7013_19860523_25,tumor,p34,train,none,1226,-1,duplicate_of:TCGA_DU_7013_19860523_21,False,87162c5ca4f65e69,844,kaggle_3m/TCGA_DU_7013_19860523/TCGA_DU_7013_19860523_25_mask.tif,2
lgg_seg,lgg_seg,kaggle_3m/TCGA_DU_7013_19860523/TCGA_DU_7013_19860523_26.tif,TCGA_DU_7013_19860523_26,tumor,p34,train,none,1226,-1,duplicate_of:TCGA_DU_7013_19860523_21,False,a616ae1ca4d65e69,764,kaggle_3m/TCGA_DU_7013_19860523/TCGA_DU_7013_19860523_26_mask.tif,2
lgg_seg,lgg_seg,kaggle_3m/TCGA_DU_7013_19860523/TCGA_DU_7013_19860523_27.tif,TCGA_DU_7013_19860523_27,tumor,p34,train,none,1232,-1,,False,a314a75e84de5e61,517,kaggle_3m/TCGA_DU_7013_19860523/TCGA_DU_7013_19860523_27_mask.tif,2
lgg_seg,lgg_seg,kaggle_3m/TCGA_DU_7013_19860523/TCGA_DU_7013_19860523_28.tif,TCGA_DU_7013_19860523_28,tumor,p34,train,none,1232,-1,label_conflict,False,a114a65e85de5ee1,375,kaggle_3m/TCGA_DU_7013_19860523/TCGA_DU_7013_19860523_28_mask.tif,2
lgg_seg,lgg_seg,kaggle_3m/TCGA_DU_7013_19860523/TCGA_DU_7013_19860523_29.tif,TCGA_DU_7013_19860523_29,empty,p34,train,none,1232,-1,label_conflict,False,a114a65e85de5ee1,0,kaggle_3m/TCGA_DU_7013_19860523/TCGA_DU_7013_19860523_29_mask.tif,2
lgg_seg,lgg_seg,kaggle_3m/TCGA_DU_7013_19860523/TCGA_DU_7013_19860523_3.tif,TCGA_DU_7013_19860523_3,empty,p34,train,none,1235,-1,,False,7bb4a41e64f89329,0,kaggle_3m/TCGA_DU_7013_19860523/TCGA_DU_7013_19860523_3_mask.tif,2
lgg_seg,lgg_seg,kaggle_3m/TCGA_DU_7013_19860523/TCGA_DU_7013_19860523_30.tif,TCGA_DU_7013_19860523_30,empty,p34,train,none,1232,-1,duplicate_of:TCGA_DU_7013_19860523_29,False,251ca65e85da5ee1,0,kaggle_3m/TCGA_DU_7013_19860523/TCGA_DU_7013_19860523_30_mask.tif,2
lgg_seg,lgg_seg,kaggle_3m/TCGA_DU_7013_19860523/TCGA_DU_7013_19860523_31.tif,TCGA_DU_7013_19860523_31,empty,p34,train,none,1232,-1,duplicate_of:TCGA_DU_7013_19860523_29,False,651ca65e85da56e1,0,kaggle_3m/TCGA_DU_7013_19860523/TCGA_DU_7013_19860523_31_mask.tif,2
lgg_seg,lgg_seg,kaggle_3m/TCGA_DU_7013_19860523/TCGA_DU_7013_19860523_32.tif,TCGA_DU_7013_19860523_32,empty,p34,train,none,1238,-1,,False,e51ca65e855e1ea1,0,kaggle_3m/TCGA_DU_7013_19860523/TCGA_DU_7013_19860523_32_mask.tif,2
lgg_seg,lgg_seg,kaggle_3m/TCGA_DU_7013_19860523/TCGA_DU_7013_19860523_33.tif,TCGA_DU_7013_19860523_33,empty,p34,train,none,1238,-1,duplicate_of:TCGA_DU_7013_19860523_32,False,e11ca75e855e1ea1,0,kaggle_3m/TCGA_DU_7013_19860523/TCGA_DU_7013_19860523_33_mask.tif,2
lgg_seg,lgg_seg,kaggle_3m/TCGA_DU_7013_19860523/TCGA_DU_7013_19860523_34.tif,TCGA_DU_7013_19860523_34,empty,p34,train,none,1240,-1,,False,611ea71ea47e1ea1,0,kaggle_3m/TCGA_DU_7013_19860523/TCGA_DU_7013_19860523_34_mask.tif,2
lgg_seg,lgg_seg,kaggle_3m/TCGA_DU_7013_19860523/TCGA_DU_7013_19860523_35.tif,TCGA_DU_7013_19860523_35,empty,p34,train,none,1240,-1,duplicate_of:TCGA_DU_7013_19860523_34,False,6196a71ea47e1ea1,0,kaggle_3m/TCGA_DU_7013_19860523/TCGA_DU_7013_19860523_35_mask.tif,2
lgg_seg,lgg_seg,kaggle_3m/TCGA_DU_7013_19860523/TCGA_DU_7013_19860523_36.tif,TCGA_DU_7013_19860523_36,empty,p34,train,none,1240,-1,duplicate_of:TCGA_DU_7013_19860523_34,False,6196a71ea45e5ea1,0,kaggle_3m/TCGA_DU_7013_19860523/TCGA_DU_7013_19860523_36_mask.tif,2
lgg_seg,lgg_seg,kaggle_3m/TCGA_DU_7013_19860523/TCGA_DU_7013_19860523_37.tif,TCGA_DU_7013_19860523_37,empty,p34,train,none,1240,-1,duplicate_of:TCGA_DU_7013_19860523_34,False,6196e31ca55e5ea1,0,kaggle_3m/TCGA_DU_7013_19860523/TCGA_DU_7013_19860523_37_mask.tif,2
lgg_seg,lgg_seg,kaggle_3m/TCGA_DU_7013_19860523/TCGA_DU_7013_19860523_38.tif,TCGA_DU_7013_19860523_38,empty,p34,train,none,1240,-1,duplicate_of:TCGA_DU_7013_19860523_34,False,6196e31ca55e5ea1,0,kaggle_3m/TCGA_DU_7013_19860523/TCGA_DU_7013_19860523_38_mask.tif,2
lgg_seg,lgg_seg,kaggle_3m/TCGA_DU_7013_19860523/TCGA_DU_7013_19860523_39.tif,TCGA_DU_7013_19860523_39,empty,p34,train,none,1245,-1,,False,6986e11ea55e1ee1,0,kaggle_3m/TCGA_DU_7013_19860523/TCGA_DU_7013_19860523_39_mask.tif,2
lgg_seg,lgg_seg,kaggle_3m/TCGA_DU_7013_19860523/TCGA_DU_7013_19860523_4.tif,TCGA_DU_7013_19860523_4,empty,p34,train,none,1246,-1,,False,72b4ac1ef0f84369,0,kaggle_3m/TCGA_DU_7013_19860523/TCGA_DU_7013_19860523_4_mask.tif,2
lgg_seg,lgg_seg,kaggle_3m/TCGA_DU_7013_19860523/TCGA_DU_7013_19860523_40.tif,TCGA_DU_7013_19860523_40,empty,p34,train,none,1245,-1,duplicate_of:TCGA_DU_7013_19860523_39,False,6986611ea55e1ee9,0,kaggle_3m/TCGA_DU_7013_19860523/TCGA_DU_7013_19860523_40_mask.tif,2
lgg_seg,lgg_seg,kaggle_3m/TCGA_DU_7013_19860523/TCGA_DU_7013_19860523_41.tif,TCGA_DU_7013_19860523_41,empty,p34,train,none,1245,-1,duplicate_of:TCGA_DU_7013_19860523_39,False,6986691ea55e16e9,0,kaggle_3m/TCGA_DU_7013_19860523/TCGA_DU_7013_19860523_41_mask.tif,2
lgg_seg,lgg_seg,kaggle_3m/TCGA_DU_7013_19860523/TCGA_DU_7013_19860523_42.tif,TCGA_DU_7013_19860523_42,empty,p34,train,none,73,-1,duplicate_of:TCGA_CS_4944_20010208_19,False,59c66996a55c16e9,0,kaggle_3m/TCGA_DU_7013_19860523/TCGA_DU_7013_19860523_42_mask.tif,2
lgg_seg,lgg_seg,kaggle_3m/TCGA_DU_7013_19860523/TCGA_DU_7013_19860523_43.tif,TCGA_DU_7013_19860523_43,empty,p34,train,none,73,-1,duplicate_of:TCGA_CS_4944_20010208_19,False,59e66986a51e16e9,0,kaggle_3m/TCGA_DU_7013_19860523/TCGA_DU_7013_19860523_43_mask.tif,2
lgg_seg,lgg_seg,kaggle_3m/TCGA_DU_7013_19860523/TCGA_DU_7013_19860523_44.tif,TCGA_DU_7013_19860523_44,empty,p34,train,none,73,-1,duplicate_of:TCGA_CS_4944_20010208_19,False,19e66986a51e96e9,0,kaggle_3m/TCGA_DU_7013_19860523/TCGA_DU_7013_19860523_44_mask.tif,2
lgg_seg,lgg_seg,kaggle_3m/TCGA_DU_7013_19860523/TCGA_DU_7013_19860523_45.tif,TCGA_DU_7013_19860523_45,empty,p34,train,none,73,-1,duplicate_of:TCGA_CS_4944_20010208_19,False,996159a6659e9669,0,kaggle_3m/TCGA_DU_7013_19860523/TCGA_DU_7013_19860523_45_mask.tif,2
lgg_seg,lgg_seg,kaggle_3m/TCGA_DU_7013_19860523/TCGA_DU_7013_19860523_46.tif,TCGA_DU_7013_19860523_46,empty,p34,train,none,73,-1,duplicate_of:TCGA_CS_4944_20010208_19,False,927119e669969679,0,kaggle_3m/TCGA_DU_7013_19860523/TCGA_DU_7013_19860523_46_mask.tif,2
lgg_seg,lgg_seg,kaggle_3m/TCGA_DU_7013_19860523/TCGA_DU_7013_19860523_47.tif,TCGA_DU_7013_19860523_47,empty,p34,train,none,73,-1,duplicate_of:TCGA_CS_4944_20010208_19,False,9639996669968679,0,kaggle_3m/TCGA_DU_7013_19860523/TCGA_DU_7013_19860523_47_mask.tif,2
lgg_seg,lgg_seg,kaggle_3m/TCGA_DU_7013_19860523/TCGA_DU_7013_19860523_48.tif,TCGA_DU_7013_19860523_48,empty,p34,train,none,73,-1,duplicate_of:TCGA_CS_4944_20010208_19,False,86399b666986a679,0,kaggle_3m/TCGA_DU_7013_19860523/TCGA_DU_7013_19860523_48_mask.tif,2
lgg_seg,lgg_seg,kaggle_3m/TCGA_DU_7013_19860523/TCGA_DU_7013_19860523_49.tif,TCGA_DU_7013_19860523_49,empty,p34,train,none,73,-1,duplicate_of:TCGA_CS_4944_20010208_19,False,66399b6359a6a619,0,kaggle_3m/TCGA_DU_7013_19860523/TCGA_DU_7013_19860523_49_mask.tif,2
lgg_seg,lgg_seg,kaggle_3m/TCGA_DU_7013_19860523/TCGA_DU_7013_19860523_5.tif,TCGA_DU_7013_19860523_5,empty,p34,train,none,1257,-1,,False,721c2c1ef878c7e1,0,kaggle_3m/TCGA_DU_7013_19860523/TCGA_DU_7013_19860523_5_mask.tif,2
lgg_seg,lgg_seg,kaggle_3m/TCGA_DU_7013_19860523/TCGA_DU_7013_19860523_6.tif,TCGA_DU_7013_19860523_6,empty,p34,train,none,1258,-1,,False,721cac1edc784763,0,kaggle_3m/TCGA_DU_7013_19860523/TCGA_DU_7013_19860523_6_mask.tif,2
lgg_seg,lgg_seg,kaggle_3m/TCGA_DU_7013_19860523/TCGA_DU_7013_19860523_7.tif,TCGA_DU_7013_19860523_7,empty,p34,train,none,1259,-1,,False,f61cad1edcf80621,0,kaggle_3m/TCGA_DU_7013_19860523/TCGA_DU_7013_19860523_7_mask.tif,2
lgg_seg,lgg_seg,kaggle_3m/TCGA_DU_7013_19860523/TCGA_DU_7013_19860523_8.tif,TCGA_DU_7013_19860523_8,empty,p34,train,none,1259,-1,duplicate_of:TCGA_DU_7013_19860523_7,False,f61cad5ef8780621,0,kaggle_3m/TCGA_DU_7013_19860523/TCGA_DU_7013_19860523_8_mask.tif,2
lgg_seg,lgg_seg,kaggle_3m/TCGA_DU_7013_19860523/TCGA_DU_7013_19860523_9.tif,TCGA_DU_7013_19860523_9,empty,p34,train,none,1261,-1,,False,e61cb95efc680721,0,kaggle_3m/TCGA_DU_7013_19860523/TCGA_DU_7013_19860523_9_mask.tif,2
lgg_seg,lgg_seg,kaggle_3m/TCGA_DU_7014_19860618/TCGA_DU_7014_19860618_1.tif,TCGA_DU_7014_19860618_1,empty,p35,train,none,1262,-1,,False,b02cf3b6c3d28b49,0,kaggle_3m/TCGA_DU_7014_19860618/TCGA_DU_7014_19860618_1_mask.tif,3
lgg_seg,lgg_seg,kaggle_3m/TCGA_DU_7014_19860618/TCGA_DU_7014_19860618_10.tif,TCGA_DU_7014_19860618_10,empty,p35,train,none,1263,-1,,False,b8bcf3f4c0d00f0b,0,kaggle_3m/TCGA_DU_7014_19860618/TCGA_DU_7014_19860618_10_mask.tif,3
lgg_seg,lgg_seg,kaggle_3m/TCGA_DU_7014_19860618/TCGA_DU_7014_19860618_11.tif,TCGA_DU_7014_19860618_11,empty,p35,train,none,1263,-1,duplicate_of:TCGA_DU_7014_19860618_10,False,b8bcf3b4c0d80f0b,0,kaggle_3m/TCGA_DU_7014_19860618/TCGA_DU_7014_19860618_11_mask.tif,3
lgg_seg,lgg_seg,kaggle_3m/TCGA_DU_7014_19860618/TCGA_DU_7014_19860618_12.tif,TCGA_DU_7014_19860618_12,empty,p35,train,none,1263,-1,duplicate_of:TCGA_DU_7014_19860618_10,False,f0bcf1f4d0d00f0b,0,kaggle_3m/TCGA_DU_7014_19860618/TCGA_DU_7014_19860618_12_mask.tif,3
lgg_seg,lgg_seg,kaggle_3m/TCGA_DU_7014_19860618/TCGA_DU_7014_19860618_13.tif,TCGA_DU_7014_19860618_13,empty,p35,train,none,1263,-1,duplicate_of:TCGA_DU_7014_19860618_10,False,f03cf1f4d0d80f0b,0,kaggle_3m/TCGA_DU_7014_19860618/TCGA_DU_7014_19860618_13_mask.tif,3
lgg_seg,lgg_seg,kaggle_3m/TCGA_DU_7014_19860618/TCGA_DU_7014_19860618_14.tif,TCGA_DU_7014_19860618_14,empty,p35,train,none,1263,-1,duplicate_of:TCGA_DU_7014_19860618_10,False,f03cf1f4d0d80f0b,0,kaggle_3m/TCGA_DU_7014_19860618/TCGA_DU_7014_19860618_14_mask.tif,3
lgg_seg,lgg_seg,kaggle_3m/TCGA_DU_7014_19860618/TCGA_DU_7014_19860618_15.tif,TCGA_DU_7014_19860618_15,empty,p35,train,none,1263,-1,duplicate_of:TCGA_DU_7014_19860618_10,False,f03cf5f4d0c80f0b,0,kaggle_3m/TCGA_DU_7014_19860618/TCGA_DU_7014_19860618_15_mask.tif,3
lgg_seg,lgg_seg,kaggle_3m/TCGA_DU_7014_19860618/TCGA_DU_7014_19860618_16.tif,TCGA_DU_7014_19860618_16,empty,p35,train,none,1263,-1,duplicate_of:TCGA_DU_7014_19860618_10,False,f03ce7b4d0d80f0b,0,kaggle_3m/TCGA_DU_7014_19860618/TCGA_DU_7014_19860618_16_mask.tif,3
lgg_seg,lgg_seg,kaggle_3m/TCGA_DU_7014_19860618/TCGA_DU_7014_19860618_17.tif,TCGA_DU_7014_19860618_17,empty,p35,train,none,1270,-1,,False,783ef6b4d0d00f0b,0,kaggle_3m/TCGA_DU_7014_19860618/TCGA_DU_7014_19860618_17_mask.tif,3
lgg_seg,lgg_seg,kaggle_3m/TCGA_DU_7014_19860618/TCGA_DU_7014_19860618_18.tif,TCGA_DU_7014_19860618_18,empty,p35,train,none,1270,-1,duplicate_of:TCGA_DU_7014_19860618_17,False,783cbeb4d0d08f0b,0,kaggle_3m/TCGA_DU_7014_19860618/TCGA_DU_7014_19860618_18_mask.tif,3
lgg_seg,lgg_seg,kaggle_3m/TCGA_DU_7014_19860618/TCGA_DU_7014_19860618_19.tif,TCGA_DU_7014_19860618_19,empty,p35,train,none,1272,-1,,False,743ebebcc0d08b0b,0,kaggle_3m/TCGA_DU_7014_19860618/TCGA_DU_7014_19860618_19_mask.tif,3
lgg_seg,lgg_seg,kaggle_3m/TCGA_DU_7014_19860618/TCGA_DU_7014_19860618_2.tif,TCGA_DU_7014_19860618_2,empty,p35,train,none,1262,-1,duplicate_of:TCGA_DU_7014_19860618_1,False,b02cf396c3d28b4b,0,kaggle_3m/TCGA_DU_7014_19860618/TCGA_DU_7014_19860618_2_mask.tif,3
lgg_seg,lgg_seg,kaggle_3m/TCGA_DU_7014_19860618/TCGA_DU_7014_19860618_20.tif,TCGA_DU_7014_19860618_20,empty,p35,train,none,1272,-1,duplicate_of:TCGA_DU_7014_19860618_19,False,7436bfbcc0d20b0b,0,kaggle_3m/TCGA_DU_7014_19860618/TCGA_DU_7014_19860618_20_mask.tif,3
lgg_seg,lgg_seg,kaggle_3m/TCGA_DU_7014_19860618/TCGA_DU_7014_19860618_21.tif,TCGA_DU_7014_19860618_21,empty,p35,train,none,1275,-1,,False,743cbff4d0d00b0b,0,kaggle_3m/TCGA_DU_7014_19860618/TCGA_DU_7014_19860618_21_mask.tif,3
lgg_seg,lgg_seg,kaggle_3m/TCGA_DU_7014_19860618/TCGA_DU_7014_19860618_22.tif,TCGA_DU_7014_19860618_22,tumor,p35,train,none,1275,-1,,False,343cbef4f0d00b4b,282,kaggle_3m/TCGA_DU_7014_19860618/TCGA_DU_7014_19860618_22_mask.tif,3
lgg_seg,lgg_seg,kaggle_3m/TCGA_DU_7014_19860618/TCGA_DU_7014_19860618_23.tif,TCGA_DU_7014_19860618_23,tumor,p35,train,none,1275,-1,duplicate_of:TCGA_DU_7014_19860618_22,False,3c3cbeb4f0d00b4b,690,kaggle_3m/TCGA_DU_7014_19860618/TCGA_DU_7014_19860618_23_mask.tif,3
lgg_seg,lgg_seg,kaggle_3m/TCGA_DU_7014_19860618/TCGA_DU_7014_19860618_24.tif,TCGA_DU_7014_19860618_24,tumor,p35,train,none,1275,-1,duplicate_of:TCGA_DU_7014_19860618_22,False,3c3cbeb4f0d00b4b,1138,kaggle_3m/TCGA_DU_7014_19860618/TCGA_DU_7014_19860618_24_mask.tif,3
lgg_seg,lgg_seg,kaggle_3m/TCGA_DU_7014_19860618/TCGA_DU_7014_19860618_25.tif,TCGA_DU_7014_19860618_25,tumor,p35,train,none,1275,-1,duplicate_of:TCGA_DU_7014_19860618_22,False,3c3cbcf4f0d80b43,1562,kaggle_3m/TCGA_DU_7014_19860618/TCGA_DU_7014_19860618_25_mask.tif,3
lgg_seg,lgg_seg,kaggle_3m/TCGA_DU_7014_19860618/TCGA_DU_7014_19860618_26.tif,TCGA_DU_7014_19860618_26,tumor,p35,train,none,1275,-1,duplicate_of:TCGA_DU_7014_19860618_22,False,3c3cbcf4f0d80b43,1573,kaggle_3m/TCGA_DU_7014_19860618/TCGA_DU_7014_19860618_26_mask.tif,3
lgg_seg,lgg_seg,kaggle_3m/TCGA_DU_7014_19860618/TCGA_DU_7014_19860618_27.tif,TCGA_DU_7014_19860618_27,tumor,p35,train,none,1275,-1,duplicate_of:TCGA_DU_7014_19860618_22,False,3c3c2cf4f0d84f43,2141,kaggle_3m/TCGA_DU_7014_19860618/TCGA_DU_7014_19860618_27_mask.tif,3
lgg_seg,lgg_seg,kaggle_3m/TCGA_DU_7014_19860618/TCGA_DU_7014_19860618_28.tif,TCGA_DU_7014_19860618_28,tumor,p35,train,none,1282,-1,,False,6d3c2cb4f0d8c3c3,2607,kaggle_3m/TCGA_DU_7014_19860618/TCGA_DU_7014_19860618_28_mask.tif,3
lgg_seg,lgg_seg,kaggle_3m/TCGA_DU_7014_19860618/TCGA_DU_7014_19860618_29.tif,TCGA_DU_7014_19860618_29,tumor,p35,train,none,1283,-1,,False,692c2c34f4fcc3c3,2583,kaggle_3m/TCGA_DU_7014_19860618/TCGA_DU_7014_19860618_29_mask.tif,3
lgg_seg,lgg_seg,kaggle_3m/TCGA_DU_7014_19860618/TCGA_DU_7014_19860618_3.tif,TCGA_DU_7014_19860618_3,empty,p35,train,none,1262,-1,duplicate_of:TCGA_DU_7014_19860618_1,False,b026f3d6c3d20b4b,0,kaggle_3m/TCGA_DU_7014_19860618/TCGA_DU_7014_19860618_3_mask.tif,3
lgg_seg,lgg_seg,kaggle_3m/TCGA_DU_7014_19860618/TCGA_DU_7014_19860618_30.tif,TCGA_DU_7014_19860618_30,tumor,p35,train,none,1285,-1,,False,e92c2c3c34fc93c3,2226,kaggle_3m/TCGA_DU_7014_19860618/TCGA_DU_7014_19860618_30_mask.tif,3
lgg_seg,lgg_seg,kaggle_3m/TCGA_DU_7014_19860618/TCGA_DU_7014_19860618_31.tif,TCGA_DU_7014_19860618_31,tumor,p35,train,none,1286,-1,,False,cb0c2c3c3cfcb343,2472,kaggle_3m/TCGA_DU_7014_19860618/TCGA_DU_7014_19860618_31_mask.tif,3
lgg_seg,lgg_seg,kaggle_3m/TCGA_DU_7014_19860618/TCGA_DU_7014_19860618_32.tif,TCGA_DU_7014_19860618_32,tumor,p35,train,none,1287,-1,,False,c90c0f3c34fcb363,2747,kaggle_3m/TCGA_DU_7014_19860618/TCGA_DU_7014_19860618_32_mask.tif,3
lgg_seg,lgg_seg,kaggle_3m/TCGA_DU_7014_19860618/TCGA_DU_7014_19860618_33.tif,TCGA_DU_7014_19860618_33,tumor,p35,train,none,1288,-1,,False,c98e0f3434fc3663,2355,kaggle_3m/TCGA_DU_7014_19860618/TCGA_DU_7014_19860618_33_mask.tif,3
lgg_seg,lgg_seg,kaggle_3m/TCGA_DU_7014_19860618/TCGA_DU_7014_19860618_34.tif,TCGA_DU_7014_19860618_34,tumor,p35,train,none,1288,-1,duplicate_of:TCGA_DU_7014_19860618_33,False,c98e07343cfc3663,2733,kaggle_3m/TCGA_DU_7014_19860618/TCGA_DU_7014_19860618_34_mask.tif,3
lgg_seg,lgg_seg,kaggle_3m/TCGA_DU_7014_19860618/TCGA_DU_7014_19860618_35.tif,TCGA_DU_7014_19860618_35,tumor,p35,train,none,1290,-1,,False,cb8667342cfc3643,3863,kaggle_3m/TCGA_DU_7014_19860618/TCGA_DU_7014_19860618_35_mask.tif,3
lgg_seg,lgg_seg,kaggle_3m/TCGA_DU_7014_19860618/TCGA_DU_7014_19860618_36.tif,TCGA_DU_7014_19860618_36,tumor,p35,train,none,1290,-1,duplicate_of:TCGA_DU_7014_19860618_35,False,c3866f342cfc9643,4206,kaggle_3m/TCGA_DU_7014_19860618/TCGA_DU_7014_19860618_36_mask.tif,3
lgg_seg,lgg_seg,kaggle_3m/TCGA_DU_7014_19860618/TCGA_DU_7014_19860618_37.tif,TCGA_DU_7014_19860618_37,tumor,p35,train,none,1290,-1,duplicate_of:TCGA_DU_7014_19860618_35,False,cb866f342cdc9643,3409,kaggle_3m/TCGA_DU_7014_19860618/TCGA_DU_7014_19860618_37_mask.tif,3
lgg_seg,lgg_seg,kaggle_3m/TCGA_DU_7014_19860618/TCGA_DU_7014_19860618_38.tif,TCGA_DU_7014_19860618_38,tumor,p35,train,none,1290,-1,duplicate_of:TCGA_DU_7014_19860618_35,False,cb0e6f342cdc9643,3850,kaggle_3m/TCGA_DU_7014_19860618/TCGA_DU_7014_19860618_38_mask.tif,3
lgg_seg,lgg_seg,kaggle_3m/TCGA_DU_7014_19860618/TCGA_DU_7014_19860618_39.tif,TCGA_DU_7014_19860618_39,tumor,p35,train,none,1290,-1,duplicate_of:TCGA_DU_7014_19860618_35,False,cb0e6b342cdc96c3,3844,kaggle_3m/TCGA_DU_7014_19860618/TCGA_DU_7014_19860618_39_mask.tif,3
lgg_seg,lgg_seg,kaggle_3m/TCGA_DU_7014_19860618/TCGA_DU_7014_19860618_4.tif,TCGA_DU_7014_19860618_4,empty,p35,train,none,1262,-1,duplicate_of:TCGA_DU_7014_19860618_1,False,b0acf3d4c1d28b4b,0,kaggle_3m/TCGA_DU_7014_19860618/TCGA_DU_7014_19860618_4_mask.tif,3
lgg_seg,lgg_seg,kaggle_3m/TCGA_DU_7014_19860618/TCGA_DU_7014_19860618_40.tif,TCGA_DU_7014_19860618_40,tumor,p35,train,none,1296,-1,,False,cb2e4b362c9cb643,3717,kaggle_3m/TCGA_DU_7014_19860618/TCGA_DU_7014_19860618_40_mask.tif,3
lgg_seg,lgg_seg,kaggle_3m/TCGA_DU_7014_19860618/TCGA_DU_7014_19860618_41.tif,TCGA_DU_7014_19860618_41,tumor,p35,train,none,1296,-1,duplicate_of:TCGA_DU_7014_19860618_40,False,cb2e63362c9cb643,3570,kaggle_3m/TCGA_DU_7014_19860618/TCGA_DU_7014_19860618_41_mask.tif,3
lgg_seg,lgg_seg,kaggle_3m/TCGA_DU_7014_19860618/TCGA_DU_7014_19860618_42.tif,TCGA_DU_7014_19860618_42,tumor,p35,train,none,1298,-1,,False,d90ec3362c9cbe43,3221,kaggle_3m/TCGA_DU_7014_19860618/TCGA_DU_7014_19860618_42_mask.tif,3
lgg_seg,lgg_seg,kaggle_3m/TCGA_DU_7014_19860618/TCGA_DU_7014_19860618_43.tif,TCGA_DU_7014_19860618_43,tumor,p35,train,none,1298,-1,duplicate_of:TCGA_DU_7014_19860618_42,False,d90cc3362d9cbe43,2915,kaggle_3m/TCGA_DU_7014_19860618/TCGA_DU_7014_19860618_43_mask.tif,3
lgg_seg,lgg_seg,kaggle_3m/TCGA_DU_7014_19860618/TCGA_DU_7014_19860618_44.tif,TCGA_DU_7014_19860618_44,tumor,p35,train,none,1298,-1,duplicate_of:TCGA_DU_7014_19860618_42,False,d90cc3362d9cbc63,2811,kaggle_3m/TCGA_DU_7014_19860618/TCGA_DU_7014_19860618_44_mask.tif,3
lgg_seg,lgg_seg,kaggle_3m/TCGA_DU_7014_19860618/TCGA_DU_7014_19860618_45.tif,TCGA_DU_7014_19860618_45,tumor,p35,train,none,1301,-1,,False,d9cce3266c9c9c43,2416,kaggle_3m/TCGA_DU_7014_19860618/TCGA_DU_7014_19860618_45_mask.tif,3
lgg_seg,lgg_seg,kaggle_3m/TCGA_DU_7014_19860618/TCGA_DU_7014_19860618_46.tif,TCGA_DU_7014_19860618_46,tumor,p35,train,none,1301,-1,duplicate_of:TCGA_DU_7014_19860618_45,False,99cce3266c9c9cc3,2206,kaggle_3m/TCGA_DU_7014_19860618/TCGA_DU_7014_19860618_46_mask.tif,3
lgg_seg,lgg_seg,kaggle_3m/TCGA_DU_7014_19860618/TCGA_DU_7014_19860618_47.tif,TCGA_DU_7014_19860618_47,tumor,p35,train,none,1303,-1,,False,99ccc32c4cbcb4d3,1376,kaggle_3m/TCGA_DU_7014_19860618/TCGA_DU_7014_19860618_47_mask.tif,3
lgg_seg,lgg_seg,kaggle_3m/TCGA_DU_7014_19860618/TCGA_DU_7014_19860618_48.tif,TCGA_DU_7014_19860618_48,tumor,p35,train,none,1304,-1,,False,b9ccd30c4c3c26f3,1078,kaggle_3m/TCGA_DU_7014_19860618/TCGA_DU_7014_19860618_48_mask.tif,3
lgg_seg,lgg_seg,kaggle_3m/TCGA_DU_7014_19860618/TCGA_DU_7014_19860618_49.tif,TCGA_DU_7014_19860618_49,tumor,p35,train,none,1305,-1,,False,31c3d34ccd3c24f3,441,kaggle_3m/TCGA_DU_7014_19860618/TCGA_DU_7014_19860618_49_mask.tif,3
lgg_seg,lgg_seg,kaggle_3m/TCGA_DU_7014_19860618/TCGA_DU_7014_19860618_5.tif,TCGA_DU_7014_19860618_5,empty,p35,train,none,1263,-1,duplicate_of:TCGA_DU_7014_19860618_10,False,b03cf3f4c1d20f0b,0,kaggle_3m/TCGA_DU_7014_19860618/TCGA_DU_7014_19860618_5_mask.tif,3
lgg_seg,lgg_seg,kaggle_3m/TCGA_DU_7014_19860618/TCGA_DU_7014_19860618_50.tif,TCGA_DU_7014_19860618_50,tumor,p35,train,none,10,-1,duplicate_of:TCGA_CS_5396_20010302_19,False,33c3934ccb3c2cd3,112,kaggle_3m/TCGA_DU_7014_19860618/TCGA_DU_7014_19860618_50_mask.tif,3
lgg_seg,lgg_seg,kaggle_3m/TCGA_DU_7014_19860618/TCGA_DU_7014_19860618_51.tif,TCGA_DU_7014_19860618_51,tumor,p35,train,none,10,-1,duplicate_of:TCGA_CS_5396_20010302_19,False,32d39b4cc33c2cd3,151,kaggle_3m/TCGA_DU_7014_19860618/TCGA_DU_7014_19860618_51_mask.tif,3
lgg_seg,lgg_seg,kaggle_3m/TCGA_DU_7014_19860618/TCGA_DU_7014_19860618_52.tif,TCGA_DU_7014_19860618_52,empty,p35,train,none,1309,-1,,False,34b391ccf32c4cd3,0,kaggle_3m/TCGA_DU_7014_19860618/TCGA_DU_7014_19860618_52_mask.tif,3
lgg_seg,lgg_seg,kaggle_3m/TCGA_DU_7014_19860618/TCGA_DU_7014_19860618_53.tif,TCGA_DU_7014_19860618_53,empty,p35,train,none,1310,-1,,False,243399cd732cccd3,0,kaggle_3m/TCGA_DU_7014_19860618/TCGA_DU_7014_19860618_53_mask.tif,3
lgg_seg,lgg_seg,kaggle_3m/TCGA_DU_7014_19860618/TCGA_DU_7014_19860618_54.tif,TCGA_DU_7014_19860618_54,empty,p35,train,none,1311,-1,,False,643393c3330ccef3,0,kaggle_3m/TCGA_DU_7014_19860618/TCGA_DU_7014_19860618_54_mask.tif,3
lgg_seg,lgg_seg,kaggle_3m/TCGA_DU_7014_19860618/TCGA_DU_7014_19860618_55.tif,TCGA_DU_7014_19860618_55,empty,p35,train,none,1312,-1,,False,4c3233d3990ceeb3,0,kaggle_3m/TCGA_DU_7014_19860618/TCGA_DU_7014_19860618_55_mask.tif,3
lgg_seg,lgg_seg,kaggle_3m/TCGA_DU_7014_19860618/TCGA_DU_7014_19860618_56.tif,TCGA_DU_7014_19860618_56,empty,p35,train,none,1313,-1,,False,cc3c66f3994c6433,0,kaggle_3m/TCGA_DU_7014_19860618/TCGA_DU_7014_19860618_56_mask.tif,3
lgg_seg,lgg_seg,kaggle_3m/TCGA_DU_7014_19860618/TCGA_DU_7014_19860618_57.tif,TCGA_DU_7014_19860618_57,empty,p35,train,none,1314,-1,,False,99cc663399cc6c33,0,kaggle_3m/TCGA_DU_7014_19860618/TCGA_DU_7014_19860618_57_mask.tif,3
lgg_seg,lgg_seg,kaggle_3m/TCGA_DU_7014_19860618/TCGA_DU_7014_19860618_58.tif,TCGA_DU_7014_19860618_58,empty,p35,train,none,1314,-1,duplicate_of:TCGA_DU_7014_19860618_57,False,99cc6c33b1cc6c33,0,kaggle_3m/TCGA_DU_7014_19860618/TCGA_DU_7014_19860618_58_mask.tif,3
lgg_seg,lgg_seg,kaggle_3m/TCGA_DU_7014_19860618/TCGA_DU_7014_19860618_59.tif,TCGA_DU_7014_19860618_59,empty,p35,train,none,1316,-1,,False,62e241e986499434,0,kaggle_3m/TCGA_DU_7014_19860618/TCGA_DU_7014_19860618_59_mask.tif,3
lgg_seg,lgg_seg,kaggle_3m/TCGA_DU_7014_19860618/TCGA_DU_7014_19860618_6.tif,TCGA_DU_7014_19860618_6,empty,p35,train,none,1263,-1,duplicate_of:TCGA_DU_7014_19860618_10,False,f02cf3f4c1d20f0b,0,kaggle_3m/TCGA_DU_7014_19860618/TCGA_DU_7014_19860618_6_mask.tif,3
lgg_seg,lgg_seg,kaggle_3m/TCGA_DU_7014_19860618/TCGA_DU_7014_19860618_60.tif,TCGA_DU_7014_19860618_60,empty,p35,train,none,1318,-1,,False,6f53c090e5d4a53c,0,kaggle_3m/TCGA_DU_7014_19860618/TCGA_DU_7014_19860618_60_mask.tif,3
lgg_seg,lgg_seg,kaggle_3m/TCGA_DU_7014_19860618/TCGA_DU_7014_19860618_7.tif,TCGA_DU_7014_19860618_7,empty,p35,train,none,1263,-1,duplicate_of:TCGA_DU_7014_19860618_10,False,f03cf3f4c1d20b0b,0,kaggle_3m/TCGA_DU_7014_19860618/TCGA_DU_7014_19860618_7_mask.tif,3
lgg_seg,lgg_seg,kaggle_3m/TCGA_DU_7014_19860618/TCGA_DU_7014_19860618_8.tif,TCGA_DU_7014_19860618_8,empty,p35,train,none,1263,-1,duplicate_of:TCGA_DU_7014_19860618_10,False,f0acf3f4c1d04b0b,0,kaggle_3m/TCGA_DU_7014_19860618/TCGA_DU_7014_19860618_8_mask.tif,3
lgg_seg,lgg_seg,kaggle_3m/TCGA_DU_7014_19860618/TCGA_DU_7014_19860618_9.tif,TCGA_DU_7014_19860618_9,empty,p35,train,none,1263,-1,duplicate_of:TCGA_DU_7014_19860618_10,False,b8bcf3f4c0d04b0b,0,kaggle_3m/TCGA_DU_7014_19860618/TCGA_DU_7014_19860618_9_mask.tif,3
lgg_seg,lgg_seg,kaggle_3m/TCGA_DU_7018_19911220/TCGA_DU_7018_19911220_1.tif,TCGA_DU_7018_19911220_1,empty,p36,train,none,1322,-1,,False,e6d98ea61896e169,0,kaggle_3m/TCGA_DU_7018_19911220/TCGA_DU_7018_19911220_1_mask.tif,2
lgg_seg,lgg_seg,kaggle_3m/TCGA_DU_7018_19911220/TCGA_DU_7018_19911220_10.tif,TCGA_DU_7018_19911220_10,empty,p36,train,none,1323,-1,,False,24c7cb96b87c2749,0,kaggle_3m/TCGA_DU_7018_19911220/TCGA_DU_7018_19911220_10_mask.tif,2
lgg_seg,lgg_seg,kaggle_3m/TCGA_DU_7018_19911220/TCGA_DU_7018_19911220_11.tif,TCGA_DU_7018_19911220_11,tumor,p36,train,none,1324,-1,,False,38cdc796387c6649,98,kaggle_3m/TCGA_DU_7018_19911220/TCGA_DU_7018_19911220_11_mask.tif,2
lgg_seg,lgg_seg,kaggle_3m/TCGA_DU_7018_19911220/TCGA_DU_7018_19911220_12.tif,TCGA_DU_7018_19911220_12,tumor,p36,train,none,1325,-1,,False,19cc6d96b23c66c3,643,kaggle_3m/TCGA_DU_7018_19911220/TCGA_DU_7018_19911220_12_mask.tif,2
lgg_seg,lgg_seg,kaggle_3m/TCGA_DU_7018_19911220/TCGA_DU_7018_19911220_13.tif,TCGA_DU_7018_19911220_13,tumor,p36,train,none,1326,-1,,False,d9cc6c06333ce6c9,1248,kaggle_3m/TCGA_DU_7018_19911220/TCGA_DU_7018_19911220_13_mask.tif,2
lgg_seg,lgg_seg,kaggle_3m/TCGA_DU_7018_19911220/TCGA_DU_7018_19911220_14.tif,TCGA_DU_7018_19911220_14,tumor,p36,train,none,1327,-1,,False,49cc6c1e39bce643,1660,kaggle_3m/TCGA_DU_7018_19911220/TCGA_DU_7018_19911220_14_mask.tif,2
lgg_seg,lgg_seg,kaggle_3m/TCGA_DU_7018_19911220/TCGA_DU_7018_19911220_15.tif,TCGA_DU_7018_19911220_15,tumor,p36,train,none,1328,-1,,False,594c3c36279ce663,2550,kaggle_3m/TCGA_DU_7018_19911220/TCGA_DU_7018_19911220_15_mask.tif,2
lgg_seg,lgg_seg,kaggle_3m/TCGA_DU_7018_19911220/TCGA_DU_7018_19911220_16.tif,TCGA_DU_7018_19911220_16,tumor,p36,train,none,1329,-1,,False,392c3836679cc6e3,4206,kaggle_3m/TCGA_DU_7018_19911220/TCGA_DU_7018_19911220_16_mask.tif,2
lgg_seg,lgg_seg,kaggle_3m/TCGA_DU_7018_19911220/TCGA_DU_7018_19911220_17.tif,TCGA_DU_7018_19911220_17,tumor,p36,train,none,1329,-1,duplicate_of:TCGA_DU_7018_19911220_16,False,39263936679cc663,5689,kaggle_3m/TCGA_DU_7018_19911220/TCGA_DU_7018_19911220_17_mask.tif,2
lgg_seg,lgg_seg,kaggle_3m/TCGA_DU_7018_19911220/TCGA_DU_7018_19911220_18.tif,TCGA_DU_7018_19911220_18,tumor,p36,train,none,1331,-1,,False,39a6991e659cc663,6459,kaggle_3m/TCGA_DU_7018_19911220/TCGA_DU_7018_19911220_18_mask.tif,2
lgg_seg,lgg_seg,kaggle_3m/TCGA_DU_7018_19911220/TCGA_DU_7018_19911220_19.tif,TCGA_DU_7018_19911220_19,tumor,p36,train,none,1332,-1,,False,3b26d80e2d9cd363,6814,kaggle_3m/TCGA_DU_7018_19911220/TCGA_DU_7018_19911220_19_mask.tif,2
lgg_seg,lgg_seg,kaggle_3m/TCGA_DU_7018_19911220/TCGA_DU_7018_19911220_2.tif,TCGA_DU_7018_19911220_2,empty,p36,train,none,1333,-1,,False,66f9868618b6e16b,0,kaggle_3m/TCGA_DU_7018_19911220/TCGA_DU_7018_19911220_2_mask.tif,2
lgg_seg,lgg_seg,kaggle_3m/TCGA_DU_7018_19911220/TCGA_DU_7018_19911220_20.tif,TCGA_DU_7018_19911220_20,tumor,p36,train,none,1334,-1,,False,3c2cd90e2d9cd363,7043,kaggle_3m/TCGA_DU_7018_19911220/TCGA_DU_7018_19911220_20_mask.tif,2
lgg_seg,lgg_seg,kaggle_3m/TCGA_DU_7018_19911220/TCGA_DU_7018_19911220_21.tif,TCGA_DU_7018_19911220_21,tumor,p36,train,none,1334,-1,duplicate_of:TCGA_DU_7018_19911220_20,False,3e2cd926259cd363,7405,kaggle_3m/TCGA_DU_7018_19911220/TCGA_DU_7018_19911220_21_mask.tif,2
lgg_seg,lgg_seg,kaggle_3m/TCGA_DU_7018_19911220/TCGA_DU_7018_19911220_22.tif,TCGA_DU_7018_19911220_22,tumor,p36,train,none,1336,-1,,False,7cccd8262d9cd263,7524,kaggle_3m/TCGA_DU_7018_19911220/TCGA_DU_7018_19911220_22_mask.tif,2
lgg_seg,lgg_seg,kaggle_3m/TCGA_DU_7018_19911220/TCGA_DU_7018_19911220_23.tif,TCGA_DU_7018_19911220_23,tumor,p36,train,none,1336,-1,duplicate_of:TCGA_DU_7018_19911220_22,False,7e8c58262d9cf263,6945,kaggle_3m/TCGA_DU_7018_19911220/TCGA_DU_7018_19911220_23_mask.tif,2
lgg_seg,lgg_seg,kaggle_3m/TCGA_DU_7018_19911220/TCGA_DU_7018_19911220_24.tif,TCGA_DU_7018_19911220_24,tumor,p36,train,none,1336,-1,duplicate_of:TCGA_DU_7018_19911220_22,False,5ccc58262dbcf263,5779,kaggle_3m/TCGA_DU_7018_19911220/TCGA_DU_7018_19911220_24_mask.tif,2
lgg_seg,lgg_seg,kaggle_3m/TCGA_DU_7018_19911220/TCGA_DU_7018_19911220_25.tif,TCGA_DU_7018_19911220_25,tumor,p36,train,none,1339,-1,,False,9ccc590e2dbcb263,3556,kaggle_3m/TCGA_DU_7018_19911220/TCGA_DU_7018_19911220_25_mask.tif,2
lgg_seg,lgg_seg,kaggle_3m/TCGA_DU_7018_19911220/TCGA_DU_7018_19911220_26.tif,TCGA_DU_7018_19911220_26,tumor,p36,train,none,1339,-1,duplicate_of:TCGA_DU_7018_19911220_25,False,9ecc590c2d3cb2e3,3097,kaggle_3m/TCGA_DU_7018_19911220/TCGA_DU_7018_19911220_26_mask.tif,2
lgg_seg,lgg_seg,kaggle_3m/TCGA_DU_7018_19911220/TCGA_DU_7018_19911220_27.tif,TCGA_DU_7018_19911220_27,tumor,p36,train,none,1341,-1,,False,94cc5b0c691cb6f3,2068,kaggle_3m/TCGA_DU_7018_19911220/TCGA_DU_7018_19911220_27_mask.tif,2
lgg_seg,lgg_seg,kaggle_3m/TCGA_DU_7018_19911220/TCGA_DU_7018_19911220_28.tif,TCGA_DU_7018_19911220_28,tumor,p36,train,none,1342,-1,,False,94c1d34c493cb6f3,783,kaggle_3m/TCGA_DU_7018_19911220/TCGA_DU_7018_19911220_28_mask.tif,2
lgg_seg,lgg_seg,kaggle_3m/TCGA_DU_7018_19911220/TCGA_DU_7018_19911220_29.tif,TCGA_DU_7018_19911220_29,empty,p36,train,none,1342,-1,,False,94c3d3cc491cb673,0,kaggle_3m/TCGA_DU_7018_19911220/TCGA_DU_7018_19911220_29_mask.tif,2
lgg_seg,lgg_seg,kaggle_3m/TCGA_DU_7018_19911220/TCGA_DU_7018_19911220_3.tif,TCGA_DU_7018_19911220_3,empty,p36,train,none,1344,-1,,False,66d9a686189ee369,0,kaggle_3m/TCGA_DU_7018_19911220/TCGA_DU_7018_19911220_3_mask.tif,2
lgg_seg,lgg_seg,kaggle_3m/TCGA_DU_7018_19911220/TCGA_DU_7018_19911220_30.tif,TCGA_DU_7018_19911220_30,empty,p36,train,none,10,-1,duplicate_of:TCGA_CS_4941_19960909_19,False,a6f392cc490c36f3,0,kaggle_3m/TCGA_DU_7018_19911220/TCGA_DU_7018_19911220_30_mask.tif,2
lgg_seg,lgg_seg,kaggle_3m/TCGA_DU_7018_19911220/TCGA_DU_7018_19911220_31.tif,TCGA_DU_7018_19911220_31,empty,p36,train,none,1346,-1,,False,663396ce490c36f3,0,kaggle_3m/TCGA_DU_7018_19911220/TCGA_DU_7018_19911220_31_mask.tif,2
lgg_seg,lgg_seg,kaggle_3m/TCGA_DU_7018_19911220/TCGA_DU_7018_19911220_32.tif,TCGA_DU_7018_19911220_32,empty,p36,train,none,1347,-1,,False,6333b6c3d90c2733,0,kaggle_3m/TCGA_DU_7018_19911220/TCGA_DU_7018_19911220_32_mask.tif,2
lgg_seg,lgg_seg,kaggle_3m/TCGA_DU_7018_19911220/TCGA_DU_7018_19911220_33.tif,TCGA_DU_7018_19911220_33,empty,p36,train,none,1348,-1,,False,cc3326b399cc6633,0,kaggle_3m/TCGA_DU_7018_19911220/TCGA_DU_7018_19911220_33_mask.tif,2
lgg_seg,lgg_seg,kaggle_3m/TCGA_DU_7018_19911220/TCGA_DU_7018_19911220_34.tif,TCGA_DU_7018_19911220_34,empty,p36,train,none,1314,-1,duplicate_of:TCGA_DU_7014_19860618_57,False,9ccc663399cc6633,0,kaggle_3m/TCGA_DU_7018_19911220/TCGA_DU_7018_19911220_34_mask.tif,2
lgg_seg,lgg_seg,kaggle_3m/TCGA_DU_7018_19911220/TCGA_DU_7018_19911220_35.tif,TCGA_DU_7018_19911220_35,empty,p36,train,none,1350,-1,,False,9f9af1157c0f3878,0,kaggle_3m/TCGA_DU_7018_19911220/TCGA_DU_7018_19911220_35_mask.tif,2
lgg_seg,lgg_seg,kaggle_3m/TCGA_DU_7018_19911220/TCGA_DU_7018_19911220_36.tif,TCGA_DU_7018_19911220_36,empty,p36,train,none,1351,-1,,False,3b9ebe2b864a2fce,0,kaggle_3m/TCGA_DU_7018_19911220/TCGA_DU_7018_19911220_36_mask.tif,2
lgg_seg,lgg_seg,kaggle_3m/TCGA_DU_7018_19911220/TCGA_DU_7018_19911220_4.tif,TCGA_DU_7018_19911220_4,empty,p36,train,none,1352,-1,,False,66cc9e26389cc36b,0,kaggle_3m/TCGA_DU_7018_19911220/TCGA_DU_7018_19911220_4_mask.tif,2
lgg_seg,lgg_seg,kaggle_3m/TCGA_DU_7018_19911220/TCGA_DU_7018_19911220_5.tif,TCGA_DU_7018_19911220_5,empty,p36,train,none,1353,-1,,False,8cc69e2678bc634b,0,kaggle_3m/TCGA_DU_7018_19911220/TCGA_DU_7018_19911220_5_mask.tif,2
lgg_seg,lgg_seg,kaggle_3m/TCGA_DU_7018_19911220/TCGA_DU_7018_19911220_6.tif,TCGA_DU_7018_19911220_6,empty,p36,train,none,1354,-1,,False,9c86963c38b6c36b,0,kaggle_3m/TCGA_DU_7018_19911220/TCGA_DU_7018_19911220_6_mask.tif,2
lgg_seg,lgg_seg,kaggle_3m/TCGA_DU_7018_19911220/TCGA_DU_7018_19911220_7.tif,TCGA_DU_7018_19911220_7,empty,p36,train,none,1355,-1,,False,9cc6cbb638b62349,0,kaggle_3m/TCGA_DU_7018_19911220/TCGA_DU_7018_19911220_7_mask.tif,2
lgg_seg,lgg_seg,kaggle_3m/TCGA_DU_7018_19911220/TCGA_DU_7018_19911220_8.tif,TCGA_DU_7018_19911220_8,empty,p36,train,none,1356,-1,,False,9ce6599eb834074b,0,kaggle_3m/TCGA_DU_7018_19911220/TCGA_DU_7018_19911220_8_mask.tif,2
lgg_seg,lgg_seg,kaggle_3m/TCGA_DU_7018_19911220/TCGA_DU_7018_19911220_9.tif,TCGA_DU_7018_19911220_9,empty,p36,train,none,1357,-1,,False,8cc75b9e78742709,0,kaggle_3m/TCGA_DU_7018_19911220/TCGA_DU_7018_19911220_9_mask.tif,2
lgg_seg,lgg_seg,kaggle_3m/TCGA_DU_7019_19940908/TCGA_DU_7019_19940908_1.tif,TCGA_DU_7019_19940908_1,empty,p37,test,none,1358,-1,,True,cd66190c793ca7c3,0,kaggle_3m/TCGA_DU_7019_19940908/TCGA_DU_7019_19940908_1_mask.tif,0
lgg_seg,lgg_seg,kaggle_3m/TCGA_DU_7019_19940908/TCGA_DU_7019_19940908_10.tif,TCGA_DU_7019_19940908_10,empty,p37,test,none,1359,-1,,True,e80c673696fc8e43,0,kaggle_3m/TCGA_DU_7019_19940908/TCGA_DU_7019_19940908_10_mask.tif,0
lgg_seg,lgg_seg,kaggle_3m/TCGA_DU_7019_19940908/TCGA_DU_7019_19940908_11.tif,TCGA_DU_7019_19940908_11,tumor,p37,test,none,1360,-1,,True,4b8c6d1c9eb4e643,466,kaggle_3m/TCGA_DU_7019_19940908/TCGA_DU_7019_19940908_11_mask.tif,0
lgg_seg,lgg_seg,kaggle_3m/TCGA_DU_7019_19940908/TCGA_DU_7019_19940908_12.tif,TCGA_DU_7019_19940908_12,tumor,p37,test,none,1361,-1,,True,c98cc72c3cb6e649,1112,kaggle_3m/TCGA_DU_7019_19940908/TCGA_DU_7019_19940908_12_mask.tif,0
lgg_seg,lgg_seg,kaggle_3m/TCGA_DU_7019_19940908/TCGA_DU_7019_19940908_13.tif,TCGA_DU_7019_19940908_13,tumor,p37,test,none,1362,-1,,True,c96cc70e3cb4e649,1655,kaggle_3m/TCGA_DU_7019_19940908/TCGA_DU_7019_19940908_13_mask.tif,0
lgg_seg,lgg_seg,kaggle_3m/TCGA_DU_7019_19940908/TCGA_DU_7019_19940908_14.tif,TCGA_DU_7019_19940908_14,tumor,p37,test,none,1363,-1,,True,c96c6606acbce64b,2455,kaggle_3m/TCGA_DU_7019_19940908/TCGA_DU_7019_19940908_14_mask.tif,0
lgg_seg,lgg_seg,kaggle_3m/TCGA_DU_7019_19940908/TCGA_DU_7019_19940908_15.tif,TCGA_DU_7019_19940908_15,tumor,p37,test,none,1364,-1,,True,69c7c63624bc964b,2993,kaggle_3m/TCGA_DU_7019_19940908/TCGA_DU_7019_19940908_15_mask.tif,0
lgg_seg,lgg_seg,kaggle_3m/TCGA_DU_7019_19940908/TCGA_DU_7019_19940908_16.tif,TCGA_DU_7019_19940908_16,tumor,p37,test,none,1365,-1,,True,698686962e3cd66b,2692,kaggle_3m/TCGA_DU_7019_19940908/TCGA_DU_7019_19940908_16_mask.tif,0
lgg_seg,lgg_seg,kaggle_3m/TCGA_DU_7019_19940908/TCGA_DU_7019_19940908_17.tif,TCGA_DU_7019_19940908_17,tumor,p37,test,none,1366,-1,,True,c98e8c9e263cd663,2813,kaggle_3m/TCGA_DU_7019_19940908/TCGA_DU_7019_19940908_17_mask.tif,0
lgg_seg,lgg_seg,kaggle_3m/TCGA_DU_7019_19940908/TCGA_DU_7019_19940908_18.tif,TCGA_DU_7019_19940908_18,tumor,p37,test,none,1366,-1,duplicate_of:TCGA_DU_7019_19940908_17,True,c98e8c96263cd6e3,2263,kaggle_3m/TCGA_DU_7019_19940908/TCGA_DU_7019_19940908_18_mask.tif,0
lgg_seg,lgg_seg,kaggle_3m/TCGA_DU_7019_19940908/TCGA_DU_7019_19940908_19.tif,TCGA_DU_7019_19940908_19,tumor,p37,test,none,1368,-1,,True,e90c4d96263c9e6b,1599,kaggle_3m/TCGA_DU_7019_19940908/TCGA_DU_7019_19940908_19_mask.tif,0
lgg_seg,lgg_seg,kaggle_3m/TCGA_DU_7019_19940908/TCGA_DU_7019_19940908_2.tif,TCGA_DU_7019_19940908_2,empty,p37,test,none,1369,-1,,True,cdc61d0c78bca6c3,0,kaggle_3m/TCGA_DU_7019_19940908/TCGA_DU_7019_19940908_2_mask.tif,0
lgg_seg,lgg_seg,kaggle_3m/TCGA_DU_7019_19940908/TCGA_DU_7019_19940908_20.tif,TCGA_DU_7019_19940908_20,tumor,p37,test,none,1370,-1,,True,e38c4d16a6bc9669,737,kaggle_3m/TCGA_DU_7019_19940908/TCGA_DU_7019_19940908_20_mask.tif,0
lgg_seg,lgg_seg,kaggle_3m/TCGA_DU_7019_19940908/TCGA_DU_7019_19940908_21.tif,TCGA_DU_7019_19940908_21,tumor,p37,test,none,1371,-1,,True,c98c6d3c869cb669,423,kaggle_3m/TCGA_DU_7019_19940908/TCGA_DU_7019_19940908_21_mask.tif,0
lgg_seg,lgg_seg,kaggle_3m/TCGA_DU_7019_19940908/TCGA_DU_7019_19940908_22.tif,TCGA_DU_7019_19940908_22,empty,p37,test,none,1372,-1,,True,c98ecd2c269eb661,0,kaggle_3m/TCGA_DU_7019_19940908/TCGA_DU_7019_19940908_22_mask.tif,0
lgg_seg,lgg_seg,kaggle_3m/TCGA_DU_7019_19940908/TCGA_DU_7019_19940908_23.tif,TCGA_DU_7019_19940908_23,empty,p37,test,none,1373,-1,,True,6d9ec92c269cb661,0,kaggle_3m/TCGA_DU_7019_19940908/TCGA_DU_7019_19940908_23_mask.tif,0
lgg_seg,lgg_seg,kaggle_3m/TCGA_DU_7019_19940908/TCGA_DU_7019_19940908_24.tif,TCGA_DU_7019_19940908_24,empty,p37,test,none,1374,-1,,True,4b8cc90ea5bcb669,0,kaggle_3m/TCGA_DU_7019_19940908/TCGA_DU_7019_19940908_24_mask.tif,0
lgg_seg,lgg_seg,kaggle_3m/TCGA_DU_7019_19940908/TCGA_DU_7019_19940908_25.tif,TCGA_DU_7019_19940908_25,empty,p37,test,none,1375,-1,,True,4986e98e873c36e9,0,kaggle_3m/TCGA_DU_7019_19940908/TCGA_DU_7019_19940908_25_mask.tif,0
lgg_seg,lgg_seg,kaggle_3m/TCGA_DU_7019_19940908/TCGA_DU_7019_19940908_26.tif,TCGA_DU_7019_19940908_26,empty,p37,test,none,1376,-1,,True,7986e98ea53c1669,0,kaggle_3m/TCGA_DU_7019_19940908/TCGA_DU_7019_19940908_26_mask.tif,0
lgg_seg,lgg_seg,kaggle_3m/TCGA_DU_7019_19940908/TCGA_DU_7019_19940908_27.tif,TCGA_DU_7019_19940908_27,empty,p37,test,none,1377,-1,,True,7986610eed3c9669,0,kaggle_3m/TCGA_DU_7019_19940908/TCGA_DU_7019_19940908_27_mask.tif,0
lgg_seg,lgg_seg,kaggle_3m/TCGA_DU_7019_19940908/TCGA_DU_7019_19940908_28.tif,TCGA_DU_7019_19940908_28,empty,p37,test,none,91,-1,duplicate_of:TCGA_CS_5393_19990606_17,True,7186e18c6d3c9673,0,kaggle_3m/TCGA_DU_7019_19940908/TCGA_DU_7019_19940908_28_mask.tif,0
lgg_seg,lgg_seg,kaggle_3m/TCGA_DU_7019_19940908/TCGA_DU_7019_19940908_29.tif,TCGA_DU_7019_19940908_29,empty,p37,test,none,91,-1,duplicate_of:TCGA_CS_5393_19990606_17,True,798661866d3c9673,0,kaggle_3m/TCGA_DU_7019_19940908/TCGA_DU_7019_19940908_29_mask.tif,0
lgg_seg,lgg_seg,kaggle_3m/TCGA_DU_7019_19940908/TCGA_DU_7019_19940908_3.tif,TCGA_DU_7019_19940908_3,empty,p37,test,none,1380,-1,,True,c98e0d2cf4b4a6cb,0,kaggle_3m/TCGA_DU_7019_19940908/TCGA_DU_7019_19940908_3_mask.tif,0
lgg_seg,lgg_seg,kaggle_3m/TCGA_DU_7019_19940908/TCGA_DU_7019_19940908_30.tif,TCGA_DU_7019_19940908_30,empty,p37,test,none,1381,-1,,True,19667986e11cb673,0,kaggle_3m/TCGA_DU_7019_19940908/TCGA_DU_7019_19940908_30_mask.tif,0
lgg_seg,lgg_seg,kaggle_3m/TCGA_DU_7019_19940908/TCGA_DU_7019_19940908_31.tif,TCGA_DU_7019_19940908_31,empty,p37,test,none,1382,-1,,True,99647986e38c9e71,0,kaggle_3m/TCGA_DU_7019_19940908/TCGA_DU_7019_19940908_31_mask.tif,0
lgg_seg,lgg_seg,kaggle_3m/TCGA_DU_7019_19940908/TCGA_DU_7019_19940908_32.tif,TCGA_DU_7019_19940908_32,empty,p37,test,none,1383,-1,,True,99cb3966418ca67b,0,kaggle_3m/TCGA_DU_7019_19940908/TCGA_DU_7019_19940908_32_mask.tif,0
lgg_seg,lgg_seg,kaggle_3m/TCGA_DU_7019_19940908/TCGA_DU_7019_19940908_33.tif,TCGA_DU_7019_19940908_33,empty,p37,test,none,1384,-1,,True,a6339966698ca47b,0,kaggle_3m/TCGA_DU_7019_19940908/TCGA_DU_7019_19940908_33_mask.tif,0
lgg_seg,lgg_seg,kaggle_3m/TCGA_DU_7019_19940908/TCGA_DU_7019_19940908_34.tif,TCGA_DU_7019_19940908_34,empty,p37,test,none,1385,-1,,True,6699996359c66699,0,kaggle_3m/TCGA_DU_7019_19940908/TCGA_DU_7019_19940908_34_mask.tif,0
lgg_seg,lgg_seg,kaggle_3m/TCGA_DU_7019_19940908/TCGA_DU_7019_19940908_35.tif,TCGA_DU_7019_19940908_35,empty,p37,test,none,161,-1,duplicate_of:TCGA_CS_5397_20010315_22,True,66d8663399666699,0,kaggle_3m/TCGA_DU_7019_19940908/TCGA_DU_7019_19940908_35_mask.tif,0
lgg_seg,lgg_seg,kaggle_3m/TCGA_DU_7019_19940908/TCGA_DU_7019_19940908_36.tif,TCGA_DU_7019_19940908_36,empty,p37,test,none,1387,-1,,True,dd1d195a890bea46,0,kaggle_3m/TCGA_DU_7019_19940908/TCGA_DU_7019_19940908_36_mask.tif,0
lgg_seg,lgg_seg,kaggle_3m/TCGA_DU_7019_19940908/TCGA_DU_7019_19940908_37.tif,TCGA_DU_7019_19940908_37,empty,p37,test,none,1388,-1,,True,a4ee60d1fcfcda48,0,kaggle_3m/TCGA_DU_7019_19940908/TCGA_DU_7019_19940908_37_mask.tif,0
lgg_seg,lgg_seg,kaggle_3m/TCGA_DU_7019_19940908/TCGA_DU_7019_19940908_38.tif,TCGA_DU_7019_19940908_38,empty,p37,test,none,1389,-1,,True,88ab64b1fe500582,0,kaggle_3m/TCGA_DU_7019_19940908/TCGA_DU_7019_19940908_38_mask.tif,0
lgg_seg,lgg_seg,kaggle_3m/TCGA_DU_7019_19940908/TCGA_DU_7019_19940908_4.tif,TCGA_DU_7019_19940908_4,empty,p37,test,none,1390,-1,,True,c98c0e1efc3ca6c3,0,kaggle_3m/TCGA_DU_7019_19940908/TCGA_DU_7019_19940908_4_mask.tif,0
lgg_seg,lgg_seg,kaggle_3m/TCGA_DU_7019_19940908/TCGA_DU_7019_19940908_5.tif,TCGA_DU_7019_19940908_5,empty,p37,test,none,1391,-1,,True,5ba40c1eb6bc96c3,0,kaggle_3m/TCGA_DU_7019_19940908/TCGA_DU_7019_19940908_5_mask.tif,0
lgg_seg,lgg_seg,kaggle_3m/TCGA_DU_7019_19940908/TCGA_DU_7019_19940908_6.tif,TCGA_DU_7019_19940908_6,empty,p37,test,none,1392,-1,,True,5b9c4916b63c96c3,0,kaggle_3m/TCGA_DU_7019_19940908/TCGA_DU_7019_19940908_6_mask.tif,0
lgg_seg,lgg_seg,kaggle_3m/TCGA_DU_7019_19940908/TCGA_DU_7019_19940908_7.tif,TCGA_DU_7019_19940908_7,empty,p37,test,none,1392,-1,duplicate_of:TCGA_DU_7019_19940908_6,True,5a9c4936b6bc9643,0,kaggle_3m/TCGA_DU_7019_19940908/TCGA_DU_7019_19940908_7_mask.tif,0
lgg_seg,lgg_seg,kaggle_3m/TCGA_DU_7019_19940908/TCGA_DU_7019_19940908_8.tif,TCGA_DU_7019_19940908_8,empty,p37,test,none,1394,-1,,True,7c1c491eb2bca6c3,0,kaggle_3m/TCGA_DU_7019_19940908/TCGA_DU_7019_19940908_8_mask.tif,0
lgg_seg,lgg_seg,kaggle_3m/TCGA_DU_7019_19940908/TCGA_DU_7019_19940908_9.tif,TCGA_DU_7019_19940908_9,empty,p37,test,none,1395,-1,,True,ec0c6b369efc8603,0,kaggle_3m/TCGA_DU_7019_19940908/TCGA_DU_7019_19940908_9_mask.tif,0
lgg_seg,lgg_seg,kaggle_3m/TCGA_DU_7294_19890104/TCGA_DU_7294_19890104_1.tif,TCGA_DU_7294_19890104_1,empty,p38,train,none,1396,-1,,False,69c9969696966969,0,kaggle_3m/TCGA_DU_7294_19890104/TCGA_DU_7294_19890104_1_mask.tif,4
lgg_seg,lgg_seg,kaggle_3m/TCGA_DU_7294_19890104/TCGA_DU_7294_19890104_10.tif,TCGA_DU_7294_19890104_10,empty,p38,train,none,1397,-1,,False,59636d26929e6969,0,kaggle_3m/TCGA_DU_7294_19890104/TCGA_DU_7294_19890104_10_mask.tif,4
lgg_seg,lgg_seg,kaggle_3m/TCGA_DU_7294_19890104/TCGA_DU_7294_19890104_11.tif,TCGA_DU_7294_19890104_11,empty,p38,train,none,1398,-1,,False,73656c249a9e6569,0,kaggle_3m/TCGA_DU_7294_19890104/TCGA_DU_7294_19890104_11_mask.tif,4
lgg_seg,lgg_seg,kaggle_3m/TCGA_DU_7294_19890104/TCGA_DU_7294_19890104_12.tif,TCGA_DU_7294_19890104_12,empty,p38,train,none,1399,-1,,False,6964e686929e6d69,0,kaggle_3m/TCGA_DU_7294_19890104/TCGA_DU_7294_19890104_12_mask.tif,4
lgg_seg,lgg_seg,kaggle_3m/TCGA_DU_7294_19890104/TCGA_DU_7294_19890104_13.tif,TCGA_DU_7294_19890104_13,empty,p38,train,none,1399,-1,duplicate_of:TCGA_DU_7294_19890104_12,False,69e4a686929e6d69,0,kaggle_3m/TCGA_DU_7294_19890104/TCGA_DU_7294_19890104_13_mask.tif,4
lgg_seg,lgg_seg,kaggle_3m/TCGA_DU_7294_19890104/TCGA_DU_7294_19890104_14.tif,TCGA_DU_7294_19890104_14,empty,p38,train,none,1401,-1,,False,8c8c9e86d3366d69,0,kaggle_3m/TCGA_DU_7294_19890104/TCGA_DU_7294_19890104_14_mask.tif,4
lgg_seg,lgg_seg,kaggle_3m/TCGA_DU_7294_19890104/TCGA_DU_7294_19890104_15.tif,TCGA_DU_7294_19890104_15,empty,p38,train,none,1402,-1,,False,8c8c9b8ec71e2c79,0,kaggle_3m/TCGA_DU_7294_19890104/TCGA_DU_7294_19890104_15_mask.tif,4
lgg_seg,lgg_seg,kaggle_3m/TCGA_DU_7294_19890104/TCGA_DU_7294_19890104_16.tif,TCGA_DU_7294_19890104_16,empty,p38,train,none,1403,-1,,False,69cc9986c71c3c79,0,kaggle_3m/TCGA_DU_7294_19890104/TCGA_DU_7294_19890104_16_mask.tif,4
lgg_seg,lgg_seg,kaggle_3m/TCGA_DU_7294_19890104/TCGA_DU_7294_19890104_17.tif,TCGA_DU_7294_19890104_17,empty,p38,train,none,1403,-1,duplicate_of:TCGA_DU_7294_19890104_16,False,794c9986e31c3c79,0,kaggle_3m/TCGA_DU_7294_19890104/TCGA_DU_7294_19890104_17_mask.tif,4
lgg_seg,lgg_seg,kaggle_3m/TCGA_DU_7294_19890104/TCGA_DU_7294_19890104_18.tif,TCGA_DU_7294_19890104_18,empty,p38,train,none,1405,-1,,False,d96c58a6e31c1c79,0,kaggle_3m/TCGA_DU_7294_19890104/TCGA_DU_7294_19890104_18_mask.tif,4
lgg_seg,lgg_seg,kaggle_3m/TCGA_DU_7294_19890104/TCGA_DU_7294_19890104_19.tif,TCGA_DU_7294_19890104_19,empty,p38,train,none,1406,-1,,False,92e369a6831c3cf3,0,kaggle_3m/TCGA_DU_7294_19890104/TCGA_DU_7294_19890104_19_mask.tif,4
lgg_seg,lgg_seg,kaggle_3m/TCGA_DU_7294_19890104/TCGA_DU_7294_19890104_2.tif,TCGA_DU_7294_19890104_2,empty,p38,train,none,1407,-1,,False,6cd9878696966969,0,kaggle_3m/TCGA_DU_7294_19890104/TCGA_DU_7294_19890104_2_mask.tif,4
lgg_seg,lgg_seg,kaggle_3m/TCGA_DU_7294_19890104/TCGA_DU_7294_19890104_20.tif,TCGA_DU_7294_19890104_20,empty,p38,train,none,1408,-1,,False,309bd966c39c3c71,0,kaggle_3m/TCGA_DU_7294_19890104/TCGA_DU_7294_19890104_20_mask.tif,4
lgg_seg,lgg_seg,kaggle_3m/TCGA_DU_7294_19890104/TCGA_DU_7294_19890104_21.tif,TCGA_DU_7294_19890104_21,tumor,p38,train,none,1408,-1,,False,3c9b1966c39c3c71,202,kaggle_3m/TCGA_DU_7294_19890104/TCGA_DU_7294_19890104_21_mask.tif,4
lgg_seg,lgg_seg,kaggle_3m/TCGA_DU_7294_19890104/TCGA_DU_7294_19890104_22.tif,TCGA_DU_7294_19890104_22,tumor,p38,train,none,1410,-1,,False,1cc639a6c38e3c79,493,kaggle_3m/TCGA_DU_7294_19890104/TCGA_DU_7294_19890104_22_mask.tif,4
lgg_seg,lgg_seg,kaggle_3m/TCGA_DU_7294_19890104/TCGA_DU_7294_19890104_23.tif,TCGA_DU_7294_19890104_23,tumor,p38,train,none,1410,-1,duplicate_of:TCGA_DU_7294_19890104_22,False,9c6639a6c38e3c71,734,kaggle_3m/TCGA_DU_7294_19890104/TCGA_DU_7294_19890104_23_mask.tif,4
lgg_seg,lgg_seg,kaggle_3m/TCGA_DU_7294_19890104/TCGA_DU_7294_19890104_24.tif,TCGA_DU_7294_19890104_24,tumor,p38,train,none,1410,-1,duplicate_of:TCGA_DU_7294_19890104_22,False,4ce639a6c38e3c71,528,kaggle_3m/TCGA_DU_7294_19890104/TCGA_DU_7294_19890104_24_mask.tif,4
lgg_seg,lgg_seg,kaggle_3m/TCGA_DU_7294_19890104/TCGA_DU_7294_19890104_25.tif,TCGA_DU_7294_19890104_25,tumor,p38,train,none,1413,-1,,False,4c66338ec38e3c79,890,kaggle_3m/TCGA_DU_7294_19890104/TCGA_DU_7294_19890104_25_mask.tif,4
lgg_seg,lgg_seg,kaggle_3m/TCGA_DU_7294_19890104/TCGA_DU_7294_19890104_26.tif,TCGA_DU_7294_19890104_26,tumor,p38,train,none,1414,-1,,False,cc633386c3863e79,445,kaggle_3m/TCGA_DU_7294_19890104/TCGA_DU_7294_19890104_26_mask.tif,4
lgg_seg,lgg_seg,kaggle_3m/TCGA_DU_7294_19890104/TCGA_DU_7294_19890104_27.tif,TCGA_DU_7294_19890104_27,tumor,p38,train,none,1415,-1,,False,8c6932e6c98e3c79,263,kaggle_3m/TCGA_DU_7294_19890104/TCGA_DU_7294_19890104_27_mask.tif,4
lgg_seg,lgg_seg,kaggle_3m/TCGA_DU_7294_19890104/TCGA_DU_7294_19890104_28.tif,TCGA_DU_7294_19890104_28,tumor,p38,train,none,1416,-1,,False,86591c66e38e9c79,264,kaggle_3m/TCGA_DU_7294_19890104/TCGA_DU_7294_19890104_28_mask.tif,4
lgg_seg,lgg_seg,kaggle_3m/TCGA_DU_7294_19890104/TCGA_DU_7294_19890104_29.tif,TCGA_DU_7294_19890104_29,empty,p38,train,none,1417,-1,,False,99193666f3868c79,0,kaggle_3m/TCGA_DU_7294_19890104/TCGA_DU_7294_19890104_29_mask.tif,4
lgg_seg,lgg_seg,kaggle_3m/TCGA_DU_7294_19890104/TCGA_DU_7294_19890104_3.tif,TCGA_DU_7294_19890104_3,empty,p38,train,none,1418,-1,,False,4ce6a686d6966969,0,kaggle_3m/TCGA_DU_7294_19890104/TCGA_DU_7294_19890104_3_mask.tif,4
lgg_seg,lgg_seg,kaggle_3m/TCGA_DU_7294_19890104/TCGA_DU_7294_19890104_30.tif,TCGA_DU_7294_19890104_30,empty,p38,train,none,917,-1,duplicate_of:TCGA_DU_6404_19850629_47,False,c6991c6773868e59,0,kaggle_3m/TCGA_DU_7294_19890104/TCGA_DU_7294_19890104_30_mask.tif,4
lgg_seg,lgg_seg,kaggle_3m/TCGA_DU_7294_19890104/TCGA_DU_7294_19890104_31.tif,TCGA_DU_7294_19890104_31,empty,p38,train,none,758,-1,duplicate_of:TCGA_DU_6399_19830416_49,False,66998c793366cc99,0,kaggle_3m/TCGA_DU_7294_19890104/TCGA_DU_7294_19890104_31_mask.tif,4
lgg_seg,lgg_seg,kaggle_3m/TCGA_DU_7294_19890104/TCGA_DU_7294_19890104_32.tif,TCGA_DU_7294_19890104_32,empty,p38,train,none,921,-1,duplicate_of:TCGA_DU_6404_19850629_50,False,3366cc993366cc99,0,kaggle_3m/TCGA_DU_7294_19890104/TCGA_DU_7294_19890104_32_mask.tif,4
lgg_seg,lgg_seg,kaggle_3m/TCGA_DU_7294_19890104/TCGA_DU_7294_19890104_33.tif,TCGA_DU_7294_19890104_33,empty,p38,train,none,1422,-1,,False,d381148e2f350fc0,0,kaggle_3m/TCGA_DU_7294_19890104/TCGA_DU_7294_19890104_33_mask.tif,4
lgg_seg,lgg_seg,kaggle_3m/TCGA_DU_7294_19890104/TCGA_DU_7294_19890104_34.tif,TCGA_DU_7294_19890104_34,empty,p38,train,none,1423,-1,,False,5395c3d572e1912c,0,kaggle_3m/TCGA_DU_7294_19890104/TCGA_DU_7294_19890104_34_mask.tif,4
lgg_seg,lgg_seg,kaggle_3m/TCGA_DU_7294_19890104/TCGA_DU_7294_19890104_4.tif,TCGA_DU_7294_19890104_4,empty,p38,train,none,1424,-1,,False,8ca6a7865616e9e9,0,kaggle_3m/TCGA_DU_7294_19890104/TCGA_DU_7294_19890104_4_mask.tif,4
lgg_seg,lgg_seg,kaggle_3m/TCGA_DU_7294_19890104/TCGA_DU_7294_19890104_5.tif,TCGA_DU_7294_19890104_5,empty,p38,train,none,1425,-1,,False,9ea6a51c1616e9e9,0,kaggle_3m/TCGA_DU_7294_19890104/TCGA_DU_7294_19890104_5_mask.tif,4
lgg_seg,lgg_seg,kaggle_3m/TCGA_DU_7294_19890104/TCGA_DU_7294_19890104_6.tif,TCGA_DU_7294_19890104_6,empty,p38,train,none,1426,-1,,False,86676d3c929689e9,0,kaggle_3m/TCGA_DU_7294_19890104/TCGA_DU_7294_19890104_6_mask.tif,4
lgg_seg,lgg_seg,kaggle_3m/TCGA_DU_7294_19890104/TCGA_DU_7294_19890104_7.tif,TCGA_DU_7294_19890104_7,empty,p38,train,none,1427,-1,,False,66632d2cd2de89a9,0,kaggle_3m/TCGA_DU_7294_19890104/TCGA_DU_7294_19890104_7_mask.tif,4
lgg_seg,lgg_seg,kaggle_3m/TCGA_DU_7294_19890104/TCGA_DU_7294_19890104_8.tif,TCGA_DU_7294_19890104_8,empty,p38,train,none,1428,-1,,False,63616d3492dec9e1,0,kaggle_3m/TCGA_DU_7294_19890104/TCGA_DU_7294_19890104_8_mask.tif,4
lgg_seg,lgg_seg,kaggle_3m/TCGA_DU_7294_19890104/TCGA_DU_7294_19890104_9.tif,TCGA_DU_7294_19890104_9,empty,p38,train,none,1429,-1,,False,59616d3492d6c9e9,0,kaggle_3m/TCGA_DU_7294_19890104/TCGA_DU_7294_19890104_9_mask.tif,4
lgg_seg,lgg_seg,kaggle_3m/TCGA_DU_7298_19910324/TCGA_DU_7298_19910324_1.tif,TCGA_DU_7298_19910324_1,empty,p39,val,none,1430,-1,,False,9c869c8ed3766169,0,kaggle_3m/TCGA_DU_7298_19910324/TCGA_DU_7298_19910324_1_mask.tif,1
lgg_seg,lgg_seg,kaggle_3m/TCGA_DU_7298_19910324/TCGA_DU_7298_19910324_10.tif,TCGA_DU_7298_19910324_10,tumor,p39,val,none,1431,-1,,False,4ba6e59c1a966669,2469,kaggle_3m/TCGA_DU_7298_19910324/TCGA_DU_7298_19910324_10_mask.tif,1
lgg_seg,lgg_seg,kaggle_3m/TCGA_DU_7298_19910324/TCGA_DU_7298_19910324_11.tif,TCGA_DU_7298_19910324_11,tumor,p39,val,none,1432,-1,,False,59a6878c1e3667c9,3654,kaggle_3m/TCGA_DU_7298_19910324/TCGA_DU_7298_19910324_11_mask.tif,1
lgg_seg,lgg_seg,kaggle_3m/TCGA_DU_7298_19910324/TCGA_DU_7298_19910324_12.tif,TCGA_DU_7298_19910324_12,tumor,p39,val,none,1433,-1,,False,99a6948e5e766349,3953,kaggle_3m/TCGA_DU_7298_19910324/TCGA_DU_7298_19910324_12_mask.tif,1
lgg_seg,lgg_seg,kaggle_3m/TCGA_DU_7298_19910324/TCGA_DU_7298_19910324_13.tif,TCGA_DU_7298_19910324_13,tumor,p39,val,none,1434,-1,,False,9986969e4c7663c9,3994,kaggle_3m/TCGA_DU_7298_19910324/TCGA_DU_7298_19910324_13_mask.tif,1
lgg_seg,lgg_seg,kaggle_3m/TCGA_DU_7298_19910324/TCGA_DU_7298_19910324_14.tif,TCGA_DU_7298_19910324_14,tumor,p39,val,none,1435,-1,,False,9986d89c4d7636c9,4091,kaggle_3m/TCGA_DU_7298_19910324/TCGA_DU_7298_19910324_14_mask.tif,1
lgg_seg,lgg_seg,kaggle_3m/TCGA_DU_7298_19910324/TCGA_DU_7298_19910324_15.tif,TCGA_DU_7298_19910324_15,tumor,p39,val,none,1436,-1,,False,9986789ccb3636c9,4047,kaggle_3m/TCGA_DU_7298_19910324/TCGA_DU_7298_19910324_15_mask.tif,1
lgg_seg,lgg_seg,kaggle_3m/TCGA_DU_7298_19910324/TCGA_DU_7298_19910324_16.tif,TCGA_DU_7298_19910324_16,tumor,p39,val,none,1437,-1,,False,9b86738ccb3634c9,3497,kaggle_3m/TCGA_DU_7298_19910324/TCGA_DU_7298_19910324_16_mask.tif,1
lgg_seg,lgg_seg,kaggle_3m/TCGA_DU_7298_19910324/TCGA_DU_7298_19910324_17.tif,TCGA_DU_7298_19910324_17,tumor,p39,val,none,1437,-1,duplicate_of:TCGA_DU_7298_19910324_16,False,9ba6738ccb363449,2473,kaggle_3m/TCGA_DU_7298_19910324/TCGA_DU_7298_19910324_17_mask.tif,1
lgg_seg,lgg_seg,kaggle_3m/TCGA_DU_7298_19910324/TCGA_DU_7298_19910324_18.tif,TCGA_DU_7298_19910324_18,tumor,p39,val,none,1437,-1,duplicate_of:TCGA_DU_7298_19910324_16,False,99a6738cc93636c9,1511,kaggle_3m/TCGA_DU_7298_19910324/TCGA_DU_7298_19910324_18_mask.tif,1
lgg_seg,lgg_seg,kaggle_3m/TCGA_DU_7298_19910324/TCGA_DU_7298_19910324_19.tif,TCGA_DU_7298_19910324_19,tumor,p39,val,none,1440,-1,,False,d9a6618ecb1636c9,818,kaggle_3m/TCGA_DU_7298_19910324/TCGA_DU_7298_19910324_19_mask.tif,1
lgg_seg,lgg_seg,kaggle_3m/TCGA_DU_7298_19910324/TCGA_DU_7298_19910324_2.tif,TCGA_DU_7298_19910324_2,empty,p39,val,none,1441,-1,,False,9c86928cdb7e6561,0,kaggle_3m/TCGA_DU_7298_19910324/TCGA_DU_7298_19910324_2_mask.tif,1
lgg_seg,lgg_seg,kaggle_3m/TCGA_DU_7298_19910324/TCGA_DU_7298_19910324_20.tif,TCGA_DU_7298_19910324_20,tumor,p39,val,none,1442,-1,,False,19a66986e31e36e9,60,kaggle_3m/TCGA_DU_7298_19910324/TCGA_DU_7298_19910324_20_mask.tif,1
lgg_seg,lgg_seg,kaggle_3m/TCGA_DU_7298_19910324/TCGA_DU_7298_19910324_21.tif,TCGA_DU_7298_19910324_21,empty,p39,val,none,73,-1,duplicate_of:TCGA_CS_4944_20010208_19,False,19e64986e51e96e9,0,kaggle_3m/TCGA_DU_7298_19910324/TCGA_DU_7298_19910324_21_mask.tif,1
lgg_seg,lgg_seg,kaggle_3m/TCGA_DU_7298_19910324/TCGA_DU_7298_19910324_22.tif,TCGA_DU_7298_19910324_22,empty,p39,val,none,73,-1,duplicate_of:TCGA_CS_4944_20010208_19,False,99e65986e11e9669,0,kaggle_3m/TCGA_DU_7298_19910324/TCGA_DU_7298_19910324_22_mask.tif,1
lgg_seg,lgg_seg,kaggle_3m/TCGA_DU_7298_19910324/TCGA_DU_7298_19910324_23.tif,TCGA_DU_7298_19910324_23,empty,p39,val,none,73,-1,duplicate_of:TCGA_CS_4944_20010208_19,False,93e67986e11e1669,0,kaggle_3m/TCGA_DU_7298_19910324/TCGA_DU_7298_19910324_23_mask.tif,1
lgg_seg,lgg_seg,kaggle_3m/TCGA_DU_7298_19910324/TCGA_DU_7298_19910324_24.tif,TCGA_DU_7298_19910324_24,empty,p39,val,none,73,-1,duplicate_of:TCGA_CS_4944_20010208_19,False,9b647b86e11e1669,0,kaggle_3m/TCGA_DU_7298_19910324/TCGA_DU_7298_19910324_24_mask.tif,1
lgg_seg,lgg_seg,kaggle_3m/TCGA_DU_7298_19910324/TCGA_DU_7298_19910324_25.tif,TCGA_DU_7298_19910324_25,empty,p39,val,none,751,-1,duplicate_of:TCGA_DU_6399_19830416_42,False,9c6953a669969669,0,kaggle_3m/TCGA_DU_7298_19910324/TCGA_DU_7298_19910324_25_mask.tif,1
lgg_seg,lgg_seg,kaggle_3m/TCGA_DU_7298_19910324/TCGA_DU_7298_19910324_26.tif,TCGA_DU_7298_19910324_26,empty,p39,val,none,1448,-1,,False,966979a6e1961669,0,kaggle_3m/TCGA_DU_7298_19910324/TCGA_DU_7298_19910324_26_mask.tif,1
lgg_seg,lgg_seg,kaggle_3m/TCGA_DU_7298_19910324/TCGA_DU_7298_19910324_27.tif,TCGA_DU_7298_19910324_27,empty,p39,val,none,1449,-1,,False,9c713964e3961c79,0,kaggle_3m/TCGA_DU_7298_19910324/TCGA_DU_7298_19910324_27_mask.tif,1
lgg_seg,lgg_seg,kaggle_3m/TCGA_DU_7298_19910324/TCGA_DU_7298_19910324_28.tif,TCGA_DU_7298_19910324_28,empty,p39,val,none,1450,-1,,False,8c199b6463969e79,0,kaggle_3m/TCGA_DU_7298_19910324/TCGA_DU_7298_19910324_28_mask.tif,1
lgg_seg,lgg_seg,kaggle_3m/TCGA_DU_7298_19910324/TCGA_DU_7298_19910324_29.tif,TCGA_DU_7298_19910324_29,empty,p39,val,none,1451,-1,,False,6c999a6163869e79,0,kaggle_3m/TCGA_DU_7298_19910324/TCGA_DU_7298_19910324_29_mask.tif,1
lgg_seg,lgg_seg,kaggle_3m/TCGA_DU_7298_19910324/TCGA_DU_7298_19910324_3.tif,TCGA_DU_7298_19910324_3,empty,p39,val,none,1452,-1,,False,9c849b8e527c65e3,0,kaggle_3m/TCGA_DU_7298_19910324/TCGA_DU_7298_19910324_3_mask.tif,1
lgg_seg,lgg_seg,kaggle_3m/TCGA_DU_7298_19910324/TCGA_DU_7298_19910324_30.tif,TCGA_DU_7298_19910324_30,empty,p39,val,none,1453,-1,,False,c96686993966e699,0,kaggle_3m/TCGA_DU_7298_19910324/TCGA_DU_7298_19910324_30_mask.tif,1
lgg_seg,lgg_seg,kaggle_3m/TCGA_DU_7298_19910324/TCGA_DU_7298_19910324_31.tif,TCGA_DU_7298_19910324_31,empty,p39,val,none,161,-1,duplicate_of:TCGA_CS_5397_20010315_22,False,9966669999666699,0,kaggle_3m/TCGA_DU_7298_19910324/TCGA_DU_7298_19910324_31_mask.tif,1
lgg_seg,lgg_seg,kaggle_3m/TCGA_DU_7298_19910324/TCGA_DU_7298_19910324_32.tif,TCGA_DU_7298_19910324_32,empty,p39,val,none,1455,-1,,False,396e9914c9cc669b,0,kaggle_3m/TCGA_DU_7298_19910324/TCGA_DU_7298_19910324_32_mask.tif,1
lgg_seg,lgg_seg,kaggle_3m/TCGA_DU_7298_19910324/TCGA_DU_7298_19910324_4.tif,TCGA_DU_7298_19910324_4,empty,p39,val,none,1452,-1,duplicate_of:TCGA_DU_7298_19910324_3,False,9c8c939e527c61e3,0,kaggle_3m/TCGA_DU_7298_19910324/TCGA_DU_7298_19910324_4_mask.tif,1
lgg_seg,lgg_seg,kaggle_3m/TCGA_DU_7298_19910324/TCGA_DU_7298_19910324_5.tif,TCGA_DU_7298_19910324_5,empty,p39,val,none,1457,-1,,False,9c84999e587ce5e1,0,kaggle_3m/TCGA_DU_7298_19910324/TCGA_DU_7298_19910324_5_mask.tif,1
lgg_seg,lgg_seg,kaggle_3m/TCGA_DU_7298_19910324/TCGA_DU_7298_19910324_6.tif,TCGA_DU_7298_19910324_6,empty,p39,val,none,821,-1,duplicate_of:TCGA_DU_6400_19830518_6,False,1c86999c5a5ea7e1,0,kaggle_3m/TCGA_DU_7298_19910324/TCGA_DU_7298_19910324_6_mask.tif,1
lgg_seg,lgg_seg,kaggle_3m/TCGA_DU_7298_19910324/TCGA_DU_7298_19910324_7.tif,TCGA_DU_7298_19910324_7,empty,p39,val,none,1459,-1,,False,19648c9e5a5ea7e1,0,kaggle_3m/TCGA_DU_7298_19910324/TCGA_DU_7298_19910324_7_mask.tif,1
lgg_seg,lgg_seg,kaggle_3m/TCGA_DU_7298_19910324/TCGA_DU_7298_19910324_8.tif,TCGA_DU_7298_19910324_8,tumor,p39,val,none,1460,-1,,False,33e4cc9c1a56e5e1,599,kaggle_3m/TCGA_DU_7298_19910324/TCGA_DU_7298_19910324_8_mask.tif,1
lgg_seg,lgg_seg,kaggle_3m/TCGA_DU_7298_19910324/TCGA_DU_7298_19910324_9.tif,TCGA_DU_7298_19910324_9,tumor,p39,val,none,1461,-1,,False,53e6ed0c1a966569,1784,kaggle_3m/TCGA_DU_7298_19910324/TCGA_DU_7298_19910324_9_mask.tif,1
lgg_seg,lgg_seg,kaggle_3m/TCGA_DU_7299_19910417/TCGA_DU_7299_19910417_1.tif,TCGA_DU_7299_19910417_1,empty,p6,train,none,1462,-1,,False,ce861d967816a3e9,0,kaggle_3m/TCGA_DU_7299_19910417/TCGA_DU_7299_19910417_1_mask.tif,2
lgg_seg,lgg_seg,kaggle_3m/TCGA_DU_7299_19910417/TCGA_DU_7299_19910417_10.tif,TCGA_DU_7299_19910417_10,empty,p6,train,none,1463,-1,,False,53e56596985686e9,0,kaggle_3m/TCGA_DU_7299_19910417/TCGA_DU_7299_19910417_10_mask.tif,2
lgg_seg,lgg_seg,kaggle_3m/TCGA_DU_7299_19910417/TCGA_DU_7299_19910417_11.tif,TCGA_DU_7299_19910417_11,empty,p6,train,none,1464,-1,,False,69a6e61c985647e9,0,kaggle_3m/TCGA_DU_7299_19910417/TCGA_DU_7299_19910417_11_mask.tif,2
lgg_seg,lgg_seg,kaggle_3m/TCGA_DU_7299_19910417/TCGA_DU_7299_19910417_12.tif,TCGA_DU_7299_19910417_12,empty,p6,train,none,1465,-1,,False,63a6e69699166669,0,kaggle_3m/TCGA_DU_7299_19910417/TCGA_DU_7299_19910417_12_mask.tif,2
lgg_seg,lgg_seg,kaggle_3m/TCGA_DU_7299_19910417/TCGA_DU_7299_19910417_13.tif,TCGA_DU_7299_19910417_13,empty,p6,train,none,1466,-1,,False,63a68e9699966369,0,kaggle_3m/TCGA_DU_7299_19910417/TCGA_DU_7299_19910417_13_mask.tif,2
lgg_seg,lgg_seg,kaggle_3m/TCGA_DU_7299_19910417/TCGA_DU_7299_19910417_14.tif,TCGA_DU_7299_19910417_14,empty,p6,train,none,1467,-1,,False,93869e96b9166369,0,kaggle_3m/TCGA_DU_7299_19910417/TCGA_DU_7299_19910417_14_mask.tif,2
lgg_seg,lgg_seg,kaggle_3m/TCGA_DU_7299_19910417/TCGA_DU_7299_19910417_15.tif,TCGA_DU_7299_19910417_15,empty,p6,train,none,1468,-1,,False,9b8e989ea9167269,0,kaggle_3m/TCGA_DU_7299_19910417/TCGA_DU_7299_19910417_15_mask.tif,2
lgg_seg,lgg_seg,kaggle_3m/TCGA_DU_7299_19910417/TCGA_DU_7299_19910417_16.tif,TCGA_DU_7299_19910417_16,empty,p6,train,none,1468,-1,duplicate_of:TCGA_DU_7299_19910417_15,False,9b8e191ead167269,0,kaggle_3m/TCGA_DU_7299_19910417/TCGA_DU_7299_19910417_16_mask.tif,2
lgg_seg,lgg_seg,kaggle_3m/TCGA_DU_7299_19910417/TCGA_DU_7299_19910417_17.tif,TCGA_DU_7299_19910417_17,empty,p6,train,none,1470,-1,,False,db861a96ad167269,0,kaggle_3m/TCGA_DU_7299_19910417/TCGA_DU_7299_19910417_17_mask.tif,2
lgg_seg,lgg_seg,kaggle_3m/TCGA_DU_7299_19910417/TCGA_DU_7299_19910417_18.tif,TCGA_DU_7299_19910417_18,empty,p6,train,none,1471,-1,,False,5aa65e96ad165269,0,kaggle_3m/TCGA_DU_7299_19910417/TCGA_DU_7299_19910417_18_mask.tif,2
lgg_seg,lgg_seg,kaggle_3m/TCGA_DU_7299_19910417/TCGA_DU_7299_19910417_19.tif,TCGA_DU_7299_19910417_19,empty,p6,train,none,73,-1,duplicate_of:TCGA_CS_4944_20010208_19,False,56e66e96a9165269,0,kaggle_3m/TCGA_DU_7299_19910417/TCGA_DU_7299_19910417_19_mask.tif,2
lgg_seg,lgg_seg,kaggle_3m/TCGA_DU_7299_19910417/TCGA_DU_7299_19910417_2.tif,TCGA_DU_7299_19910417_2,empty,p6,train,none,1473,-1,,False,1e86999c5956e369,0,kaggle_3m/TCGA_DU_7299_19910417/TCGA_DU_7299_19910417_2_mask.tif,2
lgg_seg,lgg_seg,kaggle_3m/TCGA_DU_7299_19910417/TCGA_DU_7299_19910417_20.tif,TCGA_DU_7299_19910417_20,empty,p6,train,none,73,-1,duplicate_of:TCGA_CS_4944_20010208_19,False,5ee66e86a9165269,0,kaggle_3m/TCGA_DU_7299_19910417/TCGA_DU_7299_19910417_20_mask.tif,2
lgg_seg,lgg_seg,kaggle_3m/TCGA_DU_7299_19910417/TCGA_DU_7299_19910417_21.tif,TCGA_DU_7299_19910417_21,tumor,p6,train,none,1475,-1,,False,9aa66ea6a9965269,228,kaggle_3m/TCGA_DU_7299_19910417/TCGA_DU_7299_19910417_21_mask.tif,2
lgg_seg,lgg_seg,kaggle_3m/TCGA_DU_7299_19910417/TCGA_DU_7299_19910417_22.tif,TCGA_DU_7299_19910417_22,tumor,p6,train,none,1475,-1,duplicate_of:TCGA_DU_7299_19910417_21,False,daa66ea6a9961269,257,kaggle_3m/TCGA_DU_7299_19910417/TCGA_DU_7299_19910417_22_mask.tif,2
lgg_seg,lgg_seg,kaggle_3m/TCGA_DU_7299_19910417/TCGA_DU_7299_19910417_23.tif,TCGA_DU_7299_19910417_23,tumor,p6,train,none,73,-1,duplicate_of:TCGA_DU_5871_19941206_19,False,5ee66a86ad1612e9,751,kaggle_3m/TCGA_DU_7299_19910417/TCGA_DU_7299_19910417_23_mask.tif,2
lgg_seg,lgg_seg,kaggle_3m/TCGA_DU_7299_19910417/TCGA_DU_7299_19910417_24.tif,TCGA_DU_7299_19910417_24,tumor,p6,train,none,73,-1,duplicate_of:TCGA_DU_5871_19941206_19,False,5ee67886ad169269,939,kaggle_3m/TCGA_DU_7299_19910417/TCGA_DU_7299_19910417_24_mask.tif,2
lgg_seg,lgg_seg,kaggle_3m/TCGA_DU_7299_19910417/TCGA_DU_7299_19910417_25.tif,TCGA_DU_7299_19910417_25,tumor,p6,train,none,73,-1,duplicate_of:TCGA_DU_5871_19941206_19,False,5ee47886ad969269,1105,kaggle_3m/TCGA_DU_7299_19910417/TCGA_DU_7299_19910417_25_mask.tif,2
lgg_seg,lgg_seg,kaggle_3m/TCGA_DU_7299_19910417/TCGA_DU_7299_19910417_26.tif,TCGA_DU_7299_19910417_26,tumor,p6,train,none,1480,-1,,False,cce67a86a9169279,968,kaggle_3m/TCGA_DU_7299_19910417/TCGA_DU_7299_19910417_26_mask.tif,2
lgg_seg,lgg_seg,kaggle_3m/TCGA_DU_7299_19910417/TCGA_DU_7299_19910417_27.tif,TCGA_DU_7299_19910417_27,tumor,p6,train,none,1481,-1,,False,8ee65e8669169279,420,kaggle_3m/TCGA_DU_7299_19910417/TCGA_DU_7299_19910417_27_mask.tif,2
lgg_seg,lgg_seg,kaggle_3m/TCGA_DU_7299_19910417/TCGA_DU_7299_19910417_28.tif,TCGA_DU_7299_19910417_28,tumor,p6,train,none,1482,-1,,False,c6655ea669169279,272,kaggle_3m/TCGA_DU_7299_19910417/TCGA_DU_7299_19910417_28_mask.tif,2
lgg_seg,lgg_seg,kaggle_3m/TCGA_DU_7299_19910417/TCGA_DU_7299_19910417_29.tif,TCGA_DU_7299_19910417_29,empty,p6,train,none,1483,-1,,False,a6614ee669969279,0,kaggle_3m/TCGA_DU_7299_19910417/TCGA_DU_7299_19910417_29_mask.tif,2
lgg_seg,lgg_seg,kaggle_3m/TCGA_DU_7299_19910417/TCGA_DU_7299_19910417_3.tif,TCGA_DU_7299_19910417_3,empty,p6,train,none,1473,-1,duplicate_of:TCGA_DU_7299_19910417_2,False,5e86999c5956a369,0,kaggle_3m/TCGA_DU_7299_19910417/TCGA_DU_7299_19910417_3_mask.tif,2
lgg_seg,lgg_seg,kaggle_3m/TCGA_DU_7299_19910417/TCGA_DU_7299_19910417_30.tif,TCGA_DU_7299_19910417_30,empty,p6,train,none,1483,-1,duplicate_of:TCGA_DU_7299_19910417_29,False,b66946e669869279,0,kaggle_3m/TCGA_DU_7299_19910417/TCGA_DU_7299_19910417_30_mask.tif,2
lgg_seg,lgg_seg,kaggle_3m/TCGA_DU_7299_19910417/TCGA_DU_7299_19910417_31.tif,TCGA_DU_7299_19910417_31,empty,p6,train,none,1486,-1,,False,b359866669869759,0,kaggle_3m/TCGA_DU_7299_19910417/TCGA_DU_7299_19910417_31_mask.tif,2
lgg_seg,lgg_seg,kaggle_3m/TCGA_DU_7299_19910417/TCGA_DU_7299_19910417_32.tif,TCGA_DU_7299_19910417_32,empty,p6,train,none,1487,-1,,False,3399966349a6b659,0,kaggle_3m/TCGA_DU_7299_19910417/TCGA_DU_7299_19910417_32_mask.tif,2
lgg_seg,lgg_seg,kaggle_3m/TCGA_DU_7299_19910417/TCGA_DU_7299_19910417_33.tif,TCGA_DU_7299_19910417_33,empty,p6,train,none,161,-1,duplicate_of:TCGA_CS_5397_20010315_22,False,6e992699d9662699,0,kaggle_3m/TCGA_DU_7299_19910417/TCGA_DU_7299_19910417_33_mask.tif,2
lgg_seg,lgg_seg,kaggle_3m/TCGA_DU_7299_19910417/TCGA_DU_7299_19910417_34.tif,TCGA_DU_7299_19910417_34,empty,p6,train,none,161,-1,duplicate_of:TCGA_CS_5397_20010315_22,False,9966669999666699,0,kaggle_3m/TCGA_DU_7299_19910417/TCGA_DU_7299_19910417_34_mask.tif,2
lgg_seg,lgg_seg,kaggle_3m/TCGA_DU_7299_19910417/TCGA_DU_7299_19910417_35.tif,TCGA_DU_7299_19910417_35,empty,p6,train,none,1490,-1,,False,97834eb1139fb112,0,kaggle_3m/TCGA_DU_7299_19910417/TCGA_DU_7299_19910417_35_mask.tif,2
lgg_seg,lgg_seg,kaggle_3m/TCGA_DU_7299_19910417/TCGA_DU_7299_19910417_36.tif,TCGA_DU_7299_19910417_36,empty,p6,train,none,1491,-1,,False,b95261e92aed3168,0,kaggle_3m/TCGA_DU_7299_19910417/TCGA_DU_7299_19910417_36_mask.tif,2
lgg_seg,lgg_seg,kaggle_3m/TCGA_DU_7299_19910417/TCGA_DU_7299_19910417_4.tif,TCGA_DU_7299_19910417_4,empty,p6,train,none,1492,-1,,False,36a6999c791ea361,0,kaggle_3m/TCGA_DU_7299_19910417/TCGA_DU_7299_19910417_4_mask.tif,2
lgg_seg,lgg_seg,kaggle_3m/TCGA_DU_7299_19910417/TCGA_DU_7299_19910417_5.tif,TCGA_DU_7299_19910417_5,empty,p6,train,none,1493,-1,,False,9684199ed85ea3e9,0,kaggle_3m/TCGA_DU_7299_19910417/TCGA_DU_7299_19910417_5_mask.tif,2
lgg_seg,lgg_seg,kaggle_3m/TCGA_DU_7299_19910417/TCGA_DU_7299_19910417_6.tif,TCGA_DU_7299_19910417_6,empty,p6,train,none,1494,-1,,False,1aa6699c9856a7e9,0,kaggle_3m/TCGA_DU_7299_19910417/TCGA_DU_7299_19910417_6_mask.tif,2
lgg_seg,lgg_seg,kaggle_3m/TCGA_DU_7299_19910417/TCGA_DU_7299_19910417_7.tif,TCGA_DU_7299_19910417_7,empty,p6,train,none,1495,-1,,False,52a6999c9856b7a9,0,kaggle_3m/TCGA_DU_7299_19910417/TCGA_DU_7299_19910417_7_mask.tif,2
lgg_seg,lgg_seg,kaggle_3m/TCGA_DU_7299_19910417/TCGA_DU_7299_19910417_8.tif,TCGA_DU_7299_19910417_8,empty,p6,train,none,1496,-1,,False,73a4899e9856a7a9,0,kaggle_3m/TCGA_DU_7299_19910417/TCGA_DU_7299_19910417_8_mask.tif,2
lgg_seg,lgg_seg,kaggle_3m/TCGA_DU_7299_19910417/TCGA_DU_7299_19910417_9.tif,TCGA_DU_7299_19910417_9,empty,p6,train,none,1497,-1,,False,53e4a79e985686a9,0,kaggle_3m/TCGA_DU_7299_19910417/TCGA_DU_7299_19910417_9_mask.tif,2
lgg_seg,lgg_seg,kaggle_3m/TCGA_DU_7300_19910814/TCGA_DU_7300_19910814_1.tif,TCGA_DU_7300_19910814_1,empty,p41,train,none,1498,-1,,False,cee53c8e3214c973,0,kaggle_3m/TCGA_DU_7300_19910814/TCGA_DU_7300_19910814_1_mask.tif,8
lgg_seg,lgg_seg,kaggle_3m/TCGA_DU_7300_19910814/TCGA_DU_7300_19910814_10.tif,TCGA_DU_7300_19910814_10,empty,p41,train,none,1499,-1,,False,9665e69698166769,0,kaggle_3m/TCGA_DU_7300_19910814/TCGA_DU_7300_19910814_10_mask.tif,8
lgg_seg,lgg_seg,kaggle_3m/TCGA_DU_7300_19910814/TCGA_DU_7300_19910814_11.tif,TCGA_DU_7300_19910814_11,empty,p41,train,none,1500,-1,,False,e16c6e261896e7c9,0,kaggle_3m/TCGA_DU_7300_19910814/TCGA_DU_7300_19910814_11_mask.tif,8
lgg_seg,lgg_seg,kaggle_3m/TCGA_DU_7300_19910814/TCGA_DU_7300_19910814_12.tif,TCGA_DU_7300_19910814_12,empty,p41,train,none,1501,-1,,False,c96c2c2c9896e7e9,0,kaggle_3m/TCGA_DU_7300_19910814/TCGA_DU_7300_19910814_12_mask.tif,8
lgg_seg,lgg_seg,kaggle_3m/TCGA_DU_7300_19910814/TCGA_DU_7300_19910814_13.tif,TCGA_DU_7300_19910814_13,tumor,p41,train,none,1502,-1,,False,192c3426fab6e34b,985,kaggle_3m/TCGA_DU_7300_19910814/TCGA_DU_7300_19910814_13_mask.tif,8
lgg_seg,lgg_seg,kaggle_3m/TCGA_DU_7300_19910814/TCGA_DU_7300_19910814_14.tif,TCGA_DU_7300_19910814_14,tumor,p41,train,none,1503,-1,,False,2e2c360ecab6ab4b,1129,kaggle_3m/TCGA_DU_7300_19910814/TCGA_DU_7300_19910814_14_mask.tif,8
lgg_seg,lgg_seg,kaggle_3m/TCGA_DU_7300_19910814/TCGA_DU_7300_19910814_15.tif,TCGA_DU_7300_19910814_15,tumor,p41,train,none,1504,-1,,False,2c2c9a8ecb963b69,1949,kaggle_3m/TCGA_DU_7300_19910814/TCGA_DU_7300_19910814_15_mask.tif,8
lgg_seg,lgg_seg,kaggle_3m/TCGA_DU_7300_19910814/TCGA_DU_7300_19910814_16.tif,TCGA_DU_7300_19910814_16,tumor,p41,train,none,1505,-1,,False,6c6c9a8ec9b6314b,2196,kaggle_3m/TCGA_DU_7300_19910814/TCGA_DU_7300_19910814_16_mask.tif,8
lgg_seg,lgg_seg,kaggle_3m/TCGA_DU_7300_19910814/TCGA_DU_7300_19910814_17.tif,TCGA_DU_7300_19910814_17,tumor,p41,train,none,1505,-1,duplicate_of:TCGA_DU_7300_19910814_16,False,2c6e9a8cc9b6334b,1860,kaggle_3m/TCGA_DU_7300_19910814/TCGA_DU_7300_19910814_17_mask.tif,8
lgg_seg,lgg_seg,kaggle_3m/TCGA_DU_7300_19910814/TCGA_DU_7300_19910814_18.tif,TCGA_DU_7300_19910814_18,tumor,p41,train,none,1507,-1,,False,3c4c9a8ccbb63363,1513,kaggle_3m/TCGA_DU_7300_19910814/TCGA_DU_7300_19910814_18_mask.tif,8
lgg_seg,lgg_seg,kaggle_3m/TCGA_DU_7300_19910814/TCGA_DU_7300_19910814_19.tif,TCGA_DU_7300_19910814_19,tumor,p41,train,none,1507,-1,duplicate_of:TCGA_DU_7300_19910814_18,False,3c4cda8e8bb63343,571,kaggle_3m/TCGA_DU_7300_19910814/TCGA_DU_7300_19910814_19_mask.tif,8
lgg_seg,lgg_seg,kaggle_3m/TCGA_DU_7300_19910814/TCGA_DU_7300_19910814_2.tif,TCGA_DU_7300_19910814_2,empty,p41,train,none,570,-1,duplicate_of:TCGA_DU_5871_19941206_1,False,66cc8ca61a96e379,0,kaggle_3m/TCGA_DU_7300_19910814/TCGA_DU_7300_19910814_2_mask.tif,8
lgg_seg,lgg_seg,kaggle_3m/TCGA_DU_7300_19910814/TCGA_DU_7300_19910814_20.tif,TCGA_DU_7300_19910814_20,tumor,p41,train,none,1510,-1,,False,3c2cce2c8bb4b3c3,258,kaggle_3m/TCGA_DU_7300_19910814/TCGA_DU_7300_19910814_20_mask.tif,8
lgg_seg,lgg_seg,kaggle_3m/TCGA_DU_7300_19910814/TCGA_DU_7300_19910814_21.tif,TCGA_DU_7300_19910814_21,tumor,p41,train,none,1511,-1,,False,3c4cdc0c8bb4b3d3,123,kaggle_3m/TCGA_DU_7300_19910814/TCGA_DU_7300_19910814_21_mask.tif,8
lgg_seg,lgg_seg,kaggle_3m/TCGA_DU_7300_19910814/TCGA_DU_7300_19910814_22.tif,TCGA_DU_7300_19910814_22,empty,p41,train,none,1512,-1,,False,364c582c8bb6b3d3,0,kaggle_3m/TCGA_DU_7300_19910814/TCGA_DU_7300_19910814_22_mask.tif,8
lgg_seg,lgg_seg,kaggle_3m/TCGA_DU_7300_19910814/TCGA_DU_7300_19910814_23.tif,TCGA_DU_7300_19910814_23,empty,p41,train,none,1512,-1,duplicate_of:TCGA_DU_7300_19910814_22,False,364c7c2c89b6b2d3,0,kaggle_3m/TCGA_DU_7300_19910814/TCGA_DU_7300_19910814_23_mask.tif,8
lgg_seg,lgg_seg,kaggle_3m/TCGA_DU_7300_19910814/TCGA_DU_7300_19910814_24.tif,TCGA_DU_7300_19910814_24,empty,p41,train,none,1514,-1,,False,664cfa2c09b6b2d3,0,kaggle_3m/TCGA_DU_7300_19910814/TCGA_DU_7300_19910814_24_mask.tif,8
lgg_seg,lgg_seg,kaggle_3m/TCGA_DU_7300_19910814/TCGA_DU_7300_19910814_25.tif,TCGA_DU_7300_19910814_25,empty,p41,train,none,1515,-1,,False,26cede2c09b4b2d3,0,kaggle_3m/TCGA_DU_7300_19910814/TCGA_DU_7300_19910814_25_mask.tif,8
lgg_seg,lgg_seg,kaggle_3m/TCGA_DU_7300_19910814/TCGA_DU_7300_19910814_26.tif,TCGA_DU_7300_19910814_26,empty,p41,train,none,1515,-1,duplicate_of:TCGA_DU_7300_19910814_25,False,66ced60c49b4b2d3,0,kaggle_3m/TCGA_DU_7300_19910814/TCGA_DU_7300_19910814_26_mask.tif,8
lgg_seg,lgg_seg,kaggle_3m/TCGA_DU_7300_19910814/TCGA_DU_7300_19910814_27.tif,TCGA_DU_7300_19910814_27,empty,p41,train,none,1517,-1,,False,ecced60c493c32d3,0,kaggle_3m/TCGA_DU_7300_19910814/TCGA_DU_7300_19910814_27_mask.tif,8
lgg_seg,lgg_seg,kaggle_3m/TCGA_DU_7300_19910814/TCGA_DU_7300_19910814_28.tif,TCGA_DU_7300_19910814_28,empty,p41,train,none,1518,-1,,False,34cfc64c493c36d3,0,kaggle_3m/TCGA_DU_7300_19910814/TCGA_DU_7300_19910814_28_mask.tif,8
lgg_seg,lgg_seg,kaggle_3m/TCGA_DU_7300_19910814/TCGA_DU_7300_19910814_29.tif,TCGA_DU_7300_19910814_29,empty,p41,train,none,1519,-1,,False,30d3d64c493c36f3,0,kaggle_3m/TCGA_DU_7300_19910814/TCGA_DU_7300_19910814_29_mask.tif,8
lgg_seg,lgg_seg,kaggle_3m/TCGA_DU_7300_19910814/TCGA_DU_7300_19910814_3.tif,TCGA_DU_7300_19910814_3,empty,p41,train,none,570,-1,duplicate_of:TCGA_DU_5871_19941206_1,False,4ed88ca61a96e379,0,kaggle_3m/TCGA_DU_7300_19910814/TCGA_DU_7300_19910814_3_mask.tif,8
lgg_seg,lgg_seg,kaggle_3m/TCGA_DU_7300_19910814/TCGA_DU_7300_19910814_30.tif,TCGA_DU_7300_19910814_30,empty,p41,train,none,1521,-1,,False,2cb3b2cec90c34f3,0,kaggle_3m/TCGA_DU_7300_19910814/TCGA_DU_7300_19910814_30_mask.tif,8
lgg_seg,lgg_seg,kaggle_3m/TCGA_DU_7300_19910814/TCGA_DU_7300_19910814_31.tif,TCGA_DU_7300_19910814_31,empty,p41,train,none,1522,-1,,False,ce3336e3cb8c2433,0,kaggle_3m/TCGA_DU_7300_19910814/TCGA_DU_7300_19910814_31_mask.tif,8
lgg_seg,lgg_seg,kaggle_3m/TCGA_DU_7300_19910814/TCGA_DU_7300_19910814_32.tif,TCGA_DU_7300_19910814_32,empty,p41,train,none,1523,-1,,False,ce992c33b3cc4c33,0,kaggle_3m/TCGA_DU_7300_19910814/TCGA_DU_7300_19910814_32_mask.tif,8
lgg_seg,lgg_seg,kaggle_3m/TCGA_DU_7300_19910814/TCGA_DU_7300_19910814_33.tif,TCGA_DU_7300_19910814_33,empty,p41,train,none,139,-1,duplicate_of:TCGA_CS_5396_20010302_24,False,33cecc3333cccc31,0,kaggle_3m/TCGA_DU_7300_19910814/TCGA_DU_7300_19910814_33_mask.tif,8
lgg_seg,lgg_seg,kaggle_3m/TCGA_DU_7300_19910814/TCGA_DU_7300_19910814_34.tif,TCGA_DU_7300_19910814_34,empty,p41,train,none,1525,-1,,False,0eeacff20694931e,0,kaggle_3m/TCGA_DU_7300_19910814/TCGA_DU_7300_19910814_34_mask.tif,8
lgg_seg,lgg_seg,kaggle_3m/TCGA_DU_7300_19910814/TCGA_DU_7300_19910814_35.tif,TCGA_DU_7300_19910814_35,empty,p41,train,none,1526,-1,,False,facfe7aee76507f4,0,kaggle_3m/TCGA_DU_7300_19910814/TCGA_DU_7300_19910814_35_mask.tif,8
lgg_seg,lgg_seg,kaggle_3m/TCGA_DU_7300_19910814/TCGA_DU_7300_19910814_36.tif,TCGA_DU_7300_19910814_36,empty,p41,train,none,1527,-1,,False,18c4dcca7973d05a,0,kaggle_3m/TCGA_DU_7300_19910814/TCGA_DU_7300_19910814_36_mask.tif,8
lgg_seg,lgg_seg,kaggle_3m/TCGA_DU_7300_19910814/TCGA_DU_7300_19910814_4.tif,TCGA_DU_7300_19910814_4,empty,p41,train,none,1528,-1,,False,4e6e8e861a96e369,0,kaggle_3m/TCGA_DU_7300_19910814/TCGA_DU_7300_19910814_4_mask.tif,8
lgg_seg,lgg_seg,kaggle_3m/TCGA_DU_7300_19910814/TCGA_DU_7300_19910814_5.tif,TCGA_DU_7300_19910814_5,empty,p41,train,none,1529,-1,,False,8ce6a7861a96e369,0,kaggle_3m/TCGA_DU_7300_19910814/TCGA_DU_7300_19910814_5_mask.tif,8
lgg_seg,lgg_seg,kaggle_3m/TCGA_DU_7300_19910814/TCGA_DU_7300_19910814_6.tif,TCGA_DU_7300_19910814_6,empty,p41,train,none,1530,-1,,False,9e66e3ac1896a369,0,kaggle_3m/TCGA_DU_7300_19910814/TCGA_DU_7300_19910814_6_mask.tif,8
lgg_seg,lgg_seg,kaggle_3m/TCGA_DU_7300_19910814/TCGA_DU_7300_19910814_7.tif,TCGA_DU_7300_19910814_7,empty,p41,train,none,1531,-1,,False,bc66cb9c1836a369,0,kaggle_3m/TCGA_DU_7300_19910814/TCGA_DU_7300_19910814_7_mask.tif,8
lgg_seg,lgg_seg,kaggle_3m/TCGA_DU_7300_19910814/TCGA_DU_7300_19910814_8.tif,TCGA_DU_7300_19910814_8,empty,p41,train,none,1532,-1,,False,e667859c58762369,0,kaggle_3m/TCGA_DU_7300_19910814/TCGA_DU_7300_19910814_8_mask.tif,8
lgg_seg,lgg_seg,kaggle_3m/TCGA_DU_7300_19910814/TCGA_DU_7300_19910814_9.tif,TCGA_DU_7300_19910814_9,empty,p41,train,none,1533,-1,,False,4667e69e1876a349,0,kaggle_3m/TCGA_DU_7300_19910814/TCGA_DU_7300_19910814_9_mask.tif,8
lgg_seg,lgg_seg,kaggle_3m/TCGA_DU_7301_19911112/TCGA_DU_7301_19911112_1.tif,TCGA_DU_7301_19911112_1,empty,p23,train,none,1534,-1,,False,ac869b86585ea5e9,0,kaggle_3m/TCGA_DU_7301_19911112/TCGA_DU_7301_19911112_1_mask.tif,7
lgg_seg,lgg_seg,kaggle_3m/TCGA_DU_7301_19911112/TCGA_DU_7301_19911112_10.tif,TCGA_DU_7301_19911112_10,empty,p23,train,none,1535,-1,,False,6286ed96985ea6a9,0,kaggle_3m/TCGA_DU_7301_19911112/TCGA_DU_7301_19911112_10_mask.tif,7
lgg_seg,lgg_seg,kaggle_3m/TCGA_DU_7301_19911112/TCGA_DU_7301_19911112_11.tif,TCGA_DU_7301_19911112_11,empty,p23,train,none,1536,-1,,False,63a6e596981e26e9,0,kaggle_3m/TCGA_DU_7301_19911112/TCGA_DU_7301_19911112_11_mask.tif,7
lgg_seg,lgg_seg,kaggle_3m/TCGA_DU_7301_19911112/TCGA_DU_7301_19911112_12.tif,TCGA_DU_7301_19911112_12,empty,p23,train,none,1536,-1,duplicate_of:TCGA_DU_7301_19911112_11,False,69e6e596981e06e9,0,kaggle_3m/TCGA_DU_7301_19911112/TCGA_DU_7301_19911112_12_mask.tif,7
lgg_seg,lgg_seg,kaggle_3m/TCGA_DU_7301_19911112/TCGA_DU_7301_19911112_13.tif,TCGA_DU_7301_19911112_13,empty,p23,train,none,1538,-1,,False,6166e5949c1e96e9,0,kaggle_3m/TCGA_DU_7301_19911112/TCGA_DU_7301_19911112_13_mask.tif,7
lgg_seg,lgg_seg,kaggle_3m/TCGA_DU_7301_19911112/TCGA_DU_7301_19911112_14.tif,TCGA_DU_7301_19911112_14,empty,p23,train,none,1539,-1,,False,6966e49c9c1e3669,0,kaggle_3m/TCGA_DU_7301_19911112/TCGA_DU_7301_19911112_14_mask.tif,7
lgg_seg,lgg_seg,kaggle_3m/TCGA_DU_7301_19911112/TCGA_DU_7301_19911112_15.tif,TCGA_DU_7301_19911112_15,empty,p23,train,none,1540,-1,,False,69cc8496865e76e9,0,kaggle_3m/TCGA_DU_7301_19911112/TCGA_DU_7301_19911112_15_mask.tif,7
lgg_seg,lgg_seg,kaggle_3m/TCGA_DU_7301_19911112/TCGA_DU_7301_19911112_16.tif,TCGA_DU_7301_19911112_16,empty,p23,train,none,1540,-1,duplicate_of:TCGA_DU_7301_19911112_15,False,698c8596a45e76e9,0,kaggle_3m/TCGA_DU_7301_19911112/TCGA_DU_7301_19911112_16_mask.tif,7
lgg_seg,lgg_seg,kaggle_3m/TCGA_DU_7301_19911112/TCGA_DU_7301_19911112_17.tif,TCGA_DU_7301_19911112_17,empty,p23,train,none,1540,-1,duplicate_of:TCGA_DU_7301_19911112_15,False,e1948596865e76e9,0,kaggle_3m/TCGA_DU_7301_19911112/TCGA_DU_7301_19911112_17_mask.tif,7
lgg_seg,lgg_seg,kaggle_3m/TCGA_DU_7301_19911112/TCGA_DU_7301_19911112_18.tif,TCGA_DU_7301_19911112_18,tumor,p23,train,none,1540,-1,,False,6994859e845e76e9,1234,kaggle_3m/TCGA_DU_7301_19911112/TCGA_DU_7301_19911112_18_mask.tif,7
lgg_seg,lgg_seg,kaggle_3m/TCGA_DU_7301_19911112/TCGA_DU_7301_19911112_19.tif,TCGA_DU_7301_19911112_19,tumor,p23,train,none,1544,-1,,False,e19cc996861e36e9,1824,kaggle_3m/TCGA_DU_7301_19911112/TCGA_DU_7301_19911112_19_mask.tif,7
lgg_seg,lgg_seg,kaggle_3m/TCGA_DU_7301_19911112/TCGA_DU_7301_19911112_2.tif,TCGA_DU_7301_19911112_2,empty,p23,train,none,1545,-1,,False,ac869994781ea7e9,0,kaggle_3m/TCGA_DU_7301_19911112/TCGA_DU_7301_19911112_2_mask.tif,7
lgg_seg,lgg_seg,kaggle_3m/TCGA_DU_7301_19911112/TCGA_DU_7301_19911112_20.tif,TCGA_DU_7301_19911112_20,tumor,p23,train,none,1544,-1,duplicate_of:TCGA_DU_7301_19911112_19,False,e31cc996861e36e9,2630,kaggle_3m/TCGA_DU_7301_19911112/TCGA_DU_7301_19911112_20_mask.tif,7
lgg_seg,lgg_seg,kaggle_3m/TCGA_DU_7301_19911112/TCGA_DU_7301_19911112_21.tif,TCGA_DU_7301_19911112_21,tumor,p23,train,none,1547,-1,,False,e71c4996a61c1ee9,3054,kaggle_3m/TCGA_DU_7301_19911112/TCGA_DU_7301_19911112_21_mask.tif,7
lgg_seg,lgg_seg,kaggle_3m/TCGA_DU_7301_19911112/TCGA_DU_7301_19911112_22.tif,TCGA_DU_7301_19911112_22,tumor,p23,train,none,1547,-1,duplicate_of:TCGA_DU_7301_19911112_21,False,670c6d96a61c1ee9,3194,kaggle_3m/TCGA_DU_7301_19911112/TCGA_DU_7301_19911112_22_mask.tif,7
lgg_seg,lgg_seg,kaggle_3m/TCGA_DU_7301_19911112/TCGA_DU_7301_19911112_23.tif,TCGA_DU_7301_19911112_23,tumor,p23,train,none,1547,-1,duplicate_of:TCGA_DU_7301_19911112_21,False,634c6996a71c1ee9,3182,kaggle_3m/TCGA_DU_7301_19911112/TCGA_DU_7301_19911112_23_mask.tif,7
lgg_seg,lgg_seg,kaggle_3m/TCGA_DU_7301_19911112/TCGA_DU_7301_19911112_24.tif,TCGA_DU_7301_19911112_24,tumor,p23,train,none,1547,-1,duplicate_of:TCGA_DU_7301_19911112_21,False,634c6996a71e16e9,2913,kaggle_3m/TCGA_DU_7301_19911112/TCGA_DU_7301_19911112_24_mask.tif,7
lgg_seg,lgg_seg,kaggle_3m/TCGA_DU_7301_19911112/TCGA_DU_7301_19911112_25.tif,TCGA_DU_7301_19911112_25,tumor,p23,train,none,1547,-1,duplicate_of:TCGA_DU_7301_19911112_21,False,632469b6a71e16e9,2547,kaggle_3m/TCGA_DU_7301_19911112/TCGA_DU_7301_19911112_25_mask.tif,7
lgg_seg,lgg_seg,kaggle_3m/TCGA_DU_7301_19911112/TCGA_DU_7301_19911112_26.tif,TCGA_DU_7301_19911112_26,tumor,p23,train,none,1552,-1,,False,63a463b6a5161ee9,2126,kaggle_3m/TCGA_DU_7301_19911112/TCGA_DU_7301_19911112_26_mask.tif,7
lgg_seg,lgg_seg,kaggle_3m/TCGA_DU_7301_19911112/TCGA_DU_7301_19911112_27.tif,TCGA_DU_7301_19911112_27,tumor,p23,train,none,73,-1,duplicate_of:TCGA_DU_5871_19941206_19,False,79e66386a5169669,1242,kaggle_3m/TCGA_DU_7301_19911112/TCGA_DU_7301_19911112_27_mask.tif,7
lgg_seg,lgg_seg,kaggle_3m/TCGA_DU_7301_19911112/TCGA_DU_7301_19911112_28.tif,TCGA_DU_7301_19911112_28,tumor,p23,train,none,73,-1,duplicate_of:TCGA_DU_5871_19941206_19,False,59e66186e5169679,441,kaggle_3m/TCGA_DU_7301_19911112/TCGA_DU_7301_19911112_28_mask.tif,7
lgg_seg,lgg_seg,kaggle_3m/TCGA_DU_7301_19911112/TCGA_DU_7301_19911112_29.tif,TCGA_DU_7301_19911112_29,empty,p23,train,none,73,-1,duplicate_of:TCGA_CS_4944_20010208_19,False,99667b8669169659,0,kaggle_3m/TCGA_DU_7301_19911112/TCGA_DU_7301_19911112_29_mask.tif,7
lgg_seg,lgg_seg,kaggle_3m/TCGA_DU_7301_19911112/TCGA_DU_7301_19911112_3.tif,TCGA_DU_7301_19911112_3,empty,p23,train,none,1556,-1,,False,68869b94785ea3e9,0,kaggle_3m/TCGA_DU_7301_19911112/TCGA_DU_7301_19911112_3_mask.tif,7
lgg_seg,lgg_seg,kaggle_3m/TCGA_DU_7301_19911112/TCGA_DU_7301_19911112_30.tif,TCGA_DU_7301_19911112_30,empty,p23,train,none,73,-1,duplicate_of:TCGA_CS_4944_20010208_19,False,996659c669969659,0,kaggle_3m/TCGA_DU_7301_19911112/TCGA_DU_7301_19911112_30_mask.tif,7
lgg_seg,lgg_seg,kaggle_3m/TCGA_DU_7301_19911112/TCGA_DU_7301_19911112_31.tif,TCGA_DU_7301_19911112_31,empty,p23,train,none,1558,-1,,False,9b791b6669868659,0,kaggle_3m/TCGA_DU_7301_19911112/TCGA_DU_7301_19911112_31_mask.tif,7
lgg_seg,lgg_seg,kaggle_3m/TCGA_DU_7301_19911112/TCGA_DU_7301_19911112_32.tif,TCGA_DU_7301_19911112_32,empty,p23,train,none,73,-1,duplicate_of:TCGA_CS_4944_20010208_19,False,66999b666b86a619,0,kaggle_3m/TCGA_DU_7301_19911112/TCGA_DU_7301_19911112_32_mask.tif,7
lgg_seg,lgg_seg,kaggle_3m/TCGA_DU_7301_19911112/TCGA_DU_7301_19911112_33.tif,TCGA_DU_7301_19911112_33,empty,p23,train,none,1560,-1,,False,6699b05999666799,0,kaggle_3m/TCGA_DU_7301_19911112/TCGA_DU_7301_19911112_33_mask.tif,7
lgg_seg,lgg_seg,kaggle_3m/TCGA_DU_7301_19911112/TCGA_DU_7301_19911112_34.tif,TCGA_DU_7301_19911112_34,empty,p23,train,none,1561,-1,,False,6eb066999966649b,0,kaggle_3m/TCGA_DU_7301_19911112/TCGA_DU_7301_19911112_34_mask.tif,7
lgg_seg,lgg_seg,kaggle_3m/TCGA_DU_7301_19911112/TCGA_DU_7301_19911112_35.tif,TCGA_DU_7301_19911112_35,empty,p23,train,none,1562,-1,,False,9db02546f379e2f0,0,kaggle_3m/TCGA_DU_7301_19911112/TCGA_DU_7301_19911112_35_mask.tif,7
lgg_seg,lgg_seg,kaggle_3m/TCGA_DU_7301_19911112/TCGA_DU_7301_19911112_4.tif,TCGA_DU_7301_19911112_4,empty,p23,train,none,821,-1,duplicate_of:TCGA_DU_6400_19830518_6,False,9c86899c585ea7e9,0,kaggle_3m/TCGA_DU_7301_19911112/TCGA_DU_7301_19911112_4_mask.tif,7
lgg_seg,lgg_seg,kaggle_3m/TCGA_DU_7301_19911112/TCGA_DU_7301_19911112_5.tif,TCGA_DU_7301_19911112_5,empty,p23,train,none,821,-1,duplicate_of:TCGA_DU_6400_19830518_6,False,9886859c5a5ea7e9,0,kaggle_3m/TCGA_DU_7301_19911112/TCGA_DU_7301_19911112_5_mask.tif,7
lgg_seg,lgg_seg,kaggle_3m/TCGA_DU_7301_19911112/TCGA_DU_7301_19911112_6.tif,TCGA_DU_7301_19911112_6,empty,p23,train,none,821,-1,duplicate_of:TCGA_DU_6400_19830518_6,False,da86859c585ea5e9,0,kaggle_3m/TCGA_DU_7301_19911112/TCGA_DU_7301_19911112_6_mask.tif,7
lgg_seg,lgg_seg,kaggle_3m/TCGA_DU_7301_19911112/TCGA_DU_7301_19911112_7.tif,TCGA_DU_7301_19911112_7,empty,p23,train,none,1566,-1,,False,5686a19c5a5ea6e9,0,kaggle_3m/TCGA_DU_7301_19911112/TCGA_DU_7301_19911112_7_mask.tif,7
lgg_seg,lgg_seg,kaggle_3m/TCGA_DU_7301_19911112/TCGA_DU_7301_19911112_8.tif,TCGA_DU_7301_19911112_8,empty,p23,train,none,1567,-1,,False,66a7c99c585e86a9,0,kaggle_3m/TCGA_DU_7301_19911112/TCGA_DU_7301_19911112_8_mask.tif,7
lgg_seg,lgg_seg,kaggle_3m/TCGA_DU_7301_19911112/TCGA_DU_7301_19911112_9.tif,TCGA_DU_7301_19911112_9,empty,p23,train,none,1567,-1,duplicate_of:TCGA_DU_7301_19911112_8,False,6687c99e185ea6a9,0,kaggle_3m/TCGA_DU_7301_19911112/TCGA_DU_7301_19911112_9_mask.tif,7
lgg_seg,lgg_seg,kaggle_3m/TCGA_DU_7302_19911203/TCGA_DU_7302_19911203_1.tif,TCGA_DU_7302_19911203_1,empty,p6,train,none,1569,-1,,False,73664986ad1e5669,0,kaggle_3m/TCGA_DU_7302_19911203/TCGA_DU_7302_19911203_1_mask.tif,2
lgg_seg,lgg_seg,kaggle_3m/TCGA_DU_7302_19911203/TCGA_DU_7302_19911203_10.tif,TCGA_DU_7302_19911203_10,empty,p6,train,none,1570,-1,,False,58e661863c5ec6e9,0,kaggle_3m/TCGA_DU_7302_19911203/TCGA_DU_7302_19911203_10_mask.tif,2
lgg_seg,lgg_seg,kaggle_3m/TCGA_DU_7302_19911203/TCGA_DU_7302_19911203_11.tif,TCGA_DU_7302_19911203_11,empty,p6,train,none,1571,-1,,False,1ae46996985ec6e9,0,kaggle_3m/TCGA_DU_7302_19911203/TCGA_DU_7302_19911203_11_mask.tif,2
lgg_seg,lgg_seg,kaggle_3m/TCGA_DU_7302_19911203/TCGA_DU_7302_19911203_12.tif,TCGA_DU_7302_19911203_12,empty,p6,train,none,1572,-1,,False,9aac69969856c3e9,0,kaggle_3m/TCGA_DU_7302_19911203/TCGA_DU_7302_19911203_12_mask.tif,2
lgg_seg,lgg_seg,kaggle_3m/TCGA_DU_7302_19911203/TCGA_DU_7302_19911203_13.tif,TCGA_DU_7302_19911203_13,empty,p6,train,none,1572,-1,duplicate_of:TCGA_DU_7302_19911203_12,False,9aac2996385ec3e9,0,kaggle_3m/TCGA_DU_7302_19911203/TCGA_DU_7302_19911203_13_mask.tif,2
lgg_seg,lgg_seg,kaggle_3m/TCGA_DU_7302_19911203/TCGA_DU_7302_19911203_14.tif,TCGA_DU_7302_19911203_14,empty,p6,train,none,1572,-1,duplicate_of:TCGA_DU_7302_19911203_12,False,92a42d96b85ec3e9,0,kaggle_3m/TCGA_DU_7302_19911203/TCGA_DU_7302_19911203_14_mask.tif,2
lgg_seg,lgg_seg,kaggle_3m/TCGA_DU_7302_19911203/TCGA_DU_7302_19911203_15.tif,TCGA_DU_7302_19911203_15,empty,p6,train,none,1572,-1,duplicate_of:TCGA_DU_7302_19911203_12,False,12a62996bc5ec3e9,0,kaggle_3m/TCGA_DU_7302_19911203/TCGA_DU_7302_19911203_15_mask.tif,2
lgg_seg,lgg_seg,kaggle_3m/TCGA_DU_7302_19911203/TCGA_DU_7302_19911203_16.tif,TCGA_DU_7302_19911203_16,empty,p6,train,none,1576,-1,,False,19a62c96a556d3e9,0,kaggle_3m/TCGA_DU_7302_19911203/TCGA_DU_7302_19911203_16_mask.tif,2
lgg_seg,lgg_seg,kaggle_3m/TCGA_DU_7302_19911203/TCGA_DU_7302_19911203_17.tif,TCGA_DU_7302_19911203_17,tumor,p6,train,none,1576,-1,,False,59862c9ca556d3e9,129,kaggle_3m/TCGA_DU_7302_19911203/TCGA_DU_7302_19911203_17_mask.tif,2
lgg_seg,lgg_seg,kaggle_3m/TCGA_DU_7302_19911203/TCGA_DU_7302_19911203_18.tif,TCGA_DU_7302_19911203_18,tumor,p6,train,none,1576,-1,duplicate_of:TCGA_DU_7302_19911203_17,False,59863c8ca51ed3e9,496,kaggle_3m/TCGA_DU_7302_19911203/TCGA_DU_7302_19911203_18_mask.tif,2
lgg_seg,lgg_seg,kaggle_3m/TCGA_DU_7302_19911203/TCGA_DU_7302_19911203_19.tif,TCGA_DU_7302_19911203_19,tumor,p6,train,none,1579,-1,,False,58863986ad1ed3e9,924,kaggle_3m/TCGA_DU_7302_19911203/TCGA_DU_7302_19911203_19_mask.tif,2
lgg_seg,lgg_seg,kaggle_3m/TCGA_DU_7302_19911203/TCGA_DU_7302_19911203_2.tif,TCGA_DU_7302_19911203_2,empty,p6,train,none,1580,-1,,False,79661986ad1ed269,0,kaggle_3m/TCGA_DU_7302_19911203/TCGA_DU_7302_19911203_2_mask.tif,2
lgg_seg,lgg_seg,kaggle_3m/TCGA_DU_7302_19911203/TCGA_DU_7302_19911203_20.tif,TCGA_DU_7302_19911203_20,tumor,p6,train,none,1579,-1,duplicate_of:TCGA_DU_7302_19911203_19,False,18a66986ad1ed3e9,1816,kaggle_3m/TCGA_DU_7302_19911203/TCGA_DU_7302_19911203_20_mask.tif,2
lgg_seg,lgg_seg,kaggle_3m/TCGA_DU_7302_19911203/TCGA_DU_7302_19911203_21.tif,TCGA_DU_7302_19911203_21,tumor,p6,train,none,1579,-1,duplicate_of:TCGA_DU_7302_19911203_19,False,1ca65986a51ed3e9,1569,kaggle_3m/TCGA_DU_7302_19911203/TCGA_DU_7302_19911203_21_mask.tif,2
lgg_seg,lgg_seg,kaggle_3m/TCGA_DU_7302_19911203/TCGA_DU_7302_19911203_22.tif,TCGA_DU_7302_19911203_22,tumor,p6,train,none,1583,-1,,False,5cec4986a51ed2e9,1837,kaggle_3m/TCGA_DU_7302_19911203/TCGA_DU_7302_19911203_22_mask.tif,2
lgg_seg,lgg_seg,kaggle_3m/TCGA_DU_7302_19911203/TCGA_DU_7302_19911203_23.tif,TCGA_DU_7302_19911203_23,tumor,p6,train,none,73,-1,duplicate_of:TCGA_DU_5871_19941206_19,False,5ae66986ad1692e9,1821,kaggle_3m/TCGA_DU_7302_19911203/TCGA_DU_7302_19911203_23_mask.tif,2
lgg_seg,lgg_seg,kaggle_3m/TCGA_DU_7302_19911203/TCGA_DU_7302_19911203_24.tif,TCGA_DU_7302_19911203_24,tumor,p6,train,none,73,-1,duplicate_of:TCGA_DU_5871_19941206_19,False,1ee67906a916d2e9,2141,kaggle_3m/TCGA_DU_7302_19911203/TCGA_DU_7302_19911203_24_mask.tif,2
lgg_seg,lgg_seg,kaggle_3m/TCGA_DU_7302_19911203/TCGA_DU_7302_19911203_25.tif,TCGA_DU_7302_19911203_25,tumor,p6,train,none,73,-1,duplicate_of:TCGA_DU_5871_19941206_19,False,1ee679862d1692e9,1859,kaggle_3m/TCGA_DU_7302_19911203/TCGA_DU_7302_19911203_25_mask.tif,2
lgg_seg,lgg_seg,kaggle_3m/TCGA_DU_7302_19911203/TCGA_DU_7302_19911203_26.tif,TCGA_DU_7302_19911203_26,tumor,p6,train,none,73,-1,duplicate_of:TCGA_DU_5871_19941206_19,False,1ee659866d1692e9,1072,kaggle_3m/TCGA_DU_7302_19911203/TCGA_DU_7302_19911203_26_mask.tif,2
lgg_seg,lgg_seg,kaggle_3m/TCGA_DU_7302_19911203/TCGA_DU_7302_19911203_27.tif,TCGA_DU_7302_19911203_27,tumor,p6,train,none,73,-1,duplicate_of:TCGA_DU_5871_19941206_19,False,96e659866d1692e9,384,kaggle_3m/TCGA_DU_7302_19911203/TCGA_DU_7302_19911203_27_mask.tif,2
lgg_seg,lgg_seg,kaggle_3m/TCGA_DU_7302_19911203/TCGA_DU_7302_19911203_28.tif,TCGA_DU_7302_19911203_28,tumor,p6,train,none,73,-1,duplicate_of:TCGA_DU_5871_19941206_19,False,96e65986691696e9,263,kaggle_3m/TCGA_DU_7302_19911203/TCGA_DU_7302_19911203_28_mask.tif,2
lgg_seg,lgg_seg,kaggle_3m/TCGA_DU_7302_19911203/TCGA_DU_7302_19911203_29.tif,TCGA_DU_7302_19911203_29,tumor,p6,train,none,73,-1,duplicate_of:TCGA_DU_5871_19941206_19,False,96675886691696f9,202,kaggle_3m/TCGA_DU_7302_19911203/TCGA_DU_7302_19911203_29_mask.tif,2
lgg_seg,lgg_seg,kaggle_3m/TCGA_DU_7302_19911203/TCGA_DU_7302_19911203_3.tif,TCGA_DU_7302_19911203_3,empty,p6,train,none,1580,-1,duplicate_of:TCGA_DU_7302_19911203_2,False,6b6699862d1ed269,0,kaggle_3m/TCGA_DU_7302_19911203/TCGA_DU_7302_19911203_3_mask.tif,2
lgg_seg,lgg_seg,kaggle_3m/TCGA_DU_7302_19911203/TCGA_DU_7302_19911203_30.tif,TCGA_DU_7302_19911203_30,empty,p6,train,none,1592,-1,,False,b661d8e469169679,0,kaggle_3m/TCGA_DU_7302_19911203/TCGA_DU_7302_19911203_30_mask.tif,2
lgg_seg,lgg_seg,kaggle_3m/TCGA_DU_7302_19911203/TCGA_DU_7302_19911203_31.tif,TCGA_DU_7302_19911203_31,empty,p6,train,none,1593,-1,,False,a65998646996b679,0,kaggle_3m/TCGA_DU_7302_19911203/TCGA_DU_7302_19911203_31_mask.tif,2
lgg_seg,lgg_seg,kaggle_3m/TCGA_DU_7302_19911203/TCGA_DU_7302_19911203_32.tif,TCGA_DU_7302_19911203_32,empty,p6,train,none,1594,-1,,False,669996616986b679,0,kaggle_3m/TCGA_DU_7302_19911203/TCGA_DU_7302_19911203_32_mask.tif,2
lgg_seg,lgg_seg,kaggle_3m/TCGA_DU_7302_19911203/TCGA_DU_7302_19911203_33.tif,TCGA_DU_7302_19911203_33,empty,p6,train,none,73,-1,duplicate_of:TCGA_CS_4944_20010208_19,False,6c99967959a6a619,0,kaggle_3m/TCGA_DU_7302_19911203/TCGA_DU_7302_19911203_33_mask.tif,2
lgg_seg,lgg_seg,kaggle_3m/TCGA_DU_7302_19911203/TCGA_DU_7302_19911203_34.tif,TCGA_DU_7302_19911203_34,empty,p6,train,none,161,-1,duplicate_of:TCGA_CS_5397_20010315_22,False,5966669999666699,0,kaggle_3m/TCGA_DU_7302_19911203/TCGA_DU_7302_19911203_34_mask.tif,2
lgg_seg,lgg_seg,kaggle_3m/TCGA_DU_7302_19911203/TCGA_DU_7302_19911203_35.tif,TCGA_DU_7302_19911203_35,empty,p6,train,none,161,-1,duplicate_of:TCGA_CS_5397_20010315_22,False,9966669999666699,0,kaggle_3m/TCGA_DU_7302_19911203/TCGA_DU_7302_19911203_35_mask.tif,2
lgg_seg,lgg_seg,kaggle_3m/TCGA_DU_7302_19911203/TCGA_DU_7302_19911203_36.tif,TCGA_DU_7302_19911203_36,empty,p6,train,none,1598,-1,,False,12d505a29d9239ae,0,kaggle_3m/TCGA_DU_7302_19911203/TCGA_DU_7302_19911203_36_mask.tif,2
lgg_seg,lgg_seg,kaggle_3m/TCGA_DU_7302_19911203/TCGA_DU_7302_19911203_4.tif,TCGA_DU_7302_19911203_4,empty,p6,train,none,1599,-1,,False,4ee69986391ed269,0,kaggle_3m/TCGA_DU_7302_19911203/TCGA_DU_7302_19911203_4_mask.tif,2
lgg_seg,lgg_seg,kaggle_3m/TCGA_DU_7302_19911203/TCGA_DU_7302_19911203_5.tif,TCGA_DU_7302_19911203_5,empty,p6,train,none,1599,-1,duplicate_of:TCGA_DU_7302_19911203_4,False,4ee68986391e96e9,0,kaggle_3m/TCGA_DU_7302_19911203/TCGA_DU_7302_19911203_5_mask.tif,2
lgg_seg,lgg_seg,kaggle_3m/TCGA_DU_7302_19911203/TCGA_DU_7302_19911203_6.tif,TCGA_DU_7302_19911203_6,empty,p6,train,none,1599,-1,duplicate_of:TCGA_DU_7302_19911203_4,False,6ee68986391e86e9,0,kaggle_3m/TCGA_DU_7302_19911203/TCGA_DU_7302_19911203_6_mask.tif,2
lgg_seg,lgg_seg,kaggle_3m/TCGA_DU_7302_19911203/TCGA_DU_7302_19911203_7.tif,TCGA_DU_7302_19911203_7,empty,p6,train,none,1599,-1,duplicate_of:TCGA_DU_7302_19911203_4,False,7ce68986791e8669,0,kaggle_3m/TCGA_DU_7302_19911203/TCGA_DU_7302_19911203_7_mask.tif,2
lgg_seg,lgg_seg,kaggle_3m/TCGA_DU_7302_19911203/TCGA_DU_7302_19911203_8.tif,TCGA_DU_7302_19911203_8,empty,p6,train,none,1599,-1,duplicate_of:TCGA_DU_7302_19911203_4,False,7ee6838679168669,0,kaggle_3m/TCGA_DU_7302_19911203/TCGA_DU_7302_19911203_8_mask.tif,2
lgg_seg,lgg_seg,kaggle_3m/TCGA_DU_7302_19911203/TCGA_DU_7302_19911203_9.tif,TCGA_DU_7302_19911203_9,empty,p6,train,none,1570,-1,duplicate_of:TCGA_DU_7302_19911203_10,False,5ae6a1863c56c6e9,0,kaggle_3m/TCGA_DU_7302_19911203/TCGA_DU_7302_19911203_9_mask.tif,2
lgg_seg,lgg_seg,kaggle_3m/TCGA_DU_7304_19930325/TCGA_DU_7304_19930325_1.tif,TCGA_DU_7304_19930325_1,empty,p44,test,none,1605,-1,,True,a4ac9a96f85e69a1,0,kaggle_3m/TCGA_DU_7304_19930325/TCGA_DU_7304_19930325_1_mask.tif,0
lgg_seg,lgg_seg,kaggle_3m/TCGA_DU_7304_19930325/TCGA_DU_7304_19930325_10.tif,TCGA_DU_7304_19930325_10,empty,p44,test,none,1606,-1,,True,76a6c19c1a566da9,0,kaggle_3m/TCGA_DU_7304_19930325/TCGA_DU_7304_19930325_10_mask.tif,0
lgg_seg,lgg_seg,kaggle_3m/TCGA_DU_7304_19930325/TCGA_DU_7304_19930325_11.tif,TCGA_DU_7304_19930325_11,empty,p44,test,none,1607,-1,,True,13e6e19c1a566da9,0,kaggle_3m/TCGA_DU_7304_19930325/TCGA_DU_7304_19930325_11_mask.tif,0
lgg_seg,lgg_seg,kaggle_3m/TCGA_DU_7304_19930325/TCGA_DU_7304_19930325_12.tif,TCGA_DU_7304_19930325_12,empty,p44,test,none,1608,-1,,True,12a4e59e1a5e65e9,0,kaggle_3m/TCGA_DU_7304_19930325/TCGA_DU_7304_19930325_12_mask.tif,0
lgg_seg,lgg_seg,kaggle_3m/TCGA_DU_7304_19930325/TCGA_DU_7304_19930325_13.tif,TCGA_DU_7304_19930325_13,empty,p44,test,none,1609,-1,,True,52a4cd969a5e65e1,0,kaggle_3m/TCGA_DU_7304_19930325/TCGA_DU_7304_19930325_13_mask.tif,0
lgg_seg,lgg_seg,kaggle_3m/TCGA_DU_7304_19930325/TCGA_DU_7304_19930325_14.tif,TCGA_DU_7304_19930325_14,empty,p44,test,none,1610,-1,,True,cb84ac9e165e69e1,0,kaggle_3m/TCGA_DU_7304_19930325/TCGA_DU_7304_19930325_14_mask.tif,0
lgg_seg,lgg_seg,kaggle_3m/TCGA_DU_7304_19930325/TCGA_DU_7304_19930325_15.tif,TCGA_DU_7304_19930325_15,tumor,p44,test,none,1611,-1,,True,8f84b41e76566969,938,kaggle_3m/TCGA_DU_7304_19930325/TCGA_DU_7304_19930325_15_mask.tif,0
lgg_seg,lgg_seg,kaggle_3m/TCGA_DU_7304_19930325/TCGA_DU_7304_19930325_16.tif,TCGA_DU_7304_19930325_16,tumor,p44,test,none,1612,-1,,True,b6ac92166316b9e9,1306,kaggle_3m/TCGA_DU_7304_19930325/TCGA_DU_7304_19930325_16_mask.tif,0
lgg_seg,lgg_seg,kaggle_3m/TCGA_DU_7304_19930325/TCGA_DU_7304_19930325_17.tif,TCGA_DU_7304_19930325_17,tumor,p44,test,none,1612,-1,duplicate_of:TCGA_DU_7304_19930325_16,True,b6ac9a164316b9e9,2059,kaggle_3m/TCGA_DU_7304_19930325/TCGA_DU_7304_19930325_17_mask.tif,0
lgg_seg,lgg_seg,kaggle_3m/TCGA_DU_7304_19930325/TCGA_DU_7304_19930325_18.tif,TCGA_DU_7304_19930325_18,tumor,p44,test,none,1614,-1,,True,bd8c9236433639e9,2243,kaggle_3m/TCGA_DU_7304_19930325/TCGA_DU_7304_19930325_18_mask.tif,0
lgg_seg,lgg_seg,kaggle_3m/TCGA_DU_7304_19930325/TCGA_DU_7304_19930325_19.tif,TCGA_DU_7304_19930325_19,tumor,p44,test,none,1615,-1,,True,bfacd28683363949,2325,kaggle_3m/TCGA_DU_7304_19930325/TCGA_DU_7304_19930325_19_mask.tif,0
lgg_seg,lgg_seg,kaggle_3m/TCGA_DU_7304_19930325/TCGA_DU_7304_19930325_2.tif,TCGA_DU_7304_19930325_2,empty,p44,test,none,1616,-1,,True,ac8c9a96f85e27a1,0,kaggle_3m/TCGA_DU_7304_19930325/TCGA_DU_7304_19930325_2_mask.tif,0
lgg_seg,lgg_seg,kaggle_3m/TCGA_DU_7304_19930325/TCGA_DU_7304_19930325_20.tif,TCGA_DU_7304_19930325_20,tumor,p44,test,none,1615,-1,duplicate_of:TCGA_DU_7304_19930325_19,True,b6acd38687363949,3619,kaggle_3m/TCGA_DU_7304_19930325/TCGA_DU_7304_19930325_20_mask.tif,0
lgg_seg,lgg_seg,kaggle_3m/TCGA_DU_7304_19930325/TCGA_DU_7304_19930325_21.tif,TCGA_DU_7304_19930325_21,tumor,p44,test,none,1618,-1,,True,a6e4d38e833639c9,3523,kaggle_3m/TCGA_DU_7304_19930325/TCGA_DU_7304_19930325_21_mask.tif,0
lgg_seg,lgg_seg,kaggle_3m/TCGA_DU_7304_19930325/TCGA_DU_7304_19930325_22.tif,TCGA_DU_7304_19930325_22,tumor,p44,test,none,1618,-1,duplicate_of:TCGA_DU_7304_19930325_21,True,a6e6d28e833639c9,4184,kaggle_3m/TCGA_DU_7304_19930325/TCGA_DU_7304_19930325_22_mask.tif,0
lgg_seg,lgg_seg,kaggle_3m/TCGA_DU_7304_19930325/TCGA_DU_7304_19930325_23.tif,TCGA_DU_7304_19930325_23,tumor,p44,test,none,1618,-1,duplicate_of:TCGA_DU_7304_19930325_21,True,b6e4d28e833439cb,3874,kaggle_3m/TCGA_DU_7304_19930325/TCGA_DU_7304_19930325_23_mask.tif,0
lgg_seg,lgg_seg,kaggle_3m/TCGA_DU_7304_19930325/TCGA_DU_7304_19930325_24.tif,TCGA_DU_7304_19930325_24,tumor,p44,test,none,1621,-1,,True,3666d28e8b3438db,4373,kaggle_3m/TCGA_DU_7304_19930325/TCGA_DU_7304_19930325_24_mask.tif,0
lgg_seg,lgg_seg,kaggle_3m/TCGA_DU_7304_19930325/TCGA_DU_7304_19930325_25.tif,TCGA_DU_7304_19930325_25,tumor,p44,test,none,1622,-1,,True,366cf20e8b3c38d3,3726,kaggle_3m/TCGA_DU_7304_19930325/TCGA_DU_7304_19930325_25_mask.tif,0
lgg_seg,lgg_seg,kaggle_3m/TCGA_DU_7304_19930325/TCGA_DU_7304_19930325_26.tif,TCGA_DU_7304_19930325_26,tumor,p44,test,none,1622,-1,duplicate_of:TCGA_DU_7304_19930325_25,True,364ef28c8b3c38d3,3155,kaggle_3m/TCGA_DU_7304_19930325/TCGA_DU_7304_19930325_26_mask.tif,0
lgg_seg,lgg_seg,kaggle_3m/TCGA_DU_7304_19930325/TCGA_DU_7304_19930325_27.tif,TCGA_DU_7304_19930325_27,tumor,p44,test,none,1624,-1,,True,66cef20cc33c38d3,2962,kaggle_3m/TCGA_DU_7304_19930325/TCGA_DU_7304_19930325_27_mask.tif,0
lgg_seg,lgg_seg,kaggle_3m/TCGA_DU_7304_19930325/TCGA_DU_7304_19930325_28.tif,TCGA_DU_7304_19930325_28,tumor,p44,test,none,1625,-1,,True,26c6762cc3363cd3,2589,kaggle_3m/TCGA_DU_7304_19930325/TCGA_DU_7304_19930325_28_mask.tif,0
lgg_seg,lgg_seg,kaggle_3m/TCGA_DU_7304_19930325/TCGA_DU_7304_19930325_29.tif,TCGA_DU_7304_19930325_29,tumor,p44,test,none,1626,-1,,True,2ccb764cc3343cd3,2291,kaggle_3m/TCGA_DU_7304_19930325/TCGA_DU_7304_19930325_29_mask.tif,0
lgg_seg,lgg_seg,kaggle_3m/TCGA_DU_7304_19930325/TCGA_DU_7304_19930325_3.tif,TCGA_DU_7304_19930325_3,empty,p44,test,none,1627,-1,,True,ac8c9286f95e23e9,0,kaggle_3m/TCGA_DU_7304_19930325/TCGA_DU_7304_19930325_3_mask.tif,0
lgg_seg,lgg_seg,kaggle_3m/TCGA_DU_7304_19930325/TCGA_DU_7304_19930325_30.tif,TCGA_DU_7304_19930325_30,tumor,p44,test,none,1628,-1,,True,1cd336ccc3261cdb,1635,kaggle_3m/TCGA_DU_7304_19930325/TCGA_DU_7304_19930325_30_mask.tif,0
lgg_seg,lgg_seg,kaggle_3m/TCGA_DU_7304_19930325/TCGA_DU_7304_19930325_31.tif,TCGA_DU_7304_19930325_31,tumor,p44,test,none,1629,-1,,True,8c7336cec3261cd3,1170,kaggle_3m/TCGA_DU_7304_19930325/TCGA_DU_7304_19930325_31_mask.tif,0
lgg_seg,lgg_seg,kaggle_3m/TCGA_DU_7304_19930325/TCGA_DU_7304_19930325_32.tif,TCGA_DU_7304_19930325_32,empty,p44,test,none,1630,-1,,True,cc313cc3e32c1dd3,0,kaggle_3m/TCGA_DU_7304_19930325/TCGA_DU_7304_19930325_32_mask.tif,0
lgg_seg,lgg_seg,kaggle_3m/TCGA_DU_7304_19930325/TCGA_DU_7304_19930325_33.tif,TCGA_DU_7304_19930325_33,empty,p44,test,none,1631,-1,,True,c6391cf3734c8cb1,0,kaggle_3m/TCGA_DU_7304_19930325/TCGA_DU_7304_19930325_33_mask.tif,0
lgg_seg,lgg_seg,kaggle_3m/TCGA_DU_7304_19930325/TCGA_DU_7304_19930325_34.tif,TCGA_DU_7304_19930325_34,empty,p44,test,none,139,-1,duplicate_of:TCGA_CS_5396_20010302_24,True,33cccc3333cccc33,0,kaggle_3m/TCGA_DU_7304_19930325/TCGA_DU_7304_19930325_34_mask.tif,0
lgg_seg,lgg_seg,kaggle_3m/TCGA_DU_7304_19930325/TCGA_DU_7304_19930325_35.tif,TCGA_DU_7304_19930325_35,empty,p44,test,none,139,-1,duplicate_of:TCGA_CS_5396_20010302_24,True,33cccc3933cccc33,0,kaggle_3m/TCGA_DU_7304_19930325/TCGA_DU_7304_19930325_35_mask.tif,0
lgg_seg,lgg_seg,kaggle_3m/TCGA_DU_7304_19930325/TCGA_DU_7304_19930325_36.tif,TCGA_DU_7304_19930325_36,empty,p44,test,none,1634,-1,,True,0a7f8dcc68e93adc,0,kaggle_3m/TCGA_DU_7304_19930325/TCGA_DU_7304_19930325_36_mask.tif,0
lgg_seg,lgg_seg,kaggle_3m/TCGA_DU_7304_19930325/TCGA_DU_7304_19930325_4.tif,TCGA_DU_7304_19930325_4,empty,p44,test,none,1635,-1,,True,bc8c9296795e89a9,0,kaggle_3m/TCGA_DU_7304_19930325/TCGA_DU_7304_19930325_4_mask.tif,0
lgg_seg,lgg_seg,kaggle_3m/TCGA_DU_7304_19930325/TCGA_DU_7304_19930325_5.tif,TCGA_DU_7304_19930325_5,empty,p44,test,none,1635,-1,duplicate_of:TCGA_DU_7304_19930325_4,True,9c8c9296795e89e9,0,kaggle_3m/TCGA_DU_7304_19930325/TCGA_DU_7304_19930325_5_mask.tif,0
lgg_seg,lgg_seg,kaggle_3m/TCGA_DU_7304_19930325/TCGA_DU_7304_19930325_6.tif,TCGA_DU_7304_19930325_6,empty,p44,test,none,1637,-1,,True,9c86939c595e89e9,0,kaggle_3m/TCGA_DU_7304_19930325/TCGA_DU_7304_19930325_6_mask.tif,0
lgg_seg,lgg_seg,kaggle_3m/TCGA_DU_7304_19930325/TCGA_DU_7304_19930325_7.tif,TCGA_DU_7304_19930325_7,empty,p44,test,none,1637,-1,duplicate_of:TCGA_DU_7304_19930325_6,True,9e86939c595e85a9,0,kaggle_3m/TCGA_DU_7304_19930325/TCGA_DU_7304_19930325_7_mask.tif,0
lgg_seg,lgg_seg,kaggle_3m/TCGA_DU_7304_19930325/TCGA_DU_7304_19930325_8.tif,TCGA_DU_7304_19930325_8,empty,p44,test,none,1639,-1,,True,d686899c5a56a7a9,0,kaggle_3m/TCGA_DU_7304_19930325/TCGA_DU_7304_19930325_8_mask.tif,0
lgg_seg,lgg_seg,kaggle_3m/TCGA_DU_7304_19930325/TCGA_DU_7304_19930325_9.tif,TCGA_DU_7304_19930325_9,empty,p44,test,none,1639,-1,duplicate_of:TCGA_DU_7304_19930325_8,True,7686899c5a56ada9,0,kaggle_3m/TCGA_DU_7304_19930325/TCGA_DU_7304_19930325_9_mask.tif,0
lgg_seg,lgg_seg,kaggle_3m/TCGA_DU_7306_19930512/TCGA_DU_7306_19930512_1.tif,TCGA_DU_7306_19930512_1,empty,p6,train,none,10,-1,duplicate_of:TCGA_CS_4941_19960909_19,False,d9cec90c253cb6c3,0,kaggle_3m/TCGA_DU_7306_19930512/TCGA_DU_7306_19930512_1_mask.tif,2
lgg_seg,lgg_seg,kaggle_3m/TCGA_DU_7306_19930512/TCGA_DU_7306_19930512_10.tif,TCGA_DU_7306_19930512_10,empty,p6,train,none,1642,-1,,False,c9cec9ac2f343643,0,kaggle_3m/TCGA_DU_7306_19930512/TCGA_DU_7306_19930512_10_mask.tif,2
lgg_seg,lgg_seg,kaggle_3m/TCGA_DU_7306_19930512/TCGA_DU_7306_19930512_11.tif,TCGA_DU_7306_19930512_11,empty,p6,train,none,1642,-1,duplicate_of:TCGA_DU_7306_19930512_10,False,c9cec9bc2c743643,0,kaggle_3m/TCGA_DU_7306_19930512/TCGA_DU_7306_19930512_11_mask.tif,2
lgg_seg,lgg_seg,kaggle_3m/TCGA_DU_7306_19930512/TCGA_DU_7306_19930512_12.tif,TCGA_DU_7306_19930512_12,empty,p6,train,none,1644,-1,,False,c1ce4b3c3c74b60b,0,kaggle_3m/TCGA_DU_7306_19930512/TCGA_DU_7306_19930512_12_mask.tif,2
lgg_seg,lgg_seg,kaggle_3m/TCGA_DU_7306_19930512/TCGA_DU_7306_19930512_13.tif,TCGA_DU_7306_19930512_13,empty,p6,train,none,1645,-1,,False,d3cc4b363cfc8603,0,kaggle_3m/TCGA_DU_7306_19930512/TCGA_DU_7306_19930512_13_mask.tif,2
lgg_seg,lgg_seg,kaggle_3m/TCGA_DU_7306_19930512/TCGA_DU_7306_19930512_14.tif,TCGA_DU_7306_19930512_14,empty,p6,train,none,1646,-1,,False,d3dc49263cf4e603,0,kaggle_3m/TCGA_DU_7306_19930512/TCGA_DU_7306_19930512_14_mask.tif,2
lgg_seg,lgg_seg,kaggle_3m/TCGA_DU_7306_19930512/TCGA_DU_7306_19930512_15.tif,TCGA_DU_7306_19930512_15,tumor,p6,train,none,1647,-1,,False,d38e492e3cfcc603,463,kaggle_3m/TCGA_DU_7306_19930512/TCGA_DU_7306_19930512_15_mask.tif,2
lgg_seg,lgg_seg,kaggle_3m/TCGA_DU_7306_19930512/TCGA_DU_7306_19930512_16.tif,TCGA_DU_7306_19930512_16,tumor,p6,train,none,1648,-1,,False,c39c4d2c3cf4c6c3,904,kaggle_3m/TCGA_DU_7306_19930512/TCGA_DU_7306_19930512_16_mask.tif,2
lgg_seg,lgg_seg,kaggle_3m/TCGA_DU_7306_19930512/TCGA_DU_7306_19930512_17.tif,TCGA_DU_7306_19930512_17,tumor,p6,train,none,1648,-1,duplicate_of:TCGA_DU_7306_19930512_16,False,c39e4c2c3cb4d6c3,1334,kaggle_3m/TCGA_DU_7306_19930512/TCGA_DU_7306_19930512_17_mask.tif,2
lgg_seg,lgg_seg,kaggle_3m/TCGA_DU_7306_19930512/TCGA_DU_7306_19930512_18.tif,TCGA_DU_7306_19930512_18,tumor,p6,train,none,1650,-1,,False,cbb60c2c2cb4f6c3,1760,kaggle_3m/TCGA_DU_7306_19930512/TCGA_DU_7306_19930512_18_mask.tif,2
lgg_seg,lgg_seg,kaggle_3m/TCGA_DU_7306_19930512/TCGA_DU_7306_19930512_19.tif,TCGA_DU_7306_19930512_19,tumor,p6,train,none,10,-1,duplicate_of:TCGA_CS_5396_20010302_19,False,cf8e4c3c2cb4b643,2129,kaggle_3m/TCGA_DU_7306_19930512/TCGA_DU_7306_19930512_19_mask.tif,2
lgg_seg,lgg_seg,kaggle_3m/TCGA_DU_7306_19930512/TCGA_DU_7306_19930512_2.tif,TCGA_DU_7306_19930512_2,empty,p6,train,none,1652,-1,,False,f34cca0c69bcb643,0,kaggle_3m/TCGA_DU_7306_19930512/TCGA_DU_7306_19930512_2_mask.tif,2
lgg_seg,lgg_seg,kaggle_3m/TCGA_DU_7306_19930512/TCGA_DU_7306_19930512_20.tif,TCGA_DU_7306_19930512_20,tumor,p6,train,none,10,-1,duplicate_of:TCGA_CS_5396_20010302_19,False,cb8e4c3c2db4b643,2522,kaggle_3m/TCGA_DU_7306_19930512/TCGA_DU_7306_19930512_20_mask.tif,2
lgg_seg,lgg_seg,kaggle_3m/TCGA_DU_7306_19930512/TCGA_DU_7306_19930512_21.tif,TCGA_DU_7306_19930512_21,tumor,p6,train,none,10,-1,duplicate_of:TCGA_CS_5396_20010302_19,False,cbcc4c3c2cbcb643,2614,kaggle_3m/TCGA_DU_7306_19930512/TCGA_DU_7306_19930512_21_mask.tif,2
lgg_seg,lgg_seg,kaggle_3m/TCGA_DU_7306_19930512/TCGA_DU_7306_19930512_22.tif,TCGA_DU_7306_19930512_22,tumor,p6,train,none,10,-1,duplicate_of:TCGA_CS_5396_20010302_19,False,cb4e4c3c2cbcb643,2691,kaggle_3m/TCGA_DU_7306_19930512/TCGA_DU_7306_19930512_22_mask.tif,2
lgg_seg,lgg_seg,kaggle_3m/TCGA_DU_7306_19930512/TCGA_DU_7306_19930512_23.tif,TCGA_DU_7306_19930512_23,tumor,p6,train,none,10,-1,duplicate_of:TCGA_CS_5396_20010302_19,False,cb4ecc3c2cb4b643,2405,kaggle_3m/TCGA_DU_7306_19930512/TCGA_DU_7306_19930512_23_mask.tif,2
lgg_seg,lgg_seg,kaggle_3m/TCGA_DU_7306_19930512/TCGA_DU_7306_19930512_24.tif,TCGA_DU_7306_19930512_24,tumor,p6,train,none,10,-1,duplicate_of:TCGA_CS_5396_20010302_19,False,c38ccd3c2db4b643,1888,kaggle_3m/TCGA_DU_7306_19930512/TCGA_DU_7306_19930512_24_mask.tif,2
lgg_seg,lgg_seg,kaggle_3m/TCGA_DU_7306_19930512/TCGA_DU_7306_19930512_25.tif,TCGA_DU_7306_19930512_25,tumor,p6,train,none,10,-1,duplicate_of:TCGA_CS_5396_20010302_19,False,cb8cc92c2dbcb643,1401,kaggle_3m/TCGA_DU_7306_19930512/TCGA_DU_7306_19930512_25_mask.tif,2
lgg_seg,lgg_seg,kaggle_3m/TCGA_DU_7306_19930512/TCGA_DU_7306_19930512_26.tif,TCGA_DU_7306_19930512_26,tumor,p6,train,none,10,-1,duplicate_of:TCGA_CS_5396_20010302_19,False,cb8ccd0c2dbcb643,779,kaggle_3m/TCGA_DU_7306_19930512/TCGA_DU_7306_19930512_26_mask.tif,2
lgg_seg,lgg_seg,kaggle_3m/TCGA_DU_7306_19930512/TCGA_DU_7306_19930512_27.tif,TCGA_DU_7306_19930512_27,tumor,p6,train,none,10,-1,duplicate_of:TCGA_CS_5396_20010302_19,False,c98ccf0c2dbcb643,244,kaggle_3m/TCGA_DU_7306_19930512/TCGA_DU_7306_19930512_27_mask.tif,2
lgg_seg,lgg_seg,kaggle_3m/TCGA_DU_7306_19930512/TCGA_DU_7306_19930512_28.tif,TCGA_DU_7306_19930512_28,empty,p6,train,none,10,-1,duplicate_of:TCGA_CS_4941_19960909_19,False,d98ccb0c2dbcb643,0,kaggle_3m/TCGA_DU_7306_19930512/TCGA_DU_7306_19930512_28_mask.tif,2
lgg_seg,lgg_seg,kaggle_3m/TCGA_DU_7306_19930512/TCGA_DU_7306_19930512_29.tif,TCGA_DU_7306_19930512_29,empty,p6,train,none,10,-1,duplicate_of:TCGA_CS_4941_19960909_19,False,dbccc90c0d3cb6c3,0,kaggle_3m/TCGA_DU_7306_19930512/TCGA_DU_7306_19930512_29_mask.tif,2
lgg_seg,lgg_seg,kaggle_3m/TCGA_DU_7306_19930512/TCGA_DU_7306_19930512_3.tif,TCGA_DU_7306_19930512_3,empty,p6,train,none,1652,-1,duplicate_of:TCGA_DU_7306_19930512_2,False,e34cce0c69b4b6c3,0,kaggle_3m/TCGA_DU_7306_19930512/TCGA_DU_7306_19930512_3_mask.tif,2
lgg_seg,lgg_seg,kaggle_3m/TCGA_DU_7306_19930512/TCGA_DU_7306_19930512_30.tif,TCGA_DU_7306_19930512_30,empty,p6,train,none,10,-1,duplicate_of:TCGA_CS_4941_19960909_19,False,d3cccb0c0d3cb6c3,0,kaggle_3m/TCGA_DU_7306_19930512/TCGA_DU_7306_19930512_30_mask.tif,2
lgg_seg,lgg_seg,kaggle_3m/TCGA_DU_7306_19930512/TCGA_DU_7306_19930512_31.tif,TCGA_DU_7306_19930512_31,empty,p6,train,none,10,-1,duplicate_of:TCGA_CS_4941_19960909_19,False,d3ccc90c0d3cb6d3,0,kaggle_3m/TCGA_DU_7306_19930512/TCGA_DU_7306_19930512_31_mask.tif,2
lgg_seg,lgg_seg,kaggle_3m/TCGA_DU_7306_19930512/TCGA_DU_7306_19930512_32.tif,TCGA_DU_7306_19930512_32,empty,p6,train,none,10,-1,duplicate_of:TCGA_CS_4941_19960909_19,False,91c6c30c4d3cb6f3,0,kaggle_3m/TCGA_DU_7306_19930512/TCGA_DU_7306_19930512_32_mask.tif,2
lgg_seg,lgg_seg,kaggle_3m/TCGA_DU_7306_19930512/TCGA_DU_7306_19930512_33.tif,TCGA_DU_7306_19930512_33,empty,p6,train,none,10,-1,duplicate_of:TCGA_CS_4941_19960909_19,False,33c6d18c493c36f3,0,kaggle_3m/TCGA_DU_7306_19930512/TCGA_DU_7306_19930512_33_mask.tif,2
lgg_seg,lgg_seg,kaggle_3m/TCGA_DU_7306_19930512/TCGA_DU_7306_19930512_34.tif,TCGA_DU_7306_19930512_34,empty,p6,train,none,10,-1,duplicate_of:TCGA_CS_4941_19960909_19,False,33c1d1cc493c36f3,0,kaggle_3m/TCGA_DU_7306_19930512/TCGA_DU_7306_19930512_34_mask.tif,2
lgg_seg,lgg_seg,kaggle_3m/TCGA_DU_7306_19930512/TCGA_DU_7306_19930512_35.tif,TCGA_DU_7306_19930512_35,empty,p6,train,none,10,-1,duplicate_of:TCGA_CS_4941_19960909_19,False,367393cc490c36f3,0,kaggle_3m/TCGA_DU_7306_19930512/TCGA_DU_7306_19930512_35_mask.tif,2
lgg_seg,lgg_seg,kaggle_3m/TCGA_DU_7306_19930512/TCGA_DU_7306_19930512_36.tif,TCGA_DU_7306_19930512_36,empty,p6,train,none,10,-1,duplicate_of:TCGA_CS_4941_19960909_19,False,2673b3cec90c24f3,0,kaggle_3m/TCGA_DU_7306_19930512/TCGA_DU_7306_19930512_36_mask.tif,2
lgg_seg,lgg_seg,kaggle_3m/TCGA_DU_7306_19930512/TCGA_DU_7306_19930512_37.tif,TCGA_DU_7306_19930512_37,empty,p6,train,none,1671,-1,,False,6e3132c3db0c2773,0,kaggle_3m/TCGA_DU_7306_19930512/TCGA_DU_7306_19930512_37_mask.tif,2
lgg_seg,lgg_seg,kaggle_3m/TCGA_DU_7306_19930512/TCGA_DU_7306_19930512_38.tif,TCGA_DU_7306_19930512_38,empty,p6,train,none,1672,-1,,False,cc99263399cc6e33,0,kaggle_3m/TCGA_DU_7306_19930512/TCGA_DU_7306_19930512_38_mask.tif,2
lgg_seg,lgg_seg,kaggle_3m/TCGA_DU_7306_19930512/TCGA_DU_7306_19930512_39.tif,TCGA_DU_7306_19930512_39,empty,p6,train,none,1673,-1,,False,319bcc3331cecc33,0,kaggle_3m/TCGA_DU_7306_19930512/TCGA_DU_7306_19930512_39_mask.tif,2
lgg_seg,lgg_seg,kaggle_3m/TCGA_DU_7306_19930512/TCGA_DU_7306_19930512_4.tif,TCGA_DU_7306_19930512_4,empty,p6,train,none,1652,-1,duplicate_of:TCGA_DU_7306_19930512_2,False,e3ccca0c6db436c3,0,kaggle_3m/TCGA_DU_7306_19930512/TCGA_DU_7306_19930512_4_mask.tif,2
lgg_seg,lgg_seg,kaggle_3m/TCGA_DU_7306_19930512/TCGA_DU_7306_19930512_40.tif,TCGA_DU_7306_19930512_40,empty,p6,train,none,1675,-1,,False,2f19aaf5a7e8138e,0,kaggle_3m/TCGA_DU_7306_19930512/TCGA_DU_7306_19930512_40_mask.tif,2
lgg_seg,lgg_seg,kaggle_3m/TCGA_DU_7306_19930512/TCGA_DU_7306_19930512_41.tif,TCGA_DU_7306_19930512_41,empty,p6,train,none,1676,-1,,False,4f5e76716e4729c0,0,kaggle_3m/TCGA_DU_7306_19930512/TCGA_DU_7306_19930512_41_mask.tif,2
lgg_seg,lgg_seg,kaggle_3m/TCGA_DU_7306_19930512/TCGA_DU_7306_19930512_42.tif,TCGA_DU_7306_19930512_42,empty,p6,train,none,1677,-1,,False,3c9b9f8bf13240a2,0,kaggle_3m/TCGA_DU_7306_19930512/TCGA_DU_7306_19930512_42_mask.tif,2
lgg_seg,lgg_seg,kaggle_3m/TCGA_DU_7306_19930512/TCGA_DU_7306_19930512_5.tif,TCGA_DU_7306_19930512_5,empty,p6,train,none,1678,-1,,False,e34e582c29b6b6c3,0,kaggle_3m/TCGA_DU_7306_19930512/TCGA_DU_7306_19930512_5_mask.tif,2
lgg_seg,lgg_seg,kaggle_3m/TCGA_DU_7306_19930512/TCGA_DU_7306_19930512_6.tif,TCGA_DU_7306_19930512_6,empty,p6,train,none,10,-1,duplicate_of:TCGA_CS_4941_19960909_19,False,e38e592c2d34b6c3,0,kaggle_3m/TCGA_DU_7306_19930512/TCGA_DU_7306_19930512_6_mask.tif,2
lgg_seg,lgg_seg,kaggle_3m/TCGA_DU_7306_19930512/TCGA_DU_7306_19930512_7.tif,TCGA_DU_7306_19930512_7,empty,p6,train,none,10,-1,duplicate_of:TCGA_CS_4941_19960909_19,False,4bce592c2d34b6c3,0,kaggle_3m/TCGA_DU_7306_19930512/TCGA_DU_7306_19930512_7_mask.tif,2
lgg_seg,lgg_seg,kaggle_3m/TCGA_DU_7306_19930512/TCGA_DU_7306_19930512_8.tif,TCGA_DU_7306_19930512_8,empty,p6,train,none,1642,-1,duplicate_of:TCGA_DU_7306_19930512_10,False,4bcec82c2fb4b643,0,kaggle_3m/TCGA_DU_7306_19930512/TCGA_DU_7306_19930512_8_mask.tif,2
lgg_seg,lgg_seg,kaggle_3m/TCGA_DU_7306_19930512/TCGA_DU_7306_19930512_9.tif,TCGA_DU_7306_19930512_9,empty,p6,train,none,1642,-1,duplicate_of:TCGA_DU_7306_19930512_10,False,cbcec82c2f34b643,0,kaggle_3m/TCGA_DU_7306_19930512/TCGA_DU_7306_19930512_9_mask.tif,2
lgg_seg,lgg_seg,kaggle_3m/TCGA_DU_7309_19960831/TCGA_DU_7309_19960831_1.tif,TCGA_DU_7309_19960831_1,empty,p6,train,none,1683,-1,,False,c7c3990c69bca6c3,0,kaggle_3m/TCGA_DU_7309_19960831/TCGA_DU_7309_19960831_1_mask.tif,2
lgg_seg,lgg_seg,kaggle_3m/TCGA_DU_7309_19960831/TCGA_DU_7309_19960831_10.tif,TCGA_DU_7309_19960831_10,empty,p6,train,none,1684,-1,,False,99cf4b0e38fc8643,0,kaggle_3m/TCGA_DU_7309_19960831/TCGA_DU_7309_19960831_10_mask.tif,2
lgg_seg,lgg_seg,kaggle_3m/TCGA_DU_7309_19960831/TCGA_DU_7309_19960831_11.tif,TCGA_DU_7309_19960831_11,empty,p6,train,none,1684,-1,duplicate_of:TCGA_DU_7309_19960831_10,False,99cf4b0e383cc64b,0,kaggle_3m/TCGA_DU_7309_19960831/TCGA_DU_7309_19960831_11_mask.tif,2
lgg_seg,lgg_seg,kaggle_3m/TCGA_DU_7309_19960831/TCGA_DU_7309_19960831_12.tif,TCGA_DU_7309_19960831_12,empty,p6,train,none,1686,-1,,False,b8cf4b2638bcc643,0,kaggle_3m/TCGA_DU_7309_19960831/TCGA_DU_7309_19960831_12_mask.tif,2
lgg_seg,lgg_seg,kaggle_3m/TCGA_DU_7309_19960831/TCGA_DU_7309_19960831_13.tif,TCGA_DU_7309_19960831_13,empty,p6,train,none,1687,-1,,False,b2ce493630bcc6cb,0,kaggle_3m/TCGA_DU_7309_19960831/TCGA_DU_7309_19960831_13_mask.tif,2
lgg_seg,lgg_seg,kaggle_3m/TCGA_DU_7309_19960831/TCGA_DU_7309_19960831_14.tif,TCGA_DU_7309_19960831_14,empty,p6,train,none,1688,-1,,False,33266c2e39bcc6c3,0,kaggle_3m/TCGA_DU_7309_19960831/TCGA_DU_7309_19960831_14_mask.tif,2
lgg_seg,lgg_seg,kaggle_3m/TCGA_DU_7309_19960831/TCGA_DU_7309_19960831_15.tif,TCGA_DU_7309_19960831_15,empty,p6,train,none,1689,-1,,False,3b1e780cb9b4c6c3,0,kaggle_3m/TCGA_DU_7309_19960831/TCGA_DU_7309_19960831_15_mask.tif,2
lgg_seg,lgg_seg,kaggle_3m/TCGA_DU_7309_19960831/TCGA_DU_7309_19960831_16.tif,TCGA_DU_7309_19960831_16,empty,p6,train,none,1690,-1,,False,5b8e2c0c6db4d6c3,0,kaggle_3m/TCGA_DU_7309_19960831/TCGA_DU_7309_19960831_16_mask.tif,2
lgg_seg,lgg_seg,kaggle_3m/TCGA_DU_7309_19960831/TCGA_DU_7309_19960831_17.tif,TCGA_DU_7309_19960831_17,empty,p6,train,none,1691,-1,,False,598e382e6db496c3,0,kaggle_3m/TCGA_DU_7309_19960831/TCGA_DU_7309_19960831_17_mask.tif,2
lgg_seg,lgg_seg,kaggle_3m/TCGA_DU_7309_19960831/TCGA_DU_7309_19960831_18.tif,TCGA_DU_7309_19960831_18,empty,p6,train,none,10,-1,duplicate_of:TCGA_CS_4941_19960909_19,False,d94c390e6db496c3,0,kaggle_3m/TCGA_DU_7309_19960831/TCGA_DU_7309_19960831_18_mask.tif,2
lgg_seg,lgg_seg,kaggle_3m/TCGA_DU_7309_19960831/TCGA_DU_7309_19960831_19.tif,TCGA_DU_7309_19960831_19,empty,p6,train,none,10,-1,duplicate_of:TCGA_CS_4941_19960909_19,False,d96c590e2db496c3,0,kaggle_3m/TCGA_DU_7309_19960831/TCGA_DU_7309_19960831_19_mask.tif,2
lgg_seg,lgg_seg,kaggle_3m/TCGA_DU_7309_19960831/TCGA_DU_7309_19960831_2.tif,TCGA_DU_7309_19960831_2,empty,p6,train,none,1694,-1,,False,c3c7980c6db4a7c3,0,kaggle_3m/TCGA_DU_7309_19960831/TCGA_DU_7309_19960831_2_mask.tif,2
lgg_seg,lgg_seg,kaggle_3m/TCGA_DU_7309_19960831/TCGA_DU_7309_19960831_20.tif,TCGA_DU_7309_19960831_20,empty,p6,train,none,10,-1,duplicate_of:TCGA_CS_4941_19960909_19,False,dbcc490e2db496c3,0,kaggle_3m/TCGA_DU_7309_19960831/TCGA_DU_7309_19960831_20_mask.tif,2
lgg_seg,lgg_seg,kaggle_3m/TCGA_DU_7309_19960831/TCGA_DU_7309_19960831_21.tif,TCGA_DU_7309_19960831_21,tumor,p6,train,none,10,-1,duplicate_of:TCGA_CS_5396_20010302_19,False,5be6490e2db496c3,239,kaggle_3m/TCGA_DU_7309_19960831/TCGA_DU_7309_19960831_21_mask.tif,2
lgg_seg,lgg_seg,kaggle_3m/TCGA_DU_7309_19960831/TCGA_DU_7309_19960831_22.tif,TCGA_DU_7309_19960831_22,tumor,p6,train,none,1697,-1,,False,5e86590e2d3cb6c3,661,kaggle_3m/TCGA_DU_7309_19960831/TCGA_DU_7309_19960831_22_mask.tif,2
lgg_seg,lgg_seg,kaggle_3m/TCGA_DU_7309_19960831/TCGA_DU_7309_19960831_23.tif,TCGA_DU_7309_19960831_23,tumor,p6,train,none,10,-1,duplicate_of:TCGA_CS_5396_20010302_19,False,db84590e2d3c96d3,736,kaggle_3m/TCGA_DU_7309_19960831/TCGA_DU_7309_19960831_23_mask.tif,2
lgg_seg,lgg_seg,kaggle_3m/TCGA_DU_7309_19960831/TCGA_DU_7309_19960831_24.tif,TCGA_DU_7309_19960831_24,tumor,p6,train,none,10,-1,duplicate_of:TCGA_CS_5396_20010302_19,False,5bcc490e2d3c96d3,877,kaggle_3m/TCGA_DU_7309_19960831/TCGA_DU_7309_19960831_24_mask.tif,2
lgg_seg,lgg_seg,kaggle_3m/TCGA_DU_7309_19960831/TCGA_DU_7309_19960831_25.tif,TCGA_DU_7309_19960831_25,tumor,p6,train,none,10,-1,duplicate_of:TCGA_CS_5396_20010302_19,False,d8c6490c6d3cb6d3,979,kaggle_3m/TCGA_DU_7309_19960831/TCGA_DU_7309_19960831_25_mask.tif,2
lgg_seg,lgg_seg,kaggle_3m/TCGA_DU_7309_19960831/TCGA_DU_7309_19960831_26.tif,TCGA_DU_7309_19960831_26,tumor,p6,train,none,10,-1,duplicate_of:TCGA_CS_5396_20010302_19,False,d2c6490c693cb6f3,1042,kaggle_3m/TCGA_DU_7309_19960831/TCGA_DU_7309_19960831_26_mask.tif,2
lgg_seg,lgg_seg,kaggle_3m/TCGA_DU_7309_19960831/TCGA_DU_7309_19960831_27.tif,TCGA_DU_7309_19960831_27,tumor,p6,train,none,10,-1,duplicate_of:TCGA_CS_5396_20010302_19,False,d9c6490c693cb6d3,941,kaggle_3m/TCGA_DU_7309_19960831/TCGA_DU_7309_19960831_27_mask.tif,2
lgg_seg,lgg_seg,kaggle_3m/TCGA_DU_7309_19960831/TCGA_DU_7309_19960831_28.tif,TCGA_DU_7309_19960831_28,tumor,p6,train,none,10,-1,duplicate_of:TCGA_CS_5396_20010302_19,False,93c6590c693cb6d3,510,kaggle_3m/TCGA_DU_7309_19960831/TCGA_DU_7309_19960831_28_mask.tif,2
lgg_seg,lgg_seg,kaggle_3m/TCGA_DU_7309_19960831/TCGA_DU_7309_19960831_29.tif,TCGA_DU_7309_19960831_29,tumor,p6,train,none,10,-1,duplicate_of:TCGA_CS_5396_20010302_19,False,91c6d98c493cb6d3,383,kaggle_3m/TCGA_DU_7309_19960831/TCGA_DU_7309_19960831_29_mask.tif,2
lgg_seg,lgg_seg,kaggle_3m/TCGA_DU_7309_19960831/TCGA_DU_7309_19960831_3.tif,TCGA_DU_7309_19960831_3,empty,p6,train,none,1705,-1,,False,c7cc992c3c34b3c3,0,kaggle_3m/TCGA_DU_7309_19960831/TCGA_DU_7309_19960831_3_mask.tif,2
lgg_seg,lgg_seg,kaggle_3m/TCGA_DU_7309_19960831/TCGA_DU_7309_19960831_30.tif,TCGA_DU_7309_19960831_30,empty,p6,train,none,10,-1,duplicate_of:TCGA_CS_4941_19960909_19,False,b1c4d9cc493c36d3,0,kaggle_3m/TCGA_DU_7309_19960831/TCGA_DU_7309_19960831_30_mask.tif,2
lgg_seg,lgg_seg,kaggle_3m/TCGA_DU_7309_19960831/TCGA_DU_7309_19960831_31.tif,TCGA_DU_7309_19960831_31,empty,p6,train,none,1707,-1,,False,3363d3cc492ca4f3,0,kaggle_3m/TCGA_DU_7309_19960831/TCGA_DU_7309_19960831_31_mask.tif,2
lgg_seg,lgg_seg,kaggle_3m/TCGA_DU_7309_19960831/TCGA_DU_7309_19960831_32.tif,TCGA_DU_7309_19960831_32,empty,p6,train,none,10,-1,duplicate_of:TCGA_CS_4941_19960909_19,False,3673b3c6c90ca671,0,kaggle_3m/TCGA_DU_7309_19960831/TCGA_DU_7309_19960831_32_mask.tif,2
lgg_seg,lgg_seg,kaggle_3m/TCGA_DU_7309_19960831/TCGA_DU_7309_19960831_33.tif,TCGA_DU_7309_19960831_33,empty,p6,train,none,1709,-1,,False,cc3933c3d90ca673,0,kaggle_3m/TCGA_DU_7309_19960831/TCGA_DU_7309_19960831_33_mask.tif,2
lgg_seg,lgg_seg,kaggle_3m/TCGA_DU_7309_19960831/TCGA_DU_7309_19960831_34.tif,TCGA_DU_7309_19960831_34,empty,p6,train,none,1710,-1,,False,cc1936f3d94c2633,0,kaggle_3m/TCGA_DU_7309_19960831/TCGA_DU_7309_19960831_34_mask.tif,2
lgg_seg,lgg_seg,kaggle_3m/TCGA_DU_7309_19960831/TCGA_DU_7309_19960831_35.tif,TCGA_DU_7309_19960831_35,empty,p6,train,none,1314,-1,duplicate_of:TCGA_DU_7014_19860618_57,False,d9cc66b3994c6613,0,kaggle_3m/TCGA_DU_7309_19960831/TCGA_DU_7309_19960831_35_mask.tif,2
lgg_seg,lgg_seg,kaggle_3m/TCGA_DU_7309_19960831/TCGA_DU_7309_19960831_36.tif,TCGA_DU_7309_19960831_36,empty,p6,train,none,139,-1,duplicate_of:TCGA_CS_5396_20010302_24,False,31cccc3333ccec33,0,kaggle_3m/TCGA_DU_7309_19960831/TCGA_DU_7309_19960831_36_mask.tif,2
lgg_seg,lgg_seg,kaggle_3m/TCGA_DU_7309_19960831/TCGA_DU_7309_19960831_37.tif,TCGA_DU_7309_19960831_37,empty,p6,train,none,1713,-1,,False,99936c99936c6c93,0,kaggle_3m/TCGA_DU_7309_19960831/TCGA_DU_7309_19960831_37_mask.tif,2
lgg_seg,lgg_seg,kaggle_3m/TCGA_DU_7309_19960831/TCGA_DU_7309_19960831_38.tif,TCGA_DU_7309_19960831_38,empty,p6,train,none,1714,-1,,False,a942eb10a6385564,0,kaggle_3m/TCGA_DU_7309_19960831/TCGA_DU_7309_19960831_38_mask.tif,2
lgg_seg,lgg_seg,kaggle_3m/TCGA_DU_7309_19960831/TCGA_DU_7309_19960831_39.tif,TCGA_DU_7309_19960831_39,empty,p6,train,none,1715,-1,,False,eb6d46d67706b942,0,kaggle_3m/TCGA_DU_7309_19960831/TCGA_DU_7309_19960831_39_mask.tif,2
lgg_seg,lgg_seg,kaggle_3m/TCGA_DU_7309_19960831/TCGA_DU_7309_19960831_4.tif,TCGA_DU_7309_19960831_4,empty,p6,train,none,1716,-1,,False,cecc192e39b4a6c3,0,kaggle_3m/TCGA_DU_7309_19960831/TCGA_DU_7309_19960831_4_mask.tif,2
lgg_seg,lgg_seg,kaggle_3m/TCGA_DU_7309_19960831/TCGA_DU_7309_19960831_40.tif,TCGA_DU_7309_19960831_40,empty,p6,train,none,1717,-1,,False,ba93fae3d4008c8c,0,kaggle_3m/TCGA_DU_7309_19960831/TCGA_DU_7309_19960831_40_mask.tif,2
lgg_seg,lgg_seg,kaggle_3m/TCGA_DU_7309_19960831/TCGA_DU_7309_19960831_5.tif,TCGA_DU_7309_19960831_5,empty,p6,train,none,1716,-1,duplicate_of:TCGA_DU_7309_19960831_4,False,cecc192e79b4a643,0,kaggle_3m/TCGA_DU_7309_19960831/TCGA_DU_7309_19960831_5_mask.tif,2
lgg_seg,lgg_seg,kaggle_3m/TCGA_DU_7309_19960831/TCGA_DU_7309_19960831_6.tif,TCGA_DU_7309_19960831_6,empty,p6,train,none,1716,-1,duplicate_of:TCGA_DU_7309_19960831_4,False,cecc892e79b4264b,0,kaggle_3m/TCGA_DU_7309_19960831/TCGA_DU_7309_19960831_6_mask.tif,2
lgg_seg,lgg_seg,kaggle_3m/TCGA_DU_7309_19960831/TCGA_DU_7309_19960831_7.tif,TCGA_DU_7309_19960831_7,empty,p6,train,none,1716,-1,duplicate_of:TCGA_DU_7309_19960831_4,False,cecc892e79b4264b,0,kaggle_3m/TCGA_DU_7309_19960831/TCGA_DU_7309_19960831_7_mask.tif,2
lgg_seg,lgg_seg,kaggle_3m/TCGA_DU_7309_19960831/TCGA_DU_7309_19960831_8.tif,TCGA_DU_7309_19960831_8,empty,p6,train,none,1721,-1,,False,d6cc4b26f8b4264b,0,kaggle_3m/TCGA_DU_7309_19960831/TCGA_DU_7309_19960831_8_mask.tif,2
lgg_seg,lgg_seg,kaggle_3m/TCGA_DU_7309_19960831/TCGA_DU_7309_19960831_9.tif,TCGA_DU_7309_19960831_9,empty,p6,train,none,1722,-1,,False,dace4b0e3cbc8643,0,kaggle_3m/TCGA_DU_7309_19960831/TCGA_DU_7309_19960831_9_mask.tif,2
lgg_seg,lgg_seg,kaggle_3m/TCGA_DU_8162_19961029/TCGA_DU_8162_19961029_1.tif,TCGA_DU_8162_19961029_1,empty,p47,train,none,1723,-1,,False,c6c9394cb23c47d3,0,kaggle_3m/TCGA_DU_8162_19961029/TCGA_DU_8162_19961029_1_mask.tif,6
lgg_seg,lgg_seg,kaggle_3m/TCGA_DU_8162_19961029/TCGA_DU_8162_19961029_10.tif,TCGA_DU_8162_19961029_10,empty,p47,train,none,1724,-1,,False,6ecc493e30fc8663,0,kaggle_3m/TCGA_DU_8162_19961029/TCGA_DU_8162_19961029_10_mask.tif,6
lgg_seg,lgg_seg,kaggle_3m/TCGA_DU_8162_19961029/TCGA_DU_8162_19961029_11.tif,TCGA_DU_8162_19961029_11,tumor,p47,train,none,1725,-1,,False,c6cd491e34fc86c3,290,kaggle_3m/TCGA_DU_8162_19961029/TCGA_DU_8162_19961029_11_mask.tif,6
lgg_seg,lgg_seg,kaggle_3m/TCGA_DU_8162_19961029/TCGA_DU_8162_19961029_12.tif,TCGA_DU_8162_19961029_12,tumor,p47,train,none,1726,-1,,False,d8cdc9263c9c66c3,655,kaggle_3m/TCGA_DU_8162_19961029/TCGA_DU_8162_19961029_12_mask.tif,6
lgg_seg,lgg_seg,kaggle_3m/TCGA_DU_8162_19961029/TCGA_DU_8162_19961029_13.tif,TCGA_DU_8162_19961029_13,tumor,p47,train,none,1727,-1,,False,d3c9c9062cbce6c3,1238,kaggle_3m/TCGA_DU_8162_19961029/TCGA_DU_8162_19961029_13_mask.tif,6
lgg_seg,lgg_seg,kaggle_3m/TCGA_DU_8162_19961029/TCGA_DU_8162_19961029_14.tif,TCGA_DU_8162_19961029_14,tumor,p47,train,none,1728,-1,,False,d3cdc9066cbc264b,1308,kaggle_3m/TCGA_DU_8162_19961029/TCGA_DU_8162_19961029_14_mask.tif,6
lgg_seg,lgg_seg,kaggle_3m/TCGA_DU_8162_19961029/TCGA_DU_8162_19961029_15.tif,TCGA_DU_8162_19961029_15,tumor,p47,train,none,1728,-1,duplicate_of:TCGA_DU_8162_19961029_14,False,d3cfc9066d9c2643,1634,kaggle_3m/TCGA_DU_8162_19961029/TCGA_DU_8162_19961029_15_mask.tif,6
lgg_seg,lgg_seg,kaggle_3m/TCGA_DU_8162_19961029/TCGA_DU_8162_19961029_16.tif,TCGA_DU_8162_19961029_16,tumor,p47,train,none,1730,-1,,False,d9c7e9a46c1ca649,1170,kaggle_3m/TCGA_DU_8162_19961029/TCGA_DU_8162_19961029_16_mask.tif,6
lgg_seg,lgg_seg,kaggle_3m/TCGA_DU_8162_19961029/TCGA_DU_8162_19961029_17.tif,TCGA_DU_8162_19961029_17,tumor,p47,train,none,1731,-1,,False,594e298eec3ca6c9,641,kaggle_3m/TCGA_DU_8162_19961029/TCGA_DU_8162_19961029_17_mask.tif,6
lgg_seg,lgg_seg,kaggle_3m/TCGA_DU_8162_19961029/TCGA_DU_8162_19961029_18.tif,TCGA_DU_8162_19961029_18,tumor,p47,train,none,1732,-1,,False,d94c0996ec3ca66b,595,kaggle_3m/TCGA_DU_8162_19961029/TCGA_DU_8162_19961029_18_mask.tif,6
lgg_seg,lgg_seg,kaggle_3m/TCGA_DU_8162_19961029/TCGA_DU_8162_19961029_19.tif,TCGA_DU_8162_19961029_19,tumor,p47,train,none,1733,-1,,False,d9464986ec3cb6c3,497,kaggle_3m/TCGA_DU_8162_19961029/TCGA_DU_8162_19961029_19_mask.tif,6
lgg_seg,lgg_seg,kaggle_3m/TCGA_DU_8162_19961029/TCGA_DU_8162_19961029_2.tif,TCGA_DU_8162_19961029_2,empty,p47,train,none,1723,-1,duplicate_of:TCGA_DU_8162_19961029_1,False,c6c9396cb234c3d3,0,kaggle_3m/TCGA_DU_8162_19961029/TCGA_DU_8162_19961029_2_mask.tif,6
lgg_seg,lgg_seg,kaggle_3m/TCGA_DU_8162_19961029/TCGA_DU_8162_19961029_20.tif,TCGA_DU_8162_19961029_20,empty,p47,train,none,1735,-1,,False,d9c649066dbcb649,0,kaggle_3m/TCGA_DU_8162_19961029/TCGA_DU_8162_19961029_20_mask.tif,6
lgg_seg,lgg_seg,kaggle_3m/TCGA_DU_8162_19961029/TCGA_DU_8162_19961029_21.tif,TCGA_DU_8162_19961029_21,empty,p47,train,none,1735,-1,duplicate_of:TCGA_DU_8162_19961029_20,False,79c649066d3cb64b,0,kaggle_3m/TCGA_DU_8162_19961029/TCGA_DU_8162_19961029_21_mask.tif,6
lgg_seg,lgg_seg,kaggle_3m/TCGA_DU_8162_19961029/TCGA_DU_8162_19961029_22.tif,TCGA_DU_8162_19961029_22,empty,p47,train,none,1735,-1,duplicate_of:TCGA_DU_8162_19961029_20,False,59c649066dbcb64b,0,kaggle_3m/TCGA_DU_8162_19961029/TCGA_DU_8162_19961029_22_mask.tif,6
lgg_seg,lgg_seg,kaggle_3m/TCGA_DU_8162_19961029/TCGA_DU_8162_19961029_23.tif,TCGA_DU_8162_19961029_23,empty,p47,train,none,1738,-1,,False,59cc49866d3cb653,0,kaggle_3m/TCGA_DU_8162_19961029/TCGA_DU_8162_19961029_23_mask.tif,6
lgg_seg,lgg_seg,kaggle_3m/TCGA_DU_8162_19961029/TCGA_DU_8162_19961029_24.tif,TCGA_DU_8162_19961029_24,empty,p47,train,none,1739,-1,,False,59e64986cd3c3659,0,kaggle_3m/TCGA_DU_8162_19961029/TCGA_DU_8162_19961029_24_mask.tif,6
lgg_seg,lgg_seg,kaggle_3m/TCGA_DU_8162_19961029/TCGA_DU_8162_19961029_25.tif,TCGA_DU_8162_19961029_25,empty,p47,train,none,1740,-1,,False,d96469866d1c96d9,0,kaggle_3m/TCGA_DU_8162_19961029/TCGA_DU_8162_19961029_25_mask.tif,6
lgg_seg,lgg_seg,kaggle_3m/TCGA_DU_8162_19961029/TCGA_DU_8162_19961029_26.tif,TCGA_DU_8162_19961029_26,empty,p47,train,none,1741,-1,,False,d96c6126693c96d9,0,kaggle_3m/TCGA_DU_8162_19961029/TCGA_DU_8162_19961029_26_mask.tif,6
lgg_seg,lgg_seg,kaggle_3m/TCGA_DU_8162_19961029/TCGA_DU_8162_19961029_27.tif,TCGA_DU_8162_19961029_27,empty,p47,train,none,1742,-1,,False,1bcf4926691cb659,0,kaggle_3m/TCGA_DU_8162_19961029/TCGA_DU_8162_19961029_27_mask.tif,6
lgg_seg,lgg_seg,kaggle_3m/TCGA_DU_8162_19961029/TCGA_DU_8162_19961029_28.tif,TCGA_DU_8162_19961029_28,empty,p47,train,none,1743,-1,,False,33cdc386491cb673,0,kaggle_3m/TCGA_DU_8162_19961029/TCGA_DU_8162_19961029_28_mask.tif,6
lgg_seg,lgg_seg,kaggle_3m/TCGA_DU_8162_19961029/TCGA_DU_8162_19961029_29.tif,TCGA_DU_8162_19961029_29,empty,p47,train,none,1744,-1,,False,3369d3c64994b671,0,kaggle_3m/TCGA_DU_8162_19961029/TCGA_DU_8162_19961029_29_mask.tif,6
lgg_seg,lgg_seg,kaggle_3m/TCGA_DU_8162_19961029/TCGA_DU_8162_19961029_3.tif,TCGA_DU_8162_19961029_3,empty,p47,train,none,1723,-1,duplicate_of:TCGA_DU_8162_19961029_1,False,cecc396cb034c3d3,0,kaggle_3m/TCGA_DU_8162_19961029/TCGA_DU_8162_19961029_3_mask.tif,6
lgg_seg,lgg_seg,kaggle_3m/TCGA_DU_8162_19961029/TCGA_DU_8162_19961029_30.tif,TCGA_DU_8162_19961029_30,empty,p47,train,none,1746,-1,,False,336959c6e98cb471,0,kaggle_3m/TCGA_DU_8162_19961029/TCGA_DU_8162_19961029_30_mask.tif,6
lgg_seg,lgg_seg,kaggle_3m/TCGA_DU_8162_19961029/TCGA_DU_8162_19961029_31.tif,TCGA_DU_8162_19961029_31,empty,p47,train,none,1747,-1,,False,b67993c6e9842479,0,kaggle_3m/TCGA_DU_8162_19961029/TCGA_DU_8162_19961029_31_mask.tif,6
lgg_seg,lgg_seg,kaggle_3m/TCGA_DU_8162_19961029/TCGA_DU_8162_19961029_32.tif,TCGA_DU_8162_19961029_32,empty,p47,train,none,73,-1,duplicate_of:TCGA_CS_4944_20010208_19,False,26739366498ea679,0,kaggle_3m/TCGA_DU_8162_19961029/TCGA_DU_8162_19961029_32_mask.tif,6
lgg_seg,lgg_seg,kaggle_3m/TCGA_DU_8162_19961029/TCGA_DU_8162_19961029_33.tif,TCGA_DU_8162_19961029_33,empty,p47,train,none,73,-1,duplicate_of:TCGA_CS_4944_20010208_19,False,6e39b3635986a619,0,kaggle_3m/TCGA_DU_8162_19961029/TCGA_DU_8162_19961029_33_mask.tif,6
lgg_seg,lgg_seg,kaggle_3m/TCGA_DU_8162_19961029/TCGA_DU_8162_19961029_34.tif,TCGA_DU_8162_19961029_34,empty,p47,train,none,161,-1,duplicate_of:TCGA_CS_5397_20010315_22,False,6cd9a63199666699,0,kaggle_3m/TCGA_DU_8162_19961029/TCGA_DU_8162_19961029_34_mask.tif,6
lgg_seg,lgg_seg,kaggle_3m/TCGA_DU_8162_19961029/TCGA_DU_8162_19961029_35.tif,TCGA_DU_8162_19961029_35,empty,p47,train,none,161,-1,duplicate_of:TCGA_CS_5397_20010315_22,False,999966999966649b,0,kaggle_3m/TCGA_DU_8162_19961029/TCGA_DU_8162_19961029_35_mask.tif,6
lgg_seg,lgg_seg,kaggle_3m/TCGA_DU_8162_19961029/TCGA_DU_8162_19961029_36.tif,TCGA_DU_8162_19961029_36,empty,p47,train,none,1752,-1,,False,b821735af73e6a56,0,kaggle_3m/TCGA_DU_8162_19961029/TCGA_DU_8162_19961029_36_mask.tif,6
lgg_seg,lgg_seg,kaggle_3m/TCGA_DU_8162_19961029/TCGA_DU_8162_19961029_37.tif,TCGA_DU_8162_19961029_37,empty,p47,train,none,1753,-1,,False,01d8e6f08cbcd452,0,kaggle_3m/TCGA_DU_8162_19961029/TCGA_DU_8162_19961029_37_mask.tif,6
lgg_seg,lgg_seg,kaggle_3m/TCGA_DU_8162_19961029/TCGA_DU_8162_19961029_4.tif,TCGA_DU_8162_19961029_4,empty,p47,train,none,1754,-1,,False,cf6c390c3c34e3c3,0,kaggle_3m/TCGA_DU_8162_19961029/TCGA_DU_8162_19961029_4_mask.tif,6
lgg_seg,lgg_seg,kaggle_3m/TCGA_DU_8162_19961029/TCGA_DU_8162_19961029_5.tif,TCGA_DU_8162_19961029_5,empty,p47,train,none,1755,-1,,False,c96e390c7c3ca3c3,0,kaggle_3m/TCGA_DU_8162_19961029/TCGA_DU_8162_19961029_5_mask.tif,6
lgg_seg,lgg_seg,kaggle_3m/TCGA_DU_8162_19961029/TCGA_DU_8162_19961029_6.tif,TCGA_DU_8162_19961029_6,empty,p47,train,none,1756,-1,,False,d9cc390c3c3ce3c3,0,kaggle_3m/TCGA_DU_8162_19961029/TCGA_DU_8162_19961029_6_mask.tif,6
lgg_seg,lgg_seg,kaggle_3m/TCGA_DU_8162_19961029/TCGA_DU_8162_19961029_7.tif,TCGA_DU_8162_19961029_7,empty,p47,train,none,1757,-1,,False,d98e692c383ce6c3,0,kaggle_3m/TCGA_DU_8162_19961029/TCGA_DU_8162_19961029_7_mask.tif,6
lgg_seg,lgg_seg,kaggle_3m/TCGA_DU_8162_19961029/TCGA_DU_8162_19961029_8.tif,TCGA_DU_8162_19961029_8,empty,p47,train,none,1758,-1,,False,9e8c692c38b6e6c3,0,kaggle_3m/TCGA_DU_8162_19961029/TCGA_DU_8162_19961029_8_mask.tif,6
lgg_seg,lgg_seg,kaggle_3m/TCGA_DU_8162_19961029/TCGA_DU_8162_19961029_9.tif,TCGA_DU_8162_19961029_9,empty,p47,train,none,1759,-1,,False,8ccc492e38bce6e3,0,kaggle_3m/TCGA_DU_8162_19961029/TCGA_DU_8162_19961029_9_mask.tif,6
lgg_seg,lgg_seg,kaggle_3m/TCGA_DU_8163_19961119/TCGA_DU_8163_19961119_1.tif,TCGA_DU_8163_19961119_1,empty,p48,train,none,1760,-1,,False,e1bc8b1c3c5696e1,0,kaggle_3m/TCGA_DU_8163_19961119/TCGA_DU_8163_19961119_1_mask.tif,5
lgg_seg,lgg_seg,kaggle_3m/TCGA_DU_8163_19961119/TCGA_DU_8163_19961119_10.tif,TCGA_DU_8163_19961119_10,empty,p48,train,none,1761,-1,,False,6686c73c3856b6a9,0,kaggle_3m/TCGA_DU_8163_19961119/TCGA_DU_8163_19961119_10_mask.tif,5
lgg_seg,lgg_seg,kaggle_3m/TCGA_DU_8163_19961119/TCGA_DU_8163_19961119_11.tif,TCGA_DU_8163_19961119_11,empty,p48,train,none,1761,-1,duplicate_of:TCGA_DU_8163_19961119_10,False,6606c7bc1c56b6a9,0,kaggle_3m/TCGA_DU_8163_19961119/TCGA_DU_8163_19961119_11_mask.tif,5
lgg_seg,lgg_seg,kaggle_3m/TCGA_DU_8163_19961119/TCGA_DU_8163_19961119_12.tif,TCGA_DU_8163_19961119_12,empty,p48,train,none,1763,-1,,False,6306673c9c5e96c9,0,kaggle_3m/TCGA_DU_8163_19961119/TCGA_DU_8163_19961119_12_mask.tif,5
lgg_seg,lgg_seg,kaggle_3m/TCGA_DU_8163_19961119/TCGA_DU_8163_19961119_13.tif,TCGA_DU_8163_19961119_13,empty,p48,train,none,1764,-1,,False,434d673c2c5e96c9,0,kaggle_3m/TCGA_DU_8163_19961119/TCGA_DU_8163_19961119_13_mask.tif,5
lgg_seg,lgg_seg,kaggle_3m/TCGA_DU_8163_19961119/TCGA_DU_8163_19961119_14.tif,TCGA_DU_8163_19961119_14,tumor,p48,train,none,1764,-1,,False,c34c673c2c9e96c9,609,kaggle_3m/TCGA_DU_8163_19961119/TCGA_DU_8163_19961119_14_mask.tif,5
lgg_seg,lgg_seg,kaggle_3m/TCGA_DU_8163_19961119/TCGA_DU_8163_19961119_15.tif,TCGA_DU_8163_19961119_15,tumor,p48,train,none,1764,-1,duplicate_of:TCGA_DU_8163_19961119_14,False,434c6e3c2c9eb6c9,954,kaggle_3m/TCGA_DU_8163_19961119/TCGA_DU_8163_19961119_15_mask.tif,5
lgg_seg,lgg_seg,kaggle_3m/TCGA_DU_8163_19961119/TCGA_DU_8163_19961119_16.tif,TCGA_DU_8163_19961119_16,tumor,p48,train,none,1767,-1,,False,cb0c8e3c2c5eb6c9,1331,kaggle_3m/TCGA_DU_8163_19961119/TCGA_DU_8163_19961119_16_mask.tif,5
lgg_seg,lgg_seg,kaggle_3m/TCGA_DU_8163_19961119/TCGA_DU_8163_19961119_17.tif,TCGA_DU_8163_19961119_17,tumor,p48,train,none,1768,-1,,False,c38c0ebc265ef649,985,kaggle_3m/TCGA_DU_8163_19961119/TCGA_DU_8163_19961119_17_mask.tif,5
lgg_seg,lgg_seg,kaggle_3m/TCGA_DU_8163_19961119/TCGA_DU_8163_19961119_18.tif,TCGA_DU_8163_19961119_18,tumor,p48,train,none,1769,-1,,False,c78c8e1c2c7cf649,564,kaggle_3m/TCGA_DU_8163_19961119/TCGA_DU_8163_19961119_18_mask.tif,5
lgg_seg,lgg_seg,kaggle_3m/TCGA_DU_8163_19961119/TCGA_DU_8163_19961119_19.tif,TCGA_DU_8163_19961119_19,empty,p48,train,none,1769,-1,,False,c58c869c2c7cf64b,0,kaggle_3m/TCGA_DU_8163_19961119/TCGA_DU_8163_19961119_19_mask.tif,5
lgg_seg,lgg_seg,kaggle_3m/TCGA_DU_8163_19961119/TCGA_DU_8163_19961119_2.tif,TCGA_DU_8163_19961119_2,empty,p48,train,none,1760,-1,duplicate_of:TCGA_DU_8163_19961119_1,False,e19c8f9c385696e1,0,kaggle_3m/TCGA_DU_8163_19961119/TCGA_DU_8163_19961119_2_mask.tif,5
lgg_seg,lgg_seg,kaggle_3m/TCGA_DU_8163_19961119/TCGA_DU_8163_19961119_20.tif,TCGA_DU_8163_19961119_20,empty,p48,train,none,1772,-1,,False,e72c461c243cf6cb,0,kaggle_3m/TCGA_DU_8163_19961119/TCGA_DU_8163_19961119_20_mask.tif,5
lgg_seg,lgg_seg,kaggle_3m/TCGA_DU_8163_19961119/TCGA_DU_8163_19961119_21.tif,TCGA_DU_8163_19961119_21,empty,p48,train,none,1773,-1,,False,67a4471c2cbcb64b,0,kaggle_3m/TCGA_DU_8163_19961119/TCGA_DU_8163_19961119_21_mask.tif,5
lgg_seg,lgg_seg,kaggle_3m/TCGA_DU_8163_19961119/TCGA_DU_8163_19961119_22.tif,TCGA_DU_8163_19961119_22,empty,p48,train,none,1774,-1,,False,e334470c2ebcb64b,0,kaggle_3m/TCGA_DU_8163_19961119/TCGA_DU_8163_19961119_22_mask.tif,5
lgg_seg,lgg_seg,kaggle_3m/TCGA_DU_8163_19961119/TCGA_DU_8163_19961119_23.tif,TCGA_DU_8163_19961119_23,empty,p48,train,none,1775,-1,,False,6196473c2cbcb64b,0,kaggle_3m/TCGA_DU_8163_19961119/TCGA_DU_8163_19961119_23_mask.tif,5
lgg_seg,lgg_seg,kaggle_3m/TCGA_DU_8163_19961119/TCGA_DU_8163_19961119_24.tif,TCGA_DU_8163_19961119_24,empty,p48,train,none,1776,-1,,False,e3a6491c2d3cb6c3,0,kaggle_3m/TCGA_DU_8163_19961119/TCGA_DU_8163_19961119_24_mask.tif,5
lgg_seg,lgg_seg,kaggle_3m/TCGA_DU_8163_19961119/TCGA_DU_8163_19961119_25.tif,TCGA_DU_8163_19961119_25,empty,p48,train,none,1776,-1,duplicate_of:TCGA_DU_8163_19961119_24,False,c3a4cb1c2d3cb6c3,0,kaggle_3m/TCGA_DU_8163_19961119/TCGA_DU_8163_19961119_25_mask.tif,5
lgg_seg,lgg_seg,kaggle_3m/TCGA_DU_8163_19961119/TCGA_DU_8163_19961119_26.tif,TCGA_DU_8163_19961119_26,empty,p48,train,none,1778,-1,,False,c92cc31c2dbcb6c3,0,kaggle_3m/TCGA_DU_8163_19961119/TCGA_DU_8163_19961119_26_mask.tif,5
lgg_seg,lgg_seg,kaggle_3m/TCGA_DU_8163_19961119/TCGA_DU_8163_19961119_27.tif,TCGA_DU_8163_19961119_27,empty,p48,train,none,1779,-1,,False,f12cc38e0d3cb6c3,0,kaggle_3m/TCGA_DU_8163_19961119/TCGA_DU_8163_19961119_27_mask.tif,5
lgg_seg,lgg_seg,kaggle_3m/TCGA_DU_8163_19961119/TCGA_DU_8163_19961119_28.tif,TCGA_DU_8163_19961119_28,empty,p48,train,none,1780,-1,,False,f9a4c30c0d3cb6d3,0,kaggle_3m/TCGA_DU_8163_19961119/TCGA_DU_8163_19961119_28_mask.tif,5
lgg_seg,lgg_seg,kaggle_3m/TCGA_DU_8163_19961119/TCGA_DU_8163_19961119_29.tif,TCGA_DU_8163_19961119_29,empty,p48,train,none,1781,-1,,False,f92cc38c4d3c34d3,0,kaggle_3m/TCGA_DU_8163_19961119/TCGA_DU_8163_19961119_29_mask.tif,5
lgg_seg,lgg_seg,kaggle_3m/TCGA_DU_8163_19961119/TCGA_DU_8163_19961119_3.tif,TCGA_DU_8163_19961119_3,empty,p48,train,none,1760,-1,duplicate_of:TCGA_DU_8163_19961119_1,False,e19c8f9c2c5e94e1,0,kaggle_3m/TCGA_DU_8163_19961119/TCGA_DU_8163_19961119_3_mask.tif,5
lgg_seg,lgg_seg,kaggle_3m/TCGA_DU_8163_19961119/TCGA_DU_8163_19961119_30.tif,TCGA_DU_8163_19961119_30,empty,p48,train,none,1781,-1,duplicate_of:TCGA_DU_8163_19961119_29,False,b36cc38c4d3c34d3,0,kaggle_3m/TCGA_DU_8163_19961119/TCGA_DU_8163_19961119_30_mask.tif,5
lgg_seg,lgg_seg,kaggle_3m/TCGA_DU_8163_19961119/TCGA_DU_8163_19961119_31.tif,TCGA_DU_8163_19961119_31,empty,p48,train,none,1784,-1,,False,33ecd384c93c34d3,0,kaggle_3m/TCGA_DU_8163_19961119/TCGA_DU_8163_19961119_31_mask.tif,5
lgg_seg,lgg_seg,kaggle_3m/TCGA_DU_8163_19961119/TCGA_DU_8163_19961119_32.tif,TCGA_DU_8163_19961119_32,empty,p48,train,none,1785,-1,,False,33cb33ccc92c0cf3,0,kaggle_3m/TCGA_DU_8163_19961119/TCGA_DU_8163_19961119_32_mask.tif,5
lgg_seg,lgg_seg,kaggle_3m/TCGA_DU_8163_19961119/TCGA_DU_8163_19961119_33.tif,TCGA_DU_8163_19961119_33,empty,p48,train,none,1786,-1,,False,269b33cccb2c8c73,0,kaggle_3m/TCGA_DU_8163_19961119/TCGA_DU_8163_19961119_33_mask.tif,5
lgg_seg,lgg_seg,kaggle_3m/TCGA_DU_8163_19961119/TCGA_DU_8163_19961119_34.tif,TCGA_DU_8163_19961119_34,empty,p48,train,none,1787,-1,,False,cc9133c9d3cccc33,0,kaggle_3m/TCGA_DU_8163_19961119/TCGA_DU_8163_19961119_34_mask.tif,5
lgg_seg,lgg_seg,kaggle_3m/TCGA_DU_8163_19961119/TCGA_DU_8163_19961119_35.tif,TCGA_DU_8163_19961119_35,empty,p48,train,none,1788,-1,,False,cc98669933cecc33,0,kaggle_3m/TCGA_DU_8163_19961119/TCGA_DU_8163_19961119_35_mask.tif,5
lgg_seg,lgg_seg,kaggle_3m/TCGA_DU_8163_19961119/TCGA_DU_8163_19961119_36.tif,TCGA_DU_8163_19961119_36,empty,p48,train,none,1789,-1,,False,dbca33f79b02f85a,0,kaggle_3m/TCGA_DU_8163_19961119/TCGA_DU_8163_19961119_36_mask.tif,5
lgg_seg,lgg_seg,kaggle_3m/TCGA_DU_8163_19961119/TCGA_DU_8163_19961119_37.tif,TCGA_DU_8163_19961119_37,empty,p48,train,none,1790,-1,,False,93651f4941d9882e,0,kaggle_3m/TCGA_DU_8163_19961119/TCGA_DU_8163_19961119_37_mask.tif,5
lgg_seg,lgg_seg,kaggle_3m/TCGA_DU_8163_19961119/TCGA_DU_8163_19961119_4.tif,TCGA_DU_8163_19961119_4,empty,p48,train,none,1791,-1,,False,698c87bc2c5696e9,0,kaggle_3m/TCGA_DU_8163_19961119/TCGA_DU_8163_19961119_4_mask.tif,5
lgg_seg,lgg_seg,kaggle_3m/TCGA_DU_8163_19961119/TCGA_DU_8163_19961119_5.tif,TCGA_DU_8163_19961119_5,empty,p48,train,none,1792,-1,,False,e90e879c3c569669,0,kaggle_3m/TCGA_DU_8163_19961119/TCGA_DU_8163_19961119_5_mask.tif,5
lgg_seg,lgg_seg,kaggle_3m/TCGA_DU_8163_19961119/TCGA_DU_8163_19961119_6.tif,TCGA_DU_8163_19961119_6,empty,p48,train,none,1793,-1,,False,689e879c3856a6e9,0,kaggle_3m/TCGA_DU_8163_19961119/TCGA_DU_8163_19961119_6_mask.tif,5
lgg_seg,lgg_seg,kaggle_3m/TCGA_DU_8163_19961119/TCGA_DU_8163_19961119_7.tif,TCGA_DU_8163_19961119_7,empty,p48,train,none,1793,-1,duplicate_of:TCGA_DU_8163_19961119_6,False,489e873c3856b6e9,0,kaggle_3m/TCGA_DU_8163_19961119/TCGA_DU_8163_19961119_7_mask.tif,5
lgg_seg,lgg_seg,kaggle_3m/TCGA_DU_8163_19961119/TCGA_DU_8163_19961119_8.tif,TCGA_DU_8163_19961119_8,empty,p48,train,none,1795,-1,,False,4e96e71c1856b6c9,0,kaggle_3m/TCGA_DU_8163_19961119/TCGA_DU_8163_19961119_8_mask.tif,5
lgg_seg,lgg_seg,kaggle_3m/TCGA_DU_8163_19961119/TCGA_DU_8163_19961119_9.tif,TCGA_DU_8163_19961119_9,empty,p48,train,none,1761,-1,duplicate_of:TCGA_DU_8163_19961119_10,False,6686c79c385eb689,0,kaggle_3m/TCGA_DU_8163_19961119/TCGA_DU_8163_19961119_9_mask.tif,5
lgg_seg,lgg_seg,kaggle_3m/TCGA_DU_8164_19970111/TCGA_DU_8164_19970111_1.tif,TCGA_DU_8164_19970111_1,empty,p6,train,none,1797,-1,,False,69c68bac193ea6c3,0,kaggle_3m/TCGA_DU_8164_19970111/TCGA_DU_8164_19970111_1_mask.tif,2
lgg_seg,lgg_seg,kaggle_3m/TCGA_DU_8164_19970111/TCGA_DU_8164_19970111_10.tif,TCGA_DU_8164_19970111_10,empty,p6,train,none,1798,-1,,False,64ccc9343c7cb6c3,0,kaggle_3m/TCGA_DU_8164_19970111/TCGA_DU_8164_19970111_10_mask.tif,2
lgg_seg,lgg_seg,kaggle_3m/TCGA_DU_8164_19970111/TCGA_DU_8164_19970111_11.tif,TCGA_DU_8164_19970111_11,empty,p6,train,none,1799,-1,,False,e0cecb9c3c749683,0,kaggle_3m/TCGA_DU_8164_19970111/TCGA_DU_8164_19970111_11_mask.tif,2
lgg_seg,lgg_seg,kaggle_3m/TCGA_DU_8164_19970111/TCGA_DU_8164_19970111_12.tif,TCGA_DU_8164_19970111_12,empty,p6,train,none,941,-1,duplicate_of:TCGA_DU_6405_19851005_20,False,d1cc4d0c3c3cf6c3,0,kaggle_3m/TCGA_DU_8164_19970111/TCGA_DU_8164_19970111_12_mask.tif,2
lgg_seg,lgg_seg,kaggle_3m/TCGA_DU_8164_19970111/TCGA_DU_8164_19970111_13.tif,TCGA_DU_8164_19970111_13,empty,p6,train,none,1801,-1,,False,d94e4d2c3cb4e649,0,kaggle_3m/TCGA_DU_8164_19970111/TCGA_DU_8164_19970111_13_mask.tif,2
lgg_seg,lgg_seg,kaggle_3m/TCGA_DU_8164_19970111/TCGA_DU_8164_19970111_14.tif,TCGA_DU_8164_19970111_14,empty,p6,train,none,1802,-1,,False,c90e4d3c2cb4f64b,0,kaggle_3m/TCGA_DU_8164_19970111/TCGA_DU_8164_19970111_14_mask.tif,2
lgg_seg,lgg_seg,kaggle_3m/TCGA_DU_8164_19970111/TCGA_DU_8164_19970111_15.tif,TCGA_DU_8164_19970111_15,empty,p6,train,none,10,-1,duplicate_of:TCGA_CS_4941_19960909_19,False,c9cc4c3c2db4f643,0,kaggle_3m/TCGA_DU_8164_19970111/TCGA_DU_8164_19970111_15_mask.tif,2
lgg_seg,lgg_seg,kaggle_3m/TCGA_DU_8164_19970111/TCGA_DU_8164_19970111_16.tif,TCGA_DU_8164_19970111_16,empty,p6,train,none,10,-1,duplicate_of:TCGA_CS_4941_19960909_19,False,c98c0c3c2dbcf6c3,0,kaggle_3m/TCGA_DU_8164_19970111/TCGA_DU_8164_19970111_16_mask.tif,2
lgg_seg,lgg_seg,kaggle_3m/TCGA_DU_8164_19970111/TCGA_DU_8164_19970111_17.tif,TCGA_DU_8164_19970111_17,empty,p6,train,none,1805,-1,,False,690e2d3c2db4d6c3,0,kaggle_3m/TCGA_DU_8164_19970111/TCGA_DU_8164_19970111_17_mask.tif,2
lgg_seg,lgg_seg,kaggle_3m/TCGA_DU_8164_19970111/TCGA_DU_8164_19970111_18.tif,TCGA_DU_8164_19970111_18,empty,p6,train,none,1806,-1,,False,d90e891c2dbcf643,0,kaggle_3m/TCGA_DU_8164_19970111/TCGA_DU_8164_19970111_18_mask.tif,2
lgg_seg,lgg_seg,kaggle_3m/TCGA_DU_8164_19970111/TCGA_DU_8164_19970111_19.tif,TCGA_DU_8164_19970111_19,empty,p6,train,none,10,-1,duplicate_of:TCGA_CS_4941_19960909_19,False,cb8ec91c2d3cb643,0,kaggle_3m/TCGA_DU_8164_19970111/TCGA_DU_8164_19970111_19_mask.tif,2
lgg_seg,lgg_seg,kaggle_3m/TCGA_DU_8164_19970111/TCGA_DU_8164_19970111_2.tif,TCGA_DU_8164_19970111_2,empty,p6,train,none,1808,-1,,False,698e89ac5936a6e3,0,kaggle_3m/TCGA_DU_8164_19970111/TCGA_DU_8164_19970111_2_mask.tif,2
lgg_seg,lgg_seg,kaggle_3m/TCGA_DU_8164_19970111/TCGA_DU_8164_19970111_20.tif,TCGA_DU_8164_19970111_20,tumor,p6,train,none,10,-1,duplicate_of:TCGA_CS_5396_20010302_19,False,498ecd1c2dbcb643,712,kaggle_3m/TCGA_DU_8164_19970111/TCGA_DU_8164_19970111_20_mask.tif,2
lgg_seg,lgg_seg,kaggle_3m/TCGA_DU_8164_19970111/TCGA_DU_8164_19970111_21.tif,TCGA_DU_8164_19970111_21,tumor,p6,train,none,10,-1,duplicate_of:TCGA_CS_5396_20010302_19,False,c9cec90c2dbcb643,2715,kaggle_3m/TCGA_DU_8164_19970111/TCGA_DU_8164_19970111_21_mask.tif,2
lgg_seg,lgg_seg,kaggle_3m/TCGA_DU_8164_19970111/TCGA_DU_8164_19970111_22.tif,TCGA_DU_8164_19970111_22,tumor,p6,train,none,10,-1,duplicate_of:TCGA_CS_5396_20010302_19,False,69cec90c2d3cb663,3933,kaggle_3m/TCGA_DU_8164_19970111/TCGA_DU_8164_19970111_22_mask.tif,2
lgg_seg,lgg_seg,kaggle_3m/TCGA_DU_8164_19970111/TCGA_DU_8164_19970111_23.tif,TCGA_DU_8164_19970111_23,tumor,p6,train,none,1812,-1,,False,718ecb0c2d3cb6c3,2961,kaggle_3m/TCGA_DU_8164_19970111/TCGA_DU_8164_19970111_23_mask.tif,2
lgg_seg,lgg_seg,kaggle_3m/TCGA_DU_8164_19970111/TCGA_DU_8164_19970111_24.tif,TCGA_DU_8164_19970111_24,tumor,p6,train,none,1812,-1,duplicate_of:TCGA_DU_8164_19970111_23,False,71c4cb8c2d3cb6c3,3143,kaggle_3m/TCGA_DU_8164_19970111/TCGA_DU_8164_19970111_24_mask.tif,2
lgg_seg,lgg_seg,kaggle_3m/TCGA_DU_8164_19970111/TCGA_DU_8164_19970111_25.tif,TCGA_DU_8164_19970111_25,tumor,p6,train,none,1812,-1,duplicate_of:TCGA_DU_8164_19970111_23,False,71c6cb0c2d3cb6c3,3093,kaggle_3m/TCGA_DU_8164_19970111/TCGA_DU_8164_19970111_25_mask.tif,2
lgg_seg,lgg_seg,kaggle_3m/TCGA_DU_8164_19970111/TCGA_DU_8164_19970111_26.tif,TCGA_DU_8164_19970111_26,tumor,p6,train,none,1812,-1,duplicate_of:TCGA_DU_8164_19970111_23,False,71c4cb8c2d3cb6c3,3023,kaggle_3m/TCGA_DU_8164_19970111/TCGA_DU_8164_19970111_26_mask.tif,2
lgg_seg,lgg_seg,kaggle_3m/TCGA_DU_8164_19970111/TCGA_DU_8164_19970111_27.tif,TCGA_DU_8164_19970111_27,tumor,p6,train,none,1816,-1,,False,7966c38c0d3c36d3,2614,kaggle_3m/TCGA_DU_8164_19970111/TCGA_DU_8164_19970111_27_mask.tif,2
lgg_seg,lgg_seg,kaggle_3m/TCGA_DU_8164_19970111/TCGA_DU_8164_19970111_28.tif,TCGA_DU_8164_19970111_28,tumor,p6,train,none,10,-1,duplicate_of:TCGA_CS_5396_20010302_19,False,3366c38c493c36f3,2077,kaggle_3m/TCGA_DU_8164_19970111/TCGA_DU_8164_19970111_28_mask.tif,2
lgg_seg,lgg_seg,kaggle_3m/TCGA_DU_8164_19970111/TCGA_DU_8164_19970111_29.tif,TCGA_DU_8164_19970111_29,tumor,p6,train,none,1818,-1,,False,3347d34c491c36f3,1613,kaggle_3m/TCGA_DU_8164_19970111/TCGA_DU_8164_19970111_29_mask.tif,2
lgg_seg,lgg_seg,kaggle_3m/TCGA_DU_8164_19970111/TCGA_DU_8164_19970111_3.tif,TCGA_DU_8164_19970111_3,empty,p6,train,none,1808,-1,duplicate_of:TCGA_DU_8164_19970111_2,False,698e89ac2d36a6e3,0,kaggle_3m/TCGA_DU_8164_19970111/TCGA_DU_8164_19970111_3_mask.tif,2
lgg_seg,lgg_seg,kaggle_3m/TCGA_DU_8164_19970111/TCGA_DU_8164_19970111_30.tif,TCGA_DU_8164_19970111_30,tumor,p6,train,none,1820,-1,,False,31c3d364c99c3673,1337,kaggle_3m/TCGA_DU_8164_19970111/TCGA_DU_8164_19970111_30_mask.tif,2
lgg_seg,lgg_seg,kaggle_3m/TCGA_DU_8164_19970111/TCGA_DU_8164_19970111_31.tif,TCGA_DU_8164_19970111_31,tumor,p6,train,none,1821,-1,,False,18d3f364c98c3673,747,kaggle_3m/TCGA_DU_8164_19970111/TCGA_DU_8164_19970111_31_mask.tif,2
lgg_seg,lgg_seg,kaggle_3m/TCGA_DU_8164_19970111/TCGA_DU_8164_19970111_32.tif,TCGA_DU_8164_19970111_32,tumor,p6,train,none,1822,-1,,False,3c9bb366c98c2473,198,kaggle_3m/TCGA_DU_8164_19970111/TCGA_DU_8164_19970111_32_mask.tif,2
lgg_seg,lgg_seg,kaggle_3m/TCGA_DU_8164_19970111/TCGA_DU_8164_19970111_33.tif,TCGA_DU_8164_19970111_33,empty,p6,train,none,975,-1,duplicate_of:TCGA_DU_6405_19851005_51,False,cc3333e3d90c26b3,0,kaggle_3m/TCGA_DU_8164_19970111/TCGA_DU_8164_19970111_33_mask.tif,2
lgg_seg,lgg_seg,kaggle_3m/TCGA_DU_8164_19970111/TCGA_DU_8164_19970111_34.tif,TCGA_DU_8164_19970111_34,empty,p6,train,none,1672,-1,duplicate_of:TCGA_DU_7306_19930512_38,False,cc99663399cc6633,0,kaggle_3m/TCGA_DU_8164_19970111/TCGA_DU_8164_19970111_34_mask.tif,2
lgg_seg,lgg_seg,kaggle_3m/TCGA_DU_8164_19970111/TCGA_DU_8164_19970111_35.tif,TCGA_DU_8164_19970111_35,empty,p6,train,none,139,-1,duplicate_of:TCGA_CS_5396_20010302_24,False,338cce3333cccc33,0,kaggle_3m/TCGA_DU_8164_19970111/TCGA_DU_8164_19970111_35_mask.tif,2
lgg_seg,lgg_seg,kaggle_3m/TCGA_DU_8164_19970111/TCGA_DU_8164_19970111_36.tif,TCGA_DU_8164_19970111_36,empty,p6,train,none,1826,-1,,False,a9ad909a91453e3a,0,kaggle_3m/TCGA_DU_8164_19970111/TCGA_DU_8164_19970111_36_mask.tif,2
lgg_seg,lgg_seg,kaggle_3m/TCGA_DU_8164_19970111/TCGA_DU_8164_19970111_37.tif,TCGA_DU_8164_19970111_37,empty,p6,train,none,1827,-1,,False,b4da1d5cd0a454d8,0,kaggle_3m/TCGA_DU_8164_19970111/TCGA_DU_8164_19970111_37_mask.tif,2
lgg_seg,lgg_seg,kaggle_3m/TCGA_DU_8164_19970111/TCGA_DU_8164_19970111_4.tif,TCGA_DU_8164_19970111_4,empty,p6,train,none,1828,-1,,False,c98e89ac2d1eb663,0,kaggle_3m/TCGA_DU_8164_19970111/TCGA_DU_8164_19970111_4_mask.tif,2
lgg_seg,lgg_seg,kaggle_3m/TCGA_DU_8164_19970111/TCGA_DU_8164_19970111_5.tif,TCGA_DU_8164_19970111_5,empty,p6,train,none,1829,-1,,False,d98e09bc2c36b663,0,kaggle_3m/TCGA_DU_8164_19970111/TCGA_DU_8164_19970111_5_mask.tif,2
lgg_seg,lgg_seg,kaggle_3m/TCGA_DU_8164_19970111/TCGA_DU_8164_19970111_6.tif,TCGA_DU_8164_19970111_6,empty,p6,train,none,1830,-1,,False,d98c0d3c3436b6cb,0,kaggle_3m/TCGA_DU_8164_19970111/TCGA_DU_8164_19970111_6_mask.tif,2
lgg_seg,lgg_seg,kaggle_3m/TCGA_DU_8164_19970111/TCGA_DU_8164_19970111_7.tif,TCGA_DU_8164_19970111_7,empty,p6,train,none,1831,-1,,False,d98c4d9c3c34b64b,0,kaggle_3m/TCGA_DU_8164_19970111/TCGA_DU_8164_19970111_7_mask.tif,2
lgg_seg,lgg_seg,kaggle_3m/TCGA_DU_8164_19970111/TCGA_DU_8164_19970111_8.tif,TCGA_DU_8164_19970111_8,empty,p6,train,none,1832,-1,,False,d98c4bb63c34964b,0,kaggle_3m/TCGA_DU_8164_19970111/TCGA_DU_8164_19970111_8_mask.tif,2
lgg_seg,lgg_seg,kaggle_3m/TCGA_DU_8164_19970111/TCGA_DU_8164_19970111_9.tif,TCGA_DU_8164_19970111_9,empty,p6,train,none,1833,-1,,False,ec8c4bb43d34964b,0,kaggle_3m/TCGA_DU_8164_19970111/TCGA_DU_8164_19970111_9_mask.tif,2
lgg_seg,lgg_seg,kaggle_3m/TCGA_DU_8165_19970205/TCGA_DU_8165_19970205_1.tif,TCGA_DU_8165_19970205_1,empty,p50,train,none,1834,-1,,False,99e3532c69969669,0,kaggle_3m/TCGA_DU_8165_19970205/TCGA_DU_8165_19970205_1_mask.tif,6
lgg_seg,lgg_seg,kaggle_3m/TCGA_DU_8165_19970205/TCGA_DU_8165_19970205_10.tif,TCGA_DU_8165_19970205_10,empty,p50,train,none,1835,-1,,False,99c6630e9c96e669,0,kaggle_3m/TCGA_DU_8165_19970205/TCGA_DU_8165_19970205_10_mask.tif,6
lgg_seg,lgg_seg,kaggle_3m/TCGA_DU_8165_19970205/TCGA_DU_8165_19970205_11.tif,TCGA_DU_8165_19970205_11,empty,p50,train,none,1836,-1,,False,19c7690ebc966669,0,kaggle_3m/TCGA_DU_8165_19970205/TCGA_DU_8165_19970205_11_mask.tif,6
lgg_seg,lgg_seg,kaggle_3m/TCGA_DU_8165_19970205/TCGA_DU_8165_19970205_12.tif,TCGA_DU_8165_19970205_12,tumor,p50,train,none,1837,-1,,False,9987698ebc1666c9,211,kaggle_3m/TCGA_DU_8165_19970205/TCGA_DU_8165_19970205_12_mask.tif,6
lgg_seg,lgg_seg,kaggle_3m/TCGA_DU_8165_19970205/TCGA_DU_8165_19970205_13.tif,TCGA_DU_8165_19970205_13,tumor,p50,train,none,1838,-1,,False,59866986bc1e66e9,430,kaggle_3m/TCGA_DU_8165_19970205/TCGA_DU_8165_19970205_13_mask.tif,6
lgg_seg,lgg_seg,kaggle_3m/TCGA_DU_8165_19970205/TCGA_DU_8165_19970205_14.tif,TCGA_DU_8165_19970205_14,tumor,p50,train,none,1839,-1,,False,798e6986b41cc6e9,582,kaggle_3m/TCGA_DU_8165_19970205/TCGA_DU_8165_19970205_14_mask.tif,6
lgg_seg,lgg_seg,kaggle_3m/TCGA_DU_8165_19970205/TCGA_DU_8165_19970205_15.tif,TCGA_DU_8165_19970205_15,tumor,p50,train,none,1840,-1,,False,69966986ad1ec669,400,kaggle_3m/TCGA_DU_8165_19970205/TCGA_DU_8165_19970205_15_mask.tif,6
lgg_seg,lgg_seg,kaggle_3m/TCGA_DU_8165_19970205/TCGA_DU_8165_19970205_16.tif,TCGA_DU_8165_19970205_16,tumor,p50,train,none,451,-1,,False,69864906ad1ef6e9,247,kaggle_3m/TCGA_DU_8165_19970205/TCGA_DU_8165_19970205_16_mask.tif,6
lgg_seg,lgg_seg,kaggle_3m/TCGA_DU_8165_19970205/TCGA_DU_8165_19970205_17.tif,TCGA_DU_8165_19970205_17,empty,p50,train,none,73,-1,duplicate_of:TCGA_CS_4944_20010208_19,False,59e64986e51e9669,0,kaggle_3m/TCGA_DU_8165_19970205/TCGA_DU_8165_19970205_17_mask.tif,6
lgg_seg,lgg_seg,kaggle_3m/TCGA_DU_8165_19970205/TCGA_DU_8165_19970205_18.tif,TCGA_DU_8165_19970205_18,empty,p50,train,none,73,-1,duplicate_of:TCGA_CS_4944_20010208_19,False,59e64986659e9669,0,kaggle_3m/TCGA_DU_8165_19970205/TCGA_DU_8165_19970205_18_mask.tif,6
lgg_seg,lgg_seg,kaggle_3m/TCGA_DU_8165_19970205/TCGA_DU_8165_19970205_19.tif,TCGA_DU_8165_19970205_19,empty,p50,train,none,73,-1,duplicate_of:TCGA_CS_4944_20010208_19,False,596649866d9e9669,0,kaggle_3m/TCGA_DU_8165_19970205/TCGA_DU_8165_19970205_19_mask.tif,6
lgg_seg,lgg_seg,kaggle_3m/TCGA_DU_8165_19970205/TCGA_DU_8165_19970205_2.tif,TCGA_DU_8165_19970205_2,empty,p50,train,none,1845,-1,,False,b16353a4e9961679,0,kaggle_3m/TCGA_DU_8165_19970205/TCGA_DU_8165_19970205_2_mask.tif,6
lgg_seg,lgg_seg,kaggle_3m/TCGA_DU_8165_19970205/TCGA_DU_8165_19970205_20.tif,TCGA_DU_8165_19970205_20,empty,p50,train,none,73,-1,duplicate_of:TCGA_CS_4944_20010208_19,False,59e64986ad1e9669,0,kaggle_3m/TCGA_DU_8165_19970205/TCGA_DU_8165_19970205_20_mask.tif,6
lgg_seg,lgg_seg,kaggle_3m/TCGA_DU_8165_19970205/TCGA_DU_8165_19970205_21.tif,TCGA_DU_8165_19970205_21,empty,p50,train,none,73,-1,duplicate_of:TCGA_CS_4944_20010208_19,False,59e64986ad1e9669,0,kaggle_3m/TCGA_DU_8165_19970205/TCGA_DU_8165_19970205_21_mask.tif,6
lgg_seg,lgg_seg,kaggle_3m/TCGA_DU_8165_19970205/TCGA_DU_8165_19970205_22.tif,TCGA_DU_8165_19970205_22,empty,p50,train,none,73,-1,duplicate_of:TCGA_CS_4944_20010208_19,False,59c64986ed1e9669,0,kaggle_3m/TCGA_DU_8165_19970205/TCGA_DU_8165_19970205_22_mask.tif,6
lgg_seg,lgg_seg,kaggle_3m/TCGA_DU_8165_19970205/TCGA_DU_8165_19970205_23.tif,TCGA_DU_8165_19970205_23,empty,p50,train,none,73,-1,duplicate_of:TCGA_CS_4944_20010208_19,False,59c649866d1e9679,0,kaggle_3m/TCGA_DU_8165_19970205/TCGA_DU_8165_19970205_23_mask.tif,6
lgg_seg,lgg_seg,kaggle_3m/TCGA_DU_8165_19970205/TCGA_DU_8165_19970205_24.tif,TCGA_DU_8165_19970205_24,empty,p50,train,none,73,-1,duplicate_of:TCGA_CS_4944_20010208_19,False,59c649866d1e9679,0,kaggle_3m/TCGA_DU_8165_19970205/TCGA_DU_8165_19970205_24_mask.tif,6
lgg_seg,lgg_seg,kaggle_3m/TCGA_DU_8165_19970205/TCGA_DU_8165_19970205_25.tif,TCGA_DU_8165_19970205_25,empty,p50,train,none,73,-1,duplicate_of:TCGA_CS_4944_20010208_19,False,19e659866d169679,0,kaggle_3m/TCGA_DU_8165_19970205/TCGA_DU_8165_19970205_25_mask.tif,6
lgg_seg,lgg_seg,kaggle_3m/TCGA_DU_8165_19970205/TCGA_DU_8165_19970205_26.tif,TCGA_DU_8165_19970205_26,empty,p50,train,none,73,-1,duplicate_of:TCGA_CS_4944_20010208_19,False,19e659866d169679,0,kaggle_3m/TCGA_DU_8165_19970205/TCGA_DU_8165_19970205_26_mask.tif,6
lgg_seg,lgg_seg,kaggle_3m/TCGA_DU_8165_19970205/TCGA_DU_8165_19970205_27.tif,TCGA_DU_8165_19970205_27,empty,p50,train,none,73,-1,duplicate_of:TCGA_CS_4944_20010208_19,False,1be6598669169679,0,kaggle_3m/TCGA_DU_8165_19970205/TCGA_DU_8165_19970205_27_mask.tif,6
lgg_seg,lgg_seg,kaggle_3m/TCGA_DU_8165_19970205/TCGA_DU_8165_19970205_28.tif,TCGA_DU_8165_19970205_28,empty,p50,train,none,73,-1,duplicate_of:TCGA_CS_4944_20010208_19,False,99e4598669969679,0,kaggle_3m/TCGA_DU_8165_19970205/TCGA_DU_8165_19970205_28_mask.tif,6
lgg_seg,lgg_seg,kaggle_3m/TCGA_DU_8165_19970205/TCGA_DU_8165_19970205_29.tif,TCGA_DU_8165_19970205_29,empty,p50,train,none,73,-1,duplicate_of:TCGA_CS_4944_20010208_19,False,996359c669169679,0,kaggle_3m/TCGA_DU_8165_19970205/TCGA_DU_8165_19970205_29_mask.tif,6
lgg_seg,lgg_seg,kaggle_3m/TCGA_DU_8165_19970205/TCGA_DU_8165_19970205_3.tif,TCGA_DU_8165_19970205_3,empty,p50,train,none,1856,-1,,False,31655ba4ed961669,0,kaggle_3m/TCGA_DU_8165_19970205/TCGA_DU_8165_19970205_3_mask.tif,6
lgg_seg,lgg_seg,kaggle_3m/TCGA_DU_8165_19970205/TCGA_DU_8165_19970205_30.tif,TCGA_DU_8165_19970205_30,empty,p50,train,none,73,-1,duplicate_of:TCGA_CS_4944_20010208_19,False,9b6159c669869679,0,kaggle_3m/TCGA_DU_8165_19970205/TCGA_DU_8165_19970205_30_mask.tif,6
lgg_seg,lgg_seg,kaggle_3m/TCGA_DU_8165_19970205/TCGA_DU_8165_19970205_31.tif,TCGA_DU_8165_19970205_31,empty,p50,train,none,73,-1,duplicate_of:TCGA_CS_4944_20010208_19,False,963199e669869679,0,kaggle_3m/TCGA_DU_8165_19970205/TCGA_DU_8165_19970205_31_mask.tif,6
lgg_seg,lgg_seg,kaggle_3m/TCGA_DU_8165_19970205/TCGA_DU_8165_19970205_32.tif,TCGA_DU_8165_19970205_32,empty,p50,train,none,73,-1,duplicate_of:TCGA_CS_4944_20010208_19,False,66399b6669868679,0,kaggle_3m/TCGA_DU_8165_19970205/TCGA_DU_8165_19970205_32_mask.tif,6
lgg_seg,lgg_seg,kaggle_3m/TCGA_DU_8165_19970205/TCGA_DU_8165_19970205_33.tif,TCGA_DU_8165_19970205_33,empty,p50,train,none,1860,-1,,False,6649967379a6a619,0,kaggle_3m/TCGA_DU_8165_19970205/TCGA_DU_8165_19970205_33_mask.tif,6
lgg_seg,lgg_seg,kaggle_3m/TCGA_DU_8165_19970205/TCGA_DU_8165_19970205_34.tif,TCGA_DU_8165_19970205_34,empty,p50,train,none,1861,-1,,False,7159e69919666699,0,kaggle_3m/TCGA_DU_8165_19970205/TCGA_DU_8165_19970205_34_mask.tif,6
lgg_seg,lgg_seg,kaggle_3m/TCGA_DU_8165_19970205/TCGA_DU_8165_19970205_35.tif,TCGA_DU_8165_19970205_35,empty,p50,train,none,1862,-1,,False,a1b8155bf99aca80,0,kaggle_3m/TCGA_DU_8165_19970205/TCGA_DU_8165_19970205_35_mask.tif,6
lgg_seg,lgg_seg,kaggle_3m/TCGA_DU_8165_19970205/TCGA_DU_8165_19970205_36.tif,TCGA_DU_8165_19970205_36,empty,p50,train,none,1863,-1,,False,1bb76cfdd27d0e44,0,kaggle_3m/TCGA_DU_8165_19970205/TCGA_DU_8165_19970205_36_mask.tif,6
lgg_seg,lgg_seg,kaggle_3m/TCGA_DU_8165_19970205/TCGA_DU_8165_19970205_4.tif,TCGA_DU_8165_19970205_4,empty,p50,train,none,1864,-1,,False,666c5ba4a9969669,0,kaggle_3m/TCGA_DU_8165_19970205/TCGA_DU_8165_19970205_4_mask.tif,6
lgg_seg,lgg_seg,kaggle_3m/TCGA_DU_8165_19970205/TCGA_DU_8165_19970205_5.tif,TCGA_DU_8165_19970205_5,empty,p50,train,none,1864,-1,duplicate_of:TCGA_DU_8165_19970205_4,False,676c5b2469969669,0,kaggle_3m/TCGA_DU_8165_19970205/TCGA_DU_8165_19970205_5_mask.tif,6
lgg_seg,lgg_seg,kaggle_3m/TCGA_DU_8165_19970205/TCGA_DU_8165_19970205_6.tif,TCGA_DU_8165_19970205_6,empty,p50,train,none,1866,-1,,False,7266c9a6699e8669,0,kaggle_3m/TCGA_DU_8165_19970205/TCGA_DU_8165_19970205_6_mask.tif,6
lgg_seg,lgg_seg,kaggle_3m/TCGA_DU_8165_19970205/TCGA_DU_8165_19970205_7.tif,TCGA_DU_8165_19970205_7,empty,p50,train,none,1867,-1,,False,196669a6799e8669,0,kaggle_3m/TCGA_DU_8165_19970205/TCGA_DU_8165_19970205_7_mask.tif,6
lgg_seg,lgg_seg,kaggle_3m/TCGA_DU_8165_19970205/TCGA_DU_8165_19970205_8.tif,TCGA_DU_8165_19970205_8,empty,p50,train,none,1868,-1,,False,59c663ac3996a669,0,kaggle_3m/TCGA_DU_8165_19970205/TCGA_DU_8165_19970205_8_mask.tif,6
lgg_seg,lgg_seg,kaggle_3m/TCGA_DU_8165_19970205/TCGA_DU_8165_19970205_9.tif,TCGA_DU_8165_19970205_9,empty,p50,train,none,1869,-1,,False,59c6630cbc16e6e9,0,kaggle_3m/TCGA_DU_8165_19970205/TCGA_DU_8165_19970205_9_mask.tif,6
lgg_seg,lgg_seg,kaggle_3m/TCGA_DU_8166_19970322/TCGA_DU_8166_19970322_1.tif,TCGA_DU_8166_19970322_1,empty,p51,train,none,1870,-1,,False,66c699863c966769,0,kaggle_3m/TCGA_DU_8166_19970322/TCGA_DU_8166_19970322_1_mask.tif,5
lgg_seg,lgg_seg,kaggle_3m/TCGA_DU_8166_19970322/TCGA_DU_8166_19970322_10.tif,TCGA_DU_8166_19970322_10,empty,p51,train,none,1871,-1,,False,91c76b86385e86e9,0,kaggle_3m/TCGA_DU_8166_19970322/TCGA_DU_8166_19970322_10_mask.tif,5
lgg_seg,lgg_seg,kaggle_3m/TCGA_DU_8166_19970322/TCGA_DU_8166_19970322_11.tif,TCGA_DU_8166_19970322_11,empty,p51,train,none,1872,-1,,False,b3e769861896a669,0,kaggle_3m/TCGA_DU_8166_19970322/TCGA_DU_8166_19970322_11_mask.tif,5
lgg_seg,lgg_seg,kaggle_3m/TCGA_DU_8166_19970322/TCGA_DU_8166_19970322_12.tif,TCGA_DU_8166_19970322_12,empty,p51,train,none,1873,-1,,False,e9a64e869816e769,0,kaggle_3m/TCGA_DU_8166_19970322/TCGA_DU_8166_19970322_12_mask.tif,5
lgg_seg,lgg_seg,kaggle_3m/TCGA_DU_8166_19970322/TCGA_DU_8166_19970322_13.tif,TCGA_DU_8166_19970322_13,empty,p51,train,none,1874,-1,,False,a3a69e861e16e369,0,kaggle_3m/TCGA_DU_8166_19970322/TCGA_DU_8166_19970322_13_mask.tif,5
lgg_seg,lgg_seg,kaggle_3m/TCGA_DU_8166_19970322/TCGA_DU_8166_19970322_14.tif,TCGA_DU_8166_19970322_14,empty,p51,train,none,1875,-1,,False,878678866f1e9a69,0,kaggle_3m/TCGA_DU_8166_19970322/TCGA_DU_8166_19970322_14_mask.tif,5
lgg_seg,lgg_seg,kaggle_3m/TCGA_DU_8166_19970322/TCGA_DU_8166_19970322_15.tif,TCGA_DU_8166_19970322_15,empty,p51,train,none,1876,-1,,False,9fc6588627169ae9,0,kaggle_3m/TCGA_DU_8166_19970322/TCGA_DU_8166_19970322_15_mask.tif,5
lgg_seg,lgg_seg,kaggle_3m/TCGA_DU_8166_19970322/TCGA_DU_8166_19970322_16.tif,TCGA_DU_8166_19970322_16,empty,p51,train,none,1877,-1,,False,9ec658a6a7165a69,0,kaggle_3m/TCGA_DU_8166_19970322/TCGA_DU_8166_19970322_16_mask.tif,5
lgg_seg,lgg_seg,kaggle_3m/TCGA_DU_8166_19970322/TCGA_DU_8166_19970322_17.tif,TCGA_DU_8166_19970322_17,empty,p51,train,none,1878,-1,,False,d8e658a6a7167269,0,kaggle_3m/TCGA_DU_8166_19970322/TCGA_DU_8166_19970322_17_mask.tif,5
lgg_seg,lgg_seg,kaggle_3m/TCGA_DU_8166_19970322/TCGA_DU_8166_19970322_18.tif,TCGA_DU_8166_19970322_18,empty,p51,train,none,1879,-1,,False,bc6658a6a7167869,0,kaggle_3m/TCGA_DU_8166_19970322/TCGA_DU_8166_19970322_18_mask.tif,5
lgg_seg,lgg_seg,kaggle_3m/TCGA_DU_8166_19970322/TCGA_DU_8166_19970322_19.tif,TCGA_DU_8166_19970322_19,tumor,p51,train,none,1880,-1,,False,9ce6d886271678e9,1087,kaggle_3m/TCGA_DU_8166_19970322/TCGA_DU_8166_19970322_19_mask.tif,5
lgg_seg,lgg_seg,kaggle_3m/TCGA_DU_8166_19970322/TCGA_DU_8166_19970322_2.tif,TCGA_DU_8166_19970322_2,empty,p51,train,none,1881,-1,,False,56c69b863816e769,0,kaggle_3m/TCGA_DU_8166_19970322/TCGA_DU_8166_19970322_2_mask.tif,5
lgg_seg,lgg_seg,kaggle_3m/TCGA_DU_8166_19970322/TCGA_DU_8166_19970322_20.tif,TCGA_DU_8166_19970322_20,tumor,p51,train,none,1882,-1,,False,34ced9a42716d8e9,1425,kaggle_3m/TCGA_DU_8166_19970322/TCGA_DU_8166_19970322_20_mask.tif,5
lgg_seg,lgg_seg,kaggle_3m/TCGA_DU_8166_19970322/TCGA_DU_8166_19970322_21.tif,TCGA_DU_8166_19970322_21,tumor,p51,train,none,1876,-1,,False,b6c658862716dae9,2131,kaggle_3m/TCGA_DU_8166_19970322/TCGA_DU_8166_19970322_21_mask.tif,5
lgg_seg,lgg_seg,kaggle_3m/TCGA_DU_8166_19970322/TCGA_DU_8166_19970322_22.tif,TCGA_DU_8166_19970322_22,tumor,p51,train,none,1876,-1,duplicate_of:TCGA_DU_8166_19970322_21,False,96e658862536dae9,2767,kaggle_3m/TCGA_DU_8166_19970322/TCGA_DU_8166_19970322_22_mask.tif,5
lgg_seg,lgg_seg,kaggle_3m/TCGA_DU_8166_19970322/TCGA_DU_8166_19970322_23.tif,TCGA_DU_8166_19970322_23,tumor,p51,train,none,1876,-1,duplicate_of:TCGA_DU_8166_19970322_21,False,96c658862736dae9,2495,kaggle_3m/TCGA_DU_8166_19970322/TCGA_DU_8166_19970322_23_mask.tif,5
lgg_seg,lgg_seg,kaggle_3m/TCGA_DU_8166_19970322/TCGA_DU_8166_19970322_24.tif,TCGA_DU_8166_19970322_24,tumor,p51,train,none,1876,-1,duplicate_of:TCGA_DU_8166_19970322_21,False,96c658862736dae9,2474,kaggle_3m/TCGA_DU_8166_19970322/TCGA_DU_8166_19970322_24_mask.tif,5
lgg_seg,lgg_seg,kaggle_3m/TCGA_DU_8166_19970322/TCGA_DU_8166_19970322_25.tif,TCGA_DU_8166_19970322_25,tumor,p51,train,none,1887,-1,,False,96e67aa6251698e9,3184,kaggle_3m/TCGA_DU_8166_19970322/TCGA_DU_8166_19970322_25_mask.tif,5
lgg_seg,lgg_seg,kaggle_3m/TCGA_DU_8166_19970322/TCGA_DU_8166_19970322_26.tif,TCGA_DU_8166_19970322_26,tumor,p51,train,none,1888,-1,,False,9ee6728621169af9,2763,kaggle_3m/TCGA_DU_8166_19970322/TCGA_DU_8166_19970322_26_mask.tif,5
lgg_seg,lgg_seg,kaggle_3m/TCGA_DU_8166_19970322/TCGA_DU_8166_19970322_27.tif,TCGA_DU_8166_19970322_27,tumor,p51,train,none,1889,-1,,False,b665728669169a79,2873,kaggle_3m/TCGA_DU_8166_19970322/TCGA_DU_8166_19970322_27_mask.tif,5
lgg_seg,lgg_seg,kaggle_3m/TCGA_DU_8166_19970322/TCGA_DU_8166_19970322_28.tif,TCGA_DU_8166_19970322_28,tumor,p51,train,none,1890,-1,,False,b66176c4e9169279,1932,kaggle_3m/TCGA_DU_8166_19970322/TCGA_DU_8166_19970322_28_mask.tif,5
lgg_seg,lgg_seg,kaggle_3m/TCGA_DU_8166_19970322/TCGA_DU_8166_19970322_29.tif,TCGA_DU_8166_19970322_29,tumor,p51,train,none,1891,-1,,False,946156cc69969e79,2355,kaggle_3m/TCGA_DU_8166_19970322/TCGA_DU_8166_19970322_29_mask.tif,5
lgg_seg,lgg_seg,kaggle_3m/TCGA_DU_8166_19970322/TCGA_DU_8166_19970322_3.tif,TCGA_DU_8166_19970322_3,empty,p51,train,none,1892,-1,,False,c6c69986391ec769,0,kaggle_3m/TCGA_DU_8166_19970322/TCGA_DU_8166_19970322_3_mask.tif,5
lgg_seg,lgg_seg,kaggle_3m/TCGA_DU_8166_19970322/TCGA_DU_8166_19970322_30.tif,TCGA_DU_8166_19970322_30,tumor,p51,train,none,593,-1,duplicate_of:TCGA_DU_5871_19941206_30,False,9c7992cc69869679,1590,kaggle_3m/TCGA_DU_8166_19970322/TCGA_DU_8166_19970322_30_mask.tif,5
lgg_seg,lgg_seg,kaggle_3m/TCGA_DU_8166_19970322/TCGA_DU_8166_19970322_31.tif,TCGA_DU_8166_19970322_31,tumor,p51,train,none,1894,-1,,False,ae39926969a69659,701,kaggle_3m/TCGA_DU_8166_19970322/TCGA_DU_8166_19970322_31_mask.tif,5
lgg_seg,lgg_seg,kaggle_3m/TCGA_DU_8166_19970322/TCGA_DU_8166_19970322_32.tif,TCGA_DU_8166_19970322_32,empty,p51,train,none,73,-1,duplicate_of:TCGA_CS_4944_20010208_19,False,6499967959e6a619,0,kaggle_3m/TCGA_DU_8166_19970322/TCGA_DU_8166_19970322_32_mask.tif,5
lgg_seg,lgg_seg,kaggle_3m/TCGA_DU_8166_19970322/TCGA_DU_8166_19970322_33.tif,TCGA_DU_8166_19970322_33,empty,p51,train,none,161,-1,duplicate_of:TCGA_CS_5397_20010315_22,False,59cc669999666699,0,kaggle_3m/TCGA_DU_8166_19970322/TCGA_DU_8166_19970322_33_mask.tif,5
lgg_seg,lgg_seg,kaggle_3m/TCGA_DU_8166_19970322/TCGA_DU_8166_19970322_34.tif,TCGA_DU_8166_19970322_34,empty,p51,train,none,161,-1,duplicate_of:TCGA_CS_5397_20010315_22,False,99e6649999666699,0,kaggle_3m/TCGA_DU_8166_19970322/TCGA_DU_8166_19970322_34_mask.tif,5
lgg_seg,lgg_seg,kaggle_3m/TCGA_DU_8166_19970322/TCGA_DU_8166_19970322_35.tif,TCGA_DU_8166_19970322_35,empty,p51,train,none,1898,-1,,False,7d8aef83a32a2890,0,kaggle_3m/TCGA_DU_8166_19970322/TCGA_DU_8166_19970322_35_mask.tif,5
lgg_seg,lgg_seg,kaggle_3m/TCGA_DU_8166_19970322/TCGA_DU_8166_19970322_36.tif,TCGA_DU_8166_19970322_36,empty,p51,train,none,1899,-1,,False,01cdb5f09447488e,0,kaggle_3m/TCGA_DU_8166_19970322/TCGA_DU_8166_19970322_36_mask.tif,5
lgg_seg,lgg_seg,kaggle_3m/TCGA_DU_8166_19970322/TCGA_DU_8166_19970322_4.tif,TCGA_DU_8166_19970322_4,empty,p51,train,none,1900,-1,,False,96ce8c86791e8769,0,kaggle_3m/TCGA_DU_8166_19970322/TCGA_DU_8166_19970322_4_mask.tif,5
lgg_seg,lgg_seg,kaggle_3m/TCGA_DU_8166_19970322/TCGA_DU_8166_19970322_5.tif,TCGA_DU_8166_19970322_5,empty,p51,train,none,1901,-1,,False,92e64d86791e86e9,0,kaggle_3m/TCGA_DU_8166_19970322/TCGA_DU_8166_19970322_5_mask.tif,5
lgg_seg,lgg_seg,kaggle_3m/TCGA_DU_8166_19970322/TCGA_DU_8166_19970322_6.tif,TCGA_DU_8166_19970322_6,empty,p51,train,none,1902,-1,,False,96ec69961a1e86e9,0,kaggle_3m/TCGA_DU_8166_19970322/TCGA_DU_8166_19970322_6_mask.tif,5
lgg_seg,lgg_seg,kaggle_3m/TCGA_DU_8166_19970322/TCGA_DU_8166_19970322_7.tif,TCGA_DU_8166_19970322_7,empty,p51,train,none,1903,-1,,False,92e569965a16a6e9,0,kaggle_3m/TCGA_DU_8166_19970322/TCGA_DU_8166_19970322_7_mask.tif,5
lgg_seg,lgg_seg,kaggle_3m/TCGA_DU_8166_19970322/TCGA_DU_8166_19970322_8.tif,TCGA_DU_8166_19970322_8,empty,p51,train,none,1904,-1,,False,52e5e196587686e9,0,kaggle_3m/TCGA_DU_8166_19970322/TCGA_DU_8166_19970322_8_mask.tif,5
lgg_seg,lgg_seg,kaggle_3m/TCGA_DU_8166_19970322/TCGA_DU_8166_19970322_9.tif,TCGA_DU_8166_19970322_9,empty,p51,train,none,1905,-1,,False,3ae56386387e86a9,0,kaggle_3m/TCGA_DU_8166_19970322/TCGA_DU_8166_19970322_9_mask.tif,5
lgg_seg,lgg_seg,kaggle_3m/TCGA_DU_8167_19970402/TCGA_DU_8167_19970402_1.tif,TCGA_DU_8167_19970402_1,empty,p52,test,none,73,-1,duplicate_of:TCGA_CS_4944_20010208_19,True,53666986699e9669,0,kaggle_3m/TCGA_DU_8167_19970402/TCGA_DU_8167_19970402_1_mask.tif,0
lgg_seg,lgg_seg,kaggle_3m/TCGA_DU_8167_19970402/TCGA_DU_8167_19970402_10.tif,TCGA_DU_8167_19970402_10,empty,p52,test,none,1907,-1,,True,79e661869c7c8669,0,kaggle_3m/TCGA_DU_8167_19970402/TCGA_DU_8167_19970402_10_mask.tif,0
lgg_seg,lgg_seg,kaggle_3m/TCGA_DU_8167_19970402/TCGA_DU_8167_19970402_11.tif,TCGA_DU_8167_19970402_11,empty,p52,test,none,1908,-1,,True,794661869c5ec6e9,0,kaggle_3m/TCGA_DU_8167_19970402/TCGA_DU_8167_19970402_11_mask.tif,0
lgg_seg,lgg_seg,kaggle_3m/TCGA_DU_8167_19970402/TCGA_DU_8167_19970402_12.tif,TCGA_DU_8167_19970402_12,tumor,p52,test,none,1908,-1,,True,594e69869c5cc6e9,141,kaggle_3m/TCGA_DU_8167_19970402/TCGA_DU_8167_19970402_12_mask.tif,0
lgg_seg,lgg_seg,kaggle_3m/TCGA_DU_8167_19970402/TCGA_DU_8167_19970402_13.tif,TCGA_DU_8167_19970402_13,tumor,p52,test,none,1910,-1,,True,538c69869c1ee6e9,915,kaggle_3m/TCGA_DU_8167_19970402/TCGA_DU_8167_19970402_13_mask.tif,0
lgg_seg,lgg_seg,kaggle_3m/TCGA_DU_8167_19970402/TCGA_DU_8167_19970402_14.tif,TCGA_DU_8167_19970402_14,tumor,p52,test,none,1911,-1,,True,63866d86961e66e9,1288,kaggle_3m/TCGA_DU_8167_19970402/TCGA_DU_8167_19970402_14_mask.tif,0
lgg_seg,lgg_seg,kaggle_3m/TCGA_DU_8167_19970402/TCGA_DU_8167_19970402_15.tif,TCGA_DU_8167_19970402_15,tumor,p52,test,none,1912,-1,,True,6986ec0c961e76e9,1503,kaggle_3m/TCGA_DU_8167_19970402/TCGA_DU_8167_19970402_15_mask.tif,0
lgg_seg,lgg_seg,kaggle_3m/TCGA_DU_8167_19970402/TCGA_DU_8167_19970402_16.tif,TCGA_DU_8167_19970402_16,tumor,p52,test,none,1913,-1,,True,69862caca51ed6e9,2225,kaggle_3m/TCGA_DU_8167_19970402/TCGA_DU_8167_19970402_16_mask.tif,0
lgg_seg,lgg_seg,kaggle_3m/TCGA_DU_8167_19970402/TCGA_DU_8167_19970402_17.tif,TCGA_DU_8167_19970402_17,tumor,p52,test,none,1914,-1,,True,69a6cc9c251e96e9,3163,kaggle_3m/TCGA_DU_8167_19970402/TCGA_DU_8167_19970402_17_mask.tif,0
lgg_seg,lgg_seg,kaggle_3m/TCGA_DU_8167_19970402/TCGA_DU_8167_19970402_18.tif,TCGA_DU_8167_19970402_18,tumor,p52,test,none,1914,-1,duplicate_of:TCGA_DU_8167_19970402_17,True,69e6cc9c241e96e9,3689,kaggle_3m/TCGA_DU_8167_19970402/TCGA_DU_8167_19970402_18_mask.tif,0
lgg_seg,lgg_seg,kaggle_3m/TCGA_DU_8167_19970402/TCGA_DU_8167_19970402_19.tif,TCGA_DU_8167_19970402_19,tumor,p52,test,none,1914,-1,duplicate_of:TCGA_DU_8167_19970402_17,True,6964cc9e641e96e9,3701,kaggle_3m/TCGA_DU_8167_19970402/TCGA_DU_8167_19970402_19_mask.tif,0
lgg_seg,lgg_seg,kaggle_3m/TCGA_DU_8167_19970402/TCGA_DU_8167_19970402_2.tif,TCGA_DU_8167_19970402_2,empty,p52,test,none,73,-1,duplicate_of:TCGA_CS_4944_20010208_19,True,536649866d9e9669,0,kaggle_3m/TCGA_DU_8167_19970402/TCGA_DU_8167_19970402_2_mask.tif,0
lgg_seg,lgg_seg,kaggle_3m/TCGA_DU_8167_19970402/TCGA_DU_8167_19970402_20.tif,TCGA_DU_8167_19970402_20,tumor,p52,test,none,1918,-1,,True,63e4cd8e243696e9,3388,kaggle_3m/TCGA_DU_8167_19970402/TCGA_DU_8167_19970402_20_mask.tif,0
lgg_seg,lgg_seg,kaggle_3m/TCGA_DU_8167_19970402/TCGA_DU_8167_19970402_21.tif,TCGA_DU_8167_19970402_21,tumor,p52,test,none,1919,-1,,True,7364c98e251eb669,2946,kaggle_3m/TCGA_DU_8167_19970402/TCGA_DU_8167_19970402_21_mask.tif,0
lgg_seg,lgg_seg,kaggle_3m/TCGA_DU_8167_19970402/TCGA_DU_8167_19970402_22.tif,TCGA_DU_8167_19970402_22,tumor,p52,test,none,1920,-1,,True,7926c98e249eb669,2370,kaggle_3m/TCGA_DU_8167_19970402/TCGA_DU_8167_19970402_22_mask.tif,0
lgg_seg,lgg_seg,kaggle_3m/TCGA_DU_8167_19970402/TCGA_DU_8167_19970402_23.tif,TCGA_DU_8167_19970402_23,tumor,p52,test,none,1921,-1,,True,61a6c90e2d9eb669,1811,kaggle_3m/TCGA_DU_8167_19970402/TCGA_DU_8167_19970402_23_mask.tif,0
lgg_seg,lgg_seg,kaggle_3m/TCGA_DU_8167_19970402/TCGA_DU_8167_19970402_24.tif,TCGA_DU_8167_19970402_24,tumor,p52,test,none,73,-1,duplicate_of:TCGA_DU_5871_19941206_19,True,6386490c6d9eb679,1389,kaggle_3m/TCGA_DU_8167_19970402/TCGA_DU_8167_19970402_24_mask.tif,0
lgg_seg,lgg_seg,kaggle_3m/TCGA_DU_8167_19970402/TCGA_DU_8167_19970402_25.tif,TCGA_DU_8167_19970402_25,tumor,p52,test,none,73,-1,duplicate_of:TCGA_DU_5871_19941206_19,True,63c6690c4d1eb679,576,kaggle_3m/TCGA_DU_8167_19970402/TCGA_DU_8167_19970402_25_mask.tif,0
lgg_seg,lgg_seg,kaggle_3m/TCGA_DU_8167_19970402/TCGA_DU_8167_19970402_26.tif,TCGA_DU_8167_19970402_26,empty,p52,test,none,73,-1,duplicate_of:TCGA_CS_4944_20010208_19,True,71c6498c4d1eb679,0,kaggle_3m/TCGA_DU_8167_19970402/TCGA_DU_8167_19970402_26_mask.tif,0
lgg_seg,lgg_seg,kaggle_3m/TCGA_DU_8167_19970402/TCGA_DU_8167_19970402_27.tif,TCGA_DU_8167_19970402_27,empty,p52,test,none,73,-1,duplicate_of:TCGA_CS_4944_20010208_19,True,59e6498c4d1cb679,0,kaggle_3m/TCGA_DU_8167_19970402/TCGA_DU_8167_19970402_27_mask.tif,0
lgg_seg,lgg_seg,kaggle_3m/TCGA_DU_8167_19970402/TCGA_DU_8167_19970402_28.tif,TCGA_DU_8167_19970402_28,empty,p52,test,none,73,-1,duplicate_of:TCGA_CS_4944_20010208_19,True,19e659846d1cb679,0,kaggle_3m/TCGA_DU_8167_19970402/TCGA_DU_8167_19970402_28_mask.tif,0
lgg_seg,lgg_seg,kaggle_3m/TCGA_DU_8167_19970402/TCGA_DU_8167_19970402_29.tif,TCGA_DU_8167_19970402_29,empty,p52,test,none,1927,-1,,True,99665986491eb679,0,kaggle_3m/TCGA_DU_8167_19970402/TCGA_DU_8167_19970402_29_mask.tif,0
lgg_seg,lgg_seg,kaggle_3m/TCGA_DU_8167_19970402/TCGA_DU_8167_19970402_3.tif,TCGA_DU_8167_19970402_3,empty,p52,test,none,73,-1,duplicate_of:TCGA_CS_4944_20010208_19,True,7366c9866d169669,0,kaggle_3m/TCGA_DU_8167_19970402/TCGA_DU_8167_19970402_3_mask.tif,0
lgg_seg,lgg_seg,kaggle_3m/TCGA_DU_8167_19970402/TCGA_DU_8167_19970402_30.tif,TCGA_DU_8167_19970402_30,empty,p52,test,none,1929,-1,,True,916559c6498eb679,0,kaggle_3m/TCGA_DU_8167_19970402/TCGA_DU_8167_19970402_30_mask.tif,0
lgg_seg,lgg_seg,kaggle_3m/TCGA_DU_8167_19970402/TCGA_DU_8167_19970402_31.tif,TCGA_DU_8167_19970402_31,empty,p52,test,none,1930,-1,,True,9b6319e64986a679,0,kaggle_3m/TCGA_DU_8167_19970402/TCGA_DU_8167_19970402_31_mask.tif,0
lgg_seg,lgg_seg,kaggle_3m/TCGA_DU_8167_19970402/TCGA_DU_8167_19970402_32.tif,TCGA_DU_8167_19970402_32,empty,p52,test,none,73,-1,duplicate_of:TCGA_CS_4944_20010208_19,True,b2399b664986a679,0,kaggle_3m/TCGA_DU_8167_19970402/TCGA_DU_8167_19970402_32_mask.tif,0
lgg_seg,lgg_seg,kaggle_3m/TCGA_DU_8167_19970402/TCGA_DU_8167_19970402_33.tif,TCGA_DU_8167_19970402_33,empty,p52,test,none,73,-1,duplicate_of:TCGA_CS_4944_20010208_19,True,66999b665986a659,0,kaggle_3m/TCGA_DU_8167_19970402/TCGA_DU_8167_19970402_33_mask.tif,0
lgg_seg,lgg_seg,kaggle_3m/TCGA_DU_8167_19970402/TCGA_DU_8167_19970402_34.tif,TCGA_DU_8167_19970402_34,empty,p52,test,none,73,-1,duplicate_of:TCGA_CS_4944_20010208_19,True,66999471d9666699,0,kaggle_3m/TCGA_DU_8167_19970402/TCGA_DU_8167_19970402_34_mask.tif,0
lgg_seg,lgg_seg,kaggle_3m/TCGA_DU_8167_19970402/TCGA_DU_8167_19970402_35.tif,TCGA_DU_8167_19970402_35,empty,p52,test,none,161,-1,duplicate_of:TCGA_CS_5397_20010315_22,True,5999669999666699,0,kaggle_3m/TCGA_DU_8167_19970402/TCGA_DU_8167_19970402_35_mask.tif,0
lgg_seg,lgg_seg,kaggle_3m/TCGA_DU_8167_19970402/TCGA_DU_8167_19970402_36.tif,TCGA_DU_8167_19970402_36,empty,p52,test,none,1935,-1,,True,b00f269dd33220c4,0,kaggle_3m/TCGA_DU_8167_19970402/TCGA_DU_8167_19970402_36_mask.tif,0
lgg_seg,lgg_seg,kaggle_3m/TCGA_DU_8167_19970402/TCGA_DU_8167_19970402_37.tif,TCGA_DU_8167_19970402_37,empty,p52,test,none,1936,-1,,True,2a7e950503309b3a,0,kaggle_3m/TCGA_DU_8167_19970402/TCGA_DU_8167_19970402_37_mask.tif,0
lgg_seg,lgg_seg,kaggle_3m/TCGA_DU_8167_19970402/TCGA_DU_8167_19970402_4.tif,TCGA_DU_8167_19970402_4,empty,p52,test,none,1937,-1,,True,634ed9862d1e9669,0,kaggle_3m/TCGA_DU_8167_19970402/TCGA_DU_8167_19970402_4_mask.tif,0
lgg_seg,lgg_seg,kaggle_3m/TCGA_DU_8167_19970402/TCGA_DU_8167_19970402_5.tif,TCGA_DU_8167_19970402_5,empty,p52,test,none,1938,-1,,True,6b66c986391e9669,0,kaggle_3m/TCGA_DU_8167_19970402/TCGA_DU_8167_19970402_5_mask.tif,0
lgg_seg,lgg_seg,kaggle_3m/TCGA_DU_8167_19970402/TCGA_DU_8167_19970402_6.tif,TCGA_DU_8167_19970402_6,empty,p52,test,none,1938,-1,duplicate_of:TCGA_DU_8167_19970402_5,True,6966e986399e8669,0,kaggle_3m/TCGA_DU_8167_19970402/TCGA_DU_8167_19970402_6_mask.tif,0
lgg_seg,lgg_seg,kaggle_3m/TCGA_DU_8167_19970402/TCGA_DU_8167_19970402_7.tif,TCGA_DU_8167_19970402_7,empty,p52,test,none,1940,-1,,True,79c6e386391e8669,0,kaggle_3m/TCGA_DU_8167_19970402/TCGA_DU_8167_19970402_7_mask.tif,0
lgg_seg,lgg_seg,kaggle_3m/TCGA_DU_8167_19970402/TCGA_DU_8167_19970402_8.tif,TCGA_DU_8167_19970402_8,empty,p52,test,none,1941,-1,,True,79866386bc1ec669,0,kaggle_3m/TCGA_DU_8167_19970402/TCGA_DU_8167_19970402_8_mask.tif,0
lgg_seg,lgg_seg,kaggle_3m/TCGA_DU_8167_19970402/TCGA_DU_8167_19970402_9.tif,TCGA_DU_8167_19970402_9,empty,p52,test,none,1941,-1,duplicate_of:TCGA_DU_8167_19970402_8,True,79a661969c1ec669,0,kaggle_3m/TCGA_DU_8167_19970402/TCGA_DU_8167_19970402_9_mask.tif,0
lgg_seg,lgg_seg,kaggle_3m/TCGA_DU_8168_19970503/TCGA_DU_8168_19970503_1.tif,TCGA_DU_8168_19970503_1,empty,p53,train,none,1943,-1,,False,4cc93386b23c4ddb,0,kaggle_3m/TCGA_DU_8168_19970503/TCGA_DU_8168_19970503_1_mask.tif,4
lgg_seg,lgg_seg,kaggle_3m/TCGA_DU_8168_19970503/TCGA_DU_8168_19970503_10.tif,TCGA_DU_8168_19970503_10,empty,p53,train,none,1944,-1,,False,f3cfc92c30b4c643,0,kaggle_3m/TCGA_DU_8168_19970503/TCGA_DU_8168_19970503_10_mask.tif,4
lgg_seg,lgg_seg,kaggle_3m/TCGA_DU_8168_19970503/TCGA_DU_8168_19970503_11.tif,TCGA_DU_8168_19970503_11,empty,p53,train,none,167,-1,,False,79c7c70c38b6c649,0,kaggle_3m/TCGA_DU_8168_19970503/TCGA_DU_8168_19970503_11_mask.tif,4
lgg_seg,lgg_seg,kaggle_3m/TCGA_DU_8168_19970503/TCGA_DU_8168_19970503_12.tif,TCGA_DU_8168_19970503_12,empty,p53,train,none,1946,-1,,False,d94cc72c39b6c649,0,kaggle_3m/TCGA_DU_8168_19970503/TCGA_DU_8168_19970503_12_mask.tif,4
lgg_seg,lgg_seg,kaggle_3m/TCGA_DU_8168_19970503/TCGA_DU_8168_19970503_13.tif,TCGA_DU_8168_19970503_13,empty,p53,train,none,1947,-1,,False,f326e2262db4c64b,0,kaggle_3m/TCGA_DU_8168_19970503/TCGA_DU_8168_19970503_13_mask.tif,4
lgg_seg,lgg_seg,kaggle_3m/TCGA_DU_8168_19970503/TCGA_DU_8168_19970503_14.tif,TCGA_DU_8168_19970503_14,empty,p53,train,none,1948,-1,,False,798e31362db4c64b,0,kaggle_3m/TCGA_DU_8168_19970503/TCGA_DU_8168_19970503_14_mask.tif,4
lgg_seg,lgg_seg,kaggle_3m/TCGA_DU_8168_19970503/TCGA_DU_8168_19970503_15.tif,TCGA_DU_8168_19970503_15,tumor,p53,train,none,1949,-1,,False,190c39362dbcd6cb,405,kaggle_3m/TCGA_DU_8168_19970503/TCGA_DU_8168_19970503_15_mask.tif,4
lgg_seg,lgg_seg,kaggle_3m/TCGA_DU_8168_19970503/TCGA_DU_8168_19970503_16.tif,TCGA_DU_8168_19970503_16,tumor,p53,train,none,1950,-1,,False,192e79262d9cd64b,1064,kaggle_3m/TCGA_DU_8168_19970503/TCGA_DU_8168_19970503_16_mask.tif,4
lgg_seg,lgg_seg,kaggle_3m/TCGA_DU_8168_19970503/TCGA_DU_8168_19970503_17.tif,TCGA_DU_8168_19970503_17,tumor,p53,train,none,1951,-1,,False,1926792c2d9ed669,2265,kaggle_3m/TCGA_DU_8168_19970503/TCGA_DU_8168_19970503_17_mask.tif,4
lgg_seg,lgg_seg,kaggle_3m/TCGA_DU_8168_19970503/TCGA_DU_8168_19970503_18.tif,TCGA_DU_8168_19970503_18,tumor,p53,train,none,1950,-1,duplicate_of:TCGA_DU_8168_19970503_16,False,990679262d9cd66b,2194,kaggle_3m/TCGA_DU_8168_19970503/TCGA_DU_8168_19970503_18_mask.tif,4
lgg_seg,lgg_seg,kaggle_3m/TCGA_DU_8168_19970503/TCGA_DU_8168_19970503_19.tif,TCGA_DU_8168_19970503_19,tumor,p53,train,none,1953,-1,,False,598ed926259cd663,4536,kaggle_3m/TCGA_DU_8168_19970503/TCGA_DU_8168_19970503_19_mask.tif,4
lgg_seg,lgg_seg,kaggle_3m/TCGA_DU_8168_19970503/TCGA_DU_8168_19970503_2.tif,TCGA_DU_8168_19970503_2,empty,p53,train,none,1954,-1,,False,eecc1e0c3c34c3d3,0,kaggle_3m/TCGA_DU_8168_19970503/TCGA_DU_8168_19970503_2_mask.tif,4
lgg_seg,lgg_seg,kaggle_3m/TCGA_DU_8168_19970503/TCGA_DU_8168_19970503_20.tif,TCGA_DU_8168_19970503_20,tumor,p53,train,none,1955,-1,,False,738cd926259cb663,5150,kaggle_3m/TCGA_DU_8168_19970503/TCGA_DU_8168_19970503_20_mask.tif,4
lgg_seg,lgg_seg,kaggle_3m/TCGA_DU_8168_19970503/TCGA_DU_8168_19970503_21.tif,TCGA_DU_8168_19970503_21,tumor,p53,train,none,1955,-1,duplicate_of:TCGA_DU_8168_19970503_20,False,73ccc9262d9cb661,4936,kaggle_3m/TCGA_DU_8168_19970503/TCGA_DU_8168_19970503_21_mask.tif,4
lgg_seg,lgg_seg,kaggle_3m/TCGA_DU_8168_19970503/TCGA_DU_8168_19970503_22.tif,TCGA_DU_8168_19970503_22,tumor,p53,train,none,1957,-1,,False,73ccc98e2d349669,4712,kaggle_3m/TCGA_DU_8168_19970503/TCGA_DU_8168_19970503_22_mask.tif,4
lgg_seg,lgg_seg,kaggle_3m/TCGA_DU_8168_19970503/TCGA_DU_8168_19970503_23.tif,TCGA_DU_8168_19970503_23,tumor,p53,train,none,1957,-1,duplicate_of:TCGA_DU_8168_19970503_22,False,79ccc9862d3c9669,3936,kaggle_3m/TCGA_DU_8168_19970503/TCGA_DU_8168_19970503_23_mask.tif,4
lgg_seg,lgg_seg,kaggle_3m/TCGA_DU_8168_19970503/TCGA_DU_8168_19970503_24.tif,TCGA_DU_8168_19970503_24,tumor,p53,train,none,1957,-1,duplicate_of:TCGA_DU_8168_19970503_22,False,59ccdb862d3c9661,3398,kaggle_3m/TCGA_DU_8168_19970503/TCGA_DU_8168_19970503_24_mask.tif,4
lgg_seg,lgg_seg,kaggle_3m/TCGA_DU_8168_19970503/TCGA_DU_8168_19970503_25.tif,TCGA_DU_8168_19970503_25,tumor,p53,train,none,1960,-1,,False,39c4db86693c9671,2875,kaggle_3m/TCGA_DU_8168_19970503/TCGA_DU_8168_19970503_25_mask.tif,4
lgg_seg,lgg_seg,kaggle_3m/TCGA_DU_8168_19970503/TCGA_DU_8168_19970503_26.tif,TCGA_DU_8168_19970503_26,tumor,p53,train,none,1961,-1,,False,39c5598e691c9673,1268,kaggle_3m/TCGA_DU_8168_19970503/TCGA_DU_8168_19970503_26_mask.tif,4
lgg_seg,lgg_seg,kaggle_3m/TCGA_DU_8168_19970503/TCGA_DU_8168_19970503_27.tif,TCGA_DU_8168_19970503_27,tumor,p53,train,none,1962,-1,,False,99c951c6499cb673,827,kaggle_3m/TCGA_DU_8168_19970503/TCGA_DU_8168_19970503_27_mask.tif,4
lgg_seg,lgg_seg,kaggle_3m/TCGA_DU_8168_19970503/TCGA_DU_8168_19970503_28.tif,TCGA_DU_8168_19970503_28,tumor,p53,train,none,1963,-1,,False,926979c6498cb673,626,kaggle_3m/TCGA_DU_8168_19970503/TCGA_DU_8168_19970503_28_mask.tif,4
lgg_seg,lgg_seg,kaggle_3m/TCGA_DU_8168_19970503/TCGA_DU_8168_19970503_29.tif,TCGA_DU_8168_19970503_29,tumor,p53,train,none,1964,-1,,False,967399c64b8c3473,86,kaggle_3m/TCGA_DU_8168_19970503/TCGA_DU_8168_19970503_29_mask.tif,4
lgg_seg,lgg_seg,kaggle_3m/TCGA_DU_8168_19970503/TCGA_DU_8168_19970503_3.tif,TCGA_DU_8168_19970503_3,empty,p53,train,none,1965,-1,,False,2e6c9e8c3c34c3d3,0,kaggle_3m/TCGA_DU_8168_19970503/TCGA_DU_8168_19970503_3_mask.tif,4
lgg_seg,lgg_seg,kaggle_3m/TCGA_DU_8168_19970503/TCGA_DU_8168_19970503_30.tif,TCGA_DU_8168_19970503_30,empty,p53,train,none,1966,-1,,False,2e339b67438ca473,0,kaggle_3m/TCGA_DU_8168_19970503/TCGA_DU_8168_19970503_30_mask.tif,4
lgg_seg,lgg_seg,kaggle_3m/TCGA_DU_8168_19970503/TCGA_DU_8168_19970503_31.tif,TCGA_DU_8168_19970503_31,empty,p53,train,none,1967,-1,,False,6c99b863f38c0673,0,kaggle_3m/TCGA_DU_8168_19970503/TCGA_DU_8168_19970503_31_mask.tif,4
lgg_seg,lgg_seg,kaggle_3m/TCGA_DU_8168_19970503/TCGA_DU_8168_19970503_32.tif,TCGA_DU_8168_19970503_32,empty,p53,train,none,1968,-1,,False,e6738c99334ccc33,0,kaggle_3m/TCGA_DU_8168_19970503/TCGA_DU_8168_19970503_32_mask.tif,4
lgg_seg,lgg_seg,kaggle_3m/TCGA_DU_8168_19970503/TCGA_DU_8168_19970503_33.tif,TCGA_DU_8168_19970503_33,empty,p53,train,none,1969,-1,,False,99336c99336ccc33,0,kaggle_3m/TCGA_DU_8168_19970503/TCGA_DU_8168_19970503_33_mask.tif,4
lgg_seg,lgg_seg,kaggle_3m/TCGA_DU_8168_19970503/TCGA_DU_8168_19970503_34.tif,TCGA_DU_8168_19970503_34,empty,p53,train,none,1970,-1,,False,37e31df2c7192c40,0,kaggle_3m/TCGA_DU_8168_19970503/TCGA_DU_8168_19970503_34_mask.tif,4
lgg_seg,lgg_seg,kaggle_3m/TCGA_DU_8168_19970503/TCGA_DU_8168_19970503_35.tif,TCGA_DU_8168_19970503_35,empty,p53,train,none,1971,-1,,False,6c52b86292220c48,0,kaggle_3m/TCGA_DU_8168_19970503/TCGA_DU_8168_19970503_35_mask.tif,4
lgg_seg,lgg_seg,kaggle_3m/TCGA_DU_8168_19970503/TCGA_DU_8168_19970503_36.tif,TCGA_DU_8168_19970503_36,empty,p53,train,none,1972,-1,,False,6599d6b994c721b0,0,kaggle_3m/TCGA_DU_8168_19970503/TCGA_DU_8168_19970503_36_mask.tif,4
lgg_seg,lgg_seg,kaggle_3m/TCGA_DU_8168_19970503/TCGA_DU_8168_19970503_4.tif,TCGA_DU_8168_19970503_4,empty,p53,train,none,1973,-1,,False,8c6c1e0eb93ce3c3,0,kaggle_3m/TCGA_DU_8168_19970503/TCGA_DU_8168_19970503_4_mask.tif,4
lgg_seg,lgg_seg,kaggle_3m/TCGA_DU_8168_19970503/TCGA_DU_8168_19970503_5.tif,TCGA_DU_8168_19970503_5,empty,p53,train,none,1974,-1,,False,3eec590eb33c03c3,0,kaggle_3m/TCGA_DU_8168_19970503/TCGA_DU_8168_19970503_5_mask.tif,4
lgg_seg,lgg_seg,kaggle_3m/TCGA_DU_8168_19970503/TCGA_DU_8168_19970503_6.tif,TCGA_DU_8168_19970503_6,empty,p53,train,none,1974,-1,duplicate_of:TCGA_DU_8168_19970503_5,False,3eacc90eb33c07c3,0,kaggle_3m/TCGA_DU_8168_19970503/TCGA_DU_8168_19970503_6_mask.tif,4
lgg_seg,lgg_seg,kaggle_3m/TCGA_DU_8168_19970503/TCGA_DU_8168_19970503_7.tif,TCGA_DU_8168_19970503_7,empty,p53,train,none,1976,-1,,False,3e4cc926b2bc0fc3,0,kaggle_3m/TCGA_DU_8168_19970503/TCGA_DU_8168_19970503_7_mask.tif,4
lgg_seg,lgg_seg,kaggle_3m/TCGA_DU_8168_19970503/TCGA_DU_8168_19970503_8.tif,TCGA_DU_8168_19970503_8,empty,p53,train,none,1977,-1,,False,9c4c4934b2fccf43,0,kaggle_3m/TCGA_DU_8168_19970503/TCGA_DU_8168_19970503_8_mask.tif,4
lgg_seg,lgg_seg,kaggle_3m/TCGA_DU_8168_19970503/TCGA_DU_8168_19970503_9.tif,TCGA_DU_8168_19970503_9,empty,p53,train,none,437,-1,duplicate_of:TCGA_DU_5852_19950709_10,False,d2cf493c34f4c643,0,kaggle_3m/TCGA_DU_8168_19970503/TCGA_DU_8168_19970503_9_mask.tif,4
lgg_seg,lgg_seg,kaggle_3m/TCGA_DU_A5TP_19970614/TCGA_DU_A5TP_19970614_1.tif,TCGA_DU_A5TP_19970614_1,empty,p54,train,none,1979,-1,,False,c9c61b2c49fcb643,0,kaggle_3m/TCGA_DU_A5TP_19970614/TCGA_DU_A5TP_19970614_1_mask.tif,9
lgg_seg,lgg_seg,kaggle_3m/TCGA_DU_A5TP_19970614/TCGA_DU_A5TP_19970614_10.tif,TCGA_DU_A5TP_19970614_10,empty,p54,train,none,1395,-1,duplicate_of:TCGA_DU_7019_19940908_9,False,ec0e6b36b4fc8603,0,kaggle_3m/TCGA_DU_A5TP_19970614/TCGA_DU_A5TP_19970614_10_mask.tif,9
lgg_seg,lgg_seg,kaggle_3m/TCGA_DU_A5TP_19970614/TCGA_DU_A5TP_19970614_11.tif,TCGA_DU_A5TP_19970614_11,empty,p54,train,none,1981,-1,,False,c98e4d3cb4fc8643,0,kaggle_3m/TCGA_DU_A5TP_19970614/TCGA_DU_A5TP_19970614_11_mask.tif,9
lgg_seg,lgg_seg,kaggle_3m/TCGA_DU_A5TP_19970614/TCGA_DU_A5TP_19970614_12.tif,TCGA_DU_A5TP_19970614_12,empty,p54,train,none,1982,-1,,False,d9864d3c3cf4a643,0,kaggle_3m/TCGA_DU_A5TP_19970614/TCGA_DU_A5TP_19970614_12_mask.tif,9
lgg_seg,lgg_seg,kaggle_3m/TCGA_DU_A5TP_19970614/TCGA_DU_A5TP_19970614_13.tif,TCGA_DU_A5TP_19970614_13,empty,p54,train,none,1983,-1,,False,f986cd0c3cf4864b,0,kaggle_3m/TCGA_DU_A5TP_19970614/TCGA_DU_A5TP_19970614_13_mask.tif,9
lgg_seg,lgg_seg,kaggle_3m/TCGA_DU_A5TP_19970614/TCGA_DU_A5TP_19970614_14.tif,TCGA_DU_A5TP_19970614_14,empty,p54,train,none,1984,-1,,False,e906c71c3cf6a649,0,kaggle_3m/TCGA_DU_A5TP_19970614/TCGA_DU_A5TP_19970614_14_mask.tif,9
lgg_seg,lgg_seg,kaggle_3m/TCGA_DU_A5TP_19970614/TCGA_DU_A5TP_19970614_15.tif,TCGA_DU_A5TP_19970614_15,empty,p54,train,none,1985,-1,,False,e90ec69c3cb4e649,0,kaggle_3m/TCGA_DU_A5TP_19970614/TCGA_DU_A5TP_19970614_15_mask.tif,9
lgg_seg,lgg_seg,kaggle_3m/TCGA_DU_A5TP_19970614/TCGA_DU_A5TP_19970614_16.tif,TCGA_DU_A5TP_19970614_16,empty,p54,train,none,1986,-1,,False,e3a686962c7ce649,0,kaggle_3m/TCGA_DU_A5TP_19970614/TCGA_DU_A5TP_19970614_16_mask.tif,9
lgg_seg,lgg_seg,kaggle_3m/TCGA_DU_A5TP_19970614/TCGA_DU_A5TP_19970614_17.tif,TCGA_DU_A5TP_19970614_17,empty,p54,train,none,1987,-1,,False,cf868c962c7cc64b,0,kaggle_3m/TCGA_DU_A5TP_19970614/TCGA_DU_A5TP_19970614_17_mask.tif,9
lgg_seg,lgg_seg,kaggle_3m/TCGA_DU_A5TP_19970614/TCGA_DU_A5TP_19970614_18.tif,TCGA_DU_A5TP_19970614_18,empty,p54,train,none,1988,-1,,False,c99e0c1c6c7ce64b,0,kaggle_3m/TCGA_DU_A5TP_19970614/TCGA_DU_A5TP_19970614_18_mask.tif,9
lgg_seg,lgg_seg,kaggle_3m/TCGA_DU_A5TP_19970614/TCGA_DU_A5TP_19970614_19.tif,TCGA_DU_A5TP_19970614_19,empty,p54,train,none,1989,-1,,False,c99e093c6c7c964b,0,kaggle_3m/TCGA_DU_A5TP_19970614/TCGA_DU_A5TP_19970614_19_mask.tif,9
lgg_seg,lgg_seg,kaggle_3m/TCGA_DU_A5TP_19970614/TCGA_DU_A5TP_19970614_2.tif,TCGA_DU_A5TP_19970614_2,empty,p54,train,none,1979,-1,duplicate_of:TCGA_DU_A5TP_19970614_1,False,c9c61b2c63f4b643,0,kaggle_3m/TCGA_DU_A5TP_19970614/TCGA_DU_A5TP_19970614_2_mask.tif,9
lgg_seg,lgg_seg,kaggle_3m/TCGA_DU_A5TP_19970614/TCGA_DU_A5TP_19970614_20.tif,TCGA_DU_A5TP_19970614_20,empty,p54,train,none,1991,-1,,False,c9364c3c2cb6b669,0,kaggle_3m/TCGA_DU_A5TP_19970614/TCGA_DU_A5TP_19970614_20_mask.tif,9
lgg_seg,lgg_seg,kaggle_3m/TCGA_DU_A5TP_19970614/TCGA_DU_A5TP_19970614_21.tif,TCGA_DU_A5TP_19970614_21,empty,p54,train,none,1992,-1,,False,c1b64c3c2c9cb66b,0,kaggle_3m/TCGA_DU_A5TP_19970614/TCGA_DU_A5TP_19970614_21_mask.tif,9
lgg_seg,lgg_seg,kaggle_3m/TCGA_DU_A5TP_19970614/TCGA_DU_A5TP_19970614_22.tif,TCGA_DU_A5TP_19970614_22,tumor,p54,train,none,1993,-1,,False,e9b44e1c2c9cb669,712,kaggle_3m/TCGA_DU_A5TP_19970614/TCGA_DU_A5TP_19970614_22_mask.tif,9
lgg_seg,lgg_seg,kaggle_3m/TCGA_DU_A5TP_19970614/TCGA_DU_A5TP_19970614_23.tif,TCGA_DU_A5TP_19970614_23,tumor,p54,train,none,1994,-1,,False,c9944f0e2cbcb663,1126,kaggle_3m/TCGA_DU_A5TP_19970614/TCGA_DU_A5TP_19970614_23_mask.tif,9
lgg_seg,lgg_seg,kaggle_3m/TCGA_DU_A5TP_19970614/TCGA_DU_A5TP_19970614_24.tif,TCGA_DU_A5TP_19970614_24,tumor,p54,train,none,1994,-1,duplicate_of:TCGA_DU_A5TP_19970614_23,False,c994cd062cbcb66b,1581,kaggle_3m/TCGA_DU_A5TP_19970614/TCGA_DU_A5TP_19970614_24_mask.tif,9
lgg_seg,lgg_seg,kaggle_3m/TCGA_DU_A5TP_19970614/TCGA_DU_A5TP_19970614_25.tif,TCGA_DU_A5TP_19970614_25,tumor,p54,train,none,1996,-1,,False,69accc9e2c34b663,1814,kaggle_3m/TCGA_DU_A5TP_19970614/TCGA_DU_A5TP_19970614_25_mask.tif,9
lgg_seg,lgg_seg,kaggle_3m/TCGA_DU_A5TP_19970614/TCGA_DU_A5TP_19970614_26.tif,TCGA_DU_A5TP_19970614_26,tumor,p54,train,none,1997,-1,,False,63a4cd8e2d34b663,1988,kaggle_3m/TCGA_DU_A5TP_19970614/TCGA_DU_A5TP_19970614_26_mask.tif,9
lgg_seg,lgg_seg,kaggle_3m/TCGA_DU_A5TP_19970614/TCGA_DU_A5TP_19970614_27.tif,TCGA_DU_A5TP_19970614_27,tumor,p54,train,none,1998,-1,,False,e184cb8e2d3cb663,2719,kaggle_3m/TCGA_DU_A5TP_19970614/TCGA_DU_A5TP_19970614_27_mask.tif,9
lgg_seg,lgg_seg,kaggle_3m/TCGA_DU_A5TP_19970614/TCGA_DU_A5TP_19970614_28.tif,TCGA_DU_A5TP_19970614_28,tumor,p54,train,none,1999,-1,,False,69e6c38c0d3cb473,1764,kaggle_3m/TCGA_DU_A5TP_19970614/TCGA_DU_A5TP_19970614_28_mask.tif,9
lgg_seg,lgg_seg,kaggle_3m/TCGA_DU_A5TP_19970614/TCGA_DU_A5TP_19970614_29.tif,TCGA_DU_A5TP_19970614_29,tumor,p54,train,none,1999,-1,duplicate_of:TCGA_DU_A5TP_19970614_28,False,71e6c38c0d3cb473,1932,kaggle_3m/TCGA_DU_A5TP_19970614/TCGA_DU_A5TP_19970614_29_mask.tif,9
lgg_seg,lgg_seg,kaggle_3m/TCGA_DU_A5TP_19970614/TCGA_DU_A5TP_19970614_3.tif,TCGA_DU_A5TP_19970614_3,empty,p54,train,none,2001,-1,,False,c98e1b2c6cf4b643,0,kaggle_3m/TCGA_DU_A5TP_19970614/TCGA_DU_A5TP_19970614_3_mask.tif,9
lgg_seg,lgg_seg,kaggle_3m/TCGA_DU_A5TP_19970614/TCGA_DU_A5TP_19970614_30.tif,TCGA_DU_A5TP_19970614_30,tumor,p54,train,none,2002,-1,,False,3966c38c659c9c73,1896,kaggle_3m/TCGA_DU_A5TP_19970614/TCGA_DU_A5TP_19970614_30_mask.tif,9
lgg_seg,lgg_seg,kaggle_3m/TCGA_DU_A5TP_19970614/TCGA_DU_A5TP_19970614_31.tif,TCGA_DU_A5TP_19970614_31,tumor,p54,train,none,2003,-1,,False,9966d18c639c9c73,1700,kaggle_3m/TCGA_DU_A5TP_19970614/TCGA_DU_A5TP_19970614_31_mask.tif,9
lgg_seg,lgg_seg,kaggle_3m/TCGA_DU_A5TP_19970614/TCGA_DU_A5TP_19970614_32.tif,TCGA_DU_A5TP_19970614_32,tumor,p54,train,none,2004,-1,,False,916359c6639c9c73,1375,kaggle_3m/TCGA_DU_A5TP_19970614/TCGA_DU_A5TP_19970614_32_mask.tif,9
lgg_seg,lgg_seg,kaggle_3m/TCGA_DU_A5TP_19970614/TCGA_DU_A5TP_19970614_33.tif,TCGA_DU_A5TP_19970614_33,tumor,p54,train,none,2005,-1,,False,32339966e39c1c73,332,kaggle_3m/TCGA_DU_A5TP_19970614/TCGA_DU_A5TP_19970614_33_mask.tif,9
lgg_seg,lgg_seg,kaggle_3m/TCGA_DU_A5TP_19970614/TCGA_DU_A5TP_19970614_34.tif,TCGA_DU_A5TP_19970614_34,empty,p54,train,none,2006,-1,,False,8e9b3964e38c2cd3,0,kaggle_3m/TCGA_DU_A5TP_19970614/TCGA_DU_A5TP_19970614_34_mask.tif,9
lgg_seg,lgg_seg,kaggle_3m/TCGA_DU_A5TP_19970614/TCGA_DU_A5TP_19970614_35.tif,TCGA_DU_A5TP_19970614_35,empty,p54,train,none,2007,-1,,False,4cd99171f3cc0cb3,0,kaggle_3m/TCGA_DU_A5TP_19970614/TCGA_DU_A5TP_19970614_35_mask.tif,9
lgg_seg,lgg_seg,kaggle_3m/TCGA_DU_A5TP_19970614/TCGA_DU_A5TP_19970614_36.tif,TCGA_DU_A5TP_19970614_36,empty,p54,train,none,2008,-1,,False,6473cc993364ec93,0,kaggle_3m/TCGA_DU_A5TP_19970614/TCGA_DU_A5TP_19970614_36_mask.tif,9
lgg_seg,lgg_seg,kaggle_3m/TCGA_DU_A5TP_19970614/TCGA_DU_A5TP_19970614_37.tif,TCGA_DU_A5TP_19970614_37,empty,p54,train,none,1969,-1,duplicate_of:TCGA_DU_8168_19970503_33,False,9933cc99336cccb1,0,kaggle_3m/TCGA_DU_A5TP_19970614/TCGA_DU_A5TP_19970614_37_mask.tif,9
lgg_seg,lgg_seg,kaggle_3m/TCGA_DU_A5TP_19970614/TCGA_DU_A5TP_19970614_38.tif,TCGA_DU_A5TP_19970614_38,empty,p54,train,none,2010,-1,,False,b68795da85c37bac,0,kaggle_3m/TCGA_DU_A5TP_19970614/TCGA_DU_A5TP_19970614_38_mask.tif,9
lgg_seg,lgg_seg,kaggle_3m/TCGA_DU_A5TP_19970614/TCGA_DU_A5TP_19970614_4.tif,TCGA_DU_A5TP_19970614_4,empty,p54,train,none,2011,-1,,False,c98e1b0cfcf46643,0,kaggle_3m/TCGA_DU_A5TP_19970614/TCGA_DU_A5TP_19970614_4_mask.tif,9
lgg_seg,lgg_seg,kaggle_3m/TCGA_DU_A5TP_19970614/TCGA_DU_A5TP_19970614_5.tif,TCGA_DU_A5TP_19970614_5,empty,p54,train,none,2012,-1,,False,cb2c1b1cd9b4e643,0,kaggle_3m/TCGA_DU_A5TP_19970614/TCGA_DU_A5TP_19970614_5_mask.tif,9
lgg_seg,lgg_seg,kaggle_3m/TCGA_DU_A5TP_19970614/TCGA_DU_A5TP_19970614_6.tif,TCGA_DU_A5TP_19970614_6,empty,p54,train,none,2013,-1,,False,db2c0d9c79b4a643,0,kaggle_3m/TCGA_DU_A5TP_19970614/TCGA_DU_A5TP_19970614_6_mask.tif,9
lgg_seg,lgg_seg,kaggle_3m/TCGA_DU_A5TP_19970614/TCGA_DU_A5TP_19970614_7.tif,TCGA_DU_A5TP_19970614_7,empty,p54,train,none,2014,-1,,False,db2e099cf0fc2643,0,kaggle_3m/TCGA_DU_A5TP_19970614/TCGA_DU_A5TP_19970614_7_mask.tif,9
lgg_seg,lgg_seg,kaggle_3m/TCGA_DU_A5TP_19970614/TCGA_DU_A5TP_19970614_8.tif,TCGA_DU_A5TP_19970614_8,empty,p54,train,none,2015,-1,,False,f10e093cf27c36c3,0,kaggle_3m/TCGA_DU_A5TP_19970614/TCGA_DU_A5TP_19970614_8_mask.tif,9
lgg_seg,lgg_seg,kaggle_3m/TCGA_DU_A5TP_19970614/TCGA_DU_A5TP_19970614_9.tif,TCGA_DU_A5TP_19970614_9,empty,p54,train,none,2016,-1,,False,f80e4bbcb8fc2603,0,kaggle_3m/TCGA_DU_A5TP_19970614/TCGA_DU_A5TP_19970614_9_mask.tif,9
lgg_seg,lgg_seg,kaggle_3m/TCGA_DU_A5TR_19970726/TCGA_DU_A5TR_19970726_1.tif,TCGA_DU_A5TR_19970726_1,empty,p6,train,none,2017,-1,,False,c9c6992c783ce6c3,0,kaggle_3m/TCGA_DU_A5TR_19970726/TCGA_DU_A5TR_19970726_1_mask.tif,2
lgg_seg,lgg_seg,kaggle_3m/TCGA_DU_A5TR_19970726/TCGA_DU_A5TR_19970726_10.tif,TCGA_DU_A5TR_19970726_10,empty,p6,train,none,2018,-1,,False,cc8e4bb6b076262b,0,kaggle_3m/TCGA_DU_A5TR_19970726/TCGA_DU_A5TR_19970726_10_mask.tif,2
lgg_seg,lgg_seg,kaggle_3m/TCGA_DU_A5TR_19970726/TCGA_DU_A5TR_19970726_11.tif,TCGA_DU_A5TR_19970726_11,empty,p6,train,none,2019,-1,,False,dc8e4bb63836264b,0,kaggle_3m/TCGA_DU_A5TR_19970726/TCGA_DU_A5TR_19970726_11_mask.tif,2
lgg_seg,lgg_seg,kaggle_3m/TCGA_DU_A5TR_19970726/TCGA_DU_A5TR_19970726_12.tif,TCGA_DU_A5TR_19970726_12,tumor,p6,train,none,2020,-1,,False,f9ce4b963c342649,155,kaggle_3m/TCGA_DU_A5TR_19970726/TCGA_DU_A5TR_19970726_12_mask.tif,2
lgg_seg,lgg_seg,kaggle_3m/TCGA_DU_A5TR_19970726/TCGA_DU_A5TR_19970726_13.tif,TCGA_DU_A5TR_19970726_13,tumor,p6,train,none,2021,-1,,False,d9cccb863c3c264b,527,kaggle_3m/TCGA_DU_A5TR_19970726/TCGA_DU_A5TR_19970726_13_mask.tif,2
lgg_seg,lgg_seg,kaggle_3m/TCGA_DU_A5TR_19970726/TCGA_DU_A5TR_19970726_14.tif,TCGA_DU_A5TR_19970726_14,tumor,p6,train,none,2022,-1,,False,f99b4986363c264b,804,kaggle_3m/TCGA_DU_A5TR_19970726/TCGA_DU_A5TR_19970726_14_mask.tif,2
lgg_seg,lgg_seg,kaggle_3m/TCGA_DU_A5TR_19970726/TCGA_DU_A5TR_19970726_15.tif,TCGA_DU_A5TR_19970726_15,tumor,p6,train,none,2023,-1,,False,f9cbcd06253c164b,2366,kaggle_3m/TCGA_DU_A5TR_19970726/TCGA_DU_A5TR_19970726_15_mask.tif,2
lgg_seg,lgg_seg,kaggle_3m/TCGA_DU_A5TR_19970726/TCGA_DU_A5TR_19970726_16.tif,TCGA_DU_A5TR_19970726_16,tumor,p6,train,none,2024,-1,,False,d3cecd9c243c9643,3105,kaggle_3m/TCGA_DU_A5TR_19970726/TCGA_DU_A5TR_19970726_16_mask.tif,2
lgg_seg,lgg_seg,kaggle_3m/TCGA_DU_A5TR_19970726/TCGA_DU_A5TR_19970726_17.tif,TCGA_DU_A5TR_19970726_17,tumor,p6,train,none,2025,-1,,False,e3cc4c1e2c3cd6c3,3661,kaggle_3m/TCGA_DU_A5TR_19970726/TCGA_DU_A5TR_19970726_17_mask.tif,2
lgg_seg,lgg_seg,kaggle_3m/TCGA_DU_A5TR_19970726/TCGA_DU_A5TR_19970726_18.tif,TCGA_DU_A5TR_19970726_18,tumor,p6,train,none,2026,-1,,False,e34e4c3c24bcd6c3,4402,kaggle_3m/TCGA_DU_A5TR_19970726/TCGA_DU_A5TR_19970726_18_mask.tif,2
lgg_seg,lgg_seg,kaggle_3m/TCGA_DU_A5TR_19970726/TCGA_DU_A5TR_19970726_19.tif,TCGA_DU_A5TR_19970726_19,tumor,p6,train,none,10,-1,duplicate_of:TCGA_CS_5396_20010302_19,False,e38e493e2c9c96c3,4568,kaggle_3m/TCGA_DU_A5TR_19970726/TCGA_DU_A5TR_19970726_19_mask.tif,2
lgg_seg,lgg_seg,kaggle_3m/TCGA_DU_A5TR_19970726/TCGA_DU_A5TR_19970726_2.tif,TCGA_DU_A5TR_19970726_2,empty,p6,train,none,2028,-1,,False,cde68c2638bc63c9,0,kaggle_3m/TCGA_DU_A5TR_19970726/TCGA_DU_A5TR_19970726_2_mask.tif,2
lgg_seg,lgg_seg,kaggle_3m/TCGA_DU_A5TR_19970726/TCGA_DU_A5TR_19970726_20.tif,TCGA_DU_A5TR_19970726_20,tumor,p6,train,none,10,-1,duplicate_of:TCGA_CS_5396_20010302_19,False,638e493c2dbc96c3,4098,kaggle_3m/TCGA_DU_A5TR_19970726/TCGA_DU_A5TR_19970726_20_mask.tif,2
lgg_seg,lgg_seg,kaggle_3m/TCGA_DU_A5TR_19970726/TCGA_DU_A5TR_19970726_21.tif,TCGA_DU_A5TR_19970726_21,tumor,p6,train,none,10,-1,duplicate_of:TCGA_CS_5396_20010302_19,False,4b8e493c2d3cb6c3,2833,kaggle_3m/TCGA_DU_A5TR_19970726/TCGA_DU_A5TR_19970726_21_mask.tif,2
lgg_seg,lgg_seg,kaggle_3m/TCGA_DU_A5TR_19970726/TCGA_DU_A5TR_19970726_22.tif,TCGA_DU_A5TR_19970726_22,tumor,p6,train,none,2031,-1,,False,698ee10c2d3cb6cb,2319,kaggle_3m/TCGA_DU_A5TR_19970726/TCGA_DU_A5TR_19970726_22_mask.tif,2
lgg_seg,lgg_seg,kaggle_3m/TCGA_DU_A5TR_19970726/TCGA_DU_A5TR_19970726_23.tif,TCGA_DU_A5TR_19970726_23,tumor,p6,train,none,10,-1,duplicate_of:TCGA_CS_5396_20010302_19,False,f3cc490e0d3cb6c3,1079,kaggle_3m/TCGA_DU_A5TR_19970726/TCGA_DU_A5TR_19970726_23_mask.tif,2
lgg_seg,lgg_seg,kaggle_3m/TCGA_DU_A5TR_19970726/TCGA_DU_A5TR_19970726_24.tif,TCGA_DU_A5TR_19970726_24,tumor,p6,train,none,10,-1,duplicate_of:TCGA_CS_5396_20010302_19,False,d3ce498c2d34b6c3,923,kaggle_3m/TCGA_DU_A5TR_19970726/TCGA_DU_A5TR_19970726_24_mask.tif,2
lgg_seg,lgg_seg,kaggle_3m/TCGA_DU_A5TR_19970726/TCGA_DU_A5TR_19970726_25.tif,TCGA_DU_A5TR_19970726_25,tumor,p6,train,none,10,-1,duplicate_of:TCGA_CS_5396_20010302_19,False,d3ccc90c2d3cb6c3,499,kaggle_3m/TCGA_DU_A5TR_19970726/TCGA_DU_A5TR_19970726_25_mask.tif,2
lgg_seg,lgg_seg,kaggle_3m/TCGA_DU_A5TR_19970726/TCGA_DU_A5TR_19970726_26.tif,TCGA_DU_A5TR_19970726_26,tumor,p6,train,none,10,-1,label_conflict,False,f3ccc90c0d3cb6c3,114,kaggle_3m/TCGA_DU_A5TR_19970726/TCGA_DU_A5TR_19970726_26_mask.tif,2
lgg_seg,lgg_seg,kaggle_3m/TCGA_DU_A5TR_19970726/TCGA_DU_A5TR_19970726_27.tif,TCGA_DU_A5TR_19970726_27,empty,p6,train,none,10,-1,label_conflict,False,f3ccc90c0d3cb6c3,0,kaggle_3m/TCGA_DU_A5TR_19970726/TCGA_DU_A5TR_19970726_27_mask.tif,2
lgg_seg,lgg_seg,kaggle_3m/TCGA_DU_A5TR_19970726/TCGA_DU_A5TR_19970726_28.tif,TCGA_DU_A5TR_19970726_28,empty,p6,train,none,10,-1,duplicate_of:TCGA_CS_4941_19960909_19,False,f384c90c4d3cb6d3,0,kaggle_3m/TCGA_DU_A5TR_19970726/TCGA_DU_A5TR_19970726_28_mask.tif,2
lgg_seg,lgg_seg,kaggle_3m/TCGA_DU_A5TR_19970726/TCGA_DU_A5TR_19970726_29.tif,TCGA_DU_A5TR_19970726_29,empty,p6,train,none,10,-1,duplicate_of:TCGA_CS_4941_19960909_19,False,33c6c30c4d3cb6d3,0,kaggle_3m/TCGA_DU_A5TR_19970726/TCGA_DU_A5TR_19970726_29_mask.tif,2
lgg_seg,lgg_seg,kaggle_3m/TCGA_DU_A5TR_19970726/TCGA_DU_A5TR_19970726_3.tif,TCGA_DU_A5TR_19970726_3,empty,p6,train,none,2017,-1,duplicate_of:TCGA_DU_A5TR_19970726_1,False,c9c6982c3c3ce7c3,0,kaggle_3m/TCGA_DU_A5TR_19970726/TCGA_DU_A5TR_19970726_3_mask.tif,2
lgg_seg,lgg_seg,kaggle_3m/TCGA_DU_A5TR_19970726/TCGA_DU_A5TR_19970726_30.tif,TCGA_DU_A5TR_19970726_30,empty,p6,train,none,10,-1,duplicate_of:TCGA_CS_4941_19960909_19,False,31c6d30c4d3cb6d3,0,kaggle_3m/TCGA_DU_A5TR_19970726/TCGA_DU_A5TR_19970726_30_mask.tif,2
lgg_seg,lgg_seg,kaggle_3m/TCGA_DU_A5TR_19970726/TCGA_DU_A5TR_19970726_31.tif,TCGA_DU_A5TR_19970726_31,empty,p6,train,none,10,-1,duplicate_of:TCGA_CS_4941_19960909_19,False,31e6d38c493c36d3,0,kaggle_3m/TCGA_DU_A5TR_19970726/TCGA_DU_A5TR_19970726_31_mask.tif,2
lgg_seg,lgg_seg,kaggle_3m/TCGA_DU_A5TR_19970726/TCGA_DU_A5TR_19970726_32.tif,TCGA_DU_A5TR_19970726_32,empty,p6,train,none,2042,-1,,False,3163d3ccc90c36f3,0,kaggle_3m/TCGA_DU_A5TR_19970726/TCGA_DU_A5TR_19970726_32_mask.tif,2
lgg_seg,lgg_seg,kaggle_3m/TCGA_DU_A5TR_19970726/TCGA_DU_A5TR_19970726_33.tif,TCGA_DU_A5TR_19970726_33,empty,p6,train,none,10,-1,duplicate_of:TCGA_CS_4941_19960909_19,False,3473b3c4c90c36f3,0,kaggle_3m/TCGA_DU_A5TR_19970726/TCGA_DU_A5TR_19970726_33_mask.tif,2
lgg_seg,lgg_seg,kaggle_3m/TCGA_DU_A5TR_19970726/TCGA_DU_A5TR_19970726_34.tif,TCGA_DU_A5TR_19970726_34,empty,p6,train,none,2044,-1,,False,8c333be6c98c247b,0,kaggle_3m/TCGA_DU_A5TR_19970726/TCGA_DU_A5TR_19970726_34_mask.tif,2
lgg_seg,lgg_seg,kaggle_3m/TCGA_DU_A5TR_19970726/TCGA_DU_A5TR_19970726_35.tif,TCGA_DU_A5TR_19970726_35,empty,p6,train,none,2045,-1,,False,4671b362d9cc263b,0,kaggle_3m/TCGA_DU_A5TR_19970726/TCGA_DU_A5TR_19970726_35_mask.tif,2
lgg_seg,lgg_seg,kaggle_3m/TCGA_DU_A5TR_19970726/TCGA_DU_A5TR_19970726_36.tif,TCGA_DU_A5TR_19970726_36,empty,p6,train,none,161,-1,duplicate_of:TCGA_CS_5397_20010315_22,False,64d9263399e66699,0,kaggle_3m/TCGA_DU_A5TR_19970726/TCGA_DU_A5TR_19970726_36_mask.tif,2
lgg_seg,lgg_seg,kaggle_3m/TCGA_DU_A5TR_19970726/TCGA_DU_A5TR_19970726_37.tif,TCGA_DU_A5TR_19970726_37,empty,p6,train,none,2047,-1,,False,389b64669b6c649b,0,kaggle_3m/TCGA_DU_A5TR_19970726/TCGA_DU_A5TR_19970726_37_mask.tif,2
lgg_seg,lgg_seg,kaggle_3m/TCGA_DU_A5TR_19970726/TCGA_DU_A5TR_19970726_38.tif,TCGA_DU_A5TR_19970726_38,empty,p6,train,none,2048,-1,,False,d4e1623b0283a92a,0,kaggle_3m/TCGA_DU_A5TR_19970726/TCGA_DU_A5TR_19970726_38_mask.tif,2
lgg_seg,lgg_seg,kaggle_3m/TCGA_DU_A5TR_19970726/TCGA_DU_A5TR_19970726_4.tif,TCGA_DU_A5TR_19970726_4,empty,p6,train,none,2049,-1,,False,c9ce19267c34a6cb,0,kaggle_3m/TCGA_DU_A5TR_19970726/TCGA_DU_A5TR_19970726_4_mask.tif,2
lgg_seg,lgg_seg,kaggle_3m/TCGA_DU_A5TR_19970726/TCGA_DU_A5TR_19970726_5.tif,TCGA_DU_A5TR_19970726_5,empty,p6,train,none,2050,-1,,False,d9ce8e243cb4a64b,0,kaggle_3m/TCGA_DU_A5TR_19970726/TCGA_DU_A5TR_19970726_5_mask.tif,2
lgg_seg,lgg_seg,kaggle_3m/TCGA_DU_A5TR_19970726/TCGA_DU_A5TR_19970726_6.tif,TCGA_DU_A5TR_19970726_6,empty,p6,train,none,2051,-1,,False,d98c8f3638b6864b,0,kaggle_3m/TCGA_DU_A5TR_19970726/TCGA_DU_A5TR_19970726_6_mask.tif,2
lgg_seg,lgg_seg,kaggle_3m/TCGA_DU_A5TR_19970726/TCGA_DU_A5TR_19970726_7.tif,TCGA_DU_A5TR_19970726_7,empty,p6,train,none,2051,-1,duplicate_of:TCGA_DU_A5TR_19970726_6,False,d98c0f3638b6a64b,0,kaggle_3m/TCGA_DU_A5TR_19970726/TCGA_DU_A5TR_19970726_7_mask.tif,2
lgg_seg,lgg_seg,kaggle_3m/TCGA_DU_A5TR_19970726/TCGA_DU_A5TR_19970726_8.tif,TCGA_DU_A5TR_19970726_8,empty,p6,train,none,2019,-1,duplicate_of:TCGA_DU_A5TR_19970726_11,False,d98e4bb63836264b,0,kaggle_3m/TCGA_DU_A5TR_19970726/TCGA_DU_A5TR_19970726_8_mask.tif,2
lgg_seg,lgg_seg,kaggle_3m/TCGA_DU_A5TR_19970726/TCGA_DU_A5TR_19970726_9.tif,TCGA_DU_A5TR_19970726_9,empty,p6,train,none,2019,-1,duplicate_of:TCGA_DU_A5TR_19970726_11,False,cb8e4bb63836264b,0,kaggle_3m/TCGA_DU_A5TR_19970726/TCGA_DU_A5TR_19970726_9_mask.tif,2
lgg_seg,lgg_seg,kaggle_3m/TCGA_DU_A5TS_19970726/TCGA_DU_A5TS_19970726_1.tif,TCGA_DU_A5TS_19970726_1,empty,p56,train,none,2055,-1,,False,b316b3b452526da9,0,kaggle_3m/TCGA_DU_A5TS_19970726/TCGA_DU_A5TS_19970726_1_mask.tif,3
lgg_seg,lgg_seg,kaggle_3m/TCGA_DU_A5TS_19970726/TCGA_DU_A5TS_19970726_10.tif,TCGA_DU_A5TS_19970726_10,tumor,p56,train,none,2056,-1,,False,5b2ea7b416526ca9,761,kaggle_3m/TCGA_DU_A5TS_19970726/TCGA_DU_A5TS_19970726_10_mask.tif,3
lgg_seg,lgg_seg,kaggle_3m/TCGA_DU_A5TS_19970726/TCGA_DU_A5TS_19970726_11.tif,TCGA_DU_A5TS_19970726_11,tumor,p56,train,none,2056,-1,duplicate_of:TCGA_DU_A5TS_19970726_10,False,4b3ca7b41652eca9,1202,kaggle_3m/TCGA_DU_A5TS_19970726/TCGA_DU_A5TS_19970726_11_mask.tif,3
lgg_seg,lgg_seg,kaggle_3m/TCGA_DU_A5TS_19970726/TCGA_DU_A5TS_19970726_12.tif,TCGA_DU_A5TS_19970726_12,tumor,p56,train,none,2058,-1,,False,5b1ce5b486526ce9,1419,kaggle_3m/TCGA_DU_A5TS_19970726/TCGA_DU_A5TS_19970726_12_mask.tif,3
lgg_seg,lgg_seg,kaggle_3m/TCGA_DU_A5TS_19970726/TCGA_DU_A5TS_19970726_13.tif,TCGA_DU_A5TS_19970726_13,tumor,p56,train,none,2059,-1,,False,4b0ca7b686da6c69,2532,kaggle_3m/TCGA_DU_A5TS_19970726/TCGA_DU_A5TS_19970726_13_mask.tif,3
lgg_seg,lgg_seg,kaggle_3m/TCGA_DU_A5TS_19970726/TCGA_DU_A5TS_19970726_14.tif,TCGA_DU_A5TS_19970726_14,tumor,p56,train,none,2060,-1,,False,633ca5b6865a6c69,3415,kaggle_3m/TCGA_DU_A5TS_19970726/TCGA_DU_A5TS_19970726_14_mask.tif,3
lgg_seg,lgg_seg,kaggle_3m/TCGA_DU_A5TS_19970726/TCGA_DU_A5TS_19970726_15.tif,TCGA_DU_A5TS_19970726_15,tumor,p56,train,none,2061,-1,,False,633ca6b60eda6c61,4035,kaggle_3m/TCGA_DU_A5TS_19970726/TCGA_DU_A5TS_19970726_15_mask.tif,3
lgg_seg,lgg_seg,kaggle_3m/TCGA_DU_A5TS_19970726/TCGA_DU_A5TS_19970726_16.tif,TCGA_DU_A5TS_19970726_16,tumor,p56,train,none,2061,-1,duplicate_of:TCGA_DU_A5TS_19970726_15,False,6336a7b60ed86c61,4079,kaggle_3m/TCGA_DU_A5TS_19970726/TCGA_DU_A5TS_19970726_16_mask.tif,3
lgg_seg,lgg_seg,kaggle_3m/TCGA_DU_A5TS_19970726/TCGA_DU_A5TS_19970726_17.tif,TCGA_DU_A5TS_19970726_17,tumor,p56,train,none,2063,-1,,False,6336e6948ed87c61,3773,kaggle_3m/TCGA_DU_A5TS_19970726/TCGA_DU_A5TS_19970726_17_mask.tif,3
lgg_seg,lgg_seg,kaggle_3m/TCGA_DU_A5TS_19970726/TCGA_DU_A5TS_19970726_18.tif,TCGA_DU_A5TS_19970726_18,tumor,p56,train,none,2063,-1,duplicate_of:TCGA_DU_A5TS_19970726_17,False,6326e69c8ed87463,3442,kaggle_3m/TCGA_DU_A5TS_19970726/TCGA_DU_A5TS_19970726_18_mask.tif,3
lgg_seg,lgg_seg,kaggle_3m/TCGA_DU_A5TS_19970726/TCGA_DU_A5TS_19970726_19.tif,TCGA_DU_A5TS_19970726_19,tumor,p56,train,none,2065,-1,,False,6306e7bc0cd87663,2691,kaggle_3m/TCGA_DU_A5TS_19970726/TCGA_DU_A5TS_19970726_19_mask.tif,3
lgg_seg,lgg_seg,kaggle_3m/TCGA_DU_A5TS_19970726/TCGA_DU_A5TS_19970726_2.tif,TCGA_DU_A5TS_19970726_2,empty,p56,train,none,2055,-1,duplicate_of:TCGA_DU_A5TS_19970726_1,False,b39696b4525269e9,0,kaggle_3m/TCGA_DU_A5TS_19970726/TCGA_DU_A5TS_19970726_2_mask.tif,3
lgg_seg,lgg_seg,kaggle_3m/TCGA_DU_A5TS_19970726/TCGA_DU_A5TS_19970726_20.tif,TCGA_DU_A5TS_19970726_20,tumor,p56,train,none,2067,-1,,False,6126e3b68cdc7463,2062,kaggle_3m/TCGA_DU_A5TS_19970726/TCGA_DU_A5TS_19970726_20_mask.tif,3
lgg_seg,lgg_seg,kaggle_3m/TCGA_DU_A5TS_19970726/TCGA_DU_A5TS_19970726_21.tif,TCGA_DU_A5TS_19970726_21,tumor,p56,train,none,2067,-1,duplicate_of:TCGA_DU_A5TS_19970726_20,False,692663b68edc3463,1196,kaggle_3m/TCGA_DU_A5TS_19970726/TCGA_DU_A5TS_19970726_21_mask.tif,3
lgg_seg,lgg_seg,kaggle_3m/TCGA_DU_A5TS_19970726/TCGA_DU_A5TS_19970726_22.tif,TCGA_DU_A5TS_19970726_22,tumor,p56,train,none,2069,-1,,False,d92663368e9cbc43,513,kaggle_3m/TCGA_DU_A5TS_19970726/TCGA_DU_A5TS_19970726_22_mask.tif,3
lgg_seg,lgg_seg,kaggle_3m/TCGA_DU_A5TS_19970726/TCGA_DU_A5TS_19970726_23.tif,TCGA_DU_A5TS_19970726_23,empty,p56,train,none,2070,-1,,False,5b26e1360fb43c4b,0,kaggle_3m/TCGA_DU_A5TS_19970726/TCGA_DU_A5TS_19970726_23_mask.tif,3
lgg_seg,lgg_seg,kaggle_3m/TCGA_DU_A5TS_19970726/TCGA_DU_A5TS_19970726_24.tif,TCGA_DU_A5TS_19970726_24,empty,p56,train,none,2071,-1,,False,d324e3260fb4bc4b,0,kaggle_3m/TCGA_DU_A5TS_19970726/TCGA_DU_A5TS_19970726_24_mask.tif,3
lgg_seg,lgg_seg,kaggle_3m/TCGA_DU_A5TS_19970726/TCGA_DU_A5TS_19970726_25.tif,TCGA_DU_A5TS_19970726_25,empty,p56,train,none,2072,-1,,False,d36ce3264d96b449,0,kaggle_3m/TCGA_DU_A5TS_19970726/TCGA_DU_A5TS_19970726_25_mask.tif,3
lgg_seg,lgg_seg,kaggle_3m/TCGA_DU_A5TS_19970726/TCGA_DU_A5TS_19970726_26.tif,TCGA_DU_A5TS_19970726_26,empty,p56,train,none,2073,-1,,False,936cd324cfb63c41,0,kaggle_3m/TCGA_DU_A5TS_19970726/TCGA_DU_A5TS_19970726_26_mask.tif,3
lgg_seg,lgg_seg,kaggle_3m/TCGA_DU_A5TS_19970726/TCGA_DU_A5TS_19970726_27.tif,TCGA_DU_A5TS_19970726_27,empty,p56,train,none,2074,-1,,False,334cf324cb363c53,0,kaggle_3m/TCGA_DU_A5TS_19970726/TCGA_DU_A5TS_19970726_27_mask.tif,3
lgg_seg,lgg_seg,kaggle_3m/TCGA_DU_A5TS_19970726/TCGA_DU_A5TS_19970726_28.tif,TCGA_DU_A5TS_19970726_28,empty,p56,train,none,2075,-1,,False,33cdf36cc3360c51,0,kaggle_3m/TCGA_DU_A5TS_19970726/TCGA_DU_A5TS_19970726_28_mask.tif,3
lgg_seg,lgg_seg,kaggle_3m/TCGA_DU_A5TS_19970726/TCGA_DU_A5TS_19970726_29.tif,TCGA_DU_A5TS_19970726_29,empty,p56,train,none,2076,-1,,False,36d9336cc9268c73,0,kaggle_3m/TCGA_DU_A5TS_19970726/TCGA_DU_A5TS_19970726_29_mask.tif,3
lgg_seg,lgg_seg,kaggle_3m/TCGA_DU_A5TS_19970726/TCGA_DU_A5TS_19970726_3.tif,TCGA_DU_A5TS_19970726_3,empty,p56,train,none,2055,-1,duplicate_of:TCGA_DU_A5TS_19970726_1,False,b39692b456526da9,0,kaggle_3m/TCGA_DU_A5TS_19970726/TCGA_DU_A5TS_19970726_3_mask.tif,3
lgg_seg,lgg_seg,kaggle_3m/TCGA_DU_A5TS_19970726/TCGA_DU_A5TS_19970726_30.tif,TCGA_DU_A5TS_19970726_30,empty,p56,train,none,2078,-1,,False,2699334ceba68c73,0,kaggle_3m/TCGA_DU_A5TS_19970726/TCGA_DU_A5TS_19970726_30_mask.tif,3
lgg_seg,lgg_seg,kaggle_3m/TCGA_DU_A5TS_19970726/TCGA_DU_A5TS_19970726_31.tif,TCGA_DU_A5TS_19970726_31,empty,p56,train,none,2079,-1,,False,cc9b334973c6cc31,0,kaggle_3m/TCGA_DU_A5TS_19970726/TCGA_DU_A5TS_19970726_31_mask.tif,3
lgg_seg,lgg_seg,kaggle_3m/TCGA_DU_A5TS_19970726/TCGA_DU_A5TS_19970726_32.tif,TCGA_DU_A5TS_19970726_32,empty,p56,train,none,161,-1,duplicate_of:TCGA_CS_5397_20010315_22,False,d96666993966c499,0,kaggle_3m/TCGA_DU_A5TS_19970726/TCGA_DU_A5TS_19970726_32_mask.tif,3
lgg_seg,lgg_seg,kaggle_3m/TCGA_DU_A5TS_19970726/TCGA_DU_A5TS_19970726_33.tif,TCGA_DU_A5TS_19970726_33,empty,p56,train,none,161,-1,duplicate_of:TCGA_CS_5397_20010315_22,False,99666699bb664499,0,kaggle_3m/TCGA_DU_A5TS_19970726/TCGA_DU_A5TS_19970726_33_mask.tif,3
lgg_seg,lgg_seg,kaggle_3m/TCGA_DU_A5TS_19970726/TCGA_DU_A5TS_19970726_34.tif,TCGA_DU_A5TS_19970726_34,empty,p56,train,none,2082,-1,,False,96c9ae41aa52a4c0,0,kaggle_3m/TCGA_DU_A5TS_19970726/TCGA_DU_A5TS_19970726_34_mask.tif,3
lgg_seg,lgg_seg,kaggle_3m/TCGA_DU_A5TS_19970726/TCGA_DU_A5TS_19970726_35.tif,TCGA_DU_A5TS_19970726_35,empty,p56,train,none,2083,-1,,False,82bf835a1eeeca94,0,kaggle_3m/TCGA_DU_A5TS_19970726/TCGA_DU_A5TS_19970726_35_mask.tif,3
lgg_seg,lgg_seg,kaggle_3m/TCGA_DU_A5TS_19970726/TCGA_DU_A5TS_19970726_4.tif,TCGA_DU_A5TS_19970726_4,empty,p56,train,none,2055,-1,duplicate_of:TCGA_DU_A5TS_19970726_1,False,b31693b456526da9,0,kaggle_3m/TCGA_DU_A5TS_19970726/TCGA_DU_A5TS_19970726_4_mask.tif,3
lgg_seg,lgg_seg,kaggle_3m/TCGA_DU_A5TS_19970726/TCGA_DU_A5TS_19970726_5.tif,TCGA_DU_A5TS_19970726_5,empty,p56,train,none,2055,-1,duplicate_of:TCGA_DU_A5TS_19970726_1,False,f21693b456522de9,0,kaggle_3m/TCGA_DU_A5TS_19970726/TCGA_DU_A5TS_19970726_5_mask.tif,3
lgg_seg,lgg_seg,kaggle_3m/TCGA_DU_A5TS_19970726/TCGA_DU_A5TS_19970726_6.tif,TCGA_DU_A5TS_19970726_6,empty,p56,train,none,2055,-1,duplicate_of:TCGA_DU_A5TS_19970726_1,False,f216b3b456522da9,0,kaggle_3m/TCGA_DU_A5TS_19970726/TCGA_DU_A5TS_19970726_6_mask.tif,3
lgg_seg,lgg_seg,kaggle_3m/TCGA_DU_A5TS_19970726/TCGA_DU_A5TS_19970726_7.tif,TCGA_DU_A5TS_19970726_7,empty,p56,train,none,2055,-1,duplicate_of:TCGA_DU_A5TS_19970726_1,False,7316a7b456522da9,0,kaggle_3m/TCGA_DU_A5TS_19970726/TCGA_DU_A5TS_19970726_7_mask.tif,3
lgg_seg,lgg_seg,kaggle_3m/TCGA_DU_A5TS_19970726/TCGA_DU_A5TS_19970726_8.tif,TCGA_DU_A5TS_19970726_8,empty,p56,train,none,2088,-1,,False,f336a5b416526ca9,0,kaggle_3m/TCGA_DU_A5TS_19970726/TCGA_DU_A5TS_19970726_8_mask.tif,3
lgg_seg,lgg_seg,kaggle_3m/TCGA_DU_A5TS_19970726/TCGA_DU_A5TS_19970726_9.tif,TCGA_DU_A5TS_19970726_9,tumor,p56,train,none,2056,-1,duplicate_of:TCGA_DU_A5TS_19970726_10,False,5b26a5b496526ce9,448,kaggle_3m/TCGA_DU_A5TS_19970726/TCGA_DU_A5TS_19970726_9_mask.tif,3
lgg_seg,lgg_seg,kaggle_3m/TCGA_DU_A5TT_19980318/TCGA_DU_A5TT_19980318_1.tif,TCGA_DU_A5TT_19980318_1,empty,p57,test,none,2090,-1,,True,79e4e30ccb9c24e3,0,kaggle_3m/TCGA_DU_A5TT_19980318/TCGA_DU_A5TT_19980318_1_mask.tif,0
lgg_seg,lgg_seg,kaggle_3m/TCGA_DU_A5TT_19980318/TCGA_DU_A5TT_19980318_10.tif,TCGA_DU_A5TT_19980318_10,empty,p57,test,none,2091,-1,,True,7362e1ac1e5ee4a1,0,kaggle_3m/TCGA_DU_A5TT_19980318/TCGA_DU_A5TT_19980318_10_mask.tif,0
lgg_seg,lgg_seg,kaggle_3m/TCGA_DU_A5TT_19980318/TCGA_DU_A5TT_19980318_11.tif,TCGA_DU_A5TT_19980318_11,empty,p57,test,none,2091,-1,duplicate_of:TCGA_DU_A5TT_19980318_10,True,7353e12c1e5ee4a1,0,kaggle_3m/TCGA_DU_A5TT_19980318/TCGA_DU_A5TT_19980318_11_mask.tif,0
lgg_seg,lgg_seg,kaggle_3m/TCGA_DU_A5TT_19980318/TCGA_DU_A5TT_19980318_12.tif,TCGA_DU_A5TT_19980318_12,empty,p57,test,none,2091,-1,duplicate_of:TCGA_DU_A5TT_19980318_10,True,7353e12c1e5ee4a1,0,kaggle_3m/TCGA_DU_A5TT_19980318/TCGA_DU_A5TT_19980318_12_mask.tif,0
lgg_seg,lgg_seg,kaggle_3m/TCGA_DU_A5TT_19980318/TCGA_DU_A5TT_19980318_13.tif,TCGA_DU_A5TT_19980318_13,empty,p57,test,none,2094,-1,,True,72c3e5ac1e5e64a1,0,kaggle_3m/TCGA_DU_A5TT_19980318/TCGA_DU_A5TT_19980318_13_mask.tif,0
lgg_seg,lgg_seg,kaggle_3m/TCGA_DU_A5TT_19980318/TCGA_DU_A5TT_19980318_14.tif,TCGA_DU_A5TT_19980318_14,empty,p57,test,none,2095,-1,,True,7386e5a41e5e64e1,0,kaggle_3m/TCGA_DU_A5TT_19980318/TCGA_DU_A5TT_19980318_14_mask.tif,0
lgg_seg,lgg_seg,kaggle_3m/TCGA_DU_A5TT_19980318/TCGA_DU_A5TT_19980318_15.tif,TCGA_DU_A5TT_19980318_15,empty,p57,test,none,2096,-1,,True,6986e78c965e6c61,0,kaggle_3m/TCGA_DU_A5TT_19980318/TCGA_DU_A5TT_19980318_15_mask.tif,0
lgg_seg,lgg_seg,kaggle_3m/TCGA_DU_A5TT_19980318/TCGA_DU_A5TT_19980318_16.tif,TCGA_DU_A5TT_19980318_16,empty,p57,test,none,2097,-1,,True,6906e7949e5e6469,0,kaggle_3m/TCGA_DU_A5TT_19980318/TCGA_DU_A5TT_19980318_16_mask.tif,0
lgg_seg,lgg_seg,kaggle_3m/TCGA_DU_A5TT_19980318/TCGA_DU_A5TT_19980318_17.tif,TCGA_DU_A5TT_19980318_17,empty,p57,test,none,2097,-1,duplicate_of:TCGA_DU_A5TT_19980318_16,True,691687949e5e6c69,0,kaggle_3m/TCGA_DU_A5TT_19980318/TCGA_DU_A5TT_19980318_17_mask.tif,0
lgg_seg,lgg_seg,kaggle_3m/TCGA_DU_A5TT_19980318/TCGA_DU_A5TT_19980318_18.tif,TCGA_DU_A5TT_19980318_18,empty,p57,test,none,2099,-1,,True,61a586969e5e6c69,0,kaggle_3m/TCGA_DU_A5TT_19980318/TCGA_DU_A5TT_19980318_18_mask.tif,0
lgg_seg,lgg_seg,kaggle_3m/TCGA_DU_A5TT_19980318/TCGA_DU_A5TT_19980318_19.tif,TCGA_DU_A5TT_19980318_19,empty,p57,test,none,2099,-1,duplicate_of:TCGA_DU_A5TT_19980318_18,True,69a5849e9e5e6469,0,kaggle_3m/TCGA_DU_A5TT_19980318/TCGA_DU_A5TT_19980318_19_mask.tif,0
lgg_seg,lgg_seg,kaggle_3m/TCGA_DU_A5TT_19980318/TCGA_DU_A5TT_19980318_2.tif,TCGA_DU_A5TT_19980318_2,empty,p57,test,none,2101,-1,,True,79e4e30c1f9ca463,0,kaggle_3m/TCGA_DU_A5TT_19980318/TCGA_DU_A5TT_19980318_2_mask.tif,0
lgg_seg,lgg_seg,kaggle_3m/TCGA_DU_A5TT_19980318/TCGA_DU_A5TT_19980318_20.tif,TCGA_DU_A5TT_19980318_20,empty,p57,test,none,2102,-1,,True,e3958c9e1e5e6461,0,kaggle_3m/TCGA_DU_A5TT_19980318/TCGA_DU_A5TT_19980318_20_mask.tif,0
lgg_seg,lgg_seg,kaggle_3m/TCGA_DU_A5TT_19980318/TCGA_DU_A5TT_19980318_21.tif,TCGA_DU_A5TT_19980318_21,empty,p57,test,none,2103,-1,,True,c1948e9e0e5e74e9,0,kaggle_3m/TCGA_DU_A5TT_19980318/TCGA_DU_A5TT_19980318_21_mask.tif,0
lgg_seg,lgg_seg,kaggle_3m/TCGA_DU_A5TT_19980318/TCGA_DU_A5TT_19980318_22.tif,TCGA_DU_A5TT_19980318_22,empty,p57,test,none,2103,-1,duplicate_of:TCGA_DU_A5TT_19980318_21,True,c19c859e0e5e74e9,0,kaggle_3m/TCGA_DU_A5TT_19980318/TCGA_DU_A5TT_19980318_22_mask.tif,0
lgg_seg,lgg_seg,kaggle_3m/TCGA_DU_A5TT_19980318/TCGA_DU_A5TT_19980318_23.tif,TCGA_DU_A5TT_19980318_23,empty,p57,test,none,2103,-1,duplicate_of:TCGA_DU_A5TT_19980318_21,True,e18c879e065e74e9,0,kaggle_3m/TCGA_DU_A5TT_19980318/TCGA_DU_A5TT_19980318_23_mask.tif,0
lgg_seg,lgg_seg,kaggle_3m/TCGA_DU_A5TT_19980318/TCGA_DU_A5TT_19980318_24.tif,TCGA_DU_A5TT_19980318_24,empty,p57,test,none,2106,-1,,True,e38ccc96065e7c69,0,kaggle_3m/TCGA_DU_A5TT_19980318/TCGA_DU_A5TT_19980318_24_mask.tif,0
lgg_seg,lgg_seg,kaggle_3m/TCGA_DU_A5TT_19980318/TCGA_DU_A5TT_19980318_25.tif,TCGA_DU_A5TT_19980318_25,empty,p57,test,none,2106,-1,duplicate_of:TCGA_DU_A5TT_19980318_24,True,e18ccd96865e3c69,0,kaggle_3m/TCGA_DU_A5TT_19980318/TCGA_DU_A5TT_19980318_25_mask.tif,0
lgg_seg,lgg_seg,kaggle_3m/TCGA_DU_A5TT_19980318/TCGA_DU_A5TT_19980318_26.tif,TCGA_DU_A5TT_19980318_26,empty,p57,test,none,69,-1,duplicate_of:TCGA_CS_4944_20010208_15,True,e98cc79606567c69,0,kaggle_3m/TCGA_DU_A5TT_19980318/TCGA_DU_A5TT_19980318_26_mask.tif,0
lgg_seg,lgg_seg,kaggle_3m/TCGA_DU_A5TT_19980318/TCGA_DU_A5TT_19980318_27.tif,TCGA_DU_A5TT_19980318_27,empty,p57,test,none,69,-1,duplicate_of:TCGA_CS_4944_20010208_15,True,c98cc79686567c69,0,kaggle_3m/TCGA_DU_A5TT_19980318/TCGA_DU_A5TT_19980318_27_mask.tif,0
lgg_seg,lgg_seg,kaggle_3m/TCGA_DU_A5TT_19980318/TCGA_DU_A5TT_19980318_28.tif,TCGA_DU_A5TT_19980318_28,empty,p57,test,none,69,-1,duplicate_of:TCGA_CS_4944_20010208_15,True,c98cc79686567c69,0,kaggle_3m/TCGA_DU_A5TT_19980318/TCGA_DU_A5TT_19980318_28_mask.tif,0
lgg_seg,lgg_seg,kaggle_3m/TCGA_DU_A5TT_19980318/TCGA_DU_A5TT_19980318_29.tif,TCGA_DU_A5TT_19980318_29,empty,p57,test,none,69,-1,duplicate_of:TCGA_CS_4944_20010208_15,True,c1a4c79687567c69,0,kaggle_3m/TCGA_DU_A5TT_19980318/TCGA_DU_A5TT_19980318_29_mask.tif,0
lgg_seg,lgg_seg,kaggle_3m/TCGA_DU_A5TT_19980318/TCGA_DU_A5TT_19980318_3.tif,TCGA_DU_A5TT_19980318_3,empty,p57,test,none,2112,-1,,True,79ac631c1e9cac63,0,kaggle_3m/TCGA_DU_A5TT_19980318/TCGA_DU_A5TT_19980318_3_mask.tif,0
lgg_seg,lgg_seg,kaggle_3m/TCGA_DU_A5TT_19980318/TCGA_DU_A5TT_19980318_30.tif,TCGA_DU_A5TT_19980318_30,empty,p57,test,none,69,-1,duplicate_of:TCGA_CS_4944_20010208_15,True,c184c796875e7c69,0,kaggle_3m/TCGA_DU_A5TT_19980318/TCGA_DU_A5TT_19980318_30_mask.tif,0
lgg_seg,lgg_seg,kaggle_3m/TCGA_DU_A5TT_19980318/TCGA_DU_A5TT_19980318_31.tif,TCGA_DU_A5TT_19980318_31,empty,p57,test,none,69,-1,duplicate_of:TCGA_CS_4944_20010208_15,True,c186c796865e7c69,0,kaggle_3m/TCGA_DU_A5TT_19980318/TCGA_DU_A5TT_19980318_31_mask.tif,0
lgg_seg,lgg_seg,kaggle_3m/TCGA_DU_A5TT_19980318/TCGA_DU_A5TT_19980318_32.tif,TCGA_DU_A5TT_19980318_32,empty,p57,test,none,69,-1,duplicate_of:TCGA_CS_4944_20010208_15,True,6196e596861e7c69,0,kaggle_3m/TCGA_DU_A5TT_19980318/TCGA_DU_A5TT_19980318_32_mask.tif,0
lgg_seg,lgg_seg,kaggle_3m/TCGA_DU_A5TT_19980318/TCGA_DU_A5TT_19980318_33.tif,TCGA_DU_A5TT_19980318_33,empty,p57,test,none,69,-1,duplicate_of:TCGA_CS_4944_20010208_15,True,6996e196861e7c69,0,kaggle_3m/TCGA_DU_A5TT_19980318/TCGA_DU_A5TT_19980318_33_mask.tif,0
lgg_seg,lgg_seg,kaggle_3m/TCGA_DU_A5TT_19980318/TCGA_DU_A5TT_19980318_34.tif,TCGA_DU_A5TT_19980318_34,empty,p57,test,none,69,-1,duplicate_of:TCGA_CS_4944_20010208_15,True,6996c196871e7c69,0,kaggle_3m/TCGA_DU_A5TT_19980318/TCGA_DU_A5TT_19980318_34_mask.tif,0
lgg_seg,lgg_seg,kaggle_3m/TCGA_DU_A5TT_19980318/TCGA_DU_A5TT_19980318_35.tif,TCGA_DU_A5TT_19980318_35,empty,p57,test,none,69,-1,duplicate_of:TCGA_CS_4944_20010208_15,True,6996c196871e7c69,0,kaggle_3m/TCGA_DU_A5TT_19980318/TCGA_DU_A5TT_19980318_35_mask.tif,0
lgg_seg,lgg_seg,kaggle_3m/TCGA_DU_A5TT_19980318/TCGA_DU_A5TT_19980318_36.tif,TCGA_DU_A5TT_19980318_36,empty,p57,test,none,69,-1,duplicate_of:TCGA_CS_4944_20010208_15,True,61b6c196871e7c69,0,kaggle_3m/TCGA_DU_A5TT_19980318/TCGA_DU_A5TT_19980318_36_mask.tif,0
lgg_seg,lgg_seg,kaggle_3m/TCGA_DU_A5TT_19980318/TCGA_DU_A5TT_19980318_37.tif,TCGA_DU_A5TT_19980318_37,empty,p57,test,none,69,-1,duplicate_of:TCGA_CS_4944_20010208_15,True,61b6e196871e5c69,0,kaggle_3m/TCGA_DU_A5TT_19980318/TCGA_DU_A5TT_19980318_37_mask.tif,0
lgg_seg,lgg_seg,kaggle_3m/TCGA_DU_A5TT_19980318/TCGA_DU_A5TT_19980318_38.tif,TCGA_DU_A5TT_19980318_38,empty,p57,test,none,69,-1,label_conflict,True,61a6e196875e5c69,0,kaggle_3m/TCGA_DU_A5TT_19980318/TCGA_DU_A5TT_19980318_38_mask.tif,0
lgg_seg,lgg_seg,kaggle_3m/TCGA_DU_A5TT_19980318/TCGA_DU_A5TT_19980318_39.tif,TCGA_DU_A5TT_19980318_39,tumor,p57,test,none,69,-1,label_conflict,True,61a6e196875e5c69,93,kaggle_3m/TCGA_DU_A5TT_19980318/TCGA_DU_A5TT_19980318_39_mask.tif,0
lgg_seg,lgg_seg,kaggle_3m/TCGA_DU_A5TT_19980318/TCGA_DU_A5TT_19980318_4.tif,TCGA_DU_A5TT_19980318_4,empty,p57,test,none,2123,-1,,True,79b4631c169eace1,0,kaggle_3m/TCGA_DU_A5TT_19980318/TCGA_DU_A5TT_19980318_4_mask.tif,0
lgg_seg,lgg_seg,kaggle_3m/TCGA_DU_A5TT_19980318/TCGA_DU_A5TT_19980318_40.tif,TCGA_DU_A5TT_19980318_40,tumor,p57,test,none,69,-1,duplicate_of:TCGA_DU_5849_19950405_22,True,61a6c59687567c69,173,kaggle_3m/TCGA_DU_A5TT_19980318/TCGA_DU_A5TT_19980318_40_mask.tif,0
lgg_seg,lgg_seg,kaggle_3m/TCGA_DU_A5TT_19980318/TCGA_DU_A5TT_19980318_41.tif,TCGA_DU_A5TT_19980318_41,tumor,p57,test,none,69,-1,duplicate_of:TCGA_DU_5849_19950405_22,True,61a6e49687567c69,454,kaggle_3m/TCGA_DU_A5TT_19980318/TCGA_DU_A5TT_19980318_41_mask.tif,0
lgg_seg,lgg_seg,kaggle_3m/TCGA_DU_A5TT_19980318/TCGA_DU_A5TT_19980318_42.tif,TCGA_DU_A5TT_19980318_42,tumor,p57,test,none,69,-1,duplicate_of:TCGA_DU_5849_19950405_22,True,61a6e49687567c69,603,kaggle_3m/TCGA_DU_A5TT_19980318/TCGA_DU_A5TT_19980318_42_mask.tif,0
lgg_seg,lgg_seg,kaggle_3m/TCGA_DU_A5TT_19980318/TCGA_DU_A5TT_19980318_43.tif,TCGA_DU_A5TT_19980318_43,tumor,p57,test,none,69,-1,duplicate_of:TCGA_DU_5849_19950405_22,True,69a6e19687167c69,743,kaggle_3m/TCGA_DU_A5TT_19980318/TCGA_DU_A5TT_19980318_43_mask.tif,0
lgg_seg,lgg_seg,kaggle_3m/TCGA_DU_A5TT_19980318/TCGA_DU_A5TT_19980318_44.tif,TCGA_DU_A5TT_19980318_44,tumor,p57,test,none,69,-1,duplicate_of:TCGA_DU_5849_19950405_22,True,71a6e19687167c69,796,kaggle_3m/TCGA_DU_A5TT_19980318/TCGA_DU_A5TT_19980318_44_mask.tif,0
lgg_seg,lgg_seg,kaggle_3m/TCGA_DU_A5TT_19980318/TCGA_DU_A5TT_19980318_45.tif,TCGA_DU_A5TT_19980318_45,tumor,p57,test,none,69,-1,duplicate_of:TCGA_DU_5849_19950405_22,True,79a6e19687167c49,908,kaggle_3m/TCGA_DU_A5TT_19980318/TCGA_DU_A5TT_19980318_45_mask.tif,0
lgg_seg,lgg_seg,kaggle_3m/TCGA_DU_A5TT_19980318/TCGA_DU_A5TT_19980318_46.tif,TCGA_DU_A5TT_19980318_46,tumor,p57,test,none,69,-1,duplicate_of:TCGA_DU_5849_19950405_22,True,79a6e38687163c69,961,kaggle_3m/TCGA_DU_A5TT_19980318/TCGA_DU_A5TT_19980318_46_mask.tif,0
lgg_seg,lgg_seg,kaggle_3m/TCGA_DU_A5TT_19980318/TCGA_DU_A5TT_19980318_47.tif,TCGA_DU_A5TT_19980318_47,tumor,p57,test,none,69,-1,duplicate_of:TCGA_DU_5849_19950405_22,True,79a6638e87163c69,1115,kaggle_3m/TCGA_DU_A5TT_19980318/TCGA_DU_A5TT_19980318_47_mask.tif,0
lgg_seg,lgg_seg,kaggle_3m/TCGA_DU_A5TT_19980318/TCGA_DU_A5TT_19980318_48.tif,TCGA_DU_A5TT_19980318_48,tumor,p57,test,none,69,-1,duplicate_of:TCGA_DU_5849_19950405_22,True,7966638e87963c49,1084,kaggle_3m/TCGA_DU_A5TT_19980318/TCGA_DU_A5TT_19980318_48_mask.tif,0
lgg_seg,lgg_seg,kaggle_3m/TCGA_DU_A5TT_19980318/TCGA_DU_A5TT_19980318_49.tif,TCGA_DU_A5TT_19980318_49,tumor,p57,test,none,69,-1,duplicate_of:TCGA_DU_5849_19950405_22,True,596661ac87b63cc9,1211,kaggle_3m/TCGA_DU_A5TT_19980318/TCGA_DU_A5TT_19980318_49_mask.tif,0
lgg_seg,lgg_seg,kaggle_3m/TCGA_DU_A5TT_19980318/TCGA_DU_A5TT_19980318_5.tif,TCGA_DU_A5TT_19980318_5,empty,p57,test,none,2134,-1,,True,79b4e31c96566c61,0,kaggle_3m/TCGA_DU_A5TT_19980318/TCGA_DU_A5TT_19980318_5_mask.tif,0
lgg_seg,lgg_seg,kaggle_3m/TCGA_DU_A5TT_19980318/TCGA_DU_A5TT_19980318_50.tif,TCGA_DU_A5TT_19980318_50,tumor,p57,test,none,69,-1,duplicate_of:TCGA_DU_5849_19950405_22,True,196669a687b63cc9,1155,kaggle_3m/TCGA_DU_A5TT_19980318/TCGA_DU_A5TT_19980318_50_mask.tif,0
lgg_seg,lgg_seg,kaggle_3m/TCGA_DU_A5TT_19980318/TCGA_DU_A5TT_19980318_51.tif,TCGA_DU_A5TT_19980318_51,tumor,p57,test,none,69,-1,duplicate_of:TCGA_DU_5849_19950405_22,True,996661a6c7363cc9,1123,kaggle_3m/TCGA_DU_A5TT_19980318/TCGA_DU_A5TT_19980318_51_mask.tif,0
lgg_seg,lgg_seg,kaggle_3m/TCGA_DU_A5TT_19980318/TCGA_DU_A5TT_19980318_52.tif,TCGA_DU_A5TT_19980318_52,tumor,p57,test,none,69,-1,duplicate_of:TCGA_DU_5849_19950405_22,True,996671a6c7163cc9,888,kaggle_3m/TCGA_DU_A5TT_19980318/TCGA_DU_A5TT_19980318_52_mask.tif,0
lgg_seg,lgg_seg,kaggle_3m/TCGA_DU_A5TT_19980318/TCGA_DU_A5TT_19980318_53.tif,TCGA_DU_A5TT_19980318_53,tumor,p57,test,none,2138,-1,,True,99677164c79634c9,784,kaggle_3m/TCGA_DU_A5TT_19980318/TCGA_DU_A5TT_19980318_53_mask.tif,0
lgg_seg,lgg_seg,kaggle_3m/TCGA_DU_A5TT_19980318/TCGA_DU_A5TT_19980318_54.tif,TCGA_DU_A5TT_19980318_54,tumor,p57,test,none,2138,-1,duplicate_of:TCGA_DU_A5TT_19980318_53,True,99637164c3b63cc9,567,kaggle_3m/TCGA_DU_A5TT_19980318/TCGA_DU_A5TT_19980318_54_mask.tif,0
lgg_seg,lgg_seg,kaggle_3m/TCGA_DU_A5TT_19980318/TCGA_DU_A5TT_19980318_55.tif,TCGA_DU_A5TT_19980318_55,empty,p57,test,none,2138,-1,,True,98637964c3b636c9,0,kaggle_3m/TCGA_DU_A5TT_19980318/TCGA_DU_A5TT_19980318_55_mask.tif,0
lgg_seg,lgg_seg,kaggle_3m/TCGA_DU_A5TT_19980318/TCGA_DU_A5TT_19980318_56.tif,TCGA_DU_A5TT_19980318_56,empty,p57,test,none,2141,-1,,True,9c9b3164cb963659,0,kaggle_3m/TCGA_DU_A5TT_19980318/TCGA_DU_A5TT_19980318_56_mask.tif,0
lgg_seg,lgg_seg,kaggle_3m/TCGA_DU_A5TT_19980318/TCGA_DU_A5TT_19980318_6.tif,TCGA_DU_A5TT_19980318_6,empty,p57,test,none,2142,-1,,True,7164e39c9e566c61,0,kaggle_3m/TCGA_DU_A5TT_19980318/TCGA_DU_A5TT_19980318_6_mask.tif,0
lgg_seg,lgg_seg,kaggle_3m/TCGA_DU_A5TT_19980318/TCGA_DU_A5TT_19980318_7.tif,TCGA_DU_A5TT_19980318_7,empty,p57,test,none,2091,-1,duplicate_of:TCGA_DU_A5TT_19980318_10,True,7366e19c1e5664e1,0,kaggle_3m/TCGA_DU_A5TT_19980318/TCGA_DU_A5TT_19980318_7_mask.tif,0
lgg_seg,lgg_seg,kaggle_3m/TCGA_DU_A5TT_19980318/TCGA_DU_A5TT_19980318_8.tif,TCGA_DU_A5TT_19980318_8,empty,p57,test,none,2091,-1,duplicate_of:TCGA_DU_A5TT_19980318_10,True,7366e1bc1e5664a1,0,kaggle_3m/TCGA_DU_A5TT_19980318/TCGA_DU_A5TT_19980318_8_mask.tif,0
lgg_seg,lgg_seg,kaggle_3m/TCGA_DU_A5TT_19980318/TCGA_DU_A5TT_19980318_9.tif,TCGA_DU_A5TT_19980318_9,empty,p57,test,none,2091,-1,duplicate_of:TCGA_DU_A5TT_19980318_10,True,7166e13c1e5ee4a1,0,kaggle_3m/TCGA_DU_A5TT_19980318/TCGA_DU_A5TT_19980318_9_mask.tif,0
lgg_seg,lgg_seg,kaggle_3m/TCGA_DU_A5TU_19980312/TCGA_DU_A5TU_19980312_1.tif,TCGA_DU_A5TU_19980312_1,empty,p58,val,none,2146,-1,,False,f1b6e1de43d0860b,0,kaggle_3m/TCGA_DU_A5TU_19980312/TCGA_DU_A5TU_19980312_1_mask.tif,1
lgg_seg,lgg_seg,kaggle_3m/TCGA_DU_A5TU_19980312/TCGA_DU_A5TU_19980312_10.tif,TCGA_DU_A5TU_19980312_10,empty,p58,val,none,2147,-1,,False,b436b0f0d2da878b,0,kaggle_3m/TCGA_DU_A5TU_19980312/TCGA_DU_A5TU_19980312_10_mask.tif,1
lgg_seg,lgg_seg,kaggle_3m/TCGA_DU_A5TU_19980312/TCGA_DU_A5TU_19980312_11.tif,TCGA_DU_A5TU_19980312_11,tumor,p58,val,none,2148,-1,,False,ad3eb0f46670170b,1022,kaggle_3m/TCGA_DU_A5TU_19980312/TCGA_DU_A5TU_19980312_11_mask.tif,1
lgg_seg,lgg_seg,kaggle_3m/TCGA_DU_A5TU_19980312/TCGA_DU_A5TU_19980312_12.tif,TCGA_DU_A5TU_19980312_12,tumor,p58,val,none,2149,-1,,False,ac96f0f46678170b,1689,kaggle_3m/TCGA_DU_A5TU_19980312/TCGA_DU_A5TU_19980312_12_mask.tif,1
lgg_seg,lgg_seg,kaggle_3m/TCGA_DU_A5TU_19980312/TCGA_DU_A5TU_19980312_13.tif,TCGA_DU_A5TU_19980312_13,tumor,p58,val,none,2150,-1,,False,bcbcf0f466d8030b,2485,kaggle_3m/TCGA_DU_A5TU_19980312/TCGA_DU_A5TU_19980312_13_mask.tif,1
lgg_seg,lgg_seg,kaggle_3m/TCGA_DU_A5TU_19980312/TCGA_DU_A5TU_19980312_14.tif,TCGA_DU_A5TU_19980312_14,tumor,p58,val,none,2151,-1,,False,2cbcf1f4e6d0430b,3467,kaggle_3m/TCGA_DU_A5TU_19980312/TCGA_DU_A5TU_19980312_14_mask.tif,1
lgg_seg,lgg_seg,kaggle_3m/TCGA_DU_A5TU_19980312/TCGA_DU_A5TU_19980312_15.tif,TCGA_DU_A5TU_19980312_15,tumor,p58,val,none,2151,-1,duplicate_of:TCGA_DU_A5TU_19980312_14,False,2c3eb1f4e6d0530b,4534,kaggle_3m/TCGA_DU_A5TU_19980312/TCGA_DU_A5TU_19980312_15_mask.tif,1
lgg_seg,lgg_seg,kaggle_3m/TCGA_DU_A5TU_19980312/TCGA_DU_A5TU_19980312_16.tif,TCGA_DU_A5TU_19980312_16,tumor,p58,val,none,2153,-1,,False,2d3e24bca6f4d20b,6988,kaggle_3m/TCGA_DU_A5TU_19980312/TCGA_DU_A5TU_19980312_16_mask.tif,1
lgg_seg,lgg_seg,kaggle_3m/TCGA_DU_A5TU_19980312/TCGA_DU_A5TU_19980312_17.tif,TCGA_DU_A5TU_19980312_17,tumor,p58,val,none,2153,-1,duplicate_of:TCGA_DU_A5TU_19980312_16,False,693e24bca6f4d20b,6132,kaggle_3m/TCGA_DU_A5TU_19980312/TCGA_DU_A5TU_19980312_17_mask.tif,1
lgg_seg,lgg_seg,kaggle_3m/TCGA_DU_A5TU_19980312/TCGA_DU_A5TU_19980312_18.tif,TCGA_DU_A5TU_19980312_18,tumor,p58,val,none,2155,-1,,False,491e6d3e26f4d20b,5053,kaggle_3m/TCGA_DU_A5TU_19980312/TCGA_DU_A5TU_19980312_18_mask.tif,1
lgg_seg,lgg_seg,kaggle_3m/TCGA_DU_A5TU_19980312/TCGA_DU_A5TU_19980312_19.tif,TCGA_DU_A5TU_19980312_19,tumor,p58,val,none,2156,-1,,False,492e69b62674d68b,2852,kaggle_3m/TCGA_DU_A5TU_19980312/TCGA_DU_A5TU_19980312_19_mask.tif,1
lgg_seg,lgg_seg,kaggle_3m/TCGA_DU_A5TU_19980312/TCGA_DU_A5TU_19980312_2.tif,TCGA_DU_A5TU_19980312_2,empty,p58,val,none,2157,-1,,False,f91661d407d9d60b,0,kaggle_3m/TCGA_DU_A5TU_19980312/TCGA_DU_A5TU_19980312_2_mask.tif,1
lgg_seg,lgg_seg,kaggle_3m/TCGA_DU_A5TU_19980312/TCGA_DU_A5TU_19980312_20.tif,TCGA_DU_A5TU_19980312_20,tumor,p58,val,none,2158,-1,,False,d92c4b3427f4d60b,1466,kaggle_3m/TCGA_DU_A5TU_19980312/TCGA_DU_A5TU_19980312_20_mask.tif,1
lgg_seg,lgg_seg,kaggle_3m/TCGA_DU_A5TU_19980312/TCGA_DU_A5TU_19980312_21.tif,TCGA_DU_A5TU_19980312_21,tumor,p58,val,none,2159,-1,,False,d34cc33c27f49c43,734,kaggle_3m/TCGA_DU_A5TU_19980312/TCGA_DU_A5TU_19980312_21_mask.tif,1
lgg_seg,lgg_seg,kaggle_3m/TCGA_DU_A5TU_19980312/TCGA_DU_A5TU_19980312_22.tif,TCGA_DU_A5TU_19980312_22,empty,p58,val,none,2160,-1,,False,33ccf30c633c9cc3,0,kaggle_3m/TCGA_DU_A5TU_19980312/TCGA_DU_A5TU_19980312_22_mask.tif,1
lgg_seg,lgg_seg,kaggle_3m/TCGA_DU_A5TU_19980312/TCGA_DU_A5TU_19980312_23.tif,TCGA_DU_A5TU_19980312_23,empty,p58,val,none,2161,-1,,False,24b3b1ccc33c1cf3,0,kaggle_3m/TCGA_DU_A5TU_19980312/TCGA_DU_A5TU_19980312_23_mask.tif,1
lgg_seg,lgg_seg,kaggle_3m/TCGA_DU_A5TU_19980312/TCGA_DU_A5TU_19980312_3.tif,TCGA_DU_A5TU_19980312_3,empty,p58,val,none,2162,-1,,False,f19e61d4c678c60b,0,kaggle_3m/TCGA_DU_A5TU_19980312/TCGA_DU_A5TU_19980312_3_mask.tif,1
lgg_seg,lgg_seg,kaggle_3m/TCGA_DU_A5TU_19980312/TCGA_DU_A5TU_19980312_4.tif,TCGA_DU_A5TU_19980312_4,empty,p58,val,none,2163,-1,,False,f094e5d6c6584f0b,0,kaggle_3m/TCGA_DU_A5TU_19980312/TCGA_DU_A5TU_19980312_4_mask.tif,1
lgg_seg,lgg_seg,kaggle_3m/TCGA_DU_A5TU_19980312/TCGA_DU_A5TU_19980312_5.tif,TCGA_DU_A5TU_19980312_5,empty,p58,val,none,2164,-1,,False,f897c5d24b48c783,0,kaggle_3m/TCGA_DU_A5TU_19980312/TCGA_DU_A5TU_19980312_5_mask.tif,1
lgg_seg,lgg_seg,kaggle_3m/TCGA_DU_A5TU_19980312/TCGA_DU_A5TU_19980312_6.tif,TCGA_DU_A5TU_19980312_6,empty,p58,val,none,2165,-1,,False,f8d7c1d2434a878b,0,kaggle_3m/TCGA_DU_A5TU_19980312/TCGA_DU_A5TU_19980312_6_mask.tif,1
lgg_seg,lgg_seg,kaggle_3m/TCGA_DU_A5TU_19980312/TCGA_DU_A5TU_19980312_7.tif,TCGA_DU_A5TU_19980312_7,empty,p58,val,none,2166,-1,,False,e1d3c3f0cbca070b,0,kaggle_3m/TCGA_DU_A5TU_19980312/TCGA_DU_A5TU_19980312_7_mask.tif,1
lgg_seg,lgg_seg,kaggle_3m/TCGA_DU_A5TU_19980312/TCGA_DU_A5TU_19980312_8.tif,TCGA_DU_A5TU_19980312_8,empty,p58,val,none,2167,-1,,False,f1d3c3d8c3c20f29,0,kaggle_3m/TCGA_DU_A5TU_19980312/TCGA_DU_A5TU_19980312_8_mask.tif,1
lgg_seg,lgg_seg,kaggle_3m/TCGA_DU_A5TU_19980312/TCGA_DU_A5TU_19980312_9.tif,TCGA_DU_A5TU_19980312_9,empty,p58,val,none,2168,-1,,False,a1f6e1d2d35a0f09,0,kaggle_3m/TCGA_DU_A5TU_19980312/TCGA_DU_A5TU_19980312_9_mask.tif,1
lgg_seg,lgg_seg,kaggle_3m/TCGA_DU_A5TW_19980228/TCGA_DU_A5TW_19980228_1.tif,TCGA_DU_A5TW_19980228_1,empty,p59,train,none,2169,-1,,False,8c791c8e713cc3e3,0,kaggle_3m/TCGA_DU_A5TW_19980228/TCGA_DU_A5TW_19980228_1_mask.tif,3
lgg_seg,lgg_seg,kaggle_3m/TCGA_DU_A5TW_19980228/TCGA_DU_A5TW_19980228_10.tif,TCGA_DU_A5TW_19980228_10,empty,p59,train,none,2170,-1,,False,7c27869c387c8f43,0,kaggle_3m/TCGA_DU_A5TW_19980228/TCGA_DU_A5TW_19980228_10_mask.tif,3
lgg_seg,lgg_seg,kaggle_3m/TCGA_DU_A5TW_19980228/TCGA_DU_A5TW_19980228_11.tif,TCGA_DU_A5TW_19980228_11,empty,p59,train,none,2171,-1,,False,692d2796b47ccc43,0,kaggle_3m/TCGA_DU_A5TW_19980228/TCGA_DU_A5TW_19980228_11_mask.tif,3
lgg_seg,lgg_seg,kaggle_3m/TCGA_DU_A5TW_19980228/TCGA_DU_A5TW_19980228_12.tif,TCGA_DU_A5TW_19980228_12,empty,p59,train,none,2172,-1,,False,e92c6f9694f44c43,0,kaggle_3m/TCGA_DU_A5TW_19980228/TCGA_DU_A5TW_19980228_12_mask.tif,3
lgg_seg,lgg_seg,kaggle_3m/TCGA_DU_A5TW_19980228/TCGA_DU_A5TW_19980228_13.tif,TCGA_DU_A5TW_19980228_13,empty,p59,train,none,2173,-1,,False,4b2c2d3cbcf48e43,0,kaggle_3m/TCGA_DU_A5TW_19980228/TCGA_DU_A5TW_19980228_13_mask.tif,3
lgg_seg,lgg_seg,kaggle_3m/TCGA_DU_A5TW_19980228/TCGA_DU_A5TW_19980228_14.tif,TCGA_DU_A5TW_19980228_14,empty,p59,train,none,2174,-1,,False,492c2d3ca6f6c6c3,0,kaggle_3m/TCGA_DU_A5TW_19980228/TCGA_DU_A5TW_19980228_14_mask.tif,3
lgg_seg,lgg_seg,kaggle_3m/TCGA_DU_A5TW_19980228/TCGA_DU_A5TW_19980228_15.tif,TCGA_DU_A5TW_19980228_15,empty,p59,train,none,2174,-1,duplicate_of:TCGA_DU_A5TW_19980228_14,False,693c2c3ca6d6c6c3,0,kaggle_3m/TCGA_DU_A5TW_19980228/TCGA_DU_A5TW_19980228_15_mask.tif,3
lgg_seg,lgg_seg,kaggle_3m/TCGA_DU_A5TW_19980228/TCGA_DU_A5TW_19980228_16.tif,TCGA_DU_A5TW_19980228_16,tumor,p59,train,none,2176,-1,,False,693c6c3c2dd4d643,287,kaggle_3m/TCGA_DU_A5TW_19980228/TCGA_DU_A5TW_19980228_16_mask.tif,3
lgg_seg,lgg_seg,kaggle_3m/TCGA_DU_A5TW_19980228/TCGA_DU_A5TW_19980228_17.tif,TCGA_DU_A5TW_19980228_17,tumor,p59,train,none,2177,-1,,False,4c3c6934addcd643,2088,kaggle_3m/TCGA_DU_A5TW_19980228/TCGA_DU_A5TW_19980228_17_mask.tif,3
lgg_seg,lgg_seg,kaggle_3m/TCGA_DU_A5TW_19980228/TCGA_DU_A5TW_19980228_18.tif,TCGA_DU_A5TW_19980228_18,tumor,p59,train,none,2178,-1,,False,4e2c69362cdcd663,3105,kaggle_3m/TCGA_DU_A5TW_19980228/TCGA_DU_A5TW_19980228_18_mask.tif,3
lgg_seg,lgg_seg,kaggle_3m/TCGA_DU_A5TW_19980228/TCGA_DU_A5TW_19980228_19.tif,TCGA_DU_A5TW_19980228_19,tumor,p59,train,none,2179,-1,,False,632cc9362ddc9663,4005,kaggle_3m/TCGA_DU_A5TW_19980228/TCGA_DU_A5TW_19980228_19_mask.tif,3
lgg_seg,lgg_seg,kaggle_3m/TCGA_DU_A5TW_19980228/TCGA_DU_A5TW_19980228_2.tif,TCGA_DU_A5TW_19980228_2,empty,p59,train,none,2180,-1,,False,86393c8e79bcc343,0,kaggle_3m/TCGA_DU_A5TW_19980228/TCGA_DU_A5TW_19980228_2_mask.tif,3
lgg_seg,lgg_seg,kaggle_3m/TCGA_DU_A5TW_19980228/TCGA_DU_A5TW_19980228_20.tif,TCGA_DU_A5TW_19980228_20,tumor,p59,train,none,2179,-1,duplicate_of:TCGA_DU_A5TW_19980228_19,False,e32c4d362d9c9663,3965,kaggle_3m/TCGA_DU_A5TW_19980228/TCGA_DU_A5TW_19980228_20_mask.tif,3
lgg_seg,lgg_seg,kaggle_3m/TCGA_DU_A5TW_19980228/TCGA_DU_A5TW_19980228_21.tif,TCGA_DU_A5TW_19980228_21,tumor,p59,train,none,2179,-1,duplicate_of:TCGA_DU_A5TW_19980228_19,False,e32c49b42d9cb663,4079,kaggle_3m/TCGA_DU_A5TW_19980228/TCGA_DU_A5TW_19980228_21_mask.tif,3
lgg_seg,lgg_seg,kaggle_3m/TCGA_DU_A5TW_19980228/TCGA_DU_A5TW_19980228_22.tif,TCGA_DU_A5TW_19980228_22,tumor,p59,train,none,2179,-1,duplicate_of:TCGA_DU_A5TW_19980228_19,False,f32449bc2d9c3663,4301,kaggle_3m/TCGA_DU_A5TW_19980228/TCGA_DU_A5TW_19980228_22_mask.tif,3
lgg_seg,lgg_seg,kaggle_3m/TCGA_DU_A5TW_19980228/TCGA_DU_A5TW_19980228_23.tif,TCGA_DU_A5TW_19980228_23,tumor,p59,train,none,2179,-1,duplicate_of:TCGA_DU_A5TW_19980228_19,False,f326c92c2d9c3663,4449,kaggle_3m/TCGA_DU_A5TW_19980228/TCGA_DU_A5TW_19980228_23_mask.tif,3
lgg_seg,lgg_seg,kaggle_3m/TCGA_DU_A5TW_19980228/TCGA_DU_A5TW_19980228_24.tif,TCGA_DU_A5TW_19980228_24,tumor,p59,train,none,2185,-1,,False,f10ecb2c6d9c3463,3883,kaggle_3m/TCGA_DU_A5TW_19980228/TCGA_DU_A5TW_19980228_24_mask.tif,3
lgg_seg,lgg_seg,kaggle_3m/TCGA_DU_A5TW_19980228/TCGA_DU_A5TW_19980228_25.tif,TCGA_DU_A5TW_19980228_25,tumor,p59,train,none,2186,-1,,False,b1ced32c419c34f3,2979,kaggle_3m/TCGA_DU_A5TW_19980228/TCGA_DU_A5TW_19980228_25_mask.tif,3
lgg_seg,lgg_seg,kaggle_3m/TCGA_DU_A5TW_19980228/TCGA_DU_A5TW_19980228_26.tif,TCGA_DU_A5TW_19980228_26,tumor,p59,train,none,10,-1,duplicate_of:TCGA_CS_5396_20010302_19,False,31c7d32cc31c3cd3,1787,kaggle_3m/TCGA_DU_A5TW_19980228/TCGA_DU_A5TW_19980228_26_mask.tif,3
lgg_seg,lgg_seg,kaggle_3m/TCGA_DU_A5TW_19980228/TCGA_DU_A5TW_19980228_27.tif,TCGA_DU_A5TW_19980228_27,empty,p59,train,none,2188,-1,,False,3ce3b14cc33c2cd3,0,kaggle_3m/TCGA_DU_A5TW_19980228/TCGA_DU_A5TW_19980228_27_mask.tif,3
lgg_seg,lgg_seg,kaggle_3m/TCGA_DU_A5TW_19980228/TCGA_DU_A5TW_19980228_28.tif,TCGA_DU_A5TW_19980228_28,empty,p59,train,none,2189,-1,,False,4c3331cdd32c2cf3,0,kaggle_3m/TCGA_DU_A5TW_19980228/TCGA_DU_A5TW_19980228_28_mask.tif,3
lgg_seg,lgg_seg,kaggle_3m/TCGA_DU_A5TW_19980228/TCGA_DU_A5TW_19980228_29.tif,TCGA_DU_A5TW_19980228_29,empty,p59,train,none,2190,-1,,False,cc332cb333cccc33,0,kaggle_3m/TCGA_DU_A5TW_19980228/TCGA_DU_A5TW_19980228_29_mask.tif,3
lgg_seg,lgg_seg,kaggle_3m/TCGA_DU_A5TW_19980228/TCGA_DU_A5TW_19980228_3.tif,TCGA_DU_A5TW_19980228_3,empty,p59,train,none,2191,-1,,False,16383ca6f9bcc343,0,kaggle_3m/TCGA_DU_A5TW_19980228/TCGA_DU_A5TW_19980228_3_mask.tif,3
lgg_seg,lgg_seg,kaggle_3m/TCGA_DU_A5TW_19980228/TCGA_DU_A5TW_19980228_30.tif,TCGA_DU_A5TW_19980228_30,empty,p59,train,none,139,-1,duplicate_of:TCGA_CS_5396_20010302_24,False,33cccc3333cccc33,0,kaggle_3m/TCGA_DU_A5TW_19980228/TCGA_DU_A5TW_19980228_30_mask.tif,3
lgg_seg,lgg_seg,kaggle_3m/TCGA_DU_A5TW_19980228/TCGA_DU_A5TW_19980228_31.tif,TCGA_DU_A5TW_19980228_31,empty,p59,train,none,139,-1,duplicate_of:TCGA_CS_5396_20010302_24,False,33cccc3333ccc633,0,kaggle_3m/TCGA_DU_A5TW_19980228/TCGA_DU_A5TW_19980228_31_mask.tif,3
lgg_seg,lgg_seg,kaggle_3m/TCGA_DU_A5TW_19980228/TCGA_DU_A5TW_19980228_4.tif,TCGA_DU_A5TW_19980228_4,empty,p59,train,none,2194,-1,,False,363c3c06d9bcc3c3,0,kaggle_3m/TCGA_DU_A5TW_19980228/TCGA_DU_A5TW_19980228_4_mask.tif,3
lgg_seg,lgg_seg,kaggle_3m/TCGA_DU_A5TW_19980228/TCGA_DU_A5TW_19980228_5.tif,TCGA_DU_A5TW_19980228_5,empty,p59,train,none,2195,-1,,False,362c3426f2bccb4b,0,kaggle_3m/TCGA_DU_A5TW_19980228/TCGA_DU_A5TW_19980228_5_mask.tif,3
lgg_seg,lgg_seg,kaggle_3m/TCGA_DU_A5TW_19980228/TCGA_DU_A5TW_19980228_6.tif,TCGA_DU_A5TW_19980228_6,empty,p59,train,none,2196,-1,,False,362cb30cf8f60b4b,0,kaggle_3m/TCGA_DU_A5TW_19980228/TCGA_DU_A5TW_19980228_6_mask.tif,3
lgg_seg,lgg_seg,kaggle_3m/TCGA_DU_A5TW_19980228/TCGA_DU_A5TW_19980228_7.tif,TCGA_DU_A5TW_19980228_7,empty,p59,train,none,2197,-1,,False,b22cf3bc78d60923,0,kaggle_3m/TCGA_DU_A5TW_19980228/TCGA_DU_A5TW_19980228_7_mask.tif,3
lgg_seg,lgg_seg,kaggle_3m/TCGA_DU_A5TW_19980228/TCGA_DU_A5TW_19980228_8.tif,TCGA_DU_A5TW_19980228_8,empty,p59,train,none,2198,-1,,False,b22cb39cf8f60d09,0,kaggle_3m/TCGA_DU_A5TW_19980228/TCGA_DU_A5TW_19980228_8_mask.tif,3
lgg_seg,lgg_seg,kaggle_3m/TCGA_DU_A5TW_19980228/TCGA_DU_A5TW_19980228_9.tif,TCGA_DU_A5TW_19980228_9,empty,p59,train,none,2199,-1,,False,f224a79e78760d0b,0,kaggle_3m/TCGA_DU_A5TW_19980228/TCGA_DU_A5TW_19980228_9_mask.tif,3
lgg_seg,lgg_seg,kaggle_3m/TCGA_DU_A5TY_19970709/TCGA_DU_A5TY_19970709_1.tif,TCGA_DU_A5TY_19970709_1,empty,p60,train,none,2200,-1,,False,4dcbb10c933c4dd3,0,kaggle_3m/TCGA_DU_A5TY_19970709/TCGA_DU_A5TY_19970709_1_mask.tif,8
lgg_seg,lgg_seg,kaggle_3m/TCGA_DU_A5TY_19970709/TCGA_DU_A5TY_19970709_10.tif,TCGA_DU_A5TY_19970709_10,empty,p60,train,none,2201,-1,,False,32c7e92c92bc4cd3,0,kaggle_3m/TCGA_DU_A5TY_19970709/TCGA_DU_A5TY_19970709_10_mask.tif,8
lgg_seg,lgg_seg,kaggle_3m/TCGA_DU_A5TY_19970709/TCGA_DU_A5TY_19970709_11.tif,TCGA_DU_A5TY_19970709_11,empty,p60,train,none,2202,-1,,False,39e7e30c93b64c49,0,kaggle_3m/TCGA_DU_A5TY_19970709/TCGA_DU_A5TY_19970709_11_mask.tif,8
lgg_seg,lgg_seg,kaggle_3m/TCGA_DU_A5TY_19970709/TCGA_DU_A5TY_19970709_12.tif,TCGA_DU_A5TY_19970709_12,empty,p60,train,none,2202,-1,duplicate_of:TCGA_DU_A5TY_19970709_11,False,39e7e30c99b64c49,0,kaggle_3m/TCGA_DU_A5TY_19970709/TCGA_DU_A5TY_19970709_12_mask.tif,8
lgg_seg,lgg_seg,kaggle_3m/TCGA_DU_A5TY_19970709/TCGA_DU_A5TY_19970709_13.tif,TCGA_DU_A5TY_19970709_13,empty,p60,train,none,2204,-1,,False,79e6e60e93b44c49,0,kaggle_3m/TCGA_DU_A5TY_19970709/TCGA_DU_A5TY_19970709_13_mask.tif,8
lgg_seg,lgg_seg,kaggle_3m/TCGA_DU_A5TY_19970709/TCGA_DU_A5TY_19970709_14.tif,TCGA_DU_A5TY_19970709_14,empty,p60,train,none,2205,-1,,False,6b8c96860fb47c4b,0,kaggle_3m/TCGA_DU_A5TY_19970709/TCGA_DU_A5TY_19970709_14_mask.tif,8
lgg_seg,lgg_seg,kaggle_3m/TCGA_DU_A5TY_19970709/TCGA_DU_A5TY_19970709_15.tif,TCGA_DU_A5TY_19970709_15,empty,p60,train,none,2206,-1,,False,c96cf2064734bcd9,0,kaggle_3m/TCGA_DU_A5TY_19970709/TCGA_DU_A5TY_19970709_15_mask.tif,8
lgg_seg,lgg_seg,kaggle_3m/TCGA_DU_A5TY_19970709/TCGA_DU_A5TY_19970709_16.tif,TCGA_DU_A5TY_19970709_16,empty,p60,train,none,2207,-1,,False,f34c7186c7b41c59,0,kaggle_3m/TCGA_DU_A5TY_19970709/TCGA_DU_A5TY_19970709_16_mask.tif,8
lgg_seg,lgg_seg,kaggle_3m/TCGA_DU_A5TY_19970709/TCGA_DU_A5TY_19970709_17.tif,TCGA_DU_A5TY_19970709_17,empty,p60,train,none,2207,-1,duplicate_of:TCGA_DU_A5TY_19970709_16,False,f34c7186c7b41c59,0,kaggle_3m/TCGA_DU_A5TY_19970709/TCGA_DU_A5TY_19970709_17_mask.tif,8
lgg_seg,lgg_seg,kaggle_3m/TCGA_DU_A5TY_19970709/TCGA_DU_A5TY_19970709_18.tif,TCGA_DU_A5TY_19970709_18,empty,p60,train,none,2207,-1,duplicate_of:TCGA_DU_A5TY_19970709_16,False,b36c7306c7b41c59,0,kaggle_3m/TCGA_DU_A5TY_19970709/TCGA_DU_A5TY_19970709_18_mask.tif,8
lgg_seg,lgg_seg,kaggle_3m/TCGA_DU_A5TY_19970709/TCGA_DU_A5TY_19970709_19.tif,TCGA_DU_A5TY_19970709_19,empty,p60,train,none,2210,-1,,False,33e4e326c7b41c59,0,kaggle_3m/TCGA_DU_A5TY_19970709/TCGA_DU_A5TY_19970709_19_mask.tif,8
lgg_seg,lgg_seg,kaggle_3m/TCGA_DU_A5TY_19970709/TCGA_DU_A5TY_19970709_2.tif,TCGA_DU_A5TY_19970709_2,empty,p60,train,none,2211,-1,,False,4fe9b98c923449d3,0,kaggle_3m/TCGA_DU_A5TY_19970709/TCGA_DU_A5TY_19970709_2_mask.tif,8
lgg_seg,lgg_seg,kaggle_3m/TCGA_DU_A5TY_19970709/TCGA_DU_A5TY_19970709_20.tif,TCGA_DU_A5TY_19970709_20,empty,p60,train,none,2210,-1,duplicate_of:TCGA_DU_A5TY_19970709_19,False,33c4f326c7b41c59,0,kaggle_3m/TCGA_DU_A5TY_19970709/TCGA_DU_A5TY_19970709_20_mask.tif,8
lgg_seg,lgg_seg,kaggle_3m/TCGA_DU_A5TY_19970709/TCGA_DU_A5TY_19970709_21.tif,TCGA_DU_A5TY_19970709_21,empty,p60,train,none,2210,-1,duplicate_of:TCGA_DU_A5TY_19970709_19,False,38e4f326c7b41c59,0,kaggle_3m/TCGA_DU_A5TY_19970709/TCGA_DU_A5TY_19970709_21_mask.tif,8
lgg_seg,lgg_seg,kaggle_3m/TCGA_DU_A5TY_19970709/TCGA_DU_A5TY_19970709_22.tif,TCGA_DU_A5TY_19970709_22,tumor,p60,train,none,2210,-1,,False,32ecf326c3b41c59,305,kaggle_3m/TCGA_DU_A5TY_19970709/TCGA_DU_A5TY_19970709_22_mask.tif,8
lgg_seg,lgg_seg,kaggle_3m/TCGA_DU_A5TY_19970709/TCGA_DU_A5TY_19970709_23.tif,TCGA_DU_A5TY_19970709_23,tumor,p60,train,none,2210,-1,duplicate_of:TCGA_DU_A5TY_19970709_22,False,32ccf326c3b43c59,398,kaggle_3m/TCGA_DU_A5TY_19970709/TCGA_DU_A5TY_19970709_23_mask.tif,8
lgg_seg,lgg_seg,kaggle_3m/TCGA_DU_A5TY_19970709/TCGA_DU_A5TY_19970709_24.tif,TCGA_DU_A5TY_19970709_24,tumor,p60,train,none,2210,-1,duplicate_of:TCGA_DU_A5TY_19970709_22,False,32ccf326c3343c5b,462,kaggle_3m/TCGA_DU_A5TY_19970709/TCGA_DU_A5TY_19970709_24_mask.tif,8
lgg_seg,lgg_seg,kaggle_3m/TCGA_DU_A5TY_19970709/TCGA_DU_A5TY_19970709_25.tif,TCGA_DU_A5TY_19970709_25,tumor,p60,train,none,2210,-1,duplicate_of:TCGA_DU_A5TY_19970709_22,False,34cdf366c3341c59,1113,kaggle_3m/TCGA_DU_A5TY_19970709/TCGA_DU_A5TY_19970709_25_mask.tif,8
lgg_seg,lgg_seg,kaggle_3m/TCGA_DU_A5TY_19970709/TCGA_DU_A5TY_19970709_26.tif,TCGA_DU_A5TY_19970709_26,tumor,p60,train,none,2210,-1,duplicate_of:TCGA_DU_A5TY_19970709_22,False,30c9f366c3343c5b,831,kaggle_3m/TCGA_DU_A5TY_19970709/TCGA_DU_A5TY_19970709_26_mask.tif,8
lgg_seg,lgg_seg,kaggle_3m/TCGA_DU_A5TY_19970709/TCGA_DU_A5TY_19970709_27.tif,TCGA_DU_A5TY_19970709_27,tumor,p60,train,none,2219,-1,,False,32c933cec3263cd9,1056,kaggle_3m/TCGA_DU_A5TY_19970709/TCGA_DU_A5TY_19970709_27_mask.tif,8
lgg_seg,lgg_seg,kaggle_3m/TCGA_DU_A5TY_19970709/TCGA_DU_A5TY_19970709_28.tif,TCGA_DU_A5TY_19970709_28,tumor,p60,train,none,2220,-1,,False,1acb33e6c3243cd3,536,kaggle_3m/TCGA_DU_A5TY_19970709/TCGA_DU_A5TY_19970709_28_mask.tif,8
lgg_seg,lgg_seg,kaggle_3m/TCGA_DU_A5TY_19970709/TCGA_DU_A5TY_19970709_29.tif,TCGA_DU_A5TY_19970709_29,empty,p60,train,none,2221,-1,,False,9e793366c3260cd9,0,kaggle_3m/TCGA_DU_A5TY_19970709/TCGA_DU_A5TY_19970709_29_mask.tif,8
lgg_seg,lgg_seg,kaggle_3m/TCGA_DU_A5TY_19970709/TCGA_DU_A5TY_19970709_3.tif,TCGA_DU_A5TY_19970709_3,empty,p60,train,none,2222,-1,,False,4e69318e9abe6951,0,kaggle_3m/TCGA_DU_A5TY_19970709/TCGA_DU_A5TY_19970709_3_mask.tif,8
lgg_seg,lgg_seg,kaggle_3m/TCGA_DU_A5TY_19970709/TCGA_DU_A5TY_19970709_30.tif,TCGA_DU_A5TY_19970709_30,empty,p60,train,none,2223,-1,,False,cc993a63f3260cd9,0,kaggle_3m/TCGA_DU_A5TY_19970709/TCGA_DU_A5TY_19970709_30_mask.tif,8
lgg_seg,lgg_seg,kaggle_3m/TCGA_DU_A5TY_19970709/TCGA_DU_A5TY_19970709_31.tif,TCGA_DU_A5TY_19970709_31,empty,p60,train,none,2224,-1,,False,ce999e6973260c99,0,kaggle_3m/TCGA_DU_A5TY_19970709/TCGA_DU_A5TY_19970709_31_mask.tif,8
lgg_seg,lgg_seg,kaggle_3m/TCGA_DU_A5TY_19970709/TCGA_DU_A5TY_19970709_32.tif,TCGA_DU_A5TY_19970709_32,empty,p60,train,none,758,-1,duplicate_of:TCGA_DU_6399_19830416_49,False,669a8c993366ce99,0,kaggle_3m/TCGA_DU_A5TY_19970709/TCGA_DU_A5TY_19970709_32_mask.tif,8
lgg_seg,lgg_seg,kaggle_3m/TCGA_DU_A5TY_19970709/TCGA_DU_A5TY_19970709_33.tif,TCGA_DU_A5TY_19970709_33,empty,p60,train,none,2226,-1,,False,9b6666999b644693,0,kaggle_3m/TCGA_DU_A5TY_19970709/TCGA_DU_A5TY_19970709_33_mask.tif,8
lgg_seg,lgg_seg,kaggle_3m/TCGA_DU_A5TY_19970709/TCGA_DU_A5TY_19970709_34.tif,TCGA_DU_A5TY_19970709_34,empty,p60,train,none,2227,-1,,False,2230027ed1c7d06e,0,kaggle_3m/TCGA_DU_A5TY_19970709/TCGA_DU_A5TY_19970709_34_mask.tif,8
lgg_seg,lgg_seg,kaggle_3m/TCGA_DU_A5TY_19970709/TCGA_DU_A5TY_19970709_35.tif,TCGA_DU_A5TY_19970709_35,empty,p60,train,none,2228,-1,,False,43afdd9c286c5738,0,kaggle_3m/TCGA_DU_A5TY_19970709/TCGA_DU_A5TY_19970709_35_mask.tif,8
lgg_seg,lgg_seg,kaggle_3m/TCGA_DU_A5TY_19970709/TCGA_DU_A5TY_19970709_36.tif,TCGA_DU_A5TY_19970709_36,empty,p60,train,none,2229,-1,,False,61cd115c736e2f22,0,kaggle_3m/TCGA_DU_A5TY_19970709/TCGA_DU_A5TY_19970709_36_mask.tif,8
lgg_seg,lgg_seg,kaggle_3m/TCGA_DU_A5TY_19970709/TCGA_DU_A5TY_19970709_4.tif,TCGA_DU_A5TY_19970709_4,empty,p60,train,none,2230,-1,,False,466524ce9bbc61d3,0,kaggle_3m/TCGA_DU_A5TY_19970709/TCGA_DU_A5TY_19970709_4_mask.tif,8
lgg_seg,lgg_seg,kaggle_3m/TCGA_DU_A5TY_19970709/TCGA_DU_A5TY_19970709_5.tif,TCGA_DU_A5TY_19970709_5,empty,p60,train,none,2231,-1,,False,c66c6c4e933cacc3,0,kaggle_3m/TCGA_DU_A5TY_19970709/TCGA_DU_A5TY_19970709_5_mask.tif,8
lgg_seg,lgg_seg,kaggle_3m/TCGA_DU_A5TY_19970709/TCGA_DU_A5TY_19970709_6.tif,TCGA_DU_A5TY_19970709_6,empty,p60,train,none,2232,-1,,False,e666694e933c8cc3,0,kaggle_3m/TCGA_DU_A5TY_19970709/TCGA_DU_A5TY_19970709_6_mask.tif,8
lgg_seg,lgg_seg,kaggle_3m/TCGA_DU_A5TY_19970709/TCGA_DU_A5TY_19970709_7.tif,TCGA_DU_A5TY_19970709_7,empty,p60,train,none,2233,-1,,False,3c66692c339ecec1,0,kaggle_3m/TCGA_DU_A5TY_19970709/TCGA_DU_A5TY_19970709_7_mask.tif,8
lgg_seg,lgg_seg,kaggle_3m/TCGA_DU_A5TY_19970709/TCGA_DU_A5TY_19970709_8.tif,TCGA_DU_A5TY_19970709_8,empty,p60,train,none,2234,-1,,False,1ecf612c929cccd3,0,kaggle_3m/TCGA_DU_A5TY_19970709/TCGA_DU_A5TY_19970709_8_mask.tif,8
lgg_seg,lgg_seg,kaggle_3m/TCGA_DU_A5TY_19970709/TCGA_DU_A5TY_19970709_9.tif,TCGA_DU_A5TY_19970709_9,empty,p60,train,none,2235,-1,,False,32e7c90c32bcccd3,0,kaggle_3m/TCGA_DU_A5TY_19970709/TCGA_DU_A5TY_19970709_9_mask.tif,8
lgg_seg,lgg_seg,kaggle_3m/TCGA_EZ_7264_20010816/TCGA_EZ_7264_20010816_1.tif,TCGA_EZ_7264_20010816_1,empty,p61,train,none,2236,-1,,False,340eb33cd3f46c43,0,kaggle_3m/TCGA_EZ_7264_20010816/TCGA_EZ_7264_20010816_1_mask.tif,3
lgg_seg,lgg_seg,kaggle_3m/TCGA_EZ_7264_20010816/TCGA_EZ_7264_20010816_10.tif,TCGA_EZ_7264_20010816_10,empty,p61,train,none,2237,-1,,False,e306d23cadfc0e43,0,kaggle_3m/TCGA_EZ_7264_20010816/TCGA_EZ_7264_20010816_10_mask.tif,3
lgg_seg,lgg_seg,kaggle_3m/TCGA_EZ_7264_20010816/TCGA_EZ_7264_20010816_11.tif,TCGA_EZ_7264_20010816_11,empty,p61,train,none,2237,-1,duplicate_of:TCGA_EZ_7264_20010816_10,False,c306d23c6dfc1e43,0,kaggle_3m/TCGA_EZ_7264_20010816/TCGA_EZ_7264_20010816_11_mask.tif,3
lgg_seg,lgg_seg,kaggle_3m/TCGA_EZ_7264_20010816/TCGA_EZ_7264_20010816_12.tif,TCGA_EZ_7264_20010816_12,empty,p61,train,none,2239,-1,,False,030ef83c2dfcd643,0,kaggle_3m/TCGA_EZ_7264_20010816/TCGA_EZ_7264_20010816_12_mask.tif,3
lgg_seg,lgg_seg,kaggle_3m/TCGA_EZ_7264_20010816/TCGA_EZ_7264_20010816_13.tif,TCGA_EZ_7264_20010816_13,empty,p61,train,none,2240,-1,,False,930e793c29f4d643,0,kaggle_3m/TCGA_EZ_7264_20010816/TCGA_EZ_7264_20010816_13_mask.tif,3
lgg_seg,lgg_seg,kaggle_3m/TCGA_EZ_7264_20010816/TCGA_EZ_7264_20010816_14.tif,TCGA_EZ_7264_20010816_14,empty,p61,train,none,2241,-1,,False,192c793c29f4f643,0,kaggle_3m/TCGA_EZ_7264_20010816/TCGA_EZ_7264_20010816_14_mask.tif,3
lgg_seg,lgg_seg,kaggle_3m/TCGA_EZ_7264_20010816/TCGA_EZ_7264_20010816_15.tif,TCGA_EZ_7264_20010816_15,empty,p61,train,none,2242,-1,,False,db2c4b2c2994f663,0,kaggle_3m/TCGA_EZ_7264_20010816/TCGA_EZ_7264_20010816_15_mask.tif,3
lgg_seg,lgg_seg,kaggle_3m/TCGA_EZ_7264_20010816/TCGA_EZ_7264_20010816_16.tif,TCGA_EZ_7264_20010816_16,tumor,p61,train,none,2243,-1,,False,f326638c8d9c3663,575,kaggle_3m/TCGA_EZ_7264_20010816/TCGA_EZ_7264_20010816_16_mask.tif,3
lgg_seg,lgg_seg,kaggle_3m/TCGA_EZ_7264_20010816/TCGA_EZ_7264_20010816_17.tif,TCGA_EZ_7264_20010816_17,tumor,p61,train,none,2243,-1,duplicate_of:TCGA_EZ_7264_20010816_16,False,f366630c8d9c3663,1543,kaggle_3m/TCGA_EZ_7264_20010816/TCGA_EZ_7264_20010816_17_mask.tif,3
lgg_seg,lgg_seg,kaggle_3m/TCGA_EZ_7264_20010816/TCGA_EZ_7264_20010816_18.tif,TCGA_EZ_7264_20010816_18,tumor,p61,train,none,2243,-1,duplicate_of:TCGA_EZ_7264_20010816_16,False,7366632c8d9c7463,1487,kaggle_3m/TCGA_EZ_7264_20010816/TCGA_EZ_7264_20010816_18_mask.tif,3
lgg_seg,lgg_seg,kaggle_3m/TCGA_EZ_7264_20010816/TCGA_EZ_7264_20010816_19.tif,TCGA_EZ_7264_20010816_19,tumor,p61,train,none,2243,-1,duplicate_of:TCGA_EZ_7264_20010816_16,False,3166f38c8d9c7463,1618,kaggle_3m/TCGA_EZ_7264_20010816/TCGA_EZ_7264_20010816_19_mask.tif,3
lgg_seg,lgg_seg,kaggle_3m/TCGA_EZ_7264_20010816/TCGA_EZ_7264_20010816_2.tif,TCGA_EZ_7264_20010816_2,empty,p61,train,none,2236,-1,duplicate_of:TCGA_EZ_7264_20010816_1,False,3c0cb33cd3f46943,0,kaggle_3m/TCGA_EZ_7264_20010816/TCGA_EZ_7264_20010816_2_mask.tif,3
lgg_seg,lgg_seg,kaggle_3m/TCGA_EZ_7264_20010816/TCGA_EZ_7264_20010816_20.tif,TCGA_EZ_7264_20010816_20,tumor,p61,train,none,2243,-1,duplicate_of:TCGA_EZ_7264_20010816_16,False,3966f30c8dbc3463,1125,kaggle_3m/TCGA_EZ_7264_20010816/TCGA_EZ_7264_20010816_20_mask.tif,3
lgg_seg,lgg_seg,kaggle_3m/TCGA_EZ_7264_20010816/TCGA_EZ_7264_20010816_21.tif,TCGA_EZ_7264_20010816_21,tumor,p61,train,none,2249,-1,,False,33c5f30cc9bc3453,529,kaggle_3m/TCGA_EZ_7264_20010816/TCGA_EZ_7264_20010816_21_mask.tif,3
lgg_seg,lgg_seg,kaggle_3m/TCGA_EZ_7264_20010816/TCGA_EZ_7264_20010816_22.tif,TCGA_EZ_7264_20010816_22,empty,p61,train,none,2250,-1,,False,34c3334ccb3c3cd3,0,kaggle_3m/TCGA_EZ_7264_20010816/TCGA_EZ_7264_20010816_22_mask.tif,3
lgg_seg,lgg_seg,kaggle_3m/TCGA_EZ_7264_20010816/TCGA_EZ_7264_20010816_23.tif,TCGA_EZ_7264_20010816_23,empty,p61,train,none,2251,-1,,False,8cf333cce32c0cd3,0,kaggle_3m/TCGA_EZ_7264_20010816/TCGA_EZ_7264_20010816_23_mask.tif,3
lgg_seg,lgg_seg,kaggle_3m/TCGA_EZ_7264_20010816/TCGA_EZ_7264_20010816_24.tif,TCGA_EZ_7264_20010816_24,empty,p61,train,none,2252,-1,,False,cc339ec3730c8c73,0,kaggle_3m/TCGA_EZ_7264_20010816/TCGA_EZ_7264_20010816_24_mask.tif,3
lgg_seg,lgg_seg,kaggle_3m/TCGA_EZ_7264_20010816/TCGA_EZ_7264_20010816_3.tif,TCGA_EZ_7264_20010816_3,empty,p61,train,none,2236,-1,duplicate_of:TCGA_EZ_7264_20010816_1,False,3c0cb63cd3f46943,0,kaggle_3m/TCGA_EZ_7264_20010816/TCGA_EZ_7264_20010816_3_mask.tif,3
lgg_seg,lgg_seg,kaggle_3m/TCGA_EZ_7264_20010816/TCGA_EZ_7264_20010816_4.tif,TCGA_EZ_7264_20010816_4,empty,p61,train,none,2236,-1,duplicate_of:TCGA_EZ_7264_20010816_1,False,3c0e363cd3f44d43,0,kaggle_3m/TCGA_EZ_7264_20010816/TCGA_EZ_7264_20010816_4_mask.tif,3
lgg_seg,lgg_seg,kaggle_3m/TCGA_EZ_7264_20010816/TCGA_EZ_7264_20010816_5.tif,TCGA_EZ_7264_20010816_5,empty,p61,train,none,2236,-1,duplicate_of:TCGA_EZ_7264_20010816_1,False,3c0e323cf3f44f03,0,kaggle_3m/TCGA_EZ_7264_20010816/TCGA_EZ_7264_20010816_5_mask.tif,3
lgg_seg,lgg_seg,kaggle_3m/TCGA_EZ_7264_20010816/TCGA_EZ_7264_20010816_6.tif,TCGA_EZ_7264_20010816_6,empty,p61,train,none,2256,-1,,False,392e333cf2f40f03,0,kaggle_3m/TCGA_EZ_7264_20010816/TCGA_EZ_7264_20010816_6_mask.tif,3
lgg_seg,lgg_seg,kaggle_3m/TCGA_EZ_7264_20010816/TCGA_EZ_7264_20010816_7.tif,TCGA_EZ_7264_20010816_7,empty,p61,train,none,2257,-1,,False,390e3e3cf0f68703,0,kaggle_3m/TCGA_EZ_7264_20010816/TCGA_EZ_7264_20010816_7_mask.tif,3
lgg_seg,lgg_seg,kaggle_3m/TCGA_EZ_7264_20010816/TCGA_EZ_7264_20010816_8.tif,TCGA_EZ_7264_20010816_8,empty,p61,train,none,2258,-1,,False,c90e4f3cf8f42643,0,kaggle_3m/TCGA_EZ_7264_20010816/TCGA_EZ_7264_20010816_8_mask.tif,3
lgg_seg,lgg_seg,kaggle_3m/TCGA_EZ_7264_20010816/TCGA_EZ_7264_20010816_9.tif,TCGA_EZ_7264_20010816_9,empty,p61,train,none,2259,-1,,False,c30ecb3cb9f42643,0,kaggle_3m/TCGA_EZ_7264_20010816/TCGA_EZ_7264_20010816_9_mask.tif,3
lgg_seg,lgg_seg,kaggle_3m/TCGA_FG_5962_20000626/TCGA_FG_5962_20000626_1.tif,TCGA_FG_5962_20000626_1,empty,p62,train,none,2260,-1,,False,7a8e919c5a1eace1,0,kaggle_3m/TCGA_FG_5962_20000626/TCGA_FG_5962_20000626_1_mask.tif,9
lgg_seg,lgg_seg,kaggle_3m/TCGA_FG_5962_20000626/TCGA_FG_5962_20000626_10.tif,TCGA_FG_5962_20000626_10,empty,p62,train,none,2261,-1,,False,788683965a5eada9,0,kaggle_3m/TCGA_FG_5962_20000626/TCGA_FG_5962_20000626_10_mask.tif,9
lgg_seg,lgg_seg,kaggle_3m/TCGA_FG_5962_20000626/TCGA_FG_5962_20000626_11.tif,TCGA_FG_5962_20000626_11,empty,p62,train,none,2262,-1,,False,7ece8196125e8da9,0,kaggle_3m/TCGA_FG_5962_20000626/TCGA_FG_5962_20000626_11_mask.tif,9
lgg_seg,lgg_seg,kaggle_3m/TCGA_FG_5962_20000626/TCGA_FG_5962_20000626_12.tif,TCGA_FG_5962_20000626_12,empty,p62,train,none,2263,-1,,False,7ce4a19c165e8da9,0,kaggle_3m/TCGA_FG_5962_20000626/TCGA_FG_5962_20000626_12_mask.tif,9
lgg_seg,lgg_seg,kaggle_3m/TCGA_FG_5962_20000626/TCGA_FG_5962_20000626_13.tif,TCGA_FG_5962_20000626_13,empty,p62,train,none,2263,-1,duplicate_of:TCGA_FG_5962_20000626_12,False,7ce5a194165e8da9,0,kaggle_3m/TCGA_FG_5962_20000626/TCGA_FG_5962_20000626_13_mask.tif,9
lgg_seg,lgg_seg,kaggle_3m/TCGA_FG_5962_20000626/TCGA_FG_5962_20000626_14.tif,TCGA_FG_5962_20000626_14,empty,p62,train,none,2265,-1,,False,58e7a194965ea9a9,0,kaggle_3m/TCGA_FG_5962_20000626/TCGA_FG_5962_20000626_14_mask.tif,9
lgg_seg,lgg_seg,kaggle_3m/TCGA_FG_5962_20000626/TCGA_FG_5962_20000626_15.tif,TCGA_FG_5962_20000626_15,empty,p62,train,none,2266,-1,,False,59e5a194965669e9,0,kaggle_3m/TCGA_FG_5962_20000626/TCGA_FG_5962_20000626_15_mask.tif,9
lgg_seg,lgg_seg,kaggle_3m/TCGA_FG_5962_20000626/TCGA_FG_5962_20000626_16.tif,TCGA_FG_5962_20000626_16,empty,p62,train,none,2266,-1,duplicate_of:TCGA_FG_5962_20000626_15,False,5965a594965669e9,0,kaggle_3m/TCGA_FG_5962_20000626/TCGA_FG_5962_20000626_16_mask.tif,9
lgg_seg,lgg_seg,kaggle_3m/TCGA_FG_5962_20000626/TCGA_FG_5962_20000626_17.tif,TCGA_FG_5962_20000626_17,empty,p62,train,none,2266,-1,duplicate_of:TCGA_FG_5962_20000626_15,False,7965a584965e29e9,0,kaggle_3m/TCGA_FG_5962_20000626/TCGA_FG_5962_20000626_17_mask.tif,9
lgg_seg,lgg_seg,kaggle_3m/TCGA_FG_5962_20000626/TCGA_FG_5962_20000626_18.tif,TCGA_FG_5962_20000626_18,empty,p62,train,none,2269,-1,,False,7965e584865e34e9,0,kaggle_3m/TCGA_FG_5962_20000626/TCGA_FG_5962_20000626_18_mask.tif,9
lgg_seg,lgg_seg,kaggle_3m/TCGA_FG_5962_20000626/TCGA_FG_5962_20000626_19.tif,TCGA_FG_5962_20000626_19,empty,p62,train,none,2269,-1,duplicate_of:TCGA_FG_5962_20000626_18,False,7965e1848e5e34e9,0,kaggle_3m/TCGA_FG_5962_20000626/TCGA_FG_5962_20000626_19_mask.tif,9
lgg_seg,lgg_seg,kaggle_3m/TCGA_FG_5962_20000626/TCGA_FG_5962_20000626_2.tif,TCGA_FG_5962_20000626_2,empty,p62,train,none,2271,-1,,False,79869b9c521eace1,0,kaggle_3m/TCGA_FG_5962_20000626/TCGA_FG_5962_20000626_2_mask.tif,9
lgg_seg,lgg_seg,kaggle_3m/TCGA_FG_5962_20000626/TCGA_FG_5962_20000626_20.tif,TCGA_FG_5962_20000626_20,empty,p62,train,none,2269,-1,duplicate_of:TCGA_FG_5962_20000626_18,False,7965e194865e34e9,0,kaggle_3m/TCGA_FG_5962_20000626/TCGA_FG_5962_20000626_20_mask.tif,9
lgg_seg,lgg_seg,kaggle_3m/TCGA_FG_5962_20000626/TCGA_FG_5962_20000626_21.tif,TCGA_FG_5962_20000626_21,tumor,p62,train,none,2269,-1,,False,796d619486563ce9,284,kaggle_3m/TCGA_FG_5962_20000626/TCGA_FG_5962_20000626_21_mask.tif,9
lgg_seg,lgg_seg,kaggle_3m/TCGA_FG_5962_20000626/TCGA_FG_5962_20000626_22.tif,TCGA_FG_5962_20000626_22,tumor,p62,train,none,2269,-1,duplicate_of:TCGA_FG_5962_20000626_21,False,716de1948e5634e9,924,kaggle_3m/TCGA_FG_5962_20000626/TCGA_FG_5962_20000626_22_mask.tif,9
lgg_seg,lgg_seg,kaggle_3m/TCGA_FG_5962_20000626/TCGA_FG_5962_20000626_23.tif,TCGA_FG_5962_20000626_23,tumor,p62,train,none,2275,-1,,False,71cce3968c5634e9,1591,kaggle_3m/TCGA_FG_5962_20000626/TCGA_FG_5962_20000626_23_mask.tif,9
lgg_seg,lgg_seg,kaggle_3m/TCGA_FG_5962_20000626/TCGA_FG_5962_20000626_24.tif,TCGA_FG_5962_20000626_24,tumor,p62,train,none,2276,-1,,False,618ca796cc5636e9,2001,kaggle_3m/TCGA_FG_5962_20000626/TCGA_FG_5962_20000626_24_mask.tif,9
lgg_seg,lgg_seg,kaggle_3m/TCGA_FG_5962_20000626/TCGA_FG_5962_20000626_25.tif,TCGA_FG_5962_20000626_25,tumor,p62,train,none,2277,-1,,False,698c86968d7676c9,2304,kaggle_3m/TCGA_FG_5962_20000626/TCGA_FG_5962_20000626_25_mask.tif,9
lgg_seg,lgg_seg,kaggle_3m/TCGA_FG_5962_20000626/TCGA_FG_5962_20000626_26.tif,TCGA_FG_5962_20000626_26,tumor,p62,train,none,2277,-1,duplicate_of:TCGA_FG_5962_20000626_25,False,798ca696897636c9,2609,kaggle_3m/TCGA_FG_5962_20000626/TCGA_FG_5962_20000626_26_mask.tif,9
lgg_seg,lgg_seg,kaggle_3m/TCGA_FG_5962_20000626/TCGA_FG_5962_20000626_27.tif,TCGA_FG_5962_20000626_27,tumor,p62,train,none,2277,-1,duplicate_of:TCGA_FG_5962_20000626_25,False,798ca696897636c9,2911,kaggle_3m/TCGA_FG_5962_20000626/TCGA_FG_5962_20000626_27_mask.tif,9
lgg_seg,lgg_seg,kaggle_3m/TCGA_FG_5962_20000626/TCGA_FG_5962_20000626_28.tif,TCGA_FG_5962_20000626_28,tumor,p62,train,none,2277,-1,duplicate_of:TCGA_FG_5962_20000626_25,False,7984e696897636c9,3115,kaggle_3m/TCGA_FG_5962_20000626/TCGA_FG_5962_20000626_28_mask.tif,9
lgg_seg,lgg_seg,kaggle_3m/TCGA_FG_5962_20000626/TCGA_FG_5962_20000626_29.tif,TCGA_FG_5962_20000626_29,tumor,p62,train,none,2277,-1,duplicate_of:TCGA_FG_5962_20000626_25,False,d9866696897636c9,3073,kaggle_3m/TCGA_FG_5962_20000626/TCGA_FG_5962_20000626_29_mask.tif,9
lgg_seg,lgg_seg,kaggle_3m/TCGA_FG_5962_20000626/TCGA_FG_5962_20000626_3.tif,TCGA_FG_5962_20000626_3,empty,p62,train,none,2282,-1,,False,7986999cc61e2de1,0,kaggle_3m/TCGA_FG_5962_20000626/TCGA_FG_5962_20000626_3_mask.tif,9
lgg_seg,lgg_seg,kaggle_3m/TCGA_FG_5962_20000626/TCGA_FG_5962_20000626_30.tif,TCGA_FG_5962_20000626_30,tumor,p62,train,none,2277,-1,duplicate_of:TCGA_FG_5962_20000626_25,False,f9866696893636c9,2936,kaggle_3m/TCGA_FG_5962_20000626/TCGA_FG_5962_20000626_30_mask.tif,9
lgg_seg,lgg_seg,kaggle_3m/TCGA_FG_5962_20000626/TCGA_FG_5962_20000626_31.tif,TCGA_FG_5962_20000626_31,tumor,p62,train,none,2277,-1,duplicate_of:TCGA_FG_5962_20000626_25,False,79a6e696891636c9,2952,kaggle_3m/TCGA_FG_5962_20000626/TCGA_FG_5962_20000626_31_mask.tif,9
lgg_seg,lgg_seg,kaggle_3m/TCGA_FG_5962_20000626/TCGA_FG_5962_20000626_32.tif,TCGA_FG_5962_20000626_32,tumor,p62,train,none,2277,-1,duplicate_of:TCGA_FG_5962_20000626_25,False,5ba6e6a6891636c9,3070,kaggle_3m/TCGA_FG_5962_20000626/TCGA_FG_5962_20000626_32_mask.tif,9
lgg_seg,lgg_seg,kaggle_3m/TCGA_FG_5962_20000626/TCGA_FG_5962_20000626_33.tif,TCGA_FG_5962_20000626_33,tumor,p62,train,none,2277,-1,duplicate_of:TCGA_FG_5962_20000626_25,False,7ba6e686891636c9,2905,kaggle_3m/TCGA_FG_5962_20000626/TCGA_FG_5962_20000626_33_mask.tif,9
lgg_seg,lgg_seg,kaggle_3m/TCGA_FG_5962_20000626/TCGA_FG_5962_20000626_34.tif,TCGA_FG_5962_20000626_34,tumor,p62,train,none,2287,-1,,False,79e663a6891636c9,2652,kaggle_3m/TCGA_FG_5962_20000626/TCGA_FG_5962_20000626_34_mask.tif,9
lgg_seg,lgg_seg,kaggle_3m/TCGA_FG_5962_20000626/TCGA_FG_5962_20000626_35.tif,TCGA_FG_5962_20000626_35,tumor,p62,train,none,2287,-1,duplicate_of:TCGA_FG_5962_20000626_34,False,79e66386c91636c9,2679,kaggle_3m/TCGA_FG_5962_20000626/TCGA_FG_5962_20000626_35_mask.tif,9
lgg_seg,lgg_seg,kaggle_3m/TCGA_FG_5962_20000626/TCGA_FG_5962_20000626_36.tif,TCGA_FG_5962_20000626_36,tumor,p62,train,none,2287,-1,duplicate_of:TCGA_FG_5962_20000626_34,False,79e66386c91636c9,2471,kaggle_3m/TCGA_FG_5962_20000626/TCGA_FG_5962_20000626_36_mask.tif,9
lgg_seg,lgg_seg,kaggle_3m/TCGA_FG_5962_20000626/TCGA_FG_5962_20000626_37.tif,TCGA_FG_5962_20000626_37,tumor,p62,train,none,2287,-1,duplicate_of:TCGA_FG_5962_20000626_34,False,79e673a6c9163449,2265,kaggle_3m/TCGA_FG_5962_20000626/TCGA_FG_5962_20000626_37_mask.tif,9
lgg_seg,lgg_seg,kaggle_3m/TCGA_FG_5962_20000626/TCGA_FG_5962_20000626_38.tif,TCGA_FG_5962_20000626_38,tumor,p62,train,none,2287,-1,duplicate_of:TCGA_FG_5962_20000626_34,False,39e673a6c9163649,2049,kaggle_3m/TCGA_FG_5962_20000626/TCGA_FG_5962_20000626_38_mask.tif,9
lgg_seg,lgg_seg,kaggle_3m/TCGA_FG_5962_20000626/TCGA_FG_5962_20000626_39.tif,TCGA_FG_5962_20000626_39,tumor,p62,train,none,2287,-1,duplicate_of:TCGA_FG_5962_20000626_34,False,39e473a6c9963649,1973,kaggle_3m/TCGA_FG_5962_20000626/TCGA_FG_5962_20000626_39_mask.tif,9
lgg_seg,lgg_seg,kaggle_3m/TCGA_FG_5962_20000626/TCGA_FG_5962_20000626_4.tif,TCGA_FG_5962_20000626_4,empty,p62,train,none,2293,-1,,False,5a868396d65e2de1,0,kaggle_3m/TCGA_FG_5962_20000626/TCGA_FG_5962_20000626_4_mask.tif,9
lgg_seg,lgg_seg,kaggle_3m/TCGA_FG_5962_20000626/TCGA_FG_5962_20000626_40.tif,TCGA_FG_5962_20000626_40,tumor,p62,train,none,2287,-1,duplicate_of:TCGA_FG_5962_20000626_34,False,18e673a6c9963669,1751,kaggle_3m/TCGA_FG_5962_20000626/TCGA_FG_5962_20000626_40_mask.tif,9
lgg_seg,lgg_seg,kaggle_3m/TCGA_FG_5962_20000626/TCGA_FG_5962_20000626_41.tif,TCGA_FG_5962_20000626_41,tumor,p62,train,none,2287,-1,duplicate_of:TCGA_FG_5962_20000626_34,False,1cec73a6c9963649,1635,kaggle_3m/TCGA_FG_5962_20000626/TCGA_FG_5962_20000626_41_mask.tif,9
lgg_seg,lgg_seg,kaggle_3m/TCGA_FG_5962_20000626/TCGA_FG_5962_20000626_42.tif,TCGA_FG_5962_20000626_42,tumor,p62,train,none,2287,-1,duplicate_of:TCGA_FG_5962_20000626_34,False,16ed71a6c9963649,755,kaggle_3m/TCGA_FG_5962_20000626/TCGA_FG_5962_20000626_42_mask.tif,9
lgg_seg,lgg_seg,kaggle_3m/TCGA_FG_5962_20000626/TCGA_FG_5962_20000626_43.tif,TCGA_FG_5962_20000626_43,tumor,p62,train,none,2287,-1,duplicate_of:TCGA_FG_5962_20000626_34,False,166d71a6c9963659,808,kaggle_3m/TCGA_FG_5962_20000626/TCGA_FG_5962_20000626_43_mask.tif,9
lgg_seg,lgg_seg,kaggle_3m/TCGA_FG_5962_20000626/TCGA_FG_5962_20000626_44.tif,TCGA_FG_5962_20000626_44,tumor,p62,train,none,2298,-1,,False,966931e6c1961e79,495,kaggle_3m/TCGA_FG_5962_20000626/TCGA_FG_5962_20000626_44_mask.tif,9
lgg_seg,lgg_seg,kaggle_3m/TCGA_FG_5962_20000626/TCGA_FG_5962_20000626_45.tif,TCGA_FG_5962_20000626_45,tumor,p62,train,none,2298,-1,duplicate_of:TCGA_FG_5962_20000626_44,False,866933e6c9961e59,407,kaggle_3m/TCGA_FG_5962_20000626/TCGA_FG_5962_20000626_45_mask.tif,9
lgg_seg,lgg_seg,kaggle_3m/TCGA_FG_5962_20000626/TCGA_FG_5962_20000626_46.tif,TCGA_FG_5962_20000626_46,tumor,p62,train,none,2300,-1,,False,8e5932e6c9962e59,314,kaggle_3m/TCGA_FG_5962_20000626/TCGA_FG_5962_20000626_46_mask.tif,9
lgg_seg,lgg_seg,kaggle_3m/TCGA_FG_5962_20000626/TCGA_FG_5962_20000626_47.tif,TCGA_FG_5962_20000626_47,empty,p62,train,none,2301,-1,,False,cc593666e9a60e59,0,kaggle_3m/TCGA_FG_5962_20000626/TCGA_FG_5962_20000626_47_mask.tif,9
lgg_seg,lgg_seg,kaggle_3m/TCGA_FG_5962_20000626/TCGA_FG_5962_20000626_48.tif,TCGA_FG_5962_20000626_48,empty,p62,train,none,917,-1,duplicate_of:TCGA_DU_6404_19850629_47,False,ce191c6673a68e59,0,kaggle_3m/TCGA_FG_5962_20000626/TCGA_FG_5962_20000626_48_mask.tif,9
lgg_seg,lgg_seg,kaggle_3m/TCGA_FG_5962_20000626/TCGA_FG_5962_20000626_49.tif,TCGA_FG_5962_20000626_49,empty,p62,train,none,2303,-1,,False,c699996763a68c59,0,kaggle_3m/TCGA_FG_5962_20000626/TCGA_FG_5962_20000626_49_mask.tif,9
lgg_seg,lgg_seg,kaggle_3m/TCGA_FG_5962_20000626/TCGA_FG_5962_20000626_5.tif,TCGA_FG_5962_20000626_5,empty,p62,train,none,2261,-1,duplicate_of:TCGA_FG_5962_20000626_10,False,5886a796565ea9e1,0,kaggle_3m/TCGA_FG_5962_20000626/TCGA_FG_5962_20000626_5_mask.tif,9
lgg_seg,lgg_seg,kaggle_3m/TCGA_FG_5962_20000626/TCGA_FG_5962_20000626_50.tif,TCGA_FG_5962_20000626_50,empty,p62,train,none,2305,-1,,False,e699996161e69e19,0,kaggle_3m/TCGA_FG_5962_20000626/TCGA_FG_5962_20000626_50_mask.tif,9
lgg_seg,lgg_seg,kaggle_3m/TCGA_FG_5962_20000626/TCGA_FG_5962_20000626_51.tif,TCGA_FG_5962_20000626_51,empty,p62,train,none,2306,-1,,False,b3998c9971668e99,0,kaggle_3m/TCGA_FG_5962_20000626/TCGA_FG_5962_20000626_51_mask.tif,9
lgg_seg,lgg_seg,kaggle_3m/TCGA_FG_5962_20000626/TCGA_FG_5962_20000626_6.tif,TCGA_FG_5962_20000626_6,empty,p62,train,none,2261,-1,duplicate_of:TCGA_FG_5962_20000626_10,False,5886a796525e6de1,0,kaggle_3m/TCGA_FG_5962_20000626/TCGA_FG_5962_20000626_6_mask.tif,9
lgg_seg,lgg_seg,kaggle_3m/TCGA_FG_5962_20000626/TCGA_FG_5962_20000626_7.tif,TCGA_FG_5962_20000626_7,empty,p62,train,none,2261,-1,duplicate_of:TCGA_FG_5962_20000626_10,False,5886a796525e2de9,0,kaggle_3m/TCGA_FG_5962_20000626/TCGA_FG_5962_20000626_7_mask.tif,9
lgg_seg,lgg_seg,kaggle_3m/TCGA_FG_5962_20000626/TCGA_FG_5962_20000626_8.tif,TCGA_FG_5962_20000626_8,empty,p62,train,none,2261,-1,duplicate_of:TCGA_FG_5962_20000626_10,False,5886a596525eade9,0,kaggle_3m/TCGA_FG_5962_20000626/TCGA_FG_5962_20000626_8_mask.tif,9
lgg_seg,lgg_seg,kaggle_3m/TCGA_FG_5962_20000626/TCGA_FG_5962_20000626_9.tif,TCGA_FG_5962_20000626_9,empty,p62,train,none,2261,-1,duplicate_of:TCGA_FG_5962_20000626_10,False,5886a5965a5eada9,0,kaggle_3m/TCGA_FG_5962_20000626/TCGA_FG_5962_20000626_9_mask.tif,9
lgg_seg,lgg_seg,kaggle_3m/TCGA_FG_5964_20010511/TCGA_FG_5964_20010511_1.tif,TCGA_FG_5964_20010511_1,empty,p63,test,none,2311,-1,,True,7558f258e67a86a1,0,kaggle_3m/TCGA_FG_5964_20010511/TCGA_FG_5964_20010511_1_mask.tif,0
lgg_seg,lgg_seg,kaggle_3m/TCGA_FG_5964_20010511/TCGA_FG_5964_20010511_10.tif,TCGA_FG_5964_20010511_10,empty,p63,test,none,2312,-1,,True,8d1c94dc9afa56a1,0,kaggle_3m/TCGA_FG_5964_20010511/TCGA_FG_5964_20010511_10_mask.tif,0
lgg_seg,lgg_seg,kaggle_3m/TCGA_FG_5964_20010511/TCGA_FG_5964_20010511_11.tif,TCGA_FG_5964_20010511_11,empty,p63,test,none,2313,-1,,True,8d6e84dc9eda5621,0,kaggle_3m/TCGA_FG_5964_20010511/TCGA_FG_5964_20010511_11_mask.tif,0
lgg_seg,lgg_seg,kaggle_3m/TCGA_FG_5964_20010511/TCGA_FG_5964_20010511_12.tif,TCGA_FG_5964_20010511_12,tumor,p63,test,none,2314,-1,,True,811c965e9c7e5ea1,553,kaggle_3m/TCGA_FG_5964_20010511/TCGA_FG_5964_20010511_12_mask.tif,0
lgg_seg,lgg_seg,kaggle_3m/TCGA_FG_5964_20010511/TCGA_FG_5964_20010511_13.tif,TCGA_FG_5964_20010511_13,tumor,p63,test,none,2315,-1,,True,861e9c5ea47c5ea1,1341,kaggle_3m/TCGA_FG_5964_20010511/TCGA_FG_5964_20010511_13_mask.tif,0
lgg_seg,lgg_seg,kaggle_3m/TCGA_FG_5964_20010511/TCGA_FG_5964_20010511_14.tif,TCGA_FG_5964_20010511_14,tumor,p63,test,none,2316,-1,,True,865c8c5e257e7a29,1388,kaggle_3m/TCGA_FG_5964_20010511/TCGA_FG_5964_20010511_14_mask.tif,0
lgg_seg,lgg_seg,kaggle_3m/TCGA_FG_5964_20010511/TCGA_FG_5964_20010511_15.tif,TCGA_FG_5964_20010511_15,tumor,p63,test,none,2317,-1,,True,9e1c855e25da5e29,1280,kaggle_3m/TCGA_FG_5964_20010511/TCGA_FG_5964_20010511_15_mask.tif,0
lgg_seg,lgg_seg,kaggle_3m/TCGA_FG_5964_20010511/TCGA_FG_5964_20010511_16.tif,TCGA_FG_5964_20010511_16,tumor,p63,test,none,2318,-1,,True,861a85568dde5ea9,712,kaggle_3m/TCGA_FG_5964_20010511/TCGA_FG_5964_20010511_16_mask.tif,0
lgg_seg,lgg_seg,kaggle_3m/TCGA_FG_5964_20010511/TCGA_FG_5964_20010511_17.tif,TCGA_FG_5964_20010511_17,tumor,p63,test,none,2319,-1,,True,865a845e867e5ea9,317,kaggle_3m/TCGA_FG_5964_20010511/TCGA_FG_5964_20010511_17_mask.tif,0
lgg_seg,lgg_seg,kaggle_3m/TCGA_FG_5964_20010511/TCGA_FG_5964_20010511_18.tif,TCGA_FG_5964_20010511_18,empty,p63,test,none,2320,-1,,True,8456865e865e7ea9,0,kaggle_3m/TCGA_FG_5964_20010511/TCGA_FG_5964_20010511_18_mask.tif,0
lgg_seg,lgg_seg,kaggle_3m/TCGA_FG_5964_20010511/TCGA_FG_5964_20010511_19.tif,TCGA_FG_5964_20010511_19,empty,p63,test,none,2321,-1,,True,e61ca656865e1e69,0,kaggle_3m/TCGA_FG_5964_20010511/TCGA_FG_5964_20010511_19_mask.tif,0
lgg_seg,lgg_seg,kaggle_3m/TCGA_FG_5964_20010511/TCGA_FG_5964_20010511_2.tif,TCGA_FG_5964_20010511_2,empty,p63,test,none,2322,-1,,True,575ca658e6798ca1,0,kaggle_3m/TCGA_FG_5964_20010511/TCGA_FG_5964_20010511_2_mask.tif,0
lgg_seg,lgg_seg,kaggle_3m/TCGA_FG_5964_20010511/TCGA_FG_5964_20010511_20.tif,TCGA_FG_5964_20010511_20,empty,p63,test,none,2323,-1,,True,e796a456845e16e9,0,kaggle_3m/TCGA_FG_5964_20010511/TCGA_FG_5964_20010511_20_mask.tif,0
lgg_seg,lgg_seg,kaggle_3m/TCGA_FG_5964_20010511/TCGA_FG_5964_20010511_21.tif,TCGA_FG_5964_20010511_21,empty,p63,test,none,2324,-1,,True,6796e416865e1ce9,0,kaggle_3m/TCGA_FG_5964_20010511/TCGA_FG_5964_20010511_21_mask.tif,0
lgg_seg,lgg_seg,kaggle_3m/TCGA_FG_5964_20010511/TCGA_FG_5964_20010511_22.tif,TCGA_FG_5964_20010511_22,empty,p63,test,none,69,-1,duplicate_of:TCGA_CS_4944_20010208_15,True,61a6e596865e1ce9,0,kaggle_3m/TCGA_FG_5964_20010511/TCGA_FG_5964_20010511_22_mask.tif,0
lgg_seg,lgg_seg,kaggle_3m/TCGA_FG_5964_20010511/TCGA_FG_5964_20010511_23.tif,TCGA_FG_5964_20010511_23,empty,p63,test,none,2326,-1,,True,79666986c61e1e69,0,kaggle_3m/TCGA_FG_5964_20010511/TCGA_FG_5964_20010511_23_mask.tif,0
lgg_seg,lgg_seg,kaggle_3m/TCGA_FG_5964_20010511/TCGA_FG_5964_20010511_24.tif,TCGA_FG_5964_20010511_24,empty,p63,test,none,73,-1,duplicate_of:TCGA_CS_4944_20010208_19,True,996179a4e5968679,0,kaggle_3m/TCGA_FG_5964_20010511/TCGA_FG_5964_20010511_24_mask.tif,0
lgg_seg,lgg_seg,kaggle_3m/TCGA_FG_5964_20010511/TCGA_FG_5964_20010511_25.tif,TCGA_FG_5964_20010511_25,empty,p63,test,none,2328,-1,,True,8e999b6473868e59,0,kaggle_3m/TCGA_FG_5964_20010511/TCGA_FG_5964_20010511_25_mask.tif,0
lgg_seg,lgg_seg,kaggle_3m/TCGA_FG_5964_20010511/TCGA_FG_5964_20010511_26.tif,TCGA_FG_5964_20010511_26,empty,p63,test,none,2329,-1,,True,668699993366ce99,0,kaggle_3m/TCGA_FG_5964_20010511/TCGA_FG_5964_20010511_26_mask.tif,0
lgg_seg,lgg_seg,kaggle_3m/TCGA_FG_5964_20010511/TCGA_FG_5964_20010511_3.tif,TCGA_FG_5964_20010511_3,empty,p63,test,none,2330,-1,,True,3658867ace79a5a1,0,kaggle_3m/TCGA_FG_5964_20010511/TCGA_FG_5964_20010511_3_mask.tif,0
lgg_seg,lgg_seg,kaggle_3m/TCGA_FG_5964_20010511/TCGA_FG_5964_20010511_4.tif,TCGA_FG_5964_20010511_4,empty,p63,test,none,2331,-1,,True,5e588678da7aa5a1,0,kaggle_3m/TCGA_FG_5964_20010511/TCGA_FG_5964_20010511_4_mask.tif,0
lgg_seg,lgg_seg,kaggle_3m/TCGA_FG_5964_20010511/TCGA_FG_5964_20010511_5.tif,TCGA_FG_5964_20010511_5,empty,p63,test,none,2332,-1,,True,16594d70fa6aa7a1,0,kaggle_3m/TCGA_FG_5964_20010511/TCGA_FG_5964_20010511_5_mask.tif,0
lgg_seg,lgg_seg,kaggle_3m/TCGA_FG_5964_20010511/TCGA_FG_5964_20010511_6.tif,TCGA_FG_5964_20010511_6,empty,p63,test,none,2333,-1,,True,165b4f7872e8a781,0,kaggle_3m/TCGA_FG_5964_20010511/TCGA_FG_5964_20010511_6_mask.tif,0
lgg_seg,lgg_seg,kaggle_3m/TCGA_FG_5964_20010511/TCGA_FG_5964_20010511_7.tif,TCGA_FG_5964_20010511_7,empty,p63,test,none,2334,-1,,True,76730b787aea8681,0,kaggle_3m/TCGA_FG_5964_20010511/TCGA_FG_5964_20010511_7_mask.tif,0
lgg_seg,lgg_seg,kaggle_3m/TCGA_FG_5964_20010511/TCGA_FG_5964_20010511_8.tif,TCGA_FG_5964_20010511_8,empty,p63,test,none,2335,-1,,True,b47353785ac296a9,0,kaggle_3m/TCGA_FG_5964_20010511/TCGA_FG_5964_20010511_8_mask.tif,0
lgg_seg,lgg_seg,kaggle_3m/TCGA_FG_5964_20010511/TCGA_FG_5964_20010511_9.tif,TCGA_FG_5964_20010511_9,empty,p63,test,none,2336,-1,,True,8c34967a9adad6a1,0,kaggle_3m/TCGA_FG_5964_20010511/TCGA_FG_5964_20010511_9_mask.tif,0
lgg_seg,lgg_seg,kaggle_3m/TCGA_FG_6688_20020215/TCGA_FG_6688_20020215_1.tif,TCGA_FG_6688_20020215_1,empty,p64,train,none,2337,-1,,False,588679b6f8dc8629,0,kaggle_3m/TCGA_FG_6688_20020215/TCGA_FG_6688_20020215_1_mask.tif,9
lgg_seg,lgg_seg,kaggle_3m/TCGA_FG_6688_20020215/TCGA_FG_6688_20020215_10.tif,TCGA_FG_6688_20020215_10,empty,p64,train,none,2338,-1,,False,f3171616787ca6a1,0,kaggle_3m/TCGA_FG_6688_20020215/TCGA_FG_6688_20020215_10_mask.tif,9
lgg_seg,lgg_seg,kaggle_3m/TCGA_FG_6688_20020215/TCGA_FG_6688_20020215_11.tif,TCGA_FG_6688_20020215_11,empty,p64,train,none,2339,-1,,False,e39516169c7c66e1,0,kaggle_3m/TCGA_FG_6688_20020215/TCGA_FG_6688_20020215_11_mask.tif,9
lgg_seg,lgg_seg,kaggle_3m/TCGA_FG_6688_20020215/TCGA_FG_6688_20020215_12.tif,TCGA_FG_6688_20020215_12,empty,p64,train,none,2340,-1,,False,e99c141e1c7c67e1,0,kaggle_3m/TCGA_FG_6688_20020215/TCGA_FG_6688_20020215_12_mask.tif,9
lgg_seg,lgg_seg,kaggle_3m/TCGA_FG_6688_20020215/TCGA_FG_6688_20020215_13.tif,TCGA_FG_6688_20020215_13,empty,p64,train,none,2341,-1,,False,699c0c1e16fcc7e1,0,kaggle_3m/TCGA_FG_6688_20020215/TCGA_FG_6688_20020215_13_mask.tif,9
lgg_seg,lgg_seg,kaggle_3m/TCGA_FG_6688_20020215/TCGA_FG_6688_20020215_14.tif,TCGA_FG_6688_20020215_14,empty,p64,train,none,2342,-1,,False,ad36243636d8cbc9,0,kaggle_3m/TCGA_FG_6688_20020215/TCGA_FG_6688_20020215_14_mask.tif,9
lgg_seg,lgg_seg,kaggle_3m/TCGA_FG_6688_20020215/TCGA_FG_6688_20020215_15.tif,TCGA_FG_6688_20020215_15,empty,p64,train,none,2343,-1,,False,2636343666d8cfc9,0,kaggle_3m/TCGA_FG_6688_20020215/TCGA_FG_6688_20020215_15_mask.tif,9
lgg_seg,lgg_seg,kaggle_3m/TCGA_FG_6688_20020215/TCGA_FG_6688_20020215_16.tif,TCGA_FG_6688_20020215_16,empty,p64,train,none,2343,-1,duplicate_of:TCGA_FG_6688_20020215_15,False,24363436e6dccbc9,0,kaggle_3m/TCGA_FG_6688_20020215/TCGA_FG_6688_20020215_16_mask.tif,9
lgg_seg,lgg_seg,kaggle_3m/TCGA_FG_6688_20020215/TCGA_FG_6688_20020215_17.tif,TCGA_FG_6688_20020215_17,tumor,p64,train,none,2345,-1,,False,2736b01e64dece89,341,kaggle_3m/TCGA_FG_6688_20020215/TCGA_FG_6688_20020215_17_mask.tif,9
lgg_seg,lgg_seg,kaggle_3m/TCGA_FG_6688_20020215/TCGA_FG_6688_20020215_18.tif,TCGA_FG_6688_20020215_18,tumor,p64,train,none,2346,-1,,False,2396b01e6cdc56e9,689,kaggle_3m/TCGA_FG_6688_20020215/TCGA_FG_6688_20020215_18_mask.tif,9
lgg_seg,lgg_seg,kaggle_3m/TCGA_FG_6688_20020215/TCGA_FG_6688_20020215_19.tif,TCGA_FG_6688_20020215_19,tumor,p64,train,none,2347,-1,,False,e196bc1e2c7c5689,757,kaggle_3m/TCGA_FG_6688_20020215/TCGA_FG_6688_20020215_19_mask.tif,9
lgg_seg,lgg_seg,kaggle_3m/TCGA_FG_6688_20020215/TCGA_FG_6688_20020215_2.tif,TCGA_FG_6688_20020215_2,empty,p64,train,none,2348,-1,,False,5b865976e8dc8629,0,kaggle_3m/TCGA_FG_6688_20020215/TCGA_FG_6688_20020215_2_mask.tif,9
lgg_seg,lgg_seg,kaggle_3m/TCGA_FG_6688_20020215/TCGA_FG_6688_20020215_20.tif,TCGA_FG_6688_20020215_20,tumor,p64,train,none,2349,-1,,False,699ea61e2c7456c9,1549,kaggle_3m/TCGA_FG_6688_20020215/TCGA_FG_6688_20020215_20_mask.tif,9
lgg_seg,lgg_seg,kaggle_3m/TCGA_FG_6688_20020215/TCGA_FG_6688_20020215_21.tif,TCGA_FG_6688_20020215_21,tumor,p64,train,none,2350,-1,,False,2916e616ad7c56c9,1562,kaggle_3m/TCGA_FG_6688_20020215/TCGA_FG_6688_20020215_21_mask.tif,9
lgg_seg,lgg_seg,kaggle_3m/TCGA_FG_6688_20020215/TCGA_FG_6688_20020215_22.tif,TCGA_FG_6688_20020215_22,tumor,p64,train,none,2350,-1,duplicate_of:TCGA_FG_6688_20020215_21,False,6916e416a57cd6c9,1642,kaggle_3m/TCGA_FG_6688_20020215/TCGA_FG_6688_20020215_22_mask.tif,9
lgg_seg,lgg_seg,kaggle_3m/TCGA_FG_6688_20020215/TCGA_FG_6688_20020215_23.tif,TCGA_FG_6688_20020215_23,tumor,p64,train,none,2352,-1,,False,7936641e8574d6c9,1426,kaggle_3m/TCGA_FG_6688_20020215/TCGA_FG_6688_20020215_23_mask.tif,9
lgg_seg,lgg_seg,kaggle_3m/TCGA_FG_6688_20020215/TCGA_FG_6688_20020215_24.tif,TCGA_FG_6688_20020215_24,tumor,p64,train,none,2353,-1,,False,693c651c8576d6c9,1803,kaggle_3m/TCGA_FG_6688_20020215/TCGA_FG_6688_20020215_24_mask.tif,9
lgg_seg,lgg_seg,kaggle_3m/TCGA_FG_6688_20020215/TCGA_FG_6688_20020215_25.tif,TCGA_FG_6688_20020215_25,tumor,p64,train,none,2354,-1,,False,691c653c2dd6d689,1797,kaggle_3m/TCGA_FG_6688_20020215/TCGA_FG_6688_20020215_25_mask.tif,9
lgg_seg,lgg_seg,kaggle_3m/TCGA_FG_6688_20020215/TCGA_FG_6688_20020215_26.tif,TCGA_FG_6688_20020215_26,tumor,p64,train,none,2355,-1,,False,692ce93c8d56d689,1966,kaggle_3m/TCGA_FG_6688_20020215/TCGA_FG_6688_20020215_26_mask.tif,9
lgg_seg,lgg_seg,kaggle_3m/TCGA_FG_6688_20020215/TCGA_FG_6688_20020215_27.tif,TCGA_FG_6688_20020215_27,tumor,p64,train,none,2355,-1,duplicate_of:TCGA_FG_6688_20020215_26,False,632c693c8d76d689,2063,kaggle_3m/TCGA_FG_6688_20020215/TCGA_FG_6688_20020215_27_mask.tif,9
lgg_seg,lgg_seg,kaggle_3m/TCGA_FG_6688_20020215/TCGA_FG_6688_20020215_28.tif,TCGA_FG_6688_20020215_28,tumor,p64,train,none,2355,-1,duplicate_of:TCGA_FG_6688_20020215_26,False,432c693c8d76d6c9,2024,kaggle_3m/TCGA_FG_6688_20020215/TCGA_FG_6688_20020215_28_mask.tif,9
lgg_seg,lgg_seg,kaggle_3m/TCGA_FG_6688_20020215/TCGA_FG_6688_20020215_29.tif,TCGA_FG_6688_20020215_29,tumor,p64,train,none,2355,-1,duplicate_of:TCGA_FG_6688_20020215_26,False,530c693c8d76d6c9,1432,kaggle_3m/TCGA_FG_6688_20020215/TCGA_FG_6688_20020215_29_mask.tif,9
lgg_seg,lgg_seg,kaggle_3m/TCGA_FG_6688_20020215/TCGA_FG_6688_20020215_3.tif,TCGA_FG_6688_20020215_3,empty,p64,train,none,2348,-1,duplicate_of:TCGA_FG_6688_20020215_2,False,5986597678de8629,0,kaggle_3m/TCGA_FG_6688_20020215/TCGA_FG_6688_20020215_3_mask.tif,9
lgg_seg,lgg_seg,kaggle_3m/TCGA_FG_6688_20020215/TCGA_FG_6688_20020215_30.tif,TCGA_FG_6688_20020215_30,tumor,p64,train,none,2355,-1,duplicate_of:TCGA_FG_6688_20020215_26,False,730e693c8d7696c1,623,kaggle_3m/TCGA_FG_6688_20020215/TCGA_FG_6688_20020215_30_mask.tif,9
lgg_seg,lgg_seg,kaggle_3m/TCGA_FG_6688_20020215/TCGA_FG_6688_20020215_31.tif,TCGA_FG_6688_20020215_31,tumor,p64,train,none,2361,-1,,False,73066b3cad7416c3,338,kaggle_3m/TCGA_FG_6688_20020215/TCGA_FG_6688_20020215_31_mask.tif,9
lgg_seg,lgg_seg,kaggle_3m/TCGA_FG_6688_20020215/TCGA_FG_6688_20020215_32.tif,TCGA_FG_6688_20020215_32,tumor,p64,train,none,2362,-1,,False,71ce631c2d7696c1,160,kaggle_3m/TCGA_FG_6688_20020215/TCGA_FG_6688_20020215_32_mask.tif,9
lgg_seg,lgg_seg,kaggle_3m/TCGA_FG_6688_20020215/TCGA_FG_6688_20020215_33.tif,TCGA_FG_6688_20020215_33,empty,p64,train,none,2363,-1,,False,d1ce4b2c2d3696c9,0,kaggle_3m/TCGA_FG_6688_20020215/TCGA_FG_6688_20020215_33_mask.tif,9
lgg_seg,lgg_seg,kaggle_3m/TCGA_FG_6688_20020215/TCGA_FG_6688_20020215_34.tif,TCGA_FG_6688_20020215_34,empty,p64,train,none,2364,-1,,False,93c75b0ce91696e1,0,kaggle_3m/TCGA_FG_6688_20020215/TCGA_FG_6688_20020215_34_mask.tif,9
lgg_seg,lgg_seg,kaggle_3m/TCGA_FG_6688_20020215/TCGA_FG_6688_20020215_35.tif,TCGA_FG_6688_20020215_35,empty,p64,train,none,2365,-1,,False,33e3d38c691696e1,0,kaggle_3m/TCGA_FG_6688_20020215/TCGA_FG_6688_20020215_35_mask.tif,9
lgg_seg,lgg_seg,kaggle_3m/TCGA_FG_6688_20020215/TCGA_FG_6688_20020215_36.tif,TCGA_FG_6688_20020215_36,empty,p64,train,none,2366,-1,,False,3673d3cc691c9661,0,kaggle_3m/TCGA_FG_6688_20020215/TCGA_FG_6688_20020215_36_mask.tif,9
lgg_seg,lgg_seg,kaggle_3m/TCGA_FG_6688_20020215/TCGA_FG_6688_20020215_4.tif,TCGA_FG_6688_20020215_4,empty,p64,train,none,2348,-1,duplicate_of:TCGA_FG_6688_20020215_2,False,5986537c78de8629,0,kaggle_3m/TCGA_FG_6688_20020215/TCGA_FG_6688_20020215_4_mask.tif,9
lgg_seg,lgg_seg,kaggle_3m/TCGA_FG_6688_20020215/TCGA_FG_6688_20020215_5.tif,TCGA_FG_6688_20020215_5,empty,p64,train,none,2348,-1,duplicate_of:TCGA_FG_6688_20020215_2,False,5996535e78dc8629,0,kaggle_3m/TCGA_FG_6688_20020215/TCGA_FG_6688_20020215_5_mask.tif,9
lgg_seg,lgg_seg,kaggle_3m/TCGA_FG_6688_20020215/TCGA_FG_6688_20020215_6.tif,TCGA_FG_6688_20020215_6,empty,p64,train,none,2348,-1,duplicate_of:TCGA_FG_6688_20020215_2,False,5994735e78f48629,0,kaggle_3m/TCGA_FG_6688_20020215/TCGA_FG_6688_20020215_6_mask.tif,9
lgg_seg,lgg_seg,kaggle_3m/TCGA_FG_6688_20020215/TCGA_FG_6688_20020215_7.tif,TCGA_FG_6688_20020215_7,empty,p64,train,none,2348,-1,duplicate_of:TCGA_FG_6688_20020215_2,False,5996d35e78f48609,0,kaggle_3m/TCGA_FG_6688_20020215/TCGA_FG_6688_20020215_7_mask.tif,9
lgg_seg,lgg_seg,kaggle_3m/TCGA_FG_6688_20020215/TCGA_FG_6688_20020215_8.tif,TCGA_FG_6688_20020215_8,empty,p64,train,none,2348,-1,duplicate_of:TCGA_FG_6688_20020215_2,False,5987d31e78fc8609,0,kaggle_3m/TCGA_FG_6688_20020215/TCGA_FG_6688_20020215_8_mask.tif,9
lgg_seg,lgg_seg,kaggle_3m/TCGA_FG_6688_20020215/TCGA_FG_6688_20020215_9.tif,TCGA_FG_6688_20020215_9,empty,p64,train,none,2348,-1,duplicate_of:TCGA_FG_6688_20020215_2,False,5997531e78fc8609,0,kaggle_3m/TCGA_FG_6688_20020215/TCGA_FG_6688_20020215_9_mask.tif,9
lgg_seg,lgg_seg,kaggle_3m/TCGA_FG_6689_20020326/TCGA_FG_6689_20020326_1.tif,TCGA_FG_6689_20020326_1,empty,p65,train,none,2373,-1,,False,962c39a6793cc743,0,kaggle_3m/TCGA_FG_6689_20020326/TCGA_FG_6689_20020326_1_mask.tif,5
lgg_seg,lgg_seg,kaggle_3m/TCGA_FG_6689_20020326/TCGA_FG_6689_20020326_10.tif,TCGA_FG_6689_20020326_10,empty,p65,train,none,2374,-1,,False,262c6eb6383cc7c3,0,kaggle_3m/TCGA_FG_6689_20020326/TCGA_FG_6689_20020326_10_mask.tif,5
lgg_seg,lgg_seg,kaggle_3m/TCGA_FG_6689_20020326/TCGA_FG_6689_20020326_11.tif,TCGA_FG_6689_20020326_11,empty,p65,train,none,2375,-1,,False,2e0c4ebc3876c7c3,0,kaggle_3m/TCGA_FG_6689_20020326/TCGA_FG_6689_20020326_11_mask.tif,5
lgg_seg,lgg_seg,kaggle_3m/TCGA_FG_6689_20020326/TCGA_FG_6689_20020326_12.tif,TCGA_FG_6689_20020326_12,empty,p65,train,none,2376,-1,,False,2c0c4cb6b8fcc7c3,0,kaggle_3m/TCGA_FG_6689_20020326/TCGA_FG_6689_20020326_12_mask.tif,5
lgg_seg,lgg_seg,kaggle_3m/TCGA_FG_6689_20020326/TCGA_FG_6689_20020326_13.tif,TCGA_FG_6689_20020326_13,empty,p65,train,none,2376,-1,duplicate_of:TCGA_FG_6689_20020326_12,False,2c0c6db6b8fcc643,0,kaggle_3m/TCGA_FG_6689_20020326/TCGA_FG_6689_20020326_13_mask.tif,5
lgg_seg,lgg_seg,kaggle_3m/TCGA_FG_6689_20020326/TCGA_FG_6689_20020326_14.tif,TCGA_FG_6689_20020326_14,empty,p65,train,none,2376,-1,duplicate_of:TCGA_FG_6689_20020326_12,False,2c0c2bb6b8fcc6c3,0,kaggle_3m/TCGA_FG_6689_20020326/TCGA_FG_6689_20020326_14_mask.tif,5
lgg_seg,lgg_seg,kaggle_3m/TCGA_FG_6689_20020326/TCGA_FG_6689_20020326_15.tif,TCGA_FG_6689_20020326_15,empty,p65,train,none,2376,-1,duplicate_of:TCGA_FG_6689_20020326_12,False,2c2c6bb6387cc6c3,0,kaggle_3m/TCGA_FG_6689_20020326/TCGA_FG_6689_20020326_15_mask.tif,5
lgg_seg,lgg_seg,kaggle_3m/TCGA_FG_6689_20020326/TCGA_FG_6689_20020326_16.tif,TCGA_FG_6689_20020326_16,empty,p65,train,none,2380,-1,,False,9c0c6bb6b876464b,0,kaggle_3m/TCGA_FG_6689_20020326/TCGA_FG_6689_20020326_16_mask.tif,5
lgg_seg,lgg_seg,kaggle_3m/TCGA_FG_6689_20020326/TCGA_FG_6689_20020326_17.tif,TCGA_FG_6689_20020326_17,empty,p65,train,none,2381,-1,,False,d92c63b639b68649,0,kaggle_3m/TCGA_FG_6689_20020326/TCGA_FG_6689_20020326_17_mask.tif,5
lgg_seg,lgg_seg,kaggle_3m/TCGA_FG_6689_20020326/TCGA_FG_6689_20020326_18.tif,TCGA_FG_6689_20020326_18,empty,p65,train,none,2382,-1,,False,f94e4336383686cb,0,kaggle_3m/TCGA_FG_6689_20020326/TCGA_FG_6689_20020326_18_mask.tif,5
lgg_seg,lgg_seg,kaggle_3m/TCGA_FG_6689_20020326/TCGA_FG_6689_20020326_19.tif,TCGA_FG_6689_20020326_19,empty,p65,train,none,2383,-1,,False,f9cec72638b48643,0,kaggle_3m/TCGA_FG_6689_20020326/TCGA_FG_6689_20020326_19_mask.tif,5
lgg_seg,lgg_seg,kaggle_3m/TCGA_FG_6689_20020326/TCGA_FG_6689_20020326_2.tif,TCGA_FG_6689_20020326_2,empty,p65,train,none,2384,-1,,False,922c3ba6f8b4c743,0,kaggle_3m/TCGA_FG_6689_20020326/TCGA_FG_6689_20020326_2_mask.tif,5
lgg_seg,lgg_seg,kaggle_3m/TCGA_FG_6689_20020326/TCGA_FG_6689_20020326_20.tif,TCGA_FG_6689_20020326_20,tumor,p65,train,none,2385,-1,,False,f9cccb063cbc8643,214,kaggle_3m/TCGA_FG_6689_20020326/TCGA_FG_6689_20020326_20_mask.tif,5
lgg_seg,lgg_seg,kaggle_3m/TCGA_FG_6689_20020326/TCGA_FG_6689_20020326_21.tif,TCGA_FG_6689_20020326_21,tumor,p65,train,none,2386,-1,,False,f9cccb8621bc9643,146,kaggle_3m/TCGA_FG_6689_20020326/TCGA_FG_6689_20020326_21_mask.tif,5
lgg_seg,lgg_seg,kaggle_3m/TCGA_FG_6689_20020326/TCGA_FG_6689_20020326_22.tif,TCGA_FG_6689_20020326_22,tumor,p65,train,none,2386,-1,duplicate_of:TCGA_FG_6689_20020326_21,False,f9cccb06213c9e63,654,kaggle_3m/TCGA_FG_6689_20020326/TCGA_FG_6689_20020326_22_mask.tif,5
lgg_seg,lgg_seg,kaggle_3m/TCGA_FG_6689_20020326/TCGA_FG_6689_20020326_23.tif,TCGA_FG_6689_20020326_23,tumor,p65,train,none,2388,-1,,False,f9c6c3066c9c9663,994,kaggle_3m/TCGA_FG_6689_20020326/TCGA_FG_6689_20020326_23_mask.tif,5
lgg_seg,lgg_seg,kaggle_3m/TCGA_FG_6689_20020326/TCGA_FG_6689_20020326_24.tif,TCGA_FG_6689_20020326_24,tumor,p65,train,none,2389,-1,,False,d98cc3366c9c9663,1470,kaggle_3m/TCGA_FG_6689_20020326/TCGA_FG_6689_20020326_24_mask.tif,5
lgg_seg,lgg_seg,kaggle_3m/TCGA_FG_6689_20020326/TCGA_FG_6689_20020326_25.tif,TCGA_FG_6689_20020326_25,tumor,p65,train,none,2390,-1,,False,d38e43362d9c9663,1808,kaggle_3m/TCGA_FG_6689_20020326/TCGA_FG_6689_20020326_25_mask.tif,5
lgg_seg,lgg_seg,kaggle_3m/TCGA_FG_6689_20020326/TCGA_FG_6689_20020326_26.tif,TCGA_FG_6689_20020326_26,tumor,p65,train,none,2391,-1,,False,f30649362d9c96e3,3756,kaggle_3m/TCGA_FG_6689_20020326/TCGA_FG_6689_20020326_26_mask.tif,5
lgg_seg,lgg_seg,kaggle_3m/TCGA_FG_6689_20020326/TCGA_FG_6689_20020326_27.tif,TCGA_FG_6689_20020326_27,tumor,p65,train,none,2392,-1,,False,7326c936651c9ec3,4160,kaggle_3m/TCGA_FG_6689_20020326/TCGA_FG_6689_20020326_27_mask.tif,5
lgg_seg,lgg_seg,kaggle_3m/TCGA_FG_6689_20020326/TCGA_FG_6689_20020326_28.tif,TCGA_FG_6689_20020326_28,tumor,p65,train,none,2393,-1,,False,738cc926651c9ee3,4435,kaggle_3m/TCGA_FG_6689_20020326/TCGA_FG_6689_20020326_28_mask.tif,5
lgg_seg,lgg_seg,kaggle_3m/TCGA_FG_6689_20020326/TCGA_FG_6689_20020326_29.tif,TCGA_FG_6689_20020326_29,tumor,p65,train,none,2393,-1,duplicate_of:TCGA_FG_6689_20020326_28,False,738cc926631c9ee3,4824,kaggle_3m/TCGA_FG_6689_20020326/TCGA_FG_6689_20020326_29_mask.tif,5
lgg_seg,lgg_seg,kaggle_3m/TCGA_FG_6689_20020326/TCGA_FG_6689_20020326_3.tif,TCGA_FG_6689_20020326_3,empty,p65,train,none,2395,-1,,False,9626333678bcc743,0,kaggle_3m/TCGA_FG_6689_20020326/TCGA_FG_6689_20020326_3_mask.tif,5
lgg_seg,lgg_seg,kaggle_3m/TCGA_FG_6689_20020326/TCGA_FG_6689_20020326_30.tif,TCGA_FG_6689_20020326_30,tumor,p65,train,none,2393,-1,duplicate_of:TCGA_FG_6689_20020326_28,False,738cc926631c9ee3,4930,kaggle_3m/TCGA_FG_6689_20020326/TCGA_FG_6689_20020326_30_mask.tif,5
lgg_seg,lgg_seg,kaggle_3m/TCGA_FG_6689_20020326/TCGA_FG_6689_20020326_31.tif,TCGA_FG_6689_20020326_31,tumor,p65,train,none,2393,-1,duplicate_of:TCGA_FG_6689_20020326_28,False,738cc9a6611c9ee3,4812,kaggle_3m/TCGA_FG_6689_20020326/TCGA_FG_6689_20020326_31_mask.tif,5
lgg_seg,lgg_seg,kaggle_3m/TCGA_FG_6689_20020326/TCGA_FG_6689_20020326_32.tif,TCGA_FG_6689_20020326_32,tumor,p65,train,none,2393,-1,duplicate_of:TCGA_FG_6689_20020326_28,False,738cc986613c9ed3,4539,kaggle_3m/TCGA_FG_6689_20020326/TCGA_FG_6689_20020326_32_mask.tif,5
lgg_seg,lgg_seg,kaggle_3m/TCGA_FG_6689_20020326/TCGA_FG_6689_20020326_33.tif,TCGA_FG_6689_20020326_33,tumor,p65,train,none,2393,-1,duplicate_of:TCGA_FG_6689_20020326_28,False,738cc986613c9ed3,4059,kaggle_3m/TCGA_FG_6689_20020326/TCGA_FG_6689_20020326_33_mask.tif,5
lgg_seg,lgg_seg,kaggle_3m/TCGA_FG_6689_20020326/TCGA_FG_6689_20020326_34.tif,TCGA_FG_6689_20020326_34,tumor,p65,train,none,2393,-1,duplicate_of:TCGA_FG_6689_20020326_28,False,338cc9a6613c96f3,3634,kaggle_3m/TCGA_FG_6689_20020326/TCGA_FG_6689_20020326_34_mask.tif,5
lgg_seg,lgg_seg,kaggle_3m/TCGA_FG_6689_20020326/TCGA_FG_6689_20020326_35.tif,TCGA_FG_6689_20020326_35,tumor,p65,train,none,2393,-1,duplicate_of:TCGA_FG_6689_20020326_28,False,338cd986691c96f3,2869,kaggle_3m/TCGA_FG_6689_20020326/TCGA_FG_6689_20020326_35_mask.tif,5
lgg_seg,lgg_seg,kaggle_3m/TCGA_FG_6689_20020326/TCGA_FG_6689_20020326_36.tif,TCGA_FG_6689_20020326_36,tumor,p65,train,none,2393,-1,duplicate_of:TCGA_FG_6689_20020326_28,False,338cd926699c9673,2459,kaggle_3m/TCGA_FG_6689_20020326/TCGA_FG_6689_20020326_36_mask.tif,5
lgg_seg,lgg_seg,kaggle_3m/TCGA_FG_6689_20020326/TCGA_FG_6689_20020326_37.tif,TCGA_FG_6689_20020326_37,tumor,p65,train,none,2403,-1,,False,b38cf326498ca673,1413,kaggle_3m/TCGA_FG_6689_20020326/TCGA_FG_6689_20020326_37_mask.tif,5
lgg_seg,lgg_seg,kaggle_3m/TCGA_FG_6689_20020326/TCGA_FG_6689_20020326_38.tif,TCGA_FG_6689_20020326_38,tumor,p65,train,none,2404,-1,,False,b34d73a6498c2673,381,kaggle_3m/TCGA_FG_6689_20020326/TCGA_FG_6689_20020326_38_mask.tif,5
lgg_seg,lgg_seg,kaggle_3m/TCGA_FG_6689_20020326/TCGA_FG_6689_20020326_39.tif,TCGA_FG_6689_20020326_39,tumor,p65,train,none,2405,-1,,False,bb695b86498ca671,60,kaggle_3m/TCGA_FG_6689_20020326/TCGA_FG_6689_20020326_39_mask.tif,5
lgg_seg,lgg_seg,kaggle_3m/TCGA_FG_6689_20020326/TCGA_FG_6689_20020326_4.tif,TCGA_FG_6689_20020326_4,empty,p65,train,none,2395,-1,duplicate_of:TCGA_FG_6689_20020326_3,False,b22633b6783cc743,0,kaggle_3m/TCGA_FG_6689_20020326/TCGA_FG_6689_20020326_4_mask.tif,5
lgg_seg,lgg_seg,kaggle_3m/TCGA_FG_6689_20020326/TCGA_FG_6689_20020326_40.tif,TCGA_FG_6689_20020326_40,empty,p65,train,none,2407,-1,,False,b863d3ac498ea659,0,kaggle_3m/TCGA_FG_6689_20020326/TCGA_FG_6689_20020326_40_mask.tif,5
lgg_seg,lgg_seg,kaggle_3m/TCGA_FG_6689_20020326/TCGA_FG_6689_20020326_41.tif,TCGA_FG_6689_20020326_41,empty,p65,train,none,2408,-1,,False,9c6993e6498ea659,0,kaggle_3m/TCGA_FG_6689_20020326/TCGA_FG_6689_20020326_41_mask.tif,5
lgg_seg,lgg_seg,kaggle_3m/TCGA_FG_6689_20020326/TCGA_FG_6689_20020326_42.tif,TCGA_FG_6689_20020326_42,empty,p65,train,none,2409,-1,,False,967933c65926a659,0,kaggle_3m/TCGA_FG_6689_20020326/TCGA_FG_6689_20020326_42_mask.tif,5
lgg_seg,lgg_seg,kaggle_3m/TCGA_FG_6689_20020326/TCGA_FG_6689_20020326_43.tif,TCGA_FG_6689_20020326_43,empty,p65,train,none,73,-1,duplicate_of:TCGA_CS_4944_20010208_19,False,663993e659a6a619,0,kaggle_3m/TCGA_FG_6689_20020326/TCGA_FG_6689_20020326_43_mask.tif,5
lgg_seg,lgg_seg,kaggle_3m/TCGA_FG_6689_20020326/TCGA_FG_6689_20020326_44.tif,TCGA_FG_6689_20020326_44,empty,p65,train,none,2411,-1,,False,6619b36399ce6619,0,kaggle_3m/TCGA_FG_6689_20020326/TCGA_FG_6689_20020326_44_mask.tif,5
lgg_seg,lgg_seg,kaggle_3m/TCGA_FG_6689_20020326/TCGA_FG_6689_20020326_45.tif,TCGA_FG_6689_20020326_45,empty,p65,train,none,161,-1,duplicate_of:TCGA_CS_5397_20010315_22,False,ce98663399666699,0,kaggle_3m/TCGA_FG_6689_20020326/TCGA_FG_6689_20020326_45_mask.tif,5
lgg_seg,lgg_seg,kaggle_3m/TCGA_FG_6689_20020326/TCGA_FG_6689_20020326_46.tif,TCGA_FG_6689_20020326_46,empty,p65,train,none,161,-1,duplicate_of:TCGA_CS_5397_20010315_22,False,cdc8663399666699,0,kaggle_3m/TCGA_FG_6689_20020326/TCGA_FG_6689_20020326_46_mask.tif,5
lgg_seg,lgg_seg,kaggle_3m/TCGA_FG_6689_20020326/TCGA_FG_6689_20020326_47.tif,TCGA_FG_6689_20020326_47,empty,p65,train,none,2414,-1,,False,69bae8d779b45b02,0,kaggle_3m/TCGA_FG_6689_20020326/TCGA_FG_6689_20020326_47_mask.tif,5
lgg_seg,lgg_seg,kaggle_3m/TCGA_FG_6689_20020326/TCGA_FG_6689_20020326_48.tif,TCGA_FG_6689_20020326_48,empty,p65,train,none,2415,-1,,False,2fbd3a570e926058,0,kaggle_3m/TCGA_FG_6689_20020326/TCGA_FG_6689_20020326_48_mask.tif,5
lgg_seg,lgg_seg,kaggle_3m/TCGA_FG_6689_20020326/TCGA_FG_6689_20020326_5.tif,TCGA_FG_6689_20020326_5,empty,p65,train,none,2416,-1,,False,932e3bb6703c4743,0,kaggle_3m/TCGA_FG_6689_20020326/TCGA_FG_6689_20020326_5_mask.tif,5
lgg_seg,lgg_seg,kaggle_3m/TCGA_FG_6689_20020326/TCGA_FG_6689_20020326_6.tif,TCGA_FG_6689_20020326_6,empty,p65,train,none,2395,-1,duplicate_of:TCGA_FG_6689_20020326_3,False,b32e31b6783c8743,0,kaggle_3m/TCGA_FG_6689_20020326/TCGA_FG_6689_20020326_6_mask.tif,5
lgg_seg,lgg_seg,kaggle_3m/TCGA_FG_6689_20020326/TCGA_FG_6689_20020326_7.tif,TCGA_FG_6689_20020326_7,empty,p65,train,none,2418,-1,,False,132639b4743ccfc3,0,kaggle_3m/TCGA_FG_6689_20020326/TCGA_FG_6689_20020326_7_mask.tif,5
lgg_seg,lgg_seg,kaggle_3m/TCGA_FG_6689_20020326/TCGA_FG_6689_20020326_8.tif,TCGA_FG_6689_20020326_8,empty,p65,train,none,2419,-1,,False,332c6336bc3cc3c3,0,kaggle_3m/TCGA_FG_6689_20020326/TCGA_FG_6689_20020326_8_mask.tif,5
lgg_seg,lgg_seg,kaggle_3m/TCGA_FG_6689_20020326/TCGA_FG_6689_20020326_9.tif,TCGA_FG_6689_20020326_9,empty,p65,train,none,2419,-1,duplicate_of:TCGA_FG_6689_20020326_8,False,372c66363c3cc3c3,0,kaggle_3m/TCGA_FG_6689_20020326/TCGA_FG_6689_20020326_9_mask.tif,5
lgg_seg,lgg_seg,kaggle_3m/TCGA_FG_6690_20020226/TCGA_FG_6690_20020226_1.tif,TCGA_FG_6690_20020226_1,empty,p66,train,none,2421,-1,,False,e659266499966979,0,kaggle_3m/TCGA_FG_6690_20020226/TCGA_FG_6690_20020226_1_mask.tif,2
lgg_seg,lgg_seg,kaggle_3m/TCGA_FG_6690_20020226/TCGA_FG_6690_20020226_10.tif,TCGA_FG_6690_20020226_10,empty,p66,train,none,2422,-1,,False,9ae671863616ce69,0,kaggle_3m/TCGA_FG_6690_20020226/TCGA_FG_6690_20020226_10_mask.tif,2
lgg_seg,lgg_seg,kaggle_3m/TCGA_FG_6690_20020226/TCGA_FG_6690_20020226_11.tif,TCGA_FG_6690_20020226_11,empty,p66,train,none,2423,-1,,False,98ce69a63616ce69,0,kaggle_3m/TCGA_FG_6690_20020226/TCGA_FG_6690_20020226_11_mask.tif,2
lgg_seg,lgg_seg,kaggle_3m/TCGA_FG_6690_20020226/TCGA_FG_6690_20020226_12.tif,TCGA_FG_6690_20020226_12,empty,p66,train,none,2423,-1,duplicate_of:TCGA_FG_6690_20020226_11,False,98cc6ba63616ce69,0,kaggle_3m/TCGA_FG_6690_20020226/TCGA_FG_6690_20020226_12_mask.tif,2
lgg_seg,lgg_seg,kaggle_3m/TCGA_FG_6690_20020226/TCGA_FG_6690_20020226_13.tif,TCGA_FG_6690_20020226_13,empty,p66,train,none,2425,-1,,False,9cec63a6b216cc69,0,kaggle_3m/TCGA_FG_6690_20020226/TCGA_FG_6690_20020226_13_mask.tif,2
lgg_seg,lgg_seg,kaggle_3m/TCGA_FG_6690_20020226/TCGA_FG_6690_20020226_14.tif,TCGA_FG_6690_20020226_14,empty,p66,train,none,2426,-1,,False,1cec6396b216cec9,0,kaggle_3m/TCGA_FG_6690_20020226/TCGA_FG_6690_20020226_14_mask.tif,2
lgg_seg,lgg_seg,kaggle_3m/TCGA_FG_6690_20020226/TCGA_FG_6690_20020226_15.tif,TCGA_FG_6690_20020226_15,empty,p66,train,none,2426,-1,duplicate_of:TCGA_FG_6690_20020226_14,False,1c6c6396b616cec9,0,kaggle_3m/TCGA_FG_6690_20020226/TCGA_FG_6690_20020226_15_mask.tif,2
lgg_seg,lgg_seg,kaggle_3m/TCGA_FG_6690_20020226/TCGA_FG_6690_20020226_16.tif,TCGA_FG_6690_20020226_16,empty,p66,train,none,2426,-1,duplicate_of:TCGA_FG_6690_20020226_14,False,1c6c6396b636ccc9,0,kaggle_3m/TCGA_FG_6690_20020226/TCGA_FG_6690_20020226_16_mask.tif,2
lgg_seg,lgg_seg,kaggle_3m/TCGA_FG_6690_20020226/TCGA_FG_6690_20020226_17.tif,TCGA_FG_6690_20020226_17,empty,p66,train,none,2429,-1,,False,1eec6996b6164cc9,0,kaggle_3m/TCGA_FG_6690_20020226/TCGA_FG_6690_20020226_17_mask.tif,2
lgg_seg,lgg_seg,kaggle_3m/TCGA_FG_6690_20020226/TCGA_FG_6690_20020226_18.tif,TCGA_FG_6690_20020226_18,empty,p66,train,none,2429,-1,duplicate_of:TCGA_FG_6690_20020226_17,False,16cc6996b61e4ce9,0,kaggle_3m/TCGA_FG_6690_20020226/TCGA_FG_6690_20020226_18_mask.tif,2
lgg_seg,lgg_seg,kaggle_3m/TCGA_FG_6690_20020226/TCGA_FG_6690_20020226_19.tif,TCGA_FG_6690_20020226_19,empty,p66,train,none,2429,-1,duplicate_of:TCGA_FG_6690_20020226_17,False,32cc6996b61e4ce9,0,kaggle_3m/TCGA_FG_6690_20020226/TCGA_FG_6690_20020226_19_mask.tif,2
lgg_seg,lgg_seg,kaggle_3m/TCGA_FG_6690_20020226/TCGA_FG_6690_20020226_2.tif,TCGA_FG_6690_20020226_2,empty,p66,train,none,2432,-1,,False,e65984649b964d79,0,kaggle_3m/TCGA_FG_6690_20020226/TCGA_FG_6690_20020226_2_mask.tif,2
lgg_seg,lgg_seg,kaggle_3m/TCGA_FG_6690_20020226/TCGA_FG_6690_20020226_20.tif,TCGA_FG_6690_20020226_20,empty,p66,train,none,2433,-1,,False,318c4396b71e4ee9,0,kaggle_3m/TCGA_FG_6690_20020226/TCGA_FG_6690_20020226_20_mask.tif,2
lgg_seg,lgg_seg,kaggle_3m/TCGA_FG_6690_20020226/TCGA_FG_6690_20020226_21.tif,TCGA_FG_6690_20020226_21,empty,p66,train,none,73,-1,duplicate_of:TCGA_CS_4944_20010208_19,False,79cc6386b31e0ce9,0,kaggle_3m/TCGA_FG_6690_20020226/TCGA_FG_6690_20020226_21_mask.tif,2
lgg_seg,lgg_seg,kaggle_3m/TCGA_FG_6690_20020226/TCGA_FG_6690_20020226_22.tif,TCGA_FG_6690_20020226_22,empty,p66,train,none,73,-1,duplicate_of:TCGA_CS_4944_20010208_19,False,79e46386b31e1c69,0,kaggle_3m/TCGA_FG_6690_20020226/TCGA_FG_6690_20020226_22_mask.tif,2
lgg_seg,lgg_seg,kaggle_3m/TCGA_FG_6690_20020226/TCGA_FG_6690_20020226_23.tif,TCGA_FG_6690_20020226_23,empty,p66,train,none,73,-1,duplicate_of:TCGA_CS_4944_20010208_19,False,79e46386b51e1669,0,kaggle_3m/TCGA_FG_6690_20020226/TCGA_FG_6690_20020226_23_mask.tif,2
lgg_seg,lgg_seg,kaggle_3m/TCGA_FG_6690_20020226/TCGA_FG_6690_20020226_24.tif,TCGA_FG_6690_20020226_24,empty,p66,train,none,73,-1,duplicate_of:TCGA_CS_4944_20010208_19,False,79e56386a5161e69,0,kaggle_3m/TCGA_FG_6690_20020226/TCGA_FG_6690_20020226_24_mask.tif,2
lgg_seg,lgg_seg,kaggle_3m/TCGA_FG_6690_20020226/TCGA_FG_6690_20020226_25.tif,TCGA_FG_6690_20020226_25,tumor,p66,train,none,73,-1,duplicate_of:TCGA_DU_5871_19941206_19,False,79ec6386a6161e69,141,kaggle_3m/TCGA_FG_6690_20020226/TCGA_FG_6690_20020226_25_mask.tif,2
lgg_seg,lgg_seg,kaggle_3m/TCGA_FG_6690_20020226/TCGA_FG_6690_20020226_26.tif,TCGA_FG_6690_20020226_26,tumor,p66,train,none,73,-1,duplicate_of:TCGA_DU_5871_19941206_19,False,596c63a6a6169e69,264,kaggle_3m/TCGA_FG_6690_20020226/TCGA_FG_6690_20020226_26_mask.tif,2
lgg_seg,lgg_seg,kaggle_3m/TCGA_FG_6690_20020226/TCGA_FG_6690_20020226_27.tif,TCGA_FG_6690_20020226_27,tumor,p66,train,none,2440,-1,,False,59cd6986a7161e69,295,kaggle_3m/TCGA_FG_6690_20020226/TCGA_FG_6690_20020226_27_mask.tif,2
lgg_seg,lgg_seg,kaggle_3m/TCGA_FG_6690_20020226/TCGA_FG_6690_20020226_28.tif,TCGA_FG_6690_20020226_28,tumor,p66,train,none,2440,-1,duplicate_of:TCGA_FG_6690_20020226_27,False,59cd6986a7161e69,509,kaggle_3m/TCGA_FG_6690_20020226/TCGA_FG_6690_20020226_28_mask.tif,2
lgg_seg,lgg_seg,kaggle_3m/TCGA_FG_6690_20020226/TCGA_FG_6690_20020226_29.tif,TCGA_FG_6690_20020226_29,tumor,p66,train,none,73,-1,duplicate_of:TCGA_DU_5871_19941206_19,False,59c7698ca71616e9,767,kaggle_3m/TCGA_FG_6690_20020226/TCGA_FG_6690_20020226_29_mask.tif,2
lgg_seg,lgg_seg,kaggle_3m/TCGA_FG_6690_20020226/TCGA_FG_6690_20020226_3.tif,TCGA_FG_6690_20020226_3,empty,p66,train,none,2443,-1,,False,964c99e43396cc79,0,kaggle_3m/TCGA_FG_6690_20020226/TCGA_FG_6690_20020226_3_mask.tif,2
lgg_seg,lgg_seg,kaggle_3m/TCGA_FG_6690_20020226/TCGA_FG_6690_20020226_30.tif,TCGA_FG_6690_20020226_30,tumor,p66,train,none,73,-1,duplicate_of:TCGA_DU_5871_19941206_19,False,59c7699ca51616e9,1001,kaggle_3m/TCGA_FG_6690_20020226/TCGA_FG_6690_20020226_30_mask.tif,2
lgg_seg,lgg_seg,kaggle_3m/TCGA_FG_6690_20020226/TCGA_FG_6690_20020226_31.tif,TCGA_FG_6690_20020226_31,tumor,p66,train,none,73,-1,duplicate_of:TCGA_DU_5871_19941206_19,False,59c7699ca51616e9,1063,kaggle_3m/TCGA_FG_6690_20020226/TCGA_FG_6690_20020226_31_mask.tif,2
lgg_seg,lgg_seg,kaggle_3m/TCGA_FG_6690_20020226/TCGA_FG_6690_20020226_32.tif,TCGA_FG_6690_20020226_32,tumor,p66,train,none,73,-1,duplicate_of:TCGA_DU_5871_19941206_19,False,79c6699ca51616e9,1098,kaggle_3m/TCGA_FG_6690_20020226/TCGA_FG_6690_20020226_32_mask.tif,2
lgg_seg,lgg_seg,kaggle_3m/TCGA_FG_6690_20020226/TCGA_FG_6690_20020226_33.tif,TCGA_FG_6690_20020226_33,tumor,p66,train,none,73,-1,duplicate_of:TCGA_DU_5871_19941206_19,False,73c6699ca51616e9,986,kaggle_3m/TCGA_FG_6690_20020226/TCGA_FG_6690_20020226_33_mask.tif,2
lgg_seg,lgg_seg,kaggle_3m/TCGA_FG_6690_20020226/TCGA_FG_6690_20020226_34.tif,TCGA_FG_6690_20020226_34,tumor,p66,train,none,73,-1,duplicate_of:TCGA_DU_5871_19941206_19,False,71c6699ca51696e9,842,kaggle_3m/TCGA_FG_6690_20020226/TCGA_FG_6690_20020226_34_mask.tif,2
lgg_seg,lgg_seg,kaggle_3m/TCGA_FG_6690_20020226/TCGA_FG_6690_20020226_35.tif,TCGA_FG_6690_20020226_35,tumor,p66,train,none,73,-1,duplicate_of:TCGA_DU_5871_19941206_19,False,59c67984a5169ee9,442,kaggle_3m/TCGA_FG_6690_20020226/TCGA_FG_6690_20020226_35_mask.tif,2
lgg_seg,lgg_seg,kaggle_3m/TCGA_FG_6690_20020226/TCGA_FG_6690_20020226_36.tif,TCGA_FG_6690_20020226_36,tumor,p66,train,none,73,-1,duplicate_of:TCGA_DU_5871_19941206_19,False,59c6798ca51696e9,116,kaggle_3m/TCGA_FG_6690_20020226/TCGA_FG_6690_20020226_36_mask.tif,2
lgg_seg,lgg_seg,kaggle_3m/TCGA_FG_6690_20020226/TCGA_FG_6690_20020226_37.tif,TCGA_FG_6690_20020226_37,empty,p66,train,none,73,-1,duplicate_of:TCGA_CS_4944_20010208_19,False,5986798ea51696e9,0,kaggle_3m/TCGA_FG_6690_20020226/TCGA_FG_6690_20020226_37_mask.tif,2
lgg_seg,lgg_seg,kaggle_3m/TCGA_FG_6690_20020226/TCGA_FG_6690_20020226_38.tif,TCGA_FG_6690_20020226_38,empty,p66,train,none,73,-1,duplicate_of:TCGA_CS_4944_20010208_19,False,59c66986a51e96e9,0,kaggle_3m/TCGA_FG_6690_20020226/TCGA_FG_6690_20020226_38_mask.tif,2
lgg_seg,lgg_seg,kaggle_3m/TCGA_FG_6690_20020226/TCGA_FG_6690_20020226_39.tif,TCGA_FG_6690_20020226_39,empty,p66,train,none,73,-1,duplicate_of:TCGA_CS_4944_20010208_19,False,59c669962d1e9669,0,kaggle_3m/TCGA_FG_6690_20020226/TCGA_FG_6690_20020226_39_mask.tif,2
lgg_seg,lgg_seg,kaggle_3m/TCGA_FG_6690_20020226/TCGA_FG_6690_20020226_4.tif,TCGA_FG_6690_20020226_4,empty,p66,train,none,2454,-1,,False,966499a67196cc79,0,kaggle_3m/TCGA_FG_6690_20020226/TCGA_FG_6690_20020226_4_mask.tif,2
lgg_seg,lgg_seg,kaggle_3m/TCGA_FG_6690_20020226/TCGA_FG_6690_20020226_40.tif,TCGA_FG_6690_20020226_40,empty,p66,train,none,73,-1,duplicate_of:TCGA_CS_4944_20010208_19,False,59c6698ead169669,0,kaggle_3m/TCGA_FG_6690_20020226/TCGA_FG_6690_20020226_40_mask.tif,2
lgg_seg,lgg_seg,kaggle_3m/TCGA_FG_6690_20020226/TCGA_FG_6690_20020226_41.tif,TCGA_FG_6690_20020226_41,empty,p66,train,none,73,-1,duplicate_of:TCGA_CS_4944_20010208_19,False,79a6698ea9169669,0,kaggle_3m/TCGA_FG_6690_20020226/TCGA_FG_6690_20020226_41_mask.tif,2
lgg_seg,lgg_seg,kaggle_3m/TCGA_FG_6690_20020226/TCGA_FG_6690_20020226_42.tif,TCGA_FG_6690_20020226_42,empty,p66,train,none,73,-1,duplicate_of:TCGA_CS_4944_20010208_19,False,19c6798ee9169669,0,kaggle_3m/TCGA_FG_6690_20020226/TCGA_FG_6690_20020226_42_mask.tif,2
lgg_seg,lgg_seg,kaggle_3m/TCGA_FG_6690_20020226/TCGA_FG_6690_20020226_43.tif,TCGA_FG_6690_20020226_43,empty,p66,train,none,73,-1,duplicate_of:TCGA_CS_4944_20010208_19,False,19e6738e69169669,0,kaggle_3m/TCGA_FG_6690_20020226/TCGA_FG_6690_20020226_43_mask.tif,2
lgg_seg,lgg_seg,kaggle_3m/TCGA_FG_6690_20020226/TCGA_FG_6690_20020226_44.tif,TCGA_FG_6690_20020226_44,empty,p66,train,none,73,-1,duplicate_of:TCGA_CS_4944_20010208_19,False,19e6738e69169669,0,kaggle_3m/TCGA_FG_6690_20020226/TCGA_FG_6690_20020226_44_mask.tif,2
lgg_seg,lgg_seg,kaggle_3m/TCGA_FG_6690_20020226/TCGA_FG_6690_20020226_45.tif,TCGA_FG_6690_20020226_45,empty,p66,train,none,73,-1,duplicate_of:TCGA_CS_4944_20010208_19,False,99e6738669169669,0,kaggle_3m/TCGA_FG_6690_20020226/TCGA_FG_6690_20020226_45_mask.tif,2
lgg_seg,lgg_seg,kaggle_3m/TCGA_FG_6690_20020226/TCGA_FG_6690_20020226_46.tif,TCGA_FG_6690_20020226_46,empty,p66,train,none,73,-1,duplicate_of:TCGA_CS_4944_20010208_19,False,99e5718669969669,0,kaggle_3m/TCGA_FG_6690_20020226/TCGA_FG_6690_20020226_46_mask.tif,2
lgg_seg,lgg_seg,kaggle_3m/TCGA_FG_6690_20020226/TCGA_FG_6690_20020226_47.tif,TCGA_FG_6690_20020226_47,empty,p66,train,none,73,-1,duplicate_of:TCGA_CS_4944_20010208_19,False,996153c669969679,0,kaggle_3m/TCGA_FG_6690_20020226/TCGA_FG_6690_20020226_47_mask.tif,2
lgg_seg,lgg_seg,kaggle_3m/TCGA_FG_6690_20020226/TCGA_FG_6690_20020226_48.tif,TCGA_FG_6690_20020226_48,empty,p66,train,none,73,-1,duplicate_of:TCGA_CS_4944_20010208_19,False,9a6153c6699e8679,0,kaggle_3m/TCGA_FG_6690_20020226/TCGA_FG_6690_20020226_48_mask.tif,2
lgg_seg,lgg_seg,kaggle_3m/TCGA_FG_6690_20020226/TCGA_FG_6690_20020226_49.tif,TCGA_FG_6690_20020226_49,empty,p66,train,none,2464,-1,,False,947191e6699e8679,0,kaggle_3m/TCGA_FG_6690_20020226/TCGA_FG_6690_20020226_49_mask.tif,2
lgg_seg,lgg_seg,kaggle_3m/TCGA_FG_6690_20020226/TCGA_FG_6690_20020226_5.tif,TCGA_FG_6690_20020226_5,empty,p66,train,none,2465,-1,,False,c66439a673968c79,0,kaggle_3m/TCGA_FG_6690_20020226/TCGA_FG_6690_20020226_5_mask.tif,2
lgg_seg,lgg_seg,kaggle_3m/TCGA_FG_6690_20020226/TCGA_FG_6690_20020226_50.tif,TCGA_FG_6690_20020226_50,empty,p66,train,none,73,-1,duplicate_of:TCGA_CS_4944_20010208_19,False,967999e669848679,0,kaggle_3m/TCGA_FG_6690_20020226/TCGA_FG_6690_20020226_50_mask.tif,2
lgg_seg,lgg_seg,kaggle_3m/TCGA_FG_6690_20020226/TCGA_FG_6690_20020226_51.tif,TCGA_FG_6690_20020226_51,empty,p66,train,none,73,-1,duplicate_of:TCGA_CS_4944_20010208_19,False,a63999676984a679,0,kaggle_3m/TCGA_FG_6690_20020226/TCGA_FG_6690_20020226_51_mask.tif,2
lgg_seg,lgg_seg,kaggle_3m/TCGA_FG_6690_20020226/TCGA_FG_6690_20020226_52.tif,TCGA_FG_6690_20020226_52,empty,p66,train,none,73,-1,duplicate_of:TCGA_CS_4944_20010208_19,False,66399b635986a659,0,kaggle_3m/TCGA_FG_6690_20020226/TCGA_FG_6690_20020226_52_mask.tif,2
lgg_seg,lgg_seg,kaggle_3m/TCGA_FG_6690_20020226/TCGA_FG_6690_20020226_53.tif,TCGA_FG_6690_20020226_53,empty,p66,train,none,2469,-1,,False,6619937359a66699,0,kaggle_3m/TCGA_FG_6690_20020226/TCGA_FG_6690_20020226_53_mask.tif,2
lgg_seg,lgg_seg,kaggle_3m/TCGA_FG_6690_20020226/TCGA_FG_6690_20020226_54.tif,TCGA_FG_6690_20020226_54,empty,p66,train,none,161,-1,duplicate_of:TCGA_CS_5397_20010315_22,False,669c363399666699,0,kaggle_3m/TCGA_FG_6690_20020226/TCGA_FG_6690_20020226_54_mask.tif,2
lgg_seg,lgg_seg,kaggle_3m/TCGA_FG_6690_20020226/TCGA_FG_6690_20020226_55.tif,TCGA_FG_6690_20020226_55,empty,p66,train,none,161,-1,duplicate_of:TCGA_CS_5397_20010315_22,False,c9cc663399666699,0,kaggle_3m/TCGA_FG_6690_20020226/TCGA_FG_6690_20020226_55_mask.tif,2
lgg_seg,lgg_seg,kaggle_3m/TCGA_FG_6690_20020226/TCGA_FG_6690_20020226_56.tif,TCGA_FG_6690_20020226_56,empty,p66,train,none,161,-1,duplicate_of:TCGA_CS_5397_20010315_22,False,99cc663399666699,0,kaggle_3m/TCGA_FG_6690_20020226/TCGA_FG_6690_20020226_56_mask.tif,2
lgg_seg,lgg_seg,kaggle_3m/TCGA_FG_6690_20020226/TCGA_FG_6690_20020226_57.tif,TCGA_FG_6690_20020226_57,empty,p66,train,none,161,-1,duplicate_of:TCGA_CS_5397_20010315_22,False,99cc66b199666699,0,kaggle_3m/TCGA_FG_6690_20020226/TCGA_FG_6690_20020226_57_mask.tif,2
lgg_seg,lgg_seg,kaggle_3m/TCGA_FG_6690_20020226/TCGA_FG_6690_20020226_58.tif,TCGA_FG_6690_20020226_58,empty,p66,train,none,2474,-1,,False,51e57722d9269422,0,kaggle_3m/TCGA_FG_6690_20020226/TCGA_FG_6690_20020226_58_mask.tif,2
lgg_seg,lgg_seg,kaggle_3m/TCGA_FG_6690_20020226/TCGA_FG_6690_20020226_59.tif,TCGA_FG_6690_20020226_59,empty,p66,train,none,2475,-1,,False,a53e691edcb01c30,0,kaggle_3m/TCGA_FG_6690_20020226/TCGA_FG_6690_20020226_59_mask.tif,2
lgg_seg,lgg_seg,kaggle_3m/TCGA_FG_6690_20020226/TCGA_FG_6690_20020226_6.tif,TCGA_FG_6690_20020226_6,empty,p66,train,none,2465,-1,duplicate_of:TCGA_FG_6690_20020226_5,False,d66631a673968c69,0,kaggle_3m/TCGA_FG_6690_20020226/TCGA_FG_6690_20020226_6_mask.tif,2
lgg_seg,lgg_seg,kaggle_3m/TCGA_FG_6690_20020226/TCGA_FG_6690_20020226_60.tif,TCGA_FG_6690_20020226_60,empty,p66,train,none,2477,-1,,False,03c6e60aeb36b99e,0,kaggle_3m/TCGA_FG_6690_20020226/TCGA_FG_6690_20020226_60_mask.tif,2
lgg_seg,lgg_seg,kaggle_3m/TCGA_FG_6690_20020226/TCGA_FG_6690_20020226_7.tif,TCGA_FG_6690_20020226_7,empty,p66,train,none,2465,-1,duplicate_of:TCGA_FG_6690_20020226_5,False,9266b9a673968c69,0,kaggle_3m/TCGA_FG_6690_20020226/TCGA_FG_6690_20020226_7_mask.tif,2
lgg_seg,lgg_seg,kaggle_3m/TCGA_FG_6690_20020226/TCGA_FG_6690_20020226_8.tif,TCGA_FG_6690_20020226_8,empty,p66,train,none,2465,-1,duplicate_of:TCGA_FG_6690_20020226_5,False,9366b1a67296cc69,0,kaggle_3m/TCGA_FG_6690_20020226/TCGA_FG_6690_20020226_8_mask.tif,2
lgg_seg,lgg_seg,kaggle_3m/TCGA_FG_6690_20020226/TCGA_FG_6690_20020226_9.tif,TCGA_FG_6690_20020226_9,empty,p66,train,none,2422,-1,duplicate_of:TCGA_FG_6690_20020226_10,False,9b6671863696cc69,0,kaggle_3m/TCGA_FG_6690_20020226/TCGA_FG_6690_20020226_9_mask.tif,2
lgg_seg,lgg_seg,kaggle_3m/TCGA_FG_6691_20020405/TCGA_FG_6691_20020405_1.tif,TCGA_FG_6691_20020405_1,empty,p67,train,none,2481,-1,,False,9c49d326793c8ec9,0,kaggle_3m/TCGA_FG_6691_20020405/TCGA_FG_6691_20020405_1_mask.tif,2
lgg_seg,lgg_seg,kaggle_3m/TCGA_FG_6691_20020405/TCGA_FG_6691_20020405_10.tif,TCGA_FG_6691_20020405_10,empty,p67,train,none,2482,-1,,False,f26c0986f33c8ce3,0,kaggle_3m/TCGA_FG_6691_20020405/TCGA_FG_6691_20020405_10_mask.tif,2
lgg_seg,lgg_seg,kaggle_3m/TCGA_FG_6691_20020405/TCGA_FG_6691_20020405_11.tif,TCGA_FG_6691_20020405_11,empty,p67,train,none,2483,-1,,False,326cc386fa3c2ce3,0,kaggle_3m/TCGA_FG_6691_20020405/TCGA_FG_6691_20020405_11_mask.tif,2
lgg_seg,lgg_seg,kaggle_3m/TCGA_FG_6691_20020405/TCGA_FG_6691_20020405_12.tif,TCGA_FG_6691_20020405_12,empty,p67,train,none,2484,-1,,False,3c4dc386783c2ee3,0,kaggle_3m/TCGA_FG_6691_20020405/TCGA_FG_6691_20020405_12_mask.tif,2
lgg_seg,lgg_seg,kaggle_3m/TCGA_FG_6691_20020405/TCGA_FG_6691_20020405_13.tif,TCGA_FG_6691_20020405_13,empty,p67,train,none,2485,-1,,False,7ccdc38679340ec3,0,kaggle_3m/TCGA_FG_6691_20020405/TCGA_FG_6691_20020405_13_mask.tif,2
lgg_seg,lgg_seg,kaggle_3m/TCGA_FG_6691_20020405/TCGA_FG_6691_20020405_14.tif,TCGA_FG_6691_20020405_14,empty,p67,train,none,2486,-1,,False,58c9c38673768ccb,0,kaggle_3m/TCGA_FG_6691_20020405/TCGA_FG_6691_20020405_14_mask.tif,2
lgg_seg,lgg_seg,kaggle_3m/TCGA_FG_6691_20020405/TCGA_FG_6691_20020405_15.tif,TCGA_FG_6691_20020405_15,empty,p67,train,none,2487,-1,,False,7949e38672768cc9,0,kaggle_3m/TCGA_FG_6691_20020405/TCGA_FG_6691_20020405_15_mask.tif,2
lgg_seg,lgg_seg,kaggle_3m/TCGA_FG_6691_20020405/TCGA_FG_6691_20020405_16.tif,TCGA_FG_6691_20020405_16,empty,p67,train,none,2488,-1,,False,3869e3869b34accb,0,kaggle_3m/TCGA_FG_6691_20020405/TCGA_FG_6691_20020405_16_mask.tif,2
lgg_seg,lgg_seg,kaggle_3m/TCGA_FG_6691_20020405/TCGA_FG_6691_20020405_17.tif,TCGA_FG_6691_20020405_17,empty,p67,train,none,2488,-1,duplicate_of:TCGA_FG_6691_20020405_16,False,3869e386b93c8ccb,0,kaggle_3m/TCGA_FG_6691_20020405/TCGA_FG_6691_20020405_17_mask.tif,2
lgg_seg,lgg_seg,kaggle_3m/TCGA_FG_6691_20020405/TCGA_FG_6691_20020405_18.tif,TCGA_FG_6691_20020405_18,empty,p67,train,none,2490,-1,,False,3869e38639b6ae49,0,kaggle_3m/TCGA_FG_6691_20020405/TCGA_FG_6691_20020405_18_mask.tif,2
lgg_seg,lgg_seg,kaggle_3m/TCGA_FG_6691_20020405/TCGA_FG_6691_20020405_19.tif,TCGA_FG_6691_20020405_19,empty,p67,train,none,2491,-1,,False,7969c3a639bc0e49,0,kaggle_3m/TCGA_FG_6691_20020405/TCGA_FG_6691_20020405_19_mask.tif,2
lgg_seg,lgg_seg,kaggle_3m/TCGA_FG_6691_20020405/TCGA_FG_6691_20020405_2.tif,TCGA_FG_6691_20020405_2,empty,p67,train,none,2492,-1,,False,dc69b32679148ec9,0,kaggle_3m/TCGA_FG_6691_20020405/TCGA_FG_6691_20020405_2_mask.tif,2
lgg_seg,lgg_seg,kaggle_3m/TCGA_FG_6691_20020405/TCGA_FG_6691_20020405_20.tif,TCGA_FG_6691_20020405_20,tumor,p67,train,none,2493,-1,,False,7969e3a6391c0ce3,410,kaggle_3m/TCGA_FG_6691_20020405/TCGA_FG_6691_20020405_20_mask.tif,2
lgg_seg,lgg_seg,kaggle_3m/TCGA_FG_6691_20020405/TCGA_FG_6691_20020405_21.tif,TCGA_FG_6691_20020405_21,tumor,p67,train,none,2494,-1,,False,716da3a6691c8ce3,1274,kaggle_3m/TCGA_FG_6691_20020405/TCGA_FG_6691_20020405_21_mask.tif,2
lgg_seg,lgg_seg,kaggle_3m/TCGA_FG_6691_20020405/TCGA_FG_6691_20020405_22.tif,TCGA_FG_6691_20020405_22,tumor,p67,train,none,2495,-1,,False,736799a6611c8ce3,1783,kaggle_3m/TCGA_FG_6691_20020405/TCGA_FG_6691_20020405_22_mask.tif,2
lgg_seg,lgg_seg,kaggle_3m/TCGA_FG_6691_20020405/TCGA_FG_6691_20020405_23.tif,TCGA_FG_6691_20020405_23,tumor,p67,train,none,2495,-1,duplicate_of:TCGA_FG_6691_20020405_22,False,73679906631c9ce3,2153,kaggle_3m/TCGA_FG_6691_20020405/TCGA_FG_6691_20020405_23_mask.tif,2
lgg_seg,lgg_seg,kaggle_3m/TCGA_FG_6691_20020405/TCGA_FG_6691_20020405_24.tif,TCGA_FG_6691_20020405_24,tumor,p67,train,none,2497,-1,,False,d367d90c611c9ce3,2456,kaggle_3m/TCGA_FG_6691_20020405/TCGA_FG_6691_20020405_24_mask.tif,2
lgg_seg,lgg_seg,kaggle_3m/TCGA_FG_6691_20020405/TCGA_FG_6691_20020405_25.tif,TCGA_FG_6691_20020405_25,tumor,p67,train,none,2498,-1,,False,9be7710c611c9ce3,2565,kaggle_3m/TCGA_FG_6691_20020405/TCGA_FG_6691_20020405_25_mask.tif,2
lgg_seg,lgg_seg,kaggle_3m/TCGA_FG_6691_20020405/TCGA_FG_6691_20020405_26.tif,TCGA_FG_6691_20020405_26,tumor,p67,train,none,2499,-1,,False,9be7710c61969e61,2625,kaggle_3m/TCGA_FG_6691_20020405/TCGA_FG_6691_20020405_26_mask.tif,2
lgg_seg,lgg_seg,kaggle_3m/TCGA_FG_6691_20020405/TCGA_FG_6691_20020405_27.tif,TCGA_FG_6691_20020405_27,tumor,p67,train,none,2500,-1,,False,9ac7e10c69969e69,2529,kaggle_3m/TCGA_FG_6691_20020405/TCGA_FG_6691_20020405_27_mask.tif,2
lgg_seg,lgg_seg,kaggle_3m/TCGA_FG_6691_20020405/TCGA_FG_6691_20020405_28.tif,TCGA_FG_6691_20020405_28,tumor,p67,train,none,2501,-1,,False,31c7f92c439e9c61,2419,kaggle_3m/TCGA_FG_6691_20020405/TCGA_FG_6691_20020405_28_mask.tif,2
lgg_seg,lgg_seg,kaggle_3m/TCGA_FG_6691_20020405/TCGA_FG_6691_20020405_29.tif,TCGA_FG_6691_20020405_29,tumor,p67,train,none,2502,-1,,False,33c9d926639c9c71,2166,kaggle_3m/TCGA_FG_6691_20020405/TCGA_FG_6691_20020405_29_mask.tif,2
lgg_seg,lgg_seg,kaggle_3m/TCGA_FG_6691_20020405/TCGA_FG_6691_20020405_3.tif,TCGA_FG_6691_20020405_3,empty,p67,train,none,2492,-1,duplicate_of:TCGA_FG_6691_20020405_2,False,dc699326793486cb,0,kaggle_3m/TCGA_FG_6691_20020405/TCGA_FG_6691_20020405_3_mask.tif,2
lgg_seg,lgg_seg,kaggle_3m/TCGA_FG_6691_20020405/TCGA_FG_6691_20020405_30.tif,TCGA_FG_6691_20020405_30,tumor,p67,train,none,2502,-1,duplicate_of:TCGA_FG_6691_20020405_29,False,33c9d926619c9e71,1519,kaggle_3m/TCGA_FG_6691_20020405/TCGA_FG_6691_20020405_30_mask.tif,2
lgg_seg,lgg_seg,kaggle_3m/TCGA_FG_6691_20020405/TCGA_FG_6691_20020405_31.tif,TCGA_FG_6691_20020405_31,tumor,p67,train,none,2505,-1,,False,33e1d98c691e9671,261,kaggle_3m/TCGA_FG_6691_20020405/TCGA_FG_6691_20020405_31_mask.tif,2
lgg_seg,lgg_seg,kaggle_3m/TCGA_FG_6691_20020405/TCGA_FG_6691_20020405_32.tif,TCGA_FG_6691_20020405_32,empty,p67,train,none,2506,-1,,False,13e3d18c69969679,0,kaggle_3m/TCGA_FG_6691_20020405/TCGA_FG_6691_20020405_32_mask.tif,2
lgg_seg,lgg_seg,kaggle_3m/TCGA_FG_6691_20020405/TCGA_FG_6691_20020405_33.tif,TCGA_FG_6691_20020405_33,empty,p67,train,none,2506,-1,duplicate_of:TCGA_FG_6691_20020405_32,False,1be1538c69969679,0,kaggle_3m/TCGA_FG_6691_20020405/TCGA_FG_6691_20020405_33_mask.tif,2
lgg_seg,lgg_seg,kaggle_3m/TCGA_FG_6691_20020405/TCGA_FG_6691_20020405_34.tif,TCGA_FG_6691_20020405_34,empty,p67,train,none,593,-1,,False,b0e353cc69169679,0,kaggle_3m/TCGA_FG_6691_20020405/TCGA_FG_6691_20020405_34_mask.tif,2
lgg_seg,lgg_seg,kaggle_3m/TCGA_FG_6691_20020405/TCGA_FG_6691_20020405_35.tif,TCGA_FG_6691_20020405_35,empty,p67,train,none,593,-1,duplicate_of:TCGA_FG_6691_20020405_34,False,b86353cc69869679,0,kaggle_3m/TCGA_FG_6691_20020405/TCGA_FG_6691_20020405_35_mask.tif,2
lgg_seg,lgg_seg,kaggle_3m/TCGA_FG_6691_20020405/TCGA_FG_6691_20020405_36.tif,TCGA_FG_6691_20020405_36,empty,p67,train,none,593,-1,duplicate_of:TCGA_FG_6691_20020405_34,False,9c6393cc69869679,0,kaggle_3m/TCGA_FG_6691_20020405/TCGA_FG_6691_20020405_36_mask.tif,2
lgg_seg,lgg_seg,kaggle_3m/TCGA_FG_6691_20020405/TCGA_FG_6691_20020405_37.tif,TCGA_FG_6691_20020405_37,empty,p67,train,none,593,-1,duplicate_of:TCGA_FG_6691_20020405_34,False,b66393cc69868679,0,kaggle_3m/TCGA_FG_6691_20020405/TCGA_FG_6691_20020405_37_mask.tif,2
lgg_seg,lgg_seg,kaggle_3m/TCGA_FG_6691_20020405/TCGA_FG_6691_20020405_38.tif,TCGA_FG_6691_20020405_38,empty,p67,train,none,593,-1,duplicate_of:TCGA_FG_6691_20020405_34,False,9e6993cc69868679,0,kaggle_3m/TCGA_FG_6691_20020405/TCGA_FG_6691_20020405_38_mask.tif,2
lgg_seg,lgg_seg,kaggle_3m/TCGA_FG_6691_20020405/TCGA_FG_6691_20020405_39.tif,TCGA_FG_6691_20020405_39,empty,p67,train,none,593,-1,duplicate_of:TCGA_FG_6691_20020405_34,False,b47992cd69868679,0,kaggle_3m/TCGA_FG_6691_20020405/TCGA_FG_6691_20020405_39_mask.tif,2
lgg_seg,lgg_seg,kaggle_3m/TCGA_FG_6691_20020405/TCGA_FG_6691_20020405_4.tif,TCGA_FG_6691_20020405_4,empty,p67,train,none,2514,-1,,False,dced930679348ec1,0,kaggle_3m/TCGA_FG_6691_20020405/TCGA_FG_6691_20020405_4_mask.tif,2
lgg_seg,lgg_seg,kaggle_3m/TCGA_FG_6691_20020405/TCGA_FG_6691_20020405_40.tif,TCGA_FG_6691_20020405_40,empty,p67,train,none,2515,-1,,False,8e39b2c979868679,0,kaggle_3m/TCGA_FG_6691_20020405/TCGA_FG_6691_20020405_40_mask.tif,2
lgg_seg,lgg_seg,kaggle_3m/TCGA_FG_6691_20020405/TCGA_FG_6691_20020405_41.tif,TCGA_FG_6691_20020405_41,empty,p67,train,none,2516,-1,,False,e639926979868679,0,kaggle_3m/TCGA_FG_6691_20020405/TCGA_FG_6691_20020405_41_mask.tif,2
lgg_seg,lgg_seg,kaggle_3m/TCGA_FG_6691_20020405/TCGA_FG_6691_20020405_42.tif,TCGA_FG_6691_20020405_42,empty,p67,train,none,2517,-1,,False,6c33965979c68639,0,kaggle_3m/TCGA_FG_6691_20020405/TCGA_FG_6691_20020405_42_mask.tif,2
lgg_seg,lgg_seg,kaggle_3m/TCGA_FG_6691_20020405/TCGA_FG_6691_20020405_43.tif,TCGA_FG_6691_20020405_43,empty,p67,train,none,2518,-1,,False,4d63a6991be6e419,0,kaggle_3m/TCGA_FG_6691_20020405/TCGA_FG_6691_20020405_43_mask.tif,2
lgg_seg,lgg_seg,kaggle_3m/TCGA_FG_6691_20020405/TCGA_FG_6691_20020405_44.tif,TCGA_FG_6691_20020405_44,empty,p67,train,none,161,-1,duplicate_of:TCGA_CS_5397_20010315_22,False,99b9669999666499,0,kaggle_3m/TCGA_FG_6691_20020405/TCGA_FG_6691_20020405_44_mask.tif,2
lgg_seg,lgg_seg,kaggle_3m/TCGA_FG_6691_20020405/TCGA_FG_6691_20020405_45.tif,TCGA_FG_6691_20020405_45,empty,p67,train,none,161,-1,duplicate_of:TCGA_CS_5397_20010315_22,False,9991669b9b666499,0,kaggle_3m/TCGA_FG_6691_20020405/TCGA_FG_6691_20020405_45_mask.tif,2
lgg_seg,lgg_seg,kaggle_3m/TCGA_FG_6691_20020405/TCGA_FG_6691_20020405_46.tif,TCGA_FG_6691_20020405_46,empty,p67,train,none,2521,-1,,False,36386b8be146e136,0,kaggle_3m/TCGA_FG_6691_20020405/TCGA_FG_6691_20020405_46_mask.tif,2
lgg_seg,lgg_seg,kaggle_3m/TCGA_FG_6691_20020405/TCGA_FG_6691_20020405_47.tif,TCGA_FG_6691_20020405_47,empty,p67,train,none,2522,-1,,False,481fd4acfb0d279e,0,kaggle_3m/TCGA_FG_6691_20020405/TCGA_FG_6691_20020405_47_mask.tif,2
lgg_seg,lgg_seg,kaggle_3m/TCGA_FG_6691_20020405/TCGA_FG_6691_20020405_48.tif,TCGA_FG_6691_20020405_48,empty,p67,train,none,2523,-1,,False,c4b54ba4ae18816c,0,kaggle_3m/TCGA_FG_6691_20020405/TCGA_FG_6691_20020405_48_mask.tif,2
lgg_seg,lgg_seg,kaggle_3m/TCGA_FG_6691_20020405/TCGA_FG_6691_20020405_5.tif,TCGA_FG_6691_20020405_5,empty,p67,train,none,2524,-1,,False,decd230679348ec3,0,kaggle_3m/TCGA_FG_6691_20020405/TCGA_FG_6691_20020405_5_mask.tif,2
lgg_seg,lgg_seg,kaggle_3m/TCGA_FG_6691_20020405/TCGA_FG_6691_20020405_6.tif,TCGA_FG_6691_20020405_6,empty,p67,train,none,2525,-1,,False,d6c9232e71368ccb,0,kaggle_3m/TCGA_FG_6691_20020405/TCGA_FG_6691_20020405_6_mask.tif,2
lgg_seg,lgg_seg,kaggle_3m/TCGA_FG_6691_20020405/TCGA_FG_6691_20020405_7.tif,TCGA_FG_6691_20020405_7,empty,p67,train,none,2526,-1,,False,d2e1330c7936cce3,0,kaggle_3m/TCGA_FG_6691_20020405/TCGA_FG_6691_20020405_7_mask.tif,2
lgg_seg,lgg_seg,kaggle_3m/TCGA_FG_6691_20020405/TCGA_FG_6691_20020405_8.tif,TCGA_FG_6691_20020405_8,empty,p67,train,none,2527,-1,,False,f26d330c393ccc63,0,kaggle_3m/TCGA_FG_6691_20020405/TCGA_FG_6691_20020405_8_mask.tif,2
lgg_seg,lgg_seg,kaggle_3m/TCGA_FG_6691_20020405/TCGA_FG_6691_20020405_9.tif,TCGA_FG_6691_20020405_9,empty,p67,train,none,2528,-1,,False,f26c238e713c8ce3,0,kaggle_3m/TCGA_FG_6691_20020405/TCGA_FG_6691_20020405_9_mask.tif,2
lgg_seg,lgg_seg,kaggle_3m/TCGA_FG_6692_20020606/TCGA_FG_6692_20020606_1.tif,TCGA_FG_6692_20020606_1,empty,p68,train,none,2529,-1,,False,693caf16e1f8860b,0,kaggle_3m/TCGA_FG_6692_20020606/TCGA_FG_6692_20020606_1_mask.tif,9
lgg_seg,lgg_seg,kaggle_3m/TCGA_FG_6692_20020606/TCGA_FG_6692_20020606_10.tif,TCGA_FG_6692_20020606_10,empty,p68,train,none,2530,-1,,False,a1868e5eb4f03e2b,0,kaggle_3m/TCGA_FG_6692_20020606/TCGA_FG_6692_20020606_10_mask.tif,9
lgg_seg,lgg_seg,kaggle_3m/TCGA_FG_6692_20020606/TCGA_FG_6692_20020606_11.tif,TCGA_FG_6692_20020606_11,empty,p68,train,none,2531,-1,,False,83a60e5e34f0fe83,0,kaggle_3m/TCGA_FG_6692_20020606/TCGA_FG_6692_20020606_11_mask.tif,9
lgg_seg,lgg_seg,kaggle_3m/TCGA_FG_6692_20020606/TCGA_FG_6692_20020606_12.tif,TCGA_FG_6692_20020606_12,empty,p68,train,none,2532,-1,,False,87362e7cb4f01e83,0,kaggle_3m/TCGA_FG_6692_20020606/TCGA_FG_6692_20020606_12_mask.tif,9
lgg_seg,lgg_seg,kaggle_3m/TCGA_FG_6692_20020606/TCGA_FG_6692_20020606_13.tif,TCGA_FG_6692_20020606_13,empty,p68,train,none,2533,-1,,False,27363474bcd89e83,0,kaggle_3m/TCGA_FG_6692_20020606/TCGA_FG_6692_20020606_13_mask.tif,9
lgg_seg,lgg_seg,kaggle_3m/TCGA_FG_6692_20020606/TCGA_FG_6692_20020606_14.tif,TCGA_FG_6692_20020606_14,empty,p68,train,none,2533,-1,duplicate_of:TCGA_FG_6692_20020606_13,False,273624f4bcd89e83,0,kaggle_3m/TCGA_FG_6692_20020606/TCGA_FG_6692_20020606_14_mask.tif,9
lgg_seg,lgg_seg,kaggle_3m/TCGA_FG_6692_20020606/TCGA_FG_6692_20020606_15.tif,TCGA_FG_6692_20020606_15,tumor,p68,train,none,2533,-1,,False,2736a4f4bcd89683,538,kaggle_3m/TCGA_FG_6692_20020606/TCGA_FG_6692_20020606_15_mask.tif,9
lgg_seg,lgg_seg,kaggle_3m/TCGA_FG_6692_20020606/TCGA_FG_6692_20020606_16.tif,TCGA_FG_6692_20020606_16,tumor,p68,train,none,2536,-1,,False,243cadfcbc709683,896,kaggle_3m/TCGA_FG_6692_20020606/TCGA_FG_6692_20020606_16_mask.tif,9
lgg_seg,lgg_seg,kaggle_3m/TCGA_FG_6692_20020606/TCGA_FG_6692_20020606_17.tif,TCGA_FG_6692_20020606_17,tumor,p68,train,none,2536,-1,duplicate_of:TCGA_FG_6692_20020606_16,False,2c3c0dfcbc70d683,911,kaggle_3m/TCGA_FG_6692_20020606/TCGA_FG_6692_20020606_17_mask.tif,9
lgg_seg,lgg_seg,kaggle_3m/TCGA_FG_6692_20020606/TCGA_FG_6692_20020606_18.tif,TCGA_FG_6692_20020606_18,tumor,p68,train,none,2538,-1,,False,6c36af7c2cf05603,1303,kaggle_3m/TCGA_FG_6692_20020606/TCGA_FG_6692_20020606_18_mask.tif,9
lgg_seg,lgg_seg,kaggle_3m/TCGA_FG_6692_20020606/TCGA_FG_6692_20020606_19.tif,TCGA_FG_6692_20020606_19,tumor,p68,train,none,2539,-1,,False,4516a77c2c7cd683,1556,kaggle_3m/TCGA_FG_6692_20020606/TCGA_FG_6692_20020606_19_mask.tif,9
lgg_seg,lgg_seg,kaggle_3m/TCGA_FG_6692_20020606/TCGA_FG_6692_20020606_2.tif,TCGA_FG_6692_20020606_2,empty,p68,train,none,2540,-1,,False,c3364b32fcf8860b,0,kaggle_3m/TCGA_FG_6692_20020606/TCGA_FG_6692_20020606_2_mask.tif,9
lgg_seg,lgg_seg,kaggle_3m/TCGA_FG_6692_20020606/TCGA_FG_6692_20020606_20.tif,TCGA_FG_6692_20020606_20,tumor,p68,train,none,2539,-1,duplicate_of:TCGA_FG_6692_20020606_19,False,4d16a73cac7c5683,1242,kaggle_3m/TCGA_FG_6692_20020606/TCGA_FG_6692_20020606_20_mask.tif,9
lgg_seg,lgg_seg,kaggle_3m/TCGA_FG_6692_20020606/TCGA_FG_6692_20020606_21.tif,TCGA_FG_6692_20020606_21,tumor,p68,train,none,2542,-1,,False,491e2f3cac74d683,669,kaggle_3m/TCGA_FG_6692_20020606/TCGA_FG_6692_20020606_21_mask.tif,9
lgg_seg,lgg_seg,kaggle_3m/TCGA_FG_6692_20020606/TCGA_FG_6692_20020606_22.tif,TCGA_FG_6692_20020606_22,empty,p68,train,none,2543,-1,,False,491c4f3cad7496c3,0,kaggle_3m/TCGA_FG_6692_20020606/TCGA_FG_6692_20020606_22_mask.tif,9
lgg_seg,lgg_seg,kaggle_3m/TCGA_FG_6692_20020606/TCGA_FG_6692_20020606_23.tif,TCGA_FG_6692_20020606_23,empty,p68,train,none,2544,-1,,False,4b8c433cad7c96c3,0,kaggle_3m/TCGA_FG_6692_20020606/TCGA_FG_6692_20020606_23_mask.tif,9
lgg_seg,lgg_seg,kaggle_3m/TCGA_FG_6692_20020606/TCGA_FG_6692_20020606_24.tif,TCGA_FG_6692_20020606_24,empty,p68,train,none,2545,-1,,False,d9c64d262d3c96c3,0,kaggle_3m/TCGA_FG_6692_20020606/TCGA_FG_6692_20020606_24_mask.tif,9
lgg_seg,lgg_seg,kaggle_3m/TCGA_FG_6692_20020606/TCGA_FG_6692_20020606_25.tif,TCGA_FG_6692_20020606_25,empty,p68,train,none,2546,-1,,False,b3c9c6866c3c92cb,0,kaggle_3m/TCGA_FG_6692_20020606/TCGA_FG_6692_20020606_25_mask.tif,9
lgg_seg,lgg_seg,kaggle_3m/TCGA_FG_6692_20020606/TCGA_FG_6692_20020606_26.tif,TCGA_FG_6692_20020606_26,empty,p68,train,none,2547,-1,,False,19f3d3cc4c34b351,0,kaggle_3m/TCGA_FG_6692_20020606/TCGA_FG_6692_20020606_26_mask.tif,9
lgg_seg,lgg_seg,kaggle_3m/TCGA_FG_6692_20020606/TCGA_FG_6692_20020606_3.tif,TCGA_FG_6692_20020606_3,empty,p68,train,none,2548,-1,,False,c13c6d9efcf08603,0,kaggle_3m/TCGA_FG_6692_20020606/TCGA_FG_6692_20020606_3_mask.tif,9
lgg_seg,lgg_seg,kaggle_3m/TCGA_FG_6692_20020606/TCGA_FG_6692_20020606_4.tif,TCGA_FG_6692_20020606_4,empty,p68,train,none,2549,-1,,False,6cbcaf96f4f00603,0,kaggle_3m/TCGA_FG_6692_20020606/TCGA_FG_6692_20020606_4_mask.tif,9
lgg_seg,lgg_seg,kaggle_3m/TCGA_FG_6692_20020606/TCGA_FG_6692_20020606_5.tif,TCGA_FG_6692_20020606_5,empty,p68,train,none,2550,-1,,False,2cb9a396fcf04623,0,kaggle_3m/TCGA_FG_6692_20020606/TCGA_FG_6692_20020606_5_mask.tif,9
lgg_seg,lgg_seg,kaggle_3m/TCGA_FG_6692_20020606/TCGA_FG_6692_20020606_6.tif,TCGA_FG_6692_20020606_6,empty,p68,train,none,2550,-1,duplicate_of:TCGA_FG_6692_20020606_5,False,0cb9a7b67cf04623,0,kaggle_3m/TCGA_FG_6692_20020606/TCGA_FG_6692_20020606_6_mask.tif,9
lgg_seg,lgg_seg,kaggle_3m/TCGA_FG_6692_20020606/TCGA_FG_6692_20020606_7.tif,TCGA_FG_6692_20020606_7,empty,p68,train,none,2552,-1,,False,27bda616bcf0460b,0,kaggle_3m/TCGA_FG_6692_20020606/TCGA_FG_6692_20020606_7_mask.tif,9
lgg_seg,lgg_seg,kaggle_3m/TCGA_FG_6692_20020606/TCGA_FG_6692_20020606_8.tif,TCGA_FG_6692_20020606_8,empty,p68,train,none,2553,-1,,False,e7a62e1e34f0c60b,0,kaggle_3m/TCGA_FG_6692_20020606/TCGA_FG_6692_20020606_8_mask.tif,9
lgg_seg,lgg_seg,kaggle_3m/TCGA_FG_6692_20020606/TCGA_FG_6692_20020606_9.tif,TCGA_FG_6692_20020606_9,empty,p68,train,none,2554,-1,,False,e5a6065e34f0be0b,0,kaggle_3m/TCGA_FG_6692_20020606/TCGA_FG_6692_20020606_9_mask.tif,9
lgg_seg,lgg_seg,kaggle_3m/TCGA_FG_7634_20000128/TCGA_FG_7634_20000128_1.tif,TCGA_FG_7634_20000128_1,empty,p33,train,none,2555,-1,,False,e6784772aafa8c81,0,kaggle_3m/TCGA_FG_7634_20000128/TCGA_FG_7634_20000128_1_mask.tif,6
lgg_seg,lgg_seg,kaggle_3m/TCGA_FG_7634_20000128/TCGA_FG_7634_20000128_10.tif,TCGA_FG_7634_20000128_10,empty,p33,train,none,2556,-1,,False,2dd6244e3bb8b589,0,kaggle_3m/TCGA_FG_7634_20000128/TCGA_FG_7634_20000128_10_mask.tif,6
lgg_seg,lgg_seg,kaggle_3m/TCGA_FG_7634_20000128/TCGA_FG_7634_20000128_11.tif,TCGA_FG_7634_20000128_11,empty,p33,train,none,2557,-1,,False,2c5aa76c2fc239a9,0,kaggle_3m/TCGA_FG_7634_20000128/TCGA_FG_7634_20000128_11_mask.tif,6
lgg_seg,lgg_seg,kaggle_3m/TCGA_FG_7634_20000128/TCGA_FG_7634_20000128_12.tif,TCGA_FG_7634_20000128_12,empty,p33,train,none,2558,-1,,False,905697fc2fe230a9,0,kaggle_3m/TCGA_FG_7634_20000128/TCGA_FG_7634_20000128_12_mask.tif,6
lgg_seg,lgg_seg,kaggle_3m/TCGA_FG_7634_20000128/TCGA_FG_7634_20000128_13.tif,TCGA_FG_7634_20000128_13,empty,p33,train,none,2559,-1,,False,915e337caf623889,0,kaggle_3m/TCGA_FG_7634_20000128/TCGA_FG_7634_20000128_13_mask.tif,6
lgg_seg,lgg_seg,kaggle_3m/TCGA_FG_7634_20000128/TCGA_FG_7634_20000128_14.tif,TCGA_FG_7634_20000128_14,empty,p33,train,none,2560,-1,,False,ae5e315a2ff23089,0,kaggle_3m/TCGA_FG_7634_20000128/TCGA_FG_7634_20000128_14_mask.tif,6
lgg_seg,lgg_seg,kaggle_3m/TCGA_FG_7634_20000128/TCGA_FG_7634_20000128_15.tif,TCGA_FG_7634_20000128_15,empty,p33,train,none,2561,-1,,False,ad5e11d83f5270a9,0,kaggle_3m/TCGA_FG_7634_20000128/TCGA_FG_7634_20000128_15_mask.tif,6
lgg_seg,lgg_seg,kaggle_3m/TCGA_FG_7634_20000128/TCGA_FG_7634_20000128_16.tif,TCGA_FG_7634_20000128_16,empty,p33,train,none,2562,-1,,False,0cfe03d43f72f089,0,kaggle_3m/TCGA_FG_7634_20000128/TCGA_FG_7634_20000128_16_mask.tif,6
lgg_seg,lgg_seg,kaggle_3m/TCGA_FG_7634_20000128/TCGA_FG_7634_20000128_17.tif,TCGA_FG_7634_20000128_17,tumor,p33,train,none,2563,-1,,False,24fa89d42f72f889,392,kaggle_3m/TCGA_FG_7634_20000128/TCGA_FG_7634_20000128_17_mask.tif,6
lgg_seg,lgg_seg,kaggle_3m/TCGA_FG_7634_20000128/TCGA_FG_7634_20000128_18.tif,TCGA_FG_7634_20000128_18,tumor,p33,train,none,2564,-1,,False,26da8dd42772f489,939,kaggle_3m/TCGA_FG_7634_20000128/TCGA_FG_7634_20000128_18_mask.tif,6
lgg_seg,lgg_seg,kaggle_3m/TCGA_FG_7634_20000128/TCGA_FG_7634_20000128_19.tif,TCGA_FG_7634_20000128_19,tumor,p33,train,none,2564,-1,duplicate_of:TCGA_FG_7634_20000128_18,False,27da8dd02672fc89,1581,kaggle_3m/TCGA_FG_7634_20000128/TCGA_FG_7634_20000128_19_mask.tif,6
lgg_seg,lgg_seg,kaggle_3m/TCGA_FG_7634_20000128/TCGA_FG_7634_20000128_2.tif,TCGA_FG_7634_20000128_2,empty,p33,train,none,2566,-1,,False,e17a0671aefa9c81,0,kaggle_3m/TCGA_FG_7634_20000128/TCGA_FG_7634_20000128_2_mask.tif,6
lgg_seg,lgg_seg,kaggle_3m/TCGA_FG_7634_20000128/TCGA_FG_7634_20000128_20.tif,TCGA_FG_7634_20000128_20,tumor,p33,train,none,2567,-1,,False,6fd089f42672f889,2630,kaggle_3m/TCGA_FG_7634_20000128/TCGA_FG_7634_20000128_20_mask.tif,6
lgg_seg,lgg_seg,kaggle_3m/TCGA_FG_7634_20000128/TCGA_FG_7634_20000128_21.tif,TCGA_FG_7634_20000128_21,tumor,p33,train,none,2568,-1,,False,6734c9d82776d889,2864,kaggle_3m/TCGA_FG_7634_20000128/TCGA_FG_7634_20000128_21_mask.tif,6
lgg_seg,lgg_seg,kaggle_3m/TCGA_FG_7634_20000128/TCGA_FG_7634_20000128_22.tif,TCGA_FG_7634_20000128_22,tumor,p33,train,none,2568,-1,duplicate_of:TCGA_FG_7634_20000128_21,False,4336c9d82776dc89,3134,kaggle_3m/TCGA_FG_7634_20000128/TCGA_FG_7634_20000128_22_mask.tif,6
lgg_seg,lgg_seg,kaggle_3m/TCGA_FG_7634_20000128/TCGA_FG_7634_20000128_23.tif,TCGA_FG_7634_20000128_23,tumor,p33,train,none,2570,-1,,False,d336cb982772d889,3189,kaggle_3m/TCGA_FG_7634_20000128/TCGA_FG_7634_20000128_23_mask.tif,6
lgg_seg,lgg_seg,kaggle_3m/TCGA_FG_7634_20000128/TCGA_FG_7634_20000128_24.tif,TCGA_FG_7634_20000128_24,tumor,p33,train,none,2571,-1,,False,931cdb1c2776d889,3138,kaggle_3m/TCGA_FG_7634_20000128/TCGA_FG_7634_20000128_24_mask.tif,6
lgg_seg,lgg_seg,kaggle_3m/TCGA_FG_7634_20000128/TCGA_FG_7634_20000128_25.tif,TCGA_FG_7634_20000128_25,tumor,p33,train,none,2572,-1,,False,b28cd33c2776d889,3101,kaggle_3m/TCGA_FG_7634_20000128/TCGA_FG_7634_20000128_25_mask.tif,6
lgg_seg,lgg_seg,kaggle_3m/TCGA_FG_7634_20000128/TCGA_FG_7634_20000128_26.tif,TCGA_FG_7634_20000128_26,tumor,p33,train,none,2573,-1,,False,34ced19c23769cc9,2428,kaggle_3m/TCGA_FG_7634_20000128/TCGA_FG_7634_20000128_26_mask.tif,6
lgg_seg,lgg_seg,kaggle_3m/TCGA_FG_7634_20000128/TCGA_FG_7634_20000128_27.tif,TCGA_FG_7634_20000128_27,tumor,p33,train,none,1184,-1,duplicate_of:TCGA_DU_7010_19860307_36,False,3666d98cc3363cc9,1381,kaggle_3m/TCGA_FG_7634_20000128/TCGA_FG_7634_20000128_27_mask.tif,6
lgg_seg,lgg_seg,kaggle_3m/TCGA_FG_7634_20000128/TCGA_FG_7634_20000128_3.tif,TCGA_FG_7634_20000128_3,empty,p33,train,none,2575,-1,,False,6e7b07782ec29ca1,0,kaggle_3m/TCGA_FG_7634_20000128/TCGA_FG_7634_20000128_3_mask.tif,6
lgg_seg,lgg_seg,kaggle_3m/TCGA_FG_7634_20000128/TCGA_FG_7634_20000128_4.tif,TCGA_FG_7634_20000128_4,empty,p33,train,none,2576,-1,,False,465b2f78dac29c89,0,kaggle_3m/TCGA_FG_7634_20000128/TCGA_FG_7634_20000128_4_mask.tif,6
lgg_seg,lgg_seg,kaggle_3m/TCGA_FG_7634_20000128/TCGA_FG_7634_20000128_5.tif,TCGA_FG_7634_20000128_5,empty,p33,train,none,2577,-1,,False,8cdb0e7af2e09c89,0,kaggle_3m/TCGA_FG_7634_20000128/TCGA_FG_7634_20000128_5_mask.tif,6
lgg_seg,lgg_seg,kaggle_3m/TCGA_FG_7634_20000128/TCGA_FG_7634_20000128_6.tif,TCGA_FG_7634_20000128_6,empty,p33,train,none,2578,-1,,False,86d786fa7a689489,0,kaggle_3m/TCGA_FG_7634_20000128/TCGA_FG_7634_20000128_6_mask.tif,6
lgg_seg,lgg_seg,kaggle_3m/TCGA_FG_7634_20000128/TCGA_FG_7634_20000128_7.tif,TCGA_FG_7634_20000128_7,empty,p33,train,none,2579,-1,,False,9c5586faba62a5a1,0,kaggle_3m/TCGA_FG_7634_20000128/TCGA_FG_7634_20000128_7_mask.tif,6
lgg_seg,lgg_seg,kaggle_3m/TCGA_FG_7634_20000128/TCGA_FG_7634_20000128_8.tif,TCGA_FG_7634_20000128_8,empty,p33,train,none,2580,-1,,False,96d4afd2da6825a1,0,kaggle_3m/TCGA_FG_7634_20000128/TCGA_FG_7634_20000128_8_mask.tif,6
lgg_seg,lgg_seg,kaggle_3m/TCGA_FG_7634_20000128/TCGA_FG_7634_20000128_9.tif,TCGA_FG_7634_20000128_9,empty,p33,train,none,2581,-1,,False,c6cb6942fbe8a581,0,kaggle_3m/TCGA_FG_7634_20000128/TCGA_FG_7634_20000128_9_mask.tif,6
lgg_seg,lgg_seg,kaggle_3m/TCGA_FG_7637_20000922/TCGA_FG_7637_20000922_1.tif,TCGA_FG_7637_20000922_1,empty,p70,train,none,2582,-1,,False,c6a6398eda1e6463,0,kaggle_3m/TCGA_FG_7637_20000922/TCGA_FG_7637_20000922_1_mask.tif,9
lgg_seg,lgg_seg,kaggle_3m/TCGA_FG_7637_20000922/TCGA_FG_7637_20000922_10.tif,TCGA_FG_7637_20000922_10,empty,p70,train,none,2583,-1,,False,d8cc2336725e8dc9,0,kaggle_3m/TCGA_FG_7637_20000922/TCGA_FG_7637_20000922_10_mask.tif,9
lgg_seg,lgg_seg,kaggle_3m/TCGA_FG_7637_20000922/TCGA_FG_7637_20000922_11.tif,TCGA_FG_7637_20000922_11,empty,p70,train,none,2584,-1,,False,5ccc23b676568d89,0,kaggle_3m/TCGA_FG_7637_20000922/TCGA_FG_7637_20000922_11_mask.tif,9
lgg_seg,lgg_seg,kaggle_3m/TCGA_FG_7637_20000922/TCGA_FG_7637_20000922_12.tif,TCGA_FG_7637_20000922_12,empty,p70,train,none,2584,-1,duplicate_of:TCGA_FG_7637_20000922_11,False,5ccd21b676768c89,0,kaggle_3m/TCGA_FG_7637_20000922/TCGA_FG_7637_20000922_12_mask.tif,9
lgg_seg,lgg_seg,kaggle_3m/TCGA_FG_7637_20000922/TCGA_FG_7637_20000922_13.tif,TCGA_FG_7637_20000922_13,empty,p70,train,none,2586,-1,,False,5c6c6196b6568ce9,0,kaggle_3m/TCGA_FG_7637_20000922/TCGA_FG_7637_20000922_13_mask.tif,9
lgg_seg,lgg_seg,kaggle_3m/TCGA_FG_7637_20000922/TCGA_FG_7637_20000922_14.tif,TCGA_FG_7637_20000922_14,tumor,p70,train,none,2587,-1,,False,786c6196965e8d69,344,kaggle_3m/TCGA_FG_7637_20000922/TCGA_FG_7637_20000922_14_mask.tif,9
lgg_seg,lgg_seg,kaggle_3m/TCGA_FG_7637_20000922/TCGA_FG_7637_20000922_15.tif,TCGA_FG_7637_20000922_15,tumor,p70,train,none,2587,-1,duplicate_of:TCGA_FG_7637_20000922_14,False,786c6196967e8c69,649,kaggle_3m/TCGA_FG_7637_20000922/TCGA_FG_7637_20000922_15_mask.tif,9
lgg_seg,lgg_seg,kaggle_3m/TCGA_FG_7637_20000922/TCGA_FG_7637_20000922_16.tif,TCGA_FG_7637_20000922_16,tumor,p70,train,none,2589,-1,,False,596d6186965e8ce9,838,kaggle_3m/TCGA_FG_7637_20000922/TCGA_FG_7637_20000922_16_mask.tif,9
lgg_seg,lgg_seg,kaggle_3m/TCGA_FG_7637_20000922/TCGA_FG_7637_20000922_17.tif,TCGA_FG_7637_20000922_17,tumor,p70,train,none,877,-1,,False,596de3869c1e8669,1132,kaggle_3m/TCGA_FG_7637_20000922/TCGA_FG_7637_20000922_17_mask.tif,9
lgg_seg,lgg_seg,kaggle_3m/TCGA_FG_7637_20000922/TCGA_FG_7637_20000922_18.tif,TCGA_FG_7637_20000922_18,tumor,p70,train,none,877,-1,duplicate_of:TCGA_FG_7637_20000922_17,False,596de386dc1e0669,1775,kaggle_3m/TCGA_FG_7637_20000922/TCGA_FG_7637_20000922_18_mask.tif,9
lgg_seg,lgg_seg,kaggle_3m/TCGA_FG_7637_20000922/TCGA_FG_7637_20000922_19.tif,TCGA_FG_7637_20000922_19,tumor,p70,train,none,877,-1,duplicate_of:TCGA_FG_7637_20000922_17,False,596d63869c1e8ee1,2024,kaggle_3m/TCGA_FG_7637_20000922/TCGA_FG_7637_20000922_19_mask.tif,9
lgg_seg,lgg_seg,kaggle_3m/TCGA_FG_7637_20000922/TCGA_FG_7637_20000922_2.tif,TCGA_FG_7637_20000922_2,empty,p70,train,none,2593,-1,,False,93ac398cda166769,0,kaggle_3m/TCGA_FG_7637_20000922/TCGA_FG_7637_20000922_2_mask.tif,9
lgg_seg,lgg_seg,kaggle_3m/TCGA_FG_7637_20000922/TCGA_FG_7637_20000922_20.tif,TCGA_FG_7637_20000922_20,tumor,p70,train,none,2594,-1,,False,59ed6986b61c0ee1,2461,kaggle_3m/TCGA_FG_7637_20000922/TCGA_FG_7637_20000922_20_mask.tif,9
lgg_seg,lgg_seg,kaggle_3m/TCGA_FG_7637_20000922/TCGA_FG_7637_20000922_21.tif,TCGA_FG_7637_20000922_21,tumor,p70,train,none,2595,-1,,False,59ed61a6c61c1ee1,2659,kaggle_3m/TCGA_FG_7637_20000922/TCGA_FG_7637_20000922_21_mask.tif,9
lgg_seg,lgg_seg,kaggle_3m/TCGA_FG_7637_20000922/TCGA_FG_7637_20000922_22.tif,TCGA_FG_7637_20000922_22,tumor,p70,train,none,2596,-1,,False,73ac6986e41c9ee1,2113,kaggle_3m/TCGA_FG_7637_20000922/TCGA_FG_7637_20000922_22_mask.tif,9
lgg_seg,lgg_seg,kaggle_3m/TCGA_FG_7637_20000922/TCGA_FG_7637_20000922_23.tif,TCGA_FG_7637_20000922_23,tumor,p70,train,none,2597,-1,,False,732c39a6e61c9ce1,2272,kaggle_3m/TCGA_FG_7637_20000922/TCGA_FG_7637_20000922_23_mask.tif,9
lgg_seg,lgg_seg,kaggle_3m/TCGA_FG_7637_20000922/TCGA_FG_7637_20000922_24.tif,TCGA_FG_7637_20000922_24,tumor,p70,train,none,2597,-1,duplicate_of:TCGA_FG_7637_20000922_23,False,53ac39a6e71c1ce1,2439,kaggle_3m/TCGA_FG_7637_20000922/TCGA_FG_7637_20000922_24_mask.tif,9
lgg_seg,lgg_seg,kaggle_3m/TCGA_FG_7637_20000922/TCGA_FG_7637_20000922_25.tif,TCGA_FG_7637_20000922_25,tumor,p70,train,none,2597,-1,duplicate_of:TCGA_FG_7637_20000922_23,False,538c39b6e71c1ce1,2522,kaggle_3m/TCGA_FG_7637_20000922/TCGA_FG_7637_20000922_25_mask.tif,9
lgg_seg,lgg_seg,kaggle_3m/TCGA_FG_7637_20000922/TCGA_FG_7637_20000922_26.tif,TCGA_FG_7637_20000922_26,tumor,p70,train,none,2597,-1,duplicate_of:TCGA_FG_7637_20000922_23,False,538c39b6e31c1ee1,2412,kaggle_3m/TCGA_FG_7637_20000922/TCGA_FG_7637_20000922_26_mask.tif,9
lgg_seg,lgg_seg,kaggle_3m/TCGA_FG_7637_20000922/TCGA_FG_7637_20000922_27.tif,TCGA_FG_7637_20000922_27,tumor,p70,train,none,2597,-1,duplicate_of:TCGA_FG_7637_20000922_23,False,732c59a6e31c9ce1,2310,kaggle_3m/TCGA_FG_7637_20000922/TCGA_FG_7637_20000922_27_mask.tif,9
lgg_seg,lgg_seg,kaggle_3m/TCGA_FG_7637_20000922/TCGA_FG_7637_20000922_28.tif,TCGA_FG_7637_20000922_28,tumor,p70,train,none,2597,-1,duplicate_of:TCGA_FG_7637_20000922_23,False,732c5986e31e1ce9,1838,kaggle_3m/TCGA_FG_7637_20000922/TCGA_FG_7637_20000922_28_mask.tif,9
lgg_seg,lgg_seg,kaggle_3m/TCGA_FG_7637_20000922/TCGA_FG_7637_20000922_29.tif,TCGA_FG_7637_20000922_29,tumor,p70,train,none,2597,-1,duplicate_of:TCGA_FG_7637_20000922_23,False,332c5986e31e1ee9,1361,kaggle_3m/TCGA_FG_7637_20000922/TCGA_FG_7637_20000922_29_mask.tif,9
lgg_seg,lgg_seg,kaggle_3m/TCGA_FG_7637_20000922/TCGA_FG_7637_20000922_3.tif,TCGA_FG_7637_20000922_3,empty,p70,train,none,2604,-1,,False,53ac398cd216ed69,0,kaggle_3m/TCGA_FG_7637_20000922/TCGA_FG_7637_20000922_3_mask.tif,9
lgg_seg,lgg_seg,kaggle_3m/TCGA_FG_7637_20000922/TCGA_FG_7637_20000922_30.tif,TCGA_FG_7637_20000922_30,tumor,p70,train,none,2605,-1,,False,1b2e7986e3161e69,313,kaggle_3m/TCGA_FG_7637_20000922/TCGA_FG_7637_20000922_30_mask.tif,9
lgg_seg,lgg_seg,kaggle_3m/TCGA_FG_7637_20000922/TCGA_FG_7637_20000922_31.tif,TCGA_FG_7637_20000922_31,tumor,p70,train,none,2605,-1,duplicate_of:TCGA_FG_7637_20000922_30,False,9b267986e1961e69,67,kaggle_3m/TCGA_FG_7637_20000922/TCGA_FG_7637_20000922_31_mask.tif,9
lgg_seg,lgg_seg,kaggle_3m/TCGA_FG_7637_20000922/TCGA_FG_7637_20000922_32.tif,TCGA_FG_7637_20000922_32,empty,p70,train,none,73,-1,duplicate_of:TCGA_CS_4944_20010208_19,False,d9867984a7169e69,0,kaggle_3m/TCGA_FG_7637_20000922/TCGA_FG_7637_20000922_32_mask.tif,9
lgg_seg,lgg_seg,kaggle_3m/TCGA_FG_7637_20000922/TCGA_FG_7637_20000922_33.tif,TCGA_FG_7637_20000922_33,empty,p70,train,none,2608,-1,,False,b94679a4e5169669,0,kaggle_3m/TCGA_FG_7637_20000922/TCGA_FG_7637_20000922_33_mask.tif,9
lgg_seg,lgg_seg,kaggle_3m/TCGA_FG_7637_20000922/TCGA_FG_7637_20000922_34.tif,TCGA_FG_7637_20000922_34,empty,p70,train,none,2608,-1,duplicate_of:TCGA_FG_7637_20000922_33,False,b1c65ba4e5169669,0,kaggle_3m/TCGA_FG_7637_20000922/TCGA_FG_7637_20000922_34_mask.tif,9
lgg_seg,lgg_seg,kaggle_3m/TCGA_FG_7637_20000922/TCGA_FG_7637_20000922_35.tif,TCGA_FG_7637_20000922_35,empty,p70,train,none,2610,-1,,False,b36e49a4e9169669,0,kaggle_3m/TCGA_FG_7637_20000922/TCGA_FG_7637_20000922_35_mask.tif,9
lgg_seg,lgg_seg,kaggle_3m/TCGA_FG_7637_20000922/TCGA_FG_7637_20000922_36.tif,TCGA_FG_7637_20000922_36,empty,p70,train,none,2610,-1,duplicate_of:TCGA_FG_7637_20000922_35,False,936e69a4e1169e69,0,kaggle_3m/TCGA_FG_7637_20000922/TCGA_FG_7637_20000922_36_mask.tif,9
lgg_seg,lgg_seg,kaggle_3m/TCGA_FG_7637_20000922/TCGA_FG_7637_20000922_37.tif,TCGA_FG_7637_20000922_37,empty,p70,train,none,2612,-1,,False,336659a4e1969e69,0,kaggle_3m/TCGA_FG_7637_20000922/TCGA_FG_7637_20000922_37_mask.tif,9
lgg_seg,lgg_seg,kaggle_3m/TCGA_FG_7637_20000922/TCGA_FG_7637_20000922_38.tif,TCGA_FG_7637_20000922_38,empty,p70,train,none,2612,-1,duplicate_of:TCGA_FG_7637_20000922_37,False,93e659a4e1969669,0,kaggle_3m/TCGA_FG_7637_20000922/TCGA_FG_7637_20000922_38_mask.tif,9
lgg_seg,lgg_seg,kaggle_3m/TCGA_FG_7637_20000922/TCGA_FG_7637_20000922_39.tif,TCGA_FG_7637_20000922_39,empty,p70,train,none,2614,-1,,False,92cc79a4e9969669,0,kaggle_3m/TCGA_FG_7637_20000922/TCGA_FG_7637_20000922_39_mask.tif,9
lgg_seg,lgg_seg,kaggle_3m/TCGA_FG_7637_20000922/TCGA_FG_7637_20000922_4.tif,TCGA_FG_7637_20000922_4,empty,p70,train,none,2604,-1,duplicate_of:TCGA_FG_7637_20000922_3,False,d3ac398e5216cd69,0,kaggle_3m/TCGA_FG_7637_20000922/TCGA_FG_7637_20000922_4_mask.tif,9
lgg_seg,lgg_seg,kaggle_3m/TCGA_FG_7637_20000922/TCGA_FG_7637_20000922_40.tif,TCGA_FG_7637_20000922_40,empty,p70,train,none,2614,-1,duplicate_of:TCGA_FG_7637_20000922_39,False,b2cc5ba469969669,0,kaggle_3m/TCGA_FG_7637_20000922/TCGA_FG_7637_20000922_40_mask.tif,9
lgg_seg,lgg_seg,kaggle_3m/TCGA_FG_7637_20000922/TCGA_FG_7637_20000922_41.tif,TCGA_FG_7637_20000922_41,empty,p70,train,none,2614,-1,duplicate_of:TCGA_FG_7637_20000922_39,False,b24d53a469969e69,0,kaggle_3m/TCGA_FG_7637_20000922/TCGA_FG_7637_20000922_41_mask.tif,9
lgg_seg,lgg_seg,kaggle_3m/TCGA_FG_7637_20000922/TCGA_FG_7637_20000922_42.tif,TCGA_FG_7637_20000922_42,empty,p70,train,none,2614,-1,duplicate_of:TCGA_FG_7637_20000922_39,False,926d5ba469969669,0,kaggle_3m/TCGA_FG_7637_20000922/TCGA_FG_7637_20000922_42_mask.tif,9
lgg_seg,lgg_seg,kaggle_3m/TCGA_FG_7637_20000922/TCGA_FG_7637_20000922_43.tif,TCGA_FG_7637_20000922_43,empty,p70,train,none,2619,-1,,False,b369596469969669,0,kaggle_3m/TCGA_FG_7637_20000922/TCGA_FG_7637_20000922_43_mask.tif,9
lgg_seg,lgg_seg,kaggle_3m/TCGA_FG_7637_20000922/TCGA_FG_7637_20000922_44.tif,TCGA_FG_7637_20000922_44,empty,p70,train,none,2619,-1,duplicate_of:TCGA_FG_7637_20000922_43,False,b3c9196469969679,0,kaggle_3m/TCGA_FG_7637_20000922/TCGA_FG_7637_20000922_44_mask.tif,9
lgg_seg,lgg_seg,kaggle_3m/TCGA_FG_7637_20000922/TCGA_FG_7637_20000922_45.tif,TCGA_FG_7637_20000922_45,empty,p70,train,none,2621,-1,,False,b659136c49969679,0,kaggle_3m/TCGA_FG_7637_20000922/TCGA_FG_7637_20000922_45_mask.tif,9
lgg_seg,lgg_seg,kaggle_3m/TCGA_FG_7637_20000922/TCGA_FG_7637_20000922_46.tif,TCGA_FG_7637_20000922_46,empty,p70,train,none,2621,-1,duplicate_of:TCGA_FG_7637_20000922_45,False,2659936c69969679,0,kaggle_3m/TCGA_FG_7637_20000922/TCGA_FG_7637_20000922_46_mask.tif,9
lgg_seg,lgg_seg,kaggle_3m/TCGA_FG_7637_20000922/TCGA_FG_7637_20000922_47.tif,TCGA_FG_7637_20000922_47,empty,p70,train,none,2623,-1,,False,ae9993644986b679,0,kaggle_3m/TCGA_FG_7637_20000922/TCGA_FG_7637_20000922_47_mask.tif,9
lgg_seg,lgg_seg,kaggle_3m/TCGA_FG_7637_20000922/TCGA_FG_7637_20000922_48.tif,TCGA_FG_7637_20000922_48,empty,p70,train,none,2624,-1,,False,cc99b36949a6a659,0,kaggle_3m/TCGA_FG_7637_20000922/TCGA_FG_7637_20000922_48_mask.tif,9
lgg_seg,lgg_seg,kaggle_3m/TCGA_FG_7637_20000922/TCGA_FG_7637_20000922_49.tif,TCGA_FG_7637_20000922_49,empty,p70,train,none,73,-1,duplicate_of:TCGA_CS_4944_20010208_19,False,e699964959a6a699,0,kaggle_3m/TCGA_FG_7637_20000922/TCGA_FG_7637_20000922_49_mask.tif,9
lgg_seg,lgg_seg,kaggle_3m/TCGA_FG_7637_20000922/TCGA_FG_7637_20000922_5.tif,TCGA_FG_7637_20000922_5,empty,p70,train,none,2583,-1,duplicate_of:TCGA_FG_7637_20000922_10,False,99ac31967216cde9,0,kaggle_3m/TCGA_FG_7637_20000922/TCGA_FG_7637_20000922_5_mask.tif,9
lgg_seg,lgg_seg,kaggle_3m/TCGA_FG_7637_20000922/TCGA_FG_7637_20000922_50.tif,TCGA_FG_7637_20000922_50,empty,p70,train,none,73,-1,duplicate_of:TCGA_CS_4944_20010208_19,False,6499965959e6e619,0,kaggle_3m/TCGA_FG_7637_20000922/TCGA_FG_7637_20000922_50_mask.tif,9
lgg_seg,lgg_seg,kaggle_3m/TCGA_FG_7637_20000922/TCGA_FG_7637_20000922_51.tif,TCGA_FG_7637_20000922_51,empty,p70,train,none,2628,-1,,False,4c3b669999666699,0,kaggle_3m/TCGA_FG_7637_20000922/TCGA_FG_7637_20000922_51_mask.tif,9
lgg_seg,lgg_seg,kaggle_3m/TCGA_FG_7637_20000922/TCGA_FG_7637_20000922_6.tif,TCGA_FG_7637_20000922_6,empty,p70,train,none,2583,-1,duplicate_of:TCGA_FG_7637_20000922_10,False,9aac25967216cde9,0,kaggle_3m/TCGA_FG_7637_20000922/TCGA_FG_7637_20000922_6_mask.tif,9
lgg_seg,lgg_seg,kaggle_3m/TCGA_FG_7637_20000922/TCGA_FG_7637_20000922_7.tif,TCGA_FG_7637_20000922_7,empty,p70,train,none,2583,-1,duplicate_of:TCGA_FG_7637_20000922_10,False,98ac27b672168de9,0,kaggle_3m/TCGA_FG_7637_20000922/TCGA_FG_7637_20000922_7_mask.tif,9
lgg_seg,lgg_seg,kaggle_3m/TCGA_FG_7637_20000922/TCGA_FG_7637_20000922_8.tif,TCGA_FG_7637_20000922_8,empty,p70,train,none,2583,-1,duplicate_of:TCGA_FG_7637_20000922_10,False,988c27b6725e8dc9,0,kaggle_3m/TCGA_FG_7637_20000922/TCGA_FG_7637_20000922_8_mask.tif,9
lgg_seg,lgg_seg,kaggle_3m/TCGA_FG_7637_20000922/TCGA_FG_7637_20000922_9.tif,TCGA_FG_7637_20000922_9,empty,p70,train,none,2583,-1,duplicate_of:TCGA_FG_7637_20000922_10,False,988c23b6725e8de9,0,kaggle_3m/TCGA_FG_7637_20000922/TCGA_FG_7637_20000922_9_mask.tif,9
lgg_seg,lgg_seg,kaggle_3m/TCGA_FG_7643_20021104/TCGA_FG_7643_20021104_1.tif,TCGA_FG_7643_20021104_1,empty,p67,train,none,2633,-1,,False,66c799a4191ee669,0,kaggle_3m/TCGA_FG_7643_20021104/TCGA_FG_7643_20021104_1_mask.tif,2
lgg_seg,lgg_seg,kaggle_3m/TCGA_FG_7643_20021104/TCGA_FG_7643_20021104_10.tif,TCGA_FG_7643_20021104_10,empty,p67,train,none,2634,-1,,False,ce696196181ea7e9,0,kaggle_3m/TCGA_FG_7643_20021104/TCGA_FG_7643_20021104_10_mask.tif,2
lgg_seg,lgg_seg,kaggle_3m/TCGA_FG_7643_20021104/TCGA_FG_7643_20021104_11.tif,TCGA_FG_7643_20021104_11,empty,p67,train,none,2635,-1,,False,5cc9e386181ee3e9,0,kaggle_3m/TCGA_FG_7643_20021104/TCGA_FG_7643_20021104_11_mask.tif,2
lgg_seg,lgg_seg,kaggle_3m/TCGA_FG_7643_20021104/TCGA_FG_7643_20021104_12.tif,TCGA_FG_7643_20021104_12,empty,p67,train,none,877,-1,duplicate_of:TCGA_DU_6404_19850629_10,False,1969e7a6181e66e9,0,kaggle_3m/TCGA_FG_7643_20021104/TCGA_FG_7643_20021104_12_mask.tif,2
lgg_seg,lgg_seg,kaggle_3m/TCGA_FG_7643_20021104/TCGA_FG_7643_20021104_13.tif,TCGA_FG_7643_20021104_13,empty,p67,train,none,877,-1,duplicate_of:TCGA_DU_6404_19850629_10,False,596967a6981e6669,0,kaggle_3m/TCGA_FG_7643_20021104/TCGA_FG_7643_20021104_13_mask.tif,2
lgg_seg,lgg_seg,kaggle_3m/TCGA_FG_7643_20021104/TCGA_FG_7643_20021104_14.tif,TCGA_FG_7643_20021104_14,empty,p67,train,none,2638,-1,,False,59c963a6921ece69,0,kaggle_3m/TCGA_FG_7643_20021104/TCGA_FG_7643_20021104_14_mask.tif,2
lgg_seg,lgg_seg,kaggle_3m/TCGA_FG_7643_20021104/TCGA_FG_7643_20021104_15.tif,TCGA_FG_7643_20021104_15,empty,p67,train,none,2639,-1,,False,59ed63a4b9168669,0,kaggle_3m/TCGA_FG_7643_20021104/TCGA_FG_7643_20021104_15_mask.tif,2
lgg_seg,lgg_seg,kaggle_3m/TCGA_FG_7643_20021104/TCGA_FG_7643_20021104_16.tif,TCGA_FG_7643_20021104_16,empty,p67,train,none,2640,-1,,False,39ed698c39968669,0,kaggle_3m/TCGA_FG_7643_20021104/TCGA_FG_7643_20021104_16_mask.tif,2
lgg_seg,lgg_seg,kaggle_3m/TCGA_FG_7643_20021104/TCGA_FG_7643_20021104_17.tif,TCGA_FG_7643_20021104_17,empty,p67,train,none,2641,-1,,False,d3e7698c29968669,0,kaggle_3m/TCGA_FG_7643_20021104/TCGA_FG_7643_20021104_17_mask.tif,2
lgg_seg,lgg_seg,kaggle_3m/TCGA_FG_7643_20021104/TCGA_FG_7643_20021104_18.tif,TCGA_FG_7643_20021104_18,empty,p67,train,none,2642,-1,,False,dbc6192c6996c669,0,kaggle_3m/TCGA_FG_7643_20021104/TCGA_FG_7643_20021104_18_mask.tif,2
lgg_seg,lgg_seg,kaggle_3m/TCGA_FG_7643_20021104/TCGA_FG_7643_20021104_19.tif,TCGA_FG_7643_20021104_19,empty,p67,train,none,2643,-1,,False,736619246d96d669,0,kaggle_3m/TCGA_FG_7643_20021104/TCGA_FG_7643_20021104_19_mask.tif,2
lgg_seg,lgg_seg,kaggle_3m/TCGA_FG_7643_20021104/TCGA_FG_7643_20021104_2.tif,TCGA_FG_7643_20021104_2,empty,p67,train,none,2644,-1,,False,46cdb9a6191e6669,0,kaggle_3m/TCGA_FG_7643_20021104/TCGA_FG_7643_20021104_2_mask.tif,2
lgg_seg,lgg_seg,kaggle_3m/TCGA_FG_7643_20021104/TCGA_FG_7643_20021104_20.tif,TCGA_FG_7643_20021104_20,empty,p67,train,none,2645,-1,,False,d12619a46d96d679,0,kaggle_3m/TCGA_FG_7643_20021104/TCGA_FG_7643_20021104_20_mask.tif,2
lgg_seg,lgg_seg,kaggle_3m/TCGA_FG_7643_20021104/TCGA_FG_7643_20021104_21.tif,TCGA_FG_7643_20021104_21,empty,p67,train,none,2646,-1,,False,7167998469969679,0,kaggle_3m/TCGA_FG_7643_20021104/TCGA_FG_7643_20021104_21_mask.tif,2
lgg_seg,lgg_seg,kaggle_3m/TCGA_FG_7643_20021104/TCGA_FG_7643_20021104_22.tif,TCGA_FG_7643_20021104_22,empty,p67,train,none,2647,-1,,False,5967130c699e9679,0,kaggle_3m/TCGA_FG_7643_20021104/TCGA_FG_7643_20021104_22_mask.tif,2
lgg_seg,lgg_seg,kaggle_3m/TCGA_FG_7643_20021104/TCGA_FG_7643_20021104_23.tif,TCGA_FG_7643_20021104_23,empty,p67,train,none,2648,-1,,False,73675986691c9671,0,kaggle_3m/TCGA_FG_7643_20021104/TCGA_FG_7643_20021104_23_mask.tif,2
lgg_seg,lgg_seg,kaggle_3m/TCGA_FG_7643_20021104/TCGA_FG_7643_20021104_24.tif,TCGA_FG_7643_20021104_24,empty,p67,train,none,2649,-1,,False,b36159a6611c9e73,0,kaggle_3m/TCGA_FG_7643_20021104/TCGA_FG_7643_20021104_24_mask.tif,2
lgg_seg,lgg_seg,kaggle_3m/TCGA_FG_7643_20021104/TCGA_FG_7643_20021104_25.tif,TCGA_FG_7643_20021104_25,empty,p67,train,none,2650,-1,,False,73435966611c9e73,0,kaggle_3m/TCGA_FG_7643_20021104/TCGA_FG_7643_20021104_25_mask.tif,2
lgg_seg,lgg_seg,kaggle_3m/TCGA_FG_7643_20021104/TCGA_FG_7643_20021104_26.tif,TCGA_FG_7643_20021104_26,tumor,p67,train,none,2502,-1,duplicate_of:TCGA_FG_6691_20020405_29,False,b3895966619c9e71,1282,kaggle_3m/TCGA_FG_7643_20021104/TCGA_FG_7643_20021104_26_mask.tif,2
lgg_seg,lgg_seg,kaggle_3m/TCGA_FG_7643_20021104/TCGA_FG_7643_20021104_27.tif,TCGA_FG_7643_20021104_27,tumor,p67,train,none,2652,-1,,False,19c95966699c9673,1171,kaggle_3m/TCGA_FG_7643_20021104/TCGA_FG_7643_20021104_27_mask.tif,2
lgg_seg,lgg_seg,kaggle_3m/TCGA_FG_7643_20021104/TCGA_FG_7643_20021104_28.tif,TCGA_FG_7643_20021104_28,tumor,p67,train,none,2505,-1,duplicate_of:TCGA_FG_6691_20020405_31,False,33e3598c691c9673,1161,kaggle_3m/TCGA_FG_7643_20021104/TCGA_FG_7643_20021104_28_mask.tif,2
lgg_seg,lgg_seg,kaggle_3m/TCGA_FG_7643_20021104/TCGA_FG_7643_20021104_29.tif,TCGA_FG_7643_20021104_29,tumor,p67,train,none,2654,-1,,False,9ae35926619c9673,855,kaggle_3m/TCGA_FG_7643_20021104/TCGA_FG_7643_20021104_29_mask.tif,2
lgg_seg,lgg_seg,kaggle_3m/TCGA_FG_7643_20021104/TCGA_FG_7643_20021104_3.tif,TCGA_FG_7643_20021104_3,empty,p67,train,none,2633,-1,duplicate_of:TCGA_FG_7643_20021104_1,False,46c699a61b1ee669,0,kaggle_3m/TCGA_FG_7643_20021104/TCGA_FG_7643_20021104_3_mask.tif,2
lgg_seg,lgg_seg,kaggle_3m/TCGA_FG_7643_20021104/TCGA_FG_7643_20021104_30.tif,TCGA_FG_7643_20021104_30,tumor,p67,train,none,2656,-1,,False,99e39ba6610c9e71,464,kaggle_3m/TCGA_FG_7643_20021104/TCGA_FG_7643_20021104_30_mask.tif,2
lgg_seg,lgg_seg,kaggle_3m/TCGA_FG_7643_20021104/TCGA_FG_7643_20021104_31.tif,TCGA_FG_7643_20021104_31,tumor,p67,train,none,2657,-1,,False,86e359e4690c96f3,131,kaggle_3m/TCGA_FG_7643_20021104/TCGA_FG_7643_20021104_31_mask.tif,2
lgg_seg,lgg_seg,kaggle_3m/TCGA_FG_7643_20021104/TCGA_FG_7643_20021104_32.tif,TCGA_FG_7643_20021104_32,tumor,p67,train,none,2658,-1,,False,b4e3196c610cb6f3,23,kaggle_3m/TCGA_FG_7643_20021104/TCGA_FG_7643_20021104_32_mask.tif,2
lgg_seg,lgg_seg,kaggle_3m/TCGA_FG_7643_20021104/TCGA_FG_7643_20021104_33.tif,TCGA_FG_7643_20021104_33,empty,p67,train,none,593,-1,duplicate_of:TCGA_FG_6691_20020405_34,False,8c639bec69868679,0,kaggle_3m/TCGA_FG_7643_20021104/TCGA_FG_7643_20021104_33_mask.tif,2
lgg_seg,lgg_seg,kaggle_3m/TCGA_FG_7643_20021104/TCGA_FG_7643_20021104_34.tif,TCGA_FG_7643_20021104_34,empty,p67,train,none,2660,-1,,False,8e699ac6692ca673,0,kaggle_3m/TCGA_FG_7643_20021104/TCGA_FG_7643_20021104_34_mask.tif,2
lgg_seg,lgg_seg,kaggle_3m/TCGA_FG_7643_20021104/TCGA_FG_7643_20021104_35.tif,TCGA_FG_7643_20021104_35,empty,p67,train,none,2661,-1,,False,866996c659aca65b,0,kaggle_3m/TCGA_FG_7643_20021104/TCGA_FG_7643_20021104_35_mask.tif,2
lgg_seg,lgg_seg,kaggle_3m/TCGA_FG_7643_20021104/TCGA_FG_7643_20021104_36.tif,TCGA_FG_7643_20021104_36,empty,p67,train,none,2662,-1,,False,36639ce4598ca673,0,kaggle_3m/TCGA_FG_7643_20021104/TCGA_FG_7643_20021104_36_mask.tif,2
lgg_seg,lgg_seg,kaggle_3m/TCGA_FG_7643_20021104/TCGA_FG_7643_20021104_37.tif,TCGA_FG_7643_20021104_37,empty,p67,train,none,2663,-1,,False,367396cc592c26d3,0,kaggle_3m/TCGA_FG_7643_20021104/TCGA_FG_7643_20021104_37_mask.tif,2
lgg_seg,lgg_seg,kaggle_3m/TCGA_FG_7643_20021104/TCGA_FG_7643_20021104_38.tif,TCGA_FG_7643_20021104_38,empty,p67,train,none,2664,-1,,False,6633b6e6d90c2633,0,kaggle_3m/TCGA_FG_7643_20021104/TCGA_FG_7643_20021104_38_mask.tif,2
lgg_seg,lgg_seg,kaggle_3m/TCGA_FG_7643_20021104/TCGA_FG_7643_20021104_39.tif,TCGA_FG_7643_20021104_39,empty,p67,train,none,2665,-1,,False,6c3336f199cc6433,0,kaggle_3m/TCGA_FG_7643_20021104/TCGA_FG_7643_20021104_39_mask.tif,2
lgg_seg,lgg_seg,kaggle_3m/TCGA_FG_7643_20021104/TCGA_FG_7643_20021104_4.tif,TCGA_FG_7643_20021104_4,empty,p67,train,none,2666,-1,,False,47e69ca6191ce669,0,kaggle_3m/TCGA_FG_7643_20021104/TCGA_FG_7643_20021104_4_mask.tif,2
lgg_seg,lgg_seg,kaggle_3m/TCGA_FG_7643_20021104/TCGA_FG_7643_20021104_40.tif,TCGA_FG_7643_20021104_40,empty,p67,train,none,2667,-1,,False,dd4e663399cc6033,0,kaggle_3m/TCGA_FG_7643_20021104/TCGA_FG_7643_20021104_40_mask.tif,2
lgg_seg,lgg_seg,kaggle_3m/TCGA_FG_7643_20021104/TCGA_FG_7643_20021104_41.tif,TCGA_FG_7643_20021104_41,empty,p67,train,none,2668,-1,,False,bd4ee03194cc68b7,0,kaggle_3m/TCGA_FG_7643_20021104/TCGA_FG_7643_20021104_41_mask.tif,2
lgg_seg,lgg_seg,kaggle_3m/TCGA_FG_7643_20021104/TCGA_FG_7643_20021104_42.tif,TCGA_FG_7643_20021104_42,empty,p67,train,none,2669,-1,,False,92a878c057e93d0a,0,kaggle_3m/TCGA_FG_7643_20021104/TCGA_FG_7643_20021104_42_mask.tif,2
lgg_seg,lgg_seg,kaggle_3m/TCGA_FG_7643_20021104/TCGA_FG_7643_20021104_43.tif,TCGA_FG_7643_20021104_43,empty,p67,train,none,2670,-1,,False,3f3776ae7762e734,0,kaggle_3m/TCGA_FG_7643_20021104/TCGA_FG_7643_20021104_43_mask.tif,2
lgg_seg,lgg_seg,kaggle_3m/TCGA_FG_7643_20021104/TCGA_FG_7643_20021104_44.tif,TCGA_FG_7643_20021104_44,empty,p67,train,none,2671,-1,,False,41c67039c761146e,0,kaggle_3m/TCGA_FG_7643_20021104/TCGA_FG_7643_20021104_44_mask.tif,2
lgg_seg,lgg_seg,kaggle_3m/TCGA_FG_7643_20021104/TCGA_FG_7643_20021104_45.tif,TCGA_FG_7643_20021104_45,empty,p67,train,none,2672,-1,,False,a69b9565a33f7482,0,kaggle_3m/TCGA_FG_7643_20021104/TCGA_FG_7643_20021104_45_mask.tif,2
lgg_seg,lgg_seg,kaggle_3m/TCGA_FG_7643_20021104/TCGA_FG_7643_20021104_46.tif,TCGA_FG_7643_20021104_46,empty,p67,train,none,2673,-1,,False,49d2a35a90e0f6af,0,kaggle_3m/TCGA_FG_7643_20021104/TCGA_FG_7643_20021104_46_mask.tif,2
lgg_seg,lgg_seg,kaggle_3m/TCGA_FG_7643_20021104/TCGA_FG_7643_20021104_47.tif,TCGA_FG_7643_20021104_47,empty,p67,train,none,2674,-1,,False,4d56a3da9060f69d,0,kaggle_3m/TCGA_FG_7643_20021104/TCGA_FG_7643_20021104_47_mask.tif,2
lgg_seg,lgg_seg,kaggle_3m/TCGA_FG_7643_20021104/TCGA_FG_7643_20021104_48.tif,TCGA_FG_7643_20021104_48,empty,p67,train,none,2675,-1,,False,4946abda9e6e46a1,0,kaggle_3m/TCGA_FG_7643_20021104/TCGA_FG_7643_20021104_48_mask.tif,2
lgg_seg,lgg_seg,kaggle_3m/TCGA_FG_7643_20021104/TCGA_FG_7643_20021104_5.tif,TCGA_FG_7643_20021104_5,empty,p67,train,none,2676,-1,,False,5dc6b1a61c16e369,0,kaggle_3m/TCGA_FG_7643_20021104/TCGA_FG_7643_20021104_5_mask.tif,2
lgg_seg,lgg_seg,kaggle_3m/TCGA_FG_7643_20021104/TCGA_FG_7643_20021104_6.tif,TCGA_FG_7643_20021104_6,empty,p67,train,none,2677,-1,,False,98e68da63a1ec369,0,kaggle_3m/TCGA_FG_7643_20021104/TCGA_FG_7643_20021104_6_mask.tif,2
lgg_seg,lgg_seg,kaggle_3m/TCGA_FG_7643_20021104/TCGA_FG_7643_20021104_7.tif,TCGA_FG_7643_20021104_7,empty,p67,train,none,2678,-1,,False,9ae6ed863816c369,0,kaggle_3m/TCGA_FG_7643_20021104/TCGA_FG_7643_20021104_7_mask.tif,2
lgg_seg,lgg_seg,kaggle_3m/TCGA_FG_7643_20021104/TCGA_FG_7643_20021104_8.tif,TCGA_FG_7643_20021104_8,empty,p67,train,none,2679,-1,,False,9ee565961816e369,0,kaggle_3m/TCGA_FG_7643_20021104/TCGA_FG_7643_20021104_8_mask.tif,2
lgg_seg,lgg_seg,kaggle_3m/TCGA_FG_7643_20021104/TCGA_FG_7643_20021104_9.tif,TCGA_FG_7643_20021104_9,empty,p67,train,none,2679,-1,duplicate_of:TCGA_FG_7643_20021104_8,False,cee561961816e769,0,kaggle_3m/TCGA_FG_7643_20021104/TCGA_FG_7643_20021104_9_mask.tif,2
lgg_seg,lgg_seg,kaggle_3m/TCGA_FG_8189_20030516/TCGA_FG_8189_20030516_1.tif,TCGA_FG_8189_20030516_1,empty,p72,train,none,2681,-1,,False,4bb6b91ee4d806a9,0,kaggle_3m/TCGA_FG_8189_20030516/TCGA_FG_8189_20030516_1_mask.tif,5
lgg_seg,lgg_seg,kaggle_3m/TCGA_FG_8189_20030516/TCGA_FG_8189_20030516_10.tif,TCGA_FG_8189_20030516_10,empty,p72,train,none,2682,-1,,False,c8b48ef2ecd21e29,0,kaggle_3m/TCGA_FG_8189_20030516/TCGA_FG_8189_20030516_10_mask.tif,5
lgg_seg,lgg_seg,kaggle_3m/TCGA_FG_8189_20030516/TCGA_FG_8189_20030516_11.tif,TCGA_FG_8189_20030516_11,empty,p72,train,none,2683,-1,,False,ccb6af52d8d01e29,0,kaggle_3m/TCGA_FG_8189_20030516/TCGA_FG_8189_20030516_11_mask.tif,5
lgg_seg,lgg_seg,kaggle_3m/TCGA_FG_8189_20030516/TCGA_FG_8189_20030516_12.tif,TCGA_FG_8189_20030516_12,empty,p72,train,none,2684,-1,,False,0eb6af5258f03c2b,0,kaggle_3m/TCGA_FG_8189_20030516/TCGA_FG_8189_20030516_12_mask.tif,5
lgg_seg,lgg_seg,kaggle_3m/TCGA_FG_8189_20030516/TCGA_FG_8189_20030516_13.tif,TCGA_FG_8189_20030516_13,empty,p72,train,none,2684,-1,duplicate_of:TCGA_FG_8189_20030516_12,False,86b6af5a58f02c2b,0,kaggle_3m/TCGA_FG_8189_20030516/TCGA_FG_8189_20030516_13_mask.tif,5
lgg_seg,lgg_seg,kaggle_3m/TCGA_FG_8189_20030516/TCGA_FG_8189_20030516_14.tif,TCGA_FG_8189_20030516_14,empty,p72,train,none,2684,-1,duplicate_of:TCGA_FG_8189_20030516_12,False,86978f5a78f02c2b,0,kaggle_3m/TCGA_FG_8189_20030516/TCGA_FG_8189_20030516_14_mask.tif,5
lgg_seg,lgg_seg,kaggle_3m/TCGA_FG_8189_20030516/TCGA_FG_8189_20030516_15.tif,TCGA_FG_8189_20030516_15,tumor,p72,train,none,2687,-1,,False,869687de58f82c2b,42,kaggle_3m/TCGA_FG_8189_20030516/TCGA_FG_8189_20030516_15_mask.tif,5
lgg_seg,lgg_seg,kaggle_3m/TCGA_FG_8189_20030516/TCGA_FG_8189_20030516_16.tif,TCGA_FG_8189_20030516_16,tumor,p72,train,none,2687,-1,duplicate_of:TCGA_FG_8189_20030516_15,False,a69687d658783c2b,221,kaggle_3m/TCGA_FG_8189_20030516/TCGA_FG_8189_20030516_16_mask.tif,5
lgg_seg,lgg_seg,kaggle_3m/TCGA_FG_8189_20030516/TCGA_FG_8189_20030516_17.tif,TCGA_FG_8189_20030516_17,tumor,p72,train,none,2689,-1,,False,07bc26d65a783c2b,898,kaggle_3m/TCGA_FG_8189_20030516/TCGA_FG_8189_20030516_17_mask.tif,5
lgg_seg,lgg_seg,kaggle_3m/TCGA_FG_8189_20030516/TCGA_FG_8189_20030516_18.tif,TCGA_FG_8189_20030516_18,tumor,p72,train,none,2690,-1,,False,0fad2dd65270bc23,1370,kaggle_3m/TCGA_FG_8189_20030516/TCGA_FG_8189_20030516_18_mask.tif,5
lgg_seg,lgg_seg,kaggle_3m/TCGA_FG_8189_20030516/TCGA_FG_8189_20030516_19.tif,TCGA_FG_8189_20030516_19,tumor,p72,train,none,2690,-1,duplicate_of:TCGA_FG_8189_20030516_18,False,2dac2dd65270bca3,2274,kaggle_3m/TCGA_FG_8189_20030516/TCGA_FG_8189_20030516_19_mask.tif,5
lgg_seg,lgg_seg,kaggle_3m/TCGA_FG_8189_20030516/TCGA_FG_8189_20030516_2.tif,TCGA_FG_8189_20030516_2,empty,p72,train,none,2681,-1,duplicate_of:TCGA_FG_8189_20030516_1,False,4bb6b91ee0f806a9,0,kaggle_3m/TCGA_FG_8189_20030516/TCGA_FG_8189_20030516_2_mask.tif,5
lgg_seg,lgg_seg,kaggle_3m/TCGA_FG_8189_20030516/TCGA_FG_8189_20030516_20.tif,TCGA_FG_8189_20030516_20,tumor,p72,train,none,2693,-1,,False,2facbcd61a50b4a3,2806,kaggle_3m/TCGA_FG_8189_20030516/TCGA_FG_8189_20030516_20_mask.tif,5
lgg_seg,lgg_seg,kaggle_3m/TCGA_FG_8189_20030516/TCGA_FG_8189_20030516_21.tif,TCGA_FG_8189_20030516_21,tumor,p72,train,none,2694,-1,,False,2dbc3c7612d2f483,2372,kaggle_3m/TCGA_FG_8189_20030516/TCGA_FG_8189_20030516_21_mask.tif,5
lgg_seg,lgg_seg,kaggle_3m/TCGA_FG_8189_20030516/TCGA_FG_8189_20030516_22.tif,TCGA_FG_8189_20030516_22,tumor,p72,train,none,2695,-1,,False,293c3cf612d2dc8b,2041,kaggle_3m/TCGA_FG_8189_20030516/TCGA_FG_8189_20030516_22_mask.tif,5
lgg_seg,lgg_seg,kaggle_3m/TCGA_FG_8189_20030516/TCGA_FG_8189_20030516_23.tif,TCGA_FG_8189_20030516_23,tumor,p72,train,none,2696,-1,,False,2d3434d2d6d2dc8b,2532,kaggle_3m/TCGA_FG_8189_20030516/TCGA_FG_8189_20030516_23_mask.tif,5
lgg_seg,lgg_seg,kaggle_3m/TCGA_FG_8189_20030516/TCGA_FG_8189_20030516_24.tif,TCGA_FG_8189_20030516_24,tumor,p72,train,none,2697,-1,,False,35b036d2d658dc8b,3568,kaggle_3m/TCGA_FG_8189_20030516/TCGA_FG_8189_20030516_24_mask.tif,5
lgg_seg,lgg_seg,kaggle_3m/TCGA_FG_8189_20030516/TCGA_FG_8189_20030516_25.tif,TCGA_FG_8189_20030516_25,tumor,p72,train,none,2698,-1,,False,33b0b3d2de58740b,3926,kaggle_3m/TCGA_FG_8189_20030516/TCGA_FG_8189_20030516_25_mask.tif,5
lgg_seg,lgg_seg,kaggle_3m/TCGA_FG_8189_20030516/TCGA_FG_8189_20030516_26.tif,TCGA_FG_8189_20030516_26,tumor,p72,train,none,2699,-1,,False,b3f0b7d29c50f403,3448,kaggle_3m/TCGA_FG_8189_20030516/TCGA_FG_8189_20030516_26_mask.tif,5
lgg_seg,lgg_seg,kaggle_3m/TCGA_FG_8189_20030516/TCGA_FG_8189_20030516_27.tif,TCGA_FG_8189_20030516_27,tumor,p72,train,none,2699,-1,duplicate_of:TCGA_FG_8189_20030516_26,False,b3f037d2bc50f403,3560,kaggle_3m/TCGA_FG_8189_20030516/TCGA_FG_8189_20030516_27_mask.tif,5
lgg_seg,lgg_seg,kaggle_3m/TCGA_FG_8189_20030516/TCGA_FG_8189_20030516_28.tif,TCGA_FG_8189_20030516_28,tumor,p72,train,none,2701,-1,,False,23f037f4bd50f00b,3213,kaggle_3m/TCGA_FG_8189_20030516/TCGA_FG_8189_20030516_28_mask.tif,5
lgg_seg,lgg_seg,kaggle_3m/TCGA_FG_8189_20030516/TCGA_FG_8189_20030516_29.tif,TCGA_FG_8189_20030516_29,tumor,p72,train,none,2701,-1,duplicate_of:TCGA_FG_8189_20030516_28,False,23f037f4bd50f00b,3036,kaggle_3m/TCGA_FG_8189_20030516/TCGA_FG_8189_20030516_29_mask.tif,5
lgg_seg,lgg_seg,kaggle_3m/TCGA_FG_8189_20030516/TCGA_FG_8189_20030516_3.tif,TCGA_FG_8189_20030516_3,empty,p72,train,none,2681,-1,duplicate_of:TCGA_FG_8189_20030516_1,False,0bb6b91ee8f806a3,0,kaggle_3m/TCGA_FG_8189_20030516/TCGA_FG_8189_20030516_3_mask.tif,5
lgg_seg,lgg_seg,kaggle_3m/TCGA_FG_8189_20030516/TCGA_FG_8189_20030516_30.tif,TCGA_FG_8189_20030516_30,tumor,p72,train,none,2704,-1,,False,27f027d4bd50f483,2556,kaggle_3m/TCGA_FG_8189_20030516/TCGA_FG_8189_20030516_30_mask.tif,5
lgg_seg,lgg_seg,kaggle_3m/TCGA_FG_8189_20030516/TCGA_FG_8189_20030516_31.tif,TCGA_FG_8189_20030516_31,tumor,p72,train,none,2704,-1,duplicate_of:TCGA_FG_8189_20030516_30,False,27f02fd43d50f483,2309,kaggle_3m/TCGA_FG_8189_20030516/TCGA_FG_8189_20030516_31_mask.tif,5
lgg_seg,lgg_seg,kaggle_3m/TCGA_FG_8189_20030516/TCGA_FG_8189_20030516_32.tif,TCGA_FG_8189_20030516_32,tumor,p72,train,none,2704,-1,duplicate_of:TCGA_FG_8189_20030516_30,False,27f02fd43d50f483,2073,kaggle_3m/TCGA_FG_8189_20030516/TCGA_FG_8189_20030516_32_mask.tif,5
lgg_seg,lgg_seg,kaggle_3m/TCGA_FG_8189_20030516/TCGA_FG_8189_20030516_33.tif,TCGA_FG_8189_20030516_33,tumor,p72,train,none,2707,-1,,False,2cf02ff4bd50d483,1436,kaggle_3m/TCGA_FG_8189_20030516/TCGA_FG_8189_20030516_33_mask.tif,5
lgg_seg,lgg_seg,kaggle_3m/TCGA_FG_8189_20030516/TCGA_FG_8189_20030516_34.tif,TCGA_FG_8189_20030516_34,tumor,p72,train,none,2708,-1,,False,0cf02df6af50f483,1868,kaggle_3m/TCGA_FG_8189_20030516/TCGA_FG_8189_20030516_34_mask.tif,5
lgg_seg,lgg_seg,kaggle_3m/TCGA_FG_8189_20030516/TCGA_FG_8189_20030516_35.tif,TCGA_FG_8189_20030516_35,tumor,p72,train,none,2708,-1,duplicate_of:TCGA_FG_8189_20030516_34,False,0cf02df4afd4f403,733,kaggle_3m/TCGA_FG_8189_20030516/TCGA_FG_8189_20030516_35_mask.tif,5
lgg_seg,lgg_seg,kaggle_3m/TCGA_FG_8189_20030516/TCGA_FG_8189_20030516_36.tif,TCGA_FG_8189_20030516_36,tumor,p72,train,none,2708,-1,duplicate_of:TCGA_FG_8189_20030516_34,False,4cf00df4afd4f403,157,kaggle_3m/TCGA_FG_8189_20030516/TCGA_FG_8189_20030516_36_mask.tif,5
lgg_seg,lgg_seg,kaggle_3m/TCGA_FG_8189_20030516/TCGA_FG_8189_20030516_37.tif,TCGA_FG_8189_20030516_37,empty,p72,train,none,2711,-1,,False,4cbc2df4add4d403,0,kaggle_3m/TCGA_FG_8189_20030516/TCGA_FG_8189_20030516_37_mask.tif,5
lgg_seg,lgg_seg,kaggle_3m/TCGA_FG_8189_20030516/TCGA_FG_8189_20030516_38.tif,TCGA_FG_8189_20030516_38,empty,p72,train,none,2711,-1,duplicate_of:TCGA_FG_8189_20030516_37,False,4cbc2df4add4d403,0,kaggle_3m/TCGA_FG_8189_20030516/TCGA_FG_8189_20030516_38_mask.tif,5
lgg_seg,lgg_seg,kaggle_3m/TCGA_FG_8189_20030516/TCGA_FG_8189_20030516_39.tif,TCGA_FG_8189_20030516_39,empty,p72,train,none,2711,-1,duplicate_of:TCGA_FG_8189_20030516_37,False,4c3c2df4adf4d403,0,kaggle_3m/TCGA_FG_8189_20030516/TCGA_FG_8189_20030516_39_mask.tif,5
lgg_seg,lgg_seg,kaggle_3m/TCGA_FG_8189_20030516/TCGA_FG_8189_20030516_4.tif,TCGA_FG_8189_20030516_4,empty,p72,train,none,2714,-1,,False,8736b91e68f886a3,0,kaggle_3m/TCGA_FG_8189_20030516/TCGA_FG_8189_20030516_4_mask.tif,5
lgg_seg,lgg_seg,kaggle_3m/TCGA_FG_8189_20030516/TCGA_FG_8189_20030516_40.tif,TCGA_FG_8189_20030516_40,empty,p72,train,none,2711,-1,duplicate_of:TCGA_FG_8189_20030516_37,False,4e3c2df4add4d403,0,kaggle_3m/TCGA_FG_8189_20030516/TCGA_FG_8189_20030516_40_mask.tif,5
lgg_seg,lgg_seg,kaggle_3m/TCGA_FG_8189_20030516/TCGA_FG_8189_20030516_41.tif,TCGA_FG_8189_20030516_41,empty,p72,train,none,2716,-1,,False,4f3c0db42df4f403,0,kaggle_3m/TCGA_FG_8189_20030516/TCGA_FG_8189_20030516_41_mask.tif,5
lgg_seg,lgg_seg,kaggle_3m/TCGA_FG_8189_20030516/TCGA_FG_8189_20030516_42.tif,TCGA_FG_8189_20030516_42,empty,p72,train,none,2716,-1,duplicate_of:TCGA_FG_8189_20030516_41,False,4d3c0dbc2df4f403,0,kaggle_3m/TCGA_FG_8189_20030516/TCGA_FG_8189_20030516_42_mask.tif,5
lgg_seg,lgg_seg,kaggle_3m/TCGA_FG_8189_20030516/TCGA_FG_8189_20030516_43.tif,TCGA_FG_8189_20030516_43,empty,p72,train,none,2718,-1,,False,cb3c49bc2df4d403,0,kaggle_3m/TCGA_FG_8189_20030516/TCGA_FG_8189_20030516_43_mask.tif,5
lgg_seg,lgg_seg,kaggle_3m/TCGA_FG_8189_20030516/TCGA_FG_8189_20030516_44.tif,TCGA_FG_8189_20030516_44,empty,p72,train,none,28,-1,,False,c32c4f3c2df4f403,0,kaggle_3m/TCGA_FG_8189_20030516/TCGA_FG_8189_20030516_44_mask.tif,5
lgg_seg,lgg_seg,kaggle_3m/TCGA_FG_8189_20030516/TCGA_FG_8189_20030516_45.tif,TCGA_FG_8189_20030516_45,empty,p72,train,none,28,-1,duplicate_of:TCGA_FG_8189_20030516_44,False,c30c4f3c2df4f443,0,kaggle_3m/TCGA_FG_8189_20030516/TCGA_FG_8189_20030516_45_mask.tif,5
lgg_seg,lgg_seg,kaggle_3m/TCGA_FG_8189_20030516/TCGA_FG_8189_20030516_46.tif,TCGA_FG_8189_20030516_46,empty,p72,train,none,28,-1,duplicate_of:TCGA_FG_8189_20030516_44,False,d30ccb3c2df4b443,0,kaggle_3m/TCGA_FG_8189_20030516/TCGA_FG_8189_20030516_46_mask.tif,5
lgg_seg,lgg_seg,kaggle_3m/TCGA_FG_8189_20030516/TCGA_FG_8189_20030516_47.tif,TCGA_FG_8189_20030516_47,empty,p72,train,none,2722,-1,,False,f30ecb2c0fb4b443,0,kaggle_3m/TCGA_FG_8189_20030516/TCGA_FG_8189_20030516_47_mask.tif,5
lgg_seg,lgg_seg,kaggle_3m/TCGA_FG_8189_20030516/TCGA_FG_8189_20030516_48.tif,TCGA_FG_8189_20030516_48,empty,p72,train,none,272,-1,,False,b3ced30c4f3434c3,0,kaggle_3m/TCGA_FG_8189_20030516/TCGA_FG_8189_20030516_48_mask.tif,5
lgg_seg,lgg_seg,kaggle_3m/TCGA_FG_8189_20030516/TCGA_FG_8189_20030516_49.tif,TCGA_FG_8189_20030516_49,empty,p72,train,none,10,-1,duplicate_of:TCGA_CS_4941_19960909_19,False,33c3d3ccc93c34c3,0,kaggle_3m/TCGA_FG_8189_20030516/TCGA_FG_8189_20030516_49_mask.tif,5
lgg_seg,lgg_seg,kaggle_3m/TCGA_FG_8189_20030516/TCGA_FG_8189_20030516_5.tif,TCGA_FG_8189_20030516_5,empty,p72,train,none,2714,-1,duplicate_of:TCGA_FG_8189_20030516_4,False,a636bd1e68f88623,0,kaggle_3m/TCGA_FG_8189_20030516/TCGA_FG_8189_20030516_5_mask.tif,5
lgg_seg,lgg_seg,kaggle_3m/TCGA_FG_8189_20030516/TCGA_FG_8189_20030516_50.tif,TCGA_FG_8189_20030516_50,empty,p72,train,none,1142,-1,duplicate_of:TCGA_DU_7008_19830723_45,False,347333ccc93c34d3,0,kaggle_3m/TCGA_FG_8189_20030516/TCGA_FG_8189_20030516_50_mask.tif,5
lgg_seg,lgg_seg,kaggle_3m/TCGA_FG_8189_20030516/TCGA_FG_8189_20030516_51.tif,TCGA_FG_8189_20030516_51,empty,p72,train,none,975,-1,duplicate_of:TCGA_DU_6405_19851005_51,False,cc3333c3db0c2cb3,0,kaggle_3m/TCGA_FG_8189_20030516/TCGA_FG_8189_20030516_51_mask.tif,5
lgg_seg,lgg_seg,kaggle_3m/TCGA_FG_8189_20030516/TCGA_FG_8189_20030516_52.tif,TCGA_FG_8189_20030516_52,empty,p72,train,none,2190,-1,duplicate_of:TCGA_DU_A5TW_19980228_29,False,cc332c33b3cccc33,0,kaggle_3m/TCGA_FG_8189_20030516/TCGA_FG_8189_20030516_52_mask.tif,5
lgg_seg,lgg_seg,kaggle_3m/TCGA_FG_8189_20030516/TCGA_FG_8189_20030516_53.tif,TCGA_FG_8189_20030516_53,empty,p72,train,none,979,-1,duplicate_of:TCGA_DU_6405_19851005_55,False,b1b1cc3333cccc33,0,kaggle_3m/TCGA_FG_8189_20030516/TCGA_FG_8189_20030516_53_mask.tif,5
lgg_seg,lgg_seg,kaggle_3m/TCGA_FG_8189_20030516/TCGA_FG_8189_20030516_54.tif,TCGA_FG_8189_20030516_54,empty,p72,train,none,2730,-1,,False,924879ba7d548f3e,0,kaggle_3m/TCGA_FG_8189_20030516/TCGA_FG_8189_20030516_54_mask.tif,5
lgg_seg,lgg_seg,kaggle_3m/TCGA_FG_8189_20030516/TCGA_FG_8189_20030516_55.tif,TCGA_FG_8189_20030516_55,empty,p72,train,none,2731,-1,,False,72c744afe5755292,0,kaggle_3m/TCGA_FG_8189_20030516/TCGA_FG_8189_20030516_55_mask.tif,5
lgg_seg,lgg_seg,kaggle_3m/TCGA_FG_8189_20030516/TCGA_FG_8189_20030516_56.tif,TCGA_FG_8189_20030516_56,empty,p72,train,none,2732,-1,,False,296eeb4d7dbe4dec,0,kaggle_3m/TCGA_FG_8189_20030516/TCGA_FG_8189_20030516_56_mask.tif,5
lgg_seg,lgg_seg,kaggle_3m/TCGA_FG_8189_20030516/TCGA_FG_8189_20030516_57.tif,TCGA_FG_8189_20030516_57,empty,p72,train,none,2733,-1,,False,02d332d4ffeb43f4,0,kaggle_3m/TCGA_FG_8189_20030516/TCGA_FG_8189_20030516_57_mask.tif,5
lgg_seg,lgg_seg,kaggle_3m/TCGA_FG_8189_20030516/TCGA_FG_8189_20030516_58.tif,TCGA_FG_8189_20030516_58,empty,p72,train,none,2734,-1,,False,5805bf177b6817a6,0,kaggle_3m/TCGA_FG_8189_20030516/TCGA_FG_8189_20030516_58_mask.tif,5
lgg_seg,lgg_seg,kaggle_3m/TCGA_FG_8189_20030516/TCGA_FG_8189_20030516_59.tif,TCGA_FG_8189_20030516_59,empty,p72,train,none,2735,-1,,False,4727202947561736,0,kaggle_3m/TCGA_FG_8189_20030516/TCGA_FG_8189_20030516_59_mask.tif,5
lgg_seg,lgg_seg,kaggle_3m/TCGA_FG_8189_20030516/TCGA_FG_8189_20030516_6.tif,TCGA_FG_8189_20030516_6,empty,p72,train,none,2736,-1,,False,e636bc7c4ad80e23,0,kaggle_3m/TCGA_FG_8189_20030516/TCGA_FG_8189_20030516_6_mask.tif,5
lgg_seg,lgg_seg,kaggle_3m/TCGA_FG_8189_20030516/TCGA_FG_8189_20030516_60.tif,TCGA_FG_8189_20030516_60,empty,p72,train,none,2737,-1,,False,fa81da0d3da53c5a,0,kaggle_3m/TCGA_FG_8189_20030516/TCGA_FG_8189_20030516_60_mask.tif,5
lgg_seg,lgg_seg,kaggle_3m/TCGA_FG_8189_20030516/TCGA_FG_8189_20030516_7.tif,TCGA_FG_8189_20030516_7,empty,p72,train,none,2738,-1,,False,e636bc74e4d80e0b,0,kaggle_3m/TCGA_FG_8189_20030516/TCGA_FG_8189_20030516_7_mask.tif,5
lgg_seg,lgg_seg,kaggle_3m/TCGA_FG_8189_20030516/TCGA_FG_8189_20030516_8.tif,TCGA_FG_8189_20030516_8,empty,p72,train,none,2739,-1,,False,d0b6bcf0e4f00e2b,0,kaggle_3m/TCGA_FG_8189_20030516/TCGA_FG_8189_20030516_8_mask.tif,5
lgg_seg,lgg_seg,kaggle_3m/TCGA_FG_8189_20030516/TCGA_FG_8189_20030516_9.tif,TCGA_FG_8189_20030516_9,empty,p72,train,none,2740,-1,,False,e136aef2ccd20e29,0,kaggle_3m/TCGA_FG_8189_20030516/TCGA_FG_8189_20030516_9_mask.tif,5
lgg_seg,lgg_seg,kaggle_3m/TCGA_FG_A4MT_20020212/TCGA_FG_A4MT_20020212_1.tif,TCGA_FG_A4MT_20020212_1,empty,p73,train,none,2741,-1,,False,0f9c0ebc7c72b483,0,kaggle_3m/TCGA_FG_A4MT_20020212/TCGA_FG_A4MT_20020212_1_mask.tif,3
lgg_seg,lgg_seg,kaggle_3m/TCGA_FG_A4MT_20020212/TCGA_FG_A4MT_20020212_10.tif,TCGA_FG_A4MT_20020212_10,tumor,p73,train,none,2742,-1,,False,3bb60f2cb6d2ac09,1985,kaggle_3m/TCGA_FG_A4MT_20020212/TCGA_FG_A4MT_20020212_10_mask.tif,3
lgg_seg,lgg_seg,kaggle_3m/TCGA_FG_A4MT_20020212/TCGA_FG_A4MT_20020212_11.tif,TCGA_FG_A4MT_20020212_11,tumor,p73,train,none,2742,-1,duplicate_of:TCGA_FG_A4MT_20020212_10,False,3b360f2cb6d23c89,2356,kaggle_3m/TCGA_FG_A4MT_20020212/TCGA_FG_A4MT_20020212_11_mask.tif,3
lgg_seg,lgg_seg,kaggle_3m/TCGA_FG_A4MT_20020212/TCGA_FG_A4MT_20020212_12.tif,TCGA_FG_A4MT_20020212_12,tumor,p73,train,none,2744,-1,,False,395607acb6de3c09,2904,kaggle_3m/TCGA_FG_A4MT_20020212/TCGA_FG_A4MT_20020212_12_mask.tif,3
lgg_seg,lgg_seg,kaggle_3m/TCGA_FG_A4MT_20020212/TCGA_FG_A4MT_20020212_13.tif,TCGA_FG_A4MT_20020212_13,tumor,p73,train,none,2745,-1,,False,2976078cb2de3cc9,3331,kaggle_3m/TCGA_FG_A4MT_20020212/TCGA_FG_A4MT_20020212_13_mask.tif,3
lgg_seg,lgg_seg,kaggle_3m/TCGA_FG_A4MT_20020212/TCGA_FG_A4MT_20020212_14.tif,TCGA_FG_A4MT_20020212_14,tumor,p73,train,none,2746,-1,,False,2966858eb0de3ec9,3376,kaggle_3m/TCGA_FG_A4MT_20020212/TCGA_FG_A4MT_20020212_14_mask.tif,3
lgg_seg,lgg_seg,kaggle_3m/TCGA_FG_A4MT_20020212/TCGA_FG_A4MT_20020212_15.tif,TCGA_FG_A4MT_20020212_15,tumor,p73,train,none,2747,-1,,False,8936959ed4767c09,3662,kaggle_3m/TCGA_FG_A4MT_20020212/TCGA_FG_A4MT_20020212_15_mask.tif,3
lgg_seg,lgg_seg,kaggle_3m/TCGA_FG_A4MT_20020212/TCGA_FG_A4MT_20020212_16.tif,TCGA_FG_A4MT_20020212_16,tumor,p73,train,none,2748,-1,,False,8d36969c4c767c29,3886,kaggle_3m/TCGA_FG_A4MT_20020212/TCGA_FG_A4MT_20020212_16_mask.tif,3
lgg_seg,lgg_seg,kaggle_3m/TCGA_FG_A4MT_20020212/TCGA_FG_A4MT_20020212_17.tif,TCGA_FG_A4MT_20020212_17,tumor,p73,train,none,2749,-1,,False,9d361e9c0c767c89,3557,kaggle_3m/TCGA_FG_A4MT_20020212/TCGA_FG_A4MT_20020212_17_mask.tif,3
lgg_seg,lgg_seg,kaggle_3m/TCGA_FG_A4MT_20020212/TCGA_FG_A4MT_20020212_18.tif,TCGA_FG_A4MT_20020212_18,tumor,p73,train,none,2750,-1,,False,893c0fd60c767ca9,3547,kaggle_3m/TCGA_FG_A4MT_20020212/TCGA_FG_A4MT_20020212_18_mask.tif,3
lgg_seg,lgg_seg,kaggle_3m/TCGA_FG_A4MT_20020212/TCGA_FG_A4MT_20020212_19.tif,TCGA_FG_A4MT_20020212_19,tumor,p73,train,none,2750,-1,duplicate_of:TCGA_FG_A4MT_20020212_18,False,895c0ed68c767ca9,3367,kaggle_3m/TCGA_FG_A4MT_20020212/TCGA_FG_A4MT_20020212_19_mask.tif,3
lgg_seg,lgg_seg,kaggle_3m/TCGA_FG_A4MT_20020212/TCGA_FG_A4MT_20020212_2.tif,TCGA_FG_A4MT_20020212_2,empty,p73,train,none,2752,-1,,False,0ebc065cfe52bc83,0,kaggle_3m/TCGA_FG_A4MT_20020212/TCGA_FG_A4MT_20020212_2_mask.tif,3
lgg_seg,lgg_seg,kaggle_3m/TCGA_FG_A4MT_20020212/TCGA_FG_A4MT_20020212_20.tif,TCGA_FG_A4MT_20020212_20,tumor,p73,train,none,2750,-1,duplicate_of:TCGA_FG_A4MT_20020212_18,False,8b7c0e968c567ca9,3436,kaggle_3m/TCGA_FG_A4MT_20020212/TCGA_FG_A4MT_20020212_20_mask.tif,3
lgg_seg,lgg_seg,kaggle_3m/TCGA_FG_A4MT_20020212/TCGA_FG_A4MT_20020212_21.tif,TCGA_FG_A4MT_20020212_21,tumor,p73,train,none,2754,-1,,False,8bf40ede8c567429,3279,kaggle_3m/TCGA_FG_A4MT_20020212/TCGA_FG_A4MT_20020212_21_mask.tif,3
lgg_seg,lgg_seg,kaggle_3m/TCGA_FG_A4MT_20020212/TCGA_FG_A4MT_20020212_22.tif,TCGA_FG_A4MT_20020212_22,tumor,p73,train,none,2754,-1,duplicate_of:TCGA_FG_A4MT_20020212_21,False,8b762e5e8c567429,2929,kaggle_3m/TCGA_FG_A4MT_20020212/TCGA_FG_A4MT_20020212_22_mask.tif,3
lgg_seg,lgg_seg,kaggle_3m/TCGA_FG_A4MT_20020212/TCGA_FG_A4MT_20020212_23.tif,TCGA_FG_A4MT_20020212_23,tumor,p73,train,none,2756,-1,,False,2b96a65c8cd67c29,2403,kaggle_3m/TCGA_FG_A4MT_20020212/TCGA_FG_A4MT_20020212_23_mask.tif,3
lgg_seg,lgg_seg,kaggle_3m/TCGA_FG_A4MT_20020212/TCGA_FG_A4MT_20020212_24.tif,TCGA_FG_A4MT_20020212_24,tumor,p73,train,none,2757,-1,,False,2996867c2cd67ca9,1471,kaggle_3m/TCGA_FG_A4MT_20020212/TCGA_FG_A4MT_20020212_24_mask.tif,3
lgg_seg,lgg_seg,kaggle_3m/TCGA_FG_A4MT_20020212/TCGA_FG_A4MT_20020212_25.tif,TCGA_FG_A4MT_20020212_25,tumor,p73,train,none,2758,-1,,False,21968f56ac567ca9,387,kaggle_3m/TCGA_FG_A4MT_20020212/TCGA_FG_A4MT_20020212_25_mask.tif,3
lgg_seg,lgg_seg,kaggle_3m/TCGA_FG_A4MT_20020212/TCGA_FG_A4MT_20020212_26.tif,TCGA_FG_A4MT_20020212_26,empty,p73,train,none,2759,-1,,False,23d68dd68c567c89,0,kaggle_3m/TCGA_FG_A4MT_20020212/TCGA_FG_A4MT_20020212_26_mask.tif,3
lgg_seg,lgg_seg,kaggle_3m/TCGA_FG_A4MT_20020212/TCGA_FG_A4MT_20020212_27.tif,TCGA_FG_A4MT_20020212_27,empty,p73,train,none,2759,-1,duplicate_of:TCGA_FG_A4MT_20020212_26,False,23dc2dd68c567c89,0,kaggle_3m/TCGA_FG_A4MT_20020212/TCGA_FG_A4MT_20020212_27_mask.tif,3
lgg_seg,lgg_seg,kaggle_3m/TCGA_FG_A4MT_20020212/TCGA_FG_A4MT_20020212_28.tif,TCGA_FG_A4MT_20020212_28,empty,p73,train,none,2761,-1,,False,239c27ce8c7674c9,0,kaggle_3m/TCGA_FG_A4MT_20020212/TCGA_FG_A4MT_20020212_28_mask.tif,3
lgg_seg,lgg_seg,kaggle_3m/TCGA_FG_A4MT_20020212/TCGA_FG_A4MT_20020212_29.tif,TCGA_FG_A4MT_20020212_29,empty,p73,train,none,2762,-1,,False,89f623c68c7674c9,0,kaggle_3m/TCGA_FG_A4MT_20020212/TCGA_FG_A4MT_20020212_29_mask.tif,3
lgg_seg,lgg_seg,kaggle_3m/TCGA_FG_A4MT_20020212/TCGA_FG_A4MT_20020212_3.tif,TCGA_FG_A4MT_20020212_3,empty,p73,train,none,2763,-1,,False,8e3c0cf45cdab683,0,kaggle_3m/TCGA_FG_A4MT_20020212/TCGA_FG_A4MT_20020212_3_mask.tif,3
lgg_seg,lgg_seg,kaggle_3m/TCGA_FG_A4MT_20020212/TCGA_FG_A4MT_20020212_30.tif,TCGA_FG_A4MT_20020212_30,empty,p73,train,none,2762,-1,duplicate_of:TCGA_FG_A4MT_20020212_29,False,c97621c68c767cc9,0,kaggle_3m/TCGA_FG_A4MT_20020212/TCGA_FG_A4MT_20020212_30_mask.tif,3
lgg_seg,lgg_seg,kaggle_3m/TCGA_FG_A4MT_20020212/TCGA_FG_A4MT_20020212_31.tif,TCGA_FG_A4MT_20020212_31,empty,p73,train,none,2762,-1,duplicate_of:TCGA_FG_A4MT_20020212_29,False,cd5621c68c7674e9,0,kaggle_3m/TCGA_FG_A4MT_20020212/TCGA_FG_A4MT_20020212_31_mask.tif,3
lgg_seg,lgg_seg,kaggle_3m/TCGA_FG_A4MT_20020212/TCGA_FG_A4MT_20020212_32.tif,TCGA_FG_A4MT_20020212_32,empty,p73,train,none,2766,-1,,False,89542dd68d5676a9,0,kaggle_3m/TCGA_FG_A4MT_20020212/TCGA_FG_A4MT_20020212_32_mask.tif,3
lgg_seg,lgg_seg,kaggle_3m/TCGA_FG_A4MT_20020212/TCGA_FG_A4MT_20020212_33.tif,TCGA_FG_A4MT_20020212_33,empty,p73,train,none,2766,-1,duplicate_of:TCGA_FG_A4MT_20020212_32,False,81162dd68d5e76a9,0,kaggle_3m/TCGA_FG_A4MT_20020212/TCGA_FG_A4MT_20020212_33_mask.tif,3
lgg_seg,lgg_seg,kaggle_3m/TCGA_FG_A4MT_20020212/TCGA_FG_A4MT_20020212_34.tif,TCGA_FG_A4MT_20020212_34,empty,p73,train,none,2768,-1,,False,83162976ad5e56a9,0,kaggle_3m/TCGA_FG_A4MT_20020212/TCGA_FG_A4MT_20020212_34_mask.tif,3
lgg_seg,lgg_seg,kaggle_3m/TCGA_FG_A4MT_20020212/TCGA_FG_A4MT_20020212_35.tif,TCGA_FG_A4MT_20020212_35,empty,p73,train,none,2769,-1,,False,8396297cad56d689,0,kaggle_3m/TCGA_FG_A4MT_20020212/TCGA_FG_A4MT_20020212_35_mask.tif,3
lgg_seg,lgg_seg,kaggle_3m/TCGA_FG_A4MT_20020212/TCGA_FG_A4MT_20020212_36.tif,TCGA_FG_A4MT_20020212_36,empty,p73,train,none,2770,-1,,False,47b6297c2d56d609,0,kaggle_3m/TCGA_FG_A4MT_20020212/TCGA_FG_A4MT_20020212_36_mask.tif,3
lgg_seg,lgg_seg,kaggle_3m/TCGA_FG_A4MT_20020212/TCGA_FG_A4MT_20020212_37.tif,TCGA_FG_A4MT_20020212_37,empty,p73,train,none,2771,-1,,False,65b40bf40f56f429,0,kaggle_3m/TCGA_FG_A4MT_20020212/TCGA_FG_A4MT_20020212_37_mask.tif,3
lgg_seg,lgg_seg,kaggle_3m/TCGA_FG_A4MT_20020212/TCGA_FG_A4MT_20020212_38.tif,TCGA_FG_A4MT_20020212_38,empty,p73,train,none,2772,-1,,False,6db403d60f56b469,0,kaggle_3m/TCGA_FG_A4MT_20020212/TCGA_FG_A4MT_20020212_38_mask.tif,3
lgg_seg,lgg_seg,kaggle_3m/TCGA_FG_A4MT_20020212/TCGA_FG_A4MT_20020212_39.tif,TCGA_FG_A4MT_20020212_39,empty,p73,train,none,2773,-1,,False,65bc83b60dd69469,0,kaggle_3m/TCGA_FG_A4MT_20020212/TCGA_FG_A4MT_20020212_39_mask.tif,3
lgg_seg,lgg_seg,kaggle_3m/TCGA_FG_A4MT_20020212/TCGA_FG_A4MT_20020212_4.tif,TCGA_FG_A4MT_20020212_4,empty,p73,train,none,2774,-1,,False,8c3e0d7c5adab483,0,kaggle_3m/TCGA_FG_A4MT_20020212/TCGA_FG_A4MT_20020212_4_mask.tif,3
lgg_seg,lgg_seg,kaggle_3m/TCGA_FG_A4MT_20020212/TCGA_FG_A4MT_20020212_40.tif,TCGA_FG_A4MT_20020212_40,empty,p73,train,none,2775,-1,,False,691ee3b40dd6b449,0,kaggle_3m/TCGA_FG_A4MT_20020212/TCGA_FG_A4MT_20020212_40_mask.tif,3
lgg_seg,lgg_seg,kaggle_3m/TCGA_FG_A4MT_20020212/TCGA_FG_A4MT_20020212_41.tif,TCGA_FG_A4MT_20020212_41,empty,p73,train,none,2775,-1,duplicate_of:TCGA_FG_A4MT_20020212_40,False,6996e3340fd6b449,0,kaggle_3m/TCGA_FG_A4MT_20020212/TCGA_FG_A4MT_20020212_41_mask.tif,3
lgg_seg,lgg_seg,kaggle_3m/TCGA_FG_A4MT_20020212/TCGA_FG_A4MT_20020212_42.tif,TCGA_FG_A4MT_20020212_42,empty,p73,train,none,2777,-1,,False,631ee33c89f63449,0,kaggle_3m/TCGA_FG_A4MT_20020212/TCGA_FG_A4MT_20020212_42_mask.tif,3
lgg_seg,lgg_seg,kaggle_3m/TCGA_FG_A4MT_20020212/TCGA_FG_A4MT_20020212_43.tif,TCGA_FG_A4MT_20020212_43,empty,p73,train,none,2778,-1,,False,531ce11e89f61ee1,0,kaggle_3m/TCGA_FG_A4MT_20020212/TCGA_FG_A4MT_20020212_43_mask.tif,3
lgg_seg,lgg_seg,kaggle_3m/TCGA_FG_A4MT_20020212/TCGA_FG_A4MT_20020212_44.tif,TCGA_FG_A4MT_20020212_44,empty,p73,train,none,2779,-1,,False,531ce15689b616f9,0,kaggle_3m/TCGA_FG_A4MT_20020212/TCGA_FG_A4MT_20020212_44_mask.tif,3
lgg_seg,lgg_seg,kaggle_3m/TCGA_FG_A4MT_20020212/TCGA_FG_A4MT_20020212_45.tif,TCGA_FG_A4MT_20020212_45,empty,p73,train,none,2780,-1,,False,339e614ec9363659,0,kaggle_3m/TCGA_FG_A4MT_20020212/TCGA_FG_A4MT_20020212_45_mask.tif,3
lgg_seg,lgg_seg,kaggle_3m/TCGA_FG_A4MT_20020212/TCGA_FG_A4MT_20020212_46.tif,TCGA_FG_A4MT_20020212_46,empty,p73,train,none,2781,-1,,False,3996738cc9363659,0,kaggle_3m/TCGA_FG_A4MT_20020212/TCGA_FG_A4MT_20020212_46_mask.tif,3
lgg_seg,lgg_seg,kaggle_3m/TCGA_FG_A4MT_20020212/TCGA_FG_A4MT_20020212_47.tif,TCGA_FG_A4MT_20020212_47,empty,p73,train,none,2782,-1,,False,3886739ec92626db,0,kaggle_3m/TCGA_FG_A4MT_20020212/TCGA_FG_A4MT_20020212_47_mask.tif,3
lgg_seg,lgg_seg,kaggle_3m/TCGA_FG_A4MT_20020212/TCGA_FG_A4MT_20020212_48.tif,TCGA_FG_A4MT_20020212_48,empty,p73,train,none,2783,-1,,False,0cec339ec92e24f3,0,kaggle_3m/TCGA_FG_A4MT_20020212/TCGA_FG_A4MT_20020212_48_mask.tif,3
lgg_seg,lgg_seg,kaggle_3m/TCGA_FG_A4MT_20020212/TCGA_FG_A4MT_20020212_49.tif,TCGA_FG_A4MT_20020212_49,empty,p73,train,none,2784,-1,,False,cc4c3336c98e2cf3,0,kaggle_3m/TCGA_FG_A4MT_20020212/TCGA_FG_A4MT_20020212_49_mask.tif,3
lgg_seg,lgg_seg,kaggle_3m/TCGA_FG_A4MT_20020212/TCGA_FG_A4MT_20020212_5.tif,TCGA_FG_A4MT_20020212_5,empty,p73,train,none,2785,-1,,False,cc3e0f34785abc83,0,kaggle_3m/TCGA_FG_A4MT_20020212/TCGA_FG_A4MT_20020212_5_mask.tif,3
lgg_seg,lgg_seg,kaggle_3m/TCGA_FG_A4MT_20020212/TCGA_FG_A4MT_20020212_50.tif,TCGA_FG_A4MT_20020212_50,empty,p73,train,none,2786,-1,,False,cecc3626d9cc64b1,0,kaggle_3m/TCGA_FG_A4MT_20020212/TCGA_FG_A4MT_20020212_50_mask.tif,3
lgg_seg,lgg_seg,kaggle_3m/TCGA_FG_A4MT_20020212/TCGA_FG_A4MT_20020212_6.tif,TCGA_FG_A4MT_20020212_6,empty,p73,train,none,2787,-1,,False,8c362d347adabc83,0,kaggle_3m/TCGA_FG_A4MT_20020212/TCGA_FG_A4MT_20020212_6_mask.tif,3
lgg_seg,lgg_seg,kaggle_3m/TCGA_FG_A4MT_20020212/TCGA_FG_A4MT_20020212_7.tif,TCGA_FG_A4MT_20020212_7,tumor,p73,train,none,2788,-1,,False,8d2627bcda5abc81,164,kaggle_3m/TCGA_FG_A4MT_20020212/TCGA_FG_A4MT_20020212_7_mask.tif,3
lgg_seg,lgg_seg,kaggle_3m/TCGA_FG_A4MT_20020212/TCGA_FG_A4MT_20020212_8.tif,TCGA_FG_A4MT_20020212_8,tumor,p73,train,none,2789,-1,,False,27a68f3cb2d29c89,961,kaggle_3m/TCGA_FG_A4MT_20020212/TCGA_FG_A4MT_20020212_8_mask.tif,3
lgg_seg,lgg_seg,kaggle_3m/TCGA_FG_A4MT_20020212/TCGA_FG_A4MT_20020212_9.tif,TCGA_FG_A4MT_20020212_9,tumor,p73,train,none,2790,-1,,False,0fb60f2cb2d2bc0b,1388,kaggle_3m/TCGA_FG_A4MT_20020212/TCGA_FG_A4MT_20020212_9_mask.tif,3
lgg_seg,lgg_seg,kaggle_3m/TCGA_FG_A4MU_20030903/TCGA_FG_A4MU_20030903_1.tif,TCGA_FG_A4MU_20030903_1,empty,p74,train,none,2791,-1,,False,33f39dc35842b42b,0,kaggle_3m/TCGA_FG_A4MU_20030903/TCGA_FG_A4MU_20030903_1_mask.tif,7
lgg_seg,lgg_seg,kaggle_3m/TCGA_FG_A4MU_20030903/TCGA_FG_A4MU_20030903_10.tif,TCGA_FG_A4MU_20030903_10,tumor,p74,train,none,2792,-1,,False,3ebcf446d242c98b,821,kaggle_3m/TCGA_FG_A4MU_20030903/TCGA_FG_A4MU_20030903_10_mask.tif,7
lgg_seg,lgg_seg,kaggle_3m/TCGA_FG_A4MU_20030903/TCGA_FG_A4MU_20030903_11.tif,TCGA_FG_A4MU_20030903_11,tumor,p74,train,none,2793,-1,,False,36e4f6c25248e9ab,2391,kaggle_3m/TCGA_FG_A4MU_20030903/TCGA_FG_A4MU_20030903_11_mask.tif,7
lgg_seg,lgg_seg,kaggle_3m/TCGA_FG_A4MU_20030903/TCGA_FG_A4MU_20030903_12.tif,TCGA_FG_A4MU_20030903_12,tumor,p74,train,none,2794,-1,,False,b4d8dfd25a4828ab,3928,kaggle_3m/TCGA_FG_A4MU_20030903/TCGA_FG_A4MU_20030903_12_mask.tif,7
lgg_seg,lgg_seg,kaggle_3m/TCGA_FG_A4MU_20030903/TCGA_FG_A4MU_20030903_13.tif,TCGA_FG_A4MU_20030903_13,tumor,p74,train,none,2795,-1,,False,b658df52464878ab,5257,kaggle_3m/TCGA_FG_A4MU_20030903/TCGA_FG_A4MU_20030903_13_mask.tif,7
lgg_seg,lgg_seg,kaggle_3m/TCGA_FG_A4MU_20030903/TCGA_FG_A4MU_20030903_14.tif,TCGA_FG_A4MU_20030903_14,tumor,p74,train,none,2796,-1,,False,b19cdf52564078ab,7249,kaggle_3m/TCGA_FG_A4MU_20030903/TCGA_FG_A4MU_20030903_14_mask.tif,7
lgg_seg,lgg_seg,kaggle_3m/TCGA_FG_A4MU_20030903/TCGA_FG_A4MU_20030903_15.tif,TCGA_FG_A4MU_20030903_15,tumor,p74,train,none,2797,-1,,False,59b4f650f64078ab,7874,kaggle_3m/TCGA_FG_A4MU_20030903/TCGA_FG_A4MU_20030903_15_mask.tif,7
lgg_seg,lgg_seg,kaggle_3m/TCGA_FG_A4MU_20030903/TCGA_FG_A4MU_20030903_16.tif,TCGA_FG_A4MU_20030903_16,tumor,p74,train,none,2798,-1,,False,69e4b6d1f70070ab,7929,kaggle_3m/TCGA_FG_A4MU_20030903/TCGA_FG_A4MU_20030903_16_mask.tif,7
lgg_seg,lgg_seg,kaggle_3m/TCGA_FG_A4MU_20030903/TCGA_FG_A4MU_20030903_17.tif,TCGA_FG_A4MU_20030903_17,tumor,p74,train,none,2799,-1,,False,ed64b6d0f71050ab,7761,kaggle_3m/TCGA_FG_A4MU_20030903/TCGA_FG_A4MU_20030903_17_mask.tif,7
lgg_seg,lgg_seg,kaggle_3m/TCGA_FG_A4MU_20030903/TCGA_FG_A4MU_20030903_18.tif,TCGA_FG_A4MU_20030903_18,tumor,p74,train,none,2799,-1,duplicate_of:TCGA_FG_A4MU_20030903_17,False,cd64b7d0f710d0a3,7267,kaggle_3m/TCGA_FG_A4MU_20030903/TCGA_FG_A4MU_20030903_18_mask.tif,7
lgg_seg,lgg_seg,kaggle_3m/TCGA_FG_A4MU_20030903/TCGA_FG_A4MU_20030903_19.tif,TCGA_FG_A4MU_20030903_19,tumor,p74,train,none,2801,-1,,False,cd6636d0f718d063,6525,kaggle_3m/TCGA_FG_A4MU_20030903/TCGA_FG_A4MU_20030903_19_mask.tif,7
lgg_seg,lgg_seg,kaggle_3m/TCGA_FG_A4MU_20030903/TCGA_FG_A4MU_20030903_2.tif,TCGA_FG_A4MU_20030903_2,empty,p74,train,none,2802,-1,,False,18d3bdc37842f42b,0,kaggle_3m/TCGA_FG_A4MU_20030903/TCGA_FG_A4MU_20030903_2_mask.tif,7
lgg_seg,lgg_seg,kaggle_3m/TCGA_FG_A4MU_20030903/TCGA_FG_A4MU_20030903_20.tif,TCGA_FG_A4MU_20030903_20,tumor,p74,train,none,2801,-1,duplicate_of:TCGA_FG_A4MU_20030903_19,False,c966be50f718d063,6590,kaggle_3m/TCGA_FG_A4MU_20030903/TCGA_FG_A4MU_20030903_20_mask.tif,7
lgg_seg,lgg_seg,kaggle_3m/TCGA_FG_A4MU_20030903/TCGA_FG_A4MU_20030903_21.tif,TCGA_FG_A4MU_20030903_21,tumor,p74,train,none,2804,-1,,False,99f68cc4f718d063,4899,kaggle_3m/TCGA_FG_A4MU_20030903/TCGA_FG_A4MU_20030903_21_mask.tif,7
lgg_seg,lgg_seg,kaggle_3m/TCGA_FG_A4MU_20030903/TCGA_FG_A4MU_20030903_22.tif,TCGA_FG_A4MU_20030903_22,tumor,p74,train,none,2805,-1,,False,03f49d64f798d063,4449,kaggle_3m/TCGA_FG_A4MU_20030903/TCGA_FG_A4MU_20030903_22_mask.tif,7
lgg_seg,lgg_seg,kaggle_3m/TCGA_FG_A4MU_20030903/TCGA_FG_A4MU_20030903_23.tif,TCGA_FG_A4MU_20030903_23,tumor,p74,train,none,2806,-1,,False,23d4b9f4f7d05023,3677,kaggle_3m/TCGA_FG_A4MU_20030903/TCGA_FG_A4MU_20030903_23_mask.tif,7
lgg_seg,lgg_seg,kaggle_3m/TCGA_FG_A4MU_20030903/TCGA_FG_A4MU_20030903_24.tif,TCGA_FG_A4MU_20030903_24,tumor,p74,train,none,2807,-1,,False,26f0b9f4f7d05083,2804,kaggle_3m/TCGA_FG_A4MU_20030903/TCGA_FG_A4MU_20030903_24_mask.tif,7
lgg_seg,lgg_seg,kaggle_3m/TCGA_FG_A4MU_20030903/TCGA_FG_A4MU_20030903_25.tif,TCGA_FG_A4MU_20030903_25,tumor,p74,train,none,2808,-1,,False,23f03df0b7d0708b,2203,kaggle_3m/TCGA_FG_A4MU_20030903/TCGA_FG_A4MU_20030903_25_mask.tif,7
lgg_seg,lgg_seg,kaggle_3m/TCGA_FG_A4MU_20030903/TCGA_FG_A4MU_20030903_26.tif,TCGA_FG_A4MU_20030903_26,tumor,p74,train,none,2809,-1,,False,0fb42df0bfd0700b,981,kaggle_3m/TCGA_FG_A4MU_20030903/TCGA_FG_A4MU_20030903_26_mask.tif,7
lgg_seg,lgg_seg,kaggle_3m/TCGA_FG_A4MU_20030903/TCGA_FG_A4MU_20030903_27.tif,TCGA_FG_A4MU_20030903_27,empty,p74,train,none,2810,-1,,False,4d3c0db4afd0f40b,0,kaggle_3m/TCGA_FG_A4MU_20030903/TCGA_FG_A4MU_20030903_27_mask.tif,7
lgg_seg,lgg_seg,kaggle_3m/TCGA_FG_A4MU_20030903/TCGA_FG_A4MU_20030903_28.tif,TCGA_FG_A4MU_20030903_28,empty,p74,train,none,2810,-1,duplicate_of:TCGA_FG_A4MU_20030903_27,False,cc3c0db42ff0f40b,0,kaggle_3m/TCGA_FG_A4MU_20030903/TCGA_FG_A4MU_20030903_28_mask.tif,7
lgg_seg,lgg_seg,kaggle_3m/TCGA_FG_A4MU_20030903/TCGA_FG_A4MU_20030903_29.tif,TCGA_FG_A4MU_20030903_29,empty,p74,train,none,2812,-1,,False,cd2c4d3c2ff4b403,0,kaggle_3m/TCGA_FG_A4MU_20030903/TCGA_FG_A4MU_20030903_29_mask.tif,7
lgg_seg,lgg_seg,kaggle_3m/TCGA_FG_A4MU_20030903/TCGA_FG_A4MU_20030903_3.tif,TCGA_FG_A4MU_20030903_3,empty,p74,train,none,2813,-1,,False,1ed1bd51f242d42b,0,kaggle_3m/TCGA_FG_A4MU_20030903/TCGA_FG_A4MU_20030903_3_mask.tif,7
lgg_seg,lgg_seg,kaggle_3m/TCGA_FG_A4MU_20030903/TCGA_FG_A4MU_20030903_30.tif,TCGA_FG_A4MU_20030903_30,empty,p74,train,none,2814,-1,,False,c92ccb3c0ff4b443,0,kaggle_3m/TCGA_FG_A4MU_20030903/TCGA_FG_A4MU_20030903_30_mask.tif,7
lgg_seg,lgg_seg,kaggle_3m/TCGA_FG_A4MU_20030903/TCGA_FG_A4MU_20030903_31.tif,TCGA_FG_A4MU_20030903_31,empty,p74,train,none,2722,-1,duplicate_of:TCGA_FG_8189_20030516_47,False,f14ec32c0fb4b4c3,0,kaggle_3m/TCGA_FG_A4MU_20030903/TCGA_FG_A4MU_20030903_31_mask.tif,7
lgg_seg,lgg_seg,kaggle_3m/TCGA_FG_A4MU_20030903/TCGA_FG_A4MU_20030903_32.tif,TCGA_FG_A4MU_20030903_32,empty,p74,train,none,2816,-1,,False,314fd34c4b3c3cc3,0,kaggle_3m/TCGA_FG_A4MU_20030903/TCGA_FG_A4MU_20030903_32_mask.tif,7
lgg_seg,lgg_seg,kaggle_3m/TCGA_FG_A4MU_20030903/TCGA_FG_A4MU_20030903_33.tif,TCGA_FG_A4MU_20030903_33,empty,p74,train,none,2817,-1,,False,304bb3ccc33c3cd3,0,kaggle_3m/TCGA_FG_A4MU_20030903/TCGA_FG_A4MU_20030903_33_mask.tif,7
lgg_seg,lgg_seg,kaggle_3m/TCGA_FG_A4MU_20030903/TCGA_FG_A4MU_20030903_34.tif,TCGA_FG_A4MU_20030903_34,empty,p74,train,none,2818,-1,,False,cccf30cbd30c0cf3,0,kaggle_3m/TCGA_FG_A4MU_20030903/TCGA_FG_A4MU_20030903_34_mask.tif,7
lgg_seg,lgg_seg,kaggle_3m/TCGA_FG_A4MU_20030903/TCGA_FG_A4MU_20030903_35.tif,TCGA_FG_A4MU_20030903_35,empty,p74,train,none,2190,-1,duplicate_of:TCGA_DU_A5TW_19980228_29,False,ccf30c3333cccc33,0,kaggle_3m/TCGA_FG_A4MU_20030903/TCGA_FG_A4MU_20030903_35_mask.tif,7
lgg_seg,lgg_seg,kaggle_3m/TCGA_FG_A4MU_20030903/TCGA_FG_A4MU_20030903_36.tif,TCGA_FG_A4MU_20030903_36,empty,p74,train,none,979,-1,duplicate_of:TCGA_DU_6405_19851005_55,False,3333cc3333cccc33,0,kaggle_3m/TCGA_FG_A4MU_20030903/TCGA_FG_A4MU_20030903_36_mask.tif,7
lgg_seg,lgg_seg,kaggle_3m/TCGA_FG_A4MU_20030903/TCGA_FG_A4MU_20030903_4.tif,TCGA_FG_A4MU_20030903_4,empty,p74,train,none,2821,-1,,False,3cd3b330f042d9ab,0,kaggle_3m/TCGA_FG_A4MU_20030903/TCGA_FG_A4MU_20030903_4_mask.tif,7
lgg_seg,lgg_seg,kaggle_3m/TCGA_FG_A4MU_20030903/TCGA_FG_A4MU_20030903_5.tif,TCGA_FG_A4MU_20030903_5,empty,p74,train,none,2822,-1,,False,3c36b634f042d9ab,0,kaggle_3m/TCGA_FG_A4MU_20030903/TCGA_FG_A4MU_20030903_5_mask.tif,7
lgg_seg,lgg_seg,kaggle_3m/TCGA_FG_A4MU_20030903/TCGA_FG_A4MU_20030903_6.tif,TCGA_FG_A4MU_20030903_6,empty,p74,train,none,2823,-1,,False,3cb43c34d242f9ab,0,kaggle_3m/TCGA_FG_A4MU_20030903/TCGA_FG_A4MU_20030903_6_mask.tif,7
lgg_seg,lgg_seg,kaggle_3m/TCGA_FG_A4MU_20030903/TCGA_FG_A4MU_20030903_7.tif,TCGA_FG_A4MU_20030903_7,empty,p74,train,none,2824,-1,,False,3ca4bc765242b9ab,0,kaggle_3m/TCGA_FG_A4MU_20030903/TCGA_FG_A4MU_20030903_7_mask.tif,7
lgg_seg,lgg_seg,kaggle_3m/TCGA_FG_A4MU_20030903/TCGA_FG_A4MU_20030903_8.tif,TCGA_FG_A4MU_20030903_8,empty,p74,train,none,2824,-1,duplicate_of:TCGA_FG_A4MU_20030903_7,False,3cb4bc565242e9ab,0,kaggle_3m/TCGA_FG_A4MU_20030903/TCGA_FG_A4MU_20030903_8_mask.tif,7
lgg_seg,lgg_seg,kaggle_3m/TCGA_FG_A4MU_20030903/TCGA_FG_A4MU_20030903_9.tif,TCGA_FG_A4MU_20030903_9,tumor,p74,train,none,2792,-1,duplicate_of:TCGA_FG_A4MU_20030903_10,False,3eb4b456d24ac98b,790,kaggle_3m/TCGA_FG_A4MU_20030903/TCGA_FG_A4MU_20030903_9_mask.tif,7
lgg_seg,lgg_seg,kaggle_3m/TCGA_FG_A60K_20040224/TCGA_FG_A60K_20040224_1.tif,TCGA_FG_A60K_20040224_1,empty,p75,train,none,2827,-1,,False,267398ccf93c2653,0,kaggle_3m/TCGA_FG_A60K_20040224/TCGA_FG_A60K_20040224_1_mask.tif,8
lgg_seg,lgg_seg,kaggle_3m/TCGA_FG_A60K_20040224/TCGA_FG_A60K_20040224_10.tif,TCGA_FG_A60K_20040224_10,empty,p75,train,none,2828,-1,,False,b6c94926b33c4cd3,0,kaggle_3m/TCGA_FG_A60K_20040224/TCGA_FG_A60K_20040224_10_mask.tif,8
lgg_seg,lgg_seg,kaggle_3m/TCGA_FG_A60K_20040224/TCGA_FG_A60K_20040224_11.tif,TCGA_FG_A60K_20040224_11,empty,p75,train,none,2829,-1,,False,b6c96186b92cccd3,0,kaggle_3m/TCGA_FG_A60K_20040224/TCGA_FG_A60K_20040224_11_mask.tif,8
lgg_seg,lgg_seg,kaggle_3m/TCGA_FG_A60K_20040224/TCGA_FG_A60K_20040224_12.tif,TCGA_FG_A60K_20040224_12,empty,p75,train,none,2830,-1,,False,96d96386392cc6d3,0,kaggle_3m/TCGA_FG_A60K_20040224/TCGA_FG_A60K_20040224_12_mask.tif,8
lgg_seg,lgg_seg,kaggle_3m/TCGA_FG_A60K_20040224/TCGA_FG_A60K_20040224_13.tif,TCGA_FG_A60K_20040224_13,empty,p75,train,none,2830,-1,duplicate_of:TCGA_FG_A60K_20040224_12,False,9cd963863924ced3,0,kaggle_3m/TCGA_FG_A60K_20040224/TCGA_FG_A60K_20040224_13_mask.tif,8
lgg_seg,lgg_seg,kaggle_3m/TCGA_FG_A60K_20040224/TCGA_FG_A60K_20040224_14.tif,TCGA_FG_A60K_20040224_14,empty,p75,train,none,2830,-1,duplicate_of:TCGA_FG_A60K_20040224_12,False,b659c38c3124cedb,0,kaggle_3m/TCGA_FG_A60K_20040224/TCGA_FG_A60K_20040224_14_mask.tif,8
lgg_seg,lgg_seg,kaggle_3m/TCGA_FG_A60K_20040224/TCGA_FG_A60K_20040224_15.tif,TCGA_FG_A60K_20040224_15,empty,p75,train,none,2830,-1,duplicate_of:TCGA_FG_A60K_20040224_12,False,b459c38e3924c6db,0,kaggle_3m/TCGA_FG_A60K_20040224/TCGA_FG_A60K_20040224_15_mask.tif,8
lgg_seg,lgg_seg,kaggle_3m/TCGA_FG_A60K_20040224/TCGA_FG_A60K_20040224_16.tif,TCGA_FG_A60K_20040224_16,empty,p75,train,none,2830,-1,duplicate_of:TCGA_FG_A60K_20040224_12,False,b459c386392cced3,0,kaggle_3m/TCGA_FG_A60K_20040224/TCGA_FG_A60K_20040224_16_mask.tif,8
lgg_seg,lgg_seg,kaggle_3m/TCGA_FG_A60K_20040224/TCGA_FG_A60K_20040224_17.tif,TCGA_FG_A60K_20040224_17,empty,p75,train,none,2830,-1,duplicate_of:TCGA_FG_A60K_20040224_12,False,9459e3c6392cc6d3,0,kaggle_3m/TCGA_FG_A60K_20040224/TCGA_FG_A60K_20040224_17_mask.tif,8
lgg_seg,lgg_seg,kaggle_3m/TCGA_FG_A60K_20040224/TCGA_FG_A60K_20040224_18.tif,TCGA_FG_A60K_20040224_18,empty,p75,train,none,2830,-1,duplicate_of:TCGA_FG_A60K_20040224_12,False,96d9c3c63924c6d3,0,kaggle_3m/TCGA_FG_A60K_20040224/TCGA_FG_A60K_20040224_18_mask.tif,8
lgg_seg,lgg_seg,kaggle_3m/TCGA_FG_A60K_20040224/TCGA_FG_A60K_20040224_19.tif,TCGA_FG_A60K_20040224_19,empty,p75,train,none,2837,-1,,False,b6d9c926312cccd3,0,kaggle_3m/TCGA_FG_A60K_20040224/TCGA_FG_A60K_20040224_19_mask.tif,8
lgg_seg,lgg_seg,kaggle_3m/TCGA_FG_A60K_20040224/TCGA_FG_A60K_20040224_2.tif,TCGA_FG_A60K_20040224_2,empty,p75,train,none,2827,-1,duplicate_of:TCGA_FG_A60K_20040224_1,False,267399ccf13c2653,0,kaggle_3m/TCGA_FG_A60K_20040224/TCGA_FG_A60K_20040224_2_mask.tif,8
lgg_seg,lgg_seg,kaggle_3m/TCGA_FG_A60K_20040224/TCGA_FG_A60K_20040224_20.tif,TCGA_FG_A60K_20040224_20,empty,p75,train,none,2830,-1,duplicate_of:TCGA_FG_A60K_20040224_12,False,b6596326392cc6d3,0,kaggle_3m/TCGA_FG_A60K_20040224/TCGA_FG_A60K_20040224_20_mask.tif,8
lgg_seg,lgg_seg,kaggle_3m/TCGA_FG_A60K_20040224/TCGA_FG_A60K_20040224_21.tif,TCGA_FG_A60K_20040224_21,empty,p75,train,none,2830,-1,duplicate_of:TCGA_FG_A60K_20040224_12,False,963963c6392cc6d3,0,kaggle_3m/TCGA_FG_A60K_20040224/TCGA_FG_A60K_20040224_21_mask.tif,8
lgg_seg,lgg_seg,kaggle_3m/TCGA_FG_A60K_20040224/TCGA_FG_A60K_20040224_22.tif,TCGA_FG_A60K_20040224_22,empty,p75,train,none,2830,-1,duplicate_of:TCGA_FG_A60K_20040224_12,False,943873c6792cc6d3,0,kaggle_3m/TCGA_FG_A60K_20040224/TCGA_FG_A60K_20040224_22_mask.tif,8
lgg_seg,lgg_seg,kaggle_3m/TCGA_FG_A60K_20040224/TCGA_FG_A60K_20040224_23.tif,TCGA_FG_A60K_20040224_23,empty,p75,train,none,2842,-1,,False,363893ce69aca653,0,kaggle_3m/TCGA_FG_A60K_20040224/TCGA_FG_A60K_20040224_23_mask.tif,8
lgg_seg,lgg_seg,kaggle_3m/TCGA_FG_A60K_20040224/TCGA_FG_A60K_20040224_24.tif,TCGA_FG_A60K_20040224_24,empty,p75,train,none,2843,-1,,False,8e19b3cf6924a653,0,kaggle_3m/TCGA_FG_A60K_20040224/TCGA_FG_A60K_20040224_24_mask.tif,8
lgg_seg,lgg_seg,kaggle_3m/TCGA_FG_A60K_20040224/TCGA_FG_A60K_20040224_25.tif,TCGA_FG_A60K_20040224_25,empty,p75,train,none,2844,-1,,False,9e1933c6692c86db,0,kaggle_3m/TCGA_FG_A60K_20040224/TCGA_FG_A60K_20040224_25_mask.tif,8
lgg_seg,lgg_seg,kaggle_3m/TCGA_FG_A60K_20040224/TCGA_FG_A60K_20040224_26.tif,TCGA_FG_A60K_20040224_26,empty,p75,train,none,2845,-1,,False,c39933ce692c8673,0,kaggle_3m/TCGA_FG_A60K_20040224/TCGA_FG_A60K_20040224_26_mask.tif,8
lgg_seg,lgg_seg,kaggle_3m/TCGA_FG_A60K_20040224/TCGA_FG_A60K_20040224_27.tif,TCGA_FG_A60K_20040224_27,empty,p75,train,none,2846,-1,,False,c3d333cc692c86d3,0,kaggle_3m/TCGA_FG_A60K_20040224/TCGA_FG_A60K_20040224_27_mask.tif,8
lgg_seg,lgg_seg,kaggle_3m/TCGA_FG_A60K_20040224/TCGA_FG_A60K_20040224_28.tif,TCGA_FG_A60K_20040224_28,empty,p75,train,none,2847,-1,,False,e7d318cc692c86d3,0,kaggle_3m/TCGA_FG_A60K_20040224/TCGA_FG_A60K_20040224_28_mask.tif,8
lgg_seg,lgg_seg,kaggle_3m/TCGA_FG_A60K_20040224/TCGA_FG_A60K_20040224_29.tif,TCGA_FG_A60K_20040224_29,empty,p75,train,none,2847,-1,duplicate_of:TCGA_FG_A60K_20040224_28,False,66d318cc692c96f3,0,kaggle_3m/TCGA_FG_A60K_20040224/TCGA_FG_A60K_20040224_29_mask.tif,8
lgg_seg,lgg_seg,kaggle_3m/TCGA_FG_A60K_20040224/TCGA_FG_A60K_20040224_3.tif,TCGA_FG_A60K_20040224_3,empty,p75,train,none,2827,-1,duplicate_of:TCGA_FG_A60K_20040224_1,False,263399ccf33c2c53,0,kaggle_3m/TCGA_FG_A60K_20040224/TCGA_FG_A60K_20040224_3_mask.tif,8
lgg_seg,lgg_seg,kaggle_3m/TCGA_FG_A60K_20040224/TCGA_FG_A60K_20040224_30.tif,TCGA_FG_A60K_20040224_30,empty,p75,train,none,2850,-1,,False,46d3d84c693c96d3,0,kaggle_3m/TCGA_FG_A60K_20040224/TCGA_FG_A60K_20040224_30_mask.tif,8
lgg_seg,lgg_seg,kaggle_3m/TCGA_FG_A60K_20040224/TCGA_FG_A60K_20040224_31.tif,TCGA_FG_A60K_20040224_31,empty,p75,train,none,2850,-1,duplicate_of:TCGA_FG_A60K_20040224_30,False,8693d84c693cb6d3,0,kaggle_3m/TCGA_FG_A60K_20040224/TCGA_FG_A60K_20040224_31_mask.tif,8
lgg_seg,lgg_seg,kaggle_3m/TCGA_FG_A60K_20040224/TCGA_FG_A60K_20040224_32.tif,TCGA_FG_A60K_20040224_32,empty,p75,train,none,2850,-1,duplicate_of:TCGA_FG_A60K_20040224_30,False,80d3d94c693cb6d3,0,kaggle_3m/TCGA_FG_A60K_20040224/TCGA_FG_A60K_20040224_32_mask.tif,8
lgg_seg,lgg_seg,kaggle_3m/TCGA_FG_A60K_20040224/TCGA_FG_A60K_20040224_33.tif,TCGA_FG_A60K_20040224_33,empty,p75,train,none,2850,-1,duplicate_of:TCGA_FG_A60K_20040224_30,False,91d1d94c693c96d3,0,kaggle_3m/TCGA_FG_A60K_20040224/TCGA_FG_A60K_20040224_33_mask.tif,8
lgg_seg,lgg_seg,kaggle_3m/TCGA_FG_A60K_20040224/TCGA_FG_A60K_20040224_34.tif,TCGA_FG_A60K_20040224_34,empty,p75,train,none,2850,-1,duplicate_of:TCGA_FG_A60K_20040224_30,False,93c1d9cc693496d3,0,kaggle_3m/TCGA_FG_A60K_20040224/TCGA_FG_A60K_20040224_34_mask.tif,8
lgg_seg,lgg_seg,kaggle_3m/TCGA_FG_A60K_20040224/TCGA_FG_A60K_20040224_35.tif,TCGA_FG_A60K_20040224_35,tumor,p75,train,none,2850,-1,,False,93c159cc693c96d3,19,kaggle_3m/TCGA_FG_A60K_20040224/TCGA_FG_A60K_20040224_35_mask.tif,8
lgg_seg,lgg_seg,kaggle_3m/TCGA_FG_A60K_20040224/TCGA_FG_A60K_20040224_36.tif,TCGA_FG_A60K_20040224_36,tumor,p75,train,none,2850,-1,duplicate_of:TCGA_FG_A60K_20040224_35,False,93c159cc693c96d3,7,kaggle_3m/TCGA_FG_A60K_20040224/TCGA_FG_A60K_20040224_36_mask.tif,8
lgg_seg,lgg_seg,kaggle_3m/TCGA_FG_A60K_20040224/TCGA_FG_A60K_20040224_37.tif,TCGA_FG_A60K_20040224_37,tumor,p75,train,none,2850,-1,duplicate_of:TCGA_FG_A60K_20040224_35,False,93c359cc693cb651,27,kaggle_3m/TCGA_FG_A60K_20040224/TCGA_FG_A60K_20040224_37_mask.tif,8
lgg_seg,lgg_seg,kaggle_3m/TCGA_FG_A60K_20040224/TCGA_FG_A60K_20040224_38.tif,TCGA_FG_A60K_20040224_38,tumor,p75,train,none,2850,-1,duplicate_of:TCGA_FG_A60K_20040224_35,False,93e359cc6934b651,46,kaggle_3m/TCGA_FG_A60K_20040224/TCGA_FG_A60K_20040224_38_mask.tif,8
lgg_seg,lgg_seg,kaggle_3m/TCGA_FG_A60K_20040224/TCGA_FG_A60K_20040224_39.tif,TCGA_FG_A60K_20040224_39,tumor,p75,train,none,2850,-1,duplicate_of:TCGA_FG_A60K_20040224_35,False,33e359cc693c3651,79,kaggle_3m/TCGA_FG_A60K_20040224/TCGA_FG_A60K_20040224_39_mask.tif,8
lgg_seg,lgg_seg,kaggle_3m/TCGA_FG_A60K_20040224/TCGA_FG_A60K_20040224_4.tif,TCGA_FG_A60K_20040224_4,empty,p75,train,none,2860,-1,,False,265319cdd33c2e53,0,kaggle_3m/TCGA_FG_A60K_20040224/TCGA_FG_A60K_20040224_4_mask.tif,8
lgg_seg,lgg_seg,kaggle_3m/TCGA_FG_A60K_20040224/TCGA_FG_A60K_20040224_40.tif,TCGA_FG_A60K_20040224_40,tumor,p75,train,none,2861,-1,,False,9163594c693cb673,142,kaggle_3m/TCGA_FG_A60K_20040224/TCGA_FG_A60K_20040224_40_mask.tif,8
lgg_seg,lgg_seg,kaggle_3m/TCGA_FG_A60K_20040224/TCGA_FG_A60K_20040224_41.tif,TCGA_FG_A60K_20040224_41,tumor,p75,train,none,2862,-1,,False,996359cce91c1673,263,kaggle_3m/TCGA_FG_A60K_20040224/TCGA_FG_A60K_20040224_41_mask.tif,8
lgg_seg,lgg_seg,kaggle_3m/TCGA_FG_A60K_20040224/TCGA_FG_A60K_20040224_42.tif,TCGA_FG_A60K_20040224_42,tumor,p75,train,none,2863,-1,,False,997311cc499cb673,342,kaggle_3m/TCGA_FG_A60K_20040224/TCGA_FG_A60K_20040224_42_mask.tif,8
lgg_seg,lgg_seg,kaggle_3m/TCGA_FG_A60K_20040224/TCGA_FG_A60K_20040224_43.tif,TCGA_FG_A60K_20040224_43,tumor,p75,train,none,2864,-1,,False,937319ce498cb671,456,kaggle_3m/TCGA_FG_A60K_20040224/TCGA_FG_A60K_20040224_43_mask.tif,8
lgg_seg,lgg_seg,kaggle_3m/TCGA_FG_A60K_20040224/TCGA_FG_A60K_20040224_44.tif,TCGA_FG_A60K_20040224_44,tumor,p75,train,none,2864,-1,duplicate_of:TCGA_FG_A60K_20040224_43,False,937319ccc98c3673,488,kaggle_3m/TCGA_FG_A60K_20040224/TCGA_FG_A60K_20040224_44_mask.tif,8
lgg_seg,lgg_seg,kaggle_3m/TCGA_FG_A60K_20040224/TCGA_FG_A60K_20040224_45.tif,TCGA_FG_A60K_20040224_45,tumor,p75,train,none,2864,-1,duplicate_of:TCGA_FG_A60K_20040224_43,False,967319ccc98c3673,539,kaggle_3m/TCGA_FG_A60K_20040224/TCGA_FG_A60K_20040224_45_mask.tif,8
lgg_seg,lgg_seg,kaggle_3m/TCGA_FG_A60K_20040224/TCGA_FG_A60K_20040224_46.tif,TCGA_FG_A60K_20040224_46,tumor,p75,train,none,2864,-1,duplicate_of:TCGA_FG_A60K_20040224_43,False,86333bccc98c3673,577,kaggle_3m/TCGA_FG_A60K_20040224/TCGA_FG_A60K_20040224_46_mask.tif,8
lgg_seg,lgg_seg,kaggle_3m/TCGA_FG_A60K_20040224/TCGA_FG_A60K_20040224_47.tif,TCGA_FG_A60K_20040224_47,tumor,p75,train,none,2868,-1,,False,867333c7c98c3671,629,kaggle_3m/TCGA_FG_A60K_20040224/TCGA_FG_A60K_20040224_47_mask.tif,8
lgg_seg,lgg_seg,kaggle_3m/TCGA_FG_A60K_20040224/TCGA_FG_A60K_20040224_48.tif,TCGA_FG_A60K_20040224_48,tumor,p75,train,none,2868,-1,duplicate_of:TCGA_FG_A60K_20040224_47,False,867333c7c98c3671,552,kaggle_3m/TCGA_FG_A60K_20040224/TCGA_FG_A60K_20040224_48_mask.tif,8
lgg_seg,lgg_seg,kaggle_3m/TCGA_FG_A60K_20040224/TCGA_FG_A60K_20040224_49.tif,TCGA_FG_A60K_20040224_49,tumor,p75,train,none,2868,-1,duplicate_of:TCGA_FG_A60K_20040224_47,False,867333c7c98c3671,611,kaggle_3m/TCGA_FG_A60K_20040224/TCGA_FG_A60K_20040224_49_mask.tif,8
lgg_seg,lgg_seg,kaggle_3m/TCGA_FG_A60K_20040224/TCGA_FG_A60K_20040224_5.tif,TCGA_FG_A60K_20040224_5,empty,p75,train,none,2871,-1,,False,845359cdf33c2c53,0,kaggle_3m/TCGA_FG_A60K_20040224/TCGA_FG_A60K_20040224_5_mask.tif,8
lgg_seg,lgg_seg,kaggle_3m/TCGA_FG_A60K_20040224/TCGA_FG_A60K_20040224_50.tif,TCGA_FG_A60K_20040224_50,tumor,p75,train,none,2872,-1,,False,8673334dc9863679,617,kaggle_3m/TCGA_FG_A60K_20040224/TCGA_FG_A60K_20040224_50_mask.tif,8
lgg_seg,lgg_seg,kaggle_3m/TCGA_FG_A60K_20040224/TCGA_FG_A60K_20040224_51.tif,TCGA_FG_A60K_20040224_51,tumor,p75,train,none,2873,-1,,False,8c333349c98eb679,573,kaggle_3m/TCGA_FG_A60K_20040224/TCGA_FG_A60K_20040224_51_mask.tif,8
lgg_seg,lgg_seg,kaggle_3m/TCGA_FG_A60K_20040224/TCGA_FG_A60K_20040224_52.tif,TCGA_FG_A60K_20040224_52,tumor,p75,train,none,2873,-1,duplicate_of:TCGA_FG_A60K_20040224_51,False,8c3333cb498eb671,587,kaggle_3m/TCGA_FG_A60K_20040224/TCGA_FG_A60K_20040224_52_mask.tif,8
lgg_seg,lgg_seg,kaggle_3m/TCGA_FG_A60K_20040224/TCGA_FG_A60K_20040224_53.tif,TCGA_FG_A60K_20040224_53,tumor,p75,train,none,2873,-1,duplicate_of:TCGA_FG_A60K_20040224_51,False,8c7393c3498eb671,429,kaggle_3m/TCGA_FG_A60K_20040224/TCGA_FG_A60K_20040224_53_mask.tif,8
lgg_seg,lgg_seg,kaggle_3m/TCGA_FG_A60K_20040224/TCGA_FG_A60K_20040224_54.tif,TCGA_FG_A60K_20040224_54,tumor,p75,train,none,2873,-1,duplicate_of:TCGA_FG_A60K_20040224_51,False,8c7392cb498eb671,323,kaggle_3m/TCGA_FG_A60K_20040224/TCGA_FG_A60K_20040224_54_mask.tif,8
lgg_seg,lgg_seg,kaggle_3m/TCGA_FG_A60K_20040224/TCGA_FG_A60K_20040224_55.tif,TCGA_FG_A60K_20040224_55,tumor,p75,train,none,2873,-1,duplicate_of:TCGA_FG_A60K_20040224_51,False,8c7392c96986b679,186,kaggle_3m/TCGA_FG_A60K_20040224/TCGA_FG_A60K_20040224_55_mask.tif,8
lgg_seg,lgg_seg,kaggle_3m/TCGA_FG_A60K_20040224/TCGA_FG_A60K_20040224_56.tif,TCGA_FG_A60K_20040224_56,tumor,p75,train,none,2515,-1,,False,8e33b2cb69868679,111,kaggle_3m/TCGA_FG_A60K_20040224/TCGA_FG_A60K_20040224_56_mask.tif,8
lgg_seg,lgg_seg,kaggle_3m/TCGA_FG_A60K_20040224/TCGA_FG_A60K_20040224_57.tif,TCGA_FG_A60K_20040224_57,tumor,p75,train,none,2515,-1,duplicate_of:TCGA_FG_A60K_20040224_56,False,a63392cb6986a679,79,kaggle_3m/TCGA_FG_A60K_20040224/TCGA_FG_A60K_20040224_57_mask.tif,8
lgg_seg,lgg_seg,kaggle_3m/TCGA_FG_A60K_20040224/TCGA_FG_A60K_20040224_58.tif,TCGA_FG_A60K_20040224_58,tumor,p75,train,none,2515,-1,duplicate_of:TCGA_FG_A60K_20040224_56,False,a63196cb6986a679,37,kaggle_3m/TCGA_FG_A60K_20040224/TCGA_FG_A60K_20040224_58_mask.tif,8
lgg_seg,lgg_seg,kaggle_3m/TCGA_FG_A60K_20040224/TCGA_FG_A60K_20040224_59.tif,TCGA_FG_A60K_20040224_59,empty,p75,train,none,2515,-1,duplicate_of:TCGA_FG_6691_20020405_40,False,a63996cb69868679,0,kaggle_3m/TCGA_FG_A60K_20040224/TCGA_FG_A60K_20040224_59_mask.tif,8
lgg_seg,lgg_seg,kaggle_3m/TCGA_FG_A60K_20040224/TCGA_FG_A60K_20040224_6.tif,TCGA_FG_A60K_20040224_6,empty,p75,train,none,2882,-1,,False,a64358cdb33c4cd3,0,kaggle_3m/TCGA_FG_A60K_20040224/TCGA_FG_A60K_20040224_6_mask.tif,8
lgg_seg,lgg_seg,kaggle_3m/TCGA_FG_A60K_20040224/TCGA_FG_A60K_20040224_60.tif,TCGA_FG_A60K_20040224_60,empty,p75,train,none,2515,-1,duplicate_of:TCGA_FG_6691_20020405_40,False,263996cb6986a679,0,kaggle_3m/TCGA_FG_A60K_20040224/TCGA_FG_A60K_20040224_60_mask.tif,8
lgg_seg,lgg_seg,kaggle_3m/TCGA_FG_A60K_20040224/TCGA_FG_A60K_20040224_61.tif,TCGA_FG_A60K_20040224_61,empty,p75,train,none,2515,-1,duplicate_of:TCGA_FG_6691_20020405_40,False,243996d37986a679,0,kaggle_3m/TCGA_FG_A60K_20040224/TCGA_FG_A60K_20040224_61_mask.tif,8
lgg_seg,lgg_seg,kaggle_3m/TCGA_FG_A60K_20040224/TCGA_FG_A60K_20040224_62.tif,TCGA_FG_A60K_20040224_62,empty,p75,train,none,2515,-1,duplicate_of:TCGA_FG_6691_20020405_40,False,643196d37986a679,0,kaggle_3m/TCGA_FG_A60K_20040224/TCGA_FG_A60K_20040224_62_mask.tif,8
lgg_seg,lgg_seg,kaggle_3m/TCGA_FG_A60K_20040224/TCGA_FG_A60K_20040224_63.tif,TCGA_FG_A60K_20040224_63,empty,p75,train,none,2515,-1,duplicate_of:TCGA_FG_6691_20020405_40,False,663196d379868679,0,kaggle_3m/TCGA_FG_A60K_20040224/TCGA_FG_A60K_20040224_63_mask.tif,8
lgg_seg,lgg_seg,kaggle_3m/TCGA_FG_A60K_20040224/TCGA_FG_A60K_20040224_64.tif,TCGA_FG_A60K_20040224_64,empty,p75,train,none,2515,-1,duplicate_of:TCGA_FG_6691_20020405_40,False,643196f3798e8671,0,kaggle_3m/TCGA_FG_A60K_20040224/TCGA_FG_A60K_20040224_64_mask.tif,8
lgg_seg,lgg_seg,kaggle_3m/TCGA_FG_A60K_20040224/TCGA_FG_A60K_20040224_65.tif,TCGA_FG_A60K_20040224_65,empty,p75,train,none,2888,-1,,False,89399673798e8671,0,kaggle_3m/TCGA_FG_A60K_20040224/TCGA_FG_A60K_20040224_65_mask.tif,8
lgg_seg,lgg_seg,kaggle_3m/TCGA_FG_A60K_20040224/TCGA_FG_A60K_20040224_66.tif,TCGA_FG_A60K_20040224_66,empty,p75,train,none,2889,-1,,False,b1398673598e8679,0,kaggle_3m/TCGA_FG_A60K_20040224/TCGA_FG_A60K_20040224_66_mask.tif,8
lgg_seg,lgg_seg,kaggle_3m/TCGA_FG_A60K_20040224/TCGA_FG_A60K_20040224_67.tif,TCGA_FG_A60K_20040224_67,empty,p75,train,none,2890,-1,,False,393196d979868679,0,kaggle_3m/TCGA_FG_A60K_20040224/TCGA_FG_A60K_20040224_67_mask.tif,8
lgg_seg,lgg_seg,kaggle_3m/TCGA_FG_A60K_20040224/TCGA_FG_A60K_20040224_68.tif,TCGA_FG_A60K_20040224_68,empty,p75,train,none,2890,-1,duplicate_of:TCGA_FG_A60K_20040224_67,False,0d3396d979868679,0,kaggle_3m/TCGA_FG_A60K_20040224/TCGA_FG_A60K_20040224_68_mask.tif,8
lgg_seg,lgg_seg,kaggle_3m/TCGA_FG_A60K_20040224/TCGA_FG_A60K_20040224_69.tif,TCGA_FG_A60K_20040224_69,empty,p75,train,none,2892,-1,,False,4c31b6d959a6a659,0,kaggle_3m/TCGA_FG_A60K_20040224/TCGA_FG_A60K_20040224_69_mask.tif,8
lgg_seg,lgg_seg,kaggle_3m/TCGA_FG_A60K_20040224/TCGA_FG_A60K_20040224_7.tif,TCGA_FG_A60K_20040224_7,empty,p75,train,none,2882,-1,duplicate_of:TCGA_FG_A60K_20040224_6,False,264359cdb33c4cd3,0,kaggle_3m/TCGA_FG_A60K_20040224/TCGA_FG_A60K_20040224_7_mask.tif,8
lgg_seg,lgg_seg,kaggle_3m/TCGA_FG_A60K_20040224/TCGA_FG_A60K_20040224_70.tif,TCGA_FG_A60K_20040224_70,empty,p75,train,none,2894,-1,,False,4c36b65979868679,0,kaggle_3m/TCGA_FG_A60K_20040224/TCGA_FG_A60K_20040224_70_mask.tif,8
lgg_seg,lgg_seg,kaggle_3m/TCGA_FG_A60K_20040224/TCGA_FG_A60K_20040224_71.tif,TCGA_FG_A60K_20040224_71,empty,p75,train,none,2894,-1,duplicate_of:TCGA_FG_A60K_20040224_70,False,4c64b65979a68679,0,kaggle_3m/TCGA_FG_A60K_20040224/TCGA_FG_A60K_20040224_71_mask.tif,8
lgg_seg,lgg_seg,kaggle_3m/TCGA_FG_A60K_20040224/TCGA_FG_A60K_20040224_72.tif,TCGA_FG_A60K_20040224_72,empty,p75,train,none,2896,-1,,False,6c4c967979868679,0,kaggle_3m/TCGA_FG_A60K_20040224/TCGA_FG_A60K_20040224_72_mask.tif,8
lgg_seg,lgg_seg,kaggle_3m/TCGA_FG_A60K_20040224/TCGA_FG_A60K_20040224_73.tif,TCGA_FG_A60K_20040224_73,empty,p75,train,none,2517,-1,duplicate_of:TCGA_FG_6691_20020405_42,False,6c3b867979868639,0,kaggle_3m/TCGA_FG_A60K_20040224/TCGA_FG_A60K_20040224_73_mask.tif,8
lgg_seg,lgg_seg,kaggle_3m/TCGA_FG_A60K_20040224/TCGA_FG_A60K_20040224_8.tif,TCGA_FG_A60K_20040224_8,empty,p75,train,none,2898,-1,,False,a64b59c6b33c0cd3,0,kaggle_3m/TCGA_FG_A60K_20040224/TCGA_FG_A60K_20040224_8_mask.tif,8
lgg_seg,lgg_seg,kaggle_3m/TCGA_FG_A60K_20040224/TCGA_FG_A60K_20040224_9.tif,TCGA_FG_A60K_20040224_9,empty,p75,train,none,2828,-1,duplicate_of:TCGA_FG_A60K_20040224_10,False,96c949c6b33c4cd3,0,kaggle_3m/TCGA_FG_A60K_20040224/TCGA_FG_A60K_20040224_9_mask.tif,8
lgg_seg,lgg_seg,kaggle_3m/TCGA_HT_7473_19970826/TCGA_HT_7473_19970826_1.tif,TCGA_HT_7473_19970826_1,empty,p53,train,none,2900,-1,,False,4b4d992c19b6e6c3,0,kaggle_3m/TCGA_HT_7473_19970826/TCGA_HT_7473_19970826_1_mask.tif,4
lgg_seg,lgg_seg,kaggle_3m/TCGA_HT_7473_19970826/TCGA_HT_7473_19970826_10.tif,TCGA_HT_7473_19970826_10,tumor,p53,train,none,2901,-1,,False,9ac3c9a6385ce6c3,575,kaggle_3m/TCGA_HT_7473_19970826/TCGA_HT_7473_19970826_10_mask.tif,4
lgg_seg,lgg_seg,kaggle_3m/TCGA_HT_7473_19970826/TCGA_HT_7473_19970826_11.tif,TCGA_HT_7473_19970826_11,tumor,p53,train,none,2901,-1,duplicate_of:TCGA_HT_7473_19970826_10,False,d8c3c9a6381ce6e3,928,kaggle_3m/TCGA_HT_7473_19970826/TCGA_HT_7473_19970826_11_mask.tif,4
lgg_seg,lgg_seg,kaggle_3m/TCGA_HT_7473_19970826/TCGA_HT_7473_19970826_12.tif,TCGA_HT_7473_19970826_12,tumor,p53,train,none,2903,-1,,False,d9864d26391cd6e3,2972,kaggle_3m/TCGA_HT_7473_19970826/TCGA_HT_7473_19970826_12_mask.tif,4
lgg_seg,lgg_seg,kaggle_3m/TCGA_HT_7473_19970826/TCGA_HT_7473_19970826_13.tif,TCGA_HT_7473_19970826_13,tumor,p53,train,none,1953,-1,duplicate_of:TCGA_DU_8168_19970503_19,False,5986c9a62d9cd663,3664,kaggle_3m/TCGA_HT_7473_19970826/TCGA_HT_7473_19970826_13_mask.tif,4
lgg_seg,lgg_seg,kaggle_3m/TCGA_HT_7473_19970826/TCGA_HT_7473_19970826_14.tif,TCGA_HT_7473_19970826_14,tumor,p53,train,none,2905,-1,,False,19a6c99e299cd663,4621,kaggle_3m/TCGA_HT_7473_19970826/TCGA_HT_7473_19970826_14_mask.tif,4
lgg_seg,lgg_seg,kaggle_3m/TCGA_HT_7473_19970826/TCGA_HT_7473_19970826_15.tif,TCGA_HT_7473_19970826_15,tumor,p53,train,none,2905,-1,duplicate_of:TCGA_HT_7473_19970826_14,False,19a6db9c299c9663,4857,kaggle_3m/TCGA_HT_7473_19970826/TCGA_HT_7473_19970826_15_mask.tif,4
lgg_seg,lgg_seg,kaggle_3m/TCGA_HT_7473_19970826/TCGA_HT_7473_19970826_16.tif,TCGA_HT_7473_19970826_16,tumor,p53,train,none,2907,-1,,False,1966e39c259c9e63,5402,kaggle_3m/TCGA_HT_7473_19970826/TCGA_HT_7473_19970826_16_mask.tif,4
lgg_seg,lgg_seg,kaggle_3m/TCGA_HT_7473_19970826/TCGA_HT_7473_19970826_17.tif,TCGA_HT_7473_19970826_17,tumor,p53,train,none,2907,-1,duplicate_of:TCGA_HT_7473_19970826_16,False,9966e38e219c9e63,4978,kaggle_3m/TCGA_HT_7473_19970826/TCGA_HT_7473_19970826_17_mask.tif,4
lgg_seg,lgg_seg,kaggle_3m/TCGA_HT_7473_19970826/TCGA_HT_7473_19970826_18.tif,TCGA_HT_7473_19970826_18,tumor,p53,train,none,2907,-1,duplicate_of:TCGA_HT_7473_19970826_16,False,99e6eb8e219c9661,4716,kaggle_3m/TCGA_HT_7473_19970826/TCGA_HT_7473_19970826_18_mask.tif,4
lgg_seg,lgg_seg,kaggle_3m/TCGA_HT_7473_19970826/TCGA_HT_7473_19970826_19.tif,TCGA_HT_7473_19970826_19,tumor,p53,train,none,2910,-1,,False,19e7c90e239c9e63,2482,kaggle_3m/TCGA_HT_7473_19970826/TCGA_HT_7473_19970826_19_mask.tif,4
lgg_seg,lgg_seg,kaggle_3m/TCGA_HT_7473_19970826/TCGA_HT_7473_19970826_2.tif,TCGA_HT_7473_19970826_2,empty,p53,train,none,2911,-1,,False,9eccc92c33b48ccb,0,kaggle_3m/TCGA_HT_7473_19970826/TCGA_HT_7473_19970826_2_mask.tif,4
lgg_seg,lgg_seg,kaggle_3m/TCGA_HT_7473_19970826/TCGA_HT_7473_19970826_20.tif,TCGA_HT_7473_19970826_20,tumor,p53,train,none,2912,-1,,False,73e3c90e219c9e63,2447,kaggle_3m/TCGA_HT_7473_19970826/TCGA_HT_7473_19970826_20_mask.tif,4
lgg_seg,lgg_seg,kaggle_3m/TCGA_HT_7473_19970826/TCGA_HT_7473_19970826_21.tif,TCGA_HT_7473_19970826_21,tumor,p53,train,none,2912,-1,duplicate_of:TCGA_HT_7473_19970826_20,False,73e3c926219c9e63,1929,kaggle_3m/TCGA_HT_7473_19970826/TCGA_HT_7473_19970826_21_mask.tif,4
lgg_seg,lgg_seg,kaggle_3m/TCGA_HT_7473_19970826/TCGA_HT_7473_19970826_22.tif,TCGA_HT_7473_19970826_22,tumor,p53,train,none,2912,-1,duplicate_of:TCGA_HT_7473_19970826_20,False,73e7c906619c9663,1378,kaggle_3m/TCGA_HT_7473_19970826/TCGA_HT_7473_19970826_22_mask.tif,4
lgg_seg,lgg_seg,kaggle_3m/TCGA_HT_7473_19970826/TCGA_HT_7473_19970826_23.tif,TCGA_HT_7473_19970826_23,tumor,p53,train,none,2648,-1,,False,7167d986619c9671,1311,kaggle_3m/TCGA_HT_7473_19970826/TCGA_HT_7473_19970826_23_mask.tif,4
lgg_seg,lgg_seg,kaggle_3m/TCGA_HT_7473_19970826/TCGA_HT_7473_19970826_24.tif,TCGA_HT_7473_19970826_24,tumor,p53,train,none,2916,-1,,False,39a75986691c9679,376,kaggle_3m/TCGA_HT_7473_19970826/TCGA_HT_7473_19970826_24_mask.tif,4
lgg_seg,lgg_seg,kaggle_3m/TCGA_HT_7473_19970826/TCGA_HT_7473_19970826_25.tif,TCGA_HT_7473_19970826_25,empty,p53,train,none,73,-1,duplicate_of:TCGA_CS_4944_20010208_19,False,19e5718669969679,0,kaggle_3m/TCGA_HT_7473_19970826/TCGA_HT_7473_19970826_25_mask.tif,4
lgg_seg,lgg_seg,kaggle_3m/TCGA_HT_7473_19970826/TCGA_HT_7473_19970826_26.tif,TCGA_HT_7473_19970826_26,empty,p53,train,none,73,-1,duplicate_of:TCGA_CS_4944_20010208_19,False,9965718669969679,0,kaggle_3m/TCGA_HT_7473_19970826/TCGA_HT_7473_19970826_26_mask.tif,4
lgg_seg,lgg_seg,kaggle_3m/TCGA_HT_7473_19970826/TCGA_HT_7473_19970826_27.tif,TCGA_HT_7473_19970826_27,empty,p53,train,none,73,-1,duplicate_of:TCGA_CS_4944_20010208_19,False,996153c669969679,0,kaggle_3m/TCGA_HT_7473_19970826/TCGA_HT_7473_19970826_27_mask.tif,4
lgg_seg,lgg_seg,kaggle_3m/TCGA_HT_7473_19970826/TCGA_HT_7473_19970826_28.tif,TCGA_HT_7473_19970826_28,empty,p53,train,none,73,-1,duplicate_of:TCGA_CS_4944_20010208_19,False,936919e669869679,0,kaggle_3m/TCGA_HT_7473_19970826/TCGA_HT_7473_19970826_28_mask.tif,4
lgg_seg,lgg_seg,kaggle_3m/TCGA_HT_7473_19970826/TCGA_HT_7473_19970826_29.tif,TCGA_HT_7473_19970826_29,empty,p53,train,none,73,-1,duplicate_of:TCGA_CS_4944_20010208_19,False,96699b6669868679,0,kaggle_3m/TCGA_HT_7473_19970826/TCGA_HT_7473_19970826_29_mask.tif,4
lgg_seg,lgg_seg,kaggle_3m/TCGA_HT_7473_19970826/TCGA_HT_7473_19970826_3.tif,TCGA_HT_7473_19970826_3,empty,p53,train,none,2922,-1,,False,da0ce92c7334aec3,0,kaggle_3m/TCGA_HT_7473_19970826/TCGA_HT_7473_19970826_3_mask.tif,4
lgg_seg,lgg_seg,kaggle_3m/TCGA_HT_7473_19970826/TCGA_HT_7473_19970826_30.tif,TCGA_HT_7473_19970826_30,empty,p53,train,none,73,-1,duplicate_of:TCGA_CS_4944_20010208_19,False,267993666986a679,0,kaggle_3m/TCGA_HT_7473_19970826/TCGA_HT_7473_19970826_30_mask.tif,4
lgg_seg,lgg_seg,kaggle_3m/TCGA_HT_7473_19970826/TCGA_HT_7473_19970826_31.tif,TCGA_HT_7473_19970826_31,empty,p53,train,none,2924,-1,,False,6c9bb24959a6a659,0,kaggle_3m/TCGA_HT_7473_19970826/TCGA_HT_7473_19970826_31_mask.tif,4
lgg_seg,lgg_seg,kaggle_3m/TCGA_HT_7473_19970826/TCGA_HT_7473_19970826_32.tif,TCGA_HT_7473_19970826_32,empty,p53,train,none,2925,-1,,False,6c32a6d999666699,0,kaggle_3m/TCGA_HT_7473_19970826/TCGA_HT_7473_19970826_32_mask.tif,4
lgg_seg,lgg_seg,kaggle_3m/TCGA_HT_7473_19970826/TCGA_HT_7473_19970826_4.tif,TCGA_HT_7473_19970826_4,empty,p53,train,none,2926,-1,,False,d22cc92c7b36a6c3,0,kaggle_3m/TCGA_HT_7473_19970826/TCGA_HT_7473_19970826_4_mask.tif,4
lgg_seg,lgg_seg,kaggle_3m/TCGA_HT_7473_19970826/TCGA_HT_7473_19970826_5.tif,TCGA_HT_7473_19970826_5,empty,p53,train,none,2927,-1,,False,d32cc92c7c96a6c3,0,kaggle_3m/TCGA_HT_7473_19970826/TCGA_HT_7473_19970826_5_mask.tif,4
lgg_seg,lgg_seg,kaggle_3m/TCGA_HT_7473_19970826/TCGA_HT_7473_19970826_6.tif,TCGA_HT_7473_19970826_6,empty,p53,train,none,2928,-1,,False,d32ec9ac345686cb,0,kaggle_3m/TCGA_HT_7473_19970826/TCGA_HT_7473_19970826_6_mask.tif,4
lgg_seg,lgg_seg,kaggle_3m/TCGA_HT_7473_19970826/TCGA_HT_7473_19970826_7.tif,TCGA_HT_7473_19970826_7,empty,p53,train,none,2929,-1,,False,d26fc92434d4a6cb,0,kaggle_3m/TCGA_HT_7473_19970826/TCGA_HT_7473_19970826_7_mask.tif,4
lgg_seg,lgg_seg,kaggle_3m/TCGA_HT_7473_19970826/TCGA_HT_7473_19970826_8.tif,TCGA_HT_7473_19970826_8,empty,p53,train,none,2901,-1,,False,d2c3c92c3cdca6c3,0,kaggle_3m/TCGA_HT_7473_19970826/TCGA_HT_7473_19970826_8_mask.tif,4
lgg_seg,lgg_seg,kaggle_3m/TCGA_HT_7473_19970826/TCGA_HT_7473_19970826_9.tif,TCGA_HT_7473_19970826_9,empty,p53,train,none,2901,-1,duplicate_of:TCGA_HT_7473_19970826_8,False,9ac3c92c3c5ce6c3,0,kaggle_3m/TCGA_HT_7473_19970826/TCGA_HT_7473_19970826_9_mask.tif,4
lgg_seg,lgg_seg,kaggle_3m/TCGA_HT_7475_19970918/TCGA_HT_7475_19970918_1.tif,TCGA_HT_7475_19970918_1,empty,p77,train,none,2932,-1,,False,431eac943c5ea6e9,0,kaggle_3m/TCGA_HT_7475_19970918/TCGA_HT_7475_19970918_1_mask.tif,9
lgg_seg,lgg_seg,kaggle_3m/TCGA_HT_7475_19970918/TCGA_HT_7475_19970918_10.tif,TCGA_HT_7475_19970918_10,empty,p77,train,none,2933,-1,,False,490ee5961c7e66a9,0,kaggle_3m/TCGA_HT_7475_19970918/TCGA_HT_7475_19970918_10_mask.tif,9
lgg_seg,lgg_seg,kaggle_3m/TCGA_HT_7475_19970918/TCGA_HT_7475_19970918_11.tif,TCGA_HT_7475_19970918_11,empty,p77,train,none,2934,-1,,False,494ea5941e5ed6a9,0,kaggle_3m/TCGA_HT_7475_19970918/TCGA_HT_7475_19970918_11_mask.tif,9
lgg_seg,lgg_seg,kaggle_3m/TCGA_HT_7475_19970918/TCGA_HT_7475_19970918_12.tif,TCGA_HT_7475_19970918_12,empty,p77,train,none,2934,-1,duplicate_of:TCGA_HT_7475_19970918_11,False,4b0ea5943c5ed6a9,0,kaggle_3m/TCGA_HT_7475_19970918/TCGA_HT_7475_19970918_12_mask.tif,9
lgg_seg,lgg_seg,kaggle_3m/TCGA_HT_7475_19970918/TCGA_HT_7475_19970918_13.tif,TCGA_HT_7475_19970918_13,empty,p77,train,none,2934,-1,duplicate_of:TCGA_HT_7475_19970918_11,False,4b0ead342c5ed6a9,0,kaggle_3m/TCGA_HT_7475_19970918/TCGA_HT_7475_19970918_13_mask.tif,9
lgg_seg,lgg_seg,kaggle_3m/TCGA_HT_7475_19970918/TCGA_HT_7475_19970918_14.tif,TCGA_HT_7475_19970918_14,empty,p77,train,none,2937,-1,,False,43062db4ad5ed6a9,0,kaggle_3m/TCGA_HT_7475_19970918/TCGA_HT_7475_19970918_14_mask.tif,9
lgg_seg,lgg_seg,kaggle_3m/TCGA_HT_7475_19970918/TCGA_HT_7475_19970918_15.tif,TCGA_HT_7475_19970918_15,empty,p77,train,none,2937,-1,duplicate_of:TCGA_HT_7475_19970918_14,False,4326a9b4ad5e56a9,0,kaggle_3m/TCGA_HT_7475_19970918/TCGA_HT_7475_19970918_15_mask.tif,9
lgg_seg,lgg_seg,kaggle_3m/TCGA_HT_7475_19970918/TCGA_HT_7475_19970918_16.tif,TCGA_HT_7475_19970918_16,tumor,p77,train,none,2939,-1,,False,c90ea3b4ad5e56a1,104,kaggle_3m/TCGA_HT_7475_19970918/TCGA_HT_7475_19970918_16_mask.tif,9
lgg_seg,lgg_seg,kaggle_3m/TCGA_HT_7475_19970918/TCGA_HT_7475_19970918_17.tif,TCGA_HT_7475_19970918_17,tumor,p77,train,none,2940,-1,,False,c90c43b6adde56a1,179,kaggle_3m/TCGA_HT_7475_19970918/TCGA_HT_7475_19970918_17_mask.tif,9
lgg_seg,lgg_seg,kaggle_3m/TCGA_HT_7475_19970918/TCGA_HT_7475_19970918_18.tif,TCGA_HT_7475_19970918_18,tumor,p77,train,none,2941,-1,,False,c30c4b36addc56a3,606,kaggle_3m/TCGA_HT_7475_19970918/TCGA_HT_7475_19970918_18_mask.tif,9
lgg_seg,lgg_seg,kaggle_3m/TCGA_HT_7475_19970918/TCGA_HT_7475_19970918_19.tif,TCGA_HT_7475_19970918_19,tumor,p77,train,none,2941,-1,duplicate_of:TCGA_HT_7475_19970918_18,False,c38c4336addc56a3,1531,kaggle_3m/TCGA_HT_7475_19970918/TCGA_HT_7475_19970918_19_mask.tif,9
lgg_seg,lgg_seg,kaggle_3m/TCGA_HT_7475_19970918/TCGA_HT_7475_19970918_2.tif,TCGA_HT_7475_19970918_2,empty,p77,train,none,2943,-1,,False,631ea5b4365a26e9,0,kaggle_3m/TCGA_HT_7475_19970918/TCGA_HT_7475_19970918_2_mask.tif,9
lgg_seg,lgg_seg,kaggle_3m/TCGA_HT_7475_19970918/TCGA_HT_7475_19970918_20.tif,TCGA_HT_7475_19970918_20,tumor,p77,train,none,2941,-1,duplicate_of:TCGA_HT_7475_19970918_18,False,e38c4336addc5623,1996,kaggle_3m/TCGA_HT_7475_19970918/TCGA_HT_7475_19970918_20_mask.tif,9
lgg_seg,lgg_seg,kaggle_3m/TCGA_HT_7475_19970918/TCGA_HT_7475_19970918_21.tif,TCGA_HT_7475_19970918_21,tumor,p77,train,none,2941,-1,duplicate_of:TCGA_HT_7475_19970918_18,False,e38c4336addc5623,2436,kaggle_3m/TCGA_HT_7475_19970918/TCGA_HT_7475_19970918_21_mask.tif,9
lgg_seg,lgg_seg,kaggle_3m/TCGA_HT_7475_19970918/TCGA_HT_7475_19970918_22.tif,TCGA_HT_7475_19970918_22,tumor,p77,train,none,2941,-1,duplicate_of:TCGA_HT_7475_19970918_18,False,d30c4336ad5c56e3,2762,kaggle_3m/TCGA_HT_7475_19970918/TCGA_HT_7475_19970918_22_mask.tif,9
lgg_seg,lgg_seg,kaggle_3m/TCGA_HT_7475_19970918/TCGA_HT_7475_19970918_23.tif,TCGA_HT_7475_19970918_23,tumor,p77,train,none,2941,-1,duplicate_of:TCGA_HT_7475_19970918_18,False,d30c4336ad5c56e3,2915,kaggle_3m/TCGA_HT_7475_19970918/TCGA_HT_7475_19970918_23_mask.tif,9
lgg_seg,lgg_seg,kaggle_3m/TCGA_HT_7475_19970918/TCGA_HT_7475_19970918_24.tif,TCGA_HT_7475_19970918_24,tumor,p77,train,none,2941,-1,duplicate_of:TCGA_HT_7475_19970918_18,False,d32c4316ad5c56e3,2974,kaggle_3m/TCGA_HT_7475_19970918/TCGA_HT_7475_19970918_24_mask.tif,9
lgg_seg,lgg_seg,kaggle_3m/TCGA_HT_7475_19970918/TCGA_HT_7475_19970918_25.tif,TCGA_HT_7475_19970918_25,tumor,p77,train,none,2949,-1,,False,d3464326ad5cd6e1,2966,kaggle_3m/TCGA_HT_7475_19970918/TCGA_HT_7475_19970918_25_mask.tif,9
lgg_seg,lgg_seg,kaggle_3m/TCGA_HT_7475_19970918/TCGA_HT_7475_19970918_26.tif,TCGA_HT_7475_19970918_26,tumor,p77,train,none,2949,-1,duplicate_of:TCGA_HT_7475_19970918_25,False,d3c64324ad1ed6e1,2577,kaggle_3m/TCGA_HT_7475_19970918/TCGA_HT_7475_19970918_26_mask.tif,9
lgg_seg,lgg_seg,kaggle_3m/TCGA_HT_7475_19970918/TCGA_HT_7475_19970918_27.tif,TCGA_HT_7475_19970918_27,tumor,p77,train,none,2951,-1,,False,93cd53a62d1e9661,2003,kaggle_3m/TCGA_HT_7475_19970918/TCGA_HT_7475_19970918_27_mask.tif,9
lgg_seg,lgg_seg,kaggle_3m/TCGA_HT_7475_19970918/TCGA_HT_7475_19970918_28.tif,TCGA_HT_7475_19970918_28,tumor,p77,train,none,2952,-1,,False,b3c953246d9e9661,1136,kaggle_3m/TCGA_HT_7475_19970918/TCGA_HT_7475_19970918_28_mask.tif,9
lgg_seg,lgg_seg,kaggle_3m/TCGA_HT_7475_19970918/TCGA_HT_7475_19970918_29.tif,TCGA_HT_7475_19970918_29,tumor,p77,train,none,2952,-1,duplicate_of:TCGA_HT_7475_19970918_28,False,b3c9d32c69969661,746,kaggle_3m/TCGA_HT_7475_19970918/TCGA_HT_7475_19970918_29_mask.tif,9
lgg_seg,lgg_seg,kaggle_3m/TCGA_HT_7475_19970918/TCGA_HT_7475_19970918_3.tif,TCGA_HT_7475_19970918_3,empty,p77,train,none,2954,-1,,False,6336a5b4385a96e9,0,kaggle_3m/TCGA_HT_7475_19970918/TCGA_HT_7475_19970918_3_mask.tif,9
lgg_seg,lgg_seg,kaggle_3m/TCGA_HT_7475_19970918/TCGA_HT_7475_19970918_30.tif,TCGA_HT_7475_19970918_30,empty,p77,train,none,2621,-1,duplicate_of:TCGA_FG_7637_20000922_45,False,34d9936c69969669,0,kaggle_3m/TCGA_HT_7475_19970918/TCGA_HT_7475_19970918_30_mask.tif,9
lgg_seg,lgg_seg,kaggle_3m/TCGA_HT_7475_19970918/TCGA_HT_7475_19970918_31.tif,TCGA_HT_7475_19970918_31,empty,p77,train,none,2956,-1,,False,2ed9334cc986a679,0,kaggle_3m/TCGA_HT_7475_19970918/TCGA_HT_7475_19970918_31_mask.tif,9
lgg_seg,lgg_seg,kaggle_3m/TCGA_HT_7475_19970918/TCGA_HT_7475_19970918_32.tif,TCGA_HT_7475_19970918_32,empty,p77,train,none,2924,-1,duplicate_of:TCGA_HT_7473_19970826_31,False,cc9bb24959a68679,0,kaggle_3m/TCGA_HT_7475_19970918/TCGA_HT_7475_19970918_32_mask.tif,9
lgg_seg,lgg_seg,kaggle_3m/TCGA_HT_7475_19970918/TCGA_HT_7475_19970918_4.tif,TCGA_HT_7475_19970918_4,empty,p77,train,none,2958,-1,,False,5b36a5b6325a9629,0,kaggle_3m/TCGA_HT_7475_19970918/TCGA_HT_7475_19970918_4_mask.tif,9
lgg_seg,lgg_seg,kaggle_3m/TCGA_HT_7475_19970918/TCGA_HT_7475_19970918_5.tif,TCGA_HT_7475_19970918_5,empty,p77,train,none,2958,-1,duplicate_of:TCGA_HT_7475_19970918_4,False,5b16a5b6325e3629,0,kaggle_3m/TCGA_HT_7475_19970918/TCGA_HT_7475_19970918_5_mask.tif,9
lgg_seg,lgg_seg,kaggle_3m/TCGA_HT_7475_19970918/TCGA_HT_7475_19970918_6.tif,TCGA_HT_7475_19970918_6,empty,p77,train,none,2960,-1,,False,4a16e196367eb629,0,kaggle_3m/TCGA_HT_7475_19970918/TCGA_HT_7475_19970918_6_mask.tif,9
lgg_seg,lgg_seg,kaggle_3m/TCGA_HT_7475_19970918/TCGA_HT_7475_19970918_7.tif,TCGA_HT_7475_19970918_7,empty,p77,train,none,2961,-1,,False,4c06e9963c7ea6a9,0,kaggle_3m/TCGA_HT_7475_19970918/TCGA_HT_7475_19970918_7_mask.tif,9
lgg_seg,lgg_seg,kaggle_3m/TCGA_HT_7475_19970918/TCGA_HT_7475_19970918_8.tif,TCGA_HT_7475_19970918_8,empty,p77,train,none,2933,-1,duplicate_of:TCGA_HT_7475_19970918_10,False,7106ed961c7e6689,0,kaggle_3m/TCGA_HT_7475_19970918/TCGA_HT_7475_19970918_8_mask.tif,9
lgg_seg,lgg_seg,kaggle_3m/TCGA_HT_7475_19970918/TCGA_HT_7475_19970918_9.tif,TCGA_HT_7475_19970918_9,empty,p77,train,none,2933,-1,duplicate_of:TCGA_HT_7475_19970918_10,False,510ee5961c7e66a9,0,kaggle_3m/TCGA_HT_7475_19970918/TCGA_HT_7475_19970918_9_mask.tif,9
lgg_seg,lgg_seg,kaggle_3m/TCGA_HT_7602_19951103/TCGA_HT_7602_19951103_1.tif,TCGA_HT_7602_19951103_1,empty,p78,train,none,2964,-1,,False,4ecc2f0cb3344fc3,0,kaggle_3m/TCGA_HT_7602_19951103/TCGA_HT_7602_19951103_1_mask.tif,7
lgg_seg,lgg_seg,kaggle_3m/TCGA_HT_7602_19951103/TCGA_HT_7602_19951103_10.tif,TCGA_HT_7602_19951103_10,tumor,p78,train,none,2965,-1,,False,3666738c8c9c7363,1849,kaggle_3m/TCGA_HT_7602_19951103/TCGA_HT_7602_19951103_10_mask.tif,7
lgg_seg,lgg_seg,kaggle_3m/TCGA_HT_7602_19951103/TCGA_HT_7602_19951103_11.tif,TCGA_HT_7602_19951103_11,tumor,p78,train,none,2965,-1,duplicate_of:TCGA_HT_7602_19951103_10,False,3666730c0cbcf363,810,kaggle_3m/TCGA_HT_7602_19951103/TCGA_HT_7602_19951103_11_mask.tif,7
lgg_seg,lgg_seg,kaggle_3m/TCGA_HT_7602_19951103/TCGA_HT_7602_19951103_12.tif,TCGA_HT_7602_19951103_12,tumor,p78,train,none,2967,-1,,False,9c46722c2dbcf343,364,kaggle_3m/TCGA_HT_7602_19951103/TCGA_HT_7602_19951103_12_mask.tif,7
lgg_seg,lgg_seg,kaggle_3m/TCGA_HT_7602_19951103/TCGA_HT_7602_19951103_13.tif,TCGA_HT_7602_19951103_13,empty,p78,train,none,2968,-1,,False,9ccf5c2c29bcb243,0,kaggle_3m/TCGA_HT_7602_19951103/TCGA_HT_7602_19951103_13_mask.tif,7
lgg_seg,lgg_seg,kaggle_3m/TCGA_HT_7602_19951103/TCGA_HT_7602_19951103_14.tif,TCGA_HT_7602_19951103_14,empty,p78,train,none,2969,-1,,False,9ecf5c0c6934b2c3,0,kaggle_3m/TCGA_HT_7602_19951103/TCGA_HT_7602_19951103_14_mask.tif,7
lgg_seg,lgg_seg,kaggle_3m/TCGA_HT_7602_19951103/TCGA_HT_7602_19951103_15.tif,TCGA_HT_7602_19951103_15,empty,p78,train,none,2850,-1,duplicate_of:TCGA_FG_A60K_20040224_30,False,96c1d80e693cb6d3,0,kaggle_3m/TCGA_HT_7602_19951103/TCGA_HT_7602_19951103_15_mask.tif,7
lgg_seg,lgg_seg,kaggle_3m/TCGA_HT_7602_19951103/TCGA_HT_7602_19951103_16.tif,TCGA_HT_7602_19951103_16,empty,p78,train,none,2850,-1,duplicate_of:TCGA_FG_A60K_20040224_30,False,96c3d80c693cb6d3,0,kaggle_3m/TCGA_HT_7602_19951103/TCGA_HT_7602_19951103_16_mask.tif,7
lgg_seg,lgg_seg,kaggle_3m/TCGA_HT_7602_19951103/TCGA_HT_7602_19951103_17.tif,TCGA_HT_7602_19951103_17,empty,p78,train,none,2972,-1,,False,b6c3924c493cb6d3,0,kaggle_3m/TCGA_HT_7602_19951103/TCGA_HT_7602_19951103_17_mask.tif,7
lgg_seg,lgg_seg,kaggle_3m/TCGA_HT_7602_19951103/TCGA_HT_7602_19951103_18.tif,TCGA_HT_7602_19951103_18,empty,p78,train,none,2973,-1,,False,2cf392cd492c36d3,0,kaggle_3m/TCGA_HT_7602_19951103/TCGA_HT_7602_19951103_18_mask.tif,7
lgg_seg,lgg_seg,kaggle_3m/TCGA_HT_7602_19951103/TCGA_HT_7602_19951103_19.tif,TCGA_HT_7602_19951103_19,empty,p78,train,none,2974,-1,,False,2c7396c3712c8cf3,0,kaggle_3m/TCGA_HT_7602_19951103/TCGA_HT_7602_19951103_19_mask.tif,7
lgg_seg,lgg_seg,kaggle_3m/TCGA_HT_7602_19951103/TCGA_HT_7602_19951103_2.tif,TCGA_HT_7602_19951103_2,empty,p78,train,none,2975,-1,,False,9664398cf33c4ce3,0,kaggle_3m/TCGA_HT_7602_19951103/TCGA_HT_7602_19951103_2_mask.tif,7
lgg_seg,lgg_seg,kaggle_3m/TCGA_HT_7602_19951103/TCGA_HT_7602_19951103_20.tif,TCGA_HT_7602_19951103_20,empty,p78,train,none,2976,-1,,False,6999a663d92626d9,0,kaggle_3m/TCGA_HT_7602_19951103/TCGA_HT_7602_19951103_20_mask.tif,7
lgg_seg,lgg_seg,kaggle_3m/TCGA_HT_7602_19951103/TCGA_HT_7602_19951103_3.tif,TCGA_HT_7602_19951103_3,empty,p78,train,none,2977,-1,,False,f64d492cb4b44bc3,0,kaggle_3m/TCGA_HT_7602_19951103/TCGA_HT_7602_19951103_3_mask.tif,7
lgg_seg,lgg_seg,kaggle_3m/TCGA_HT_7602_19951103/TCGA_HT_7602_19951103_4.tif,TCGA_HT_7602_19951103_4,empty,p78,train,none,2978,-1,,False,d3c9c92cb0f44753,0,kaggle_3m/TCGA_HT_7602_19951103/TCGA_HT_7602_19951103_4_mask.tif,7
lgg_seg,lgg_seg,kaggle_3m/TCGA_HT_7602_19951103/TCGA_HT_7602_19951103_5.tif,TCGA_HT_7602_19951103_5,empty,p78,train,none,2979,-1,,False,b6c3c92c30b4cf53,0,kaggle_3m/TCGA_HT_7602_19951103/TCGA_HT_7602_19951103_5_mask.tif,7
lgg_seg,lgg_seg,kaggle_3m/TCGA_HT_7602_19951103/TCGA_HT_7602_19951103_6.tif,TCGA_HT_7602_19951103_6,tumor,p78,train,none,2980,-1,,False,3cc6872c38b6c7c3,244,kaggle_3m/TCGA_HT_7602_19951103/TCGA_HT_7602_19951103_6_mask.tif,7
lgg_seg,lgg_seg,kaggle_3m/TCGA_HT_7602_19951103/TCGA_HT_7602_19951103_7.tif,TCGA_HT_7602_19951103_7,tumor,p78,train,none,2981,-1,,False,1c36b60c78b4e763,509,kaggle_3m/TCGA_HT_7602_19951103/TCGA_HT_7602_19951103_7_mask.tif,7
lgg_seg,lgg_seg,kaggle_3m/TCGA_HT_7602_19951103/TCGA_HT_7602_19951103_8.tif,TCGA_HT_7602_19951103_8,tumor,p78,train,none,2982,-1,,False,3926338ecc9ce363,1229,kaggle_3m/TCGA_HT_7602_19951103/TCGA_HT_7602_19951103_8_mask.tif,7
lgg_seg,lgg_seg,kaggle_3m/TCGA_HT_7602_19951103/TCGA_HT_7602_19951103_9.tif,TCGA_HT_7602_19951103_9,tumor,p78,train,none,2965,-1,duplicate_of:TCGA_HT_7602_19951103_10,False,3e66728c8c9c7363,1941,kaggle_3m/TCGA_HT_7602_19951103/TCGA_HT_7602_19951103_9_mask.tif,7
lgg_seg,lgg_seg,kaggle_3m/TCGA_HT_7605_19950916/TCGA_HT_7605_19950916_1.tif,TCGA_HT_7605_19950916_1,empty,p23,train,none,2984,-1,,False,e4cc928cb9b4d963,0,kaggle_3m/TCGA_HT_7605_19950916/TCGA_HT_7605_19950916_1_mask.tif,7
lgg_seg,lgg_seg,kaggle_3m/TCGA_HT_7605_19950916/TCGA_HT_7605_19950916_10.tif,TCGA_HT_7605_19950916_10,empty,p23,train,none,2985,-1,,False,79e6c30c3c968ccb,0,kaggle_3m/TCGA_HT_7605_19950916/TCGA_HT_7605_19950916_10_mask.tif,7
lgg_seg,lgg_seg,kaggle_3m/TCGA_HT_7605_19950916/TCGA_HT_7605_19950916_11.tif,TCGA_HT_7605_19950916_11,empty,p23,train,none,2986,-1,,False,7964c7062c9c9ecb,0,kaggle_3m/TCGA_HT_7605_19950916/TCGA_HT_7605_19950916_11_mask.tif,7
lgg_seg,lgg_seg,kaggle_3m/TCGA_HT_7605_19950916/TCGA_HT_7605_19950916_12.tif,TCGA_HT_7605_19950916_12,empty,p23,train,none,2987,-1,,False,6966e6868d9cdc49,0,kaggle_3m/TCGA_HT_7605_19950916/TCGA_HT_7605_19950916_12_mask.tif,7
lgg_seg,lgg_seg,kaggle_3m/TCGA_HT_7605_19950916/TCGA_HT_7605_19950916_13.tif,TCGA_HT_7605_19950916_13,empty,p23,train,none,2988,-1,,False,63a6c6968e3c7c49,0,kaggle_3m/TCGA_HT_7605_19950916/TCGA_HT_7605_19950916_13_mask.tif,7
lgg_seg,lgg_seg,kaggle_3m/TCGA_HT_7605_19950916/TCGA_HT_7605_19950916_14.tif,TCGA_HT_7605_19950916_14,empty,p23,train,none,2989,-1,,False,638c8e968f3c7469,0,kaggle_3m/TCGA_HT_7605_19950916/TCGA_HT_7605_19950916_14_mask.tif,7
lgg_seg,lgg_seg,kaggle_3m/TCGA_HT_7605_19950916/TCGA_HT_7605_19950916_15.tif,TCGA_HT_7605_19950916_15,empty,p23,train,none,2989,-1,duplicate_of:TCGA_HT_7605_19950916_14,False,698ccc968f3c7469,0,kaggle_3m/TCGA_HT_7605_19950916/TCGA_HT_7605_19950916_15_mask.tif,7
lgg_seg,lgg_seg,kaggle_3m/TCGA_HT_7605_19950916/TCGA_HT_7605_19950916_16.tif,TCGA_HT_7605_19950916_16,empty,p23,train,none,367,-1,duplicate_of:TCGA_DU_5849_19950405_18,False,698ec99e863c3669,0,kaggle_3m/TCGA_HT_7605_19950916/TCGA_HT_7605_19950916_16_mask.tif,7
lgg_seg,lgg_seg,kaggle_3m/TCGA_HT_7605_19950916/TCGA_HT_7605_19950916_17.tif,TCGA_HT_7605_19950916_17,empty,p23,train,none,367,-1,duplicate_of:TCGA_DU_5849_19950405_18,False,698ccd96863e3669,0,kaggle_3m/TCGA_HT_7605_19950916/TCGA_HT_7605_19950916_17_mask.tif,7
lgg_seg,lgg_seg,kaggle_3m/TCGA_HT_7605_19950916/TCGA_HT_7605_19950916_18.tif,TCGA_HT_7605_19950916_18,empty,p23,train,none,2993,-1,,False,69a64f86ac1e9669,0,kaggle_3m/TCGA_HT_7605_19950916/TCGA_HT_7605_19950916_18_mask.tif,7
lgg_seg,lgg_seg,kaggle_3m/TCGA_HT_7605_19950916/TCGA_HT_7605_19950916_19.tif,TCGA_HT_7605_19950916_19,empty,p23,train,none,2993,-1,duplicate_of:TCGA_HT_7605_19950916_18,False,69a64f86ac1e9669,0,kaggle_3m/TCGA_HT_7605_19950916/TCGA_HT_7605_19950916_19_mask.tif,7
lgg_seg,lgg_seg,kaggle_3m/TCGA_HT_7605_19950916/TCGA_HT_7605_19950916_2.tif,TCGA_HT_7605_19950916_2,empty,p23,train,none,2995,-1,,False,738c9b9c999c5863,0,kaggle_3m/TCGA_HT_7605_19950916/TCGA_HT_7605_19950916_2_mask.tif,7
lgg_seg,lgg_seg,kaggle_3m/TCGA_HT_7605_19950916/TCGA_HT_7605_19950916_20.tif,TCGA_HT_7605_19950916_20,empty,p23,train,none,73,-1,duplicate_of:TCGA_CS_4944_20010208_19,False,63a6cb86a51e9669,0,kaggle_3m/TCGA_HT_7605_19950916/TCGA_HT_7605_19950916_20_mask.tif,7
lgg_seg,lgg_seg,kaggle_3m/TCGA_HT_7605_19950916/TCGA_HT_7605_19950916_21.tif,TCGA_HT_7605_19950916_21,empty,p23,train,none,73,-1,duplicate_of:TCGA_CS_4944_20010208_19,False,71e64b86a51e9669,0,kaggle_3m/TCGA_HT_7605_19950916/TCGA_HT_7605_19950916_21_mask.tif,7
lgg_seg,lgg_seg,kaggle_3m/TCGA_HT_7605_19950916/TCGA_HT_7605_19950916_22.tif,TCGA_HT_7605_19950916_22,tumor,p23,train,none,73,-1,duplicate_of:TCGA_DU_5871_19941206_19,False,79c64386ad1e9669,325,kaggle_3m/TCGA_HT_7605_19950916/TCGA_HT_7605_19950916_22_mask.tif,7
lgg_seg,lgg_seg,kaggle_3m/TCGA_HT_7605_19950916/TCGA_HT_7605_19950916_23.tif,TCGA_HT_7605_19950916_23,tumor,p23,train,none,646,-1,duplicate_of:TCGA_DU_5872_19950223_46,False,79c461a6e5961679,538,kaggle_3m/TCGA_HT_7605_19950916/TCGA_HT_7605_19950916_23_mask.tif,7
lgg_seg,lgg_seg,kaggle_3m/TCGA_HT_7605_19950916/TCGA_HT_7605_19950916_24.tif,TCGA_HT_7605_19950916_24,tumor,p23,train,none,646,-1,duplicate_of:TCGA_DU_5872_19950223_46,False,59c461a6e59e1679,1128,kaggle_3m/TCGA_HT_7605_19950916/TCGA_HT_7605_19950916_24_mask.tif,7
lgg_seg,lgg_seg,kaggle_3m/TCGA_HT_7605_19950916/TCGA_HT_7605_19950916_25.tif,TCGA_HT_7605_19950916_25,tumor,p23,train,none,646,-1,duplicate_of:TCGA_DU_5872_19950223_46,False,19c47126e59e9679,1363,kaggle_3m/TCGA_HT_7605_19950916/TCGA_HT_7605_19950916_25_mask.tif,7
lgg_seg,lgg_seg,kaggle_3m/TCGA_HT_7605_19950916/TCGA_HT_7605_19950916_26.tif,TCGA_HT_7605_19950916_26,tumor,p23,train,none,646,-1,duplicate_of:TCGA_DU_5872_19950223_46,False,19c47126e19e9e79,1732,kaggle_3m/TCGA_HT_7605_19950916/TCGA_HT_7605_19950916_26_mask.tif,7
lgg_seg,lgg_seg,kaggle_3m/TCGA_HT_7605_19950916/TCGA_HT_7605_19950916_27.tif,TCGA_HT_7605_19950916_27,tumor,p23,train,none,646,-1,duplicate_of:TCGA_DU_5872_19950223_46,False,99447166e19e9c79,1801,kaggle_3m/TCGA_HT_7605_19950916/TCGA_HT_7605_19950916_27_mask.tif,7
lgg_seg,lgg_seg,kaggle_3m/TCGA_HT_7605_19950916/TCGA_HT_7605_19950916_28.tif,TCGA_HT_7605_19950916_28,tumor,p23,train,none,3004,-1,,False,99497166618e9e79,1621,kaggle_3m/TCGA_HT_7605_19950916/TCGA_HT_7605_19950916_28_mask.tif,7
lgg_seg,lgg_seg,kaggle_3m/TCGA_HT_7605_19950916/TCGA_HT_7605_19950916_29.tif,TCGA_HT_7605_19950916_29,tumor,p23,train,none,3005,-1,,False,98c9996663868e7b,1222,kaggle_3m/TCGA_HT_7605_19950916/TCGA_HT_7605_19950916_29_mask.tif,7
lgg_seg,lgg_seg,kaggle_3m/TCGA_HT_7605_19950916/TCGA_HT_7605_19950916_3.tif,TCGA_HT_7605_19950916_3,empty,p23,train,none,3006,-1,,False,138cc99c999cbce3,0,kaggle_3m/TCGA_HT_7605_19950916/TCGA_HT_7605_19950916_3_mask.tif,7
lgg_seg,lgg_seg,kaggle_3m/TCGA_HT_7605_19950916/TCGA_HT_7605_19950916_30.tif,TCGA_HT_7605_19950916_30,tumor,p23,train,none,3007,-1,,False,a699996663a6865b,539,kaggle_3m/TCGA_HT_7605_19950916/TCGA_HT_7605_19950916_30_mask.tif,7
lgg_seg,lgg_seg,kaggle_3m/TCGA_HT_7605_19950916/TCGA_HT_7605_19950916_31.tif,TCGA_HT_7605_19950916_31,empty,p23,train,none,73,-1,duplicate_of:TCGA_CS_4944_20010208_19,False,669999637ba4a499,0,kaggle_3m/TCGA_HT_7605_19950916/TCGA_HT_7605_19950916_31_mask.tif,7
lgg_seg,lgg_seg,kaggle_3m/TCGA_HT_7605_19950916/TCGA_HT_7605_19950916_32.tif,TCGA_HT_7605_19950916_32,empty,p23,train,none,3009,-1,,False,6643961b1b66e599,0,kaggle_3m/TCGA_HT_7605_19950916/TCGA_HT_7605_19950916_32_mask.tif,7
lgg_seg,lgg_seg,kaggle_3m/TCGA_HT_7605_19950916/TCGA_HT_7605_19950916_4.tif,TCGA_HT_7605_19950916_4,empty,p23,train,none,3010,-1,,False,d38cc99c993cb4c3,0,kaggle_3m/TCGA_HT_7605_19950916/TCGA_HT_7605_19950916_4_mask.tif,7
lgg_seg,lgg_seg,kaggle_3m/TCGA_HT_7605_19950916/TCGA_HT_7605_19950916_5.tif,TCGA_HT_7605_19950916_5,empty,p23,train,none,3011,-1,,False,f186c99c999c9cc3,0,kaggle_3m/TCGA_HT_7605_19950916/TCGA_HT_7605_19950916_5_mask.tif,7
lgg_seg,lgg_seg,kaggle_3m/TCGA_HT_7605_19950916/TCGA_HT_7605_19950916_6.tif,TCGA_HT_7605_19950916_6,empty,p23,train,none,3012,-1,,False,f8864b3c9c9c9cc3,0,kaggle_3m/TCGA_HT_7605_19950916/TCGA_HT_7605_19950916_6_mask.tif,7
lgg_seg,lgg_seg,kaggle_3m/TCGA_HT_7605_19950916/TCGA_HT_7605_19950916_7.tif,TCGA_HT_7605_19950916_7,empty,p23,train,none,3013,-1,,False,79ce43349c9c9c63,0,kaggle_3m/TCGA_HT_7605_19950916/TCGA_HT_7605_19950916_7_mask.tif,7
lgg_seg,lgg_seg,kaggle_3m/TCGA_HT_7605_19950916/TCGA_HT_7605_19950916_8.tif,TCGA_HT_7605_19950916_8,empty,p23,train,none,3014,-1,,False,73e4493c9c9c9c63,0,kaggle_3m/TCGA_HT_7605_19950916/TCGA_HT_7605_19950916_8_mask.tif,7
lgg_seg,lgg_seg,kaggle_3m/TCGA_HT_7605_19950916/TCGA_HT_7605_19950916_9.tif,TCGA_HT_7605_19950916_9,empty,p23,train,none,3015,-1,,False,71c6cb2c3c9c8ce3,0,kaggle_3m/TCGA_HT_7605_19950916/TCGA_HT_7605_19950916_9_mask.tif,7
lgg_seg,lgg_seg,kaggle_3m/TCGA_HT_7608_19940304/TCGA_HT_7608_19940304_1.tif,TCGA_HT_7608_19940304_1,empty,p80,train,none,3016,-1,,False,b02c7996f1f44b43,0,kaggle_3m/TCGA_HT_7608_19940304/TCGA_HT_7608_19940304_1_mask.tif,4
lgg_seg,lgg_seg,kaggle_3m/TCGA_HT_7608_19940304/TCGA_HT_7608_19940304_10.tif,TCGA_HT_7608_19940304_10,empty,p80,train,none,3017,-1,,False,cf066636b1f4434b,0,kaggle_3m/TCGA_HT_7608_19940304/TCGA_HT_7608_19940304_10_mask.tif,4
lgg_seg,lgg_seg,kaggle_3m/TCGA_HT_7608_19940304/TCGA_HT_7608_19940304_11.tif,TCGA_HT_7608_19940304_11,tumor,p80,train,none,3018,-1,,False,6726163eb9f44343,660,kaggle_3m/TCGA_HT_7608_19940304/TCGA_HT_7608_19940304_11_mask.tif,4
lgg_seg,lgg_seg,kaggle_3m/TCGA_HT_7608_19940304/TCGA_HT_7608_19940304_12.tif,TCGA_HT_7608_19940304_12,tumor,p80,train,none,3019,-1,,False,3606923cadfcd343,406,kaggle_3m/TCGA_HT_7608_19940304/TCGA_HT_7608_19940304_12_mask.tif,4
lgg_seg,lgg_seg,kaggle_3m/TCGA_HT_7608_19940304/TCGA_HT_7608_19940304_13.tif,TCGA_HT_7608_19940304_13,tumor,p80,train,none,3020,-1,,False,1e2630bcadfc5343,701,kaggle_3m/TCGA_HT_7608_19940304/TCGA_HT_7608_19940304_13_mask.tif,4
lgg_seg,lgg_seg,kaggle_3m/TCGA_HT_7608_19940304/TCGA_HT_7608_19940304_14.tif,TCGA_HT_7608_19940304_14,tumor,p80,train,none,3021,-1,,False,1c2c78bc8ddcd343,2790,kaggle_3m/TCGA_HT_7608_19940304/TCGA_HT_7608_19940304_14_mask.tif,4
lgg_seg,lgg_seg,kaggle_3m/TCGA_HT_7608_19940304/TCGA_HT_7608_19940304_15.tif,TCGA_HT_7608_19940304_15,tumor,p80,train,none,3022,-1,,False,3e24703c8fdcd343,3181,kaggle_3m/TCGA_HT_7608_19940304/TCGA_HT_7608_19940304_15_mask.tif,4
lgg_seg,lgg_seg,kaggle_3m/TCGA_HT_7608_19940304/TCGA_HT_7608_19940304_16.tif,TCGA_HT_7608_19940304_16,tumor,p80,train,none,3022,-1,duplicate_of:TCGA_HT_7608_19940304_15,False,3e26703c0fdcd343,3911,kaggle_3m/TCGA_HT_7608_19940304/TCGA_HT_7608_19940304_16_mask.tif,4
lgg_seg,lgg_seg,kaggle_3m/TCGA_HT_7608_19940304/TCGA_HT_7608_19940304_17.tif,TCGA_HT_7608_19940304_17,tumor,p80,train,none,3024,-1,,False,1e8ef02c0fdcd343,4656,kaggle_3m/TCGA_HT_7608_19940304/TCGA_HT_7608_19940304_17_mask.tif,4
lgg_seg,lgg_seg,kaggle_3m/TCGA_HT_7608_19940304/TCGA_HT_7608_19940304_18.tif,TCGA_HT_7608_19940304_18,tumor,p80,train,none,3025,-1,,False,4e8cf8262f9cd263,4503,kaggle_3m/TCGA_HT_7608_19940304/TCGA_HT_7608_19940304_18_mask.tif,4
lgg_seg,lgg_seg,kaggle_3m/TCGA_HT_7608_19940304/TCGA_HT_7608_19940304_19.tif,TCGA_HT_7608_19940304_19,tumor,p80,train,none,3026,-1,,False,5e8cf02c0f9cf263,4670,kaggle_3m/TCGA_HT_7608_19940304/TCGA_HT_7608_19940304_19_mask.tif,4
lgg_seg,lgg_seg,kaggle_3m/TCGA_HT_7608_19940304/TCGA_HT_7608_19940304_2.tif,TCGA_HT_7608_19940304_2,empty,p80,train,none,3027,-1,,False,382cdbb6f1f44303,0,kaggle_3m/TCGA_HT_7608_19940304/TCGA_HT_7608_19940304_2_mask.tif,4
lgg_seg,lgg_seg,kaggle_3m/TCGA_HT_7608_19940304/TCGA_HT_7608_19940304_20.tif,TCGA_HT_7608_19940304_20,tumor,p80,train,none,3026,-1,duplicate_of:TCGA_HT_7608_19940304_19,False,5e4ef02c0f9cf063,3542,kaggle_3m/TCGA_HT_7608_19940304/TCGA_HT_7608_19940304_20_mask.tif,4
lgg_seg,lgg_seg,kaggle_3m/TCGA_HT_7608_19940304/TCGA_HT_7608_19940304_21.tif,TCGA_HT_7608_19940304_21,tumor,p80,train,none,3029,-1,,False,1c4ef22c8f9cb863,1768,kaggle_3m/TCGA_HT_7608_19940304/TCGA_HT_7608_19940304_21_mask.tif,4
lgg_seg,lgg_seg,kaggle_3m/TCGA_HT_7608_19940304/TCGA_HT_7608_19940304_22.tif,TCGA_HT_7608_19940304_22,tumor,p80,train,none,3029,-1,duplicate_of:TCGA_HT_7608_19940304_21,False,9c4cf22c8f9cb863,1341,kaggle_3m/TCGA_HT_7608_19940304/TCGA_HT_7608_19940304_22_mask.tif,4
lgg_seg,lgg_seg,kaggle_3m/TCGA_HT_7608_19940304/TCGA_HT_7608_19940304_23.tif,TCGA_HT_7608_19940304_23,tumor,p80,train,none,3031,-1,,False,9c4df22c87bc3c43,830,kaggle_3m/TCGA_HT_7608_19940304/TCGA_HT_7608_19940304_23_mask.tif,4
lgg_seg,lgg_seg,kaggle_3m/TCGA_HT_7608_19940304/TCGA_HT_7608_19940304_24.tif,TCGA_HT_7608_19940304_24,tumor,p80,train,none,3032,-1,,False,19c9f00c4fbc3e53,602,kaggle_3m/TCGA_HT_7608_19940304/TCGA_HT_7608_19940304_24_mask.tif,4
lgg_seg,lgg_seg,kaggle_3m/TCGA_HT_7608_19940304/TCGA_HT_7608_19940304_25.tif,TCGA_HT_7608_19940304_25,empty,p80,train,none,3033,-1,,False,19c3f04cc33c3ed3,0,kaggle_3m/TCGA_HT_7608_19940304/TCGA_HT_7608_19940304_25_mask.tif,4
lgg_seg,lgg_seg,kaggle_3m/TCGA_HT_7608_19940304/TCGA_HT_7608_19940304_26.tif,TCGA_HT_7608_19940304_26,empty,p80,train,none,3034,-1,,False,1dd3384cc33c3cd3,0,kaggle_3m/TCGA_HT_7608_19940304/TCGA_HT_7608_19940304_26_mask.tif,4
lgg_seg,lgg_seg,kaggle_3m/TCGA_HT_7608_19940304/TCGA_HT_7608_19940304_27.tif,TCGA_HT_7608_19940304_27,empty,p80,train,none,532,-1,,False,1cd338cce32c1cf3,0,kaggle_3m/TCGA_HT_7608_19940304/TCGA_HT_7608_19940304_27_mask.tif,4
lgg_seg,lgg_seg,kaggle_3m/TCGA_HT_7608_19940304/TCGA_HT_7608_19940304_28.tif,TCGA_HT_7608_19940304_28,empty,p80,train,none,3036,-1,,False,ce3338c5e30c9cf1,0,kaggle_3m/TCGA_HT_7608_19940304/TCGA_HT_7608_19940304_28_mask.tif,4
lgg_seg,lgg_seg,kaggle_3m/TCGA_HT_7608_19940304/TCGA_HT_7608_19940304_3.tif,TCGA_HT_7608_19940304_3,empty,p80,train,none,3027,-1,duplicate_of:TCGA_HT_7608_19940304_2,False,b80edbb4f1f44303,0,kaggle_3m/TCGA_HT_7608_19940304/TCGA_HT_7608_19940304_3_mask.tif,4
lgg_seg,lgg_seg,kaggle_3m/TCGA_HT_7608_19940304/TCGA_HT_7608_19940304_4.tif,TCGA_HT_7608_19940304_4,empty,p80,train,none,3027,-1,duplicate_of:TCGA_HT_7608_19940304_2,False,b80ff3b4f1f40303,0,kaggle_3m/TCGA_HT_7608_19940304/TCGA_HT_7608_19940304_4_mask.tif,4
lgg_seg,lgg_seg,kaggle_3m/TCGA_HT_7608_19940304/TCGA_HT_7608_19940304_5.tif,TCGA_HT_7608_19940304_5,empty,p80,train,none,3039,-1,,False,382f33b6f1fc0303,0,kaggle_3m/TCGA_HT_7608_19940304/TCGA_HT_7608_19940304_5_mask.tif,4
lgg_seg,lgg_seg,kaggle_3m/TCGA_HT_7608_19940304/TCGA_HT_7608_19940304_6.tif,TCGA_HT_7608_19940304_6,empty,p80,train,none,3040,-1,,False,792e3b36f1f40303,0,kaggle_3m/TCGA_HT_7608_19940304/TCGA_HT_7608_19940304_6_mask.tif,4
lgg_seg,lgg_seg,kaggle_3m/TCGA_HT_7608_19940304/TCGA_HT_7608_19940304_7.tif,TCGA_HT_7608_19940304_7,empty,p80,train,none,3041,-1,,False,792e1e3cb1f6030b,0,kaggle_3m/TCGA_HT_7608_19940304/TCGA_HT_7608_19940304_7_mask.tif,4
lgg_seg,lgg_seg,kaggle_3m/TCGA_HT_7608_19940304/TCGA_HT_7608_19940304_8.tif,TCGA_HT_7608_19940304_8,empty,p80,train,none,3042,-1,,False,eb0e0e3c39f4c30b,0,kaggle_3m/TCGA_HT_7608_19940304/TCGA_HT_7608_19940304_8_mask.tif,4
lgg_seg,lgg_seg,kaggle_3m/TCGA_HT_7608_19940304/TCGA_HT_7608_19940304_9.tif,TCGA_HT_7608_19940304_9,empty,p80,train,none,3042,-1,duplicate_of:TCGA_HT_7608_19940304_8,False,e30e1e3cb9f4430b,0,kaggle_3m/TCGA_HT_7608_19940304/TCGA_HT_7608_19940304_9_mask.tif,4
lgg_seg,lgg_seg,kaggle_3m/TCGA_HT_7616_19940813/TCGA_HT_7616_19940813_1.tif,TCGA_HT_7616_19940813_1,empty,p81,train,none,3044,-1,,False,063e3c2673fc864b,0,kaggle_3m/TCGA_HT_7616_19940813/TCGA_HT_7616_19940813_1_mask.tif,7
lgg_seg,lgg_seg,kaggle_3m/TCGA_HT_7616_19940813/TCGA_HT_7616_19940813_10.tif,TCGA_HT_7616_19940813_10,empty,p81,train,none,541,-1,duplicate_of:TCGA_DU_5854_19951104_7,False,6c2c2c363cfcc3c3,0,kaggle_3m/TCGA_HT_7616_19940813/TCGA_HT_7616_19940813_10_mask.tif,7
lgg_seg,lgg_seg,kaggle_3m/TCGA_HT_7616_19940813/TCGA_HT_7616_19940813_11.tif,TCGA_HT_7616_19940813_11,empty,p81,train,none,3046,-1,,False,69262c3cb8fcc3c3,0,kaggle_3m/TCGA_HT_7616_19940813/TCGA_HT_7616_19940813_11_mask.tif,7
lgg_seg,lgg_seg,kaggle_3m/TCGA_HT_7616_19940813/TCGA_HT_7616_19940813_12.tif,TCGA_HT_7616_19940813_12,empty,p81,train,none,3047,-1,,False,71262d3cf8dc86c3,0,kaggle_3m/TCGA_HT_7616_19940813/TCGA_HT_7616_19940813_12_mask.tif,7
lgg_seg,lgg_seg,kaggle_3m/TCGA_HT_7616_19940813/TCGA_HT_7616_19940813_13.tif,TCGA_HT_7616_19940813_13,empty,p81,train,none,3048,-1,,False,730621bcecfc864b,0,kaggle_3m/TCGA_HT_7616_19940813/TCGA_HT_7616_19940813_13_mask.tif,7
lgg_seg,lgg_seg,kaggle_3m/TCGA_HT_7616_19940813/TCGA_HT_7616_19940813_14.tif,TCGA_HT_7616_19940813_14,tumor,p81,train,none,3049,-1,,False,710639bcecdc9643,592,kaggle_3m/TCGA_HT_7616_19940813/TCGA_HT_7616_19940813_14_mask.tif,7
lgg_seg,lgg_seg,kaggle_3m/TCGA_HT_7616_19940813/TCGA_HT_7616_19940813_15.tif,TCGA_HT_7616_19940813_15,tumor,p81,train,none,3050,-1,,False,5906293ce5fc96c3,1391,kaggle_3m/TCGA_HT_7616_19940813/TCGA_HT_7616_19940813_15_mask.tif,7
lgg_seg,lgg_seg,kaggle_3m/TCGA_HT_7616_19940813/TCGA_HT_7616_19940813_16.tif,TCGA_HT_7616_19940813_16,tumor,p81,train,none,3051,-1,,False,5926693ca9f496c3,1515,kaggle_3m/TCGA_HT_7616_19940813/TCGA_HT_7616_19940813_16_mask.tif,7
lgg_seg,lgg_seg,kaggle_3m/TCGA_HT_7616_19940813/TCGA_HT_7616_19940813_17.tif,TCGA_HT_7616_19940813_17,tumor,p81,train,none,3052,-1,,False,792e691ca9f4d243,2280,kaggle_3m/TCGA_HT_7616_19940813/TCGA_HT_7616_19940813_17_mask.tif,7
lgg_seg,lgg_seg,kaggle_3m/TCGA_HT_7616_19940813/TCGA_HT_7616_19940813_18.tif,TCGA_HT_7616_19940813_18,tumor,p81,train,none,3053,-1,,False,792c290cadf4b363,2596,kaggle_3m/TCGA_HT_7616_19940813/TCGA_HT_7616_19940813_18_mask.tif,7
lgg_seg,lgg_seg,kaggle_3m/TCGA_HT_7616_19940813/TCGA_HT_7616_19940813_19.tif,TCGA_HT_7616_19940813_19,tumor,p81,train,none,3054,-1,,False,582c390cadbcf363,3767,kaggle_3m/TCGA_HT_7616_19940813/TCGA_HT_7616_19940813_19_mask.tif,7
lgg_seg,lgg_seg,kaggle_3m/TCGA_HT_7616_19940813/TCGA_HT_7616_19940813_2.tif,TCGA_HT_7616_19940813_2,empty,p81,train,none,3055,-1,,False,2e243c16f3fc864b,0,kaggle_3m/TCGA_HT_7616_19940813/TCGA_HT_7616_19940813_2_mask.tif,7
lgg_seg,lgg_seg,kaggle_3m/TCGA_HT_7616_19940813/TCGA_HT_7616_19940813_20.tif,TCGA_HT_7616_19940813_20,tumor,p81,train,none,3054,-1,duplicate_of:TCGA_HT_7616_19940813_19,False,592c390cad9cf363,3683,kaggle_3m/TCGA_HT_7616_19940813/TCGA_HT_7616_19940813_20_mask.tif,7
lgg_seg,lgg_seg,kaggle_3m/TCGA_HT_7616_19940813/TCGA_HT_7616_19940813_21.tif,TCGA_HT_7616_19940813_21,tumor,p81,train,none,3054,-1,duplicate_of:TCGA_HT_7616_19940813_19,False,582c790cad9cf363,3371,kaggle_3m/TCGA_HT_7616_19940813/TCGA_HT_7616_19940813_21_mask.tif,7
lgg_seg,lgg_seg,kaggle_3m/TCGA_HT_7616_19940813/TCGA_HT_7616_19940813_22.tif,TCGA_HT_7616_19940813_22,tumor,p81,train,none,3054,-1,duplicate_of:TCGA_HT_7616_19940813_19,False,186c792cad9cf263,2465,kaggle_3m/TCGA_HT_7616_19940813/TCGA_HT_7616_19940813_22_mask.tif,7
lgg_seg,lgg_seg,kaggle_3m/TCGA_HT_7616_19940813/TCGA_HT_7616_19940813_23.tif,TCGA_HT_7616_19940813_23,tumor,p81,train,none,3059,-1,,False,9c4c7b24299cf2e3,2124,kaggle_3m/TCGA_HT_7616_19940813/TCGA_HT_7616_19940813_23_mask.tif,7
lgg_seg,lgg_seg,kaggle_3m/TCGA_HT_7616_19940813/TCGA_HT_7616_19940813_24.tif,TCGA_HT_7616_19940813_24,tumor,p81,train,none,3054,-1,duplicate_of:TCGA_HT_7616_19940813_19,False,1c4c7b2c8d9cf263,1779,kaggle_3m/TCGA_HT_7616_19940813/TCGA_HT_7616_19940813_24_mask.tif,7
lgg_seg,lgg_seg,kaggle_3m/TCGA_HT_7616_19940813/TCGA_HT_7616_19940813_25.tif,TCGA_HT_7616_19940813_25,tumor,p81,train,none,3054,-1,duplicate_of:TCGA_HT_7616_19940813_19,False,8c4c732c8d9cf363,1814,kaggle_3m/TCGA_HT_7616_19940813/TCGA_HT_7616_19940813_25_mask.tif,7
lgg_seg,lgg_seg,kaggle_3m/TCGA_HT_7616_19940813/TCGA_HT_7616_19940813_26.tif,TCGA_HT_7616_19940813_26,tumor,p81,train,none,3054,-1,duplicate_of:TCGA_HT_7616_19940813_19,False,8c4f732c899cf263,1539,kaggle_3m/TCGA_HT_7616_19940813/TCGA_HT_7616_19940813_26_mask.tif,7
lgg_seg,lgg_seg,kaggle_3m/TCGA_HT_7616_19940813/TCGA_HT_7616_19940813_27.tif,TCGA_HT_7616_19940813_27,tumor,p81,train,none,3063,-1,,False,8ccf762c099cb663,1411,kaggle_3m/TCGA_HT_7616_19940813/TCGA_HT_7616_19940813_27_mask.tif,7
lgg_seg,lgg_seg,kaggle_3m/TCGA_HT_7616_19940813/TCGA_HT_7616_19940813_28.tif,TCGA_HT_7616_19940813_28,tumor,p81,train,none,3064,-1,,False,8ccb564c499cb673,554,kaggle_3m/TCGA_HT_7616_19940813/TCGA_HT_7616_19940813_28_mask.tif,7
lgg_seg,lgg_seg,kaggle_3m/TCGA_HT_7616_19940813/TCGA_HT_7616_19940813_29.tif,TCGA_HT_7616_19940813_29,empty,p81,train,none,3065,-1,,False,e4d3964c491cb673,0,kaggle_3m/TCGA_HT_7616_19940813/TCGA_HT_7616_19940813_29_mask.tif,7
lgg_seg,lgg_seg,kaggle_3m/TCGA_HT_7616_19940813/TCGA_HT_7616_19940813_3.tif,TCGA_HT_7616_19940813_3,empty,p81,train,none,3066,-1,,False,2da46916e4fc964b,0,kaggle_3m/TCGA_HT_7616_19940813/TCGA_HT_7616_19940813_3_mask.tif,7
lgg_seg,lgg_seg,kaggle_3m/TCGA_HT_7616_19940813/TCGA_HT_7616_19940813_30.tif,TCGA_HT_7616_19940813_30,empty,p81,train,none,3067,-1,,False,67b384cd590c26f3,0,kaggle_3m/TCGA_HT_7616_19940813/TCGA_HT_7616_19940813_30_mask.tif,7
lgg_seg,lgg_seg,kaggle_3m/TCGA_HT_7616_19940813/TCGA_HT_7616_19940813_4.tif,TCGA_HT_7616_19940813_4,empty,p81,train,none,3068,-1,,False,69ac6336e47c9649,0,kaggle_3m/TCGA_HT_7616_19940813/TCGA_HT_7616_19940813_4_mask.tif,7
lgg_seg,lgg_seg,kaggle_3m/TCGA_HT_7616_19940813/TCGA_HT_7616_19940813_5.tif,TCGA_HT_7616_19940813_5,empty,p81,train,none,3068,-1,duplicate_of:TCGA_HT_7616_19940813_4,False,79ac6316647c964b,0,kaggle_3m/TCGA_HT_7616_19940813/TCGA_HT_7616_19940813_5_mask.tif,7
lgg_seg,lgg_seg,kaggle_3m/TCGA_HT_7616_19940813/TCGA_HT_7616_19940813_6.tif,TCGA_HT_7616_19940813_6,empty,p81,train,none,3068,-1,duplicate_of:TCGA_HT_7616_19940813_4,False,c9ac63166c7c964b,0,kaggle_3m/TCGA_HT_7616_19940813/TCGA_HT_7616_19940813_6_mask.tif,7
lgg_seg,lgg_seg,kaggle_3m/TCGA_HT_7616_19940813/TCGA_HT_7616_19940813_7.tif,TCGA_HT_7616_19940813_7,empty,p81,train,none,3071,-1,,False,59ac63967c7c8703,0,kaggle_3m/TCGA_HT_7616_19940813/TCGA_HT_7616_19940813_7_mask.tif,7
lgg_seg,lgg_seg,kaggle_3m/TCGA_HT_7616_19940813/TCGA_HT_7616_19940813_8.tif,TCGA_HT_7616_19940813_8,empty,p81,train,none,3072,-1,,False,694c67963c7cc703,0,kaggle_3m/TCGA_HT_7616_19940813/TCGA_HT_7616_19940813_8_mask.tif,7
lgg_seg,lgg_seg,kaggle_3m/TCGA_HT_7616_19940813/TCGA_HT_7616_19940813_9.tif,TCGA_HT_7616_19940813_9,empty,p81,train,none,3072,-1,duplicate_of:TCGA_HT_7616_19940813_8,False,690c67963cfcc343,0,kaggle_3m/TCGA_HT_7616_19940813/TCGA_HT_7616_19940813_9_mask.tif,7
lgg_seg,lgg_seg,kaggle_3m/TCGA_HT_7680_19970202/TCGA_HT_7680_19970202_1.tif,TCGA_HT_7680_19970202_1,empty,p82,val,none,3074,-1,,False,a6391e2679b6c349,0,kaggle_3m/TCGA_HT_7680_19970202/TCGA_HT_7680_19970202_1_mask.tif,1
lgg_seg,lgg_seg,kaggle_3m/TCGA_HT_7680_19970202/TCGA_HT_7680_19970202_10.tif,TCGA_HT_7680_19970202_10,empty,p82,val,none,3075,-1,,False,1ca6798ee9b49649,0,kaggle_3m/TCGA_HT_7680_19970202/TCGA_HT_7680_19970202_10_mask.tif,1
lgg_seg,lgg_seg,kaggle_3m/TCGA_HT_7680_19970202/TCGA_HT_7680_19970202_11.tif,TCGA_HT_7680_19970202_11,empty,p82,val,none,3076,-1,,False,1ea4790e29bc96cb,0,kaggle_3m/TCGA_HT_7680_19970202/TCGA_HT_7680_19970202_11_mask.tif,1
lgg_seg,lgg_seg,kaggle_3m/TCGA_HT_7680_19970202/TCGA_HT_7680_19970202_12.tif,TCGA_HT_7680_19970202_12,empty,p82,val,none,3077,-1,,False,1ee6490e29b6d6c9,0,kaggle_3m/TCGA_HT_7680_19970202/TCGA_HT_7680_19970202_12_mask.tif,1
lgg_seg,lgg_seg,kaggle_3m/TCGA_HT_7680_19970202/TCGA_HT_7680_19970202_13.tif,TCGA_HT_7680_19970202_13,empty,p82,val,none,3077,-1,duplicate_of:TCGA_HT_7680_19970202_12,False,9ae6490e29b6d6c9,0,kaggle_3m/TCGA_HT_7680_19970202/TCGA_HT_7680_19970202_13_mask.tif,1
lgg_seg,lgg_seg,kaggle_3m/TCGA_HT_7680_19970202/TCGA_HT_7680_19970202_14.tif,TCGA_HT_7680_19970202_14,empty,p82,val,none,3079,-1,,False,9b6d480e2936d6cb,0,kaggle_3m/TCGA_HT_7680_19970202/TCGA_HT_7680_19970202_14_mask.tif,1
lgg_seg,lgg_seg,kaggle_3m/TCGA_HT_7680_19970202/TCGA_HT_7680_19970202_15.tif,TCGA_HT_7680_19970202_15,empty,p82,val,none,3080,-1,,False,9ecd5a0c29b696c3,0,kaggle_3m/TCGA_HT_7680_19970202/TCGA_HT_7680_19970202_15_mask.tif,1
lgg_seg,lgg_seg,kaggle_3m/TCGA_HT_7680_19970202/TCGA_HT_7680_19970202_16.tif,TCGA_HT_7680_19970202_16,empty,p82,val,none,3080,-1,duplicate_of:TCGA_HT_7680_19970202_15,False,96cd5b0c69b69643,0,kaggle_3m/TCGA_HT_7680_19970202/TCGA_HT_7680_19970202_16_mask.tif,1
lgg_seg,lgg_seg,kaggle_3m/TCGA_HT_7680_19970202/TCGA_HT_7680_19970202_17.tif,TCGA_HT_7680_19970202_17,empty,p82,val,none,3080,-1,duplicate_of:TCGA_HT_7680_19970202_15,False,96c9da0c69b696c3,0,kaggle_3m/TCGA_HT_7680_19970202/TCGA_HT_7680_19970202_17_mask.tif,1
lgg_seg,lgg_seg,kaggle_3m/TCGA_HT_7680_19970202/TCGA_HT_7680_19970202_18.tif,TCGA_HT_7680_19970202_18,empty,p82,val,none,2972,-1,duplicate_of:TCGA_HT_7602_19951103_17,False,a6d392cc4934b6d3,0,kaggle_3m/TCGA_HT_7680_19970202/TCGA_HT_7680_19970202_18_mask.tif,1
lgg_seg,lgg_seg,kaggle_3m/TCGA_HT_7680_19970202/TCGA_HT_7680_19970202_19.tif,TCGA_HT_7680_19970202_19,empty,p82,val,none,2973,-1,duplicate_of:TCGA_HT_7602_19951103_18,False,26f392cd492ca6d3,0,kaggle_3m/TCGA_HT_7680_19970202/TCGA_HT_7680_19970202_19_mask.tif,1
lgg_seg,lgg_seg,kaggle_3m/TCGA_HT_7680_19970202/TCGA_HT_7680_19970202_2.tif,TCGA_HT_7680_19970202_2,empty,p82,val,none,3074,-1,duplicate_of:TCGA_HT_7680_19970202_1,False,a6391e2638b6e34b,0,kaggle_3m/TCGA_HT_7680_19970202/TCGA_HT_7680_19970202_2_mask.tif,1
lgg_seg,lgg_seg,kaggle_3m/TCGA_HT_7680_19970202/TCGA_HT_7680_19970202_20.tif,TCGA_HT_7680_19970202_20,empty,p82,val,none,975,-1,duplicate_of:TCGA_DU_6405_19851005_51,False,ce3332c3d90c26f3,0,kaggle_3m/TCGA_HT_7680_19970202/TCGA_HT_7680_19970202_20_mask.tif,1
lgg_seg,lgg_seg,kaggle_3m/TCGA_HT_7680_19970202/TCGA_HT_7680_19970202_21.tif,TCGA_HT_7680_19970202_21,empty,p82,val,none,1314,-1,duplicate_of:TCGA_DU_7014_19860618_57,False,d9cc643399cc6633,0,kaggle_3m/TCGA_HT_7680_19970202/TCGA_HT_7680_19970202_21_mask.tif,1
lgg_seg,lgg_seg,kaggle_3m/TCGA_HT_7680_19970202/TCGA_HT_7680_19970202_3.tif,TCGA_HT_7680_19970202_3,empty,p82,val,none,3088,-1,,False,246d1eb638bcc34b,0,kaggle_3m/TCGA_HT_7680_19970202/TCGA_HT_7680_19970202_3_mask.tif,1
lgg_seg,lgg_seg,kaggle_3m/TCGA_HT_7680_19970202/TCGA_HT_7680_19970202_4.tif,TCGA_HT_7680_19970202_4,empty,p82,val,none,3089,-1,,False,8c4f96b678bc034b,0,kaggle_3m/TCGA_HT_7680_19970202/TCGA_HT_7680_19970202_4_mask.tif,1
lgg_seg,lgg_seg,kaggle_3m/TCGA_HT_7680_19970202/TCGA_HT_7680_19970202_5.tif,TCGA_HT_7680_19970202_5,tumor,p82,val,none,3090,-1,,False,896316b6f8f4074b,739,kaggle_3m/TCGA_HT_7680_19970202/TCGA_HT_7680_19970202_5_mask.tif,1
lgg_seg,lgg_seg,kaggle_3m/TCGA_HT_7680_19970202/TCGA_HT_7680_19970202_6.tif,TCGA_HT_7680_19970202_6,tumor,p82,val,none,3091,-1,,False,49630eb6f8f68349,785,kaggle_3m/TCGA_HT_7680_19970202/TCGA_HT_7680_19970202_6_mask.tif,1
lgg_seg,lgg_seg,kaggle_3m/TCGA_HT_7680_19970202/TCGA_HT_7680_19970202_7.tif,TCGA_HT_7680_19970202_7,tumor,p82,val,none,3092,-1,,False,0be74c9639b68749,535,kaggle_3m/TCGA_HT_7680_19970202/TCGA_HT_7680_19970202_7_mask.tif,1
lgg_seg,lgg_seg,kaggle_3m/TCGA_HT_7680_19970202/TCGA_HT_7680_19970202_8.tif,TCGA_HT_7680_19970202_8,empty,p82,val,none,3093,-1,,False,1ea66c3639b4c749,0,kaggle_3m/TCGA_HT_7680_19970202/TCGA_HT_7680_19970202_8_mask.tif,1
lgg_seg,lgg_seg,kaggle_3m/TCGA_HT_7680_19970202/TCGA_HT_7680_19970202_9.tif,TCGA_HT_7680_19970202_9,empty,p82,val,none,3094,-1,,False,1e243c0ee9d4d6cb,0,kaggle_3m/TCGA_HT_7680_19970202/TCGA_HT_7680_19970202_9_mask.tif,1
lgg_seg,lgg_seg,kaggle_3m/TCGA_HT_7684_19950816/TCGA_HT_7684_19950816_1.tif,TCGA_HT_7684_19950816_1,empty,p6,train,none,3095,-1,,False,c36619a63896e769,0,kaggle_3m/TCGA_HT_7684_19950816/TCGA_HT_7684_19950816_1_mask.tif,2
lgg_seg,lgg_seg,kaggle_3m/TCGA_HT_7684_19950816/TCGA_HT_7684_19950816_10.tif,TCGA_HT_7684_19950816_10,empty,p6,train,none,3096,-1,,False,490d67b6b85cc6c9,0,kaggle_3m/TCGA_HT_7684_19950816/TCGA_HT_7684_19950816_10_mask.tif,2
lgg_seg,lgg_seg,kaggle_3m/TCGA_HT_7684_19950816/TCGA_HT_7684_19950816_11.tif,TCGA_HT_7684_19950816_11,empty,p6,train,none,3097,-1,,False,6b0c2c3eb136c6e3,0,kaggle_3m/TCGA_HT_7684_19950816/TCGA_HT_7684_19950816_11_mask.tif,2
lgg_seg,lgg_seg,kaggle_3m/TCGA_HT_7684_19950816/TCGA_HT_7684_19950816_12.tif,TCGA_HT_7684_19950816_12,empty,p6,train,none,3098,-1,,False,792c3c1cb4d6c3c3,0,kaggle_3m/TCGA_HT_7684_19950816/TCGA_HT_7684_19950816_12_mask.tif,2
lgg_seg,lgg_seg,kaggle_3m/TCGA_HT_7684_19950816/TCGA_HT_7684_19950816_13.tif,TCGA_HT_7684_19950816_13,tumor,p6,train,none,3099,-1,,False,33267136e4de92c9,1048,kaggle_3m/TCGA_HT_7684_19950816/TCGA_HT_7684_19950816_13_mask.tif,2
lgg_seg,lgg_seg,kaggle_3m/TCGA_HT_7684_19950816/TCGA_HT_7684_19950816_14.tif,TCGA_HT_7684_19950816_14,tumor,p6,train,none,3100,-1,,False,3926793cecd492c9,3607,kaggle_3m/TCGA_HT_7684_19950816/TCGA_HT_7684_19950816_14_mask.tif,2
lgg_seg,lgg_seg,kaggle_3m/TCGA_HT_7684_19950816/TCGA_HT_7684_19950816_15.tif,TCGA_HT_7684_19950816_15,tumor,p6,train,none,3101,-1,,False,7906613cadf492cb,4769,kaggle_3m/TCGA_HT_7684_19950816/TCGA_HT_7684_19950816_15_mask.tif,2
lgg_seg,lgg_seg,kaggle_3m/TCGA_HT_7684_19950816/TCGA_HT_7684_19950816_16.tif,TCGA_HT_7684_19950816_16,tumor,p6,train,none,3102,-1,,False,7c24691eadb492cb,5411,kaggle_3m/TCGA_HT_7684_19950816/TCGA_HT_7684_19950816_16_mask.tif,2
lgg_seg,lgg_seg,kaggle_3m/TCGA_HT_7684_19950816/TCGA_HT_7684_19950816_17.tif,TCGA_HT_7684_19950816_17,tumor,p6,train,none,3103,-1,,False,4c26790eadb692cb,5580,kaggle_3m/TCGA_HT_7684_19950816/TCGA_HT_7684_19950816_17_mask.tif,2
lgg_seg,lgg_seg,kaggle_3m/TCGA_HT_7684_19950816/TCGA_HT_7684_19950816_18.tif,TCGA_HT_7684_19950816_18,tumor,p6,train,none,3104,-1,,False,5e2c690cadb692cb,4921,kaggle_3m/TCGA_HT_7684_19950816/TCGA_HT_7684_19950816_18_mask.tif,2
lgg_seg,lgg_seg,kaggle_3m/TCGA_HT_7684_19950816/TCGA_HT_7684_19950816_19.tif,TCGA_HT_7684_19950816_19,tumor,p6,train,none,3104,-1,duplicate_of:TCGA_HT_7684_19950816_18,False,5e2c692c6d3692cb,4182,kaggle_3m/TCGA_HT_7684_19950816/TCGA_HT_7684_19950816_19_mask.tif,2
lgg_seg,lgg_seg,kaggle_3m/TCGA_HT_7684_19950816/TCGA_HT_7684_19950816_2.tif,TCGA_HT_7684_19950816_2,empty,p6,train,none,3106,-1,,False,c62699a6381ee769,0,kaggle_3m/TCGA_HT_7684_19950816/TCGA_HT_7684_19950816_2_mask.tif,2
lgg_seg,lgg_seg,kaggle_3m/TCGA_HT_7684_19950816/TCGA_HT_7684_19950816_20.tif,TCGA_HT_7684_19950816_20,tumor,p6,train,none,3107,-1,,False,df8c490c6d3692cb,3268,kaggle_3m/TCGA_HT_7684_19950816/TCGA_HT_7684_19950816_20_mask.tif,2
lgg_seg,lgg_seg,kaggle_3m/TCGA_HT_7684_19950816/TCGA_HT_7684_19950816_21.tif,TCGA_HT_7684_19950816_21,tumor,p6,train,none,3108,-1,,False,9acc590c6d3696d9,1915,kaggle_3m/TCGA_HT_7684_19950816/TCGA_HT_7684_19950816_21_mask.tif,2
lgg_seg,lgg_seg,kaggle_3m/TCGA_HT_7684_19950816/TCGA_HT_7684_19950816_22.tif,TCGA_HT_7684_19950816_22,tumor,p6,train,none,10,-1,duplicate_of:TCGA_CS_5396_20010302_19,False,92c6d98c6934b6d3,909,kaggle_3m/TCGA_HT_7684_19950816/TCGA_HT_7684_19950816_22_mask.tif,2
lgg_seg,lgg_seg,kaggle_3m/TCGA_HT_7684_19950816/TCGA_HT_7684_19950816_23.tif,TCGA_HT_7684_19950816_23,empty,p6,train,none,3110,-1,,False,32e199cc4934b6f3,0,kaggle_3m/TCGA_HT_7684_19950816/TCGA_HT_7684_19950816_23_mask.tif,2
lgg_seg,lgg_seg,kaggle_3m/TCGA_HT_7684_19950816/TCGA_HT_7684_19950816_24.tif,TCGA_HT_7684_19950816_24,empty,p6,train,none,10,-1,duplicate_of:TCGA_CS_4941_19960909_19,False,267393cc490eb673,0,kaggle_3m/TCGA_HT_7684_19950816/TCGA_HT_7684_19950816_24_mask.tif,2
lgg_seg,lgg_seg,kaggle_3m/TCGA_HT_7684_19950816/TCGA_HT_7684_19950816_25.tif,TCGA_HT_7684_19950816_25,empty,p6,train,none,3112,-1,,False,cc3133f3c9cc2731,0,kaggle_3m/TCGA_HT_7684_19950816/TCGA_HT_7684_19950816_25_mask.tif,2
lgg_seg,lgg_seg,kaggle_3m/TCGA_HT_7684_19950816/TCGA_HT_7684_19950816_3.tif,TCGA_HT_7684_19950816_3,empty,p6,train,none,3106,-1,duplicate_of:TCGA_HT_7684_19950816_2,False,c62699a6381ee769,0,kaggle_3m/TCGA_HT_7684_19950816/TCGA_HT_7684_19950816_3_mask.tif,2
lgg_seg,lgg_seg,kaggle_3m/TCGA_HT_7684_19950816/TCGA_HT_7684_19950816_4.tif,TCGA_HT_7684_19950816_4,empty,p6,train,none,3114,-1,,False,136639a6791ea669,0,kaggle_3m/TCGA_HT_7684_19950816/TCGA_HT_7684_19950816_4_mask.tif,2
lgg_seg,lgg_seg,kaggle_3m/TCGA_HT_7684_19950816/TCGA_HT_7684_19950816_5.tif,TCGA_HT_7684_19950816_5,empty,p6,train,none,3115,-1,,False,1e8eb1a67916c669,0,kaggle_3m/TCGA_HT_7684_19950816/TCGA_HT_7684_19950816_5_mask.tif,2
lgg_seg,lgg_seg,kaggle_3m/TCGA_HT_7684_19950816/TCGA_HT_7684_19950816_6.tif,TCGA_HT_7684_19950816_6,empty,p6,train,none,3116,-1,,False,18a6b3b67916a669,0,kaggle_3m/TCGA_HT_7684_19950816/TCGA_HT_7684_19950816_6_mask.tif,2
lgg_seg,lgg_seg,kaggle_3m/TCGA_HT_7684_19950816/TCGA_HT_7684_19950816_7.tif,TCGA_HT_7684_19950816_7,empty,p6,train,none,3117,-1,,False,9aa669963b568669,0,kaggle_3m/TCGA_HT_7684_19950816/TCGA_HT_7684_19950816_7_mask.tif,2
lgg_seg,lgg_seg,kaggle_3m/TCGA_HT_7684_19950816/TCGA_HT_7684_19950816_8.tif,TCGA_HT_7684_19950816_8,empty,p6,train,none,3118,-1,,False,59ad29963876c669,0,kaggle_3m/TCGA_HT_7684_19950816/TCGA_HT_7684_19950816_8_mask.tif,2
lgg_seg,lgg_seg,kaggle_3m/TCGA_HT_7684_19950816/TCGA_HT_7684_19950816_9.tif,TCGA_HT_7684_19950816_9,empty,p6,train,none,3119,-1,,False,4cc52796387ec6c9,0,kaggle_3m/TCGA_HT_7684_19950816/TCGA_HT_7684_19950816_9_mask.tif,2
lgg_seg,lgg_seg,kaggle_3m/TCGA_HT_7686_19950629/TCGA_HT_7686_19950629_1.tif,TCGA_HT_7686_19950629_1,empty,p62,train,none,3120,-1,,False,a6699c865996e669,0,kaggle_3m/TCGA_HT_7686_19950629/TCGA_HT_7686_19950629_1_mask.tif,9
lgg_seg,lgg_seg,kaggle_3m/TCGA_HT_7686_19950629/TCGA_HT_7686_19950629_10.tif,TCGA_HT_7686_19950629_10,tumor,p62,train,none,3121,-1,,False,3b8c7626893676c9,1310,kaggle_3m/TCGA_HT_7686_19950629/TCGA_HT_7686_19950629_10_mask.tif,9
lgg_seg,lgg_seg,kaggle_3m/TCGA_HT_7686_19950629/TCGA_HT_7686_19950629_11.tif,TCGA_HT_7686_19950629_11,tumor,p62,train,none,3121,-1,duplicate_of:TCGA_HT_7686_19950629_10,False,3fcc6626893636c9,1946,kaggle_3m/TCGA_HT_7686_19950629/TCGA_HT_7686_19950629_11_mask.tif,9
lgg_seg,lgg_seg,kaggle_3m/TCGA_HT_7686_19950629/TCGA_HT_7686_19950629_12.tif,TCGA_HT_7686_19950629_12,tumor,p62,train,none,2277,-1,duplicate_of:TCGA_FG_5962_20000626_25,False,d9cc662e893636c9,2264,kaggle_3m/TCGA_HT_7686_19950629/TCGA_HT_7686_19950629_12_mask.tif,9
lgg_seg,lgg_seg,kaggle_3m/TCGA_HT_7686_19950629/TCGA_HT_7686_19950629_13.tif,TCGA_HT_7686_19950629_13,tumor,p62,train,none,3124,-1,,False,99cc6326c93636d9,2392,kaggle_3m/TCGA_HT_7686_19950629/TCGA_HT_7686_19950629_13_mask.tif,9
lgg_seg,lgg_seg,kaggle_3m/TCGA_HT_7686_19950629/TCGA_HT_7686_19950629_14.tif,TCGA_HT_7686_19950629_14,tumor,p62,train,none,3125,-1,,False,33cd5324c93636d9,2069,kaggle_3m/TCGA_HT_7686_19950629/TCGA_HT_7686_19950629_14_mask.tif,9
lgg_seg,lgg_seg,kaggle_3m/TCGA_HT_7686_19950629/TCGA_HT_7686_19950629_15.tif,TCGA_HT_7686_19950629_15,tumor,p62,train,none,3126,-1,,False,36cdd32c493436d3,1151,kaggle_3m/TCGA_HT_7686_19950629/TCGA_HT_7686_19950629_15_mask.tif,9
lgg_seg,lgg_seg,kaggle_3m/TCGA_HT_7686_19950629/TCGA_HT_7686_19950629_16.tif,TCGA_HT_7686_19950629_16,tumor,p62,train,none,3127,-1,,False,b6cbd30cc92436d3,945,kaggle_3m/TCGA_HT_7686_19950629/TCGA_HT_7686_19950629_16_mask.tif,9
lgg_seg,lgg_seg,kaggle_3m/TCGA_HT_7686_19950629/TCGA_HT_7686_19950629_17.tif,TCGA_HT_7686_19950629_17,empty,p62,train,none,3128,-1,,False,34c3b2ccc92c36f3,0,kaggle_3m/TCGA_HT_7686_19950629/TCGA_HT_7686_19950629_17_mask.tif,9
lgg_seg,lgg_seg,kaggle_3m/TCGA_HT_7686_19950629/TCGA_HT_7686_19950629_18.tif,TCGA_HT_7686_19950629_18,empty,p62,train,none,3129,-1,,False,3373b2ccc90c26f3,0,kaggle_3m/TCGA_HT_7686_19950629/TCGA_HT_7686_19950629_18_mask.tif,9
lgg_seg,lgg_seg,kaggle_3m/TCGA_HT_7686_19950629/TCGA_HT_7686_19950629_19.tif,TCGA_HT_7686_19950629_19,empty,p62,train,none,3130,-1,,False,4c3133f3cccc3333,0,kaggle_3m/TCGA_HT_7686_19950629/TCGA_HT_7686_19950629_19_mask.tif,9
lgg_seg,lgg_seg,kaggle_3m/TCGA_HT_7686_19950629/TCGA_HT_7686_19950629_2.tif,TCGA_HT_7686_19950629_2,empty,p62,train,none,3131,-1,,False,9c66a3ac1996e669,0,kaggle_3m/TCGA_HT_7686_19950629/TCGA_HT_7686_19950629_2_mask.tif,9
lgg_seg,lgg_seg,kaggle_3m/TCGA_HT_7686_19950629/TCGA_HT_7686_19950629_20.tif,TCGA_HT_7686_19950629_20,empty,p62,train,none,3132,-1,,False,9acc643392cceb33,0,kaggle_3m/TCGA_HT_7686_19950629/TCGA_HT_7686_19950629_20_mask.tif,9
lgg_seg,lgg_seg,kaggle_3m/TCGA_HT_7686_19950629/TCGA_HT_7686_19950629_3.tif,TCGA_HT_7686_19950629_3,empty,p62,train,none,3133,-1,,False,9c2cad961a96e369,0,kaggle_3m/TCGA_HT_7686_19950629/TCGA_HT_7686_19950629_3_mask.tif,9
lgg_seg,lgg_seg,kaggle_3m/TCGA_HT_7686_19950629/TCGA_HT_7686_19950629_4.tif,TCGA_HT_7686_19950629_4,empty,p62,train,none,3134,-1,,False,9e65a7961a366949,0,kaggle_3m/TCGA_HT_7686_19950629/TCGA_HT_7686_19950629_4_mask.tif,9
lgg_seg,lgg_seg,kaggle_3m/TCGA_HT_7686_19950629/TCGA_HT_7686_19950629_5.tif,TCGA_HT_7686_19950629_5,empty,p62,train,none,3135,-1,,False,1c67a6b6181ee369,0,kaggle_3m/TCGA_HT_7686_19950629/TCGA_HT_7686_19950629_5_mask.tif,9
lgg_seg,lgg_seg,kaggle_3m/TCGA_HT_7686_19950629/TCGA_HT_7686_19950629_6.tif,TCGA_HT_7686_19950629_6,empty,p62,train,none,3136,-1,,False,696de6a6981e6169,0,kaggle_3m/TCGA_HT_7686_19950629/TCGA_HT_7686_19950629_6_mask.tif,9
lgg_seg,lgg_seg,kaggle_3m/TCGA_HT_7686_19950629/TCGA_HT_7686_19950629_7.tif,TCGA_HT_7686_19950629_7,tumor,p62,train,none,3137,-1,,False,49656da69b166669,206,kaggle_3m/TCGA_HT_7686_19950629/TCGA_HT_7686_19950629_7_mask.tif,9
lgg_seg,lgg_seg,kaggle_3m/TCGA_HT_7686_19950629/TCGA_HT_7686_19950629_8.tif,TCGA_HT_7686_19950629_8,tumor,p62,train,none,3138,-1,,False,c94c6ca69936e6c9,369,kaggle_3m/TCGA_HT_7686_19950629/TCGA_HT_7686_19950629_8_mask.tif,9
lgg_seg,lgg_seg,kaggle_3m/TCGA_HT_7686_19950629/TCGA_HT_7686_19950629_9.tif,TCGA_HT_7686_19950629_9,tumor,p62,train,none,3139,-1,,False,1b8c362ec936e6c9,1143,kaggle_3m/TCGA_HT_7686_19950629/TCGA_HT_7686_19950629_9_mask.tif,9
lgg_seg,lgg_seg,kaggle_3m/TCGA_HT_7690_19960312/TCGA_HT_7690_19960312_1.tif,TCGA_HT_7690_19960312_1,empty,p85,train,none,3140,-1,,False,323cb33cd3f40d43,0,kaggle_3m/TCGA_HT_7690_19960312/TCGA_HT_7690_19960312_1_mask.tif,6
lgg_seg,lgg_seg,kaggle_3m/TCGA_HT_7690_19960312/TCGA_HT_7690_19960312_10.tif,TCGA_HT_7690_19960312_10,empty,p85,train,none,3141,-1,,False,c70663b4f8f40f43,0,kaggle_3m/TCGA_HT_7690_19960312/TCGA_HT_7690_19960312_10_mask.tif,6
lgg_seg,lgg_seg,kaggle_3m/TCGA_HT_7690_19960312/TCGA_HT_7690_19960312_11.tif,TCGA_HT_7690_19960312_11,empty,p85,train,none,3142,-1,,False,b60c61bc69fc9343,0,kaggle_3m/TCGA_HT_7690_19960312/TCGA_HT_7690_19960312_11_mask.tif,6
lgg_seg,lgg_seg,kaggle_3m/TCGA_HT_7690_19960312/TCGA_HT_7690_19960312_12.tif,TCGA_HT_7690_19960312_12,empty,p85,train,none,3143,-1,,False,160cf9b469f4d343,0,kaggle_3m/TCGA_HT_7690_19960312/TCGA_HT_7690_19960312_12_mask.tif,6
lgg_seg,lgg_seg,kaggle_3m/TCGA_HT_7690_19960312/TCGA_HT_7690_19960312_13.tif,TCGA_HT_7690_19960312_13,tumor,p85,train,none,3144,-1,,False,322c7136a9dcd363,793,kaggle_3m/TCGA_HT_7690_19960312/TCGA_HT_7690_19960312_13_mask.tif,6
lgg_seg,lgg_seg,kaggle_3m/TCGA_HT_7690_19960312/TCGA_HT_7690_19960312_14.tif,TCGA_HT_7690_19960312_14,tumor,p85,train,none,3145,-1,,False,3224739c8ddc7363,2863,kaggle_3m/TCGA_HT_7690_19960312/TCGA_HT_7690_19960312_14_mask.tif,6
lgg_seg,lgg_seg,kaggle_3m/TCGA_HT_7690_19960312/TCGA_HT_7690_19960312_15.tif,TCGA_HT_7690_19960312_15,tumor,p85,train,none,3145,-1,duplicate_of:TCGA_HT_7690_19960312_14,False,322c791c8ddc7363,4234,kaggle_3m/TCGA_HT_7690_19960312/TCGA_HT_7690_19960312_15_mask.tif,6
lgg_seg,lgg_seg,kaggle_3m/TCGA_HT_7690_19960312/TCGA_HT_7690_19960312_16.tif,TCGA_HT_7690_19960312_16,tumor,p85,train,none,3147,-1,,False,928c713c8ddc7363,4469,kaggle_3m/TCGA_HT_7690_19960312/TCGA_HT_7690_19960312_16_mask.tif,6
lgg_seg,lgg_seg,kaggle_3m/TCGA_HT_7690_19960312/TCGA_HT_7690_19960312_17.tif,TCGA_HT_7690_19960312_17,tumor,p85,train,none,3148,-1,,False,938cc91c2d5e7363,4158,kaggle_3m/TCGA_HT_7690_19960312/TCGA_HT_7690_19960312_17_mask.tif,6
lgg_seg,lgg_seg,kaggle_3m/TCGA_HT_7690_19960312/TCGA_HT_7690_19960312_18.tif,TCGA_HT_7690_19960312_18,tumor,p85,train,none,3149,-1,,False,b38cc88c2d36f2e9,3756,kaggle_3m/TCGA_HT_7690_19960312/TCGA_HT_7690_19960312_18_mask.tif,6
lgg_seg,lgg_seg,kaggle_3m/TCGA_HT_7690_19960312/TCGA_HT_7690_19960312_19.tif,TCGA_HT_7690_19960312_19,tumor,p85,train,none,3150,-1,,False,32ccd98ea936b269,2948,kaggle_3m/TCGA_HT_7690_19960312/TCGA_HT_7690_19960312_19_mask.tif,6
lgg_seg,lgg_seg,kaggle_3m/TCGA_HT_7690_19960312/TCGA_HT_7690_19960312_2.tif,TCGA_HT_7690_19960312_2,empty,p85,train,none,3151,-1,,False,363c3434d2d6c9cb,0,kaggle_3m/TCGA_HT_7690_19960312/TCGA_HT_7690_19960312_2_mask.tif,6
lgg_seg,lgg_seg,kaggle_3m/TCGA_HT_7690_19960312/TCGA_HT_7690_19960312_20.tif,TCGA_HT_7690_19960312_20,tumor,p85,train,none,3152,-1,,False,3ccc738cad969a61,1992,kaggle_3m/TCGA_HT_7690_19960312/TCGA_HT_7690_19960312_20_mask.tif,6
lgg_seg,lgg_seg,kaggle_3m/TCGA_HT_7690_19960312/TCGA_HT_7690_19960312_21.tif,TCGA_HT_7690_19960312_21,tumor,p85,train,none,3153,-1,,False,9c6d72866d969271,343,kaggle_3m/TCGA_HT_7690_19960312/TCGA_HT_7690_19960312_21_mask.tif,6
lgg_seg,lgg_seg,kaggle_3m/TCGA_HT_7690_19960312/TCGA_HT_7690_19960312_22.tif,TCGA_HT_7690_19960312_22,empty,p85,train,none,3154,-1,,False,8dc9964c6d369359,0,kaggle_3m/TCGA_HT_7690_19960312/TCGA_HT_7690_19960312_22_mask.tif,6
lgg_seg,lgg_seg,kaggle_3m/TCGA_HT_7690_19960312/TCGA_HT_7690_19960312_23.tif,TCGA_HT_7690_19960312_23,empty,p85,train,none,3155,-1,,False,63b11ccef30c0cf3,0,kaggle_3m/TCGA_HT_7690_19960312/TCGA_HT_7690_19960312_23_mask.tif,6
lgg_seg,lgg_seg,kaggle_3m/TCGA_HT_7690_19960312/TCGA_HT_7690_19960312_24.tif,TCGA_HT_7690_19960312_24,empty,p85,train,none,3156,-1,,False,66339c99d9cc2c33,0,kaggle_3m/TCGA_HT_7690_19960312/TCGA_HT_7690_19960312_24_mask.tif,6
lgg_seg,lgg_seg,kaggle_3m/TCGA_HT_7690_19960312/TCGA_HT_7690_19960312_3.tif,TCGA_HT_7690_19960312_3,empty,p85,train,none,3157,-1,,False,303c313cd3f44fc3,0,kaggle_3m/TCGA_HT_7690_19960312/TCGA_HT_7690_19960312_3_mask.tif,6
lgg_seg,lgg_seg,kaggle_3m/TCGA_HT_7690_19960312/TCGA_HT_7690_19960312_4.tif,TCGA_HT_7690_19960312_4,empty,p85,train,none,3158,-1,,False,362c3334d3f48bc3,0,kaggle_3m/TCGA_HT_7690_19960312/TCGA_HT_7690_19960312_4_mask.tif,6
lgg_seg,lgg_seg,kaggle_3m/TCGA_HT_7690_19960312/TCGA_HT_7690_19960312_5.tif,TCGA_HT_7690_19960312_5,empty,p85,train,none,3159,-1,,False,302ce3b6d3f48b43,0,kaggle_3m/TCGA_HT_7690_19960312/TCGA_HT_7690_19960312_5_mask.tif,6
lgg_seg,lgg_seg,kaggle_3m/TCGA_HT_7690_19960312/TCGA_HT_7690_19960312_6.tif,TCGA_HT_7690_19960312_6,empty,p85,train,none,3160,-1,,False,390de334d3f40f43,0,kaggle_3m/TCGA_HT_7690_19960312/TCGA_HT_7690_19960312_6_mask.tif,6
lgg_seg,lgg_seg,kaggle_3m/TCGA_HT_7690_19960312/TCGA_HT_7690_19960312_7.tif,TCGA_HT_7690_19960312_7,empty,p85,train,none,3161,-1,,False,390e2bb4d3f40f43,0,kaggle_3m/TCGA_HT_7690_19960312/TCGA_HT_7690_19960312_7_mask.tif,6
lgg_seg,lgg_seg,kaggle_3m/TCGA_HT_7690_19960312/TCGA_HT_7690_19960312_8.tif,TCGA_HT_7690_19960312_8,empty,p85,train,none,3162,-1,,False,8b0e6d34f2f40f43,0,kaggle_3m/TCGA_HT_7690_19960312/TCGA_HT_7690_19960312_8_mask.tif,6
lgg_seg,lgg_seg,kaggle_3m/TCGA_HT_7690_19960312/TCGA_HT_7690_19960312_9.tif,TCGA_HT_7690_19960312_9,empty,p85,train,none,3163,-1,,False,c3066f3cf0f40f43,0,kaggle_3m/TCGA_HT_7690_19960312/TCGA_HT_7690_19960312_9_mask.tif,6
lgg_seg,lgg_seg,kaggle_3m/TCGA_HT_7692_19960724/TCGA_HT_7692_19960724_1.tif,TCGA_HT_7692_19960724_1,empty,p33,train,none,3164,-1,,False,6ee3988693966c69,0,kaggle_3m/TCGA_HT_7692_19960724/TCGA_HT_7692_19960724_1_mask.tif,6
lgg_seg,lgg_seg,kaggle_3m/TCGA_HT_7692_19960724/TCGA_HT_7692_19960724_10.tif,TCGA_HT_7692_19960724_10,empty,p33,train,none,69,-1,duplicate_of:TCGA_CS_4944_20010208_15,False,796ce384c7963c49,0,kaggle_3m/TCGA_HT_7692_19960724/TCGA_HT_7692_19960724_10_mask.tif,6
lgg_seg,lgg_seg,kaggle_3m/TCGA_HT_7692_19960724/TCGA_HT_7692_19960724_11.tif,TCGA_HT_7692_19960724_11,empty,p33,train,none,3166,-1,,False,792c939687b63c49,0,kaggle_3m/TCGA_HT_7692_19960724/TCGA_HT_7692_19960724_11_mask.tif,6
lgg_seg,lgg_seg,kaggle_3m/TCGA_HT_7692_19960724/TCGA_HT_7692_19960724_12.tif,TCGA_HT_7692_19960724_12,empty,p33,train,none,3166,-1,duplicate_of:TCGA_HT_7692_19960724_11,False,792cd3b483b63c49,0,kaggle_3m/TCGA_HT_7692_19960724/TCGA_HT_7692_19960724_12_mask.tif,6
lgg_seg,lgg_seg,kaggle_3m/TCGA_HT_7692_19960724/TCGA_HT_7692_19960724_13.tif,TCGA_HT_7692_19960724_13,empty,p33,train,none,3168,-1,,False,d92ee3a4c3963c49,0,kaggle_3m/TCGA_HT_7692_19960724/TCGA_HT_7692_19960724_13_mask.tif,6
lgg_seg,lgg_seg,kaggle_3m/TCGA_HT_7692_19960724/TCGA_HT_7692_19960724_14.tif,TCGA_HT_7692_19960724_14,empty,p33,train,none,3168,-1,duplicate_of:TCGA_HT_7692_19960724_13,False,db2cf1a4c3963c49,0,kaggle_3m/TCGA_HT_7692_19960724/TCGA_HT_7692_19960724_14_mask.tif,6
lgg_seg,lgg_seg,kaggle_3m/TCGA_HT_7692_19960724/TCGA_HT_7692_19960724_15.tif,TCGA_HT_7692_19960724_15,tumor,p33,train,none,3170,-1,,False,9326d32cc3963cd9,90,kaggle_3m/TCGA_HT_7692_19960724/TCGA_HT_7692_19960724_15_mask.tif,6
lgg_seg,lgg_seg,kaggle_3m/TCGA_HT_7692_19960724/TCGA_HT_7692_19960724_16.tif,TCGA_HT_7692_19960724_16,tumor,p33,train,none,3170,-1,duplicate_of:TCGA_HT_7692_19960724_15,False,3126d32cc3b63cd9,451,kaggle_3m/TCGA_HT_7692_19960724/TCGA_HT_7692_19960724_16_mask.tif,6
lgg_seg,lgg_seg,kaggle_3m/TCGA_HT_7692_19960724/TCGA_HT_7692_19960724_17.tif,TCGA_HT_7692_19960724_17,tumor,p33,train,none,1184,-1,duplicate_of:TCGA_DU_7010_19860307_36,False,3966d38cc3263cd9,772,kaggle_3m/TCGA_HT_7692_19960724/TCGA_HT_7692_19960724_17_mask.tif,6
lgg_seg,lgg_seg,kaggle_3m/TCGA_HT_7692_19960724/TCGA_HT_7692_19960724_18.tif,TCGA_HT_7692_19960724_18,tumor,p33,train,none,3173,-1,,False,196773ccc3262cd9,849,kaggle_3m/TCGA_HT_7692_19960724/TCGA_HT_7692_19960724_18_mask.tif,6
lgg_seg,lgg_seg,kaggle_3m/TCGA_HT_7692_19960724/TCGA_HT_7692_19960724_19.tif,TCGA_HT_7692_19960724_19,tumor,p33,train,none,3174,-1,,False,987333cdc3262cd9,713,kaggle_3m/TCGA_HT_7692_19960724/TCGA_HT_7692_19960724_19_mask.tif,6
lgg_seg,lgg_seg,kaggle_3m/TCGA_HT_7692_19960724/TCGA_HT_7692_19960724_2.tif,TCGA_HT_7692_19960724_2,empty,p33,train,none,3175,-1,,False,1eec93869b966469,0,kaggle_3m/TCGA_HT_7692_19960724/TCGA_HT_7692_19960724_2_mask.tif,6
lgg_seg,lgg_seg,kaggle_3m/TCGA_HT_7692_19960724/TCGA_HT_7692_19960724_20.tif,TCGA_HT_7692_19960724_20,tumor,p33,train,none,3176,-1,,False,cc9931e3f3660c99,240,kaggle_3m/TCGA_HT_7692_19960724/TCGA_HT_7692_19960724_20_mask.tif,6
lgg_seg,lgg_seg,kaggle_3m/TCGA_HT_7692_19960724/TCGA_HT_7692_19960724_3.tif,TCGA_HT_7692_19960724_3,empty,p33,train,none,3177,-1,,False,1c67c3969e966169,0,kaggle_3m/TCGA_HT_7692_19960724/TCGA_HT_7692_19960724_3_mask.tif,6
lgg_seg,lgg_seg,kaggle_3m/TCGA_HT_7692_19960724/TCGA_HT_7692_19960724_4.tif,TCGA_HT_7692_19960724_4,empty,p33,train,none,3178,-1,,False,2ce7c39692166d69,0,kaggle_3m/TCGA_HT_7692_19960724/TCGA_HT_7692_19960724_4_mask.tif,6
lgg_seg,lgg_seg,kaggle_3m/TCGA_HT_7692_19960724/TCGA_HT_7692_19960724_5.tif,TCGA_HT_7692_19960724_5,empty,p33,train,none,3178,-1,duplicate_of:TCGA_HT_7692_19960724_4,False,3ce6c39693166c69,0,kaggle_3m/TCGA_HT_7692_19960724/TCGA_HT_7692_19960724_5_mask.tif,6
lgg_seg,lgg_seg,kaggle_3m/TCGA_HT_7692_19960724/TCGA_HT_7692_19960724_6.tif,TCGA_HT_7692_19960724_6,empty,p33,train,none,3180,-1,,False,b4e5c196931c6ce9,0,kaggle_3m/TCGA_HT_7692_19960724/TCGA_HT_7692_19960724_6_mask.tif,6
lgg_seg,lgg_seg,kaggle_3m/TCGA_HT_7692_19960724/TCGA_HT_7692_19960724_7.tif,TCGA_HT_7692_19960724_7,empty,p33,train,none,3181,-1,,False,7965e38493966c69,0,kaggle_3m/TCGA_HT_7692_19960724/TCGA_HT_7692_19960724_7_mask.tif,6
lgg_seg,lgg_seg,kaggle_3m/TCGA_HT_7692_19960724/TCGA_HT_7692_19960724_8.tif,TCGA_HT_7692_19960724_8,empty,p33,train,none,3181,-1,duplicate_of:TCGA_HT_7692_19960724_7,False,796de1a493962c69,0,kaggle_3m/TCGA_HT_7692_19960724/TCGA_HT_7692_19960724_8_mask.tif,6
lgg_seg,lgg_seg,kaggle_3m/TCGA_HT_7692_19960724/TCGA_HT_7692_19960724_9.tif,TCGA_HT_7692_19960724_9,empty,p33,train,none,3181,-1,duplicate_of:TCGA_HT_7692_19960724_7,False,796d63a483963c69,0,kaggle_3m/TCGA_HT_7692_19960724/TCGA_HT_7692_19960724_9_mask.tif,6
lgg_seg,lgg_seg,kaggle_3m/TCGA_HT_7693_19950520/TCGA_HT_7693_19950520_1.tif,TCGA_HT_7693_19950520_1,empty,p87,train,none,3184,-1,,False,9c939c9659366369,0,kaggle_3m/TCGA_HT_7693_19950520/TCGA_HT_7693_19950520_1_mask.tif,5
lgg_seg,lgg_seg,kaggle_3m/TCGA_HT_7693_19950520/TCGA_HT_7693_19950520_10.tif,TCGA_HT_7693_19950520_10,tumor,p87,train,none,3185,-1,,False,9c249b1e66fc6961,418,kaggle_3m/TCGA_HT_7693_19950520/TCGA_HT_7693_19950520_10_mask.tif,5
lgg_seg,lgg_seg,kaggle_3m/TCGA_HT_7693_19950520/TCGA_HT_7693_19950520_11.tif,TCGA_HT_7693_19950520_11,tumor,p87,train,none,3186,-1,,False,8c269b0eccdc7363,1297,kaggle_3m/TCGA_HT_7693_19950520/TCGA_HT_7693_19950520_11_mask.tif,5
lgg_seg,lgg_seg,kaggle_3m/TCGA_HT_7693_19950520/TCGA_HT_7693_19950520_12.tif,TCGA_HT_7693_19950520_12,tumor,p87,train,none,3187,-1,,False,8c27332ecc9c7363,2703,kaggle_3m/TCGA_HT_7693_19950520/TCGA_HT_7693_19950520_12_mask.tif,5
lgg_seg,lgg_seg,kaggle_3m/TCGA_HT_7693_19950520/TCGA_HT_7693_19950520_13.tif,TCGA_HT_7693_19950520_13,tumor,p87,train,none,3187,-1,duplicate_of:TCGA_HT_7693_19950520_12,False,ce27332e8c9c3363,3055,kaggle_3m/TCGA_HT_7693_19950520/TCGA_HT_7693_19950520_13_mask.tif,5
lgg_seg,lgg_seg,kaggle_3m/TCGA_HT_7693_19950520/TCGA_HT_7693_19950520_14.tif,TCGA_HT_7693_19950520_14,tumor,p87,train,none,3189,-1,,False,cccd72268d9c3363,3097,kaggle_3m/TCGA_HT_7693_19950520/TCGA_HT_7693_19950520_14_mask.tif,5
lgg_seg,lgg_seg,kaggle_3m/TCGA_HT_7693_19950520/TCGA_HT_7693_19950520_15.tif,TCGA_HT_7693_19950520_15,tumor,p87,train,none,3189,-1,duplicate_of:TCGA_HT_7693_19950520_14,False,8ccd76268d9c3363,2441,kaggle_3m/TCGA_HT_7693_19950520/TCGA_HT_7693_19950520_15_mask.tif,5
lgg_seg,lgg_seg,kaggle_3m/TCGA_HT_7693_19950520/TCGA_HT_7693_19950520_16.tif,TCGA_HT_7693_19950520_16,tumor,p87,train,none,3191,-1,,False,846d368e8dbc3363,1873,kaggle_3m/TCGA_HT_7693_19950520/TCGA_HT_7693_19950520_16_mask.tif,5
lgg_seg,lgg_seg,kaggle_3m/TCGA_HT_7693_19950520/TCGA_HT_7693_19950520_17.tif,TCGA_HT_7693_19950520_17,tumor,p87,train,none,3192,-1,,False,6c613606cdbc3373,843,kaggle_3m/TCGA_HT_7693_19950520/TCGA_HT_7693_19950520_17_mask.tif,5
lgg_seg,lgg_seg,kaggle_3m/TCGA_HT_7693_19950520/TCGA_HT_7693_19950520_18.tif,TCGA_HT_7693_19950520_18,tumor,p87,train,none,3193,-1,,False,4de32646cd3c31d3,638,kaggle_3m/TCGA_HT_7693_19950520/TCGA_HT_7693_19950520_18_mask.tif,5
lgg_seg,lgg_seg,kaggle_3m/TCGA_HT_7693_19950520/TCGA_HT_7693_19950520_19.tif,TCGA_HT_7693_19950520_19,empty,p87,train,none,3194,-1,,False,d3d12647cc2c33d3,0,kaggle_3m/TCGA_HT_7693_19950520/TCGA_HT_7693_19950520_19_mask.tif,5
lgg_seg,lgg_seg,kaggle_3m/TCGA_HT_7693_19950520/TCGA_HT_7693_19950520_2.tif,TCGA_HT_7693_19950520_2,empty,p87,train,none,3195,-1,,False,9c86969cdab66169,0,kaggle_3m/TCGA_HT_7693_19950520/TCGA_HT_7693_19950520_2_mask.tif,5
lgg_seg,lgg_seg,kaggle_3m/TCGA_HT_7693_19950520/TCGA_HT_7693_19950520_20.tif,TCGA_HT_7693_19950520_20,empty,p87,train,none,3196,-1,,False,933166e3cc0c33f3,0,kaggle_3m/TCGA_HT_7693_19950520/TCGA_HT_7693_19950520_20_mask.tif,5
lgg_seg,lgg_seg,kaggle_3m/TCGA_HT_7693_19950520/TCGA_HT_7693_19950520_21.tif,TCGA_HT_7693_19950520_21,empty,p87,train,none,3197,-1,,False,99cc3333ccce3331,0,kaggle_3m/TCGA_HT_7693_19950520/TCGA_HT_7693_19950520_21_mask.tif,5
lgg_seg,lgg_seg,kaggle_3m/TCGA_HT_7693_19950520/TCGA_HT_7693_19950520_3.tif,TCGA_HT_7693_19950520_3,empty,p87,train,none,3198,-1,,False,96869c1e5af66169,0,kaggle_3m/TCGA_HT_7693_19950520/TCGA_HT_7693_19950520_3_mask.tif,5
lgg_seg,lgg_seg,kaggle_3m/TCGA_HT_7693_19950520/TCGA_HT_7693_19950520_4.tif,TCGA_HT_7693_19950520_4,empty,p87,train,none,3199,-1,,False,96a61c1652f6e1e9,0,kaggle_3m/TCGA_HT_7693_19950520/TCGA_HT_7693_19950520_4_mask.tif,5
lgg_seg,lgg_seg,kaggle_3m/TCGA_HT_7693_19950520/TCGA_HT_7693_19950520_5.tif,TCGA_HT_7693_19950520_5,empty,p87,train,none,3200,-1,,False,96861c1e59dca3e9,0,kaggle_3m/TCGA_HT_7693_19950520/TCGA_HT_7693_19950520_5_mask.tif,5
lgg_seg,lgg_seg,kaggle_3m/TCGA_HT_7693_19950520/TCGA_HT_7693_19950520_6.tif,TCGA_HT_7693_19950520_6,empty,p87,train,none,3201,-1,,False,0d6c1c969a5ce7e1,0,kaggle_3m/TCGA_HT_7693_19950520/TCGA_HT_7693_19950520_6_mask.tif,5
lgg_seg,lgg_seg,kaggle_3m/TCGA_HT_7693_19950520/TCGA_HT_7693_19950520_7.tif,TCGA_HT_7693_19950520_7,empty,p87,train,none,3202,-1,,False,096d6c969a9ca7e1,0,kaggle_3m/TCGA_HT_7693_19950520/TCGA_HT_7693_19950520_7_mask.tif,5
lgg_seg,lgg_seg,kaggle_3m/TCGA_HT_7693_19950520/TCGA_HT_7693_19950520_8.tif,TCGA_HT_7693_19950520_8,empty,p87,train,none,3203,-1,,False,0d6c3c9e92966769,0,kaggle_3m/TCGA_HT_7693_19950520/TCGA_HT_7693_19950520_8_mask.tif,5
lgg_seg,lgg_seg,kaggle_3m/TCGA_HT_7693_19950520/TCGA_HT_7693_19950520_9.tif,TCGA_HT_7693_19950520_9,empty,p87,train,none,3204,-1,,False,9c2cb89676d66961,0,kaggle_3m/TCGA_HT_7693_19950520/TCGA_HT_7693_19950520_9_mask.tif,5
lgg_seg,lgg_seg,kaggle_3m/TCGA_HT_7694_19950404/TCGA_HT_7694_19950404_1.tif,TCGA_HT_7694_19950404_1,empty,p88,train,none,3205,-1,,False,96961c5cd25c69e3,0,kaggle_3m/TCGA_HT_7694_19950404/TCGA_HT_7694_19950404_1_mask.tif,4
lgg_seg,lgg_seg,kaggle_3m/TCGA_HT_7694_19950404/TCGA_HT_7694_19950404_10.tif,TCGA_HT_7694_19950404_10,tumor,p88,train,none,3206,-1,,False,2c2c36b6ccdc7361,4367,kaggle_3m/TCGA_HT_7694_19950404/TCGA_HT_7694_19950404_10_mask.tif,4
lgg_seg,lgg_seg,kaggle_3m/TCGA_HT_7694_19950404/TCGA_HT_7694_19950404_11.tif,TCGA_HT_7694_19950404_11,tumor,p88,train,none,3207,-1,,False,b4a692b64cdc7361,5808,kaggle_3m/TCGA_HT_7694_19950404/TCGA_HT_7694_19950404_11_mask.tif,4
lgg_seg,lgg_seg,kaggle_3m/TCGA_HT_7694_19950404/TCGA_HT_7694_19950404_12.tif,TCGA_HT_7694_19950404_12,tumor,p88,train,none,3207,-1,duplicate_of:TCGA_HT_7694_19950404_11,False,bc8692b64cdc7361,5607,kaggle_3m/TCGA_HT_7694_19950404/TCGA_HT_7694_19950404_12_mask.tif,4
lgg_seg,lgg_seg,kaggle_3m/TCGA_HT_7694_19950404/TCGA_HT_7694_19950404_13.tif,TCGA_HT_7694_19950404_13,tumor,p88,train,none,3209,-1,,False,bc8e93264c9cb363,5795,kaggle_3m/TCGA_HT_7694_19950404/TCGA_HT_7694_19950404_13_mask.tif,4
lgg_seg,lgg_seg,kaggle_3m/TCGA_HT_7694_19950404/TCGA_HT_7694_19950404_14.tif,TCGA_HT_7694_19950404_14,tumor,p88,train,none,3210,-1,,False,1cccf3264c9cb363,6411,kaggle_3m/TCGA_HT_7694_19950404/TCGA_HT_7694_19950404_14_mask.tif,4
lgg_seg,lgg_seg,kaggle_3m/TCGA_HT_7694_19950404/TCGA_HT_7694_19950404_15.tif,TCGA_HT_7694_19950404_15,tumor,p88,train,none,3210,-1,duplicate_of:TCGA_HT_7694_19950404_14,False,9cccf3264c9c3363,5859,kaggle_3m/TCGA_HT_7694_19950404/TCGA_HT_7694_19950404_15_mask.tif,4
lgg_seg,lgg_seg,kaggle_3m/TCGA_HT_7694_19950404/TCGA_HT_7694_19950404_16.tif,TCGA_HT_7694_19950404_16,tumor,p88,train,none,3212,-1,,False,3ccdd126cc9c3363,4822,kaggle_3m/TCGA_HT_7694_19950404/TCGA_HT_7694_19950404_16_mask.tif,4
lgg_seg,lgg_seg,kaggle_3m/TCGA_HT_7694_19950404/TCGA_HT_7694_19950404_17.tif,TCGA_HT_7694_19950404_17,tumor,p88,train,none,3213,-1,,False,2ccb7326cd9c3361,2426,kaggle_3m/TCGA_HT_7694_19950404/TCGA_HT_7694_19950404_17_mask.tif,4
lgg_seg,lgg_seg,kaggle_3m/TCGA_HT_7694_19950404/TCGA_HT_7694_19950404_18.tif,TCGA_HT_7694_19950404_18,tumor,p88,train,none,3214,-1,,False,cec93264c9963379,1178,kaggle_3m/TCGA_HT_7694_19950404/TCGA_HT_7694_19950404_18_mask.tif,4
lgg_seg,lgg_seg,kaggle_3m/TCGA_HT_7694_19950404/TCGA_HT_7694_19950404_19.tif,TCGA_HT_7694_19950404_19,tumor,p88,train,none,3215,-1,,False,ccd9266cc9a63659,495,kaggle_3m/TCGA_HT_7694_19950404/TCGA_HT_7694_19950404_19_mask.tif,4
lgg_seg,lgg_seg,kaggle_3m/TCGA_HT_7694_19950404/TCGA_HT_7694_19950404_2.tif,TCGA_HT_7694_19950404_2,empty,p88,train,none,3216,-1,,False,96861adc7856e369,0,kaggle_3m/TCGA_HT_7694_19950404/TCGA_HT_7694_19950404_2_mask.tif,4
lgg_seg,lgg_seg,kaggle_3m/TCGA_HT_7694_19950404/TCGA_HT_7694_19950404_20.tif,TCGA_HT_7694_19950404_20,empty,p88,train,none,3217,-1,,False,59b3664cc92633d9,0,kaggle_3m/TCGA_HT_7694_19950404/TCGA_HT_7694_19950404_20_mask.tif,4
lgg_seg,lgg_seg,kaggle_3m/TCGA_HT_7694_19950404/TCGA_HT_7694_19950404_21.tif,TCGA_HT_7694_19950404_21,empty,p88,train,none,3218,-1,,False,ceb1a4991b66c699,0,kaggle_3m/TCGA_HT_7694_19950404/TCGA_HT_7694_19950404_21_mask.tif,4
lgg_seg,lgg_seg,kaggle_3m/TCGA_HT_7694_19950404/TCGA_HT_7694_19950404_3.tif,TCGA_HT_7694_19950404_3,empty,p88,train,none,3219,-1,,False,86a71a1678d6e369,0,kaggle_3m/TCGA_HT_7694_19950404/TCGA_HT_7694_19950404_3_mask.tif,4
lgg_seg,lgg_seg,kaggle_3m/TCGA_HT_7694_19950404/TCGA_HT_7694_19950404_4.tif,TCGA_HT_7694_19950404_4,empty,p88,train,none,3220,-1,,False,b6a51a967856e1a9,0,kaggle_3m/TCGA_HT_7694_19950404/TCGA_HT_7694_19950404_4_mask.tif,4
lgg_seg,lgg_seg,kaggle_3m/TCGA_HT_7694_19950404/TCGA_HT_7694_19950404_5.tif,TCGA_HT_7694_19950404_5,empty,p88,train,none,3221,-1,,False,96a59e965856a3a9,0,kaggle_3m/TCGA_HT_7694_19950404/TCGA_HT_7694_19950404_5_mask.tif,4
lgg_seg,lgg_seg,kaggle_3m/TCGA_HT_7694_19950404/TCGA_HT_7694_19950404_6.tif,TCGA_HT_7694_19950404_6,tumor,p88,train,none,3222,-1,,False,9dad9c965856a329,187,kaggle_3m/TCGA_HT_7694_19950404/TCGA_HT_7694_19950404_6_mask.tif,4
lgg_seg,lgg_seg,kaggle_3m/TCGA_HT_7694_19950404/TCGA_HT_7694_19950404_7.tif,TCGA_HT_7694_19950404_7,tumor,p88,train,none,3223,-1,,False,872c7c96da5ca169,949,kaggle_3m/TCGA_HT_7694_19950404/TCGA_HT_7694_19950404_7_mask.tif,4
lgg_seg,lgg_seg,kaggle_3m/TCGA_HT_7694_19950404/TCGA_HT_7694_19950404_8.tif,TCGA_HT_7694_19950404_8,tumor,p88,train,none,3224,-1,,False,0d2c7c965a9ca3e9,1160,kaggle_3m/TCGA_HT_7694_19950404/TCGA_HT_7694_19950404_8_mask.tif,4
lgg_seg,lgg_seg,kaggle_3m/TCGA_HT_7694_19950404/TCGA_HT_7694_19950404_9.tif,TCGA_HT_7694_19950404_9,tumor,p88,train,none,3225,-1,,False,0d8c3c36dcdea361,1853,kaggle_3m/TCGA_HT_7694_19950404/TCGA_HT_7694_19950404_9_mask.tif,4
lgg_seg,lgg_seg,kaggle_3m/TCGA_HT_7855_19951020/TCGA_HT_7855_19951020_1.tif,TCGA_HT_7855_19951020_1,empty,p89,train,none,3226,-1,,False,56bc3c167c5cc383,0,kaggle_3m/TCGA_HT_7855_19951020/TCGA_HT_7855_19951020_1_mask.tif,6
lgg_seg,lgg_seg,kaggle_3m/TCGA_HT_7855_19951020/TCGA_HT_7855_19951020_10.tif,TCGA_HT_7855_19951020_10,tumor,p89,train,none,3227,-1,,False,332c621c8df4d6cb,4990,kaggle_3m/TCGA_HT_7855_19951020/TCGA_HT_7855_19951020_10_mask.tif,6
lgg_seg,lgg_seg,kaggle_3m/TCGA_HT_7855_19951020/TCGA_HT_7855_19951020_11.tif,TCGA_HT_7855_19951020_11,tumor,p89,train,none,3227,-1,duplicate_of:TCGA_HT_7855_19951020_10,False,332c613c8df456cb,5634,kaggle_3m/TCGA_HT_7855_19951020/TCGA_HT_7855_19951020_11_mask.tif,6
lgg_seg,lgg_seg,kaggle_3m/TCGA_HT_7855_19951020/TCGA_HT_7855_19951020_12.tif,TCGA_HT_7855_19951020_12,tumor,p89,train,none,3229,-1,,False,330ce934ad7456cb,5623,kaggle_3m/TCGA_HT_7855_19951020/TCGA_HT_7855_19951020_12_mask.tif,6
lgg_seg,lgg_seg,kaggle_3m/TCGA_HT_7855_19951020/TCGA_HT_7855_19951020_13.tif,TCGA_HT_7855_19951020_13,tumor,p89,train,none,3230,-1,,False,630cc93c8d7476cb,5496,kaggle_3m/TCGA_HT_7855_19951020/TCGA_HT_7855_19951020_13_mask.tif,6
lgg_seg,lgg_seg,kaggle_3m/TCGA_HT_7855_19951020/TCGA_HT_7855_19951020_14.tif,TCGA_HT_7855_19951020_14,tumor,p89,train,none,3231,-1,,False,7326638c8d7436cb,5217,kaggle_3m/TCGA_HT_7855_19951020/TCGA_HT_7855_19951020_14_mask.tif,6
lgg_seg,lgg_seg,kaggle_3m/TCGA_HT_7855_19951020/TCGA_HT_7855_19951020_15.tif,TCGA_HT_7855_19951020_15,tumor,p89,train,none,3232,-1,,False,db2c630c8d74b6c3,4077,kaggle_3m/TCGA_HT_7855_19951020/TCGA_HT_7855_19951020_15_mask.tif,6
lgg_seg,lgg_seg,kaggle_3m/TCGA_HT_7855_19951020/TCGA_HT_7855_19951020_16.tif,TCGA_HT_7855_19951020_16,tumor,p89,train,none,10,-1,duplicate_of:TCGA_CS_5396_20010302_19,False,d34c692c8d3cb6c3,3557,kaggle_3m/TCGA_HT_7855_19951020/TCGA_HT_7855_19951020_16_mask.tif,6
lgg_seg,lgg_seg,kaggle_3m/TCGA_HT_7855_19951020/TCGA_HT_7855_19951020_17.tif,TCGA_HT_7855_19951020_17,tumor,p89,train,none,10,-1,duplicate_of:TCGA_CS_5396_20010302_19,False,d3cc6b2c0d34b6c3,1397,kaggle_3m/TCGA_HT_7855_19951020/TCGA_HT_7855_19951020_17_mask.tif,6
lgg_seg,lgg_seg,kaggle_3m/TCGA_HT_7855_19951020/TCGA_HT_7855_19951020_18.tif,TCGA_HT_7855_19951020_18,tumor,p89,train,none,10,-1,duplicate_of:TCGA_CS_5396_20010302_19,False,93ccd30c4d3cb6c3,218,kaggle_3m/TCGA_HT_7855_19951020/TCGA_HT_7855_19951020_18_mask.tif,6
lgg_seg,lgg_seg,kaggle_3m/TCGA_HT_7855_19951020/TCGA_HT_7855_19951020_19.tif,TCGA_HT_7855_19951020_19,empty,p89,train,none,10,-1,duplicate_of:TCGA_CS_4941_19960909_19,False,33c9d34c493c36d3,0,kaggle_3m/TCGA_HT_7855_19951020/TCGA_HT_7855_19951020_19_mask.tif,6
lgg_seg,lgg_seg,kaggle_3m/TCGA_HT_7855_19951020/TCGA_HT_7855_19951020_2.tif,TCGA_HT_7855_19951020_2,empty,p89,train,none,3237,-1,,False,5224391cf95e47e3,0,kaggle_3m/TCGA_HT_7855_19951020/TCGA_HT_7855_19951020_2_mask.tif,6
lgg_seg,lgg_seg,kaggle_3m/TCGA_HT_7855_19951020/TCGA_HT_7855_19951020_20.tif,TCGA_HT_7855_19951020_20,empty,p89,train,none,3128,-1,duplicate_of:TCGA_HT_7686_19950629_17,False,34d1b3ccc92c34f3,0,kaggle_3m/TCGA_HT_7855_19951020/TCGA_HT_7855_19951020_20_mask.tif,6
lgg_seg,lgg_seg,kaggle_3m/TCGA_HT_7855_19951020/TCGA_HT_7855_19951020_21.tif,TCGA_HT_7855_19951020_21,empty,p89,train,none,3239,-1,,False,cc3331ccf30c8cf3,0,kaggle_3m/TCGA_HT_7855_19951020/TCGA_HT_7855_19951020_21_mask.tif,6
lgg_seg,lgg_seg,kaggle_3m/TCGA_HT_7855_19951020/TCGA_HT_7855_19951020_3.tif,TCGA_HT_7855_19951020_3,empty,p89,train,none,3240,-1,,False,ba24231cf9de07a3,0,kaggle_3m/TCGA_HT_7855_19951020/TCGA_HT_7855_19951020_3_mask.tif,6
lgg_seg,lgg_seg,kaggle_3m/TCGA_HT_7855_19951020/TCGA_HT_7855_19951020_4.tif,TCGA_HT_7855_19951020_4,empty,p89,train,none,3241,-1,,False,9624631ef9f4262b,0,kaggle_3m/TCGA_HT_7855_19951020/TCGA_HT_7855_19951020_4_mask.tif,6
lgg_seg,lgg_seg,kaggle_3m/TCGA_HT_7855_19951020/TCGA_HT_7855_19951020_5.tif,TCGA_HT_7855_19951020_5,empty,p89,train,none,3242,-1,,False,56a4e31eb0fc3623,0,kaggle_3m/TCGA_HT_7855_19951020/TCGA_HT_7855_19951020_5_mask.tif,6
lgg_seg,lgg_seg,kaggle_3m/TCGA_HT_7855_19951020/TCGA_HT_7855_19951020_6.tif,TCGA_HT_7855_19951020_6,empty,p89,train,none,3243,-1,,False,7c2ce316b8fc2623,0,kaggle_3m/TCGA_HT_7855_19951020/TCGA_HT_7855_19951020_6_mask.tif,6
lgg_seg,lgg_seg,kaggle_3m/TCGA_HT_7855_19951020/TCGA_HT_7855_19951020_7.tif,TCGA_HT_7855_19951020_7,empty,p89,train,none,3244,-1,,False,f30c4d36b45c66a3,0,kaggle_3m/TCGA_HT_7855_19951020/TCGA_HT_7855_19951020_7_mask.tif,6
lgg_seg,lgg_seg,kaggle_3m/TCGA_HT_7855_19951020/TCGA_HT_7855_19951020_8.tif,TCGA_HT_7855_19951020_8,tumor,p89,train,none,3245,-1,,False,4b266c1cb4fc36c3,897,kaggle_3m/TCGA_HT_7855_19951020/TCGA_HT_7855_19951020_8_mask.tif,6
lgg_seg,lgg_seg,kaggle_3m/TCGA_HT_7855_19951020/TCGA_HT_7855_19951020_9.tif,TCGA_HT_7855_19951020_9,tumor,p89,train,none,3246,-1,,False,592c261cecf4d64b,2728,kaggle_3m/TCGA_HT_7855_19951020/TCGA_HT_7855_19951020_9_mask.tif,6
lgg_seg,lgg_seg,kaggle_3m/TCGA_HT_7856_19950831/TCGA_HT_7856_19950831_1.tif,TCGA_HT_7856_19950831_1,empty,p6,train,none,3247,-1,,False,63868996f91ec669,0,kaggle_3m/TCGA_HT_7856_19950831/TCGA_HT_7856_19950831_1_mask.tif,2
lgg_seg,lgg_seg,kaggle_3m/TCGA_HT_7856_19950831/TCGA_HT_7856_19950831_10.tif,TCGA_HT_7856_19950831_10,empty,p6,train,none,3248,-1,,False,d3cc6996b25c46e1,0,kaggle_3m/TCGA_HT_7856_19950831/TCGA_HT_7856_19950831_10_mask.tif,2
lgg_seg,lgg_seg,kaggle_3m/TCGA_HT_7856_19950831/TCGA_HT_7856_19950831_11.tif,TCGA_HT_7856_19950831_11,empty,p6,train,none,3249,-1,,False,5b8c2d1e321ec6e9,0,kaggle_3m/TCGA_HT_7856_19950831/TCGA_HT_7856_19950831_11_mask.tif,2
lgg_seg,lgg_seg,kaggle_3m/TCGA_HT_7856_19950831/TCGA_HT_7856_19950831_12.tif,TCGA_HT_7856_19950831_12,empty,p6,train,none,3250,-1,,False,5b262d16331ec6e9,0,kaggle_3m/TCGA_HT_7856_19950831/TCGA_HT_7856_19950831_12_mask.tif,2
lgg_seg,lgg_seg,kaggle_3m/TCGA_HT_7856_19950831/TCGA_HT_7856_19950831_13.tif,TCGA_HT_7856_19950831_13,tumor,p6,train,none,3251,-1,,False,49263936e35ec6c9,435,kaggle_3m/TCGA_HT_7856_19950831/TCGA_HT_7856_19950831_13_mask.tif,2
lgg_seg,lgg_seg,kaggle_3m/TCGA_HT_7856_19950831/TCGA_HT_7856_19950831_14.tif,TCGA_HT_7856_19950831_14,tumor,p6,train,none,3252,-1,,False,59063996e51e96e9,1529,kaggle_3m/TCGA_HT_7856_19950831/TCGA_HT_7856_19950831_14_mask.tif,2
lgg_seg,lgg_seg,kaggle_3m/TCGA_HT_7856_19950831/TCGA_HT_7856_19950831_15.tif,TCGA_HT_7856_19950831_15,tumor,p6,train,none,73,-1,duplicate_of:TCGA_DU_5871_19941206_19,False,598639b6251ed6c9,2820,kaggle_3m/TCGA_HT_7856_19950831/TCGA_HT_7856_19950831_15_mask.tif,2
lgg_seg,lgg_seg,kaggle_3m/TCGA_HT_7856_19950831/TCGA_HT_7856_19950831_16.tif,TCGA_HT_7856_19950831_16,tumor,p6,train,none,73,-1,duplicate_of:TCGA_DU_5871_19941206_19,False,59867916a51ed6c9,3503,kaggle_3m/TCGA_HT_7856_19950831/TCGA_HT_7856_19950831_16_mask.tif,2
lgg_seg,lgg_seg,kaggle_3m/TCGA_HT_7856_19950831/TCGA_HT_7856_19950831_17.tif,TCGA_HT_7856_19950831_17,tumor,p6,train,none,3255,-1,,False,7946690ead3656c9,4339,kaggle_3m/TCGA_HT_7856_19950831/TCGA_HT_7856_19950831_17_mask.tif,2
lgg_seg,lgg_seg,kaggle_3m/TCGA_HT_7856_19950831/TCGA_HT_7856_19950831_18.tif,TCGA_HT_7856_19950831_18,tumor,p6,train,none,3255,-1,duplicate_of:TCGA_HT_7856_19950831_17,False,7ac6690ead3616c9,4814,kaggle_3m/TCGA_HT_7856_19950831/TCGA_HT_7856_19950831_18_mask.tif,2
lgg_seg,lgg_seg,kaggle_3m/TCGA_HT_7856_19950831/TCGA_HT_7856_19950831_19.tif,TCGA_HT_7856_19950831_19,tumor,p6,train,none,3257,-1,,False,4e66698cad3636c9,5333,kaggle_3m/TCGA_HT_7856_19950831/TCGA_HT_7856_19950831_19_mask.tif,2
lgg_seg,lgg_seg,kaggle_3m/TCGA_HT_7856_19950831/TCGA_HT_7856_19950831_2.tif,TCGA_HT_7856_19950831_2,empty,p6,train,none,3258,-1,,False,79868d96b9968669,0,kaggle_3m/TCGA_HT_7856_19950831/TCGA_HT_7856_19950831_2_mask.tif,2
lgg_seg,lgg_seg,kaggle_3m/TCGA_HT_7856_19950831/TCGA_HT_7856_19950831_20.tif,TCGA_HT_7856_19950831_20,tumor,p6,train,none,3257,-1,duplicate_of:TCGA_HT_7856_19950831_19,False,ce66698cad3616c9,5532,kaggle_3m/TCGA_HT_7856_19950831/TCGA_HT_7856_19950831_20_mask.tif,2
lgg_seg,lgg_seg,kaggle_3m/TCGA_HT_7856_19950831/TCGA_HT_7856_19950831_21.tif,TCGA_HT_7856_19950831_21,tumor,p6,train,none,3260,-1,,False,da26690ead3696c9,5084,kaggle_3m/TCGA_HT_7856_19950831/TCGA_HT_7856_19950831_21_mask.tif,2
lgg_seg,lgg_seg,kaggle_3m/TCGA_HT_7856_19950831/TCGA_HT_7856_19950831_22.tif,TCGA_HT_7856_19950831_22,tumor,p6,train,none,454,-1,,False,d9a6790c2d3696c9,4458,kaggle_3m/TCGA_HT_7856_19950831/TCGA_HT_7856_19950831_22_mask.tif,2
lgg_seg,lgg_seg,kaggle_3m/TCGA_HT_7856_19950831/TCGA_HT_7856_19950831_23.tif,TCGA_HT_7856_19950831_23,tumor,p6,train,none,454,-1,duplicate_of:TCGA_HT_7856_19950831_22,False,d9a6590e2d3696c9,3056,kaggle_3m/TCGA_HT_7856_19950831/TCGA_HT_7856_19950831_23_mask.tif,2
lgg_seg,lgg_seg,kaggle_3m/TCGA_HT_7856_19950831/TCGA_HT_7856_19950831_24.tif,TCGA_HT_7856_19950831_24,tumor,p6,train,none,454,-1,duplicate_of:TCGA_HT_7856_19950831_22,False,59e6590e2d3696c9,2151,kaggle_3m/TCGA_HT_7856_19950831/TCGA_HT_7856_19950831_24_mask.tif,2
lgg_seg,lgg_seg,kaggle_3m/TCGA_HT_7856_19950831/TCGA_HT_7856_19950831_25.tif,TCGA_HT_7856_19950831_25,tumor,p6,train,none,3264,-1,,False,99e6590e613696d9,1655,kaggle_3m/TCGA_HT_7856_19950831/TCGA_HT_7856_19950831_25_mask.tif,2
lgg_seg,lgg_seg,kaggle_3m/TCGA_HT_7856_19950831/TCGA_HT_7856_19950831_26.tif,TCGA_HT_7856_19950831_26,tumor,p6,train,none,3264,-1,duplicate_of:TCGA_HT_7856_19950831_25,False,91e5590e693696d9,1406,kaggle_3m/TCGA_HT_7856_19950831/TCGA_HT_7856_19950831_26_mask.tif,2
lgg_seg,lgg_seg,kaggle_3m/TCGA_HT_7856_19950831/TCGA_HT_7856_19950831_27.tif,TCGA_HT_7856_19950831_27,tumor,p6,train,none,73,-1,duplicate_of:TCGA_DU_5871_19941206_19,False,93e1598c691696f9,1139,kaggle_3m/TCGA_HT_7856_19950831/TCGA_HT_7856_19950831_27_mask.tif,2
lgg_seg,lgg_seg,kaggle_3m/TCGA_HT_7856_19950831/TCGA_HT_7856_19950831_28.tif,TCGA_HT_7856_19950831_28,tumor,p6,train,none,593,-1,duplicate_of:TCGA_DU_5871_19941206_30,False,b261dbcc69069679,440,kaggle_3m/TCGA_HT_7856_19950831/TCGA_HT_7856_19950831_28_mask.tif,2
lgg_seg,lgg_seg,kaggle_3m/TCGA_HT_7856_19950831/TCGA_HT_7856_19950831_29.tif,TCGA_HT_7856_19950831_29,tumor,p6,train,none,3268,-1,,False,367193cc6926b659,166,kaggle_3m/TCGA_HT_7856_19950831/TCGA_HT_7856_19950831_29_mask.tif,2
lgg_seg,lgg_seg,kaggle_3m/TCGA_HT_7856_19950831/TCGA_HT_7856_19950831_3.tif,TCGA_HT_7856_19950831_3,empty,p6,train,none,3269,-1,,False,7986a396f8562669,0,kaggle_3m/TCGA_HT_7856_19950831/TCGA_HT_7856_19950831_3_mask.tif,2
lgg_seg,lgg_seg,kaggle_3m/TCGA_HT_7856_19950831/TCGA_HT_7856_19950831_30.tif,TCGA_HT_7856_19950831_30,empty,p6,train,none,2515,-1,duplicate_of:TCGA_FG_6691_20020405_40,False,267392cb69a6a659,0,kaggle_3m/TCGA_HT_7856_19950831/TCGA_HT_7856_19950831_30_mask.tif,2
lgg_seg,lgg_seg,kaggle_3m/TCGA_HT_7856_19950831/TCGA_HT_7856_19950831_31.tif,TCGA_HT_7856_19950831_31,empty,p6,train,none,2892,-1,duplicate_of:TCGA_FG_A60K_20040224_69,False,6439b6d159a6a659,0,kaggle_3m/TCGA_HT_7856_19950831/TCGA_HT_7856_19950831_31_mask.tif,2
lgg_seg,lgg_seg,kaggle_3m/TCGA_HT_7856_19950831/TCGA_HT_7856_19950831_32.tif,TCGA_HT_7856_19950831_32,empty,p6,train,none,161,-1,duplicate_of:TCGA_CS_5397_20010315_22,False,ccd9263399666699,0,kaggle_3m/TCGA_HT_7856_19950831/TCGA_HT_7856_19950831_32_mask.tif,2
lgg_seg,lgg_seg,kaggle_3m/TCGA_HT_7856_19950831/TCGA_HT_7856_19950831_4.tif,TCGA_HT_7856_19950831_4,empty,p6,train,none,3273,-1,,False,59a6e39eb0561669,0,kaggle_3m/TCGA_HT_7856_19950831/TCGA_HT_7856_19950831_4_mask.tif,2
lgg_seg,lgg_seg,kaggle_3m/TCGA_HT_7856_19950831/TCGA_HT_7856_19950831_5.tif,TCGA_HT_7856_19950831_5,empty,p6,train,none,3274,-1,,False,5aa6639eb07e0669,0,kaggle_3m/TCGA_HT_7856_19950831/TCGA_HT_7856_19950831_5_mask.tif,2
lgg_seg,lgg_seg,kaggle_3m/TCGA_HT_7856_19950831/TCGA_HT_7856_19950831_6.tif,TCGA_HT_7856_19950831_6,empty,p6,train,none,3275,-1,,False,6aa6e196b87c2669,0,kaggle_3m/TCGA_HT_7856_19950831/TCGA_HT_7856_19950831_6_mask.tif,2
lgg_seg,lgg_seg,kaggle_3m/TCGA_HT_7856_19950831/TCGA_HT_7856_19950831_7.tif,TCGA_HT_7856_19950831_7,empty,p6,train,none,3276,-1,,False,78cde396b87c0649,0,kaggle_3m/TCGA_HT_7856_19950831/TCGA_HT_7856_19950831_7_mask.tif,2
lgg_seg,lgg_seg,kaggle_3m/TCGA_HT_7856_19950831/TCGA_HT_7856_19950831_8.tif,TCGA_HT_7856_19950831_8,empty,p6,train,none,3277,-1,,False,594d6d96b05c46e9,0,kaggle_3m/TCGA_HT_7856_19950831/TCGA_HT_7856_19950831_8_mask.tif,2
lgg_seg,lgg_seg,kaggle_3m/TCGA_HT_7856_19950831/TCGA_HT_7856_19950831_9.tif,TCGA_HT_7856_19950831_9,empty,p6,train,none,3248,-1,duplicate_of:TCGA_HT_7856_19950831_10,False,d34d6986b25c46e9,0,kaggle_3m/TCGA_HT_7856_19950831/TCGA_HT_7856_19950831_9_mask.tif,2
lgg_seg,lgg_seg,kaggle_3m/TCGA_HT_7860_19960513/TCGA_HT_7860_19960513_1.tif,TCGA_HT_7860_19960513_1,empty,p91,train,none,3279,-1,,False,e5c3262c3836e3d3,0,kaggle_3m/TCGA_HT_7860_19960513/TCGA_HT_7860_19960513_1_mask.tif,4
lgg_seg,lgg_seg,kaggle_3m/TCGA_HT_7860_19960513/TCGA_HT_7860_19960513_10.tif,TCGA_HT_7860_19960513_10,empty,p91,train,none,3280,-1,,False,13343b246996d6f9,0,kaggle_3m/TCGA_HT_7860_19960513/TCGA_HT_7860_19960513_10_mask.tif,4
lgg_seg,lgg_seg,kaggle_3m/TCGA_HT_7860_19960513/TCGA_HT_7860_19960513_11.tif,TCGA_HT_7860_19960513_11,empty,p91,train,none,3281,-1,,False,53261ba669969679,0,kaggle_3m/TCGA_HT_7860_19960513/TCGA_HT_7860_19960513_11_mask.tif,4
lgg_seg,lgg_seg,kaggle_3m/TCGA_HT_7860_19960513/TCGA_HT_7860_19960513_12.tif,TCGA_HT_7860_19960513_12,empty,p91,train,none,73,-1,duplicate_of:TCGA_CS_4944_20010208_19,False,596659a669969669,0,kaggle_3m/TCGA_HT_7860_19960513/TCGA_HT_7860_19960513_12_mask.tif,4
lgg_seg,lgg_seg,kaggle_3m/TCGA_HT_7860_19960513/TCGA_HT_7860_19960513_13.tif,TCGA_HT_7860_19960513_13,tumor,p91,train,none,73,-1,duplicate_of:TCGA_DU_5871_19941206_19,False,19e65bac29969669,752,kaggle_3m/TCGA_HT_7860_19960513/TCGA_HT_7860_19960513_13_mask.tif,4
lgg_seg,lgg_seg,kaggle_3m/TCGA_HT_7860_19960513/TCGA_HT_7860_19960513_14.tif,TCGA_HT_7860_19960513_14,tumor,p91,train,none,73,-1,duplicate_of:TCGA_DU_5871_19941206_19,False,99a65bac29969669,918,kaggle_3m/TCGA_HT_7860_19960513/TCGA_HT_7860_19960513_14_mask.tif,4
lgg_seg,lgg_seg,kaggle_3m/TCGA_HT_7860_19960513/TCGA_HT_7860_19960513_15.tif,TCGA_HT_7860_19960513_15,tumor,p91,train,none,73,-1,duplicate_of:TCGA_DU_5871_19941206_19,False,99a6598c69969679,1151,kaggle_3m/TCGA_HT_7860_19960513/TCGA_HT_7860_19960513_15_mask.tif,4
lgg_seg,lgg_seg,kaggle_3m/TCGA_HT_7860_19960513/TCGA_HT_7860_19960513_16.tif,TCGA_HT_7860_19960513_16,tumor,p91,train,none,73,-1,duplicate_of:TCGA_DU_5871_19941206_19,False,19a65b2c69969679,675,kaggle_3m/TCGA_HT_7860_19960513/TCGA_HT_7860_19960513_16_mask.tif,4
lgg_seg,lgg_seg,kaggle_3m/TCGA_HT_7860_19960513/TCGA_HT_7860_19960513_17.tif,TCGA_HT_7860_19960513_17,tumor,p91,train,none,3287,-1,,False,4ce6532c69969679,293,kaggle_3m/TCGA_HT_7860_19960513/TCGA_HT_7860_19960513_17_mask.tif,4
lgg_seg,lgg_seg,kaggle_3m/TCGA_HT_7860_19960513/TCGA_HT_7860_19960513_18.tif,TCGA_HT_7860_19960513_18,tumor,p91,train,none,3288,-1,,False,926659a669969679,57,kaggle_3m/TCGA_HT_7860_19960513/TCGA_HT_7860_19960513_18_mask.tif,4
lgg_seg,lgg_seg,kaggle_3m/TCGA_HT_7860_19960513/TCGA_HT_7860_19960513_19.tif,TCGA_HT_7860_19960513_19,empty,p91,train,none,73,-1,duplicate_of:TCGA_CS_4944_20010208_19,False,996759c469869679,0,kaggle_3m/TCGA_HT_7860_19960513/TCGA_HT_7860_19960513_19_mask.tif,4
lgg_seg,lgg_seg,kaggle_3m/TCGA_HT_7860_19960513/TCGA_HT_7860_19960513_2.tif,TCGA_HT_7860_19960513_2,empty,p91,train,none,3290,-1,,False,c6da992c3436c3cb,0,kaggle_3m/TCGA_HT_7860_19960513/TCGA_HT_7860_19960513_2_mask.tif,4
lgg_seg,lgg_seg,kaggle_3m/TCGA_HT_7860_19960513/TCGA_HT_7860_19960513_20.tif,TCGA_HT_7860_19960513_20,empty,p91,train,none,3291,-1,,False,997393cc6986a659,0,kaggle_3m/TCGA_HT_7860_19960513/TCGA_HT_7860_19960513_20_mask.tif,4
lgg_seg,lgg_seg,kaggle_3m/TCGA_HT_7860_19960513/TCGA_HT_7860_19960513_21.tif,TCGA_HT_7860_19960513_21,empty,p91,train,none,595,-1,duplicate_of:TCGA_DU_5871_19941206_32,False,a61b926d6986a679,0,kaggle_3m/TCGA_HT_7860_19960513/TCGA_HT_7860_19960513_21_mask.tif,4
lgg_seg,lgg_seg,kaggle_3m/TCGA_HT_7860_19960513/TCGA_HT_7860_19960513_22.tif,TCGA_HT_7860_19960513_22,empty,p91,train,none,73,-1,duplicate_of:TCGA_CS_4944_20010208_19,False,6499b65959e66619,0,kaggle_3m/TCGA_HT_7860_19960513/TCGA_HT_7860_19960513_22_mask.tif,4
lgg_seg,lgg_seg,kaggle_3m/TCGA_HT_7860_19960513/TCGA_HT_7860_19960513_3.tif,TCGA_HT_7860_19960513_3,empty,p91,train,none,3294,-1,,False,c65b1ccc39366749,0,kaggle_3m/TCGA_HT_7860_19960513/TCGA_HT_7860_19960513_3_mask.tif,4
lgg_seg,lgg_seg,kaggle_3m/TCGA_HT_7860_19960513/TCGA_HT_7860_19960513_4.tif,TCGA_HT_7860_19960513_4,empty,p91,train,none,3295,-1,,False,c64e99e639366649,0,kaggle_3m/TCGA_HT_7860_19960513/TCGA_HT_7860_19960513_4_mask.tif,4
lgg_seg,lgg_seg,kaggle_3m/TCGA_HT_7860_19960513/TCGA_HT_7860_19960513_5.tif,TCGA_HT_7860_19960513_5,empty,p91,train,none,3296,-1,,False,964ccba63836c759,0,kaggle_3m/TCGA_HT_7860_19960513/TCGA_HT_7860_19960513_5_mask.tif,4
lgg_seg,lgg_seg,kaggle_3m/TCGA_HT_7860_19960513/TCGA_HT_7860_19960513_6.tif,TCGA_HT_7860_19960513_6,empty,p91,train,none,3297,-1,,False,dc4dc3863836c7c9,0,kaggle_3m/TCGA_HT_7860_19960513/TCGA_HT_7860_19960513_6_mask.tif,4
lgg_seg,lgg_seg,kaggle_3m/TCGA_HT_7860_19960513/TCGA_HT_7860_19960513_7.tif,TCGA_HT_7860_19960513_7,empty,p91,train,none,3297,-1,duplicate_of:TCGA_HT_7860_19960513_6,False,d84d63863836e7c9,0,kaggle_3m/TCGA_HT_7860_19960513/TCGA_HT_7860_19960513_7_mask.tif,4
lgg_seg,lgg_seg,kaggle_3m/TCGA_HT_7860_19960513/TCGA_HT_7860_19960513_8.tif,TCGA_HT_7860_19960513_8,empty,p91,train,none,3299,-1,,False,964d63b63c16c3c9,0,kaggle_3m/TCGA_HT_7860_19960513/TCGA_HT_7860_19960513_8_mask.tif,4
lgg_seg,lgg_seg,kaggle_3m/TCGA_HT_7860_19960513/TCGA_HT_7860_19960513_9.tif,TCGA_HT_7860_19960513_9,empty,p91,train,none,3300,-1,,False,b62e2e263996c3c9,0,kaggle_3m/TCGA_HT_7860_19960513/TCGA_HT_7860_19960513_9_mask.tif,4
lgg_seg,lgg_seg,kaggle_3m/TCGA_HT_7874_19950902/TCGA_HT_7874_19950902_1.tif,TCGA_HT_7874_19950902_1,empty,p61,train,none,3301,-1,,False,6ce3868cb4364bd9,0,kaggle_3m/TCGA_HT_7874_19950902/TCGA_HT_7874_19950902_1_mask.tif,3
lgg_seg,lgg_seg,kaggle_3m/TCGA_HT_7874_19950902/TCGA_HT_7874_19950902_10.tif,TCGA_HT_7874_19950902_10,tumor,p61,train,none,2243,-1,duplicate_of:TCGA_EZ_7264_20010816_16,False,7166718ccd9c3663,2676,kaggle_3m/TCGA_HT_7874_19950902/TCGA_HT_7874_19950902_10_mask.tif,3
lgg_seg,lgg_seg,kaggle_3m/TCGA_HT_7874_19950902/TCGA_HT_7874_19950902_11.tif,TCGA_HT_7874_19950902_11,tumor,p61,train,none,2243,-1,duplicate_of:TCGA_EZ_7264_20010816_16,False,7366438c8d9c3673,2333,kaggle_3m/TCGA_HT_7874_19950902/TCGA_HT_7874_19950902_11_mask.tif,3
lgg_seg,lgg_seg,kaggle_3m/TCGA_HT_7874_19950902/TCGA_HT_7874_19950902_12.tif,TCGA_HT_7874_19950902_12,tumor,p61,train,none,2243,-1,duplicate_of:TCGA_EZ_7264_20010816_16,False,3366e38c8d9c3663,1874,kaggle_3m/TCGA_HT_7874_19950902/TCGA_HT_7874_19950902_12_mask.tif,3
lgg_seg,lgg_seg,kaggle_3m/TCGA_HT_7874_19950902/TCGA_HT_7874_19950902_13.tif,TCGA_HT_7874_19950902_13,tumor,p61,train,none,2243,-1,duplicate_of:TCGA_EZ_7264_20010816_16,False,31e7e30c8d9c3663,1498,kaggle_3m/TCGA_HT_7874_19950902/TCGA_HT_7874_19950902_13_mask.tif,3
lgg_seg,lgg_seg,kaggle_3m/TCGA_HT_7874_19950902/TCGA_HT_7874_19950902_14.tif,TCGA_HT_7874_19950902_14,tumor,p61,train,none,2243,-1,duplicate_of:TCGA_EZ_7264_20010816_16,False,3166e38ccd9c3663,1468,kaggle_3m/TCGA_HT_7874_19950902/TCGA_HT_7874_19950902_14_mask.tif,3
lgg_seg,lgg_seg,kaggle_3m/TCGA_HT_7874_19950902/TCGA_HT_7874_19950902_15.tif,TCGA_HT_7874_19950902_15,tumor,p61,train,none,3307,-1,,False,1964f386c9bc3473,337,kaggle_3m/TCGA_HT_7874_19950902/TCGA_HT_7874_19950902_15_mask.tif,3
lgg_seg,lgg_seg,kaggle_3m/TCGA_HT_7874_19950902/TCGA_HT_7874_19950902_16.tif,TCGA_HT_7874_19950902_16,empty,p61,train,none,3308,-1,,False,126d738ec9b61c71,0,kaggle_3m/TCGA_HT_7874_19950902/TCGA_HT_7874_19950902_16_mask.tif,3
lgg_seg,lgg_seg,kaggle_3m/TCGA_HT_7874_19950902/TCGA_HT_7874_19950902_17.tif,TCGA_HT_7874_19950902_17,empty,p61,train,none,3309,-1,,False,364973c6c9b61c59,0,kaggle_3m/TCGA_HT_7874_19950902/TCGA_HT_7874_19950902_17_mask.tif,3
lgg_seg,lgg_seg,kaggle_3m/TCGA_HT_7874_19950902/TCGA_HT_7874_19950902_18.tif,TCGA_HT_7874_19950902_18,empty,p61,train,none,3310,-1,,False,9c493364e3b69c59,0,kaggle_3m/TCGA_HT_7874_19950902/TCGA_HT_7874_19950902_18_mask.tif,3
lgg_seg,lgg_seg,kaggle_3m/TCGA_HT_7874_19950902/TCGA_HT_7874_19950902_19.tif,TCGA_HT_7874_19950902_19,empty,p61,train,none,3311,-1,,False,8ed9324c63a69cd9,0,kaggle_3m/TCGA_HT_7874_19950902/TCGA_HT_7874_19950902_19_mask.tif,3
lgg_seg,lgg_seg,kaggle_3m/TCGA_HT_7874_19950902/TCGA_HT_7874_19950902_2.tif,TCGA_HT_7874_19950902_2,empty,p61,train,none,3312,-1,,False,e6ccbe0eb23449c3,0,kaggle_3m/TCGA_HT_7874_19950902/TCGA_HT_7874_19950902_2_mask.tif,3
lgg_seg,lgg_seg,kaggle_3m/TCGA_HT_7874_19950902/TCGA_HT_7874_19950902_20.tif,TCGA_HT_7874_19950902_20,empty,p61,train,none,3313,-1,,False,ceb39c4973268c99,0,kaggle_3m/TCGA_HT_7874_19950902/TCGA_HT_7874_19950902_20_mask.tif,3
lgg_seg,lgg_seg,kaggle_3m/TCGA_HT_7874_19950902/TCGA_HT_7874_19950902_3.tif,TCGA_HT_7874_19950902_3,empty,p61,train,none,3314,-1,,False,b64cc9a6b23c69c3,0,kaggle_3m/TCGA_HT_7874_19950902/TCGA_HT_7874_19950902_3_mask.tif,3
lgg_seg,lgg_seg,kaggle_3m/TCGA_HT_7874_19950902/TCGA_HT_7874_19950902_4.tif,TCGA_HT_7874_19950902_4,empty,p61,train,none,3315,-1,,False,dccdc336329c4cc3,0,kaggle_3m/TCGA_HT_7874_19950902/TCGA_HT_7874_19950902_4_mask.tif,3
lgg_seg,lgg_seg,kaggle_3m/TCGA_HT_7874_19950902/TCGA_HT_7874_19950902_5.tif,TCGA_HT_7874_19950902_5,empty,p61,train,none,3316,-1,,False,d84bc92c329c6ed3,0,kaggle_3m/TCGA_HT_7874_19950902/TCGA_HT_7874_19950902_5_mask.tif,3
lgg_seg,lgg_seg,kaggle_3m/TCGA_HT_7874_19950902/TCGA_HT_7874_19950902_6.tif,TCGA_HT_7874_19950902_6,empty,p61,train,none,3317,-1,,False,39c3c92c32bc6cd3,0,kaggle_3m/TCGA_HT_7874_19950902/TCGA_HT_7874_19950902_6_mask.tif,3
lgg_seg,lgg_seg,kaggle_3m/TCGA_HT_7874_19950902/TCGA_HT_7874_19950902_7.tif,TCGA_HT_7874_19950902_7,empty,p61,train,none,3318,-1,,False,59c7c32c3cb664c9,0,kaggle_3m/TCGA_HT_7874_19950902/TCGA_HT_7874_19950902_7_mask.tif,3
lgg_seg,lgg_seg,kaggle_3m/TCGA_HT_7874_19950902/TCGA_HT_7874_19950902_8.tif,TCGA_HT_7874_19950902_8,tumor,p61,train,none,3319,-1,,False,d926c72c0d9676c9,101,kaggle_3m/TCGA_HT_7874_19950902/TCGA_HT_7874_19950902_8_mask.tif,3
lgg_seg,lgg_seg,kaggle_3m/TCGA_HT_7874_19950902/TCGA_HT_7874_19950902_9.tif,TCGA_HT_7874_19950902_9,tumor,p61,train,none,3320,-1,,False,730e998ccd9c3663,830,kaggle_3m/TCGA_HT_7874_19950902/TCGA_HT_7874_19950902_9_mask.tif,3
lgg_seg,lgg_seg,kaggle_3m/TCGA_HT_7877_19980917/TCGA_HT_7877_19980917_1.tif,TCGA_HT_7877_19980917_1,empty,p6,train,none,3321,-1,,False,b62c3c24399ec3e3,0,kaggle_3m/TCGA_HT_7877_19980917/TCGA_HT_7877_19980917_1_mask.tif,2
lgg_seg,lgg_seg,kaggle_3m/TCGA_HT_7877_19980917/TCGA_HT_7877_19980917_10.tif,TCGA_HT_7877_19980917_10,empty,p6,train,none,3322,-1,,False,d3cece8e383c8643,0,kaggle_3m/TCGA_HT_7877_19980917/TCGA_HT_7877_19980917_10_mask.tif,2
lgg_seg,lgg_seg,kaggle_3m/TCGA_HT_7877_19980917/TCGA_HT_7877_19980917_11.tif,TCGA_HT_7877_19980917_11,empty,p6,train,none,3323,-1,,False,db8c4c2c3936c6e3,0,kaggle_3m/TCGA_HT_7877_19980917/TCGA_HT_7877_19980917_11_mask.tif,2
lgg_seg,lgg_seg,kaggle_3m/TCGA_HT_7877_19980917/TCGA_HT_7877_19980917_12.tif,TCGA_HT_7877_19980917_12,empty,p6,train,none,3324,-1,,False,5b0c5c3c79b4c6c3,0,kaggle_3m/TCGA_HT_7877_19980917/TCGA_HT_7877_19980917_12_mask.tif,2
lgg_seg,lgg_seg,kaggle_3m/TCGA_HT_7877_19980917/TCGA_HT_7877_19980917_13.tif,TCGA_HT_7877_19980917_13,empty,p6,train,none,3325,-1,,False,1e2e383c69bc96c3,0,kaggle_3m/TCGA_HT_7877_19980917/TCGA_HT_7877_19980917_13_mask.tif,2
lgg_seg,lgg_seg,kaggle_3m/TCGA_HT_7877_19980917/TCGA_HT_7877_19980917_14.tif,TCGA_HT_7877_19980917_14,empty,p6,train,none,3326,-1,,False,8e26393c6dbc3643,0,kaggle_3m/TCGA_HT_7877_19980917/TCGA_HT_7877_19980917_14_mask.tif,2
lgg_seg,lgg_seg,kaggle_3m/TCGA_HT_7877_19980917/TCGA_HT_7877_19980917_15.tif,TCGA_HT_7877_19980917_15,empty,p6,train,none,3327,-1,,False,d986191c6dbcb643,0,kaggle_3m/TCGA_HT_7877_19980917/TCGA_HT_7877_19980917_15_mask.tif,2
lgg_seg,lgg_seg,kaggle_3m/TCGA_HT_7877_19980917/TCGA_HT_7877_19980917_16.tif,TCGA_HT_7877_19980917_16,empty,p6,train,none,10,-1,duplicate_of:TCGA_CS_4941_19960909_19,False,d98c590c2dbcb6c3,0,kaggle_3m/TCGA_HT_7877_19980917/TCGA_HT_7877_19980917_16_mask.tif,2
lgg_seg,lgg_seg,kaggle_3m/TCGA_HT_7877_19980917/TCGA_HT_7877_19980917_17.tif,TCGA_HT_7877_19980917_17,empty,p6,train,none,10,-1,duplicate_of:TCGA_CS_4941_19960909_19,False,d98e590c2d3cb6c3,0,kaggle_3m/TCGA_HT_7877_19980917/TCGA_HT_7877_19980917_17_mask.tif,2
lgg_seg,lgg_seg,kaggle_3m/TCGA_HT_7877_19980917/TCGA_HT_7877_19980917_18.tif,TCGA_HT_7877_19980917_18,empty,p6,train,none,10,-1,duplicate_of:TCGA_CS_4941_19960909_19,False,da8e490c2d3cb6e3,0,kaggle_3m/TCGA_HT_7877_19980917/TCGA_HT_7877_19980917_18_mask.tif,2
lgg_seg,lgg_seg,kaggle_3m/TCGA_HT_7877_19980917/TCGA_HT_7877_19980917_19.tif,TCGA_HT_7877_19980917_19,empty,p6,train,none,10,-1,duplicate_of:TCGA_CS_4941_19960909_19,False,d82e498c2d3cb6e3,0,kaggle_3m/TCGA_HT_7877_19980917/TCGA_HT_7877_19980917_19_mask.tif,2
lgg_seg,lgg_seg,kaggle_3m/TCGA_HT_7877_19980917/TCGA_HT_7877_19980917_2.tif,TCGA_HT_7877_19980917_2,empty,p6,train,none,3332,-1,,False,962c38a6391ec3eb,0,kaggle_3m/TCGA_HT_7877_19980917/TCGA_HT_7877_19980917_2_mask.tif,2
lgg_seg,lgg_seg,kaggle_3m/TCGA_HT_7877_19980917/TCGA_HT_7877_19980917_20.tif,TCGA_HT_7877_19980917_20,tumor,p6,train,none,10,-1,duplicate_of:TCGA_CS_5396_20010302_19,False,da2ec90c2d3cb6c3,188,kaggle_3m/TCGA_HT_7877_19980917/TCGA_HT_7877_19980917_20_mask.tif,2
lgg_seg,lgg_seg,kaggle_3m/TCGA_HT_7877_19980917/TCGA_HT_7877_19980917_21.tif,TCGA_HT_7877_19980917_21,tumor,p6,train,none,10,-1,duplicate_of:TCGA_CS_5396_20010302_19,False,f62cc90c2d3cb6c3,738,kaggle_3m/TCGA_HT_7877_19980917/TCGA_HT_7877_19980917_21_mask.tif,2
lgg_seg,lgg_seg,kaggle_3m/TCGA_HT_7877_19980917/TCGA_HT_7877_19980917_22.tif,TCGA_HT_7877_19980917_22,tumor,p6,train,none,3335,-1,,False,b6e4d90c2d34b6c3,1389,kaggle_3m/TCGA_HT_7877_19980917/TCGA_HT_7877_19980917_22_mask.tif,2
lgg_seg,lgg_seg,kaggle_3m/TCGA_HT_7877_19980917/TCGA_HT_7877_19980917_23.tif,TCGA_HT_7877_19980917_23,tumor,p6,train,none,3335,-1,duplicate_of:TCGA_HT_7877_19980917_22,False,b266d90c2d34b6d3,1494,kaggle_3m/TCGA_HT_7877_19980917/TCGA_HT_7877_19980917_23_mask.tif,2
lgg_seg,lgg_seg,kaggle_3m/TCGA_HT_7877_19980917/TCGA_HT_7877_19980917_24.tif,TCGA_HT_7877_19980917_24,tumor,p6,train,none,10,-1,duplicate_of:TCGA_CS_5396_20010302_19,False,b2c6d90c493cb6d3,1440,kaggle_3m/TCGA_HT_7877_19980917/TCGA_HT_7877_19980917_24_mask.tif,2
lgg_seg,lgg_seg,kaggle_3m/TCGA_HT_7877_19980917/TCGA_HT_7877_19980917_25.tif,TCGA_HT_7877_19980917_25,tumor,p6,train,none,10,-1,duplicate_of:TCGA_CS_5396_20010302_19,False,33c6d98c4934b6d3,1278,kaggle_3m/TCGA_HT_7877_19980917/TCGA_HT_7877_19980917_25_mask.tif,2
lgg_seg,lgg_seg,kaggle_3m/TCGA_HT_7877_19980917/TCGA_HT_7877_19980917_26.tif,TCGA_HT_7877_19980917_26,tumor,p6,train,none,10,-1,duplicate_of:TCGA_CS_5396_20010302_19,False,32c6d98c493c36f3,988,kaggle_3m/TCGA_HT_7877_19980917/TCGA_HT_7877_19980917_26_mask.tif,2
lgg_seg,lgg_seg,kaggle_3m/TCGA_HT_7877_19980917/TCGA_HT_7877_19980917_27.tif,TCGA_HT_7877_19980917_27,tumor,p6,train,none,10,-1,duplicate_of:TCGA_CS_5396_20010302_19,False,3263d1cc493c36f3,517,kaggle_3m/TCGA_HT_7877_19980917/TCGA_HT_7877_19980917_27_mask.tif,2
lgg_seg,lgg_seg,kaggle_3m/TCGA_HT_7877_19980917/TCGA_HT_7877_19980917_28.tif,TCGA_HT_7877_19980917_28,tumor,p6,train,none,10,-1,duplicate_of:TCGA_CS_5396_20010302_19,False,367393ccc90c3673,147,kaggle_3m/TCGA_HT_7877_19980917/TCGA_HT_7877_19980917_28_mask.tif,2
lgg_seg,lgg_seg,kaggle_3m/TCGA_HT_7877_19980917/TCGA_HT_7877_19980917_29.tif,TCGA_HT_7877_19980917_29,empty,p6,train,none,10,-1,duplicate_of:TCGA_CS_4941_19960909_19,False,2673b3c6c90c3673,0,kaggle_3m/TCGA_HT_7877_19980917/TCGA_HT_7877_19980917_29_mask.tif,2
lgg_seg,lgg_seg,kaggle_3m/TCGA_HT_7877_19980917/TCGA_HT_7877_19980917_3.tif,TCGA_HT_7877_19980917_3,empty,p6,train,none,3343,-1,,False,9e2679b43916c3c9,0,kaggle_3m/TCGA_HT_7877_19980917/TCGA_HT_7877_19980917_3_mask.tif,2
lgg_seg,lgg_seg,kaggle_3m/TCGA_HT_7877_19980917/TCGA_HT_7877_19980917_30.tif,TCGA_HT_7877_19980917_30,empty,p6,train,none,3344,-1,,False,cc3932e3c98e2673,0,kaggle_3m/TCGA_HT_7877_19980917/TCGA_HT_7877_19980917_30_mask.tif,2
lgg_seg,lgg_seg,kaggle_3m/TCGA_HT_7877_19980917/TCGA_HT_7877_19980917_4.tif,TCGA_HT_7877_19980917_4,empty,p6,train,none,3343,-1,duplicate_of:TCGA_HT_7877_19980917_3,False,9e2679b43916c369,0,kaggle_3m/TCGA_HT_7877_19980917/TCGA_HT_7877_19980917_4_mask.tif,2
lgg_seg,lgg_seg,kaggle_3m/TCGA_HT_7877_19980917/TCGA_HT_7877_19980917_5.tif,TCGA_HT_7877_19980917_5,empty,p6,train,none,3346,-1,,False,96267994397e4363,0,kaggle_3m/TCGA_HT_7877_19980917/TCGA_HT_7877_19980917_5_mask.tif,2
lgg_seg,lgg_seg,kaggle_3m/TCGA_HT_7877_19980917/TCGA_HT_7877_19980917_6.tif,TCGA_HT_7877_19980917_6,empty,p6,train,none,3347,-1,,False,92a6b99e387c434b,0,kaggle_3m/TCGA_HT_7877_19980917/TCGA_HT_7877_19980917_6_mask.tif,2
lgg_seg,lgg_seg,kaggle_3m/TCGA_HT_7877_19980917/TCGA_HT_7877_19980917_7.tif,TCGA_HT_7877_19980917_7,empty,p6,train,none,3348,-1,,False,d3c7e69c38740743,0,kaggle_3m/TCGA_HT_7877_19980917/TCGA_HT_7877_19980917_7_mask.tif,2
lgg_seg,lgg_seg,kaggle_3m/TCGA_HT_7877_19980917/TCGA_HT_7877_19980917_8.tif,TCGA_HT_7877_19980917_8,empty,p6,train,none,3349,-1,,False,994fc69c387e0663,0,kaggle_3m/TCGA_HT_7877_19980917/TCGA_HT_7877_19980917_8_mask.tif,2
lgg_seg,lgg_seg,kaggle_3m/TCGA_HT_7877_19980917/TCGA_HT_7877_19980917_9.tif,TCGA_HT_7877_19980917_9,empty,p6,train,none,3350,-1,,False,994dc7b6383c8663,0,kaggle_3m/TCGA_HT_7877_19980917/TCGA_HT_7877_19980917_9_mask.tif,2
lgg_seg,lgg_seg,kaggle_3m/TCGA_HT_7879_19981009/TCGA_HT_7879_19981009_1.tif,TCGA_HT_7879_19981009_1,empty,p16,train,none,3351,-1,,False,948693965b1ead69,0,kaggle_3m/TCGA_HT_7879_19981009/TCGA_HT_7879_19981009_1_mask.tif,2
lgg_seg,lgg_seg,kaggle_3m/TCGA_HT_7879_19981009/TCGA_HT_7879_19981009_10.tif,TCGA_HT_7879_19981009_10,tumor,p16,train,none,3352,-1,,False,2724e3969a1e6ce9,465,kaggle_3m/TCGA_HT_7879_19981009/TCGA_HT_7879_19981009_10_mask.tif,2
lgg_seg,lgg_seg,kaggle_3m/TCGA_HT_7879_19981009/TCGA_HT_7879_19981009_11.tif,TCGA_HT_7879_19981009_11,tumor,p16,train,none,3353,-1,,False,a1a4d2969b1e6ce9,1152,kaggle_3m/TCGA_HT_7879_19981009/TCGA_HT_7879_19981009_11_mask.tif,2
lgg_seg,lgg_seg,kaggle_3m/TCGA_HT_7879_19981009/TCGA_HT_7879_19981009_12.tif,TCGA_HT_7879_19981009_12,tumor,p16,train,none,3354,-1,,False,99a692965b1e6c69,1952,kaggle_3m/TCGA_HT_7879_19981009/TCGA_HT_7879_19981009_12_mask.tif,2
lgg_seg,lgg_seg,kaggle_3m/TCGA_HT_7879_19981009/TCGA_HT_7879_19981009_13.tif,TCGA_HT_7879_19981009_13,tumor,p16,train,none,3355,-1,,False,9b8e9396431e6c69,2182,kaggle_3m/TCGA_HT_7879_19981009/TCGA_HT_7879_19981009_13_mask.tif,2
lgg_seg,lgg_seg,kaggle_3m/TCGA_HT_7879_19981009/TCGA_HT_7879_19981009_14.tif,TCGA_HT_7879_19981009_14,tumor,p16,train,none,3355,-1,duplicate_of:TCGA_HT_7879_19981009_13,False,9b8e9396431e6c69,2013,kaggle_3m/TCGA_HT_7879_19981009/TCGA_HT_7879_19981009_14_mask.tif,2
lgg_seg,lgg_seg,kaggle_3m/TCGA_HT_7879_19981009/TCGA_HT_7879_19981009_15.tif,TCGA_HT_7879_19981009_15,tumor,p16,train,none,3355,-1,duplicate_of:TCGA_HT_7879_19981009_13,False,938e9396471c7c69,1226,kaggle_3m/TCGA_HT_7879_19981009/TCGA_HT_7879_19981009_15_mask.tif,2
lgg_seg,lgg_seg,kaggle_3m/TCGA_HT_7879_19981009/TCGA_HT_7879_19981009_16.tif,TCGA_HT_7879_19981009_16,tumor,p16,train,none,3358,-1,,False,b3a69286c79c7c49,896,kaggle_3m/TCGA_HT_7879_19981009/TCGA_HT_7879_19981009_16_mask.tif,2
lgg_seg,lgg_seg,kaggle_3m/TCGA_HT_7879_19981009/TCGA_HT_7879_19981009_17.tif,TCGA_HT_7879_19981009_17,tumor,p16,train,none,69,-1,duplicate_of:TCGA_DU_5849_19950405_22,False,f2a6c686879c7c49,757,kaggle_3m/TCGA_HT_7879_19981009/TCGA_HT_7879_19981009_17_mask.tif,2
lgg_seg,lgg_seg,kaggle_3m/TCGA_HT_7879_19981009/TCGA_HT_7879_19981009_18.tif,TCGA_HT_7879_19981009_18,tumor,p16,train,none,69,-1,duplicate_of:TCGA_DU_5849_19950405_22,False,73a6c686879c3c4b,571,kaggle_3m/TCGA_HT_7879_19981009/TCGA_HT_7879_19981009_18_mask.tif,2
lgg_seg,lgg_seg,kaggle_3m/TCGA_HT_7879_19981009/TCGA_HT_7879_19981009_19.tif,TCGA_HT_7879_19981009_19,tumor,p16,train,none,69,-1,duplicate_of:TCGA_DU_5849_19950405_22,False,71a6c3a6879c3c4b,156,kaggle_3m/TCGA_HT_7879_19981009/TCGA_HT_7879_19981009_19_mask.tif,2
lgg_seg,lgg_seg,kaggle_3m/TCGA_HT_7879_19981009/TCGA_HT_7879_19981009_2.tif,TCGA_HT_7879_19981009_2,empty,p16,train,none,3351,-1,duplicate_of:TCGA_HT_7879_19981009_1,False,9486931c5b1eade9,0,kaggle_3m/TCGA_HT_7879_19981009/TCGA_HT_7879_19981009_2_mask.tif,2
lgg_seg,lgg_seg,kaggle_3m/TCGA_HT_7879_19981009/TCGA_HT_7879_19981009_20.tif,TCGA_HT_7879_19981009_20,empty,p16,train,none,69,-1,duplicate_of:TCGA_CS_4944_20010208_15,False,7146e3a6879c3c4b,0,kaggle_3m/TCGA_HT_7879_19981009/TCGA_HT_7879_19981009_20_mask.tif,2
lgg_seg,lgg_seg,kaggle_3m/TCGA_HT_7879_19981009/TCGA_HT_7879_19981009_21.tif,TCGA_HT_7879_19981009_21,empty,p16,train,none,69,-1,duplicate_of:TCGA_CS_4944_20010208_15,False,7164e3a6879c3c4b,0,kaggle_3m/TCGA_HT_7879_19981009/TCGA_HT_7879_19981009_21_mask.tif,2
lgg_seg,lgg_seg,kaggle_3m/TCGA_HT_7879_19981009/TCGA_HT_7879_19981009_22.tif,TCGA_HT_7879_19981009_22,empty,p16,train,none,69,-1,duplicate_of:TCGA_CS_4944_20010208_15,False,7166e3a4879c3c4b,0,kaggle_3m/TCGA_HT_7879_19981009/TCGA_HT_7879_19981009_22_mask.tif,2
lgg_seg,lgg_seg,kaggle_3m/TCGA_HT_7879_19981009/TCGA_HT_7879_19981009_23.tif,TCGA_HT_7879_19981009_23,empty,p16,train,none,3366,-1,,False,3046f32cc7bc3c53,0,kaggle_3m/TCGA_HT_7879_19981009/TCGA_HT_7879_19981009_23_mask.tif,2
lgg_seg,lgg_seg,kaggle_3m/TCGA_HT_7879_19981009/TCGA_HT_7879_19981009_24.tif,TCGA_HT_7879_19981009_24,empty,p16,train,none,3367,-1,,False,38cef22cc33c3c53,0,kaggle_3m/TCGA_HT_7879_19981009/TCGA_HT_7879_19981009_24_mask.tif,2
lgg_seg,lgg_seg,kaggle_3m/TCGA_HT_7879_19981009/TCGA_HT_7879_19981009_25.tif,TCGA_HT_7879_19981009_25,empty,p16,train,none,3367,-1,duplicate_of:TCGA_HT_7879_19981009_24,False,384e722cc3bc3cd3,0,kaggle_3m/TCGA_HT_7879_19981009/TCGA_HT_7879_19981009_25_mask.tif,2
lgg_seg,lgg_seg,kaggle_3m/TCGA_HT_7879_19981009/TCGA_HT_7879_19981009_26.tif,TCGA_HT_7879_19981009_26,empty,p16,train,none,1626,-1,,False,38cb724cc33c3cd3,0,kaggle_3m/TCGA_HT_7879_19981009/TCGA_HT_7879_19981009_26_mask.tif,2
lgg_seg,lgg_seg,kaggle_3m/TCGA_HT_7879_19981009/TCGA_HT_7879_19981009_27.tif,TCGA_HT_7879_19981009_27,empty,p16,train,none,3370,-1,,False,3ac3784cc32c3cf3,0,kaggle_3m/TCGA_HT_7879_19981009/TCGA_HT_7879_19981009_27_mask.tif,2
lgg_seg,lgg_seg,kaggle_3m/TCGA_HT_7879_19981009/TCGA_HT_7879_19981009_28.tif,TCGA_HT_7879_19981009_28,empty,p16,train,none,532,-1,duplicate_of:TCGA_HT_7608_19940304_27,False,98f338ccc32c1cf3,0,kaggle_3m/TCGA_HT_7879_19981009/TCGA_HT_7879_19981009_28_mask.tif,2
lgg_seg,lgg_seg,kaggle_3m/TCGA_HT_7879_19981009/TCGA_HT_7879_19981009_3.tif,TCGA_HT_7879_19981009_3,empty,p16,train,none,3372,-1,,False,9686d3165b1c8de9,0,kaggle_3m/TCGA_HT_7879_19981009/TCGA_HT_7879_19981009_3_mask.tif,2
lgg_seg,lgg_seg,kaggle_3m/TCGA_HT_7879_19981009/TCGA_HT_7879_19981009_4.tif,TCGA_HT_7879_19981009_4,empty,p16,train,none,3372,-1,duplicate_of:TCGA_HT_7879_19981009_3,False,96a6531e591c8de9,0,kaggle_3m/TCGA_HT_7879_19981009/TCGA_HT_7879_19981009_4_mask.tif,2
lgg_seg,lgg_seg,kaggle_3m/TCGA_HT_7879_19981009/TCGA_HT_7879_19981009_5.tif,TCGA_HT_7879_19981009_5,empty,p16,train,none,3374,-1,,False,96a6591e5bdc8c89,0,kaggle_3m/TCGA_HT_7879_19981009/TCGA_HT_7879_19981009_5_mask.tif,2
lgg_seg,lgg_seg,kaggle_3m/TCGA_HT_7879_19981009/TCGA_HT_7879_19981009_6.tif,TCGA_HT_7879_19981009_6,empty,p16,train,none,3374,-1,duplicate_of:TCGA_HT_7879_19981009_5,False,96a6591e5b5cac89,0,kaggle_3m/TCGA_HT_7879_19981009/TCGA_HT_7879_19981009_6_mask.tif,2
lgg_seg,lgg_seg,kaggle_3m/TCGA_HT_7879_19981009/TCGA_HT_7879_19981009_7.tif,TCGA_HT_7879_19981009_7,empty,p16,train,none,3376,-1,,False,86e6e09e9b5caca1,0,kaggle_3m/TCGA_HT_7879_19981009/TCGA_HT_7879_19981009_7_mask.tif,2
lgg_seg,lgg_seg,kaggle_3m/TCGA_HT_7879_19981009/TCGA_HT_7879_19981009_8.tif,TCGA_HT_7879_19981009_8,empty,p16,train,none,3377,-1,,False,16e4e6969b5c2ce1,0,kaggle_3m/TCGA_HT_7879_19981009/TCGA_HT_7879_19981009_8_mask.tif,2
lgg_seg,lgg_seg,kaggle_3m/TCGA_HT_7879_19981009/TCGA_HT_7879_19981009_9.tif,TCGA_HT_7879_19981009_9,tumor,p16,train,none,3378,-1,,False,3264e7969a5c6ce1,284,kaggle_3m/TCGA_HT_7879_19981009/TCGA_HT_7879_19981009_9_mask.tif,2
lgg_seg,lgg_seg,kaggle_3m/TCGA_HT_7881_19981015/TCGA_HT_7881_19981015_1.tif,TCGA_HT_7881_19981015_1,empty,p95,train,none,3379,-1,,False,66c69ca65a966569,0,kaggle_3m/TCGA_HT_7881_19981015/TCGA_HT_7881_19981015_1_mask.tif,4
lgg_seg,lgg_seg,kaggle_3m/TCGA_HT_7881_19981015/TCGA_HT_7881_19981015_10.tif,TCGA_HT_7881_19981015_10,empty,p95,train,none,876,-1,duplicate_of:TCGA_DU_6404_19850629_1,False,9ea6b3865a16a569,0,kaggle_3m/TCGA_HT_7881_19981015/TCGA_HT_7881_19981015_10_mask.tif,4
lgg_seg,lgg_seg,kaggle_3m/TCGA_HT_7881_19981015/TCGA_HT_7881_19981015_11.tif,TCGA_HT_7881_19981015_11,empty,p95,train,none,876,-1,duplicate_of:TCGA_DU_6404_19850629_1,False,9ea6e1865a16a5e9,0,kaggle_3m/TCGA_HT_7881_19981015/TCGA_HT_7881_19981015_11_mask.tif,4
lgg_seg,lgg_seg,kaggle_3m/TCGA_HT_7881_19981015/TCGA_HT_7881_19981015_12.tif,TCGA_HT_7881_19981015_12,empty,p95,train,none,876,-1,duplicate_of:TCGA_DU_6404_19850629_1,False,9ea6e3861a16e4e9,0,kaggle_3m/TCGA_HT_7881_19981015/TCGA_HT_7881_19981015_12_mask.tif,4
lgg_seg,lgg_seg,kaggle_3m/TCGA_HT_7881_19981015/TCGA_HT_7881_19981015_13.tif,TCGA_HT_7881_19981015_13,empty,p95,train,none,876,-1,duplicate_of:TCGA_DU_6404_19850629_1,False,96e6e1961a16e4e9,0,kaggle_3m/TCGA_HT_7881_19981015/TCGA_HT_7881_19981015_13_mask.tif,4
lgg_seg,lgg_seg,kaggle_3m/TCGA_HT_7881_19981015/TCGA_HT_7881_19981015_14.tif,TCGA_HT_7881_19981015_14,empty,p95,train,none,876,-1,duplicate_of:TCGA_DU_6404_19850629_1,False,36e6e1961a16ace9,0,kaggle_3m/TCGA_HT_7881_19981015/TCGA_HT_7881_19981015_14_mask.tif,4
lgg_seg,lgg_seg,kaggle_3m/TCGA_HT_7881_19981015/TCGA_HT_7881_19981015_15.tif,TCGA_HT_7881_19981015_15,empty,p95,train,none,876,-1,duplicate_of:TCGA_DU_6404_19850629_1,False,36e7e1861a16a6e9,0,kaggle_3m/TCGA_HT_7881_19981015/TCGA_HT_7881_19981015_15_mask.tif,4
lgg_seg,lgg_seg,kaggle_3m/TCGA_HT_7881_19981015/TCGA_HT_7881_19981015_16.tif,TCGA_HT_7881_19981015_16,empty,p95,train,none,876,-1,duplicate_of:TCGA_DU_6404_19850629_1,False,36e7e1861a16a6e9,0,kaggle_3m/TCGA_HT_7881_19981015/TCGA_HT_7881_19981015_16_mask.tif,4
lgg_seg,lgg_seg,kaggle_3m/TCGA_HT_7881_19981015/TCGA_HT_7881_19981015_17.tif,TCGA_HT_7881_19981015_17,empty,p95,train,none,876,-1,duplicate_of:TCGA_DU_6404_19850629_1,False,32e7e1861a1ea6e9,0,kaggle_3m/TCGA_HT_7881_19981015/TCGA_HT_7881_19981015_17_mask.tif,4
lgg_seg,lgg_seg,kaggle_3m/TCGA_HT_7881_19981015/TCGA_HT_7881_19981015_18.tif,TCGA_HT_7881_19981015_18,empty,p95,train,none,876,-1,duplicate_of:TCGA_DU_6404_19850629_1,False,12e7e586181ee6e9,0,kaggle_3m/TCGA_HT_7881_19981015/TCGA_HT_7881_19981015_18_mask.tif,4
lgg_seg,lgg_seg,kaggle_3m/TCGA_HT_7881_19981015/TCGA_HT_7881_19981015_19.tif,TCGA_HT_7881_19981015_19,empty,p95,train,none,876,-1,duplicate_of:TCGA_DU_6404_19850629_1,False,13e7e586981e6669,0,kaggle_3m/TCGA_HT_7881_19981015/TCGA_HT_7881_19981015_19_mask.tif,4
lgg_seg,lgg_seg,kaggle_3m/TCGA_HT_7881_19981015/TCGA_HT_7881_19981015_2.tif,TCGA_HT_7881_19981015_2,empty,p95,train,none,3379,-1,duplicate_of:TCGA_HT_7881_19981015_1,False,66869ca65a96e569,0,kaggle_3m/TCGA_HT_7881_19981015/TCGA_HT_7881_19981015_2_mask.tif,4
lgg_seg,lgg_seg,kaggle_3m/TCGA_HT_7881_19981015/TCGA_HT_7881_19981015_20.tif,TCGA_HT_7881_19981015_20,empty,p95,train,none,876,-1,duplicate_of:TCGA_DU_6404_19850629_1,False,1b67e5869a166669,0,kaggle_3m/TCGA_HT_7881_19981015/TCGA_HT_7881_19981015_20_mask.tif,4
lgg_seg,lgg_seg,kaggle_3m/TCGA_HT_7881_19981015/TCGA_HT_7881_19981015_21.tif,TCGA_HT_7881_19981015_21,empty,p95,train,none,876,-1,duplicate_of:TCGA_DU_6404_19850629_1,False,1b67e5869a166669,0,kaggle_3m/TCGA_HT_7881_19981015/TCGA_HT_7881_19981015_21_mask.tif,4
lgg_seg,lgg_seg,kaggle_3m/TCGA_HT_7881_19981015/TCGA_HT_7881_19981015_22.tif,TCGA_HT_7881_19981015_22,empty,p95,train,none,876,-1,duplicate_of:TCGA_DU_6404_19850629_1,False,9b61e7869a166669,0,kaggle_3m/TCGA_HT_7881_19981015/TCGA_HT_7881_19981015_22_mask.tif,4
lgg_seg,lgg_seg,kaggle_3m/TCGA_HT_7881_19981015/TCGA_HT_7881_19981015_23.tif,TCGA_HT_7881_19981015_23,tumor,p95,train,none,876,-1,,False,9b6965a69a166669,265,kaggle_3m/TCGA_HT_7881_19981015/TCGA_HT_7881_19981015_23_mask.tif,4
lgg_seg,lgg_seg,kaggle_3m/TCGA_HT_7881_19981015/TCGA_HT_7881_19981015_24.tif,TCGA_HT_7881_19981015_24,tumor,p95,train,none,876,-1,duplicate_of:TCGA_HT_7881_19981015_23,False,9b6d61a69a166669,394,kaggle_3m/TCGA_HT_7881_19981015/TCGA_HT_7881_19981015_24_mask.tif,4
lgg_seg,lgg_seg,kaggle_3m/TCGA_HT_7881_19981015/TCGA_HT_7881_19981015_25.tif,TCGA_HT_7881_19981015_25,tumor,p95,train,none,3396,-1,,False,13e5e9a69a166669,534,kaggle_3m/TCGA_HT_7881_19981015/TCGA_HT_7881_19981015_25_mask.tif,4
lgg_seg,lgg_seg,kaggle_3m/TCGA_HT_7881_19981015/TCGA_HT_7881_19981015_26.tif,TCGA_HT_7881_19981015_26,tumor,p95,train,none,3396,-1,duplicate_of:TCGA_HT_7881_19981015_25,False,53e5eda49a166469,635,kaggle_3m/TCGA_HT_7881_19981015/TCGA_HT_7881_19981015_26_mask.tif,4
lgg_seg,lgg_seg,kaggle_3m/TCGA_HT_7881_19981015/TCGA_HT_7881_19981015_27.tif,TCGA_HT_7881_19981015_27,tumor,p95,train,none,3396,-1,duplicate_of:TCGA_HT_7881_19981015_25,False,53e5eda49a166469,851,kaggle_3m/TCGA_HT_7881_19981015/TCGA_HT_7881_19981015_27_mask.tif,4
lgg_seg,lgg_seg,kaggle_3m/TCGA_HT_7881_19981015/TCGA_HT_7881_19981015_28.tif,TCGA_HT_7881_19981015_28,tumor,p95,train,none,73,-1,duplicate_of:TCGA_DU_5871_19941206_19,False,59e4edac92966469,891,kaggle_3m/TCGA_HT_7881_19981015/TCGA_HT_7881_19981015_28_mask.tif,4
lgg_seg,lgg_seg,kaggle_3m/TCGA_HT_7881_19981015/TCGA_HT_7881_19981015_29.tif,TCGA_HT_7881_19981015_29,tumor,p95,train,none,73,-1,duplicate_of:TCGA_DU_5871_19941206_19,False,59a4adacd2966c69,1032,kaggle_3m/TCGA_HT_7881_19981015/TCGA_HT_7881_19981015_29_mask.tif,4
lgg_seg,lgg_seg,kaggle_3m/TCGA_HT_7881_19981015/TCGA_HT_7881_19981015_3.tif,TCGA_HT_7881_19981015_3,empty,p95,train,none,3379,-1,duplicate_of:TCGA_HT_7881_19981015_1,False,66869ca65b966569,0,kaggle_3m/TCGA_HT_7881_19981015/TCGA_HT_7881_19981015_3_mask.tif,4
lgg_seg,lgg_seg,kaggle_3m/TCGA_HT_7881_19981015/TCGA_HT_7881_19981015_30.tif,TCGA_HT_7881_19981015_30,tumor,p95,train,none,73,-1,duplicate_of:TCGA_DU_5871_19941206_19,False,59a6adac52966c69,1062,kaggle_3m/TCGA_HT_7881_19981015/TCGA_HT_7881_19981015_30_mask.tif,4
lgg_seg,lgg_seg,kaggle_3m/TCGA_HT_7881_19981015/TCGA_HT_7881_19981015_31.tif,TCGA_HT_7881_19981015_31,tumor,p95,train,none,73,-1,duplicate_of:TCGA_DU_5871_19941206_19,False,d9a6adac52962c69,1119,kaggle_3m/TCGA_HT_7881_19981015/TCGA_HT_7881_19981015_31_mask.tif,4
lgg_seg,lgg_seg,kaggle_3m/TCGA_HT_7881_19981015/TCGA_HT_7881_19981015_32.tif,TCGA_HT_7881_19981015_32,tumor,p95,train,none,73,-1,duplicate_of:TCGA_DU_5871_19941206_19,False,d9e6a1ac53962c69,1038,kaggle_3m/TCGA_HT_7881_19981015/TCGA_HT_7881_19981015_32_mask.tif,4
lgg_seg,lgg_seg,kaggle_3m/TCGA_HT_7881_19981015/TCGA_HT_7881_19981015_33.tif,TCGA_HT_7881_19981015_33,tumor,p95,train,none,73,-1,duplicate_of:TCGA_DU_5871_19941206_19,False,d9e6b1a443962c79,769,kaggle_3m/TCGA_HT_7881_19981015/TCGA_HT_7881_19981015_33_mask.tif,4
lgg_seg,lgg_seg,kaggle_3m/TCGA_HT_7881_19981015/TCGA_HT_7881_19981015_34.tif,TCGA_HT_7881_19981015_34,tumor,p95,train,none,73,-1,duplicate_of:TCGA_DU_5871_19941206_19,False,d9e6b1a443962c79,570,kaggle_3m/TCGA_HT_7881_19981015/TCGA_HT_7881_19981015_34_mask.tif,4
lgg_seg,lgg_seg,kaggle_3m/TCGA_HT_7881_19981015/TCGA_HT_7881_19981015_35.tif,TCGA_HT_7881_19981015_35,tumor,p95,train,none,73,-1,duplicate_of:TCGA_DU_5871_19941206_19,False,d966b986c3962479,397,kaggle_3m/TCGA_HT_7881_19981015/TCGA_HT_7881_19981015_35_mask.tif,4
lgg_seg,lgg_seg,kaggle_3m/TCGA_HT_7881_19981015/TCGA_HT_7881_19981015_36.tif,TCGA_HT_7881_19981015_36,tumor,p95,train,none,73,-1,duplicate_of:TCGA_DU_5871_19941206_19,False,5966b9a643962c79,288,kaggle_3m/TCGA_HT_7881_19981015/TCGA_HT_7881_19981015_36_mask.tif,4
lgg_seg,lgg_seg,kaggle_3m/TCGA_HT_7881_19981015/TCGA_HT_7881_19981015_37.tif,TCGA_HT_7881_19981015_37,tumor,p95,train,none,73,-1,duplicate_of:TCGA_DU_5871_19941206_19,False,5966b1a6c3963479,214,kaggle_3m/TCGA_HT_7881_19981015/TCGA_HT_7881_19981015_37_mask.tif,4
lgg_seg,lgg_seg,kaggle_3m/TCGA_HT_7881_19981015/TCGA_HT_7881_19981015_38.tif,TCGA_HT_7881_19981015_38,tumor,p95,train,none,73,-1,duplicate_of:TCGA_DU_5871_19941206_19,False,7964b1a6c3963479,166,kaggle_3m/TCGA_HT_7881_19981015/TCGA_HT_7881_19981015_38_mask.tif,4
lgg_seg,lgg_seg,kaggle_3m/TCGA_HT_7881_19981015/TCGA_HT_7881_19981015_39.tif,TCGA_HT_7881_19981015_39,tumor,p95,train,none,73,-1,duplicate_of:TCGA_DU_5871_19941206_19,False,7964b1a6c3963479,144,kaggle_3m/TCGA_HT_7881_19981015/TCGA_HT_7881_19981015_39_mask.tif,4
lgg_seg,lgg_seg,kaggle_3m/TCGA_HT_7881_19981015/TCGA_HT_7881_19981015_4.tif,TCGA_HT_7881_19981015_4,empty,p95,train,none,3379,-1,duplicate_of:TCGA_HT_7881_19981015_1,False,e6869ca61b966569,0,kaggle_3m/TCGA_HT_7881_19981015/TCGA_HT_7881_19981015_4_mask.tif,4
lgg_seg,lgg_seg,kaggle_3m/TCGA_HT_7881_19981015/TCGA_HT_7881_19981015_40.tif,TCGA_HT_7881_19981015_40,empty,p95,train,none,73,-1,duplicate_of:TCGA_CS_4944_20010208_19,False,5964f1a6c3961c79,0,kaggle_3m/TCGA_HT_7881_19981015/TCGA_HT_7881_19981015_40_mask.tif,4
lgg_seg,lgg_seg,kaggle_3m/TCGA_HT_7881_19981015/TCGA_HT_7881_19981015_41.tif,TCGA_HT_7881_19981015_41,empty,p95,train,none,73,-1,duplicate_of:TCGA_CS_4944_20010208_19,False,196571a6c3969c79,0,kaggle_3m/TCGA_HT_7881_19981015/TCGA_HT_7881_19981015_41_mask.tif,4
lgg_seg,lgg_seg,kaggle_3m/TCGA_HT_7881_19981015/TCGA_HT_7881_19981015_42.tif,TCGA_HT_7881_19981015_42,empty,p95,train,none,73,-1,duplicate_of:TCGA_CS_4944_20010208_19,False,196571a6e1969c79,0,kaggle_3m/TCGA_HT_7881_19981015/TCGA_HT_7881_19981015_42_mask.tif,4
lgg_seg,lgg_seg,kaggle_3m/TCGA_HT_7881_19981015/TCGA_HT_7881_19981015_43.tif,TCGA_HT_7881_19981015_43,empty,p95,train,none,73,-1,duplicate_of:TCGA_CS_4944_20010208_19,False,196d71a6c1969c79,0,kaggle_3m/TCGA_HT_7881_19981015/TCGA_HT_7881_19981015_43_mask.tif,4
lgg_seg,lgg_seg,kaggle_3m/TCGA_HT_7881_19981015/TCGA_HT_7881_19981015_44.tif,TCGA_HT_7881_19981015_44,empty,p95,train,none,73,-1,duplicate_of:TCGA_CS_4944_20010208_19,False,196d71a6c3961c79,0,kaggle_3m/TCGA_HT_7881_19981015/TCGA_HT_7881_19981015_44_mask.tif,4
lgg_seg,lgg_seg,kaggle_3m/TCGA_HT_7881_19981015/TCGA_HT_7881_19981015_45.tif,TCGA_HT_7881_19981015_45,empty,p95,train,none,73,-1,duplicate_of:TCGA_CS_4944_20010208_19,False,136979a6c3961c79,0,kaggle_3m/TCGA_HT_7881_19981015/TCGA_HT_7881_19981015_45_mask.tif,4
lgg_seg,lgg_seg,kaggle_3m/TCGA_HT_7881_19981015/TCGA_HT_7881_19981015_46.tif,TCGA_HT_7881_19981015_46,empty,p95,train,none,73,-1,duplicate_of:TCGA_CS_4944_20010208_19,False,936979a6c3961479,0,kaggle_3m/TCGA_HT_7881_19981015/TCGA_HT_7881_19981015_46_mask.tif,4
lgg_seg,lgg_seg,kaggle_3m/TCGA_HT_7881_19981015/TCGA_HT_7881_19981015_47.tif,TCGA_HT_7881_19981015_47,empty,p95,train,none,73,-1,duplicate_of:TCGA_CS_4944_20010208_19,False,136979a6e3961479,0,kaggle_3m/TCGA_HT_7881_19981015/TCGA_HT_7881_19981015_47_mask.tif,4
lgg_seg,lgg_seg,kaggle_3m/TCGA_HT_7881_19981015/TCGA_HT_7881_19981015_48.tif,TCGA_HT_7881_19981015_48,empty,p95,train,none,73,-1,duplicate_of:TCGA_CS_4944_20010208_19,False,194979a6e3961c79,0,kaggle_3m/TCGA_HT_7881_19981015/TCGA_HT_7881_19981015_48_mask.tif,4
lgg_seg,lgg_seg,kaggle_3m/TCGA_HT_7881_19981015/TCGA_HT_7881_19981015_49.tif,TCGA_HT_7881_19981015_49,empty,p95,train,none,73,-1,duplicate_of:TCGA_CS_4944_20010208_19,False,116979a6e3961c79,0,kaggle_3m/TCGA_HT_7881_19981015/TCGA_HT_7881_19981015_49_mask.tif,4
lgg_seg,lgg_seg,kaggle_3m/TCGA_HT_7881_19981015/TCGA_HT_7881_19981015_5.tif,TCGA_HT_7881_19981015_5,empty,p95,train,none,3379,-1,duplicate_of:TCGA_HT_7881_19981015_1,False,e68699a65b966469,0,kaggle_3m/TCGA_HT_7881_19981015/TCGA_HT_7881_19981015_5_mask.tif,4
lgg_seg,lgg_seg,kaggle_3m/TCGA_HT_7881_19981015/TCGA_HT_7881_19981015_50.tif,TCGA_HT_7881_19981015_50,empty,p95,train,none,73,-1,duplicate_of:TCGA_CS_4944_20010208_19,False,116979a6e3961c79,0,kaggle_3m/TCGA_HT_7881_19981015/TCGA_HT_7881_19981015_50_mask.tif,4
lgg_seg,lgg_seg,kaggle_3m/TCGA_HT_7881_19981015/TCGA_HT_7881_19981015_51.tif,TCGA_HT_7881_19981015_51,empty,p95,train,none,73,-1,duplicate_of:TCGA_CS_4944_20010208_19,False,136179a6e3969659,0,kaggle_3m/TCGA_HT_7881_19981015/TCGA_HT_7881_19981015_51_mask.tif,4
lgg_seg,lgg_seg,kaggle_3m/TCGA_HT_7881_19981015/TCGA_HT_7881_19981015_52.tif,TCGA_HT_7881_19981015_52,empty,p95,train,none,73,-1,duplicate_of:TCGA_CS_4944_20010208_19,False,136979a6e1961e59,0,kaggle_3m/TCGA_HT_7881_19981015/TCGA_HT_7881_19981015_52_mask.tif,4
lgg_seg,lgg_seg,kaggle_3m/TCGA_HT_7881_19981015/TCGA_HT_7881_19981015_53.tif,TCGA_HT_7881_19981015_53,empty,p95,train,none,73,-1,duplicate_of:TCGA_CS_4944_20010208_19,False,136d79a6e1961659,0,kaggle_3m/TCGA_HT_7881_19981015/TCGA_HT_7881_19981015_53_mask.tif,4
lgg_seg,lgg_seg,kaggle_3m/TCGA_HT_7881_19981015/TCGA_HT_7881_19981015_54.tif,TCGA_HT_7881_19981015_54,empty,p95,train,none,73,-1,duplicate_of:TCGA_CS_4944_20010208_19,False,1b6959a6e9961659,0,kaggle_3m/TCGA_HT_7881_19981015/TCGA_HT_7881_19981015_54_mask.tif,4
lgg_seg,lgg_seg,kaggle_3m/TCGA_HT_7881_19981015/TCGA_HT_7881_19981015_55.tif,TCGA_HT_7881_19981015_55,empty,p95,train,none,73,-1,duplicate_of:TCGA_CS_4944_20010208_19,False,1b6959a669969659,0,kaggle_3m/TCGA_HT_7881_19981015/TCGA_HT_7881_19981015_55_mask.tif,4
lgg_seg,lgg_seg,kaggle_3m/TCGA_HT_7881_19981015/TCGA_HT_7881_19981015_56.tif,TCGA_HT_7881_19981015_56,empty,p95,train,none,73,-1,duplicate_of:TCGA_CS_4944_20010208_19,False,934959a66996b659,0,kaggle_3m/TCGA_HT_7881_19981015/TCGA_HT_7881_19981015_56_mask.tif,4
lgg_seg,lgg_seg,kaggle_3m/TCGA_HT_7881_19981015/TCGA_HT_7881_19981015_57.tif,TCGA_HT_7881_19981015_57,empty,p95,train,none,73,-1,duplicate_of:TCGA_CS_4944_20010208_19,False,99495ba669969659,0,kaggle_3m/TCGA_HT_7881_19981015/TCGA_HT_7881_19981015_57_mask.tif,4
lgg_seg,lgg_seg,kaggle_3m/TCGA_HT_7881_19981015/TCGA_HT_7881_19981015_58.tif,TCGA_HT_7881_19981015_58,empty,p95,train,none,73,-1,duplicate_of:TCGA_CS_4944_20010208_19,False,99495be669961659,0,kaggle_3m/TCGA_HT_7881_19981015/TCGA_HT_7881_19981015_58_mask.tif,4
lgg_seg,lgg_seg,kaggle_3m/TCGA_HT_7881_19981015/TCGA_HT_7881_19981015_59.tif,TCGA_HT_7881_19981015_59,empty,p95,train,none,73,-1,duplicate_of:TCGA_CS_4944_20010208_19,False,39495be669961659,0,kaggle_3m/TCGA_HT_7881_19981015/TCGA_HT_7881_19981015_59_mask.tif,4
lgg_seg,lgg_seg,kaggle_3m/TCGA_HT_7881_19981015/TCGA_HT_7881_19981015_6.tif,TCGA_HT_7881_19981015_6,empty,p95,train,none,3379,-1,duplicate_of:TCGA_HT_7881_19981015_1,False,aec698a65b966469,0,kaggle_3m/TCGA_HT_7881_19981015/TCGA_HT_7881_19981015_6_mask.tif,4
lgg_seg,lgg_seg,kaggle_3m/TCGA_HT_7881_19981015/TCGA_HT_7881_19981015_60.tif,TCGA_HT_7881_19981015_60,empty,p95,train,none,73,-1,duplicate_of:TCGA_CS_4944_20010208_19,False,3969d366c9863659,0,kaggle_3m/TCGA_HT_7881_19981015/TCGA_HT_7881_19981015_60_mask.tif,4
lgg_seg,lgg_seg,kaggle_3m/TCGA_HT_7881_19981015/TCGA_HT_7881_19981015_61.tif,TCGA_HT_7881_19981015_61,empty,p95,train,none,73,-1,duplicate_of:TCGA_CS_4944_20010208_19,False,3169db66c9863659,0,kaggle_3m/TCGA_HT_7881_19981015/TCGA_HT_7881_19981015_61_mask.tif,4
lgg_seg,lgg_seg,kaggle_3m/TCGA_HT_7881_19981015/TCGA_HT_7881_19981015_62.tif,TCGA_HT_7881_19981015_62,empty,p95,train,none,73,-1,duplicate_of:TCGA_CS_4944_20010208_19,False,99695b6669863659,0,kaggle_3m/TCGA_HT_7881_19981015/TCGA_HT_7881_19981015_62_mask.tif,4
lgg_seg,lgg_seg,kaggle_3m/TCGA_HT_7881_19981015/TCGA_HT_7881_19981015_63.tif,TCGA_HT_7881_19981015_63,empty,p95,train,none,73,-1,duplicate_of:TCGA_CS_4944_20010208_19,False,31695b666986b659,0,kaggle_3m/TCGA_HT_7881_19981015/TCGA_HT_7881_19981015_63_mask.tif,4
lgg_seg,lgg_seg,kaggle_3m/TCGA_HT_7881_19981015/TCGA_HT_7881_19981015_64.tif,TCGA_HT_7881_19981015_64,empty,p95,train,none,73,-1,duplicate_of:TCGA_CS_4944_20010208_19,False,b2691b666986b659,0,kaggle_3m/TCGA_HT_7881_19981015/TCGA_HT_7881_19981015_64_mask.tif,4
lgg_seg,lgg_seg,kaggle_3m/TCGA_HT_7881_19981015/TCGA_HT_7881_19981015_65.tif,TCGA_HT_7881_19981015_65,empty,p95,train,none,73,-1,duplicate_of:TCGA_CS_4944_20010208_19,False,92691b6669a6b659,0,kaggle_3m/TCGA_HT_7881_19981015/TCGA_HT_7881_19981015_65_mask.tif,4
lgg_seg,lgg_seg,kaggle_3m/TCGA_HT_7881_19981015/TCGA_HT_7881_19981015_66.tif,TCGA_HT_7881_19981015_66,empty,p95,train,none,73,-1,duplicate_of:TCGA_CS_4944_20010208_19,False,9a6919e669a6a659,0,kaggle_3m/TCGA_HT_7881_19981015/TCGA_HT_7881_19981015_66_mask.tif,4
lgg_seg,lgg_seg,kaggle_3m/TCGA_HT_7881_19981015/TCGA_HT_7881_19981015_67.tif,TCGA_HT_7881_19981015_67,empty,p95,train,none,73,-1,duplicate_of:TCGA_CS_4944_20010208_19,False,9a79986669a6a659,0,kaggle_3m/TCGA_HT_7881_19981015/TCGA_HT_7881_19981015_67_mask.tif,4
lgg_seg,lgg_seg,kaggle_3m/TCGA_HT_7881_19981015/TCGA_HT_7881_19981015_68.tif,TCGA_HT_7881_19981015_68,empty,p95,train,none,3443,-1,,False,b6799a6449a6a659,0,kaggle_3m/TCGA_HT_7881_19981015/TCGA_HT_7881_19981015_68_mask.tif,4
lgg_seg,lgg_seg,kaggle_3m/TCGA_HT_7881_19981015/TCGA_HT_7881_19981015_69.tif,TCGA_HT_7881_19981015_69,empty,p95,train,none,3444,-1,,False,9ed9926649a6a659,0,kaggle_3m/TCGA_HT_7881_19981015/TCGA_HT_7881_19981015_69_mask.tif,4
lgg_seg,lgg_seg,kaggle_3m/TCGA_HT_7881_19981015/TCGA_HT_7881_19981015_7.tif,TCGA_HT_7881_19981015_7,empty,p95,train,none,3445,-1,,False,8cc696a65b96e469,0,kaggle_3m/TCGA_HT_7881_19981015/TCGA_HT_7881_19981015_7_mask.tif,4
lgg_seg,lgg_seg,kaggle_3m/TCGA_HT_7881_19981015/TCGA_HT_7881_19981015_70.tif,TCGA_HT_7881_19981015_70,empty,p95,train,none,3444,-1,duplicate_of:TCGA_HT_7881_19981015_69,False,9e99336649a6a659,0,kaggle_3m/TCGA_HT_7881_19981015/TCGA_HT_7881_19981015_70_mask.tif,4
lgg_seg,lgg_seg,kaggle_3m/TCGA_HT_7881_19981015/TCGA_HT_7881_19981015_71.tif,TCGA_HT_7881_19981015_71,empty,p95,train,none,3444,-1,duplicate_of:TCGA_HT_7881_19981015_69,False,8e99936749a6a659,0,kaggle_3m/TCGA_HT_7881_19981015/TCGA_HT_7881_19981015_71_mask.tif,4
lgg_seg,lgg_seg,kaggle_3m/TCGA_HT_7881_19981015/TCGA_HT_7881_19981015_72.tif,TCGA_HT_7881_19981015_72,empty,p95,train,none,73,-1,duplicate_of:TCGA_CS_4944_20010208_19,False,e699996549a6a659,0,kaggle_3m/TCGA_HT_7881_19981015/TCGA_HT_7881_19981015_72_mask.tif,4
lgg_seg,lgg_seg,kaggle_3m/TCGA_HT_7881_19981015/TCGA_HT_7881_19981015_73.tif,TCGA_HT_7881_19981015_73,empty,p95,train,none,73,-1,duplicate_of:TCGA_CS_4944_20010208_19,False,66999a6359a6a659,0,kaggle_3m/TCGA_HT_7881_19981015/TCGA_HT_7881_19981015_73_mask.tif,4
lgg_seg,lgg_seg,kaggle_3m/TCGA_HT_7881_19981015/TCGA_HT_7881_19981015_74.tif,TCGA_HT_7881_19981015_74,empty,p95,train,none,73,-1,duplicate_of:TCGA_CS_4944_20010208_19,False,66999a6b59a6a619,0,kaggle_3m/TCGA_HT_7881_19981015/TCGA_HT_7881_19981015_74_mask.tif,4
lgg_seg,lgg_seg,kaggle_3m/TCGA_HT_7881_19981015/TCGA_HT_7881_19981015_75.tif,TCGA_HT_7881_19981015_75,empty,p95,train,none,73,-1,duplicate_of:TCGA_CS_4944_20010208_19,False,6699967159e62699,0,kaggle_3m/TCGA_HT_7881_19981015/TCGA_HT_7881_19981015_75_mask.tif,4
lgg_seg,lgg_seg,kaggle_3m/TCGA_HT_7881_19981015/TCGA_HT_7881_19981015_76.tif,TCGA_HT_7881_19981015_76,empty,p95,train,none,73,-1,duplicate_of:TCGA_CS_4944_20010208_19,False,6699867959666699,0,kaggle_3m/TCGA_HT_7881_19981015/TCGA_HT_7881_19981015_76_mask.tif,4
lgg_seg,lgg_seg,kaggle_3m/TCGA_HT_7881_19981015/TCGA_HT_7881_19981015_77.tif,TCGA_HT_7881_19981015_77,empty,p95,train,none,161,-1,duplicate_of:TCGA_CS_5397_20010315_22,False,6999669999666699,0,kaggle_3m/TCGA_HT_7881_19981015/TCGA_HT_7881_19981015_77_mask.tif,4
lgg_seg,lgg_seg,kaggle_3m/TCGA_HT_7881_19981015/TCGA_HT_7881_19981015_78.tif,TCGA_HT_7881_19981015_78,empty,p95,train,none,161,-1,duplicate_of:TCGA_CS_5397_20010315_22,False,99cc669999666699,0,kaggle_3m/TCGA_HT_7881_19981015/TCGA_HT_7881_19981015_78_mask.tif,4
lgg_seg,lgg_seg,kaggle_3m/TCGA_HT_7881_19981015/TCGA_HT_7881_19981015_79.tif,TCGA_HT_7881_19981015_79,empty,p95,train,none,161,-1,duplicate_of:TCGA_CS_5397_20010315_22,False,99cc669999666699,0,kaggle_3m/TCGA_HT_7881_19981015/TCGA_HT_7881_19981015_79_mask.tif,4
lgg_seg,lgg_seg,kaggle_3m/TCGA_HT_7881_19981015/TCGA_HT_7881_19981015_8.tif,TCGA_HT_7881_19981015_8,empty,p95,train,none,876,-1,duplicate_of:TCGA_DU_6404_19850629_1,False,9ce693865b16e469,0,kaggle_3m/TCGA_HT_7881_19981015/TCGA_HT_7881_19981015_8_mask.tif,4
lgg_seg,lgg_seg,kaggle_3m/TCGA_HT_7881_19981015/TCGA_HT_7881_19981015_80.tif,TCGA_HT_7881_19981015_80,empty,p95,train,none,161,-1,duplicate_of:TCGA_CS_5397_20010315_22,False,99c4669b99666699,0,kaggle_3m/TCGA_HT_7881_19981015/TCGA_HT_7881_19981015_80_mask.tif,4
lgg_seg,lgg_seg,kaggle_3m/TCGA_HT_7881_19981015/TCGA_HT_7881_19981015_9.tif,TCGA_HT_7881_19981015_9,empty,p95,train,none,876,-1,duplicate_of:TCGA_DU_6404_19850629_1,False,9ce6b3865b16a469,0,kaggle_3m/TCGA_HT_7881_19981015/TCGA_HT_7881_19981015_9_mask.tif,4
lgg_seg,lgg_seg,kaggle_3m/TCGA_HT_7882_19970125/TCGA_HT_7882_19970125_1.tif,TCGA_HT_7882_19970125_1,empty,p6,train,none,3459,-1,,False,c6e69926399ec649,0,kaggle_3m/TCGA_HT_7882_19970125/TCGA_HT_7882_19970125_1_mask.tif,2
lgg_seg,lgg_seg,kaggle_3m/TCGA_HT_7882_19970125/TCGA_HT_7882_19970125_10.tif,TCGA_HT_7882_19970125_10,empty,p6,train,none,3460,-1,,False,d16de3961c3c6549,0,kaggle_3m/TCGA_HT_7882_19970125/TCGA_HT_7882_19970125_10_mask.tif,2
lgg_seg,lgg_seg,kaggle_3m/TCGA_HT_7882_19970125/TCGA_HT_7882_19970125_11.tif,TCGA_HT_7882_19970125_11,tumor,p6,train,none,3461,-1,,False,d16de386963c6649,1052,kaggle_3m/TCGA_HT_7882_19970125/TCGA_HT_7882_19970125_11_mask.tif,2
lgg_seg,lgg_seg,kaggle_3m/TCGA_HT_7882_19970125/TCGA_HT_7882_19970125_12.tif,TCGA_HT_7882_19970125_12,tumor,p6,train,none,3462,-1,,False,d9c969a6371e6449,1676,kaggle_3m/TCGA_HT_7882_19970125/TCGA_HT_7882_19970125_12_mask.tif,2
lgg_seg,lgg_seg,kaggle_3m/TCGA_HT_7882_19970125/TCGA_HT_7882_19970125_13.tif,TCGA_HT_7882_19970125_13,tumor,p6,train,none,3463,-1,,False,59c7cba4351646e9,2594,kaggle_3m/TCGA_HT_7882_19970125/TCGA_HT_7882_19970125_13_mask.tif,2
lgg_seg,lgg_seg,kaggle_3m/TCGA_HT_7882_19970125/TCGA_HT_7882_19970125_14.tif,TCGA_HT_7882_19970125_14,tumor,p6,train,none,3464,-1,,False,59e7cbac2516c649,3036,kaggle_3m/TCGA_HT_7882_19970125/TCGA_HT_7882_19970125_14_mask.tif,2
lgg_seg,lgg_seg,kaggle_3m/TCGA_HT_7882_19970125/TCGA_HT_7882_19970125_15.tif,TCGA_HT_7882_19970125_15,tumor,p6,train,none,3465,-1,,False,d1c6cbac2d16d649,3894,kaggle_3m/TCGA_HT_7882_19970125/TCGA_HT_7882_19970125_15_mask.tif,2
lgg_seg,lgg_seg,kaggle_3m/TCGA_HT_7882_19970125/TCGA_HT_7882_19970125_16.tif,TCGA_HT_7882_19970125_16,tumor,p6,train,none,3466,-1,,False,c3c6583c2d96d6c9,4340,kaggle_3m/TCGA_HT_7882_19970125/TCGA_HT_7882_19970125_16_mask.tif,2
lgg_seg,lgg_seg,kaggle_3m/TCGA_HT_7882_19970125/TCGA_HT_7882_19970125_17.tif,TCGA_HT_7882_19970125_17,tumor,p6,train,none,3466,-1,duplicate_of:TCGA_HT_7882_19970125_16,False,c3c6583c2d96d6c9,4668,kaggle_3m/TCGA_HT_7882_19970125/TCGA_HT_7882_19970125_17_mask.tif,2
lgg_seg,lgg_seg,kaggle_3m/TCGA_HT_7882_19970125/TCGA_HT_7882_19970125_18.tif,TCGA_HT_7882_19970125_18,tumor,p6,train,none,3468,-1,,False,5cc6591c2d96d6c9,6324,kaggle_3m/TCGA_HT_7882_19970125/TCGA_HT_7882_19970125_18_mask.tif,2
lgg_seg,lgg_seg,kaggle_3m/TCGA_HT_7882_19970125/TCGA_HT_7882_19970125_19.tif,TCGA_HT_7882_19970125_19,tumor,p6,train,none,3469,-1,,False,53c6798c2d3696c9,7683,kaggle_3m/TCGA_HT_7882_19970125/TCGA_HT_7882_19970125_19_mask.tif,2
lgg_seg,lgg_seg,kaggle_3m/TCGA_HT_7882_19970125/TCGA_HT_7882_19970125_2.tif,TCGA_HT_7882_19970125_2,empty,p6,train,none,3459,-1,duplicate_of:TCGA_HT_7882_19970125_1,False,c6c6b826399ee649,0,kaggle_3m/TCGA_HT_7882_19970125/TCGA_HT_7882_19970125_2_mask.tif,2
lgg_seg,lgg_seg,kaggle_3m/TCGA_HT_7882_19970125/TCGA_HT_7882_19970125_20.tif,TCGA_HT_7882_19970125_20,tumor,p6,train,none,3469,-1,duplicate_of:TCGA_HT_7882_19970125_19,False,d3c6718c2d3696c9,6828,kaggle_3m/TCGA_HT_7882_19970125/TCGA_HT_7882_19970125_20_mask.tif,2
lgg_seg,lgg_seg,kaggle_3m/TCGA_HT_7882_19970125/TCGA_HT_7882_19970125_21.tif,TCGA_HT_7882_19970125_21,tumor,p6,train,none,3469,-1,duplicate_of:TCGA_HT_7882_19970125_19,False,d146738c6d3696c9,6647,kaggle_3m/TCGA_HT_7882_19970125/TCGA_HT_7882_19970125_21_mask.tif,2
lgg_seg,lgg_seg,kaggle_3m/TCGA_HT_7882_19970125/TCGA_HT_7882_19970125_22.tif,TCGA_HT_7882_19970125_22,tumor,p6,train,none,3469,-1,duplicate_of:TCGA_HT_7882_19970125_19,False,d364538c6d3696c9,5453,kaggle_3m/TCGA_HT_7882_19970125/TCGA_HT_7882_19970125_22_mask.tif,2
lgg_seg,lgg_seg,kaggle_3m/TCGA_HT_7882_19970125/TCGA_HT_7882_19970125_23.tif,TCGA_HT_7882_19970125_23,tumor,p6,train,none,3474,-1,,False,dbc55384693696c9,4175,kaggle_3m/TCGA_HT_7882_19970125/TCGA_HT_7882_19970125_23_mask.tif,2
lgg_seg,lgg_seg,kaggle_3m/TCGA_HT_7882_19970125/TCGA_HT_7882_19970125_24.tif,TCGA_HT_7882_19970125_24,tumor,p6,train,none,3475,-1,,False,13cd53a6693696c9,3107,kaggle_3m/TCGA_HT_7882_19970125/TCGA_HT_7882_19970125_24_mask.tif,2
lgg_seg,lgg_seg,kaggle_3m/TCGA_HT_7882_19970125/TCGA_HT_7882_19970125_25.tif,TCGA_HT_7882_19970125_25,tumor,p6,train,none,3475,-1,duplicate_of:TCGA_HT_7882_19970125_24,False,134ddb86693696c9,2277,kaggle_3m/TCGA_HT_7882_19970125/TCGA_HT_7882_19970125_25_mask.tif,2
lgg_seg,lgg_seg,kaggle_3m/TCGA_HT_7882_19970125/TCGA_HT_7882_19970125_26.tif,TCGA_HT_7882_19970125_26,tumor,p6,train,none,3475,-1,duplicate_of:TCGA_HT_7882_19970125_24,False,136dd38c693696c9,2329,kaggle_3m/TCGA_HT_7882_19970125/TCGA_HT_7882_19970125_26_mask.tif,2
lgg_seg,lgg_seg,kaggle_3m/TCGA_HT_7882_19970125/TCGA_HT_7882_19970125_27.tif,TCGA_HT_7882_19970125_27,tumor,p6,train,none,73,-1,duplicate_of:TCGA_DU_5871_19941206_19,False,93e1538c693696d9,1205,kaggle_3m/TCGA_HT_7882_19970125/TCGA_HT_7882_19970125_27_mask.tif,2
lgg_seg,lgg_seg,kaggle_3m/TCGA_HT_7882_19970125/TCGA_HT_7882_19970125_28.tif,TCGA_HT_7882_19970125_28,empty,p6,train,none,2506,-1,duplicate_of:TCGA_FG_6691_20020405_32,False,13e1d3cc69169679,0,kaggle_3m/TCGA_HT_7882_19970125/TCGA_HT_7882_19970125_28_mask.tif,2
lgg_seg,lgg_seg,kaggle_3m/TCGA_HT_7882_19970125/TCGA_HT_7882_19970125_29.tif,TCGA_HT_7882_19970125_29,empty,p6,train,none,3268,-1,,False,32e1d3cc6926b659,0,kaggle_3m/TCGA_HT_7882_19970125/TCGA_HT_7882_19970125_29_mask.tif,2
lgg_seg,lgg_seg,kaggle_3m/TCGA_HT_7882_19970125/TCGA_HT_7882_19970125_3.tif,TCGA_HT_7882_19970125_3,empty,p6,train,none,3481,-1,,False,c746b8a4399ec749,0,kaggle_3m/TCGA_HT_7882_19970125/TCGA_HT_7882_19970125_3_mask.tif,2
lgg_seg,lgg_seg,kaggle_3m/TCGA_HT_7882_19970125/TCGA_HT_7882_19970125_30.tif,TCGA_HT_7882_19970125_30,empty,p6,train,none,3482,-1,,False,94d993ec49a6a659,0,kaggle_3m/TCGA_HT_7882_19970125/TCGA_HT_7882_19970125_30_mask.tif,2
lgg_seg,lgg_seg,kaggle_3m/TCGA_HT_7882_19970125/TCGA_HT_7882_19970125_31.tif,TCGA_HT_7882_19970125_31,empty,p6,train,none,3444,-1,duplicate_of:TCGA_HT_7881_19981015_69,False,a6d9936649a6a659,0,kaggle_3m/TCGA_HT_7882_19970125/TCGA_HT_7882_19970125_31_mask.tif,2
lgg_seg,lgg_seg,kaggle_3m/TCGA_HT_7882_19970125/TCGA_HT_7882_19970125_32.tif,TCGA_HT_7882_19970125_32,empty,p6,train,none,73,-1,duplicate_of:TCGA_CS_4944_20010208_19,False,66999a6359a6e619,0,kaggle_3m/TCGA_HT_7882_19970125/TCGA_HT_7882_19970125_32_mask.tif,2
lgg_seg,lgg_seg,kaggle_3m/TCGA_HT_7882_19970125/TCGA_HT_7882_19970125_4.tif,TCGA_HT_7882_19970125_4,empty,p6,train,none,3485,-1,,False,d36636a4399ec349,0,kaggle_3m/TCGA_HT_7882_19970125/TCGA_HT_7882_19970125_4_mask.tif,2
lgg_seg,lgg_seg,kaggle_3m/TCGA_HT_7882_19970125/TCGA_HT_7882_19970125_5.tif,TCGA_HT_7882_19970125_5,empty,p6,train,none,3486,-1,,False,d3662e343c1ec3c9,0,kaggle_3m/TCGA_HT_7882_19970125/TCGA_HT_7882_19970125_5_mask.tif,2
lgg_seg,lgg_seg,kaggle_3m/TCGA_HT_7882_19970125/TCGA_HT_7882_19970125_6.tif,TCGA_HT_7882_19970125_6,empty,p6,train,none,3487,-1,,False,d32423b63c3ec3c9,0,kaggle_3m/TCGA_HT_7882_19970125/TCGA_HT_7882_19970125_6_mask.tif,2
lgg_seg,lgg_seg,kaggle_3m/TCGA_HT_7882_19970125/TCGA_HT_7882_19970125_7.tif,TCGA_HT_7882_19970125_7,empty,p6,train,none,3488,-1,,False,922ce3b63c3ec349,0,kaggle_3m/TCGA_HT_7882_19970125/TCGA_HT_7882_19970125_7_mask.tif,2
lgg_seg,lgg_seg,kaggle_3m/TCGA_HT_7882_19970125/TCGA_HT_7882_19970125_8.tif,TCGA_HT_7882_19970125_8,empty,p6,train,none,3489,-1,,False,5c2ce3b6387c6349,0,kaggle_3m/TCGA_HT_7882_19970125/TCGA_HT_7882_19970125_8_mask.tif,2
lgg_seg,lgg_seg,kaggle_3m/TCGA_HT_7882_19970125/TCGA_HT_7882_19970125_9.tif,TCGA_HT_7882_19970125_9,empty,p6,train,none,3489,-1,duplicate_of:TCGA_HT_7882_19970125_8,False,5c4ce3963c7c6349,0,kaggle_3m/TCGA_HT_7882_19970125/TCGA_HT_7882_19970125_9_mask.tif,2
lgg_seg,lgg_seg,kaggle_3m/TCGA_HT_7884_19980913/TCGA_HT_7884_19980913_1.tif,TCGA_HT_7884_19980913_1,empty,p97,test,none,3491,-1,,True,a6cc9b2619b6e649,0,kaggle_3m/TCGA_HT_7884_19980913/TCGA_HT_7884_19980913_1_mask.tif,0
lgg_seg,lgg_seg,kaggle_3m/TCGA_HT_7884_19980913/TCGA_HT_7884_19980913_10.tif,TCGA_HT_7884_19980913_10,tumor,p97,test,none,3492,-1,,True,b226d98c87367cc9,1330,kaggle_3m/TCGA_HT_7884_19980913/TCGA_HT_7884_19980913_10_mask.tif,0
lgg_seg,lgg_seg,kaggle_3m/TCGA_HT_7884_19980913/TCGA_HT_7884_19980913_11.tif,TCGA_HT_7884_19980913_11,tumor,p97,test,none,3492,-1,duplicate_of:TCGA_HT_7884_19980913_10,True,3326d98c87b67c49,581,kaggle_3m/TCGA_HT_7884_19980913/TCGA_HT_7884_19980913_11_mask.tif,0
lgg_seg,lgg_seg,kaggle_3m/TCGA_HT_7884_19980913/TCGA_HT_7884_19980913_12.tif,TCGA_HT_7884_19980913_12,tumor,p97,test,none,3494,-1,,True,3365f98683b63c49,240,kaggle_3m/TCGA_HT_7884_19980913/TCGA_HT_7884_19980913_12_mask.tif,0
lgg_seg,lgg_seg,kaggle_3m/TCGA_HT_7884_19980913/TCGA_HT_7884_19980913_13.tif,TCGA_HT_7884_19980913_13,empty,p97,test,none,3494,-1,,True,1365f9a6839e3c49,0,kaggle_3m/TCGA_HT_7884_19980913/TCGA_HT_7884_19980913_13_mask.tif,0
lgg_seg,lgg_seg,kaggle_3m/TCGA_HT_7884_19980913/TCGA_HT_7884_19980913_14.tif,TCGA_HT_7884_19980913_14,empty,p97,test,none,3496,-1,,True,936df926c3963449,0,kaggle_3m/TCGA_HT_7884_19980913/TCGA_HT_7884_19980913_14_mask.tif,0
lgg_seg,lgg_seg,kaggle_3m/TCGA_HT_7884_19980913/TCGA_HT_7884_19980913_15.tif,TCGA_HT_7884_19980913_15,empty,p97,test,none,3496,-1,duplicate_of:TCGA_HT_7884_19980913_14,True,936cd926c3963659,0,kaggle_3m/TCGA_HT_7884_19980913/TCGA_HT_7884_19980913_15_mask.tif,0
lgg_seg,lgg_seg,kaggle_3m/TCGA_HT_7884_19980913/TCGA_HT_7884_19980913_16.tif,TCGA_HT_7884_19980913_16,empty,p97,test,none,73,-1,duplicate_of:TCGA_CS_4944_20010208_19,True,316dd926c9963659,0,kaggle_3m/TCGA_HT_7884_19980913/TCGA_HT_7884_19980913_16_mask.tif,0
lgg_seg,lgg_seg,kaggle_3m/TCGA_HT_7884_19980913/TCGA_HT_7884_19980913_17.tif,TCGA_HT_7884_19980913_17,empty,p97,test,none,3499,-1,,True,3c635926c3b63659,0,kaggle_3m/TCGA_HT_7884_19980913/TCGA_HT_7884_19980913_17_mask.tif,0
lgg_seg,lgg_seg,kaggle_3m/TCGA_HT_7884_19980913/TCGA_HT_7884_19980913_18.tif,TCGA_HT_7884_19980913_18,empty,p97,test,none,3500,-1,,True,1c63396cc3a636d9,0,kaggle_3m/TCGA_HT_7884_19980913/TCGA_HT_7884_19980913_18_mask.tif,0
lgg_seg,lgg_seg,kaggle_3m/TCGA_HT_7884_19980913/TCGA_HT_7884_19980913_19.tif,TCGA_HT_7884_19980913_19,empty,p97,test,none,3501,-1,,True,8659196ee3268ed9,0,kaggle_3m/TCGA_HT_7884_19980913/TCGA_HT_7884_19980913_19_mask.tif,0
lgg_seg,lgg_seg,kaggle_3m/TCGA_HT_7884_19980913/TCGA_HT_7884_19980913_2.tif,TCGA_HT_7884_19980913_2,empty,p97,test,none,3502,-1,,True,b68e4d2c1a3ce3c3,0,kaggle_3m/TCGA_HT_7884_19980913/TCGA_HT_7884_19980913_2_mask.tif,0
lgg_seg,lgg_seg,kaggle_3m/TCGA_HT_7884_19980913/TCGA_HT_7884_19980913_20.tif,TCGA_HT_7884_19980913_20,empty,p97,test,none,3503,-1,,True,c6b31a49f3a68c99,0,kaggle_3m/TCGA_HT_7884_19980913/TCGA_HT_7884_19980913_20_mask.tif,0
lgg_seg,lgg_seg,kaggle_3m/TCGA_HT_7884_19980913/TCGA_HT_7884_19980913_3.tif,TCGA_HT_7884_19980913_3,empty,p97,test,none,3504,-1,,True,36c6c90c19bce7c3,0,kaggle_3m/TCGA_HT_7884_19980913/TCGA_HT_7884_19980913_3_mask.tif,0
lgg_seg,lgg_seg,kaggle_3m/TCGA_HT_7884_19980913/TCGA_HT_7884_19980913_4.tif,TCGA_HT_7884_19980913_4,empty,p97,test,none,3505,-1,,True,7cc7493c30dc86e3,0,kaggle_3m/TCGA_HT_7884_19980913/TCGA_HT_7884_19980913_4_mask.tif,0
lgg_seg,lgg_seg,kaggle_3m/TCGA_HT_7884_19980913/TCGA_HT_7884_19980913_5.tif,TCGA_HT_7884_19980913_5,empty,p97,test,none,3506,-1,,True,d2c7692c12d6ecc3,0,kaggle_3m/TCGA_HT_7884_19980913/TCGA_HT_7884_19980913_5_mask.tif,0
lgg_seg,lgg_seg,kaggle_3m/TCGA_HT_7884_19980913/TCGA_HT_7884_19980913_6.tif,TCGA_HT_7884_19980913_6,tumor,p97,test,none,3507,-1,,True,72c3c90c3cb6e64b,504,kaggle_3m/TCGA_HT_7884_19980913/TCGA_HT_7884_19980913_6_mask.tif,0
lgg_seg,lgg_seg,kaggle_3m/TCGA_HT_7884_19980913/TCGA_HT_7884_19980913_7.tif,TCGA_HT_7884_19980913_7,tumor,p97,test,none,3508,-1,,True,7367cb8c19b62649,1050,kaggle_3m/TCGA_HT_7884_19980913/TCGA_HT_7884_19980913_7_mask.tif,0
lgg_seg,lgg_seg,kaggle_3m/TCGA_HT_7884_19980913/TCGA_HT_7884_19980913_8.tif,TCGA_HT_7884_19980913_8,tumor,p97,test,none,3492,-1,duplicate_of:TCGA_HT_7884_19980913_10,True,7166c98c87b67c49,1320,kaggle_3m/TCGA_HT_7884_19980913/TCGA_HT_7884_19980913_8_mask.tif,0
lgg_seg,lgg_seg,kaggle_3m/TCGA_HT_7884_19980913/TCGA_HT_7884_19980913_9.tif,TCGA_HT_7884_19980913_9,tumor,p97,test,none,3492,-1,duplicate_of:TCGA_HT_7884_19980913_10,True,f326998c87367c49,1427,kaggle_3m/TCGA_HT_7884_19980913/TCGA_HT_7884_19980913_9_mask.tif,0
lgg_seg,lgg_seg,kaggle_3m/TCGA_HT_8018_19970411/TCGA_HT_8018_19970411_1.tif,TCGA_HT_8018_19970411_1,empty,p98,train,none,3511,-1,,False,6c4cb60cb2bc4fc3,0,kaggle_3m/TCGA_HT_8018_19970411/TCGA_HT_8018_19970411_1_mask.tif,2
lgg_seg,lgg_seg,kaggle_3m/TCGA_HT_8018_19970411/TCGA_HT_8018_19970411_10.tif,TCGA_HT_8018_19970411_10,tumor,p98,train,none,3512,-1,,False,4bc7e30c2cb6b649,1677,kaggle_3m/TCGA_HT_8018_19970411/TCGA_HT_8018_19970411_10_mask.tif,2
lgg_seg,lgg_seg,kaggle_3m/TCGA_HT_8018_19970411/TCGA_HT_8018_19970411_11.tif,TCGA_HT_8018_19970411_11,tumor,p98,train,none,3513,-1,,False,4b87e11e2cb6d649,454,kaggle_3m/TCGA_HT_8018_19970411/TCGA_HT_8018_19970411_11_mask.tif,2
lgg_seg,lgg_seg,kaggle_3m/TCGA_HT_8018_19970411/TCGA_HT_8018_19970411_12.tif,TCGA_HT_8018_19970411_12,empty,p98,train,none,3514,-1,,False,4386591e2db6f649,0,kaggle_3m/TCGA_HT_8018_19970411/TCGA_HT_8018_19970411_12_mask.tif,2
lgg_seg,lgg_seg,kaggle_3m/TCGA_HT_8018_19970411/TCGA_HT_8018_19970411_13.tif,TCGA_HT_8018_19970411_13,empty,p98,train,none,3515,-1,,False,db8669062d36b6c9,0,kaggle_3m/TCGA_HT_8018_19970411/TCGA_HT_8018_19970411_13_mask.tif,2
lgg_seg,lgg_seg,kaggle_3m/TCGA_HT_8018_19970411/TCGA_HT_8018_19970411_14.tif,TCGA_HT_8018_19970411_14,empty,p98,train,none,3515,-1,duplicate_of:TCGA_HT_8018_19970411_13,False,d9866986ad36b649,0,kaggle_3m/TCGA_HT_8018_19970411/TCGA_HT_8018_19970411_14_mask.tif,2
lgg_seg,lgg_seg,kaggle_3m/TCGA_HT_8018_19970411/TCGA_HT_8018_19970411_15.tif,TCGA_HT_8018_19970411_15,empty,p98,train,none,3517,-1,,False,798649866d36b659,0,kaggle_3m/TCGA_HT_8018_19970411/TCGA_HT_8018_19970411_15_mask.tif,2
lgg_seg,lgg_seg,kaggle_3m/TCGA_HT_8018_19970411/TCGA_HT_8018_19970411_16.tif,TCGA_HT_8018_19970411_16,empty,p98,train,none,3517,-1,duplicate_of:TCGA_HT_8018_19970411_15,False,598659864db6b659,0,kaggle_3m/TCGA_HT_8018_19970411/TCGA_HT_8018_19970411_16_mask.tif,2
lgg_seg,lgg_seg,kaggle_3m/TCGA_HT_8018_19970411/TCGA_HT_8018_19970411_17.tif,TCGA_HT_8018_19970411_17,empty,p98,train,none,3519,-1,,False,338c59a649b6b659,0,kaggle_3m/TCGA_HT_8018_19970411/TCGA_HT_8018_19970411_17_mask.tif,2
lgg_seg,lgg_seg,kaggle_3m/TCGA_HT_8018_19970411/TCGA_HT_8018_19970411_18.tif,TCGA_HT_8018_19970411_18,empty,p98,train,none,3520,-1,,False,31cd738cc926b659,0,kaggle_3m/TCGA_HT_8018_19970411/TCGA_HT_8018_19970411_18_mask.tif,2
lgg_seg,lgg_seg,kaggle_3m/TCGA_HT_8018_19970411/TCGA_HT_8018_19970411_19.tif,TCGA_HT_8018_19970411_19,empty,p98,train,none,3520,-1,duplicate_of:TCGA_HT_8018_19970411_18,False,31c973ccc926a6d9,0,kaggle_3m/TCGA_HT_8018_19970411/TCGA_HT_8018_19970411_19_mask.tif,2
lgg_seg,lgg_seg,kaggle_3m/TCGA_HT_8018_19970411/TCGA_HT_8018_19970411_2.tif,TCGA_HT_8018_19970411_2,empty,p98,train,none,3522,-1,,False,6e2c9c0cf2b46bc3,0,kaggle_3m/TCGA_HT_8018_19970411/TCGA_HT_8018_19970411_2_mask.tif,2
lgg_seg,lgg_seg,kaggle_3m/TCGA_HT_8018_19970411/TCGA_HT_8018_19970411_20.tif,TCGA_HT_8018_19970411_20,empty,p98,train,none,3523,-1,,False,9cdb31cc61268ed9,0,kaggle_3m/TCGA_HT_8018_19970411/TCGA_HT_8018_19970411_20_mask.tif,2
lgg_seg,lgg_seg,kaggle_3m/TCGA_HT_8018_19970411/TCGA_HT_8018_19970411_3.tif,TCGA_HT_8018_19970411_3,empty,p98,train,none,3524,-1,,False,1e2cac3c963ce3c3,0,kaggle_3m/TCGA_HT_8018_19970411/TCGA_HT_8018_19970411_3_mask.tif,2
lgg_seg,lgg_seg,kaggle_3m/TCGA_HT_8018_19970411/TCGA_HT_8018_19970411_4.tif,TCGA_HT_8018_19970411_4,empty,p98,train,none,3525,-1,,False,1e0cac3e1e36e3c3,0,kaggle_3m/TCGA_HT_8018_19970411/TCGA_HT_8018_19970411_4_mask.tif,2
lgg_seg,lgg_seg,kaggle_3m/TCGA_HT_8018_19970411/TCGA_HT_8018_19970411_5.tif,TCGA_HT_8018_19970411_5,empty,p98,train,none,3526,-1,,False,1c0cac3c32d6e7cb,0,kaggle_3m/TCGA_HT_8018_19970411/TCGA_HT_8018_19970411_5_mask.tif,2
lgg_seg,lgg_seg,kaggle_3m/TCGA_HT_8018_19970411/TCGA_HT_8018_19970411_6.tif,TCGA_HT_8018_19970411_6,empty,p98,train,none,3527,-1,,False,8e2c2c3c32d6e7c9,0,kaggle_3m/TCGA_HT_8018_19970411/TCGA_HT_8018_19970411_6_mask.tif,2
lgg_seg,lgg_seg,kaggle_3m/TCGA_HT_8018_19970411/TCGA_HT_8018_19970411_7.tif,TCGA_HT_8018_19970411_7,tumor,p98,train,none,3528,-1,,False,9e0ccd3c38b6e649,1247,kaggle_3m/TCGA_HT_8018_19970411/TCGA_HT_8018_19970411_7_mask.tif,2
lgg_seg,lgg_seg,kaggle_3m/TCGA_HT_8018_19970411/TCGA_HT_8018_19970411_8.tif,TCGA_HT_8018_19970411_8,tumor,p98,train,none,3529,-1,,False,49cdcc3c38b6e649,1966,kaggle_3m/TCGA_HT_8018_19970411/TCGA_HT_8018_19970411_8_mask.tif,2
lgg_seg,lgg_seg,kaggle_3m/TCGA_HT_8018_19970411/TCGA_HT_8018_19970411_9.tif,TCGA_HT_8018_19970411_9,tumor,p98,train,none,3512,-1,duplicate_of:TCGA_HT_8018_19970411_10,False,5bc7c30c3cb6a649,2294,kaggle_3m/TCGA_HT_8018_19970411/TCGA_HT_8018_19970411_9_mask.tif,2
lgg_seg,lgg_seg,kaggle_3m/TCGA_HT_8105_19980826/TCGA_HT_8105_19980826_1.tif,TCGA_HT_8105_19980826_1,empty,p99,train,none,3531,-1,,False,d93493b47956a629,0,kaggle_3m/TCGA_HT_8105_19980826/TCGA_HT_8105_19980826_1_mask.tif,8
lgg_seg,lgg_seg,kaggle_3m/TCGA_HT_8105_19980826/TCGA_HT_8105_19980826_10.tif,TCGA_HT_8105_19980826_10,empty,p99,train,none,3532,-1,,False,3636ad3c52d6a589,0,kaggle_3m/TCGA_HT_8105_19980826/TCGA_HT_8105_19980826_10_mask.tif,8
lgg_seg,lgg_seg,kaggle_3m/TCGA_HT_8105_19980826/TCGA_HT_8105_19980826_11.tif,TCGA_HT_8105_19980826_11,empty,p99,train,none,3533,-1,,False,18a6a73c5ad6a789,0,kaggle_3m/TCGA_HT_8105_19980826/TCGA_HT_8105_19980826_11_mask.tif,8
lgg_seg,lgg_seg,kaggle_3m/TCGA_HT_8105_19980826/TCGA_HT_8105_19980826_12.tif,TCGA_HT_8105_19980826_12,empty,p99,train,none,3534,-1,,False,1b0ea5b47a5687c9,0,kaggle_3m/TCGA_HT_8105_19980826/TCGA_HT_8105_19980826_12_mask.tif,8
lgg_seg,lgg_seg,kaggle_3m/TCGA_HT_8105_19980826/TCGA_HT_8105_19980826_13.tif,TCGA_HT_8105_19980826_13,empty,p99,train,none,3535,-1,,False,db0c2dbc785686c9,0,kaggle_3m/TCGA_HT_8105_19980826/TCGA_HT_8105_19980826_13_mask.tif,8
lgg_seg,lgg_seg,kaggle_3m/TCGA_HT_8105_19980826/TCGA_HT_8105_19980826_14.tif,TCGA_HT_8105_19980826_14,tumor,p99,train,none,3536,-1,,False,5b0ca5bc78deb601,344,kaggle_3m/TCGA_HT_8105_19980826/TCGA_HT_8105_19980826_14_mask.tif,8
lgg_seg,lgg_seg,kaggle_3m/TCGA_HT_8105_19980826/TCGA_HT_8105_19980826_15.tif,TCGA_HT_8105_19980826_15,tumor,p99,train,none,3537,-1,,False,4b0ca3b64cdcb6a3,1073,kaggle_3m/TCGA_HT_8105_19980826/TCGA_HT_8105_19980826_15_mask.tif,8
lgg_seg,lgg_seg,kaggle_3m/TCGA_HT_8105_19980826/TCGA_HT_8105_19980826_16.tif,TCGA_HT_8105_19980826_16,tumor,p99,train,none,3538,-1,,False,c98c33b64cdcb623,2266,kaggle_3m/TCGA_HT_8105_19980826/TCGA_HT_8105_19980826_16_mask.tif,8
lgg_seg,lgg_seg,kaggle_3m/TCGA_HT_8105_19980826/TCGA_HT_8105_19980826_17.tif,TCGA_HT_8105_19980826_17,tumor,p99,train,none,3539,-1,,False,989cb3b64cdc3323,3749,kaggle_3m/TCGA_HT_8105_19980826/TCGA_HT_8105_19980826_17_mask.tif,8
lgg_seg,lgg_seg,kaggle_3m/TCGA_HT_8105_19980826/TCGA_HT_8105_19980826_18.tif,TCGA_HT_8105_19980826_18,tumor,p99,train,none,3539,-1,duplicate_of:TCGA_HT_8105_19980826_17,False,189c93b6ccdc3363,4592,kaggle_3m/TCGA_HT_8105_19980826/TCGA_HT_8105_19980826_18_mask.tif,8
lgg_seg,lgg_seg,kaggle_3m/TCGA_HT_8105_19980826/TCGA_HT_8105_19980826_19.tif,TCGA_HT_8105_19980826_19,tumor,p99,train,none,3539,-1,duplicate_of:TCGA_HT_8105_19980826_17,False,398c93b64cdc3363,5726,kaggle_3m/TCGA_HT_8105_19980826/TCGA_HT_8105_19980826_19_mask.tif,8
lgg_seg,lgg_seg,kaggle_3m/TCGA_HT_8105_19980826/TCGA_HT_8105_19980826_2.tif,TCGA_HT_8105_19980826_2,empty,p99,train,none,3542,-1,,False,d93693b46b52a689,0,kaggle_3m/TCGA_HT_8105_19980826/TCGA_HT_8105_19980826_2_mask.tif,8
lgg_seg,lgg_seg,kaggle_3m/TCGA_HT_8105_19980826/TCGA_HT_8105_19980826_20.tif,TCGA_HT_8105_19980826_20,tumor,p99,train,none,3539,-1,duplicate_of:TCGA_HT_8105_19980826_17,False,308c9bb64cdc7363,6159,kaggle_3m/TCGA_HT_8105_19980826/TCGA_HT_8105_19980826_20_mask.tif,8
lgg_seg,lgg_seg,kaggle_3m/TCGA_HT_8105_19980826/TCGA_HT_8105_19980826_21.tif,TCGA_HT_8105_19980826_21,tumor,p99,train,none,3539,-1,duplicate_of:TCGA_HT_8105_19980826_17,False,728c99b66c5c7263,6604,kaggle_3m/TCGA_HT_8105_19980826/TCGA_HT_8105_19980826_21_mask.tif,8
lgg_seg,lgg_seg,kaggle_3m/TCGA_HT_8105_19980826/TCGA_HT_8105_19980826_22.tif,TCGA_HT_8105_19980826_22,tumor,p99,train,none,3539,-1,duplicate_of:TCGA_HT_8105_19980826_17,False,728c9bb64c5c7263,6542,kaggle_3m/TCGA_HT_8105_19980826/TCGA_HT_8105_19980826_22_mask.tif,8
lgg_seg,lgg_seg,kaggle_3m/TCGA_HT_8105_19980826/TCGA_HT_8105_19980826_23.tif,TCGA_HT_8105_19980826_23,tumor,p99,train,none,3539,-1,duplicate_of:TCGA_HT_8105_19980826_17,False,768c9b364cdc3263,6130,kaggle_3m/TCGA_HT_8105_19980826/TCGA_HT_8105_19980826_23_mask.tif,8
lgg_seg,lgg_seg,kaggle_3m/TCGA_HT_8105_19980826/TCGA_HT_8105_19980826_24.tif,TCGA_HT_8105_19980826_24,tumor,p99,train,none,3547,-1,,False,708cd936cc9c3673,5483,kaggle_3m/TCGA_HT_8105_19980826/TCGA_HT_8105_19980826_24_mask.tif,8
lgg_seg,lgg_seg,kaggle_3m/TCGA_HT_8105_19980826/TCGA_HT_8105_19980826_25.tif,TCGA_HT_8105_19980826_25,tumor,p99,train,none,3548,-1,,False,31ccd326cc9c3673,4727,kaggle_3m/TCGA_HT_8105_19980826/TCGA_HT_8105_19980826_25_mask.tif,8
lgg_seg,lgg_seg,kaggle_3m/TCGA_HT_8105_19980826/TCGA_HT_8105_19980826_26.tif,TCGA_HT_8105_19980826_26,tumor,p99,train,none,3548,-1,duplicate_of:TCGA_HT_8105_19980826_25,False,30ccf326cc9c3673,3557,kaggle_3m/TCGA_HT_8105_19980826/TCGA_HT_8105_19980826_26_mask.tif,8
lgg_seg,lgg_seg,kaggle_3m/TCGA_HT_8105_19980826/TCGA_HT_8105_19980826_27.tif,TCGA_HT_8105_19980826_27,tumor,p99,train,none,3550,-1,,False,18677326cc9c3673,2640,kaggle_3m/TCGA_HT_8105_19980826/TCGA_HT_8105_19980826_27_mask.tif,8
lgg_seg,lgg_seg,kaggle_3m/TCGA_HT_8105_19980826/TCGA_HT_8105_19980826_28.tif,TCGA_HT_8105_19980826_28,tumor,p99,train,none,3550,-1,duplicate_of:TCGA_HT_8105_19980826_27,False,196333a6cc9c3673,1548,kaggle_3m/TCGA_HT_8105_19980826/TCGA_HT_8105_19980826_28_mask.tif,8
lgg_seg,lgg_seg,kaggle_3m/TCGA_HT_8105_19980826/TCGA_HT_8105_19980826_29.tif,TCGA_HT_8105_19980826_29,tumor,p99,train,none,3550,-1,duplicate_of:TCGA_HT_8105_19980826_27,False,18633366cd9c3673,404,kaggle_3m/TCGA_HT_8105_19980826/TCGA_HT_8105_19980826_29_mask.tif,8
lgg_seg,lgg_seg,kaggle_3m/TCGA_HT_8105_19980826/TCGA_HT_8105_19980826_3.tif,TCGA_HT_8105_19980826_3,empty,p99,train,none,3553,-1,,False,d33cb3b469568689,0,kaggle_3m/TCGA_HT_8105_19980826/TCGA_HT_8105_19980826_3_mask.tif,8
lgg_seg,lgg_seg,kaggle_3m/TCGA_HT_8105_19980826/TCGA_HT_8105_19980826_30.tif,TCGA_HT_8105_19980826_30,tumor,p99,train,none,3554,-1,,False,3c6333cec38c4e71,50,kaggle_3m/TCGA_HT_8105_19980826/TCGA_HT_8105_19980826_30_mask.tif,8
lgg_seg,lgg_seg,kaggle_3m/TCGA_HT_8105_19980826/TCGA_HT_8105_19980826_31.tif,TCGA_HT_8105_19980826_31,empty,p99,train,none,3555,-1,,False,8c7333ccd38c4e71,0,kaggle_3m/TCGA_HT_8105_19980826/TCGA_HT_8105_19980826_31_mask.tif,8
lgg_seg,lgg_seg,kaggle_3m/TCGA_HT_8105_19980826/TCGA_HT_8105_19980826_32.tif,TCGA_HT_8105_19980826_32,empty,p99,train,none,3556,-1,,False,cc1b3b63338cce31,0,kaggle_3m/TCGA_HT_8105_19980826/TCGA_HT_8105_19980826_32_mask.tif,8
lgg_seg,lgg_seg,kaggle_3m/TCGA_HT_8105_19980826/TCGA_HT_8105_19980826_4.tif,TCGA_HT_8105_19980826_4,empty,p99,train,none,3557,-1,,False,923ec3b46b5e8c89,0,kaggle_3m/TCGA_HT_8105_19980826/TCGA_HT_8105_19980826_4_mask.tif,8
lgg_seg,lgg_seg,kaggle_3m/TCGA_HT_8105_19980826/TCGA_HT_8105_19980826_5.tif,TCGA_HT_8105_19980826_5,empty,p99,train,none,3558,-1,,False,1a3685b67b5aa689,0,kaggle_3m/TCGA_HT_8105_19980826/TCGA_HT_8105_19980826_5_mask.tif,8
lgg_seg,lgg_seg,kaggle_3m/TCGA_HT_8105_19980826/TCGA_HT_8105_19980826_6.tif,TCGA_HT_8105_19980826_6,empty,p99,train,none,3559,-1,,False,92268db45b5ea789,0,kaggle_3m/TCGA_HT_8105_19980826/TCGA_HT_8105_19980826_6_mask.tif,8
lgg_seg,lgg_seg,kaggle_3m/TCGA_HT_8105_19980826/TCGA_HT_8105_19980826_7.tif,TCGA_HT_8105_19980826_7,empty,p99,train,none,3560,-1,,False,9e8c8db45b56a781,0,kaggle_3m/TCGA_HT_8105_19980826/TCGA_HT_8105_19980826_7_mask.tif,8
lgg_seg,lgg_seg,kaggle_3m/TCGA_HT_8105_19980826/TCGA_HT_8105_19980826_8.tif,TCGA_HT_8105_19980826_8,empty,p99,train,none,3560,-1,duplicate_of:TCGA_HT_8105_19980826_7,False,9e8e8db45356a5a1,0,kaggle_3m/TCGA_HT_8105_19980826/TCGA_HT_8105_19980826_8_mask.tif,8
lgg_seg,lgg_seg,kaggle_3m/TCGA_HT_8105_19980826/TCGA_HT_8105_19980826_9.tif,TCGA_HT_8105_19980826_9,empty,p99,train,none,3562,-1,,False,9e9699bc5256a589,0,kaggle_3m/TCGA_HT_8105_19980826/TCGA_HT_8105_19980826_9_mask.tif,8
lgg_seg,lgg_seg,kaggle_3m/TCGA_HT_8106_19970727/TCGA_HT_8106_19970727_1.tif,TCGA_HT_8106_19970727_1,empty,p100,train,none,3563,-1,,False,2696b6a6d2d64969,0,kaggle_3m/TCGA_HT_8106_19970727/TCGA_HT_8106_19970727_1_mask.tif,6
lgg_seg,lgg_seg,kaggle_3m/TCGA_HT_8106_19970727/TCGA_HT_8106_19970727_10.tif,TCGA_HT_8106_19970727_10,tumor,p100,train,none,3564,-1,,False,b6a6182c76b6e349,1431,kaggle_3m/TCGA_HT_8106_19970727/TCGA_HT_8106_19970727_10_mask.tif,6
lgg_seg,lgg_seg,kaggle_3m/TCGA_HT_8106_19970727/TCGA_HT_8106_19970727_11.tif,TCGA_HT_8106_19970727_11,tumor,p100,train,none,3565,-1,,False,b6a6990c66b6cb49,2715,kaggle_3m/TCGA_HT_8106_19970727/TCGA_HT_8106_19970727_11_mask.tif,6
lgg_seg,lgg_seg,kaggle_3m/TCGA_HT_8106_19970727/TCGA_HT_8106_19970727_12.tif,TCGA_HT_8106_19970727_12,tumor,p100,train,none,3565,-1,duplicate_of:TCGA_HT_8106_19970727_11,False,9ea6990c66b6c9c9,3079,kaggle_3m/TCGA_HT_8106_19970727/TCGA_HT_8106_19970727_12_mask.tif,6
lgg_seg,lgg_seg,kaggle_3m/TCGA_HT_8106_19970727/TCGA_HT_8106_19970727_13.tif,TCGA_HT_8106_19970727_13,tumor,p100,train,none,3567,-1,,False,9eacd80e2636d9c9,2450,kaggle_3m/TCGA_HT_8106_19970727/TCGA_HT_8106_19970727_13_mask.tif,6
lgg_seg,lgg_seg,kaggle_3m/TCGA_HT_8106_19970727/TCGA_HT_8106_19970727_14.tif,TCGA_HT_8106_19970727_14,tumor,p100,train,none,3568,-1,,False,966dd8862636d9c9,2397,kaggle_3m/TCGA_HT_8106_19970727/TCGA_HT_8106_19970727_14_mask.tif,6
lgg_seg,lgg_seg,kaggle_3m/TCGA_HT_8106_19970727/TCGA_HT_8106_19970727_15.tif,TCGA_HT_8106_19970727_15,tumor,p100,train,none,3568,-1,duplicate_of:TCGA_HT_8106_19970727_14,False,b66d5886a63659c9,4420,kaggle_3m/TCGA_HT_8106_19970727/TCGA_HT_8106_19970727_15_mask.tif,6
lgg_seg,lgg_seg,kaggle_3m/TCGA_HT_8106_19970727/TCGA_HT_8106_19970727_16.tif,TCGA_HT_8106_19970727_16,tumor,p100,train,none,3568,-1,duplicate_of:TCGA_HT_8106_19970727_14,False,966d58862636dbc9,2516,kaggle_3m/TCGA_HT_8106_19970727/TCGA_HT_8106_19970727_16_mask.tif,6
lgg_seg,lgg_seg,kaggle_3m/TCGA_HT_8106_19970727/TCGA_HT_8106_19970727_17.tif,TCGA_HT_8106_19970727_17,tumor,p100,train,none,3571,-1,,False,86cd5c262536dbc9,2278,kaggle_3m/TCGA_HT_8106_19970727/TCGA_HT_8106_19970727_17_mask.tif,6
lgg_seg,lgg_seg,kaggle_3m/TCGA_HT_8106_19970727/TCGA_HT_8106_19970727_18.tif,TCGA_HT_8106_19970727_18,tumor,p100,train,none,3572,-1,,False,84ed5e862d16d369,880,kaggle_3m/TCGA_HT_8106_19970727/TCGA_HT_8106_19970727_18_mask.tif,6
lgg_seg,lgg_seg,kaggle_3m/TCGA_HT_8106_19970727/TCGA_HT_8106_19970727_19.tif,TCGA_HT_8106_19970727_19,tumor,p100,train,none,3573,-1,,False,8469d6a62d96d369,692,kaggle_3m/TCGA_HT_8106_19970727/TCGA_HT_8106_19970727_19_mask.tif,6
lgg_seg,lgg_seg,kaggle_3m/TCGA_HT_8106_19970727/TCGA_HT_8106_19970727_2.tif,TCGA_HT_8106_19970727_2,empty,p100,train,none,3574,-1,,False,96acb60cd8366bc9,0,kaggle_3m/TCGA_HT_8106_19970727/TCGA_HT_8106_19970727_2_mask.tif,6
lgg_seg,lgg_seg,kaggle_3m/TCGA_HT_8106_19970727/TCGA_HT_8106_19970727_20.tif,TCGA_HT_8106_19970727_20,tumor,p100,train,none,3575,-1,,False,616996cc6d969359,156,kaggle_3m/TCGA_HT_8106_19970727/TCGA_HT_8106_19970727_20_mask.tif,6
lgg_seg,lgg_seg,kaggle_3m/TCGA_HT_8106_19970727/TCGA_HT_8106_19970727_21.tif,TCGA_HT_8106_19970727_21,empty,p100,train,none,3576,-1,,False,3359c66569a69659,0,kaggle_3m/TCGA_HT_8106_19970727/TCGA_HT_8106_19970727_21_mask.tif,6
lgg_seg,lgg_seg,kaggle_3m/TCGA_HT_8106_19970727/TCGA_HT_8106_19970727_22.tif,TCGA_HT_8106_19970727_22,empty,p100,train,none,3577,-1,,False,66338c7333cccc33,0,kaggle_3m/TCGA_HT_8106_19970727/TCGA_HT_8106_19970727_22_mask.tif,6
lgg_seg,lgg_seg,kaggle_3m/TCGA_HT_8106_19970727/TCGA_HT_8106_19970727_3.tif,TCGA_HT_8106_19970727_3,empty,p100,train,none,3578,-1,,False,96ac1b1e783c83cb,0,kaggle_3m/TCGA_HT_8106_19970727/TCGA_HT_8106_19970727_3_mask.tif,6
lgg_seg,lgg_seg,kaggle_3m/TCGA_HT_8106_19970727/TCGA_HT_8106_19970727_4.tif,TCGA_HT_8106_19970727_4,empty,p100,train,none,3579,-1,,False,b42d4b967874a3c9,0,kaggle_3m/TCGA_HT_8106_19970727/TCGA_HT_8106_19970727_4_mask.tif,6
lgg_seg,lgg_seg,kaggle_3m/TCGA_HT_8106_19970727/TCGA_HT_8106_19970727_5.tif,TCGA_HT_8106_19970727_5,empty,p100,train,none,3580,-1,,False,3c0d8bb6787623a9,0,kaggle_3m/TCGA_HT_8106_19970727/TCGA_HT_8106_19970727_5_mask.tif,6
lgg_seg,lgg_seg,kaggle_3m/TCGA_HT_8106_19970727/TCGA_HT_8106_19970727_6.tif,TCGA_HT_8106_19970727_6,empty,p100,train,none,3581,-1,,False,362d8c967276ab89,0,kaggle_3m/TCGA_HT_8106_19970727/TCGA_HT_8106_19970727_6_mask.tif,6
lgg_seg,lgg_seg,kaggle_3m/TCGA_HT_8106_19970727/TCGA_HT_8106_19970727_7.tif,TCGA_HT_8106_19970727_7,empty,p100,train,none,3582,-1,,False,36670cb6b25e49c9,0,kaggle_3m/TCGA_HT_8106_19970727/TCGA_HT_8106_19970727_7_mask.tif,6
lgg_seg,lgg_seg,kaggle_3m/TCGA_HT_8106_19970727/TCGA_HT_8106_19970727_8.tif,TCGA_HT_8106_19970727_8,tumor,p100,train,none,3583,-1,,False,678d8c3cb2b66949,822,kaggle_3m/TCGA_HT_8106_19970727/TCGA_HT_8106_19970727_8_mask.tif,6
lgg_seg,lgg_seg,kaggle_3m/TCGA_HT_8106_19970727/TCGA_HT_8106_19970727_9.tif,TCGA_HT_8106_19970727_9,tumor,p100,train,none,3584,-1,,False,a7ae0c2cb2b66b49,1137,kaggle_3m/TCGA_HT_8106_19970727/TCGA_HT_8106_19970727_9_mask.tif,6
lgg_seg,lgg_seg,kaggle_3m/TCGA_HT_8107_19980708/TCGA_HT_8107_19980708_1.tif,TCGA_HT_8107_19980708_1,empty,p101,train,none,3585,-1,,False,9ca4b9961396b369,0,kaggle_3m/TCGA_HT_8107_19980708/TCGA_HT_8107_19980708_1_mask.tif,7
lgg_seg,lgg_seg,kaggle_3m/TCGA_HT_8107_19980708/TCGA_HT_8107_19980708_10.tif,TCGA_HT_8107_19980708_10,tumor,p101,train,none,3586,-1,,False,7986f20e895e5969,1423,kaggle_3m/TCGA_HT_8107_19980708/TCGA_HT_8107_19980708_10_mask.tif,7
lgg_seg,lgg_seg,kaggle_3m/TCGA_HT_8107_19980708/TCGA_HT_8107_19980708_11.tif,TCGA_HT_8107_19980708_11,tumor,p101,train,none,3587,-1,,False,7c86b396891e5969,1572,kaggle_3m/TCGA_HT_8107_19980708/TCGA_HT_8107_19980708_11_mask.tif,7
lgg_seg,lgg_seg,kaggle_3m/TCGA_HT_8107_19980708/TCGA_HT_8107_19980708_12.tif,TCGA_HT_8107_19980708_12,tumor,p101,train,none,3587,-1,duplicate_of:TCGA_HT_8107_19980708_11,False,7c06f2968b1e5969,1458,kaggle_3m/TCGA_HT_8107_19980708/TCGA_HT_8107_19980708_12_mask.tif,7
lgg_seg,lgg_seg,kaggle_3m/TCGA_HT_8107_19980708/TCGA_HT_8107_19980708_13.tif,TCGA_HT_8107_19980708_13,tumor,p101,train,none,3589,-1,,False,7906f2a68b9e1969,1437,kaggle_3m/TCGA_HT_8107_19980708/TCGA_HT_8107_19980708_13_mask.tif,7
lgg_seg,lgg_seg,kaggle_3m/TCGA_HT_8107_19980708/TCGA_HT_8107_19980708_14.tif,TCGA_HT_8107_19980708_14,tumor,p101,train,none,3590,-1,,False,3ba6f2a4839e1969,735,kaggle_3m/TCGA_HT_8107_19980708/TCGA_HT_8107_19980708_14_mask.tif,7
lgg_seg,lgg_seg,kaggle_3m/TCGA_HT_8107_19980708/TCGA_HT_8107_19980708_15.tif,TCGA_HT_8107_19980708_15,empty,p101,train,none,3591,-1,,False,396e72a683965969,0,kaggle_3m/TCGA_HT_8107_19980708/TCGA_HT_8107_19980708_15_mask.tif,7
lgg_seg,lgg_seg,kaggle_3m/TCGA_HT_8107_19980708/TCGA_HT_8107_19980708_16.tif,TCGA_HT_8107_19980708_16,empty,p101,train,none,3592,-1,,False,3ce67224a396d969,0,kaggle_3m/TCGA_HT_8107_19980708/TCGA_HT_8107_19980708_16_mask.tif,7
lgg_seg,lgg_seg,kaggle_3m/TCGA_HT_8107_19980708/TCGA_HT_8107_19980708_17.tif,TCGA_HT_8107_19980708_17,empty,p101,train,none,3593,-1,,False,8ece72aca31619e9,0,kaggle_3m/TCGA_HT_8107_19980708/TCGA_HT_8107_19980708_17_mask.tif,7
lgg_seg,lgg_seg,kaggle_3m/TCGA_HT_8107_19980708/TCGA_HT_8107_19980708_18.tif,TCGA_HT_8107_19980708_18,empty,p101,train,none,3594,-1,,False,a6661ea4e31619f9,0,kaggle_3m/TCGA_HT_8107_19980708/TCGA_HT_8107_19980708_18_mask.tif,7
lgg_seg,lgg_seg,kaggle_3m/TCGA_HT_8107_19980708/TCGA_HT_8107_19980708_19.tif,TCGA_HT_8107_19980708_19,empty,p101,train,none,3595,-1,,False,a6635eece1961079,0,kaggle_3m/TCGA_HT_8107_19980708/TCGA_HT_8107_19980708_19_mask.tif,7
lgg_seg,lgg_seg,kaggle_3m/TCGA_HT_8107_19980708/TCGA_HT_8107_19980708_2.tif,TCGA_HT_8107_19980708_2,empty,p101,train,none,3596,-1,,False,9ea671961b16a969,0,kaggle_3m/TCGA_HT_8107_19980708/TCGA_HT_8107_19980708_2_mask.tif,7
lgg_seg,lgg_seg,kaggle_3m/TCGA_HT_8107_19980708/TCGA_HT_8107_19980708_20.tif,TCGA_HT_8107_19980708_20,empty,p101,train,none,3597,-1,,False,24999c6d63869e79,0,kaggle_3m/TCGA_HT_8107_19980708/TCGA_HT_8107_19980708_20_mask.tif,7
lgg_seg,lgg_seg,kaggle_3m/TCGA_HT_8107_19980708/TCGA_HT_8107_19980708_3.tif,TCGA_HT_8107_19980708_3,empty,p101,train,none,3598,-1,,False,9964f1961a5ea1e9,0,kaggle_3m/TCGA_HT_8107_19980708/TCGA_HT_8107_19980708_3_mask.tif,7
lgg_seg,lgg_seg,kaggle_3m/TCGA_HT_8107_19980708/TCGA_HT_8107_19980708_4.tif,TCGA_HT_8107_19980708_4,empty,p101,train,none,3599,-1,,False,19a6b2961a5ea9e9,0,kaggle_3m/TCGA_HT_8107_19980708/TCGA_HT_8107_19980708_4_mask.tif,7
lgg_seg,lgg_seg,kaggle_3m/TCGA_HT_8107_19980708/TCGA_HT_8107_19980708_5.tif,TCGA_HT_8107_19980708_5,empty,p101,train,none,3600,-1,,False,6ca4e6961b5e2969,0,kaggle_3m/TCGA_HT_8107_19980708/TCGA_HT_8107_19980708_5_mask.tif,7
lgg_seg,lgg_seg,kaggle_3m/TCGA_HT_8107_19980708/TCGA_HT_8107_19980708_6.tif,TCGA_HT_8107_19980708_6,empty,p101,train,none,3600,-1,duplicate_of:TCGA_HT_8107_19980708_5,False,66a4e6961b1e6969,0,kaggle_3m/TCGA_HT_8107_19980708/TCGA_HT_8107_19980708_6_mask.tif,7
lgg_seg,lgg_seg,kaggle_3m/TCGA_HT_8107_19980708/TCGA_HT_8107_19980708_7.tif,TCGA_HT_8107_19980708_7,empty,p101,train,none,3602,-1,,False,e486b696931e6969,0,kaggle_3m/TCGA_HT_8107_19980708/TCGA_HT_8107_19980708_7_mask.tif,7
lgg_seg,lgg_seg,kaggle_3m/TCGA_HT_8107_19980708/TCGA_HT_8107_19980708_8.tif,TCGA_HT_8107_19980708_8,tumor,p101,train,none,3603,-1,,False,9486b296c35e7969,281,kaggle_3m/TCGA_HT_8107_19980708/TCGA_HT_8107_19980708_8_mask.tif,7
lgg_seg,lgg_seg,kaggle_3m/TCGA_HT_8107_19980708/TCGA_HT_8107_19980708_9.tif,TCGA_HT_8107_19980708_9,tumor,p101,train,none,3604,-1,,False,b386f306c35e5869,744,kaggle_3m/TCGA_HT_8107_19980708/TCGA_HT_8107_19980708_9_mask.tif,7
lgg_seg,lgg_seg,kaggle_3m/TCGA_HT_8111_19980330/TCGA_HT_8111_19980330_1.tif,TCGA_HT_8111_19980330_1,empty,p6,train,none,3605,-1,,False,72aca916333e1e69,0,kaggle_3m/TCGA_HT_8111_19980330/TCGA_HT_8111_19980330_1_mask.tif,2
lgg_seg,lgg_seg,kaggle_3m/TCGA_HT_8111_19980330/TCGA_HT_8111_19980330_10.tif,TCGA_HT_8111_19980330_10,empty,p6,train,none,3606,-1,,False,4ca6781ea51ed2e9,0,kaggle_3m/TCGA_HT_8111_19980330/TCGA_HT_8111_19980330_10_mask.tif,2
lgg_seg,lgg_seg,kaggle_3m/TCGA_HT_8111_19980330/TCGA_HT_8111_19980330_11.tif,TCGA_HT_8111_19980330_11,empty,p6,train,none,73,-1,duplicate_of:TCGA_CS_4944_20010208_19,False,59a6690ead1656e9,0,kaggle_3m/TCGA_HT_8111_19980330/TCGA_HT_8111_19980330_11_mask.tif,2
lgg_seg,lgg_seg,kaggle_3m/TCGA_HT_8111_19980330/TCGA_HT_8111_19980330_12.tif,TCGA_HT_8111_19980330_12,empty,p6,train,none,73,-1,duplicate_of:TCGA_CS_4944_20010208_19,False,5986690ead1e56e9,0,kaggle_3m/TCGA_HT_8111_19980330/TCGA_HT_8111_19980330_12_mask.tif,2
lgg_seg,lgg_seg,kaggle_3m/TCGA_HT_8111_19980330/TCGA_HT_8111_19980330_13.tif,TCGA_HT_8111_19980330_13,empty,p6,train,none,73,-1,duplicate_of:TCGA_CS_4944_20010208_19,False,598e490ead1e56e9,0,kaggle_3m/TCGA_HT_8111_19980330/TCGA_HT_8111_19980330_13_mask.tif,2
lgg_seg,lgg_seg,kaggle_3m/TCGA_HT_8111_19980330/TCGA_HT_8111_19980330_14.tif,TCGA_HT_8111_19980330_14,tumor,p6,train,none,3610,-1,,False,7bccc90e253696c9,974,kaggle_3m/TCGA_HT_8111_19980330/TCGA_HT_8111_19980330_14_mask.tif,2
lgg_seg,lgg_seg,kaggle_3m/TCGA_HT_8111_19980330/TCGA_HT_8111_19980330_15.tif,TCGA_HT_8111_19980330_15,tumor,p6,train,none,3610,-1,duplicate_of:TCGA_HT_8111_19980330_14,False,dbccc92c253696c9,1577,kaggle_3m/TCGA_HT_8111_19980330/TCGA_HT_8111_19980330_15_mask.tif,2
lgg_seg,lgg_seg,kaggle_3m/TCGA_HT_8111_19980330/TCGA_HT_8111_19980330_16.tif,TCGA_HT_8111_19980330_16,tumor,p6,train,none,3610,-1,duplicate_of:TCGA_HT_8111_19980330_14,False,d9ccd90e253696c9,2024,kaggle_3m/TCGA_HT_8111_19980330/TCGA_HT_8111_19980330_16_mask.tif,2
lgg_seg,lgg_seg,kaggle_3m/TCGA_HT_8111_19980330/TCGA_HT_8111_19980330_17.tif,TCGA_HT_8111_19980330_17,tumor,p6,train,none,3108,-1,duplicate_of:TCGA_HT_7684_19950816_21,False,93ccd90c653696d9,1980,kaggle_3m/TCGA_HT_8111_19980330/TCGA_HT_8111_19980330_17_mask.tif,2
lgg_seg,lgg_seg,kaggle_3m/TCGA_HT_8111_19980330/TCGA_HT_8111_19980330_18.tif,TCGA_HT_8111_19980330_18,tumor,p6,train,none,3108,-1,duplicate_of:TCGA_HT_7684_19950816_21,False,b2c4d98c653696d9,1597,kaggle_3m/TCGA_HT_8111_19980330/TCGA_HT_8111_19980330_18_mask.tif,2
lgg_seg,lgg_seg,kaggle_3m/TCGA_HT_8111_19980330/TCGA_HT_8111_19980330_19.tif,TCGA_HT_8111_19980330_19,tumor,p6,train,none,3615,-1,,False,32c1d9cc693696d9,946,kaggle_3m/TCGA_HT_8111_19980330/TCGA_HT_8111_19980330_19_mask.tif,2
lgg_seg,lgg_seg,kaggle_3m/TCGA_HT_8111_19980330/TCGA_HT_8111_19980330_2.tif,TCGA_HT_8111_19980330_2,empty,p6,train,none,3616,-1,,False,78aceb96b23c0669,0,kaggle_3m/TCGA_HT_8111_19980330/TCGA_HT_8111_19980330_2_mask.tif,2
lgg_seg,lgg_seg,kaggle_3m/TCGA_HT_8111_19980330/TCGA_HT_8111_19980330_20.tif,TCGA_HT_8111_19980330_20,tumor,p6,train,none,3268,-1,duplicate_of:TCGA_HT_7856_19950831_29,False,366399cc6926b659,392,kaggle_3m/TCGA_HT_8111_19980330/TCGA_HT_8111_19980330_20_mask.tif,2
lgg_seg,lgg_seg,kaggle_3m/TCGA_HT_8111_19980330/TCGA_HT_8111_19980330_21.tif,TCGA_HT_8111_19980330_21,empty,p6,train,none,2515,-1,duplicate_of:TCGA_FG_6691_20020405_40,False,263392cf49a6a679,0,kaggle_3m/TCGA_HT_8111_19980330/TCGA_HT_8111_19980330_21_mask.tif,2
lgg_seg,lgg_seg,kaggle_3m/TCGA_HT_8111_19980330/TCGA_HT_8111_19980330_22.tif,TCGA_HT_8111_19980330_22,empty,p6,train,none,73,-1,duplicate_of:TCGA_CS_4944_20010208_19,False,6419b671d9666699,0,kaggle_3m/TCGA_HT_8111_19980330/TCGA_HT_8111_19980330_22_mask.tif,2
lgg_seg,lgg_seg,kaggle_3m/TCGA_HT_8111_19980330/TCGA_HT_8111_19980330_3.tif,TCGA_HT_8111_19980330_3,empty,p6,train,none,3620,-1,,False,cc6ca3963c7e2629,0,kaggle_3m/TCGA_HT_8111_19980330/TCGA_HT_8111_19980330_3_mask.tif,2
lgg_seg,lgg_seg,kaggle_3m/TCGA_HT_8111_19980330/TCGA_HT_8111_19980330_4.tif,TCGA_HT_8111_19980330_4,empty,p6,train,none,3621,-1,,False,ec6cc3963c76a609,0,kaggle_3m/TCGA_HT_8111_19980330/TCGA_HT_8111_19980330_4_mask.tif,2
lgg_seg,lgg_seg,kaggle_3m/TCGA_HT_8111_19980330/TCGA_HT_8111_19980330_5.tif,TCGA_HT_8111_19980330_5,empty,p6,train,none,3622,-1,,False,f86c63961876c669,0,kaggle_3m/TCGA_HT_8111_19980330/TCGA_HT_8111_19980330_5_mask.tif,2
lgg_seg,lgg_seg,kaggle_3m/TCGA_HT_8111_19980330/TCGA_HT_8111_19980330_6.tif,TCGA_HT_8111_19980330_6,empty,p6,train,none,3623,-1,,False,e96c67863836c669,0,kaggle_3m/TCGA_HT_8111_19980330/TCGA_HT_8111_19980330_6_mask.tif,2
lgg_seg,lgg_seg,kaggle_3m/TCGA_HT_8111_19980330/TCGA_HT_8111_19980330_7.tif,TCGA_HT_8111_19980330_7,empty,p6,train,none,3624,-1,,False,e3262c26399ee2e9,0,kaggle_3m/TCGA_HT_8111_19980330/TCGA_HT_8111_19980330_7_mask.tif,2
lgg_seg,lgg_seg,kaggle_3m/TCGA_HT_8111_19980330/TCGA_HT_8111_19980330_8.tif,TCGA_HT_8111_19980330_8,empty,p6,train,none,3625,-1,,False,33263c1e2d9ed2c9,0,kaggle_3m/TCGA_HT_8111_19980330/TCGA_HT_8111_19980330_8_mask.tif,2
lgg_seg,lgg_seg,kaggle_3m/TCGA_HT_8111_19980330/TCGA_HT_8111_19980330_9.tif,TCGA_HT_8111_19980330_9,empty,p6,train,none,3626,-1,,False,1e26381ead1ed2e9,0,kaggle_3m/TCGA_HT_8111_19980330/TCGA_HT_8111_19980330_9_mask.tif,2
lgg_seg,lgg_seg,kaggle_3m/TCGA_HT_8113_19930809/TCGA_HT_8113_19930809_1.tif,TCGA_HT_8113_19930809_1,empty,p6,train,none,3627,-1,,False,363c9c16727cc9c3,0,kaggle_3m/TCGA_HT_8113_19930809/TCGA_HT_8113_19930809_1_mask.tif,2
lgg_seg,lgg_seg,kaggle_3m/TCGA_HT_8113_19930809/TCGA_HT_8113_19930809_10.tif,TCGA_HT_8113_19930809_10,empty,p6,train,none,3628,-1,,False,0d2c3c96e4d6c3e9,0,kaggle_3m/TCGA_HT_8113_19930809/TCGA_HT_8113_19930809_10_mask.tif,2
lgg_seg,lgg_seg,kaggle_3m/TCGA_HT_8113_19930809/TCGA_HT_8113_19930809_11.tif,TCGA_HT_8113_19930809_11,empty,p6,train,none,3629,-1,,False,3c263c16e9d6c3c9,0,kaggle_3m/TCGA_HT_8113_19930809/TCGA_HT_8113_19930809_11_mask.tif,2
lgg_seg,lgg_seg,kaggle_3m/TCGA_HT_8113_19930809/TCGA_HT_8113_19930809_12.tif,TCGA_HT_8113_19930809_12,tumor,p6,train,none,3630,-1,,False,3ca658b4a956d3c9,329,kaggle_3m/TCGA_HT_8113_19930809/TCGA_HT_8113_19930809_12_mask.tif,2
lgg_seg,lgg_seg,kaggle_3m/TCGA_HT_8113_19930809/TCGA_HT_8113_19930809_13.tif,TCGA_HT_8113_19930809_13,tumor,p6,train,none,3631,-1,,False,368e59a4a536d3c9,639,kaggle_3m/TCGA_HT_8113_19930809/TCGA_HT_8113_19930809_13_mask.tif,2
lgg_seg,lgg_seg,kaggle_3m/TCGA_HT_8113_19930809/TCGA_HT_8113_19930809_14.tif,TCGA_HT_8113_19930809_14,tumor,p6,train,none,3632,-1,,False,fe8e49a4263693c9,1852,kaggle_3m/TCGA_HT_8113_19930809/TCGA_HT_8113_19930809_14_mask.tif,2
lgg_seg,lgg_seg,kaggle_3m/TCGA_HT_8113_19930809/TCGA_HT_8113_19930809_15.tif,TCGA_HT_8113_19930809_15,tumor,p6,train,none,3633,-1,,False,7cc6c98c263693d9,2174,kaggle_3m/TCGA_HT_8113_19930809/TCGA_HT_8113_19930809_15_mask.tif,2
lgg_seg,lgg_seg,kaggle_3m/TCGA_HT_8113_19930809/TCGA_HT_8113_19930809_16.tif,TCGA_HT_8113_19930809_16,tumor,p6,train,none,3634,-1,,False,deec498c263692d9,2163,kaggle_3m/TCGA_HT_8113_19930809/TCGA_HT_8113_19930809_16_mask.tif,2
lgg_seg,lgg_seg,kaggle_3m/TCGA_HT_8113_19930809/TCGA_HT_8113_19930809_17.tif,TCGA_HT_8113_19930809_17,tumor,p6,train,none,3635,-1,,False,9ea6598c653692d9,2277,kaggle_3m/TCGA_HT_8113_19930809/TCGA_HT_8113_19930809_17_mask.tif,2
lgg_seg,lgg_seg,kaggle_3m/TCGA_HT_8113_19930809/TCGA_HT_8113_19930809_18.tif,TCGA_HT_8113_19930809_18,tumor,p6,train,none,3635,-1,duplicate_of:TCGA_HT_8113_19930809_17,False,96e6598c653692d9,1678,kaggle_3m/TCGA_HT_8113_19930809/TCGA_HT_8113_19930809_18_mask.tif,2
lgg_seg,lgg_seg,kaggle_3m/TCGA_HT_8113_19930809/TCGA_HT_8113_19930809_19.tif,TCGA_HT_8113_19930809_19,tumor,p6,train,none,3637,-1,,False,a665d98c692696d9,813,kaggle_3m/TCGA_HT_8113_19930809/TCGA_HT_8113_19930809_19_mask.tif,2
lgg_seg,lgg_seg,kaggle_3m/TCGA_HT_8113_19930809/TCGA_HT_8113_19930809_2.tif,TCGA_HT_8113_19930809_2,empty,p6,train,none,3638,-1,,False,1638bc265ad6e369,0,kaggle_3m/TCGA_HT_8113_19930809/TCGA_HT_8113_19930809_2_mask.tif,2
lgg_seg,lgg_seg,kaggle_3m/TCGA_HT_8113_19930809/TCGA_HT_8113_19930809_20.tif,TCGA_HT_8113_19930809_20,tumor,p6,train,none,3268,-1,duplicate_of:TCGA_HT_7856_19950831_29,False,26639bcc4926b6d9,362,kaggle_3m/TCGA_HT_8113_19930809/TCGA_HT_8113_19930809_20_mask.tif,2
lgg_seg,lgg_seg,kaggle_3m/TCGA_HT_8113_19930809/TCGA_HT_8113_19930809_21.tif,TCGA_HT_8113_19930809_21,empty,p6,train,none,3640,-1,,False,3799b64c49a63659,0,kaggle_3m/TCGA_HT_8113_19930809/TCGA_HT_8113_19930809_21_mask.tif,2
lgg_seg,lgg_seg,kaggle_3m/TCGA_HT_8113_19930809/TCGA_HT_8113_19930809_3.tif,TCGA_HT_8113_19930809_3,empty,p6,train,none,3641,-1,,False,963cb92658d6e349,0,kaggle_3m/TCGA_HT_8113_19930809/TCGA_HT_8113_19930809_3_mask.tif,2
lgg_seg,lgg_seg,kaggle_3m/TCGA_HT_8113_19930809/TCGA_HT_8113_19930809_4.tif,TCGA_HT_8113_19930809_4,empty,p6,train,none,3642,-1,,False,9636b9b45856e349,0,kaggle_3m/TCGA_HT_8113_19930809/TCGA_HT_8113_19930809_4_mask.tif,2
lgg_seg,lgg_seg,kaggle_3m/TCGA_HT_8113_19930809/TCGA_HT_8113_19930809_5.tif,TCGA_HT_8113_19930809_5,empty,p6,train,none,3642,-1,duplicate_of:TCGA_HT_8113_19930809_4,False,9e2699b47856e349,0,kaggle_3m/TCGA_HT_8113_19930809/TCGA_HT_8113_19930809_5_mask.tif,2
lgg_seg,lgg_seg,kaggle_3m/TCGA_HT_8113_19930809/TCGA_HT_8113_19930809_6.tif,TCGA_HT_8113_19930809_6,empty,p6,train,none,3644,-1,,False,9ca49a967976a349,0,kaggle_3m/TCGA_HT_8113_19930809/TCGA_HT_8113_19930809_6_mask.tif,2
lgg_seg,lgg_seg,kaggle_3m/TCGA_HT_8113_19930809/TCGA_HT_8113_19930809_7.tif,TCGA_HT_8113_19930809_7,empty,p6,train,none,3645,-1,,False,9ea49696787c2369,0,kaggle_3m/TCGA_HT_8113_19930809/TCGA_HT_8113_19930809_7_mask.tif,2
lgg_seg,lgg_seg,kaggle_3m/TCGA_HT_8113_19930809/TCGA_HT_8113_19930809_8.tif,TCGA_HT_8113_19930809_8,empty,p6,train,none,3646,-1,,False,8fa60696785e6369,0,kaggle_3m/TCGA_HT_8113_19930809/TCGA_HT_8113_19930809_8_mask.tif,2
lgg_seg,lgg_seg,kaggle_3m/TCGA_HT_8113_19930809/TCGA_HT_8113_19930809_9.tif,TCGA_HT_8113_19930809_9,empty,p6,train,none,3647,-1,,False,0da63c96f816a3e9,0,kaggle_3m/TCGA_HT_8113_19930809/TCGA_HT_8113_19930809_9_mask.tif,2
lgg_seg,lgg_seg,kaggle_3m/TCGA_HT_8114_19981030/TCGA_HT_8114_19981030_1.tif,TCGA_HT_8114_19981030_1,empty,p62,train,none,3648,-1,,False,c34cf2ac13966ce9,0,kaggle_3m/TCGA_HT_8114_19981030/TCGA_HT_8114_19981030_1_mask.tif,9
lgg_seg,lgg_seg,kaggle_3m/TCGA_HT_8114_19981030/TCGA_HT_8114_19981030_10.tif,TCGA_HT_8114_19981030_10,tumor,p62,train,none,3649,-1,,False,c98e619cad363669,286,kaggle_3m/TCGA_HT_8114_19981030/TCGA_HT_8114_19981030_10_mask.tif,9
lgg_seg,lgg_seg,kaggle_3m/TCGA_HT_8114_19981030/TCGA_HT_8114_19981030_11.tif,TCGA_HT_8114_19981030_11,tumor,p62,train,none,2277,-1,duplicate_of:TCGA_FG_5962_20000626_25,False,d98c669c8d3636c9,878,kaggle_3m/TCGA_HT_8114_19981030/TCGA_HT_8114_19981030_11_mask.tif,9
lgg_seg,lgg_seg,kaggle_3m/TCGA_HT_8114_19981030/TCGA_HT_8114_19981030_12.tif,TCGA_HT_8114_19981030_12,tumor,p62,train,none,2277,-1,duplicate_of:TCGA_FG_5962_20000626_25,False,d9cc6696893636c9,2807,kaggle_3m/TCGA_HT_8114_19981030/TCGA_HT_8114_19981030_12_mask.tif,9
lgg_seg,lgg_seg,kaggle_3m/TCGA_HT_8114_19981030/TCGA_HT_8114_19981030_13.tif,TCGA_HT_8114_19981030_13,tumor,p62,train,none,3652,-1,,False,db2c6686c93636c9,3807,kaggle_3m/TCGA_HT_8114_19981030/TCGA_HT_8114_19981030_13_mask.tif,9
lgg_seg,lgg_seg,kaggle_3m/TCGA_HT_8114_19981030/TCGA_HT_8114_19981030_14.tif,TCGA_HT_8114_19981030_14,tumor,p62,train,none,3652,-1,duplicate_of:TCGA_HT_8114_19981030_13,False,d92c638ec93636c9,4273,kaggle_3m/TCGA_HT_8114_19981030/TCGA_HT_8114_19981030_14_mask.tif,9
lgg_seg,lgg_seg,kaggle_3m/TCGA_HT_8114_19981030/TCGA_HT_8114_19981030_15.tif,TCGA_HT_8114_19981030_15,tumor,p62,train,none,3652,-1,duplicate_of:TCGA_HT_8114_19981030_13,False,d96c6386c93636c9,4191,kaggle_3m/TCGA_HT_8114_19981030/TCGA_HT_8114_19981030_15_mask.tif,9
lgg_seg,lgg_seg,kaggle_3m/TCGA_HT_8114_19981030/TCGA_HT_8114_19981030_16.tif,TCGA_HT_8114_19981030_16,tumor,p62,train,none,3655,-1,,False,d9ccc326c9b63649,4022,kaggle_3m/TCGA_HT_8114_19981030/TCGA_HT_8114_19981030_16_mask.tif,9
lgg_seg,lgg_seg,kaggle_3m/TCGA_HT_8114_19981030/TCGA_HT_8114_19981030_17.tif,TCGA_HT_8114_19981030_17,tumor,p62,train,none,3655,-1,duplicate_of:TCGA_HT_8114_19981030_16,False,d9ccd32649b63649,3800,kaggle_3m/TCGA_HT_8114_19981030/TCGA_HT_8114_19981030_17_mask.tif,9
lgg_seg,lgg_seg,kaggle_3m/TCGA_HT_8114_19981030/TCGA_HT_8114_19981030_18.tif,TCGA_HT_8114_19981030_18,tumor,p62,train,none,3657,-1,,False,19cdf326493636c9,3198,kaggle_3m/TCGA_HT_8114_19981030/TCGA_HT_8114_19981030_18_mask.tif,9
lgg_seg,lgg_seg,kaggle_3m/TCGA_HT_8114_19981030/TCGA_HT_8114_19981030_19.tif,TCGA_HT_8114_19981030_19,tumor,p62,train,none,3125,-1,duplicate_of:TCGA_HT_7686_19950629_14,False,32c97326c93636d9,2075,kaggle_3m/TCGA_HT_8114_19981030/TCGA_HT_8114_19981030_19_mask.tif,9
lgg_seg,lgg_seg,kaggle_3m/TCGA_HT_8114_19981030/TCGA_HT_8114_19981030_2.tif,TCGA_HT_8114_19981030_2,empty,p62,train,none,3659,-1,,False,436ee99cc3162ce9,0,kaggle_3m/TCGA_HT_8114_19981030/TCGA_HT_8114_19981030_2_mask.tif,9
lgg_seg,lgg_seg,kaggle_3m/TCGA_HT_8114_19981030/TCGA_HT_8114_19981030_20.tif,TCGA_HT_8114_19981030_20,tumor,p62,train,none,3660,-1,,False,32c933cec9363659,797,kaggle_3m/TCGA_HT_8114_19981030/TCGA_HT_8114_19981030_20_mask.tif,9
lgg_seg,lgg_seg,kaggle_3m/TCGA_HT_8114_19981030/TCGA_HT_8114_19981030_21.tif,TCGA_HT_8114_19981030_21,empty,p62,train,none,3661,-1,,False,2cdbb2ccc926a4d9,0,kaggle_3m/TCGA_HT_8114_19981030/TCGA_HT_8114_19981030_21_mask.tif,9
lgg_seg,lgg_seg,kaggle_3m/TCGA_HT_8114_19981030/TCGA_HT_8114_19981030_22.tif,TCGA_HT_8114_19981030_22,empty,p62,train,none,3662,-1,,False,cc3336c9d9266699,0,kaggle_3m/TCGA_HT_8114_19981030/TCGA_HT_8114_19981030_22_mask.tif,9
lgg_seg,lgg_seg,kaggle_3m/TCGA_HT_8114_19981030/TCGA_HT_8114_19981030_3.tif,TCGA_HT_8114_19981030_3,empty,p62,train,none,3663,-1,,False,5b8ce9b6961626c9,0,kaggle_3m/TCGA_HT_8114_19981030/TCGA_HT_8114_19981030_3_mask.tif,9
lgg_seg,lgg_seg,kaggle_3m/TCGA_HT_8114_19981030/TCGA_HT_8114_19981030_4.tif,TCGA_HT_8114_19981030_4,empty,p62,train,none,3664,-1,,False,536c69b6165626e9,0,kaggle_3m/TCGA_HT_8114_19981030/TCGA_HT_8114_19981030_4_mask.tif,9
lgg_seg,lgg_seg,kaggle_3m/TCGA_HT_8114_19981030/TCGA_HT_8114_19981030_5.tif,TCGA_HT_8114_19981030_5,empty,p62,train,none,3665,-1,,False,5bb169a61656a6c9,0,kaggle_3m/TCGA_HT_8114_19981030/TCGA_HT_8114_19981030_5_mask.tif,9
lgg_seg,lgg_seg,kaggle_3m/TCGA_HT_8114_19981030/TCGA_HT_8114_19981030_6.tif,TCGA_HT_8114_19981030_6,empty,p62,train,none,3666,-1,,False,53bce9a6161626e9,0,kaggle_3m/TCGA_HT_8114_19981030/TCGA_HT_8114_19981030_6_mask.tif,9
lgg_seg,lgg_seg,kaggle_3m/TCGA_HT_8114_19981030/TCGA_HT_8114_19981030_7.tif,TCGA_HT_8114_19981030_7,empty,p62,train,none,3667,-1,,False,5936e1a69c16e669,0,kaggle_3m/TCGA_HT_8114_19981030/TCGA_HT_8114_19981030_7_mask.tif,9
lgg_seg,lgg_seg,kaggle_3m/TCGA_HT_8114_19981030/TCGA_HT_8114_19981030_8.tif,TCGA_HT_8114_19981030_8,empty,p62,train,none,3668,-1,,False,cba68d8c2c16f669,0,kaggle_3m/TCGA_HT_8114_19981030/TCGA_HT_8114_19981030_8_mask.tif,9
lgg_seg,lgg_seg,kaggle_3m/TCGA_HT_8114_19981030/TCGA_HT_8114_19981030_9.tif,TCGA_HT_8114_19981030_9,empty,p62,train,none,3669,-1,,False,c9a6c9a62d167669,0,kaggle_3m/TCGA_HT_8114_19981030/TCGA_HT_8114_19981030_9_mask.tif,9
lgg_seg,lgg_seg,kaggle_3m/TCGA_HT_8563_19981209/TCGA_HT_8563_19981209_1.tif,TCGA_HT_8563_19981209_1,empty,p53,train,none,3670,-1,,False,9c6cb386793ca643,0,kaggle_3m/TCGA_HT_8563_19981209/TCGA_HT_8563_19981209_1_mask.tif,4
lgg_seg,lgg_seg,kaggle_3m/TCGA_HT_8563_19981209/TCGA_HT_8563_19981209_10.tif,TCGA_HT_8563_19981209_10,tumor,p53,train,none,3671,-1,,False,d9263986e31c96e3,2373,kaggle_3m/TCGA_HT_8563_19981209/TCGA_HT_8563_19981209_10_mask.tif,4
lgg_seg,lgg_seg,kaggle_3m/TCGA_HT_8563_19981209/TCGA_HT_8563_19981209_11.tif,TCGA_HT_8563_19981209_11,tumor,p53,train,none,3672,-1,,False,59263916639c9ee3,3962,kaggle_3m/TCGA_HT_8563_19981209/TCGA_HT_8563_19981209_11_mask.tif,4
lgg_seg,lgg_seg,kaggle_3m/TCGA_HT_8563_19981209/TCGA_HT_8563_19981209_12.tif,TCGA_HT_8563_19981209_12,tumor,p53,train,none,3673,-1,,False,59a6c986639c9e63,3833,kaggle_3m/TCGA_HT_8563_19981209/TCGA_HT_8563_19981209_12_mask.tif,4
lgg_seg,lgg_seg,kaggle_3m/TCGA_HT_8563_19981209/TCGA_HT_8563_19981209_13.tif,TCGA_HT_8563_19981209_13,tumor,p53,train,none,3673,-1,duplicate_of:TCGA_HT_8563_19981209_12,False,5b26c98e239c9e63,3753,kaggle_3m/TCGA_HT_8563_19981209/TCGA_HT_8563_19981209_13_mask.tif,4
lgg_seg,lgg_seg,kaggle_3m/TCGA_HT_8563_19981209/TCGA_HT_8563_19981209_14.tif,TCGA_HT_8563_19981209_14,tumor,p53,train,none,3673,-1,duplicate_of:TCGA_HT_8563_19981209_12,False,db26cd0e239c9663,2013,kaggle_3m/TCGA_HT_8563_19981209/TCGA_HT_8563_19981209_14_mask.tif,4
lgg_seg,lgg_seg,kaggle_3m/TCGA_HT_8563_19981209/TCGA_HT_8563_19981209_15.tif,TCGA_HT_8563_19981209_15,tumor,p53,train,none,2912,-1,duplicate_of:TCGA_HT_7473_19970826_20,False,73a6c92e619c9663,1623,kaggle_3m/TCGA_HT_8563_19981209/TCGA_HT_8563_19981209_15_mask.tif,4
lgg_seg,lgg_seg,kaggle_3m/TCGA_HT_8563_19981209/TCGA_HT_8563_19981209_16.tif,TCGA_HT_8563_19981209_16,tumor,p53,train,none,3677,-1,,False,5ba6c90e699e9661,601,kaggle_3m/TCGA_HT_8563_19981209/TCGA_HT_8563_19981209_16_mask.tif,4
lgg_seg,lgg_seg,kaggle_3m/TCGA_HT_8563_19981209/TCGA_HT_8563_19981209_17.tif,TCGA_HT_8563_19981209_17,empty,p53,train,none,3678,-1,,False,d38e4b0c693696f1,0,kaggle_3m/TCGA_HT_8563_19981209/TCGA_HT_8563_19981209_17_mask.tif,4
lgg_seg,lgg_seg,kaggle_3m/TCGA_HT_8563_19981209/TCGA_HT_8563_19981209_18.tif,TCGA_HT_8563_19981209_18,empty,p53,train,none,3678,-1,duplicate_of:TCGA_HT_8563_19981209_17,False,d3865b8c69369671,0,kaggle_3m/TCGA_HT_8563_19981209/TCGA_HT_8563_19981209_18_mask.tif,4
lgg_seg,lgg_seg,kaggle_3m/TCGA_HT_8563_19981209/TCGA_HT_8563_19981209_19.tif,TCGA_HT_8563_19981209_19,empty,p53,train,none,3680,-1,,False,b3c4538c693c9673,0,kaggle_3m/TCGA_HT_8563_19981209/TCGA_HT_8563_19981209_19_mask.tif,4
lgg_seg,lgg_seg,kaggle_3m/TCGA_HT_8563_19981209/TCGA_HT_8563_19981209_2.tif,TCGA_HT_8563_19981209_2,empty,p53,train,none,3681,-1,,False,d66639261896e769,0,kaggle_3m/TCGA_HT_8563_19981209/TCGA_HT_8563_19981209_2_mask.tif,4
lgg_seg,lgg_seg,kaggle_3m/TCGA_HT_8563_19981209/TCGA_HT_8563_19981209_20.tif,TCGA_HT_8563_19981209_20,empty,p53,train,none,3682,-1,,False,b3cdd38c490c9673,0,kaggle_3m/TCGA_HT_8563_19981209/TCGA_HT_8563_19981209_20_mask.tif,4
lgg_seg,lgg_seg,kaggle_3m/TCGA_HT_8563_19981209/TCGA_HT_8563_19981209_21.tif,TCGA_HT_8563_19981209_21,empty,p53,train,none,10,-1,duplicate_of:TCGA_CS_4941_19960909_19,False,32e393ce490cb673,0,kaggle_3m/TCGA_HT_8563_19981209/TCGA_HT_8563_19981209_21_mask.tif,4
lgg_seg,lgg_seg,kaggle_3m/TCGA_HT_8563_19981209/TCGA_HT_8563_19981209_22.tif,TCGA_HT_8563_19981209_22,empty,p53,train,none,3684,-1,,False,2c7333cec98c2673,0,kaggle_3m/TCGA_HT_8563_19981209/TCGA_HT_8563_19981209_22_mask.tif,4
lgg_seg,lgg_seg,kaggle_3m/TCGA_HT_8563_19981209/TCGA_HT_8563_19981209_23.tif,TCGA_HT_8563_19981209_23,empty,p53,train,none,161,-1,duplicate_of:TCGA_CS_5397_20010315_22,False,cdcc269999666699,0,kaggle_3m/TCGA_HT_8563_19981209/TCGA_HT_8563_19981209_23_mask.tif,4
lgg_seg,lgg_seg,kaggle_3m/TCGA_HT_8563_19981209/TCGA_HT_8563_19981209_3.tif,TCGA_HT_8563_19981209_3,empty,p53,train,none,3686,-1,,False,b1262fa67c96c349,0,kaggle_3m/TCGA_HT_8563_19981209/TCGA_HT_8563_19981209_3_mask.tif,4
lgg_seg,lgg_seg,kaggle_3m/TCGA_HT_8563_19981209/TCGA_HT_8563_19981209_4.tif,TCGA_HT_8563_19981209_4,empty,p53,train,none,3687,-1,,False,98266f9678b6c349,0,kaggle_3m/TCGA_HT_8563_19981209/TCGA_HT_8563_19981209_4_mask.tif,4
lgg_seg,lgg_seg,kaggle_3m/TCGA_HT_8563_19981209/TCGA_HT_8563_19981209_5.tif,TCGA_HT_8563_19981209_5,empty,p53,train,none,3688,-1,,False,96246f963976a649,0,kaggle_3m/TCGA_HT_8563_19981209/TCGA_HT_8563_19981209_5_mask.tif,4
lgg_seg,lgg_seg,kaggle_3m/TCGA_HT_8563_19981209/TCGA_HT_8563_19981209_6.tif,TCGA_HT_8563_19981209_6,empty,p53,train,none,3689,-1,,False,984d6796397ca649,0,kaggle_3m/TCGA_HT_8563_19981209/TCGA_HT_8563_19981209_6_mask.tif,4
lgg_seg,lgg_seg,kaggle_3m/TCGA_HT_8563_19981209/TCGA_HT_8563_19981209_7.tif,TCGA_HT_8563_19981209_7,empty,p53,train,none,3690,-1,,False,d96d6786391ca649,0,kaggle_3m/TCGA_HT_8563_19981209/TCGA_HT_8563_19981209_7_mask.tif,4
lgg_seg,lgg_seg,kaggle_3m/TCGA_HT_8563_19981209/TCGA_HT_8563_19981209_8.tif,TCGA_HT_8563_19981209_8,tumor,p53,train,none,3691,-1,,False,d3cd6986b33c26c1,274,kaggle_3m/TCGA_HT_8563_19981209/TCGA_HT_8563_19981209_8_mask.tif,4
lgg_seg,lgg_seg,kaggle_3m/TCGA_HT_8563_19981209/TCGA_HT_8563_19981209_9.tif,TCGA_HT_8563_19981209_9,tumor,p53,train,none,3692,-1,,False,d9e74986a31c86e3,2617,kaggle_3m/TCGA_HT_8563_19981209/TCGA_HT_8563_19981209_9_mask.tif,4
lgg_seg,lgg_seg,kaggle_3m/TCGA_HT_A5RC_19990831/TCGA_HT_A5RC_19990831_1.tif,TCGA_HT_A5RC_19990831_1,empty,p6,train,none,3693,-1,,False,cf66312633b4ccc9,0,kaggle_3m/TCGA_HT_A5RC_19990831/TCGA_HT_A5RC_19990831_1_mask.tif,2
lgg_seg,lgg_seg,kaggle_3m/TCGA_HT_A5RC_19990831/TCGA_HT_A5RC_19990831_10.tif,TCGA_HT_A5RC_19990831_10,empty,p6,train,none,3694,-1,,False,d94d679694746649,0,kaggle_3m/TCGA_HT_A5RC_19990831/TCGA_HT_A5RC_19990831_10_mask.tif,2
lgg_seg,lgg_seg,kaggle_3m/TCGA_HT_A5RC_19990831/TCGA_HT_A5RC_19990831_11.tif,TCGA_HT_A5RC_19990831_11,empty,p6,train,none,3695,-1,,False,d94d4db6b4346649,0,kaggle_3m/TCGA_HT_A5RC_19990831/TCGA_HT_A5RC_19990831_11_mask.tif,2
lgg_seg,lgg_seg,kaggle_3m/TCGA_HT_A5RC_19990831/TCGA_HT_A5RC_19990831_12.tif,TCGA_HT_A5RC_19990831_12,empty,p6,train,none,3696,-1,,False,c98e4cb6bc366649,0,kaggle_3m/TCGA_HT_A5RC_19990831/TCGA_HT_A5RC_19990831_12_mask.tif,2
lgg_seg,lgg_seg,kaggle_3m/TCGA_HT_A5RC_19990831/TCGA_HT_A5RC_19990831_13.tif,TCGA_HT_A5RC_19990831_13,empty,p6,train,none,3697,-1,,False,c92c2c36bcb6c6c9,0,kaggle_3m/TCGA_HT_A5RC_19990831/TCGA_HT_A5RC_19990831_13_mask.tif,2
lgg_seg,lgg_seg,kaggle_3m/TCGA_HT_A5RC_19990831/TCGA_HT_A5RC_19990831_14.tif,TCGA_HT_A5RC_19990831_14,empty,p6,train,none,3698,-1,,False,632c3c3cac96d6c9,0,kaggle_3m/TCGA_HT_A5RC_19990831/TCGA_HT_A5RC_19990831_14_mask.tif,2
lgg_seg,lgg_seg,kaggle_3m/TCGA_HT_A5RC_19990831/TCGA_HT_A5RC_19990831_15.tif,TCGA_HT_A5RC_19990831_15,tumor,p6,train,none,3699,-1,,False,5b243a34ad96d6c9,545,kaggle_3m/TCGA_HT_A5RC_19990831/TCGA_HT_A5RC_19990831_15_mask.tif,2
lgg_seg,lgg_seg,kaggle_3m/TCGA_HT_A5RC_19990831/TCGA_HT_A5RC_19990831_16.tif,TCGA_HT_A5RC_19990831_16,tumor,p6,train,none,3700,-1,,False,c92c39342db6d6c9,531,kaggle_3m/TCGA_HT_A5RC_19990831/TCGA_HT_A5RC_19990831_16_mask.tif,2
lgg_seg,lgg_seg,kaggle_3m/TCGA_HT_A5RC_19990831/TCGA_HT_A5RC_19990831_17.tif,TCGA_HT_A5RC_19990831_17,tumor,p6,train,none,3700,-1,duplicate_of:TCGA_HT_A5RC_19990831_16,False,c30c393c2db6d6c9,1488,kaggle_3m/TCGA_HT_A5RC_19990831/TCGA_HT_A5RC_19990831_17_mask.tif,2
lgg_seg,lgg_seg,kaggle_3m/TCGA_HT_A5RC_19990831/TCGA_HT_A5RC_19990831_18.tif,TCGA_HT_A5RC_19990831_18,tumor,p6,train,none,3702,-1,,False,c60c5b3cad3656c9,1242,kaggle_3m/TCGA_HT_A5RC_19990831/TCGA_HT_A5RC_19990831_18_mask.tif,2
lgg_seg,lgg_seg,kaggle_3m/TCGA_HT_A5RC_19990831/TCGA_HT_A5RC_19990831_19.tif,TCGA_HT_A5RC_19990831_19,tumor,p6,train,none,3703,-1,,False,cc0e532cad3656cb,1584,kaggle_3m/TCGA_HT_A5RC_19990831/TCGA_HT_A5RC_19990831_19_mask.tif,2
lgg_seg,lgg_seg,kaggle_3m/TCGA_HT_A5RC_19990831/TCGA_HT_A5RC_19990831_2.tif,TCGA_HT_A5RC_19990831_2,empty,p6,train,none,3704,-1,,False,8b67332632b6ccc9,0,kaggle_3m/TCGA_HT_A5RC_19990831/TCGA_HT_A5RC_19990831_2_mask.tif,2
lgg_seg,lgg_seg,kaggle_3m/TCGA_HT_A5RC_19990831/TCGA_HT_A5RC_19990831_20.tif,TCGA_HT_A5RC_19990831_20,tumor,p6,train,none,3705,-1,,False,cc0cdb2c2d3696cb,2303,kaggle_3m/TCGA_HT_A5RC_19990831/TCGA_HT_A5RC_19990831_20_mask.tif,2
lgg_seg,lgg_seg,kaggle_3m/TCGA_HT_A5RC_19990831/TCGA_HT_A5RC_19990831_21.tif,TCGA_HT_A5RC_19990831_21,tumor,p6,train,none,3705,-1,duplicate_of:TCGA_HT_A5RC_19990831_20,False,cc0dd32c25b696cb,1503,kaggle_3m/TCGA_HT_A5RC_19990831/TCGA_HT_A5RC_19990831_21_mask.tif,2
lgg_seg,lgg_seg,kaggle_3m/TCGA_HT_A5RC_19990831/TCGA_HT_A5RC_19990831_22.tif,TCGA_HT_A5RC_19990831_22,tumor,p6,train,none,3707,-1,,False,d90cdb2c25b63cc3,1613,kaggle_3m/TCGA_HT_A5RC_19990831/TCGA_HT_A5RC_19990831_22_mask.tif,2
lgg_seg,lgg_seg,kaggle_3m/TCGA_HT_A5RC_19990831/TCGA_HT_A5RC_19990831_23.tif,TCGA_HT_A5RC_19990831_23,tumor,p6,train,none,3708,-1,,False,d38ccb2c25b61ec3,1486,kaggle_3m/TCGA_HT_A5RC_19990831/TCGA_HT_A5RC_19990831_23_mask.tif,2
lgg_seg,lgg_seg,kaggle_3m/TCGA_HT_A5RC_19990831/TCGA_HT_A5RC_19990831_24.tif,TCGA_HT_A5RC_19990831_24,tumor,p6,train,none,3709,-1,,False,d38c5b2c2d3696c3,1370,kaggle_3m/TCGA_HT_A5RC_19990831/TCGA_HT_A5RC_19990831_24_mask.tif,2
lgg_seg,lgg_seg,kaggle_3m/TCGA_HT_A5RC_19990831/TCGA_HT_A5RC_19990831_25.tif,TCGA_HT_A5RC_19990831_25,tumor,p6,train,none,3710,-1,,False,d3ccc92c6d3616d1,1356,kaggle_3m/TCGA_HT_A5RC_19990831/TCGA_HT_A5RC_19990831_25_mask.tif,2
lgg_seg,lgg_seg,kaggle_3m/TCGA_HT_A5RC_19990831/TCGA_HT_A5RC_19990831_26.tif,TCGA_HT_A5RC_19990831_26,tumor,p6,train,none,3108,-1,duplicate_of:TCGA_HT_7684_19950816_21,False,93ccd90c693696d9,927,kaggle_3m/TCGA_HT_A5RC_19990831/TCGA_HT_A5RC_19990831_26_mask.tif,2
lgg_seg,lgg_seg,kaggle_3m/TCGA_HT_A5RC_19990831/TCGA_HT_A5RC_19990831_27.tif,TCGA_HT_A5RC_19990831_27,tumor,p6,train,none,3108,-1,duplicate_of:TCGA_HT_7684_19950816_21,False,b3cdd90c693616d1,833,kaggle_3m/TCGA_HT_A5RC_19990831/TCGA_HT_A5RC_19990831_27_mask.tif,2
lgg_seg,lgg_seg,kaggle_3m/TCGA_HT_A5RC_19990831/TCGA_HT_A5RC_19990831_28.tif,TCGA_HT_A5RC_19990831_28,tumor,p6,train,none,3713,-1,,False,33c3db4c493636d1,202,kaggle_3m/TCGA_HT_A5RC_19990831/TCGA_HT_A5RC_19990831_28_mask.tif,2
lgg_seg,lgg_seg,kaggle_3m/TCGA_HT_A5RC_19990831/TCGA_HT_A5RC_19990831_29.tif,TCGA_HT_A5RC_19990831_29,tumor,p6,train,none,3714,-1,,False,30e3d3cc4936b6d1,205,kaggle_3m/TCGA_HT_A5RC_19990831/TCGA_HT_A5RC_19990831_29_mask.tif,2
lgg_seg,lgg_seg,kaggle_3m/TCGA_HT_A5RC_19990831/TCGA_HT_A5RC_19990831_3.tif,TCGA_HT_A5RC_19990831_3,empty,p6,train,none,3715,-1,,False,9366332638b6cec9,0,kaggle_3m/TCGA_HT_A5RC_19990831/TCGA_HT_A5RC_19990831_3_mask.tif,2
lgg_seg,lgg_seg,kaggle_3m/TCGA_HT_A5RC_19990831/TCGA_HT_A5RC_19990831_30.tif,TCGA_HT_A5RC_19990831_30,empty,p6,train,none,3268,-1,duplicate_of:TCGA_HT_7882_19970125_29,False,3473b3cc4926b659,0,kaggle_3m/TCGA_HT_A5RC_19990831/TCGA_HT_A5RC_19990831_30_mask.tif,2
lgg_seg,lgg_seg,kaggle_3m/TCGA_HT_A5RC_19990831/TCGA_HT_A5RC_19990831_31.tif,TCGA_HT_A5RC_19990831_31,empty,p6,train,none,3717,-1,,False,6633b3c9c926a659,0,kaggle_3m/TCGA_HT_A5RC_19990831/TCGA_HT_A5RC_19990831_31_mask.tif,2
lgg_seg,lgg_seg,kaggle_3m/TCGA_HT_A5RC_19990831/TCGA_HT_A5RC_19990831_32.tif,TCGA_HT_A5RC_19990831_32,empty,p6,train,none,3662,-1,duplicate_of:TCGA_HT_8114_19981030_22,False,cc3332d9d92626d9,0,kaggle_3m/TCGA_HT_A5RC_19990831/TCGA_HT_A5RC_19990831_32_mask.tif,2
lgg_seg,lgg_seg,kaggle_3m/TCGA_HT_A5RC_19990831/TCGA_HT_A5RC_19990831_4.tif,TCGA_HT_A5RC_19990831_4,empty,p6,train,none,3719,-1,,False,336633363896c7c9,0,kaggle_3m/TCGA_HT_A5RC_19990831/TCGA_HT_A5RC_19990831_4_mask.tif,2
lgg_seg,lgg_seg,kaggle_3m/TCGA_HT_A5RC_19990831/TCGA_HT_A5RC_19990831_5.tif,TCGA_HT_A5RC_19990831_5,empty,p6,train,none,3720,-1,,False,332463b6b8b647c9,0,kaggle_3m/TCGA_HT_A5RC_19990831/TCGA_HT_A5RC_19990831_5_mask.tif,2
lgg_seg,lgg_seg,kaggle_3m/TCGA_HT_A5RC_19990831/TCGA_HT_A5RC_19990831_6.tif,TCGA_HT_A5RC_19990831_6,empty,p6,train,none,3721,-1,,False,3c2cc996b8b66749,0,kaggle_3m/TCGA_HT_A5RC_19990831/TCGA_HT_A5RC_19990831_6_mask.tif,2
lgg_seg,lgg_seg,kaggle_3m/TCGA_HT_A5RC_19990831/TCGA_HT_A5RC_19990831_7.tif,TCGA_HT_A5RC_19990831_7,empty,p6,train,none,3722,-1,,False,9c2ccb96b8766649,0,kaggle_3m/TCGA_HT_A5RC_19990831/TCGA_HT_A5RC_19990831_7_mask.tif,2
lgg_seg,lgg_seg,kaggle_3m/TCGA_HT_A5RC_19990831/TCGA_HT_A5RC_19990831_8.tif,TCGA_HT_A5RC_19990831_8,empty,p6,train,none,3723,-1,,False,cc6d4196bc766649,0,kaggle_3m/TCGA_HT_A5RC_19990831/TCGA_HT_A5RC_19990831_8_mask.tif,2
lgg_seg,lgg_seg,kaggle_3m/TCGA_HT_A5RC_19990831/TCGA_HT_A5RC_19990831_9.tif,TCGA_HT_A5RC_19990831_9,empty,p6,train,none,3694,-1,duplicate_of:TCGA_HT_A5RC_19990831_10,False,d86d6796b4744649,0,kaggle_3m/TCGA_HT_A5RC_19990831/TCGA_HT_A5RC_19990831_9_mask.tif,2
lgg_seg,lgg_seg,kaggle_3m/TCGA_HT_A616_19991226/TCGA_HT_A616_19991226_1.tif,TCGA_HT_A616_19991226_1,empty,p107,train,none,3725,-1,,False,9ca6188e7b1c87e3,0,kaggle_3m/TCGA_HT_A616_19991226/TCGA_HT_A616_19991226_1_mask.tif,4
lgg_seg,lgg_seg,kaggle_3m/TCGA_HT_A616_19991226/TCGA_HT_A616_19991226_10.tif,TCGA_HT_A616_19991226_10,empty,p107,train,none,3726,-1,,False,9e969c9678746361,0,kaggle_3m/TCGA_HT_A616_19991226/TCGA_HT_A616_19991226_10_mask.tif,4
lgg_seg,lgg_seg,kaggle_3m/TCGA_HT_A616_19991226/TCGA_HT_A616_19991226_11.tif,TCGA_HT_A616_19991226_11,empty,p107,train,none,3727,-1,,False,989eda1671766361,0,kaggle_3m/TCGA_HT_A616_19991226/TCGA_HT_A616_19991226_11_mask.tif,4
lgg_seg,lgg_seg,kaggle_3m/TCGA_HT_A616_19991226/TCGA_HT_A616_19991226_12.tif,TCGA_HT_A616_19991226_12,tumor,p107,train,none,3728,-1,,False,990c5a1ea7f66361,267,kaggle_3m/TCGA_HT_A616_19991226/TCGA_HT_A616_19991226_12_mask.tif,4
lgg_seg,lgg_seg,kaggle_3m/TCGA_HT_A616_19991226/TCGA_HT_A616_19991226_13.tif,TCGA_HT_A616_19991226_13,tumor,p107,train,none,3729,-1,,False,990c591ea7b66963,734,kaggle_3m/TCGA_HT_A616_19991226/TCGA_HT_A616_19991226_13_mask.tif,4
lgg_seg,lgg_seg,kaggle_3m/TCGA_HT_A616_19991226/TCGA_HT_A616_19991226_14.tif,TCGA_HT_A616_19991226_14,tumor,p107,train,none,3730,-1,,False,960c790eb3b67961,1304,kaggle_3m/TCGA_HT_A616_19991226/TCGA_HT_A616_19991226_14_mask.tif,4
lgg_seg,lgg_seg,kaggle_3m/TCGA_HT_A616_19991226/TCGA_HT_A616_19991226_15.tif,TCGA_HT_A616_19991226_15,tumor,p107,train,none,3730,-1,duplicate_of:TCGA_HT_A616_19991226_14,False,962c590cb3b67969,1513,kaggle_3m/TCGA_HT_A616_19991226/TCGA_HT_A616_19991226_15_mask.tif,4
lgg_seg,lgg_seg,kaggle_3m/TCGA_HT_A616_19991226/TCGA_HT_A616_19991226_16.tif,TCGA_HT_A616_19991226_16,tumor,p107,train,none,3730,-1,duplicate_of:TCGA_HT_A616_19991226_14,False,b6ac490cb3b63969,1764,kaggle_3m/TCGA_HT_A616_19991226/TCGA_HT_A616_19991226_16_mask.tif,4
lgg_seg,lgg_seg,kaggle_3m/TCGA_HT_A616_19991226/TCGA_HT_A616_19991226_17.tif,TCGA_HT_A616_19991226_17,tumor,p107,train,none,3730,-1,duplicate_of:TCGA_HT_A616_19991226_14,False,b6a6490eb3b61969,1856,kaggle_3m/TCGA_HT_A616_19991226/TCGA_HT_A616_19991226_17_mask.tif,4
lgg_seg,lgg_seg,kaggle_3m/TCGA_HT_A616_19991226/TCGA_HT_A616_19991226_18.tif,TCGA_HT_A616_19991226_18,tumor,p107,train,none,3730,-1,duplicate_of:TCGA_HT_A616_19991226_14,False,b6a6c90cb3b63949,1588,kaggle_3m/TCGA_HT_A616_19991226/TCGA_HT_A616_19991226_18_mask.tif,4
lgg_seg,lgg_seg,kaggle_3m/TCGA_HT_A616_19991226/TCGA_HT_A616_19991226_19.tif,TCGA_HT_A616_19991226_19,tumor,p107,train,none,3730,-1,duplicate_of:TCGA_HT_A616_19991226_14,False,b6a6c90ca3b63969,889,kaggle_3m/TCGA_HT_A616_19991226/TCGA_HT_A616_19991226_19_mask.tif,4
lgg_seg,lgg_seg,kaggle_3m/TCGA_HT_A616_19991226/TCGA_HT_A616_19991226_2.tif,TCGA_HT_A616_19991226_2,empty,p107,train,none,3736,-1,,False,1ca6791c72dc87a3,0,kaggle_3m/TCGA_HT_A616_19991226/TCGA_HT_A616_19991226_2_mask.tif,4
lgg_seg,lgg_seg,kaggle_3m/TCGA_HT_A616_19991226/TCGA_HT_A616_19991226_20.tif,TCGA_HT_A616_19991226_20,tumor,p107,train,none,3737,-1,,False,b6e64e0683b63969,352,kaggle_3m/TCGA_HT_A616_19991226/TCGA_HT_A616_19991226_20_mask.tif,4
lgg_seg,lgg_seg,kaggle_3m/TCGA_HT_A616_19991226/TCGA_HT_A616_19991226_21.tif,TCGA_HT_A616_19991226_21,tumor,p107,train,none,3738,-1,,False,96ced28683b63969,109,kaggle_3m/TCGA_HT_A616_19991226/TCGA_HT_A616_19991226_21_mask.tif,4
lgg_seg,lgg_seg,kaggle_3m/TCGA_HT_A616_19991226/TCGA_HT_A616_19991226_22.tif,TCGA_HT_A616_19991226_22,tumor,p107,train,none,3738,-1,duplicate_of:TCGA_HT_A616_19991226_21,False,96ccf286c3363969,41,kaggle_3m/TCGA_HT_A616_19991226/TCGA_HT_A616_19991226_22_mask.tif,4
lgg_seg,lgg_seg,kaggle_3m/TCGA_HT_A616_19991226/TCGA_HT_A616_19991226_23.tif,TCGA_HT_A616_19991226_23,empty,p107,train,none,3738,-1,,False,b6ced286c3363869,0,kaggle_3m/TCGA_HT_A616_19991226/TCGA_HT_A616_19991226_23_mask.tif,4
lgg_seg,lgg_seg,kaggle_3m/TCGA_HT_A616_19991226/TCGA_HT_A616_19991226_24.tif,TCGA_HT_A616_19991226_24,empty,p107,train,none,3741,-1,,False,36ccf286c3363c59,0,kaggle_3m/TCGA_HT_A616_19991226/TCGA_HT_A616_19991226_24_mask.tif,4
lgg_seg,lgg_seg,kaggle_3m/TCGA_HT_A616_19991226/TCGA_HT_A616_19991226_25.tif,TCGA_HT_A616_19991226_25,empty,p107,train,none,3742,-1,,False,664cf2a6c3361cd9,0,kaggle_3m/TCGA_HT_A616_19991226/TCGA_HT_A616_19991226_25_mask.tif,4
lgg_seg,lgg_seg,kaggle_3m/TCGA_HT_A616_19991226/TCGA_HT_A616_19991226_26.tif,TCGA_HT_A616_19991226_26,empty,p107,train,none,3743,-1,,False,326c76a6c3361cd9,0,kaggle_3m/TCGA_HT_A616_19991226/TCGA_HT_A616_19991226_26_mask.tif,4
lgg_seg,lgg_seg,kaggle_3m/TCGA_HT_A616_19991226/TCGA_HT_A616_19991226_27.tif,TCGA_HT_A616_19991226_27,empty,p107,train,none,3744,-1,,False,386932e6e3869c79,0,kaggle_3m/TCGA_HT_A616_19991226/TCGA_HT_A616_19991226_27_mask.tif,4
lgg_seg,lgg_seg,kaggle_3m/TCGA_HT_A616_19991226/TCGA_HT_A616_19991226_28.tif,TCGA_HT_A616_19991226_28,empty,p107,train,none,3745,-1,,False,9c593266e3869c79,0,kaggle_3m/TCGA_HT_A616_19991226/TCGA_HT_A616_19991226_28_mask.tif,4
lgg_seg,lgg_seg,kaggle_3m/TCGA_HT_A616_19991226/TCGA_HT_A616_19991226_3.tif,TCGA_HT_A616_19991226_3,empty,p107,train,none,3746,-1,,False,1ca6693cd2de8783,0,kaggle_3m/TCGA_HT_A616_19991226/TCGA_HT_A616_19991226_3_mask.tif,4
lgg_seg,lgg_seg,kaggle_3m/TCGA_HT_A616_19991226/TCGA_HT_A616_19991226_4.tif,TCGA_HT_A616_19991226_4,empty,p107,train,none,3747,-1,,False,1926653cdadc87a3,0,kaggle_3m/TCGA_HT_A616_19991226/TCGA_HT_A616_19991226_4_mask.tif,4
lgg_seg,lgg_seg,kaggle_3m/TCGA_HT_A616_19991226/TCGA_HT_A616_19991226_5.tif,TCGA_HT_A616_19991226_5,empty,p107,train,none,3748,-1,,False,1be66c3cd2dc8583,0,kaggle_3m/TCGA_HT_A616_19991226/TCGA_HT_A616_19991226_5_mask.tif,4
lgg_seg,lgg_seg,kaggle_3m/TCGA_HT_A616_19991226/TCGA_HT_A616_19991226_6.tif,TCGA_HT_A616_19991226_6,empty,p107,train,none,3749,-1,,False,13c76c3c92de87a1,0,kaggle_3m/TCGA_HT_A616_19991226/TCGA_HT_A616_19991226_6_mask.tif,4
lgg_seg,lgg_seg,kaggle_3m/TCGA_HT_A616_19991226/TCGA_HT_A616_19991226_7.tif,TCGA_HT_A616_19991226_7,empty,p107,train,none,3749,-1,duplicate_of:TCGA_HT_A616_19991226_6,False,13c76c3c92de8783,0,kaggle_3m/TCGA_HT_A616_19991226/TCGA_HT_A616_19991226_7_mask.tif,4
lgg_seg,lgg_seg,kaggle_3m/TCGA_HT_A616_19991226/TCGA_HT_A616_19991226_8.tif,TCGA_HT_A616_19991226_8,empty,p107,train,none,3751,-1,,False,5ec6c4bcb8d60761,0,kaggle_3m/TCGA_HT_A616_19991226/TCGA_HT_A616_19991226_8_mask.tif,4
lgg_seg,lgg_seg,kaggle_3m/TCGA_HT_A616_19991226/TCGA_HT_A616_19991226_9.tif,TCGA_HT_A616_19991226_9,empty,p107,train,none,3752,-1,,False,4ca6c69cb8de4369,0,kaggle_3m/TCGA_HT_A616_19991226/TCGA_HT_A616_19991226_9_mask.tif,4
lgg_seg,lgg_seg,kaggle_3m/TCGA_HT_A61A_20000127/TCGA_HT_A61A_20000127_1.tif,TCGA_HT_A61A_20000127_1,empty,p108,val,none,3753,-1,,False,796771a4cd1e84e1,0,kaggle_3m/TCGA_HT_A61A_20000127/TCGA_HT_A61A_20000127_1_mask.tif,1
lgg_seg,lgg_seg,kaggle_3m/TCGA_HT_A61A_20000127/TCGA_HT_A61A_20000127_10.tif,TCGA_HT_A61A_20000127_10,empty,p108,val,none,3753,-1,duplicate_of:TCGA_HT_A61A_20000127_1,False,79ace3a40c1e36e9,0,kaggle_3m/TCGA_HT_A61A_20000127/TCGA_HT_A61A_20000127_10_mask.tif,1
lgg_seg,lgg_seg,kaggle_3m/TCGA_HT_A61A_20000127/TCGA_HT_A61A_20000127_11.tif,TCGA_HT_A61A_20000127_11,empty,p108,val,none,3753,-1,duplicate_of:TCGA_HT_A61A_20000127_1,False,79a4e3ac0c5e26e9,0,kaggle_3m/TCGA_HT_A61A_20000127/TCGA_HT_A61A_20000127_11_mask.tif,1
lgg_seg,lgg_seg,kaggle_3m/TCGA_HT_A61A_20000127/TCGA_HT_A61A_20000127_12.tif,TCGA_HT_A61A_20000127_12,empty,p108,val,none,3753,-1,duplicate_of:TCGA_HT_A61A_20000127_1,False,59a6e3a48c5e26e9,0,kaggle_3m/TCGA_HT_A61A_20000127/TCGA_HT_A61A_20000127_12_mask.tif,1
lgg_seg,lgg_seg,kaggle_3m/TCGA_HT_A61A_20000127/TCGA_HT_A61A_20000127_13.tif,TCGA_HT_A61A_20000127_13,empty,p108,val,none,3753,-1,duplicate_of:TCGA_HT_A61A_20000127_1,False,59a6e38c8c5e26e9,0,kaggle_3m/TCGA_HT_A61A_20000127/TCGA_HT_A61A_20000127_13_mask.tif,1
lgg_seg,lgg_seg,kaggle_3m/TCGA_HT_A61A_20000127/TCGA_HT_A61A_20000127_14.tif,TCGA_HT_A61A_20000127_14,empty,p108,val,none,3753,-1,duplicate_of:TCGA_HT_A61A_20000127_1,False,59b6638c8c5e26e9,0,kaggle_3m/TCGA_HT_A61A_20000127/TCGA_HT_A61A_20000127_14_mask.tif,1
lgg_seg,lgg_seg,kaggle_3m/TCGA_HT_A61A_20000127/TCGA_HT_A61A_20000127_15.tif,TCGA_HT_A61A_20000127_15,empty,p108,val,none,3759,-1,,False,59b6e1868c5ea6a9,0,kaggle_3m/TCGA_HT_A61A_20000127/TCGA_HT_A61A_20000127_15_mask.tif,1
lgg_seg,lgg_seg,kaggle_3m/TCGA_HT_A61A_20000127/TCGA_HT_A61A_20000127_16.tif,TCGA_HT_A61A_20000127_16,empty,p108,val,none,3760,-1,,False,79b3e1968c5e26a1,0,kaggle_3m/TCGA_HT_A61A_20000127/TCGA_HT_A61A_20000127_16_mask.tif,1
lgg_seg,lgg_seg,kaggle_3m/TCGA_HT_A61A_20000127/TCGA_HT_A61A_20000127_17.tif,TCGA_HT_A61A_20000127_17,empty,p108,val,none,3760,-1,duplicate_of:TCGA_HT_A61A_20000127_16,False,7993e1968e5e26a1,0,kaggle_3m/TCGA_HT_A61A_20000127/TCGA_HT_A61A_20000127_17_mask.tif,1
lgg_seg,lgg_seg,kaggle_3m/TCGA_HT_A61A_20000127/TCGA_HT_A61A_20000127_18.tif,TCGA_HT_A61A_20000127_18,empty,p108,val,none,73,-1,duplicate_of:TCGA_CS_4944_20010208_19,False,791be1868e5e0ee1,0,kaggle_3m/TCGA_HT_A61A_20000127/TCGA_HT_A61A_20000127_18_mask.tif,1
lgg_seg,lgg_seg,kaggle_3m/TCGA_HT_A61A_20000127/TCGA_HT_A61A_20000127_19.tif,TCGA_HT_A61A_20000127_19,empty,p108,val,none,73,-1,duplicate_of:TCGA_CS_4944_20010208_19,False,799b6186865e2ee1,0,kaggle_3m/TCGA_HT_A61A_20000127/TCGA_HT_A61A_20000127_19_mask.tif,1
lgg_seg,lgg_seg,kaggle_3m/TCGA_HT_A61A_20000127/TCGA_HT_A61A_20000127_2.tif,TCGA_HT_A61A_20000127_2,empty,p108,val,none,3753,-1,duplicate_of:TCGA_HT_A61A_20000127_1,False,7961f1a4cf1e84e1,0,kaggle_3m/TCGA_HT_A61A_20000127/TCGA_HT_A61A_20000127_2_mask.tif,1
lgg_seg,lgg_seg,kaggle_3m/TCGA_HT_A61A_20000127/TCGA_HT_A61A_20000127_20.tif,TCGA_HT_A61A_20000127_20,empty,p108,val,none,73,-1,duplicate_of:TCGA_CS_4944_20010208_19,False,799b61a6865e0ee1,0,kaggle_3m/TCGA_HT_A61A_20000127/TCGA_HT_A61A_20000127_20_mask.tif,1
lgg_seg,lgg_seg,kaggle_3m/TCGA_HT_A61A_20000127/TCGA_HT_A61A_20000127_21.tif,TCGA_HT_A61A_20000127_21,empty,p108,val,none,73,-1,duplicate_of:TCGA_CS_4944_20010208_19,False,599b69a6865e0ee1,0,kaggle_3m/TCGA_HT_A61A_20000127/TCGA_HT_A61A_20000127_21_mask.tif,1
lgg_seg,lgg_seg,kaggle_3m/TCGA_HT_A61A_20000127/TCGA_HT_A61A_20000127_22.tif,TCGA_HT_A61A_20000127_22,tumor,p108,val,none,73,-1,duplicate_of:TCGA_DU_5871_19941206_19,False,599b6926a65e0ee1,26,kaggle_3m/TCGA_HT_A61A_20000127/TCGA_HT_A61A_20000127_22_mask.tif,1
lgg_seg,lgg_seg,kaggle_3m/TCGA_HT_A61A_20000127/TCGA_HT_A61A_20000127_23.tif,TCGA_HT_A61A_20000127_23,tumor,p108,val,none,73,-1,duplicate_of:TCGA_DU_5871_19941206_19,False,599b6966a61e0ee1,96,kaggle_3m/TCGA_HT_A61A_20000127/TCGA_HT_A61A_20000127_23_mask.tif,1
lgg_seg,lgg_seg,kaggle_3m/TCGA_HT_A61A_20000127/TCGA_HT_A61A_20000127_24.tif,TCGA_HT_A61A_20000127_24,tumor,p108,val,none,73,-1,duplicate_of:TCGA_DU_5871_19941206_19,False,599b6926a71e06e9,284,kaggle_3m/TCGA_HT_A61A_20000127/TCGA_HT_A61A_20000127_24_mask.tif,1
lgg_seg,lgg_seg,kaggle_3m/TCGA_HT_A61A_20000127/TCGA_HT_A61A_20000127_25.tif,TCGA_HT_A61A_20000127_25,tumor,p108,val,none,73,-1,duplicate_of:TCGA_DU_5871_19941206_19,False,5993e126a71e16e9,431,kaggle_3m/TCGA_HT_A61A_20000127/TCGA_HT_A61A_20000127_25_mask.tif,1
lgg_seg,lgg_seg,kaggle_3m/TCGA_HT_A61A_20000127/TCGA_HT_A61A_20000127_26.tif,TCGA_HT_A61A_20000127_26,tumor,p108,val,none,73,-1,duplicate_of:TCGA_DU_5871_19941206_19,False,5993e124ad1e96e9,547,kaggle_3m/TCGA_HT_A61A_20000127/TCGA_HT_A61A_20000127_26_mask.tif,1
lgg_seg,lgg_seg,kaggle_3m/TCGA_HT_A61A_20000127/TCGA_HT_A61A_20000127_27.tif,TCGA_HT_A61A_20000127_27,tumor,p108,val,none,73,-1,duplicate_of:TCGA_DU_5871_19941206_19,False,5993e124ad1e96e9,668,kaggle_3m/TCGA_HT_A61A_20000127/TCGA_HT_A61A_20000127_27_mask.tif,1
lgg_seg,lgg_seg,kaggle_3m/TCGA_HT_A61A_20000127/TCGA_HT_A61A_20000127_28.tif,TCGA_HT_A61A_20000127_28,tumor,p108,val,none,73,-1,duplicate_of:TCGA_DU_5871_19941206_19,False,5993e10cad1e96e9,578,kaggle_3m/TCGA_HT_A61A_20000127/TCGA_HT_A61A_20000127_28_mask.tif,1
lgg_seg,lgg_seg,kaggle_3m/TCGA_HT_A61A_20000127/TCGA_HT_A61A_20000127_29.tif,TCGA_HT_A61A_20000127_29,tumor,p108,val,none,73,-1,duplicate_of:TCGA_DU_5871_19941206_19,False,7993e1842d1e96e9,518,kaggle_3m/TCGA_HT_A61A_20000127/TCGA_HT_A61A_20000127_29_mask.tif,1
lgg_seg,lgg_seg,kaggle_3m/TCGA_HT_A61A_20000127/TCGA_HT_A61A_20000127_3.tif,TCGA_HT_A61A_20000127_3,empty,p108,val,none,3753,-1,duplicate_of:TCGA_HT_A61A_20000127_1,False,7965f1a4cf1e04e1,0,kaggle_3m/TCGA_HT_A61A_20000127/TCGA_HT_A61A_20000127_3_mask.tif,1
lgg_seg,lgg_seg,kaggle_3m/TCGA_HT_A61A_20000127/TCGA_HT_A61A_20000127_30.tif,TCGA_HT_A61A_20000127_30,tumor,p108,val,none,73,-1,duplicate_of:TCGA_DU_5871_19941206_19,False,7993e1842d1e96e9,992,kaggle_3m/TCGA_HT_A61A_20000127/TCGA_HT_A61A_20000127_30_mask.tif,1
lgg_seg,lgg_seg,kaggle_3m/TCGA_HT_A61A_20000127/TCGA_HT_A61A_20000127_31.tif,TCGA_HT_A61A_20000127_31,tumor,p108,val,none,73,-1,duplicate_of:TCGA_DU_5871_19941206_19,False,71d3e984251e96e9,1535,kaggle_3m/TCGA_HT_A61A_20000127/TCGA_HT_A61A_20000127_31_mask.tif,1
lgg_seg,lgg_seg,kaggle_3m/TCGA_HT_A61A_20000127/TCGA_HT_A61A_20000127_32.tif,TCGA_HT_A61A_20000127_32,tumor,p108,val,none,73,-1,duplicate_of:TCGA_DU_5871_19941206_19,False,7953e184a51e96e9,1730,kaggle_3m/TCGA_HT_A61A_20000127/TCGA_HT_A61A_20000127_32_mask.tif,1
lgg_seg,lgg_seg,kaggle_3m/TCGA_HT_A61A_20000127/TCGA_HT_A61A_20000127_33.tif,TCGA_HT_A61A_20000127_33,tumor,p108,val,none,73,-1,duplicate_of:TCGA_DU_5871_19941206_19,False,7953e186851e96e9,2017,kaggle_3m/TCGA_HT_A61A_20000127/TCGA_HT_A61A_20000127_33_mask.tif,1
lgg_seg,lgg_seg,kaggle_3m/TCGA_HT_A61A_20000127/TCGA_HT_A61A_20000127_34.tif,TCGA_HT_A61A_20000127_34,tumor,p108,val,none,73,-1,duplicate_of:TCGA_DU_5871_19941206_19,False,7943e196a51e16e9,2326,kaggle_3m/TCGA_HT_A61A_20000127/TCGA_HT_A61A_20000127_34_mask.tif,1
lgg_seg,lgg_seg,kaggle_3m/TCGA_HT_A61A_20000127/TCGA_HT_A61A_20000127_35.tif,TCGA_HT_A61A_20000127_35,tumor,p108,val,none,73,-1,duplicate_of:TCGA_DU_5871_19941206_19,False,59c2e196a51e96e9,2572,kaggle_3m/TCGA_HT_A61A_20000127/TCGA_HT_A61A_20000127_35_mask.tif,1
lgg_seg,lgg_seg,kaggle_3m/TCGA_HT_A61A_20000127/TCGA_HT_A61A_20000127_36.tif,TCGA_HT_A61A_20000127_36,tumor,p108,val,none,73,-1,duplicate_of:TCGA_DU_5871_19941206_19,False,59c36196a51e96e9,2369,kaggle_3m/TCGA_HT_A61A_20000127/TCGA_HT_A61A_20000127_36_mask.tif,1
lgg_seg,lgg_seg,kaggle_3m/TCGA_HT_A61A_20000127/TCGA_HT_A61A_20000127_37.tif,TCGA_HT_A61A_20000127_37,tumor,p108,val,none,73,-1,duplicate_of:TCGA_DU_5871_19941206_19,False,79d26186a51e96e9,2426,kaggle_3m/TCGA_HT_A61A_20000127/TCGA_HT_A61A_20000127_37_mask.tif,1
lgg_seg,lgg_seg,kaggle_3m/TCGA_HT_A61A_20000127/TCGA_HT_A61A_20000127_38.tif,TCGA_HT_A61A_20000127_38,tumor,p108,val,none,73,-1,duplicate_of:TCGA_DU_5871_19941206_19,False,59d26186a71e96e9,2357,kaggle_3m/TCGA_HT_A61A_20000127/TCGA_HT_A61A_20000127_38_mask.tif,1
lgg_seg,lgg_seg,kaggle_3m/TCGA_HT_A61A_20000127/TCGA_HT_A61A_20000127_39.tif,TCGA_HT_A61A_20000127_39,tumor,p108,val,none,73,-1,duplicate_of:TCGA_DU_5871_19941206_19,False,59d26186a71e96e9,2153,kaggle_3m/TCGA_HT_A61A_20000127/TCGA_HT_A61A_20000127_39_mask.tif,1
lgg_seg,lgg_seg,kaggle_3m/TCGA_HT_A61A_20000127/TCGA_HT_A61A_20000127_4.tif,TCGA_HT_A61A_20000127_4,empty,p108,val,none,3753,-1,duplicate_of:TCGA_HT_A61A_20000127_1,False,7965f1a4c71e24e1,0,kaggle_3m/TCGA_HT_A61A_20000127/TCGA_HT_A61A_20000127_4_mask.tif,1
lgg_seg,lgg_seg,kaggle_3m/TCGA_HT_A61A_20000127/TCGA_HT_A61A_20000127_40.tif,TCGA_HT_A61A_20000127_40,tumor,p108,val,none,73,-1,duplicate_of:TCGA_DU_5871_19941206_19,False,59da6106a71e96e9,2211,kaggle_3m/TCGA_HT_A61A_20000127/TCGA_HT_A61A_20000127_40_mask.tif,1
lgg_seg,lgg_seg,kaggle_3m/TCGA_HT_A61A_20000127/TCGA_HT_A61A_20000127_41.tif,TCGA_HT_A61A_20000127_41,tumor,p108,val,none,73,-1,duplicate_of:TCGA_DU_5871_19941206_19,False,59da6106a71e96e9,2554,kaggle_3m/TCGA_HT_A61A_20000127/TCGA_HT_A61A_20000127_41_mask.tif,1
lgg_seg,lgg_seg,kaggle_3m/TCGA_HT_A61A_20000127/TCGA_HT_A61A_20000127_42.tif,TCGA_HT_A61A_20000127_42,tumor,p108,val,none,73,-1,duplicate_of:TCGA_DU_5871_19941206_19,False,59da6106a71e96e9,2418,kaggle_3m/TCGA_HT_A61A_20000127/TCGA_HT_A61A_20000127_42_mask.tif,1
lgg_seg,lgg_seg,kaggle_3m/TCGA_HT_A61A_20000127/TCGA_HT_A61A_20000127_43.tif,TCGA_HT_A61A_20000127_43,tumor,p108,val,none,73,-1,duplicate_of:TCGA_DU_5871_19941206_19,False,599a6186a71e96e9,2394,kaggle_3m/TCGA_HT_A61A_20000127/TCGA_HT_A61A_20000127_43_mask.tif,1
lgg_seg,lgg_seg,kaggle_3m/TCGA_HT_A61A_20000127/TCGA_HT_A61A_20000127_44.tif,TCGA_HT_A61A_20000127_44,tumor,p108,val,none,73,-1,duplicate_of:TCGA_DU_5871_19941206_19,False,599a61a6a71c96e9,2453,kaggle_3m/TCGA_HT_A61A_20000127/TCGA_HT_A61A_20000127_44_mask.tif,1
lgg_seg,lgg_seg,kaggle_3m/TCGA_HT_A61A_20000127/TCGA_HT_A61A_20000127_45.tif,TCGA_HT_A61A_20000127_45,tumor,p108,val,none,73,-1,duplicate_of:TCGA_DU_5871_19941206_19,False,599a61a6a71c96e9,2472,kaggle_3m/TCGA_HT_A61A_20000127/TCGA_HT_A61A_20000127_45_mask.tif,1
lgg_seg,lgg_seg,kaggle_3m/TCGA_HT_A61A_20000127/TCGA_HT_A61A_20000127_46.tif,TCGA_HT_A61A_20000127_46,tumor,p108,val,none,73,-1,duplicate_of:TCGA_DU_5871_19941206_19,False,599a6166a71c96e9,2185,kaggle_3m/TCGA_HT_A61A_20000127/TCGA_HT_A61A_20000127_46_mask.tif,1
lgg_seg,lgg_seg,kaggle_3m/TCGA_HT_A61A_20000127/TCGA_HT_A61A_20000127_47.tif,TCGA_HT_A61A_20000127_47,tumor,p108,val,none,73,-1,duplicate_of:TCGA_DU_5871_19941206_19,False,599a6146e71c96e9,1931,kaggle_3m/TCGA_HT_A61A_20000127/TCGA_HT_A61A_20000127_47_mask.tif,1
lgg_seg,lgg_seg,kaggle_3m/TCGA_HT_A61A_20000127/TCGA_HT_A61A_20000127_48.tif,TCGA_HT_A61A_20000127_48,tumor,p108,val,none,73,-1,duplicate_of:TCGA_DU_5871_19941206_19,False,599261c6e71c96e9,2023,kaggle_3m/TCGA_HT_A61A_20000127/TCGA_HT_A61A_20000127_48_mask.tif,1
lgg_seg,lgg_seg,kaggle_3m/TCGA_HT_A61A_20000127/TCGA_HT_A61A_20000127_49.tif,TCGA_HT_A61A_20000127_49,tumor,p108,val,none,73,-1,duplicate_of:TCGA_DU_5871_19941206_19,False,599a6146e71c96e9,1896,kaggle_3m/TCGA_HT_A61A_20000127/TCGA_HT_A61A_20000127_49_mask.tif,1
lgg_seg,lgg_seg,kaggle_3m/TCGA_HT_A61A_20000127/TCGA_HT_A61A_20000127_5.tif,TCGA_HT_A61A_20000127_5,empty,p108,val,none,3753,-1,duplicate_of:TCGA_HT_A61A_20000127_1,False,796dc1a4cf1e24e1,0,kaggle_3m/TCGA_HT_A61A_20000127/TCGA_HT_A61A_20000127_5_mask.tif,1
lgg_seg,lgg_seg,kaggle_3m/TCGA_HT_A61A_20000127/TCGA_HT_A61A_20000127_50.tif,TCGA_HT_A61A_20000127_50,tumor,p108,val,none,73,-1,duplicate_of:TCGA_DU_5871_19941206_19,False,599a6146e71c96e9,1806,kaggle_3m/TCGA_HT_A61A_20000127/TCGA_HT_A61A_20000127_50_mask.tif,1
lgg_seg,lgg_seg,kaggle_3m/TCGA_HT_A61A_20000127/TCGA_HT_A61A_20000127_51.tif,TCGA_HT_A61A_20000127_51,tumor,p108,val,none,73,-1,duplicate_of:TCGA_DU_5871_19941206_19,False,59926946e71c96e9,1478,kaggle_3m/TCGA_HT_A61A_20000127/TCGA_HT_A61A_20000127_51_mask.tif,1
lgg_seg,lgg_seg,kaggle_3m/TCGA_HT_A61A_20000127/TCGA_HT_A61A_20000127_52.tif,TCGA_HT_A61A_20000127_52,tumor,p108,val,none,73,-1,duplicate_of:TCGA_DU_5871_19941206_19,False,59926966e51c96e9,1359,kaggle_3m/TCGA_HT_A61A_20000127/TCGA_HT_A61A_20000127_52_mask.tif,1
lgg_seg,lgg_seg,kaggle_3m/TCGA_HT_A61A_20000127/TCGA_HT_A61A_20000127_53.tif,TCGA_HT_A61A_20000127_53,tumor,p108,val,none,73,-1,duplicate_of:TCGA_DU_5871_19941206_19,False,59966166e51c96e9,1316,kaggle_3m/TCGA_HT_A61A_20000127/TCGA_HT_A61A_20000127_53_mask.tif,1
lgg_seg,lgg_seg,kaggle_3m/TCGA_HT_A61A_20000127/TCGA_HT_A61A_20000127_54.tif,TCGA_HT_A61A_20000127_54,tumor,p108,val,none,73,-1,duplicate_of:TCGA_DU_5871_19941206_19,False,19967146e71c96e9,1175,kaggle_3m/TCGA_HT_A61A_20000127/TCGA_HT_A61A_20000127_54_mask.tif,1
lgg_seg,lgg_seg,kaggle_3m/TCGA_HT_A61A_20000127/TCGA_HT_A61A_20000127_55.tif,TCGA_HT_A61A_20000127_55,tumor,p108,val,none,73,-1,duplicate_of:TCGA_DU_5871_19941206_19,False,19967946e51c96e9,949,kaggle_3m/TCGA_HT_A61A_20000127/TCGA_HT_A61A_20000127_55_mask.tif,1
lgg_seg,lgg_seg,kaggle_3m/TCGA_HT_A61A_20000127/TCGA_HT_A61A_20000127_56.tif,TCGA_HT_A61A_20000127_56,tumor,p108,val,none,73,-1,duplicate_of:TCGA_DU_5871_19941206_19,False,19967946e51c96e9,466,kaggle_3m/TCGA_HT_A61A_20000127/TCGA_HT_A61A_20000127_56_mask.tif,1
lgg_seg,lgg_seg,kaggle_3m/TCGA_HT_A61A_20000127/TCGA_HT_A61A_20000127_57.tif,TCGA_HT_A61A_20000127_57,tumor,p108,val,none,73,-1,duplicate_of:TCGA_DU_5871_19941206_19,False,199e7146e51c96e9,171,kaggle_3m/TCGA_HT_A61A_20000127/TCGA_HT_A61A_20000127_57_mask.tif,1
lgg_seg,lgg_seg,kaggle_3m/TCGA_HT_A61A_20000127/TCGA_HT_A61A_20000127_58.tif,TCGA_HT_A61A_20000127_58,tumor,p108,val,none,73,-1,duplicate_of:TCGA_DU_5871_19941206_19,False,199c7146e51c96f9,68,kaggle_3m/TCGA_HT_A61A_20000127/TCGA_HT_A61A_20000127_58_mask.tif,1
lgg_seg,lgg_seg,kaggle_3m/TCGA_HT_A61A_20000127/TCGA_HT_A61A_20000127_59.tif,TCGA_HT_A61A_20000127_59,empty,p108,val,none,73,-1,duplicate_of:TCGA_CS_4944_20010208_19,False,199c7956611c96f9,0,kaggle_3m/TCGA_HT_A61A_20000127/TCGA_HT_A61A_20000127_59_mask.tif,1
lgg_seg,lgg_seg,kaggle_3m/TCGA_HT_A61A_20000127/TCGA_HT_A61A_20000127_6.tif,TCGA_HT_A61A_20000127_6,empty,p108,val,none,3753,-1,duplicate_of:TCGA_HT_A61A_20000127_1,False,796dc3a4cd1e24e1,0,kaggle_3m/TCGA_HT_A61A_20000127/TCGA_HT_A61A_20000127_6_mask.tif,1
lgg_seg,lgg_seg,kaggle_3m/TCGA_HT_A61A_20000127/TCGA_HT_A61A_20000127_60.tif,TCGA_HT_A61A_20000127_60,empty,p108,val,none,73,-1,duplicate_of:TCGA_CS_4944_20010208_19,False,199c7156611e96f9,0,kaggle_3m/TCGA_HT_A61A_20000127/TCGA_HT_A61A_20000127_60_mask.tif,1
lgg_seg,lgg_seg,kaggle_3m/TCGA_HT_A61A_20000127/TCGA_HT_A61A_20000127_61.tif,TCGA_HT_A61A_20000127_61,empty,p108,val,none,73,-1,duplicate_of:TCGA_CS_4944_20010208_19,False,19967156611e96f9,0,kaggle_3m/TCGA_HT_A61A_20000127/TCGA_HT_A61A_20000127_61_mask.tif,1
lgg_seg,lgg_seg,kaggle_3m/TCGA_HT_A61A_20000127/TCGA_HT_A61A_20000127_62.tif,TCGA_HT_A61A_20000127_62,empty,p108,val,none,73,-1,duplicate_of:TCGA_CS_4944_20010208_19,False,19967956611c96f9,0,kaggle_3m/TCGA_HT_A61A_20000127/TCGA_HT_A61A_20000127_62_mask.tif,1
lgg_seg,lgg_seg,kaggle_3m/TCGA_HT_A61A_20000127/TCGA_HT_A61A_20000127_63.tif,TCGA_HT_A61A_20000127_63,empty,p108,val,none,73,-1,duplicate_of:TCGA_CS_4944_20010208_19,False,19967956611c96f9,0,kaggle_3m/TCGA_HT_A61A_20000127/TCGA_HT_A61A_20000127_63_mask.tif,1
lgg_seg,lgg_seg,kaggle_3m/TCGA_HT_A61A_20000127/TCGA_HT_A61A_20000127_64.tif,TCGA_HT_A61A_20000127_64,empty,p108,val,none,73,-1,duplicate_of:TCGA_CS_4944_20010208_19,False,199679d6610c96f9,0,kaggle_3m/TCGA_HT_A61A_20000127/TCGA_HT_A61A_20000127_64_mask.tif,1
lgg_seg,lgg_seg,kaggle_3m/TCGA_HT_A61A_20000127/TCGA_HT_A61A_20000127_65.tif,TCGA_HT_A61A_20000127_65,empty,p108,val,none,73,-1,duplicate_of:TCGA_CS_4944_20010208_19,False,198679d6610e96f9,0,kaggle_3m/TCGA_HT_A61A_20000127/TCGA_HT_A61A_20000127_65_mask.tif,1
lgg_seg,lgg_seg,kaggle_3m/TCGA_HT_A61A_20000127/TCGA_HT_A61A_20000127_66.tif,TCGA_HT_A61A_20000127_66,empty,p108,val,none,73,-1,duplicate_of:TCGA_CS_4944_20010208_19,False,198e7996610e96f9,0,kaggle_3m/TCGA_HT_A61A_20000127/TCGA_HT_A61A_20000127_66_mask.tif,1
lgg_seg,lgg_seg,kaggle_3m/TCGA_HT_A61A_20000127/TCGA_HT_A61A_20000127_67.tif,TCGA_HT_A61A_20000127_67,empty,p108,val,none,73,-1,duplicate_of:TCGA_CS_4944_20010208_19,False,99867996610e96f9,0,kaggle_3m/TCGA_HT_A61A_20000127/TCGA_HT_A61A_20000127_67_mask.tif,1
lgg_seg,lgg_seg,kaggle_3m/TCGA_HT_A61A_20000127/TCGA_HT_A61A_20000127_68.tif,TCGA_HT_A61A_20000127_68,empty,p108,val,none,73,-1,duplicate_of:TCGA_CS_4944_20010208_19,False,9b8e7996610e8679,0,kaggle_3m/TCGA_HT_A61A_20000127/TCGA_HT_A61A_20000127_68_mask.tif,1
lgg_seg,lgg_seg,kaggle_3m/TCGA_HT_A61A_20000127/TCGA_HT_A61A_20000127_69.tif,TCGA_HT_A61A_20000127_69,empty,p108,val,none,3818,-1,,False,9aae1996698e8679,0,kaggle_3m/TCGA_HT_A61A_20000127/TCGA_HT_A61A_20000127_69_mask.tif,1
lgg_seg,lgg_seg,kaggle_3m/TCGA_HT_A61A_20000127/TCGA_HT_A61A_20000127_7.tif,TCGA_HT_A61A_20000127_7,empty,p108,val,none,3753,-1,duplicate_of:TCGA_HT_A61A_20000127_1,False,796de3a48c1e24e9,0,kaggle_3m/TCGA_HT_A61A_20000127/TCGA_HT_A61A_20000127_7_mask.tif,1
lgg_seg,lgg_seg,kaggle_3m/TCGA_HT_A61A_20000127/TCGA_HT_A61A_20000127_70.tif,TCGA_HT_A61A_20000127_70,empty,p108,val,none,3818,-1,duplicate_of:TCGA_HT_A61A_20000127_69,False,9ea61996698e8679,0,kaggle_3m/TCGA_HT_A61A_20000127/TCGA_HT_A61A_20000127_70_mask.tif,1
lgg_seg,lgg_seg,kaggle_3m/TCGA_HT_A61A_20000127/TCGA_HT_A61A_20000127_71.tif,TCGA_HT_A61A_20000127_71,empty,p108,val,none,3818,-1,duplicate_of:TCGA_HT_A61A_20000127_69,False,9cec999669868679,0,kaggle_3m/TCGA_HT_A61A_20000127/TCGA_HT_A61A_20000127_71_mask.tif,1
lgg_seg,lgg_seg,kaggle_3m/TCGA_HT_A61A_20000127/TCGA_HT_A61A_20000127_72.tif,TCGA_HT_A61A_20000127_72,empty,p108,val,none,3818,-1,duplicate_of:TCGA_HT_A61A_20000127_69,False,9e66999669868679,0,kaggle_3m/TCGA_HT_A61A_20000127/TCGA_HT_A61A_20000127_72_mask.tif,1
lgg_seg,lgg_seg,kaggle_3m/TCGA_HT_A61A_20000127/TCGA_HT_A61A_20000127_73.tif,TCGA_HT_A61A_20000127_73,empty,p108,val,none,3818,-1,duplicate_of:TCGA_HT_A61A_20000127_69,False,8e6699b66984867b,0,kaggle_3m/TCGA_HT_A61A_20000127/TCGA_HT_A61A_20000127_73_mask.tif,1
lgg_seg,lgg_seg,kaggle_3m/TCGA_HT_A61A_20000127/TCGA_HT_A61A_20000127_74.tif,TCGA_HT_A61A_20000127_74,empty,p108,val,none,3824,-1,,False,e66499f66984865b,0,kaggle_3m/TCGA_HT_A61A_20000127/TCGA_HT_A61A_20000127_74_mask.tif,1
lgg_seg,lgg_seg,kaggle_3m/TCGA_HT_A61A_20000127/TCGA_HT_A61A_20000127_75.tif,TCGA_HT_A61A_20000127_75,empty,p108,val,none,3824,-1,duplicate_of:TCGA_HT_A61A_20000127_74,False,e66499667984a65b,0,kaggle_3m/TCGA_HT_A61A_20000127/TCGA_HT_A61A_20000127_75_mask.tif,1
lgg_seg,lgg_seg,kaggle_3m/TCGA_HT_A61A_20000127/TCGA_HT_A61A_20000127_76.tif,TCGA_HT_A61A_20000127_76,empty,p108,val,none,3826,-1,,False,666698767bc4a41b,0,kaggle_3m/TCGA_HT_A61A_20000127/TCGA_HT_A61A_20000127_76_mask.tif,1
lgg_seg,lgg_seg,kaggle_3m/TCGA_HT_A61A_20000127/TCGA_HT_A61A_20000127_77.tif,TCGA_HT_A61A_20000127_77,empty,p108,val,none,3827,-1,,False,666e9c7059e4e41b,0,kaggle_3m/TCGA_HT_A61A_20000127/TCGA_HT_A61A_20000127_77_mask.tif,1
lgg_seg,lgg_seg,kaggle_3m/TCGA_HT_A61A_20000127/TCGA_HT_A61A_20000127_78.tif,TCGA_HT_A61A_20000127_78,empty,p108,val,none,3828,-1,,False,66ea8c3099e4679b,0,kaggle_3m/TCGA_HT_A61A_20000127/TCGA_HT_A61A_20000127_78_mask.tif,1
lgg_seg,lgg_seg,kaggle_3m/TCGA_HT_A61A_20000127/TCGA_HT_A61A_20000127_79.tif,TCGA_HT_A61A_20000127_79,empty,p108,val,none,3829,-1,,False,6ed8e6309964659b,0,kaggle_3m/TCGA_HT_A61A_20000127/TCGA_HT_A61A_20000127_79_mask.tif,1
lgg_seg,lgg_seg,kaggle_3m/TCGA_HT_A61A_20000127/TCGA_HT_A61A_20000127_8.tif,TCGA_HT_A61A_20000127_8,empty,p108,val,none,3753,-1,duplicate_of:TCGA_HT_A61A_20000127_1,False,792ce3a48c1e36e9,0,kaggle_3m/TCGA_HT_A61A_20000127/TCGA_HT_A61A_20000127_8_mask.tif,1
lgg_seg,lgg_seg,kaggle_3m/TCGA_HT_A61A_20000127/TCGA_HT_A61A_20000127_80.tif,TCGA_HT_A61A_20000127_80,empty,p108,val,none,3831,-1,,False,b3be52a3e51b2bca,0,kaggle_3m/TCGA_HT_A61A_20000127/TCGA_HT_A61A_20000127_80_mask.tif,1
lgg_seg,lgg_seg,kaggle_3m/TCGA_HT_A61A_20000127/TCGA_HT_A61A_20000127_81.tif,TCGA_HT_A61A_20000127_81,empty,p108,val,none,3832,-1,,False,6a44c93f35c45112,0,kaggle_3m/TCGA_HT_A61A_20000127/TCGA_HT_A61A_20000127_81_mask.tif,1
lgg_seg,lgg_seg,kaggle_3m/TCGA_HT_A61A_20000127/TCGA_HT_A61A_20000127_82.tif,TCGA_HT_A61A_20000127_82,empty,p108,val,none,3833,-1,,False,c52cd7f1610d8a04,0,kaggle_3m/TCGA_HT_A61A_20000127/TCGA_HT_A61A_20000127_82_mask.tif,1
lgg_seg,lgg_seg,kaggle_3m/TCGA_HT_A61A_20000127/TCGA_HT_A61A_20000127_83.tif,TCGA_HT_A61A_20000127_83,empty,p108,val,none,3834,-1,,False,3588a77231341306,0,kaggle_3m/TCGA_HT_A61A_20000127/TCGA_HT_A61A_20000127_83_mask.tif,1
lgg_seg,lgg_seg,kaggle_3m/TCGA_HT_A61A_20000127/TCGA_HT_A61A_20000127_84.tif,TCGA_HT_A61A_20000127_84,empty,p108,val,none,3835,-1,,False,121543e038b1580c,0,kaggle_3m/TCGA_HT_A61A_20000127/TCGA_HT_A61A_20000127_84_mask.tif,1
lgg_seg,lgg_seg,kaggle_3m/TCGA_HT_A61A_20000127/TCGA_HT_A61A_20000127_85.tif,TCGA_HT_A61A_20000127_85,empty,p108,val,none,3836,-1,,False,1cce212c98ede378,0,kaggle_3m/TCGA_HT_A61A_20000127/TCGA_HT_A61A_20000127_85_mask.tif,1
lgg_seg,lgg_seg,kaggle_3m/TCGA_HT_A61A_20000127/TCGA_HT_A61A_20000127_86.tif,TCGA_HT_A61A_20000127_86,empty,p108,val,none,3837,-1,,False,da05150c086240a6,0,kaggle_3m/TCGA_HT_A61A_20000127/TCGA_HT_A61A_20000127_86_mask.tif,1
lgg_seg,lgg_seg,kaggle_3m/TCGA_HT_A61A_20000127/TCGA_HT_A61A_20000127_87.tif,TCGA_HT_A61A_20000127_87,empty,p108,val,none,3838,-1,,False,e23bc43427610ea8,0,kaggle_3m/TCGA_HT_A61A_20000127/TCGA_HT_A61A_20000127_87_mask.tif,1
lgg_seg,lgg_seg,kaggle_3m/TCGA_HT_A61A_20000127/TCGA_HT_A61A_20000127_88.tif,TCGA_HT_A61A_20000127_88,empty,p108,val,none,3839,-1,,False,dc5258229c4efbca,0,kaggle_3m/TCGA_HT_A61A_20000127/TCGA_HT_A61A_20000127_88_mask.tif,1
lgg_seg,lgg_seg,kaggle_3m/TCGA_HT_A61A_20000127/TCGA_HT_A61A_20000127_9.tif,TCGA_HT_A61A_20000127_9,empty,p108,val,none,3753,-1,duplicate_of:TCGA_HT_A61A_20000127_1,False,79ace3a40c1e36e9,0,kaggle_3m/TCGA_HT_A61A_20000127/TCGA_HT_A61A_20000127_9_mask.tif,1
lgg_seg,lgg_seg,kaggle_3m/TCGA_HT_A61B_19991127/TCGA_HT_A61B_19991127_1.tif,TCGA_HT_A61B_19991127_1,empty,p109,train,none,3841,-1,,False,f9e2c3cc0d3c85c3,0,kaggle_3m/TCGA_HT_A61B_19991127/TCGA_HT_A61B_19991127_1_mask.tif,8
lgg_seg,lgg_seg,kaggle_3m/TCGA_HT_A61B_19991127/TCGA_HT_A61B_19991127_10.tif,TCGA_HT_A61B_19991127_10,empty,p109,train,none,3842,-1,,False,c9d26acc8f1c3663,0,kaggle_3m/TCGA_HT_A61B_19991127/TCGA_HT_A61B_19991127_10_mask.tif,8
lgg_seg,lgg_seg,kaggle_3m/TCGA_HT_A61B_19991127/TCGA_HT_A61B_19991127_11.tif,TCGA_HT_A61B_19991127_11,empty,p109,train,none,3842,-1,duplicate_of:TCGA_HT_A61B_19991127_10,False,c9f668cc8f1c3463,0,kaggle_3m/TCGA_HT_A61B_19991127/TCGA_HT_A61B_19991127_11_mask.tif,8
lgg_seg,lgg_seg,kaggle_3m/TCGA_HT_A61B_19991127/TCGA_HT_A61B_19991127_12.tif,TCGA_HT_A61B_19991127_12,empty,p109,train,none,3844,-1,,False,c9d66ace879c2463,0,kaggle_3m/TCGA_HT_A61B_19991127/TCGA_HT_A61B_19991127_12_mask.tif,8
lgg_seg,lgg_seg,kaggle_3m/TCGA_HT_A61B_19991127/TCGA_HT_A61B_19991127_13.tif,TCGA_HT_A61B_19991127_13,empty,p109,train,none,3845,-1,,False,cbd66bc68e3c2449,0,kaggle_3m/TCGA_HT_A61B_19991127/TCGA_HT_A61B_19991127_13_mask.tif,8
lgg_seg,lgg_seg,kaggle_3m/TCGA_HT_A61B_19991127/TCGA_HT_A61B_19991127_14.tif,TCGA_HT_A61B_19991127_14,empty,p109,train,none,3846,-1,,False,41d669c68f3c3653,0,kaggle_3m/TCGA_HT_A61B_19991127/TCGA_HT_A61B_19991127_14_mask.tif,8
lgg_seg,lgg_seg,kaggle_3m/TCGA_HT_A61B_19991127/TCGA_HT_A61B_19991127_15.tif,TCGA_HT_A61B_19991127_15,empty,p109,train,none,3847,-1,,False,cbce69c68f3c2413,0,kaggle_3m/TCGA_HT_A61B_19991127/TCGA_HT_A61B_19991127_15_mask.tif,8
lgg_seg,lgg_seg,kaggle_3m/TCGA_HT_A61B_19991127/TCGA_HT_A61B_19991127_16.tif,TCGA_HT_A61B_19991127_16,empty,p109,train,none,3848,-1,,False,e1ce69c68f1c2633,0,kaggle_3m/TCGA_HT_A61B_19991127/TCGA_HT_A61B_19991127_16_mask.tif,8
lgg_seg,lgg_seg,kaggle_3m/TCGA_HT_A61B_19991127/TCGA_HT_A61B_19991127_17.tif,TCGA_HT_A61B_19991127_17,empty,p109,train,none,3848,-1,duplicate_of:TCGA_HT_A61B_19991127_16,False,e1ce69c68e9c3631,0,kaggle_3m/TCGA_HT_A61B_19991127/TCGA_HT_A61B_19991127_17_mask.tif,8
lgg_seg,lgg_seg,kaggle_3m/TCGA_HT_A61B_19991127/TCGA_HT_A61B_19991127_18.tif,TCGA_HT_A61B_19991127_18,empty,p109,train,none,3850,-1,,False,69ce69e68ebc2621,0,kaggle_3m/TCGA_HT_A61B_19991127/TCGA_HT_A61B_19991127_18_mask.tif,8
lgg_seg,lgg_seg,kaggle_3m/TCGA_HT_A61B_19991127/TCGA_HT_A61B_19991127_19.tif,TCGA_HT_A61B_19991127_19,empty,p109,train,none,3851,-1,,False,6986c9668f9c3633,0,kaggle_3m/TCGA_HT_A61B_19991127/TCGA_HT_A61B_19991127_19_mask.tif,8
lgg_seg,lgg_seg,kaggle_3m/TCGA_HT_A61B_19991127/TCGA_HT_A61B_19991127_2.tif,TCGA_HT_A61B_19991127_2,empty,p109,train,none,3852,-1,,False,f9c3d3cc0d1c05cb,0,kaggle_3m/TCGA_HT_A61B_19991127/TCGA_HT_A61B_19991127_2_mask.tif,8
lgg_seg,lgg_seg,kaggle_3m/TCGA_HT_A61B_19991127/TCGA_HT_A61B_19991127_20.tif,TCGA_HT_A61B_19991127_20,empty,p109,train,none,3853,-1,,False,799e69468d9c3623,0,kaggle_3m/TCGA_HT_A61B_19991127/TCGA_HT_A61B_19991127_20_mask.tif,8
lgg_seg,lgg_seg,kaggle_3m/TCGA_HT_A61B_19991127/TCGA_HT_A61B_19991127_21.tif,TCGA_HT_A61B_19991127_21,empty,p109,train,none,3853,-1,duplicate_of:TCGA_HT_A61B_19991127_20,False,799e69468f9c2643,0,kaggle_3m/TCGA_HT_A61B_19991127/TCGA_HT_A61B_19991127_21_mask.tif,8
lgg_seg,lgg_seg,kaggle_3m/TCGA_HT_A61B_19991127/TCGA_HT_A61B_19991127_22.tif,TCGA_HT_A61B_19991127_22,empty,p109,train,none,3853,-1,duplicate_of:TCGA_HT_A61B_19991127_20,False,799e69468ebc2643,0,kaggle_3m/TCGA_HT_A61B_19991127/TCGA_HT_A61B_19991127_22_mask.tif,8
lgg_seg,lgg_seg,kaggle_3m/TCGA_HT_A61B_19991127/TCGA_HT_A61B_19991127_23.tif,TCGA_HT_A61B_19991127_23,empty,p109,train,none,3856,-1,,False,b99c69c68ebc2649,0,kaggle_3m/TCGA_HT_A61B_19991127/TCGA_HT_A61B_19991127_23_mask.tif,8
lgg_seg,lgg_seg,kaggle_3m/TCGA_HT_A61B_19991127/TCGA_HT_A61B_19991127_24.tif,TCGA_HT_A61B_19991127_24,empty,p109,train,none,3856,-1,duplicate_of:TCGA_HT_A61B_19991127_23,False,b99269c68ebc2659,0,kaggle_3m/TCGA_HT_A61B_19991127/TCGA_HT_A61B_19991127_24_mask.tif,8
lgg_seg,lgg_seg,kaggle_3m/TCGA_HT_A61B_19991127/TCGA_HT_A61B_19991127_25.tif,TCGA_HT_A61B_19991127_25,tumor,p109,train,none,3858,-1,,False,3992e9ce06bc265b,155,kaggle_3m/TCGA_HT_A61B_19991127/TCGA_HT_A61B_19991127_25_mask.tif,8
lgg_seg,lgg_seg,kaggle_3m/TCGA_HT_A61B_19991127/TCGA_HT_A61B_19991127_26.tif,TCGA_HT_A61B_19991127_26,tumor,p109,train,none,3859,-1,,False,3192f9ce0f3c2659,125,kaggle_3m/TCGA_HT_A61B_19991127/TCGA_HT_A61B_19991127_26_mask.tif,8
lgg_seg,lgg_seg,kaggle_3m/TCGA_HT_A61B_19991127/TCGA_HT_A61B_19991127_27.tif,TCGA_HT_A61B_19991127_27,tumor,p109,train,none,3860,-1,,False,69b2f1c64d3ca649,188,kaggle_3m/TCGA_HT_A61B_19991127/TCGA_HT_A61B_19991127_27_mask.tif,8
lgg_seg,lgg_seg,kaggle_3m/TCGA_HT_A61B_19991127/TCGA_HT_A61B_19991127_28.tif,TCGA_HT_A61B_19991127_28,tumor,p109,train,none,3861,-1,,False,58b271c6ce3cb649,287,kaggle_3m/TCGA_HT_A61B_19991127/TCGA_HT_A61B_19991127_28_mask.tif,8
lgg_seg,lgg_seg,kaggle_3m/TCGA_HT_A61B_19991127/TCGA_HT_A61B_19991127_29.tif,TCGA_HT_A61B_19991127_29,tumor,p109,train,none,73,-1,duplicate_of:TCGA_DU_5871_19941206_19,False,18b2e1ce4f3cb649,444,kaggle_3m/TCGA_HT_A61B_19991127/TCGA_HT_A61B_19991127_29_mask.tif,8
lgg_seg,lgg_seg,kaggle_3m/TCGA_HT_A61B_19991127/TCGA_HT_A61B_19991127_3.tif,TCGA_HT_A61B_19991127_3,empty,p109,train,none,3863,-1,,False,f9c3db6c2d1e8441,0,kaggle_3m/TCGA_HT_A61B_19991127/TCGA_HT_A61B_19991127_3_mask.tif,8
lgg_seg,lgg_seg,kaggle_3m/TCGA_HT_A61B_19991127/TCGA_HT_A61B_19991127_30.tif,TCGA_HT_A61B_19991127_30,tumor,p109,train,none,73,-1,duplicate_of:TCGA_DU_5871_19941206_19,False,18b2e1ce6d3cb649,484,kaggle_3m/TCGA_HT_A61B_19991127/TCGA_HT_A61B_19991127_30_mask.tif,8
lgg_seg,lgg_seg,kaggle_3m/TCGA_HT_A61B_19991127/TCGA_HT_A61B_19991127_31.tif,TCGA_HT_A61B_19991127_31,tumor,p109,train,none,73,-1,duplicate_of:TCGA_DU_5871_19941206_19,False,18b2e1cecd3cb649,471,kaggle_3m/TCGA_HT_A61B_19991127/TCGA_HT_A61B_19991127_31_mask.tif,8
lgg_seg,lgg_seg,kaggle_3m/TCGA_HT_A61B_19991127/TCGA_HT_A61B_19991127_32.tif,TCGA_HT_A61B_19991127_32,tumor,p109,train,none,73,-1,duplicate_of:TCGA_DU_5871_19941206_19,False,18b263ce6d3cb649,726,kaggle_3m/TCGA_HT_A61B_19991127/TCGA_HT_A61B_19991127_32_mask.tif,8
lgg_seg,lgg_seg,kaggle_3m/TCGA_HT_A61B_19991127/TCGA_HT_A61B_19991127_33.tif,TCGA_HT_A61B_19991127_33,tumor,p109,train,none,73,-1,duplicate_of:TCGA_DU_5871_19941206_19,False,18b263cee53cb649,853,kaggle_3m/TCGA_HT_A61B_19991127/TCGA_HT_A61B_19991127_33_mask.tif,8
lgg_seg,lgg_seg,kaggle_3m/TCGA_HT_A61B_19991127/TCGA_HT_A61B_19991127_34.tif,TCGA_HT_A61B_19991127_34,tumor,p109,train,none,73,-1,duplicate_of:TCGA_DU_5871_19941206_19,False,599263ce6d3c9649,1045,kaggle_3m/TCGA_HT_A61B_19991127/TCGA_HT_A61B_19991127_34_mask.tif,8
lgg_seg,lgg_seg,kaggle_3m/TCGA_HT_A61B_19991127/TCGA_HT_A61B_19991127_35.tif,TCGA_HT_A61B_19991127_35,tumor,p109,train,none,73,-1,duplicate_of:TCGA_DU_5871_19941206_19,False,599263d66d3c9649,1053,kaggle_3m/TCGA_HT_A61B_19991127/TCGA_HT_A61B_19991127_35_mask.tif,8
lgg_seg,lgg_seg,kaggle_3m/TCGA_HT_A61B_19991127/TCGA_HT_A61B_19991127_36.tif,TCGA_HT_A61B_19991127_36,tumor,p109,train,none,73,-1,duplicate_of:TCGA_DU_5871_19941206_19,False,59d2631e6d3c9649,1186,kaggle_3m/TCGA_HT_A61B_19991127/TCGA_HT_A61B_19991127_36_mask.tif,8
lgg_seg,lgg_seg,kaggle_3m/TCGA_HT_A61B_19991127/TCGA_HT_A61B_19991127_37.tif,TCGA_HT_A61B_19991127_37,tumor,p109,train,none,73,-1,duplicate_of:TCGA_DU_5871_19941206_19,False,59d2631e6d3c9649,1194,kaggle_3m/TCGA_HT_A61B_19991127/TCGA_HT_A61B_19991127_37_mask.tif,8
lgg_seg,lgg_seg,kaggle_3m/TCGA_HT_A61B_19991127/TCGA_HT_A61B_19991127_38.tif,TCGA_HT_A61B_19991127_38,tumor,p109,train,none,73,-1,duplicate_of:TCGA_DU_5871_19941206_19,False,59c7631e6c3c9649,1186,kaggle_3m/TCGA_HT_A61B_19991127/TCGA_HT_A61B_19991127_38_mask.tif,8
lgg_seg,lgg_seg,kaggle_3m/TCGA_HT_A61B_19991127/TCGA_HT_A61B_19991127_39.tif,TCGA_HT_A61B_19991127_39,tumor,p109,train,none,73,-1,duplicate_of:TCGA_DU_5871_19941206_19,False,59c6631e6d3c9649,1264,kaggle_3m/TCGA_HT_A61B_19991127/TCGA_HT_A61B_19991127_39_mask.tif,8
lgg_seg,lgg_seg,kaggle_3m/TCGA_HT_A61B_19991127/TCGA_HT_A61B_19991127_4.tif,TCGA_HT_A61B_19991127_4,empty,p109,train,none,3874,-1,,False,79d3d3cc0d14b643,0,kaggle_3m/TCGA_HT_A61B_19991127/TCGA_HT_A61B_19991127_4_mask.tif,8
lgg_seg,lgg_seg,kaggle_3m/TCGA_HT_A61B_19991127/TCGA_HT_A61B_19991127_40.tif,TCGA_HT_A61B_19991127_40,tumor,p109,train,none,73,-1,duplicate_of:TCGA_DU_5871_19941206_19,False,59c6631e6d3c9649,1396,kaggle_3m/TCGA_HT_A61B_19991127/TCGA_HT_A61B_19991127_40_mask.tif,8
lgg_seg,lgg_seg,kaggle_3m/TCGA_HT_A61B_19991127/TCGA_HT_A61B_19991127_41.tif,TCGA_HT_A61B_19991127_41,tumor,p109,train,none,73,-1,duplicate_of:TCGA_DU_5871_19941206_19,False,59c6631e6d3c9649,1538,kaggle_3m/TCGA_HT_A61B_19991127/TCGA_HT_A61B_19991127_41_mask.tif,8
lgg_seg,lgg_seg,kaggle_3m/TCGA_HT_A61B_19991127/TCGA_HT_A61B_19991127_42.tif,TCGA_HT_A61B_19991127_42,tumor,p109,train,none,73,-1,duplicate_of:TCGA_DU_5871_19941206_19,False,5986631e6d3c96c9,1619,kaggle_3m/TCGA_HT_A61B_19991127/TCGA_HT_A61B_19991127_42_mask.tif,8
lgg_seg,lgg_seg,kaggle_3m/TCGA_HT_A61B_19991127/TCGA_HT_A61B_19991127_43.tif,TCGA_HT_A61B_19991127_43,tumor,p109,train,none,73,-1,duplicate_of:TCGA_DU_5871_19941206_19,False,5986631e6d3c96c9,1489,kaggle_3m/TCGA_HT_A61B_19991127/TCGA_HT_A61B_19991127_43_mask.tif,8
lgg_seg,lgg_seg,kaggle_3m/TCGA_HT_A61B_19991127/TCGA_HT_A61B_19991127_44.tif,TCGA_HT_A61B_19991127_44,tumor,p109,train,none,73,-1,duplicate_of:TCGA_DU_5871_19941206_19,False,5996e15c6d3c9649,1384,kaggle_3m/TCGA_HT_A61B_19991127/TCGA_HT_A61B_19991127_44_mask.tif,8
lgg_seg,lgg_seg,kaggle_3m/TCGA_HT_A61B_19991127/TCGA_HT_A61B_19991127_45.tif,TCGA_HT_A61B_19991127_45,tumor,p109,train,none,73,-1,duplicate_of:TCGA_DU_5871_19941206_19,False,5992e3546d3c96c9,1422,kaggle_3m/TCGA_HT_A61B_19991127/TCGA_HT_A61B_19991127_45_mask.tif,8
lgg_seg,lgg_seg,kaggle_3m/TCGA_HT_A61B_19991127/TCGA_HT_A61B_19991127_46.tif,TCGA_HT_A61B_19991127_46,tumor,p109,train,none,73,-1,duplicate_of:TCGA_DU_5871_19941206_19,False,5992e35c6d3c9649,1176,kaggle_3m/TCGA_HT_A61B_19991127/TCGA_HT_A61B_19991127_46_mask.tif,8
lgg_seg,lgg_seg,kaggle_3m/TCGA_HT_A61B_19991127/TCGA_HT_A61B_19991127_47.tif,TCGA_HT_A61B_19991127_47,tumor,p109,train,none,73,-1,duplicate_of:TCGA_DU_5871_19941206_19,False,5992e15e6d3c9649,1001,kaggle_3m/TCGA_HT_A61B_19991127/TCGA_HT_A61B_19991127_47_mask.tif,8
lgg_seg,lgg_seg,kaggle_3m/TCGA_HT_A61B_19991127/TCGA_HT_A61B_19991127_48.tif,TCGA_HT_A61B_19991127_48,tumor,p109,train,none,73,-1,duplicate_of:TCGA_DU_5871_19941206_19,False,599261de6d3c9649,778,kaggle_3m/TCGA_HT_A61B_19991127/TCGA_HT_A61B_19991127_48_mask.tif,8
lgg_seg,lgg_seg,kaggle_3m/TCGA_HT_A61B_19991127/TCGA_HT_A61B_19991127_49.tif,TCGA_HT_A61B_19991127_49,tumor,p109,train,none,73,-1,duplicate_of:TCGA_DU_5871_19941206_19,False,719261de6d1c9659,181,kaggle_3m/TCGA_HT_A61B_19991127/TCGA_HT_A61B_19991127_49_mask.tif,8
lgg_seg,lgg_seg,kaggle_3m/TCGA_HT_A61B_19991127/TCGA_HT_A61B_19991127_5.tif,TCGA_HT_A61B_19991127_5,empty,p109,train,none,3874,-1,duplicate_of:TCGA_HT_A61B_19991127_4,False,79d3d3cc0d149663,0,kaggle_3m/TCGA_HT_A61B_19991127/TCGA_HT_A61B_19991127_5_mask.tif,8
lgg_seg,lgg_seg,kaggle_3m/TCGA_HT_A61B_19991127/TCGA_HT_A61B_19991127_50.tif,TCGA_HT_A61B_19991127_50,empty,p109,train,none,73,-1,duplicate_of:TCGA_CS_4944_20010208_19,False,799271d66d1c9649,0,kaggle_3m/TCGA_HT_A61B_19991127/TCGA_HT_A61B_19991127_50_mask.tif,8
lgg_seg,lgg_seg,kaggle_3m/TCGA_HT_A61B_19991127/TCGA_HT_A61B_19991127_51.tif,TCGA_HT_A61B_19991127_51,empty,p109,train,none,73,-1,duplicate_of:TCGA_CS_4944_20010208_19,False,599271d66d1c9659,0,kaggle_3m/TCGA_HT_A61B_19991127/TCGA_HT_A61B_19991127_51_mask.tif,8
lgg_seg,lgg_seg,kaggle_3m/TCGA_HT_A61B_19991127/TCGA_HT_A61B_19991127_52.tif,TCGA_HT_A61B_19991127_52,empty,p109,train,none,73,-1,duplicate_of:TCGA_CS_4944_20010208_19,False,599671d66d1c9649,0,kaggle_3m/TCGA_HT_A61B_19991127/TCGA_HT_A61B_19991127_52_mask.tif,8
lgg_seg,lgg_seg,kaggle_3m/TCGA_HT_A61B_19991127/TCGA_HT_A61B_19991127_53.tif,TCGA_HT_A61B_19991127_53,empty,p109,train,none,73,-1,duplicate_of:TCGA_CS_4944_20010208_19,False,599671d66d1c9649,0,kaggle_3m/TCGA_HT_A61B_19991127/TCGA_HT_A61B_19991127_53_mask.tif,8
lgg_seg,lgg_seg,kaggle_3m/TCGA_HT_A61B_19991127/TCGA_HT_A61B_19991127_54.tif,TCGA_HT_A61B_19991127_54,empty,p109,train,none,73,-1,duplicate_of:TCGA_CS_4944_20010208_19,False,199671d6691c9679,0,kaggle_3m/TCGA_HT_A61B_19991127/TCGA_HT_A61B_19991127_54_mask.tif,8
lgg_seg,lgg_seg,kaggle_3m/TCGA_HT_A61B_19991127/TCGA_HT_A61B_19991127_55.tif,TCGA_HT_A61B_19991127_55,empty,p109,train,none,73,-1,duplicate_of:TCGA_CS_4944_20010208_19,False,19b471d6691c9679,0,kaggle_3m/TCGA_HT_A61B_19991127/TCGA_HT_A61B_19991127_55_mask.tif,8
lgg_seg,lgg_seg,kaggle_3m/TCGA_HT_A61B_19991127/TCGA_HT_A61B_19991127_56.tif,TCGA_HT_A61B_19991127_56,empty,p109,train,none,73,-1,duplicate_of:TCGA_CS_4944_20010208_19,False,19b471d6691c9679,0,kaggle_3m/TCGA_HT_A61B_19991127/TCGA_HT_A61B_19991127_56_mask.tif,8
lgg_seg,lgg_seg,kaggle_3m/TCGA_HT_A61B_19991127/TCGA_HT_A61B_19991127_57.tif,TCGA_HT_A61B_19991127_57,empty,p109,train,none,73,-1,duplicate_of:TCGA_CS_4944_20010208_19,False,18b671d6691c9679,0,kaggle_3m/TCGA_HT_A61B_19991127/TCGA_HT_A61B_19991127_57_mask.tif,8
lgg_seg,lgg_seg,kaggle_3m/TCGA_HT_A61B_19991127/TCGA_HT_A61B_19991127_58.tif,TCGA_HT_A61B_19991127_58,empty,p109,train,none,73,-1,duplicate_of:TCGA_CS_4944_20010208_19,False,19b671d6691c9671,0,kaggle_3m/TCGA_HT_A61B_19991127/TCGA_HT_A61B_19991127_58_mask.tif,8
lgg_seg,lgg_seg,kaggle_3m/TCGA_HT_A61B_19991127/TCGA_HT_A61B_19991127_59.tif,TCGA_HT_A61B_19991127_59,empty,p109,train,none,73,-1,duplicate_of:TCGA_CS_4944_20010208_19,False,19b471d6691c9679,0,kaggle_3m/TCGA_HT_A61B_19991127/TCGA_HT_A61B_19991127_59_mask.tif,8
lgg_seg,lgg_seg,kaggle_3m/TCGA_HT_A61B_19991127/TCGA_HT_A61B_19991127_6.tif,TCGA_HT_A61B_19991127_6,empty,p109,train,none,3874,-1,duplicate_of:TCGA_HT_A61B_19991127_4,False,7993d3cc0d1c9663,0,kaggle_3m/TCGA_HT_A61B_19991127/TCGA_HT_A61B_19991127_6_mask.tif,8
lgg_seg,lgg_seg,kaggle_3m/TCGA_HT_A61B_19991127/TCGA_HT_A61B_19991127_60.tif,TCGA_HT_A61B_19991127_60,empty,p109,train,none,73,-1,duplicate_of:TCGA_CS_4944_20010208_19,False,19b479d6690c9679,0,kaggle_3m/TCGA_HT_A61B_19991127/TCGA_HT_A61B_19991127_60_mask.tif,8
lgg_seg,lgg_seg,kaggle_3m/TCGA_HT_A61B_19991127/TCGA_HT_A61B_19991127_61.tif,TCGA_HT_A61B_19991127_61,empty,p109,train,none,73,-1,duplicate_of:TCGA_CS_4944_20010208_19,False,19b67996690c9679,0,kaggle_3m/TCGA_HT_A61B_19991127/TCGA_HT_A61B_19991127_61_mask.tif,8
lgg_seg,lgg_seg,kaggle_3m/TCGA_HT_A61B_19991127/TCGA_HT_A61B_19991127_62.tif,TCGA_HT_A61B_19991127_62,empty,p109,train,none,73,-1,duplicate_of:TCGA_CS_4944_20010208_19,False,19a67996690cb679,0,kaggle_3m/TCGA_HT_A61B_19991127/TCGA_HT_A61B_19991127_62_mask.tif,8
lgg_seg,lgg_seg,kaggle_3m/TCGA_HT_A61B_19991127/TCGA_HT_A61B_19991127_63.tif,TCGA_HT_A61B_19991127_63,empty,p109,train,none,3900,-1,,False,18a67b96693c9659,0,kaggle_3m/TCGA_HT_A61B_19991127/TCGA_HT_A61B_19991127_63_mask.tif,8
lgg_seg,lgg_seg,kaggle_3m/TCGA_HT_A61B_19991127/TCGA_HT_A61B_19991127_64.tif,TCGA_HT_A61B_19991127_64,empty,p109,train,none,73,-1,duplicate_of:TCGA_CS_4944_20010208_19,False,19a67996690cb679,0,kaggle_3m/TCGA_HT_A61B_19991127/TCGA_HT_A61B_19991127_64_mask.tif,8
lgg_seg,lgg_seg,kaggle_3m/TCGA_HT_A61B_19991127/TCGA_HT_A61B_19991127_65.tif,TCGA_HT_A61B_19991127_65,empty,p109,train,none,73,-1,duplicate_of:TCGA_CS_4944_20010208_19,False,19a67996690cb679,0,kaggle_3m/TCGA_HT_A61B_19991127/TCGA_HT_A61B_19991127_65_mask.tif,8
lgg_seg,lgg_seg,kaggle_3m/TCGA_HT_A61B_19991127/TCGA_HT_A61B_19991127_66.tif,TCGA_HT_A61B_19991127_66,empty,p109,train,none,73,-1,duplicate_of:TCGA_CS_4944_20010208_19,False,18a67996e90ea679,0,kaggle_3m/TCGA_HT_A61B_19991127/TCGA_HT_A61B_19991127_66_mask.tif,8
lgg_seg,lgg_seg,kaggle_3m/TCGA_HT_A61B_19991127/TCGA_HT_A61B_19991127_67.tif,TCGA_HT_A61B_19991127_67,empty,p109,train,none,73,-1,duplicate_of:TCGA_CS_4944_20010208_19,False,98a67996690ea679,0,kaggle_3m/TCGA_HT_A61B_19991127/TCGA_HT_A61B_19991127_67_mask.tif,8
lgg_seg,lgg_seg,kaggle_3m/TCGA_HT_A61B_19991127/TCGA_HT_A61B_19991127_68.tif,TCGA_HT_A61B_19991127_68,empty,p109,train,none,3905,-1,,False,9aa6799269ac865b,0,kaggle_3m/TCGA_HT_A61B_19991127/TCGA_HT_A61B_19991127_68_mask.tif,8
lgg_seg,lgg_seg,kaggle_3m/TCGA_HT_A61B_19991127/TCGA_HT_A61B_19991127_69.tif,TCGA_HT_A61B_19991127_69,empty,p109,train,none,3906,-1,,False,9c643bb2e90ca65b,0,kaggle_3m/TCGA_HT_A61B_19991127/TCGA_HT_A61B_19991127_69_mask.tif,8
lgg_seg,lgg_seg,kaggle_3m/TCGA_HT_A61B_19991127/TCGA_HT_A61B_19991127_7.tif,TCGA_HT_A61B_19991127_7,empty,p109,train,none,3907,-1,,False,79d3e3e42d149643,0,kaggle_3m/TCGA_HT_A61B_19991127/TCGA_HT_A61B_19991127_7_mask.tif,8
lgg_seg,lgg_seg,kaggle_3m/TCGA_HT_A61B_19991127/TCGA_HT_A61B_19991127_70.tif,TCGA_HT_A61B_19991127_70,empty,p109,train,none,3908,-1,,False,9c663ab6698ca659,0,kaggle_3m/TCGA_HT_A61B_19991127/TCGA_HT_A61B_19991127_70_mask.tif,8
lgg_seg,lgg_seg,kaggle_3m/TCGA_HT_A61B_19991127/TCGA_HT_A61B_19991127_71.tif,TCGA_HT_A61B_19991127_71,empty,p109,train,none,3909,-1,,False,9e6638b6798ea419,0,kaggle_3m/TCGA_HT_A61B_19991127/TCGA_HT_A61B_19991127_71_mask.tif,8
lgg_seg,lgg_seg,kaggle_3m/TCGA_HT_A61B_19991127/TCGA_HT_A61B_19991127_72.tif,TCGA_HT_A61B_19991127_72,empty,p109,train,none,3909,-1,duplicate_of:TCGA_HT_A61B_19991127_71,False,9e6438b679a6a619,0,kaggle_3m/TCGA_HT_A61B_19991127/TCGA_HT_A61B_19991127_72_mask.tif,8
lgg_seg,lgg_seg,kaggle_3m/TCGA_HT_A61B_19991127/TCGA_HT_A61B_19991127_73.tif,TCGA_HT_A61B_19991127_73,empty,p109,train,none,3909,-1,duplicate_of:TCGA_HT_A61B_19991127_71,False,9e6618b6798ea619,0,kaggle_3m/TCGA_HT_A61B_19991127/TCGA_HT_A61B_19991127_73_mask.tif,8
lgg_seg,lgg_seg,kaggle_3m/TCGA_HT_A61B_19991127/TCGA_HT_A61B_19991127_74.tif,TCGA_HT_A61B_19991127_74,empty,p109,train,none,3912,-1,,False,ce6698b659a6a619,0,kaggle_3m/TCGA_HT_A61B_19991127/TCGA_HT_A61B_19991127_74_mask.tif,8
lgg_seg,lgg_seg,kaggle_3m/TCGA_HT_A61B_19991127/TCGA_HT_A61B_19991127_75.tif,TCGA_HT_A61B_19991127_75,empty,p109,train,none,3912,-1,duplicate_of:TCGA_HT_A61B_19991127_74,False,c66c98b659e6a619,0,kaggle_3m/TCGA_HT_A61B_19991127/TCGA_HT_A61B_19991127_75_mask.tif,8
lgg_seg,lgg_seg,kaggle_3m/TCGA_HT_A61B_19991127/TCGA_HT_A61B_19991127_76.tif,TCGA_HT_A61B_19991127_76,empty,p109,train,none,3912,-1,duplicate_of:TCGA_HT_A61B_19991127_74,False,e66c9c3659e6a219,0,kaggle_3m/TCGA_HT_A61B_19991127/TCGA_HT_A61B_19991127_76_mask.tif,8
lgg_seg,lgg_seg,kaggle_3m/TCGA_HT_A61B_19991127/TCGA_HT_A61B_19991127_77.tif,TCGA_HT_A61B_19991127_77,empty,p109,train,none,3915,-1,,False,e66c9e3299e66219,0,kaggle_3m/TCGA_HT_A61B_19991127/TCGA_HT_A61B_19991127_77_mask.tif,8
lgg_seg,lgg_seg,kaggle_3m/TCGA_HT_A61B_19991127/TCGA_HT_A61B_19991127_78.tif,TCGA_HT_A61B_19991127_78,empty,p109,train,none,3915,-1,duplicate_of:TCGA_HT_A61B_19991127_77,False,e66a9e7299e66211,0,kaggle_3m/TCGA_HT_A61B_19991127/TCGA_HT_A61B_19991127_78_mask.tif,8
lgg_seg,lgg_seg,kaggle_3m/TCGA_HT_A61B_19991127/TCGA_HT_A61B_19991127_79.tif,TCGA_HT_A61B_19991127_79,empty,p109,train,none,3917,-1,,False,66dae6709be26219,0,kaggle_3m/TCGA_HT_A61B_19991127/TCGA_HT_A61B_19991127_79_mask.tif,8
lgg_seg,lgg_seg,kaggle_3m/TCGA_HT_A61B_19991127/TCGA_HT_A61B_19991127_8.tif,TCGA_HT_A61B_19991127_8,empty,p109,train,none,3918,-1,,False,59d3e3c62e1e9449,0,kaggle_3m/TCGA_HT_A61B_19991127/TCGA_HT_A61B_19991127_8_mask.tif,8
lgg_seg,lgg_seg,kaggle_3m/TCGA_HT_A61B_19991127/TCGA_HT_A61B_19991127_80.tif,TCGA_HT_A61B_19991127_80,empty,p109,train,none,3919,-1,,False,7a9a6e3a9a626299,0,kaggle_3m/TCGA_HT_A61B_19991127/TCGA_HT_A61B_19991127_80_mask.tif,8
lgg_seg,lgg_seg,kaggle_3m/TCGA_HT_A61B_19991127/TCGA_HT_A61B_19991127_81.tif,TCGA_HT_A61B_19991127_81,empty,p109,train,none,3919,-1,duplicate_of:TCGA_HT_A61B_19991127_80,False,ba9a6eba9a626099,0,kaggle_3m/TCGA_HT_A61B_19991127/TCGA_HT_A61B_19991127_81_mask.tif,8
lgg_seg,lgg_seg,kaggle_3m/TCGA_HT_A61B_19991127/TCGA_HT_A61B_19991127_82.tif,TCGA_HT_A61B_19991127_82,empty,p109,train,none,3921,-1,,False,afb5b6d4cf56cdea,0,kaggle_3m/TCGA_HT_A61B_19991127/TCGA_HT_A61B_19991127_82_mask.tif,8
lgg_seg,lgg_seg,kaggle_3m/TCGA_HT_A61B_19991127/TCGA_HT_A61B_19991127_83.tif,TCGA_HT_A61B_19991127_83,empty,p109,train,none,3922,-1,,False,814bf2ce843f7b6a,0,kaggle_3m/TCGA_HT_A61B_19991127/TCGA_HT_A61B_19991127_83_mask.tif,8
lgg_seg,lgg_seg,kaggle_3m/TCGA_HT_A61B_19991127/TCGA_HT_A61B_19991127_84.tif,TCGA_HT_A61B_19991127_84,empty,p109,train,none,3923,-1,,False,24745e78cf483ef4,0,kaggle_3m/TCGA_HT_A61B_19991127/TCGA_HT_A61B_19991127_84_mask.tif,8
lgg_seg,lgg_seg,kaggle_3m/TCGA_HT_A61B_19991127/TCGA_HT_A61B_19991127_85.tif,TCGA_HT_A61B_19991127_85,empty,p109,train,none,3924,-1,,False,5d4dad39ad03814e,0,kaggle_3m/TCGA_HT_A61B_19991127/TCGA_HT_A61B_19991127_85_mask.tif,8
lgg_seg,lgg_seg,kaggle_3m/TCGA_HT_A61B_19991127/TCGA_HT_A61B_19991127_86.tif,TCGA_HT_A61B_19991127_86,empty,p109,train,none,3925,-1,,False,eddd8e9851070640,0,kaggle_3m/TCGA_HT_A61B_19991127/TCGA_HT_A61B_19991127_86_mask.tif,8
lgg_seg,lgg_seg,kaggle_3m/TCGA_HT_A61B_19991127/TCGA_HT_A61B_19991127_87.tif,TCGA_HT_A61B_19991127_87,empty,p109,train,none,3926,-1,,False,7476d4ac819ba69c,0,kaggle_3m/TCGA_HT_A61B_19991127/TCGA_HT_A61B_19991127_87_mask.tif,8
lgg_seg,lgg_seg,kaggle_3m/TCGA_HT_A61B_19991127/TCGA_HT_A61B_19991127_88.tif,TCGA_HT_A61B_19991127_88,empty,p109,train,none,3927,-1,,False,7a185f9378260400,0,kaggle_3m/TCGA_HT_A61B_19991127/TCGA_HT_A61B_19991127_88_mask.tif,8
lgg_seg,lgg_seg,kaggle_3m/TCGA_HT_A61B_19991127/TCGA_HT_A61B_19991127_9.tif,TCGA_HT_A61B_19991127_9,empty,p109,train,none,3928,-1,,False,d9f360cc8d1c9663,0,kaggle_3m/TCGA_HT_A61B_19991127/TCGA_HT_A61B_19991127_9_mask.tif,8
