dataset,source_dir,relpath,image_id,label,group,split,orig_split,dup_cluster,loose_cluster,dropped_reason,eval_batch,phash,age,sex,site,site_general,skin_tone,skin_tone_class,exclude_reason,truncated_file
milk10k,milk10k,images/ISIC_4671410.jpg,ISIC_4671410,bcc,g0,external_test,none,0,-1,,False,63de9e644d31328d,70.0,male,head_neck_face,Head and neck,0-1 (darkest),1,,False
milk10k,milk10k,images/ISIC_5371928.jpg,ISIC_5371928,bcc,g1,external_test,none,1,-1,,False,cf56570867627e09,45.0,female,head_neck_face,Head and neck,5 (lightest),5,,False
milk10k,milk10k,images/ISIC_3624913.jpg,ISIC_3624913,bcc,g2,external_test,none,2,-1,,False,ce7438b0e3c11e2f,50.0,male,lower_extremity,Lower extremity,3,3,,False
milk10k,milk10k,images/ISIC_5186409.jpg,ISIC_5186409,sccka,g3,dropped,none,3,-1,unmapped_class:sccka,False,99936d8cd98077a3,45.0,male,head_neck_face,Head and neck,3,3,unmapped_class:sccka,False
milk10k,milk10k,images/ISIC_1048297.jpg,ISIC_1048297,bcc,g4,external_test,none,4,-1,,True,fd85a54a2ff00f41,75.0,male,upper_extremity,Upper extremity,3,3,,False
milk10k,milk10k,images/ISIC_5107821.jpg,ISIC_5107821,akiec,g5,external_test,none,5,-1,,False,3e6e453819e16e27,45.0,female,upper_extremity,Upper extremity,3,3,,False
milk10k,milk10k,images/ISIC_5916190.jpg,ISIC_5916190,nv,g6,external_test,none,6,-1,,False,d0560f7cf8a12717,15.0,male,head_neck_face,Head and neck,3,3,,False
milk10k,milk10k,images/ISIC_9546309.jpg,ISIC_9546309,bcc,g7,external_test,none,7,-1,,False,3b353954cd1ead41,75.0,male,upper_extremity,Upper extremity,3,3,,False
milk10k,milk10k,images/ISIC_8325963.jpg,ISIC_8325963,bcc,g8,external_test,none,8,-1,,False,ee8f8547f00c34d9,70.0,male,trunk,Trunk,2,2,,False
milk10k,milk10k,images/ISIC_3780652.jpg,ISIC_3780652,bcc,g9,external_test,none,9,-1,,False,eb2e704615deda81,60.0,female,lower_extremity,Lower extremity,4,4,,False
milk10k,milk10k,images/ISIC_7213515.jpg,ISIC_7213515,sccka,g10,dropped,none,10,-1,unmapped_class:sccka,False,ac9eaf8ad4684993,65.0,male,upper_extremity,Upper extremity,3,3,unmapped_class:sccka,False
milk10k,milk10k,images/ISIC_9803465.jpg,ISIC_9803465,bcc,g11,external_test,none,11,-1,,False,39597b68c3a4cd91,60.0,male,trunk,Trunk,4,4,,False
milk10k,milk10k,images/ISIC_1225678.jpg,ISIC_1225678,bkl,g12,external_test,none,12,-1,,False,c9e6262cd9d3262d,30.0,female,lower_extremity,Lower extremity,5 (lightest),5,,False
milk10k,milk10k,images/ISIC_6039074.jpg,ISIC_6039074,bcc,g13,external_test,none,13,-1,,True,6cd8784e9bb05a0f,65.0,female,trunk,Trunk,3,3,,False
milk10k,milk10k,images/ISIC_2641217.jpg,ISIC_2641217,mel,g14,external_test,none,14,-1,,False,9666f1b826c3983d,60.0,male,trunk,Trunk,3,3,,False
milk10k,milk10k,images/ISIC_8615296.jpg,ISIC_8615296,bkl,g15,external_test,none,15,-1,,False,e33c4c68b45959a7,60.0,male,lower_extremity,Lower extremity,3,3,,False
milk10k,milk10k,images/ISIC_8870441.jpg,ISIC_8870441,nv,g16,external_test,none,16,-1,,False,9691cc6c33abda45,40.0,male,upper_extremity,Upper extremity,4,4,,False
milk10k,milk10k,images/ISIC_2768555.jpg,ISIC_2768555,sccka,g17,dropped,none,17,-1,unmapped_class:sccka,False,30e87e72ccf033a9,75.0,female,head_neck_face,Head and neck,3,3,unmapped_class:sccka,False
milk10k,milk10k,images/ISIC_5203599.jpg,ISIC_5203599,mel,g18,external_test,none,18,-1,,False,e7f29be2580a09ab,75.0,female,,,4,4,,False
milk10k,milk10k,images/ISIC_1347581.jpg,ISIC_1347581,bcc,g19,external_test,none,19,-1,,False,b7ccd9ac2658d1a1,60.0,male,trunk,Trunk,3,3,,False
milk10k,milk10k,images/ISIC_6993481.jpg,ISIC_6993481,bcc,g20,external_test,none,20,-1,,True,62c3ccd131e9453f,65.0,male,trunk,Trunk,3,3,,False
milk10k,milk10k,images/ISIC_3881896.jpg,ISIC_3881896,bcc,g21,external_test,none,21,-1,,False,847639eac61b89e5,55.0,male,trunk,Trunk,3,3,,False
milk10k,milk10k,images/ISIC_1874410.jpg,ISIC_1874410,bcc,g22,external_test,none,22,-1,,False,3afed9242698932b,60.0,female,trunk,Trunk,3,3,,False
milk10k,milk10k,images/ISIC_3704603.jpg,ISIC_3704603,mel,g23,dropped,none,23,-1,duplicate_of_ham10000,False,e1a9465b9ce93187,40.0,female,trunk,Trunk,3,3,duplicate_of_ham10000,False
milk10k,milk10k,images/ISIC_6046943.jpg,ISIC_6046943,mel,g24,external_test,none,24,-1,,False,33644e9863339bcb,75.0,male,trunk,Trunk,2,2,,False
milk10k,milk10k,images/ISIC_0433706.jpg,ISIC_0433706,nv,g25,external_test,none,25,-1,,False,8c931e497ce1e11f,40.0,male,head_neck_face,Head and neck,3,3,,False
milk10k,milk10k,images/ISIC_8463837.jpg,ISIC_8463837,bcc,g26,external_test,none,26,-1,,False,f28e9df86331088f,75.0,female,head_neck_face,Head and neck,5 (lightest),5,,False
milk10k,milk10k,images/ISIC_4345756.jpg,ISIC_4345756,bcc,g27,external_test,none,27,-1,,True,bdcc7a30ace2530b,70.0,male,trunk,Trunk,3,3,,False
milk10k,milk10k,images/ISIC_8370666.jpg,ISIC_8370666,bcc,g28,external_test,none,28,-1,,False,93d0c4bc8f338ec5,55.0,male,trunk,Trunk,3,3,,False
milk10k,milk10k,images/ISIC_1230865.jpg,ISIC_1230865,sccka,g29,dropped,none,29,-1,unmapped_class:sccka,False,2eeaf0506b6c3da1,60.0,female,trunk,Trunk,3,3,unmapped_class:sccka,False
milk10k,milk10k,images/ISIC_0323748.jpg,ISIC_0323748,bcc,g30,external_test,none,30,-1,,True,1f88af94db7b0681,50.0,male,trunk,Trunk,3,3,,False
milk10k,milk10k,images/ISIC_4980158.jpg,ISIC_4980158,nv,g31,external_test,none,31,-1,,True,86e69a9c69719687,35.0,female,trunk,Trunk,4,4,,False
milk10k,milk10k,images/ISIC_4932148.jpg,ISIC_4932148,bcc,g32,external_test,none,32,-1,,False,4582e7285daa57ab,80.0,male,trunk,Trunk,3,3,,False
milk10k,milk10k,images/ISIC_8015399.jpg,ISIC_8015399,nv,g33,external_test,none,33,-1,,False,93648cb36c5991cf,35.0,male,trunk,Trunk,3,3,,False
milk10k,milk10k,images/ISIC_3175755.jpg,ISIC_3175755,bkl,g34,external_test,none,34,-1,,False,46135bcc1839afcd,70.0,female,head_neck_face,Head and neck,3,3,,False
milk10k,milk10k,images/ISIC_3175480.jpg,ISIC_3175480,bkl,g35,external_test,none,35,-1,,False,26ae5baa8d8aaca3,60.0,male,trunk,Trunk,3,3,,False
milk10k,milk10k,images/ISIC_5344273.jpg,ISIC_5344273,bcc,g36,external_test,none,36,-1,,True,664c99e666d8d923,50.0,female,trunk,Trunk,3,3,,False
milk10k,milk10k,images/ISIC_0813000.jpg,ISIC_0813000,bcc,g37,external_test,none,37,-1,,False,91d926096978d6b7,70.0,male,head_neck_face,Head and neck,3,3,,False
milk10k,milk10k,images/ISIC_9206660.jpg,ISIC_9206660,mel,g38,external_test,none,38,-1,,False,cc3eb7c32649198d,70.0,male,lower_extremity,Lower extremity,3,3,,False
milk10k,milk10k,images/ISIC_7606142.jpg,ISIC_7606142,sccka,g39,dropped,none,39,-1,unmapped_class:sccka,False,f9643392cc7ab381,70.0,male,head_neck_face,Head and neck,3,3,unmapped_class:sccka,False
milk10k,milk10k,images/ISIC_2473856.jpg,ISIC_2473856,nv,g40,external_test,none,40,-1,,False,59384cd83923f32f,5.0,female,lower_extremity,Lower extremity,3,3,,False
milk10k,milk10k,images/ISIC_8736820.jpg,ISIC_8736820,nv,g41,dropped,none,41,-1,duplicate_of_ham10000,False,1a99387be12947d5,40.0,female,trunk,Trunk,4,4,duplicate_of_ham10000,False
milk10k,milk10k,images/ISIC_9131247.jpg,ISIC_9131247,bcc,g42,external_test,none,42,-1,,False,6698db6627f20f21,65.0,female,head_neck_face,Head and neck,3,3,,False
milk10k,milk10k,images/ISIC_9542991.jpg,ISIC_9542991,akiec,g43,external_test,none,43,-1,,False,66f44ccaf3729889,50.0,female,head_neck_face,Head and neck,3,3,,False
milk10k,milk10k,images/ISIC_3945160.jpg,ISIC_3945160,bkl,g44,external_test,none,44,-1,,False,5f4a6466619e3c8b,75.0,male,lower_extremity,Lower extremity,3,3,,False
milk10k,milk10k,images/ISIC_0856370.jpg,ISIC_0856370,bkl,g45,external_test,none,45,-1,,True,33329b7a1c4ec3b1,60.0,male,upper_extremity,Upper extremity,3,3,,False
milk10k,milk10k,images/ISIC_7507858.jpg,ISIC_7507858,bcc,g46,external_test,none,46,-1,,True,7eb891eea6e47003,70.0,male,head_neck_face,Head and neck,3,3,,False
milk10k,milk10k,images/ISIC_5597650.jpg,ISIC_5597650,bcc,g47,external_test,none,47,-1,,False,c2ec9578bf88eb01,65.0,male,trunk,Trunk,3,3,,False
milk10k,milk10k,images/ISIC_5144687.jpg,ISIC_5144687,mel,g48,external_test,none,48,-1,,False,cc3c939b59692725,65.0,female,head_neck_face,Head and neck,4,4,,False
milk10k,milk10k,images/ISIC_3480084.jpg,ISIC_3480084,bcc,g49,external_test,none,49,-1,,False,6192387eed8a33e1,65.0,male,trunk,Trunk,3,3,,False
milk10k,milk10k,images/ISIC_5350161.jpg,ISIC_5350161,bkl,g50,external_test,none,50,-1,,False,daa2c98e56a24f8b,75.0,female,head_neck_face,Head and neck,3,3,,False
milk10k,milk10k,images/ISIC_0107067.jpg,ISIC_0107067,bkl,g51,external_test,none,51,-1,,False,69383ea88c8b72bd,75.0,male,upper_extremity,Upper extremity,3,3,,False
milk10k,milk10k,images/ISIC_7778161.jpg,ISIC_7778161,nv,g52,external_test,none,52,-1,,False,5ec6920c0b73d6cd,50.0,male,upper_extremity,Upper extremity,4,4,,False
milk10k,milk10k,images/ISIC_3874242.jpg,ISIC_3874242,ben_oth,g53,dropped,none,53,-1,unmapped_class:ben_oth,False,4c11f86f339c53e1,30.0,female,trunk,Trunk,0-1 (darkest),1,unmapped_class:ben_oth,False
milk10k,milk10k,images/ISIC_3627294.jpg,ISIC_3627294,bcc,g54,external_test,none,54,-1,,False,1cce66a083fadc27,55.0,male,head_neck_face,Head and neck,5 (lightest),5,,False
milk10k,milk10k,images/ISIC_9954496.jpg,ISIC_9954496,sccka,g55,dropped,none,55,-1,unmapped_class:sccka,False,6f9b9966cc923341,70.0,male,head_neck_face,Head and neck,4,4,unmapped_class:sccka,False
milk10k,milk10k,images/ISIC_3783885.jpg,ISIC_3783885,bcc,g56,external_test,none,56,-1,,False,a39a58e69564c36b,65.0,female,head_neck_face,Head and neck,4,4,,False
milk10k,milk10k,images/ISIC_0933237.jpg,ISIC_0933237,bcc,g57,external_test,none,57,-1,,False,b298fbaed918c603,65.0,male,trunk,Trunk,3,3,,False
milk10k,milk10k,images/ISIC_6558326.jpg,ISIC_6558326,df,g58,external_test,none,58,-1,,False,d84967b6c34919b5,50.0,male,upper_extremity,Upper extremity,3,3,,False
milk10k,milk10k,images/ISIC_3818927.jpg,ISIC_3818927,bcc,g59,external_test,none,59,-1,,False,ad6abf2a9c32038d,50.0,male,head_neck_face,Head and neck,3,3,,False
milk10k,milk10k,images/ISIC_8804250.jpg,ISIC_8804250,nv,g60,external_test,none,60,-1,,False,ba5e5b686da19215,70.0,male,trunk,Trunk,3,3,,False
milk10k,milk10k,images/ISIC_0454029.jpg,ISIC_0454029,bcc,g61,external_test,none,61,-1,,False,9390a16adf7a4c8b,70.0,male,trunk,Trunk,3,3,,False
milk10k,milk10k,images/ISIC_6391693.jpg,ISIC_6391693,akiec,g62,external_test,none,62,-1,,False,273cdbb32971848b,55.0,male,head_neck_face,Head and neck,2,2,,False
milk10k,milk10k,images/ISIC_9742404.jpg,ISIC_9742404,sccka,g63,dropped,none,63,-1,unmapped_class:sccka,False,9bd931334cd9612d,80.0,male,lower_extremity,Lower extremity,3,3,unmapped_class:sccka,False
milk10k,milk10k,images/ISIC_8483047.jpg,ISIC_8483047,bcc,g64,external_test,none,64,-1,,False,0d5cb6e48dbb421b,65.0,female,lower_extremity,Lower extremity,3,3,,False
milk10k,milk10k,images/ISIC_0124081.jpg,ISIC_0124081,bcc,g65,external_test,none,65,-1,,False,d9174dd8b61cb2a1,80.0,female,lower_extremity,Lower extremity,4,4,,False
milk10k,milk10k,images/ISIC_6946678.jpg,ISIC_6946678,bcc,g66,external_test,none,66,-1,,False,d72275f0a27aa4a3,65.0,female,lower_extremity,Lower extremity,4,4,,False
milk10k,milk10k,images/ISIC_8494727.jpg,ISIC_8494727,bkl,g67,external_test,none,67,-1,,False,e5703f8259a861eb,70.0,female,head_neck_face,Head and neck,3,3,,False
milk10k,milk10k,images/ISIC_8954124.jpg,ISIC_8954124,sccka,g68,dropped,none,68,-1,unmapped_class:sccka,False,3bcca47959642f0b,65.0,male,lower_extremity,Lower extremity,3,3,unmapped_class:sccka,False
milk10k,milk10k,images/ISIC_2556147.jpg,ISIC_2556147,bcc,g69,external_test,none,69,-1,,False,75a8dfa857805789,65.0,female,upper_extremity,Upper extremity,3,3,,False
milk10k,milk10k,images/ISIC_0490468.jpg,ISIC_0490468,bcc,g70,external_test,none,70,-1,,False,996c279e8e69348b,70.0,male,trunk,Trunk,3,3,,False
milk10k,milk10k,images/ISIC_4742339.jpg,ISIC_4742339,bkl,g71,external_test,none,71,-1,,True,079a6f9996253953,50.0,male,lower_extremity,Lower extremity,3,3,,False
milk10k,milk10k,images/ISIC_5412550.jpg,ISIC_5412550,nv,g72,external_test,none,72,-1,,True,92ac0f78ad0b52d7,30.0,male,trunk,Trunk,2,2,,False
milk10k,milk10k,images/ISIC_7733305.jpg,ISIC_7733305,bcc,g73,external_test,none,73,-1,,True,c955346e81d13de5,65.0,male,head_neck_face,Head and neck,3,3,,False
milk10k,milk10k,images/ISIC_5951892.jpg,ISIC_5951892,mel,g74,external_test,none,74,-1,,False,c631e96399cb348d,50.0,male,head_neck_face,Head and neck,3,3,,False
milk10k,milk10k,images/ISIC_4749092.jpg,ISIC_4749092,bcc,g75,external_test,none,75,-1,,False,b23887e8d0f2cb8d,60.0,male,trunk,Trunk,3,3,,False
milk10k,milk10k,images/ISIC_0866079.jpg,ISIC_0866079,sccka,g76,dropped,none,76,-1,unmapped_class:sccka,False,f5d257a79210e439,65.0,male,head_neck_face,Head and neck,5 (lightest),5,unmapped_class:sccka,False
milk10k,milk10k,images/ISIC_4135497.jpg,ISIC_4135497,bcc,g77,external_test,none,77,-1,,False,396266359199e667,50.0,male,head_neck_face,Head and neck,3,3,,False
milk10k,milk10k,images/ISIC_9508636.jpg,ISIC_9508636,bcc,g78,external_test,none,78,-1,,False,bee4d9bac261b405,60.0,male,trunk,Trunk,2,2,,False
milk10k,milk10k,images/ISIC_0881081.jpg,ISIC_0881081,sccka,g79,dropped,none,79,-1,unmapped_class:sccka,False,9de264c90f9eb429,60.0,male,upper_extremity,Upper extremity,3,3,unmapped_class:sccka,False
milk10k,milk10k,images/ISIC_9704524.jpg,ISIC_9704524,akiec,g80,external_test,none,80,-1,,False,38e3673b1c98b88d,60.0,male,head_neck_face,Head and neck,4,4,,False
milk10k,milk10k,images/ISIC_5381727.jpg,ISIC_5381727,sccka,g81,dropped,none,81,-1,unmapped_class:sccka,False,e6ccb216f2520f8b,75.0,male,lower_extremity,Lower extremity,4,4,unmapped_class:sccka,False
milk10k,milk10k,images/ISIC_0215803.jpg,ISIC_0215803,bcc,g82,external_test,none,82,-1,,False,97e6cbcac1193f01,50.0,male,trunk,Trunk,3,3,,False
milk10k,milk10k,images/ISIC_7085591.jpg,ISIC_7085591,bcc,g83,external_test,none,83,-1,,False,9c7ad8e27ca8e305,80.0,male,head_neck_face,Head and neck,5 (lightest),5,,False
milk10k,milk10k,images/ISIC_8667960.jpg,ISIC_8667960,mel,g84,external_test,none,84,-1,,False,611cd75334b34b8d,70.0,male,trunk,Trunk,3,3,,False
milk10k,milk10k,images/ISIC_5006235.jpg,ISIC_5006235,bcc,g85,external_test,none,85,-1,,False,ab52bf50a10ab5ab,70.0,female,lower_extremity,Lower extremity,3,3,,False
milk10k,milk10k,images/ISIC_3993701.jpg,ISIC_3993701,bcc,g86,external_test,none,86,-1,,True,1388ad4e6698f967,65.0,female,lower_extremity,Lower extremity,3,3,,False
milk10k,milk10k,images/ISIC_8918247.jpg,ISIC_8918247,mel,g87,external_test,none,87,-1,,False,f5693a92534908fd,50.0,male,trunk,Trunk,3,3,,False
milk10k,milk10k,images/ISIC_0872036.jpg,ISIC_0872036,sccka,g88,dropped,none,88,-1,unmapped_class:sccka,False,79739866d9cb4c21,70.0,female,head_neck_face,Head and neck,5 (lightest),5,unmapped_class:sccka,False
milk10k,milk10k,images/ISIC_9055556.jpg,ISIC_9055556,mel,g89,external_test,none,89,-1,,False,ba3de6a6bc18c8a1,70.0,male,trunk,Trunk,3,3,,False
milk10k,milk10k,images/ISIC_4829038.jpg,ISIC_4829038,sccka,g90,dropped,none,90,-1,unmapped_class:sccka,False,fe687422238eb399,80.0,female,head_neck_face,Head and neck,3,3,unmapped_class:sccka,False
milk10k,milk10k,images/ISIC_2799124.jpg,ISIC_2799124,bkl,g91,external_test,none,91,-1,,True,b53849868cd9f4a7,55.0,male,trunk,Trunk,4,4,,False
milk10k,milk10k,images/ISIC_4761686.jpg,ISIC_4761686,bkl,g92,external_test,none,92,-1,,False,832a7b8bcf293463,85.0,male,head_neck_face,Head and neck,3,3,,False
milk10k,milk10k,images/ISIC_3408779.jpg,ISIC_3408779,bcc,g93,external_test,none,93,-1,,False,1fdab5a0a702c6ab,60.0,male,trunk,Trunk,4,4,,False
milk10k,milk10k,images/ISIC_6900958.jpg,ISIC_6900958,bcc,g94,external_test,none,94,-1,,False,0a79d18c7d72ae83,65.0,male,upper_extremity,Upper extremity,3,3,,False
milk10k,milk10k,images/ISIC_1176025.jpg,ISIC_1176025,bcc,g95,external_test,none,95,-1,,False,e7a07c3ab3a1d889,60.0,male,lower_extremity,Lower extremity,3,3,,False
milk10k,milk10k,images/ISIC_5436595.jpg,ISIC_5436595,mel,g96,external_test,none,96,-1,,False,963399336d496687,80.0,female,lower_extremity,Lower extremity,3,3,,False
milk10k,milk10k,images/ISIC_1552060.jpg,ISIC_1552060,bcc,g97,external_test,none,97,-1,,False,c16b78a61c33b8c7,75.0,male,upper_extremity,Upper extremity,4,4,,False
milk10k,milk10k,images/ISIC_6121019.jpg,ISIC_6121019,bcc,g98,external_test,none,98,-1,,False,21d1da8c1e31b74f,70.0,female,lower_extremity,Lower extremity,3,3,,False
milk10k,milk10k,images/ISIC_0981335.jpg,ISIC_0981335,df,g99,external_test,none,99,-1,,False,6d3093f3060bcd75,40.0,male,lower_extremity,Lower extremity,5 (lightest),5,,False
milk10k,milk10k,images/ISIC_2525369.jpg,ISIC_2525369,bcc,g100,external_test,none,100,-1,,False,f990d96e9980ef21,60.0,female,lower_extremity,Lower extremity,3,3,,False
milk10k,milk10k,images/ISIC_8322623.jpg,ISIC_8322623,bkl,g101,external_test,none,101,-1,,False,dfc80f36d1d870a1,45.0,female,lower_extremity,Lower extremity,3,3,,False
milk10k,milk10k,images/ISIC_8850071.jpg,ISIC_8850071,bcc,g102,external_test,none,102,-1,,True,7ec81bb0268b7365,50.0,female,trunk,Trunk,3,3,,False
milk10k,milk10k,images/ISIC_6581571.jpg,ISIC_6581571,mel,g103,external_test,none,103,-1,,True,d68ce9f6c289a323,65.0,male,head_neck_face,Head and neck,4,4,,False
milk10k,milk10k,images/ISIC_9486866.jpg,ISIC_9486866,bcc,g104,external_test,none,104,-1,,True,5980ef5abc8a2b2b,45.0,male,trunk,Trunk,3,3,,False
milk10k,milk10k,images/ISIC_1675235.jpg,ISIC_1675235,bcc,g105,external_test,none,105,-1,,False,65169ed95ba18917,75.0,male,trunk,Trunk,3,3,,False
milk10k,milk10k,images/ISIC_8977908.jpg,ISIC_8977908,sccka,g106,dropped,none,106,-1,unmapped_class:sccka,False,b7996626999a7423,45.0,male,lower_extremity,Lower extremity,4,4,unmapped_class:sccka,False
milk10k,milk10k,images/ISIC_6250586.jpg,ISIC_6250586,bcc,g107,external_test,none,107,-1,,True,592663e99669a987,75.0,male,lower_extremity,Lower extremity,3,3,,False
milk10k,milk10k,images/ISIC_1718630.jpg,ISIC_1718630,bkl,g108,external_test,none,108,-1,,False,1aaa99a8efa26f09,55.0,female,upper_extremity,Upper extremity,3,3,,False
milk10k,milk10k,images/ISIC_7153501.jpg,ISIC_7153501,bcc,g109,external_test,none,109,-1,,False,5d6e27b2f70aa805,70.0,female,upper_extremity,Upper extremity,3,3,,False
milk10k,milk10k,images/ISIC_1923354.jpg,ISIC_1923354,mel,g110,external_test,none,110,-1,,False,8ce8dca1a90b52fd,75.0,male,trunk,Trunk,2,2,,False
milk10k,milk10k,images/ISIC_2080755.jpg,ISIC_2080755,bcc,g111,external_test,none,111,-1,,True,ab724e93727b90a1,50.0,male,head_neck_face,Head and neck,3,3,,False
milk10k,milk10k,images/ISIC_8293828.jpg,ISIC_8293828,sccka,g112,dropped,none,112,-1,unmapped_class:sccka,False,93bede94246ea303,60.0,male,head_neck_face,Head and neck,3,3,unmapped_class:sccka,False
milk10k,milk10k,images/ISIC_3585425.jpg,ISIC_3585425,bcc,g113,external_test,none,113,-1,,False,3666cd66c391186f,70.0,male,lower_extremity,Lower extremity,4,4,,False
milk10k,milk10k,images/ISIC_5562336.jpg,ISIC_5562336,nv,g114,external_test,none,114,-1,,False,4ec9b32c4c53f04f,20.0,female,head_neck_face,Head and neck,3,3,,False
milk10k,milk10k,images/ISIC_3789455.jpg,ISIC_3789455,bkl,g115,external_test,none,115,-1,,False,ad58967a15f85e81,85.0,male,trunk,Trunk,5 (lightest),5,,False
milk10k,milk10k,images/ISIC_1734487.jpg,ISIC_1734487,bcc,g116,external_test,none,116,-1,,True,e673198c6673098f,65.0,female,trunk,Trunk,3,3,,False
milk10k,milk10k,images/ISIC_5693691.jpg,ISIC_5693691,bcc,g117,external_test,none,117,-1,,False,3433d94c27997c47,75.0,female,trunk,Trunk,3,3,,False
milk10k,milk10k,images/ISIC_6976701.jpg,ISIC_6976701,bcc,g118,external_test,none,118,-1,,False,3f706f1e2612d329,60.0,male,head_neck_face,Head and neck,3,3,,False
milk10k,milk10k,images/ISIC_7149626.jpg,ISIC_7149626,nv,g119,dropped,none,119,-1,duplicate_of_ham10000,False,e198470b86c379bd,45.0,female,trunk,Trunk,2,2,duplicate_of_ham10000,False
milk10k,milk10k,images/ISIC_8521879.jpg,ISIC_8521879,mel,g120,external_test,none,120,-1,,True,88034fb96c8393f7,45.0,female,upper_extremity,Upper extremity,2,2,,False
milk10k,milk10k,images/ISIC_9183794.jpg,ISIC_9183794,nv,g121,external_test,none,121,-1,,False,67d80c19aa7993a7,50.0,male,trunk,Trunk,2,2,,False
milk10k,milk10k,images/ISIC_8068358.jpg,ISIC_8068358,bcc,g122,external_test,none,122,-1,,False,2882ad16d53ed4f9,65.0,male,lower_extremity,Lower extremity,3,3,,False
milk10k,milk10k,images/ISIC_9195108.jpg,ISIC_9195108,bcc,g123,external_test,none,123,-1,,False,fb88bea6c9093705,60.0,female,trunk,Trunk,3,3,,False
milk10k,milk10k,images/ISIC_2755460.jpg,ISIC_2755460,bcc,g124,dropped,none,124,-1,duplicate_of_ham10000,False,ccc81d4473338dcf,85.0,male,foot,Lower extremity,5 (lightest),5,duplicate_of_ham10000,False
milk10k,milk10k,images/ISIC_9666538.jpg,ISIC_9666538,bcc,g125,external_test,none,125,-1,,False,5dcc4cf06786bc89,55.0,female,lower_extremity,Lower extremity,4,4,,False
milk10k,milk10k,images/ISIC_1151008.jpg,ISIC_1151008,bcc,g126,external_test,none,126,-1,,False,d632f784e792118b,50.0,male,trunk,Trunk,3,3,,False
milk10k,milk10k,images/ISIC_2513521.jpg,ISIC_2513521,sccka,g127,dropped,none,127,-1,unmapped_class:sccka,False,f69a68669199c867,65.0,male,head_neck_face,Head and neck,3,3,unmapped_class:sccka,False
milk10k,milk10k,images/ISIC_9802157.jpg,ISIC_9802157,bcc,g128,external_test,none,128,-1,,False,0cb4f6b14949b4b7,80.0,male,trunk,Trunk,4,4,,False
milk10k,milk10k,images/ISIC_4307786.jpg,ISIC_4307786,bkl,g129,external_test,none,129,-1,,False,37338e96615a84af,80.0,male,trunk,Trunk,4,4,,False
milk10k,milk10k,images/ISIC_6141356.jpg,ISIC_6141356,nv,g130,external_test,none,130,-1,,False,e17c662383c33c9d,45.0,female,trunk,Trunk,3,3,,False
milk10k,milk10k,images/ISIC_7289001.jpg,ISIC_7289001,bcc,g131,external_test,none,131,-1,,False,4be48b3666dab129,60.0,male,head_neck_face,Head and neck,3,3,,False
milk10k,milk10k,images/ISIC_2741027.jpg,ISIC_2741027,sccka,g132,dropped,none,132,-1,unmapped_class:sccka,False,6d2e0e8c9c2e6cf1,75.0,female,upper_extremity,Upper extremity,4,4,unmapped_class:sccka,False
milk10k,milk10k,images/ISIC_1954450.jpg,ISIC_1954450,bkl,g133,external_test,none,133,-1,,True,b1b8f20e463394dd,60.0,female,trunk,Trunk,4,4,,False
milk10k,milk10k,images/ISIC_6653595.jpg,ISIC_6653595,bcc,g134,external_test,none,134,-1,,False,c388a6f99c43d32d,60.0,male,trunk,Trunk,3,3,,False
milk10k,milk10k,images/ISIC_6543284.jpg,ISIC_6543284,mal_oth,g135,dropped,none,135,-1,unmapped_class:mal_oth,False,3c82dcb00f6963dd,80.0,male,trunk,Trunk,3,3,unmapped_class:mal_oth,False
milk10k,milk10k,images/ISIC_1291833.jpg,ISIC_1291833,nv,g136,external_test,none,136,-1,,False,46cc8c66733b8c8f,70.0,male,trunk,Trunk,2,2,,False
milk10k,milk10k,images/ISIC_6458495.jpg,ISIC_6458495,bcc,g137,external_test,none,137,-1,,False,2471c4e13687e757,35.0,male,trunk,Trunk,2,2,,False
milk10k,milk10k,images/ISIC_6563965.jpg,ISIC_6563965,nv,g138,external_test,none,138,-1,,False,6ed2e17bc2a99807,20.0,male,head_neck_face,Head and neck,4,4,,False
milk10k,milk10k,images/ISIC_9677476.jpg,ISIC_9677476,bcc,g139,external_test,none,139,-1,,True,838c7979ad2dd213,50.0,female,lower_extremity,Lower extremity,3,3,,False
milk10k,milk10k,images/ISIC_2913187.jpg,ISIC_2913187,akiec,g140,external_test,none,140,-1,,False,f1594dd47149da23,70.0,male,head_neck_face,Head and neck,2,2,,False
milk10k,milk10k,images/ISIC_7474570.jpg,ISIC_7474570,akiec,g141,external_test,none,141,-1,,False,af338fd27ce84221,75.0,male,head_neck_face,Head and neck,3,3,,False
milk10k,milk10k,images/ISIC_3555396.jpg,ISIC_3555396,bkl,g142,external_test,none,142,-1,,False,9544cc996971b68f,80.0,male,trunk,Trunk,2,2,,False
milk10k,milk10k,images/ISIC_0181316.jpg,ISIC_0181316,bcc,g143,external_test,none,143,-1,,True,2d6ad64666923ba9,65.0,female,head_neck_face,Head and neck,3,3,,False
milk10k,milk10k,images/ISIC_6342177.jpg,ISIC_6342177,bcc,g144,external_test,none,144,-1,,False,069f43b0a668ff23,65.0,male,head_neck_face,Head and neck,5 (lightest),5,,False
milk10k,milk10k,images/ISIC_1033249.jpg,ISIC_1033249,bcc,g145,external_test,none,145,-1,,False,ae339bcc67330c85,75.0,male,head_neck_face,Head and neck,4,4,,False
milk10k,milk10k,images/ISIC_9090562.jpg,ISIC_9090562,sccka,g146,dropped,none,146,-1,unmapped_class:sccka,False,d91ad846e9fab301,85.0,male,head_neck_face,Head and neck,3,3,unmapped_class:sccka,False
milk10k,milk10k,images/ISIC_9250721.jpg,ISIC_9250721,bcc,g147,external_test,none,147,-1,,False,b5f08a2e749c952b,55.0,male,trunk,Trunk,4,4,,False
milk10k,milk10k,images/ISIC_7382332.jpg,ISIC_7382332,bcc,g148,external_test,none,148,-1,,False,c7b2934b681e93b1,80.0,male,lower_extremity,Lower extremity,4,4,,False
milk10k,milk10k,images/ISIC_7886221.jpg,ISIC_7886221,bkl,g149,external_test,none,149,-1,,True,fe1ab8e82961278b,70.0,male,trunk,Trunk,3,3,,False
milk10k,milk10k,images/ISIC_1799338.jpg,ISIC_1799338,bcc,g150,external_test,none,150,-1,,True,df124623b77c70c1,55.0,male,upper_extremity,Upper extremity,3,3,,False
milk10k,milk10k,images/ISIC_3199091.jpg,ISIC_3199091,sccka,g151,dropped,none,151,-1,unmapped_class:sccka,False,d8a2ee38f38ae189,85.0,male,trunk,Trunk,3,3,unmapped_class:sccka,False
milk10k,milk10k,images/ISIC_5761944.jpg,ISIC_5761944,bcc,g152,external_test,none,152,-1,,False,c43ef2ea462b3287,75.0,male,trunk,Trunk,3,3,,False
milk10k,milk10k,images/ISIC_0919412.jpg,ISIC_0919412,df,g153,external_test,none,153,-1,,False,19262699cf63339d,45.0,female,lower_extremity,Lower extremity,2,2,,False
milk10k,milk10k,images/ISIC_1171368.jpg,ISIC_1171368,bcc,g154,external_test,none,154,-1,,False,24584d3d7896772d,65.0,male,upper_extremity,Upper extremity,4,4,,False
milk10k,milk10k,images/ISIC_8366863.jpg,ISIC_8366863,bkl,g155,external_test,none,155,-1,,True,17ccb986fcda3023,65.0,female,head_neck_face,Head and neck,3,3,,False
milk10k,milk10k,images/ISIC_3885747.jpg,ISIC_3885747,sccka,g156,dropped,none,156,-1,unmapped_class:sccka,False,e40d79c41dc2ef23,75.0,female,head_neck_face,Head and neck,4,4,unmapped_class:sccka,False
milk10k,milk10k,images/ISIC_4538438.jpg,ISIC_4538438,akiec,g157,external_test,none,157,-1,,False,b1c86510bf62eb2b,75.0,female,head_neck_face,Head and neck,3,3,,False
milk10k,milk10k,images/ISIC_3560179.jpg,ISIC_3560179,sccka,g158,dropped,none,158,-1,unmapped_class:sccka,False,4cd6b92eeb388623,50.0,male,upper_extremity,Upper extremity,4,4,unmapped_class:sccka,False
milk10k,milk10k,images/ISIC_7387499.jpg,ISIC_7387499,bcc,g159,external_test,none,159,-1,,False,319a958a5dba6e23,70.0,male,trunk,Trunk,3,3,,False
milk10k,milk10k,images/ISIC_9185835.jpg,ISIC_9185835,bcc,g160,external_test,none,160,-1,,False,ee1959f4b09a9623,65.0,female,head_neck_face,Head and neck,3,3,,False
milk10k,milk10k,images/ISIC_0138914.jpg,ISIC_0138914,bcc,g161,external_test,none,161,-1,,True,75c69852998e7369,60.0,male,lower_extremity,Lower extremity,3,3,,False
milk10k,milk10k,images/ISIC_9340414.jpg,ISIC_9340414,nv,g162,external_test,none,162,-1,,False,b21eb13149f1968f,25.0,female,trunk,Trunk,2,2,,False
milk10k,milk10k,images/ISIC_8668865.jpg,ISIC_8668865,bkl,g163,external_test,none,163,-1,,False,7beb6918d3691885,70.0,male,trunk,Trunk,2,2,,False
milk10k,milk10k,images/ISIC_6704813.jpg,ISIC_6704813,bcc,g164,external_test,none,164,-1,,False,d93224de9d7b9601,60.0,female,head_neck_face,Head and neck,3,3,,False
milk10k,milk10k,images/ISIC_7119882.jpg,ISIC_7119882,bcc,g165,external_test,none,165,-1,,False,f9ba5544cc31174b,55.0,male,trunk,Trunk,3,3,,False
milk10k,milk10k,images/ISIC_8191013.jpg,ISIC_8191013,bcc,g166,external_test,none,166,-1,,False,0d2599db3689cd17,80.0,male,trunk,Trunk,3,3,,False
milk10k,milk10k,images/ISIC_0898369.jpg,ISIC_0898369,akiec,g167,external_test,none,167,-1,,False,1c125cd288e4bbdf,65.0,male,head_neck_face,Head and neck,0-1 (darkest),1,,False
milk10k,milk10k,images/ISIC_9916112.jpg,ISIC_9916112,bcc,g168,external_test,none,168,-1,,False,ccc2bb5ea4909c9b,65.0,male,lower_extremity,Lower extremity,4,4,,False
milk10k,milk10k,images/ISIC_1405571.jpg,ISIC_1405571,bcc,g169,external_test,none,169,-1,,False,614cdbdea59e10a9,85.0,male,upper_extremity,Upper extremity,3,3,,False
milk10k,milk10k,images/ISIC_4966803.jpg,ISIC_4966803,bcc,g170,external_test,none,170,-1,,True,3f0709ccc272bda9,75.0,male,head_neck_face,Head and neck,3,3,,False
milk10k,milk10k,images/ISIC_3451684.jpg,ISIC_3451684,bcc,g171,external_test,none,171,-1,,False,96c81fdef06079c1,45.0,female,lower_extremity,Lower extremity,4,4,,False
milk10k,milk10k,images/ISIC_1064441.jpg,ISIC_1064441,bcc,g172,external_test,none,172,-1,,False,398f6d2af89a1331,65.0,male,head_neck_face,Head and neck,4,4,,False
milk10k,milk10k,images/ISIC_4465960.jpg,ISIC_4465960,bcc,g173,external_test,none,173,-1,,False,d1fd1f0ae0b70e41,65.0,female,upper_extremity,Upper extremity,3,3,,False
milk10k,milk10k,images/ISIC_9338482.jpg,ISIC_9338482,sccka,g174,dropped,none,174,-1,unmapped_class:sccka,False,dc8c4f64cbf22e09,55.0,male,head_neck_face,Head and neck,3,3,unmapped_class:sccka,False
milk10k,milk10k,images/ISIC_1149850.jpg,ISIC_1149850,bcc,g175,external_test,none,175,-1,,False,6ebed1e047923e09,75.0,female,trunk,Trunk,3,3,,False
milk10k,milk10k,images/ISIC_9490906.jpg,ISIC_9490906,bcc,g176,external_test,none,176,-1,,False,a6d2a8e63f1a93a1,55.0,male,lower_extremity,Lower extremity,4,4,,False
milk10k,milk10k,images/ISIC_9579888.jpg,ISIC_9579888,nv,g177,external_test,none,177,-1,,False,a15856a91b03ecfd,45.0,male,trunk,Trunk,2,2,,False
milk10k,milk10k,images/ISIC_7828331.jpg,ISIC_7828331,bcc,g178,external_test,none,178,-1,,False,bf555d27512843a9,70.0,male,trunk,Trunk,3,3,,False
milk10k,milk10k,images/ISIC_5880013.jpg,ISIC_5880013,bcc,g179,external_test,none,179,-1,,False,9e3a9e88dd087a27,85.0,female,upper_extremity,Upper extremity,4,4,,False
milk10k,milk10k,images/ISIC_3259414.jpg,ISIC_3259414,bcc,g180,external_test,none,180,-1,,False,ce4c363cdc9a31a9,70.0,male,trunk,Trunk,3,3,,False
milk10k,milk10k,images/ISIC_3636953.jpg,ISIC_3636953,mel,g181,external_test,none,181,-1,,False,ed5b8d6119217387,65.0,male,trunk,Trunk,2,2,,False
milk10k,milk10k,images/ISIC_2977980.jpg,ISIC_2977980,bcc,g182,external_test,none,182,-1,,False,36ebe36698137289,40.0,female,lower_extremity,Lower extremity,4,4,,False
milk10k,milk10k,images/ISIC_7931618.jpg,ISIC_7931618,nv,g183,external_test,none,183,-1,,False,964b68b63399d925,45.0,male,trunk,Trunk,4,4,,False
milk10k,milk10k,images/ISIC_5920610.jpg,ISIC_5920610,bcc,g184,external_test,none,184,-1,,False,ea85b738e06bbc03,55.0,male,head_neck_face,Head and neck,3,3,,False
milk10k,milk10k,images/ISIC_2604430.jpg,ISIC_2604430,mel,g185,dropped,none,185,-1,duplicate_of_ham10000,False,16b8e4c90ba37c5d,70.0,male,trunk,Trunk,0-1 (darkest),1,duplicate_of_ham10000,False
milk10k,milk10k,images/ISIC_5273681.jpg,ISIC_5273681,bcc,g186,external_test,none,186,-1,,True,7cd8fbd2c212fa01,70.0,male,head_neck_face,Head and neck,3,3,,False
milk10k,milk10k,images/ISIC_1403739.jpg,ISIC_1403739,bkl,g187,external_test,none,187,-1,,False,7cec074e6a242de3,65.0,male,lower_extremity,Lower extremity,3,3,,False
milk10k,milk10k,images/ISIC_0642767.jpg,ISIC_0642767,mel,g188,external_test,none,188,-1,,False,256cc2dce93ab2e1,70.0,male,trunk,Trunk,3,3,,False
milk10k,milk10k,images/ISIC_4324758.jpg,ISIC_4324758,df,g189,external_test,none,189,-1,,True,4c686ce7e1181edb,65.0,male,lower_extremity,Lower extremity,2,2,,False
milk10k,milk10k,images/ISIC_1472958.jpg,ISIC_1472958,nv,g190,external_test,none,190,-1,,False,936666ce99396705,35.0,female,trunk,Trunk,4,4,,False
milk10k,milk10k,images/ISIC_8462138.jpg,ISIC_8462138,vasc,g191,external_test,none,191,-1,,False,6433b3cc6c33a1cd,55.0,female,lower_extremity,Lower extremity,5 (lightest),5,,False
milk10k,milk10k,images/ISIC_5728294.jpg,ISIC_5728294,nv,g192,external_test,none,192,-1,,False,9992399963798ca7,45.0,female,lower_extremity,Lower extremity,2,2,,False
milk10k,milk10k,images/ISIC_3088358.jpg,ISIC_3088358,bcc,g193,external_test,none,193,-1,,False,6cd23339cc29b687,50.0,female,head_neck_face,Head and neck,3,3,,False
milk10k,milk10k,images/ISIC_5979125.jpg,ISIC_5979125,bcc,g194,external_test,none,194,-1,,False,a598974e81715ccf,75.0,female,trunk,Trunk,5 (lightest),5,,False
milk10k,milk10k,images/ISIC_4218589.jpg,ISIC_4218589,bcc,g195,external_test,none,195,-1,,False,de9c73496aa0d689,60.0,female,lower_extremity,Lower extremity,3,3,,False
milk10k,milk10k,images/ISIC_1942928.jpg,ISIC_1942928,sccka,g196,dropped,none,196,-1,unmapped_class:sccka,False,9c0616bc39cb33b5,75.0,male,lower_extremity,Lower extremity,3,3,unmapped_class:sccka,False
milk10k,milk10k,images/ISIC_6339347.jpg,ISIC_6339347,nv,g197,external_test,none,197,-1,,False,ff0f00006f3bd8cd,60.0,female,trunk,Trunk,2,2,,False
milk10k,milk10k,images/ISIC_5218005.jpg,ISIC_5218005,nv,g198,external_test,none,198,-1,,False,f869e6231b817837,20.0,female,genital,Anogenital region,3,3,,False
milk10k,milk10k,images/ISIC_2228341.jpg,ISIC_2228341,bcc,g199,external_test,none,199,-1,,False,c338f4712d6193b9,80.0,female,head_neck_face,Head and neck,3,3,,False
milk10k,milk10k,images/ISIC_5378716.jpg,ISIC_5378716,bcc,g200,external_test,none,200,-1,,False,69da76a68df1a281,50.0,male,trunk,Trunk,3,3,,False
milk10k,milk10k,images/ISIC_7282695.jpg,ISIC_7282695,bcc,g201,external_test,none,201,-1,,False,0d2364f9c74999b5,75.0,male,trunk,Trunk,2,2,,False
milk10k,milk10k,images/ISIC_3782771.jpg,ISIC_3782771,bcc,g202,external_test,none,202,-1,,False,9993c88c7231ed4f,75.0,male,lower_extremity,Lower extremity,0-1 (darkest),1,,False
milk10k,milk10k,images/ISIC_3160675.jpg,ISIC_3160675,bkl,g203,external_test,none,203,-1,,False,66b3c2616b4b2ca7,40.0,female,trunk,Trunk,3,3,,False
milk10k,milk10k,images/ISIC_3284879.jpg,ISIC_3284879,bkl,g204,external_test,none,204,-1,,False,c4963e9399696387,65.0,male,trunk,Trunk,3,3,,False
milk10k,milk10k,images/ISIC_8195612.jpg,ISIC_8195612,bcc,g205,external_test,none,205,-1,,False,5e78f9ea72622609,60.0,male,head_neck_face,Head and neck,3,3,,False
milk10k,milk10k,images/ISIC_4117748.jpg,ISIC_4117748,mel,g206,external_test,none,206,-1,,False,c9d9192529f3b325,75.0,male,head_neck_face,Head and neck,2,2,,False
milk10k,milk10k,images/ISIC_3204703.jpg,ISIC_3204703,mel,g207,external_test,none,207,-1,,False,cc6c36b4c3d11c2f,45.0,female,trunk,Trunk,4,4,,False
milk10k,milk10k,images/ISIC_4020367.jpg,ISIC_4020367,bcc,g208,external_test,none,208,-1,,False,f99af6e49c989221,70.0,male,trunk,Trunk,3,3,,False
milk10k,milk10k,images/ISIC_5850719.jpg,ISIC_5850719,mel,g209,external_test,none,209,-1,,True,9a8e5a727383de03,35.0,male,trunk,Trunk,3,3,,False
milk10k,milk10k,images/ISIC_7271787.jpg,ISIC_7271787,sccka,g210,dropped,none,210,-1,unmapped_class:sccka,False,66dad8246dc4fb09,70.0,male,hand,Upper extremity,3,3,unmapped_class:sccka,False
milk10k,milk10k,images/ISIC_7311876.jpg,ISIC_7311876,bcc,g211,external_test,none,211,-1,,False,c99b6224dd994f25,70.0,male,head_neck_face,Head and neck,3,3,,False
milk10k,milk10k,images/ISIC_6278944.jpg,ISIC_6278944,nv,g212,external_test,none,212,-1,,False,e370381cc3e3383f,10.0,female,trunk,Trunk,2,2,,False
milk10k,milk10k,images/ISIC_9627594.jpg,ISIC_9627594,bcc,g213,external_test,none,213,-1,,False,a9fc4b4474fa6701,55.0,female,lower_extremity,Lower extremity,3,3,,False
milk10k,milk10k,images/ISIC_2779297.jpg,ISIC_2779297,bkl,g214,external_test,none,214,-1,,True,6e3e9797691904c5,75.0,male,head_neck_face,Head and neck,3,3,,False
milk10k,milk10k,images/ISIC_7343168.jpg,ISIC_7343168,sccka,g215,dropped,none,215,-1,unmapped_class:sccka,False,4a76865a616afc63,70.0,male,upper_extremity,Upper extremity,4,4,unmapped_class:sccka,False
milk10k,milk10k,images/ISIC_4588701.jpg,ISIC_4588701,bcc,g216,external_test,none,216,-1,,True,8b3ae4c62c5baf41,55.0,male,trunk,Trunk,3,3,,False
milk10k,milk10k,images/ISIC_7941055.jpg,ISIC_7941055,nv,g217,external_test,none,217,-1,,True,cbd90c4c1b31a7c7,50.0,female,lower_extremity,Lower extremity,3,3,,False
milk10k,milk10k,images/ISIC_8243525.jpg,ISIC_8243525,sccka,g218,dropped,none,218,-1,unmapped_class:sccka,False,9ad59044cd39738f,60.0,male,head_neck_face,Head and neck,3,3,unmapped_class:sccka,False
milk10k,milk10k,images/ISIC_3952412.jpg,ISIC_3952412,inf,g219,dropped,none,219,-1,unmapped_class:inf,False,fb80fb04fe02bb21,75.0,female,head_neck_face,Head and neck,5 (lightest),5,unmapped_class:inf,False
milk10k,milk10k,images/ISIC_2695360.jpg,ISIC_2695360,bkl,g220,external_test,none,220,-1,,False,b4ce647a7fe98021,80.0,male,upper_extremity,Upper extremity,3,3,,False
milk10k,milk10k,images/ISIC_4968641.jpg,ISIC_4968641,mel,g221,external_test,none,221,-1,,True,a7f20f29c9095697,70.0,female,head_neck_face,Head and neck,4,4,,False
milk10k,milk10k,images/ISIC_8197317.jpg,ISIC_8197317,mel,g222,external_test,none,222,-1,,False,7fa9129961cb8e85,80.0,male,trunk,Trunk,4,4,,False
milk10k,milk10k,images/ISIC_1201025.jpg,ISIC_1201025,mel,g223,external_test,none,223,-1,,False,66998c11ae59b3e5,60.0,female,trunk,Trunk,2,2,,False
milk10k,milk10k,images/ISIC_3589220.jpg,ISIC_3589220,nv,g224,external_test,none,224,-1,,False,3ae2d9a1ad0b5635,45.0,male,trunk,Trunk,3,3,,False
milk10k,milk10k,images/ISIC_0197900.jpg,ISIC_0197900,bcc,g225,external_test,none,225,-1,,False,9b1cb1d0bcb624e9,75.0,male,upper_extremity,Upper extremity,3,3,,False
milk10k,milk10k,images/ISIC_1895471.jpg,ISIC_1895471,nv,g226,external_test,none,226,-1,,False,cd59d91921697687,40.0,female,trunk,Trunk,3,3,,False
milk10k,milk10k,images/ISIC_6144096.jpg,ISIC_6144096,bcc,g227,external_test,none,227,-1,,False,251e178677cb99a1,70.0,male,trunk,Trunk,3,3,,False
milk10k,milk10k,images/ISIC_9126529.jpg,ISIC_9126529,bkl,g228,external_test,none,228,-1,,False,dd464d88366978a7,65.0,male,trunk,Trunk,3,3,,False
milk10k,milk10k,images/ISIC_1069165.jpg,ISIC_1069165,bcc,g229,external_test,none,229,-1,,False,466d219e9869c5d7,55.0,female,foot,Lower extremity,5 (lightest),5,,False
milk10k,milk10k,images/ISIC_3642704.jpg,ISIC_3642704,nv,g230,external_test,none,230,-1,,False,6338789387cb782d,25.0,male,lower_extremity,Lower extremity,3,3,,False
milk10k,milk10k,images/ISIC_2393561.jpg,ISIC_2393561,bcc,g231,external_test,none,231,-1,,False,0d437ab84b38cf27,45.0,male,trunk,Trunk,3,3,,False
milk10k,milk10k,images/ISIC_5216960.jpg,ISIC_5216960,bkl,g232,external_test,none,232,-1,,False,316d6e4c69f18e23,75.0,female,head_neck_face,Head and neck,3,3,,False
milk10k,milk10k,images/ISIC_3562485.jpg,ISIC_3562485,bcc,g233,external_test,none,233,-1,,False,299b48cbaa2cd3d9,70.0,male,trunk,Trunk,4,4,,False
milk10k,milk10k,images/ISIC_9757709.jpg,ISIC_9757709,bcc,g234,external_test,none,234,-1,,False,b95af3a45333a40b,40.0,male,trunk,Trunk,3,3,,False
milk10k,milk10k,images/ISIC_4442378.jpg,ISIC_4442378,nv,g235,external_test,none,235,-1,,False,ed482606d9d36667,70.0,male,trunk,Trunk,2,2,,False
milk10k,milk10k,images/ISIC_3861977.jpg,ISIC_3861977,bcc,g236,external_test,none,236,-1,,False,466ef2226aa3f50d,75.0,male,upper_extremity,Upper extremity,3,3,,False
milk10k,milk10k,images/ISIC_2432981.jpg,ISIC_2432981,bcc,g237,external_test,none,237,-1,,True,6825f96264d971a7,65.0,female,head_neck_face,Head and neck,3,3,,False
milk10k,milk10k,images/ISIC_3642584.jpg,ISIC_3642584,mel,g238,external_test,none,238,-1,,True,66f26363b4490d8f,80.0,male,head_neck_face,Head and neck,3,3,,False
milk10k,milk10k,images/ISIC_9207099.jpg,ISIC_9207099,bkl,g239,external_test,none,239,-1,,False,f7b8dc4824ace4a9,70.0,female,lower_extremity,Lower extremity,4,4,,False
milk10k,milk10k,images/ISIC_4981008.jpg,ISIC_4981008,mel,g240,external_test,none,240,-1,,False,bc31367156cb4995,55.0,male,upper_extremity,Upper extremity,3,3,,False
milk10k,milk10k,images/ISIC_3620839.jpg,ISIC_3620839,mel,g241,dropped,none,241,-1,duplicate_of_ham10000,False,c32191f3d6cb2c1d,75.0,female,trunk,Trunk,3,3,duplicate_of_ham10000,False
milk10k,milk10k,images/ISIC_1281398.jpg,ISIC_1281398,akiec,g242,external_test,none,242,-1,,False,3ca7d4f029abf019,60.0,female,upper_extremity,Upper extremity,3,3,,False
milk10k,milk10k,images/ISIC_1963610.jpg,ISIC_1963610,bkl,g243,external_test,none,243,-1,,False,f137c6193859432f,55.0,female,trunk,Trunk,3,3,,False
milk10k,milk10k,images/ISIC_8872336.jpg,ISIC_8872336,bkl,g244,external_test,none,244,-1,,False,0cd138cff01e1ed9,55.0,male,lower_extremity,Lower extremity,4,4,,False
milk10k,milk10k,images/ISIC_3157648.jpg,ISIC_3157648,nv,g245,external_test,none,245,-1,,False,b39959f224239a8f,,male,lower_extremity,Lower extremity,3,3,,False
milk10k,milk10k,images/ISIC_1121888.jpg,ISIC_1121888,mel,g246,external_test,none,246,-1,,False,86931c5b3ce9c317,40.0,female,lower_extremity,Lower extremity,2,2,,False
milk10k,milk10k,images/ISIC_6394582.jpg,ISIC_6394582,nv,g247,external_test,none,247,-1,,False,cced56b699d98105,30.0,female,trunk,Trunk,4,4,,False
milk10k,milk10k,images/ISIC_3480499.jpg,ISIC_3480499,bcc,g248,external_test,none,248,-1,,True,0487b50f5af452f9,55.0,female,trunk,Trunk,4,4,,False
milk10k,milk10k,images/ISIC_4872496.jpg,ISIC_4872496,nv,g249,external_test,none,249,-1,,False,833c1859bc03e7b7,35.0,female,trunk,Trunk,2,2,,False
milk10k,milk10k,images/ISIC_8953643.jpg,ISIC_8953643,bcc,g250,external_test,none,250,-1,,False,9a9263187bd1f14d,40.0,female,head_neck_face,Head and neck,3,3,,False
milk10k,milk10k,images/ISIC_7030953.jpg,ISIC_7030953,bcc,g251,external_test,none,251,-1,,True,7cf06ce3c448e3a9,80.0,female,head_neck_face,Head and neck,5 (lightest),5,,False
milk10k,milk10k,images/ISIC_3045480.jpg,ISIC_3045480,mel,g252,external_test,none,252,-1,,False,6493b1e4c71338ed,60.0,male,trunk,Trunk,4,4,,False
milk10k,milk10k,images/ISIC_9410235.jpg,ISIC_9410235,bcc,g253,external_test,none,253,-1,,False,33ecc92e925c6ca3,65.0,male,head_neck_face,Head and neck,3,3,,False
milk10k,milk10k,images/ISIC_1699010.jpg,ISIC_1699010,nv,g254,external_test,none,254,-1,,False,13b69c19ec437237,50.0,female,trunk,Trunk,5 (lightest),5,,False
milk10k,milk10k,images/ISIC_0863389.jpg,ISIC_0863389,bcc,g255,external_test,none,255,-1,,True,e7b86e48ba4a61a3,85.0,female,head_neck_face,Head and neck,5 (lightest),5,,False
milk10k,milk10k,images/ISIC_6416950.jpg,ISIC_6416950,bcc,g256,external_test,none,256,-1,,True,c93c06dbb6a24b35,85.0,male,lower_extremity,Lower extremity,3,3,,False
milk10k,milk10k,images/ISIC_5475721.jpg,ISIC_5475721,nv,g257,external_test,none,257,-1,,False,66e433cecc3126cd,40.0,female,trunk,Trunk,3,3,,False
milk10k,milk10k,images/ISIC_7876083.jpg,ISIC_7876083,bcc,g258,external_test,none,258,-1,,False,7b7289d66f8a8429,60.0,male,head_neck_face,Head and neck,3,3,,False
milk10k,milk10k,images/ISIC_4602130.jpg,ISIC_4602130,sccka,g259,dropped,none,259,-1,unmapped_class:sccka,False,e474ecf4263a5a83,80.0,female,upper_extremity,Upper extremity,3,3,unmapped_class:sccka,False
milk10k,milk10k,images/ISIC_4933905.jpg,ISIC_4933905,sccka,g260,dropped,none,260,-1,unmapped_class:sccka,False,b242fec67222d8ab,65.0,female,hand,Upper extremity,3,3,unmapped_class:sccka,False
milk10k,milk10k,images/ISIC_6115342.jpg,ISIC_6115342,mel,g261,external_test,none,261,-1,,False,ce860cd3b18b363d,80.0,female,lower_extremity,Lower extremity,5 (lightest),5,,False
milk10k,milk10k,images/ISIC_7415373.jpg,ISIC_7415373,sccka,g262,dropped,none,262,-1,unmapped_class:sccka,False,337399cc5433f0c9,85.0,female,lower_extremity,Lower extremity,4,4,unmapped_class:sccka,False
milk10k,milk10k,images/ISIC_1569850.jpg,ISIC_1569850,bcc,g263,external_test,none,263,-1,,False,26f09b7265d24b2b,75.0,female,trunk,Trunk,3,3,,False
milk10k,milk10k,images/ISIC_5938313.jpg,ISIC_5938313,bcc,g264,external_test,none,264,-1,,False,ed68962b6ea0e983,80.0,male,head_neck_face,Head and neck,3,3,,False
milk10k,milk10k,images/ISIC_6305309.jpg,ISIC_6305309,bcc,g265,external_test,none,265,-1,,False,2e2dfe3c80b449d3,85.0,male,head_neck_face,Head and neck,3,3,,False
milk10k,milk10k,images/ISIC_2526104.jpg,ISIC_2526104,bcc,g266,external_test,none,266,-1,,False,4828df2a77aa55a9,75.0,male,trunk,Trunk,3,3,,False
milk10k,milk10k,images/ISIC_8609184.jpg,ISIC_8609184,bcc,g267,external_test,none,267,-1,,True,f7b2cec0a312dc0b,75.0,female,lower_extremity,Lower extremity,3,3,,False
milk10k,milk10k,images/ISIC_1673396.jpg,ISIC_1673396,inf,g268,dropped,none,268,-1,unmapped_class:inf,False,587ecb196be18607,65.0,male,trunk,Trunk,4,4,unmapped_class:inf,False
milk10k,milk10k,images/ISIC_2765997.jpg,ISIC_2765997,nv,g269,external_test,none,269,-1,,False,4c666632d9d96627,45.0,female,head_neck_face,Head and neck,3,3,,False
milk10k,milk10k,images/ISIC_3027737.jpg,ISIC_3027737,bcc,g270,external_test,none,270,-1,,False,f319c3d8cdc22729,55.0,male,lower_extremity,Lower extremity,3,3,,False
milk10k,milk10k,images/ISIC_4640009.jpg,ISIC_4640009,nv,g271,external_test,none,271,-1,,False,da132f72a5a13617,65.0,female,trunk,Trunk,4,4,,False
milk10k,milk10k,images/ISIC_9471648.jpg,ISIC_9471648,bcc,g272,external_test,none,272,-1,,False,8cf6632333134ecd,65.0,female,head_neck_face,Head and neck,4,4,,False
milk10k,milk10k,images/ISIC_5030934.jpg,ISIC_5030934,bcc,g273,external_test,none,273,-1,,False,ea683fa8ff803d01,65.0,female,trunk,Trunk,4,4,,False
milk10k,milk10k,images/ISIC_1512530.jpg,ISIC_1512530,sccka,g274,dropped,none,274,-1,unmapped_class:sccka,False,63bcc5090966decb,75.0,male,lower_extremity,Lower extremity,3,3,unmapped_class:sccka,False
milk10k,milk10k,images/ISIC_0780544.jpg,ISIC_0780544,bkl,g275,external_test,none,275,-1,,True,6632a1b0a3a3cedd,75.0,male,head_neck_face,Head and neck,2,2,,False
milk10k,milk10k,images/ISIC_6780849.jpg,ISIC_6780849,mel,g276,external_test,none,276,-1,,True,998b4d394ce2b38d,75.0,male,trunk,Trunk,2,2,,False
milk10k,milk10k,images/ISIC_5372884.jpg,ISIC_5372884,bcc,g277,external_test,none,277,-1,,False,71a6c63163d91c67,55.0,female,lower_extremity,Lower extremity,4,4,,False
milk10k,milk10k,images/ISIC_9502415.jpg,ISIC_9502415,akiec,g278,external_test,none,278,-1,,False,6df383ae4a503d0d,60.0,male,trunk,Trunk,3,3,,False
milk10k,milk10k,images/ISIC_2601363.jpg,ISIC_2601363,bcc,g279,external_test,none,279,-1,,False,61b4aefcc94a5383,60.0,female,lower_extremity,Lower extremity,4,4,,False
milk10k,milk10k,images/ISIC_8558850.jpg,ISIC_8558850,bkl,g280,external_test,none,280,-1,,True,d3aaa09af4aadc83,45.0,female,trunk,Trunk,3,3,,False
milk10k,milk10k,images/ISIC_0979678.jpg,ISIC_0979678,bcc,g281,external_test,none,281,-1,,False,35e4f6107978b623,75.0,female,upper_extremity,Upper extremity,4,4,,False
milk10k,milk10k,images/ISIC_5481679.jpg,ISIC_5481679,bcc,g282,external_test,none,282,-1,,False,a74a4c6a59aa6cab,45.0,male,head_neck_face,Head and neck,3,3,,False
milk10k,milk10k,images/ISIC_8509874.jpg,ISIC_8509874,nv,g283,external_test,none,283,-1,,True,11acbb336459d22f,35.0,male,head_neck_face,Head and neck,3,3,,False
milk10k,milk10k,images/ISIC_4216162.jpg,ISIC_4216162,bcc,g284,external_test,none,284,-1,,False,e0aa45aa55aaff81,70.0,female,trunk,Trunk,3,3,,False
milk10k,milk10k,images/ISIC_8994952.jpg,ISIC_8994952,bcc,g285,external_test,none,285,-1,,False,78aab9a2d188ff21,60.0,female,head_neck_face,Head and neck,4,4,,False
milk10k,milk10k,images/ISIC_2577644.jpg,ISIC_2577644,nv,g286,external_test,none,286,-1,,False,3466ce8c19396e67,35.0,female,trunk,Trunk,4,4,,False
milk10k,milk10k,images/ISIC_7469563.jpg,ISIC_7469563,bkl,g287,external_test,none,287,-1,,True,db92628c93b0cf4b,55.0,female,head_neck_face,Head and neck,5 (lightest),5,,False
milk10k,milk10k,images/ISIC_8979849.jpg,ISIC_8979849,bcc,g288,external_test,none,288,-1,,False,30cb44bc33635b9d,70.0,male,head_neck_face,Head and neck,3,3,,False
milk10k,milk10k,images/ISIC_0926891.jpg,ISIC_0926891,bcc,g289,external_test,none,289,-1,,False,c942936c93fc4b53,65.0,male,trunk,Trunk,3,3,,False
milk10k,milk10k,images/ISIC_1319737.jpg,ISIC_1319737,bcc,g290,external_test,none,290,-1,,False,1d216af65cbab609,50.0,male,upper_extremity,Upper extremity,3,3,,False
milk10k,milk10k,images/ISIC_1591432.jpg,ISIC_1591432,nv,g291,external_test,none,291,-1,,False,2cfefca0067e6681,40.0,male,head_neck_face,Head and neck,3,3,,False
milk10k,milk10k,images/ISIC_0507021.jpg,ISIC_0507021,bcc,g292,external_test,none,292,-1,,True,7e996e783a165a05,75.0,male,upper_extremity,Upper extremity,3,3,,False
milk10k,milk10k,images/ISIC_5893482.jpg,ISIC_5893482,bcc,g293,external_test,none,293,-1,,False,4a5a9223ada9d2d7,80.0,female,head_neck_face,Head and neck,4,4,,False
milk10k,milk10k,images/ISIC_1761597.jpg,ISIC_1761597,bcc,g294,external_test,none,294,-1,,False,4efe3100cebb380f,70.0,male,trunk,Trunk,3,3,,False
milk10k,milk10k,images/ISIC_6177577.jpg,ISIC_6177577,bcc,g295,external_test,none,295,-1,,False,96a55356ada826e9,75.0,male,trunk,Trunk,3,3,,False
milk10k,milk10k,images/ISIC_0195795.jpg,ISIC_0195795,bcc,g296,external_test,none,296,-1,,False,b17375a529a6071b,55.0,male,head_neck_face,Head and neck,3,3,,False
milk10k,milk10k,images/ISIC_5032675.jpg,ISIC_5032675,nv,g297,external_test,none,297,-1,,True,935364ec993166c7,25.0,female,trunk,Trunk,4,4,,False
milk10k,milk10k,images/ISIC_8274863.jpg,ISIC_8274863,akiec,g298,external_test,none,298,-1,,False,168c5fa63f1bc02d,60.0,male,trunk,Trunk,3,3,,False
milk10k,milk10k,images/ISIC_1749481.jpg,ISIC_1749481,akiec,g299,external_test,none,299,-1,,False,4ede33b4984a3b0b,80.0,male,head_neck_face,Head and neck,3,3,,False
milk10k,milk10k,images/ISIC_4169509.jpg,ISIC_4169509,bcc,g300,external_test,none,300,-1,,True,c5fcf2e2f7401c09,65.0,female,trunk,Trunk,3,3,,False
milk10k,milk10k,images/ISIC_5933489.jpg,ISIC_5933489,bkl,g301,external_test,none,301,-1,,True,6a89ea2d06af322f,70.0,male,head_neck_face,Head and neck,2,2,,False
milk10k,milk10k,images/ISIC_2501939.jpg,ISIC_2501939,akiec,g302,external_test,none,302,-1,,False,96926f74a862d2b9,55.0,male,upper_extremity,Upper extremity,3,3,,False
milk10k,milk10k,images/ISIC_0958977.jpg,ISIC_0958977,bcc,g303,external_test,none,303,-1,,False,49089ee2ffaaf301,55.0,male,lower_extremity,Lower extremity,3,3,,False
milk10k,milk10k,images/ISIC_4506914.jpg,ISIC_4506914,bcc,g304,external_test,none,304,-1,,False,dfaa8f801d827f09,80.0,male,trunk,Trunk,0-1 (darkest),0,,False
milk10k,milk10k,images/ISIC_8815245.jpg,ISIC_8815245,nv,g305,external_test,none,305,-1,,False,664c8dac3cc3c71d,70.0,female,trunk,Trunk,2,2,,False
milk10k,milk10k,images/ISIC_2118620.jpg,ISIC_2118620,bcc,g306,external_test,none,306,-1,,True,e6998966b69a59a1,75.0,female,trunk,Trunk,3,3,,False
milk10k,milk10k,images/ISIC_1421371.jpg,ISIC_1421371,bcc,g307,external_test,none,307,-1,,False,8be2f97e17827089,60.0,female,head_neck_face,Head and neck,4,4,,False
milk10k,milk10k,images/ISIC_5534471.jpg,ISIC_5534471,bkl,g308,external_test,none,308,-1,,False,69b279121e5a56ab,55.0,male,hand,Upper extremity,3,3,,False
milk10k,milk10k,images/ISIC_5492973.jpg,ISIC_5492973,bcc,g309,external_test,none,309,-1,,False,9bf8433874830f6d,70.0,male,head_neck_face,Head and neck,5 (lightest),5,,False
milk10k,milk10k,images/ISIC_8180766.jpg,ISIC_8180766,bcc,g310,external_test,none,310,-1,,False,76ce9922e69a5323,45.0,male,trunk,Trunk,3,3,,False
milk10k,milk10k,images/ISIC_4842466.jpg,ISIC_4842466,akiec,g311,external_test,none,311,-1,,False,86a8831afbcab6a9,75.0,male,head_neck_face,Head and neck,3,3,,False
milk10k,milk10k,images/ISIC_1472142.jpg,ISIC_1472142,akiec,g312,external_test,none,312,-1,,False,eababb4475a822a9,60.0,female,hand,Upper extremity,3,3,,False
milk10k,milk10k,images/ISIC_6420151.jpg,ISIC_6420151,nv,g313,external_test,none,313,-1,,False,3332f192f3594c8d,40.0,male,trunk,Trunk,3,3,,False
milk10k,milk10k,images/ISIC_4380028.jpg,ISIC_4380028,bkl,g314,external_test,none,314,-1,,False,2edfcd262151e463,75.0,male,trunk,Trunk,3,3,,False
milk10k,milk10k,images/ISIC_3004699.jpg,ISIC_3004699,akiec,g315,external_test,none,315,-1,,False,b85af7f44982a18b,45.0,female,head_neck_face,Head and neck,5 (lightest),5,,False
milk10k,milk10k,images/ISIC_0598387.jpg,ISIC_0598387,mel,g316,external_test,none,316,-1,,False,76e9c9324ca932c7,85.0,male,trunk,Trunk,3,3,,False
milk10k,milk10k,images/ISIC_2485182.jpg,ISIC_2485182,bcc,g317,external_test,none,317,-1,,True,bc62ea48b72a1da9,75.0,male,trunk,Trunk,3,3,,False
milk10k,milk10k,images/ISIC_3957660.jpg,ISIC_3957660,mel,g318,external_test,none,318,-1,,False,b23c4bd1f843863d,55.0,female,upper_extremity,Upper extremity,4,4,,False
milk10k,milk10k,images/ISIC_5766997.jpg,ISIC_5766997,bkl,g319,external_test,none,319,-1,,False,a1ae1176e5da152b,65.0,female,upper_extremity,Upper extremity,3,3,,False
milk10k,milk10k,images/ISIC_5352383.jpg,ISIC_5352383,bcc,g320,external_test,none,320,-1,,False,efb0b8365bba2301,50.0,male,head_neck_face,Head and neck,3,3,,False
milk10k,milk10k,images/ISIC_5711226.jpg,ISIC_5711226,bcc,g321,external_test,none,321,-1,,False,3d4696b6e9687c81,65.0,male,lower_extremity,Lower extremity,3,3,,False
milk10k,milk10k,images/ISIC_9712861.jpg,ISIC_9712861,bcc,g322,external_test,none,322,-1,,False,868f3078cf83a4dd,70.0,male,head_neck_face,Head and neck,0-1 (darkest),1,,False
milk10k,milk10k,images/ISIC_2895427.jpg,ISIC_2895427,bcc,g323,external_test,none,323,-1,,False,ea6466333113cccf,60.0,female,head_neck_face,Head and neck,4,4,,False
milk10k,milk10k,images/ISIC_0305865.jpg,ISIC_0305865,mel,g324,external_test,none,324,-1,,False,adabcdc2ed215219,75.0,male,trunk,Trunk,3,3,,False
milk10k,milk10k,images/ISIC_8294897.jpg,ISIC_8294897,nv,g325,external_test,none,325,-1,,False,ca701dcd6e21523f,45.0,female,head_neck_face,Head and neck,3,3,,False
milk10k,milk10k,images/ISIC_1080345.jpg,ISIC_1080345,bcc,g326,external_test,none,326,-1,,False,8345b1314dd1e2ef,75.0,male,head_neck_face,Head and neck,3,3,,False
milk10k,milk10k,images/ISIC_8717771.jpg,ISIC_8717771,akiec,g327,external_test,none,327,-1,,False,fda41878d62dd981,45.0,male,trunk,Trunk,3,3,,False
milk10k,milk10k,images/ISIC_5425962.jpg,ISIC_5425962,akiec,g328,external_test,none,328,-1,,True,66ee9946e4b98361,70.0,male,head_neck_face,Head and neck,3,3,,False
milk10k,milk10k,images/ISIC_9896977.jpg,ISIC_9896977,bkl,g329,external_test,none,329,-1,,False,1dd6e11e46da29a3,55.0,female,upper_extremity,Upper extremity,3,3,,False
milk10k,milk10k,images/ISIC_2204119.jpg,ISIC_2204119,sccka,g330,dropped,none,330,-1,unmapped_class:sccka,False,ce43b899e62913b5,75.0,female,trunk,Trunk,4,4,unmapped_class:sccka,False
milk10k,milk10k,images/ISIC_7200132.jpg,ISIC_7200132,bcc,g331,external_test,none,331,-1,,False,d9a267928c596727,80.0,male,trunk,Trunk,3,3,,False
milk10k,milk10k,images/ISIC_9011764.jpg,ISIC_9011764,nv,g332,external_test,none,332,-1,,True,6d92cc193b6be285,20.0,female,genital,Anogenital region,3,3,,False
milk10k,milk10k,images/ISIC_4083158.jpg,ISIC_4083158,nv,g333,dropped,none,333,-1,duplicate_of_ham10000,False,999926669b996467,50.0,female,trunk,Trunk,2,2,duplicate_of_ham10000,False
milk10k,milk10k,images/ISIC_2471655.jpg,ISIC_2471655,bkl,g334,external_test,none,334,-1,,True,497cd6da9f1a18a1,80.0,male,upper_extremity,Upper extremity,3,3,,False
milk10k,milk10k,images/ISIC_5017355.jpg,ISIC_5017355,nv,g335,external_test,none,335,-1,,True,e6cc9b38694386ad,35.0,female,trunk,Trunk,3,3,,False
milk10k,milk10k,images/ISIC_4898917.jpg,ISIC_4898917,bcc,g336,external_test,none,336,-1,,False,2534a43d694bb3ab,55.0,male,lower_extremity,Lower extremity,3,3,,False
milk10k,milk10k,images/ISIC_3558339.jpg,ISIC_3558339,nv,g337,external_test,none,337,-1,,False,035a39d1f82987d7,60.0,female,trunk,Trunk,4,4,,False
milk10k,milk10k,images/ISIC_5937588.jpg,ISIC_5937588,mel,g338,external_test,none,338,-1,,True,9348cc9673bb1c27,65.0,female,trunk,Trunk,4,4,,False
milk10k,milk10k,images/ISIC_1970988.jpg,ISIC_1970988,mel,g339,external_test,none,339,-1,,True,1cf9c961a68b2575,80.0,male,trunk,Trunk,4,4,,False
milk10k,milk10k,images/ISIC_2972596.jpg,ISIC_2972596,bcc,g340,external_test,none,340,-1,,False,e4f29b699a4a65a1,65.0,male,trunk,Trunk,3,3,,False
milk10k,milk10k,images/ISIC_3374597.jpg,ISIC_3374597,nv,g341,external_test,none,341,-1,,False,e14ccff23cc3e029,25.0,male,trunk,Trunk,4,4,,False
milk10k,milk10k,images/ISIC_6972742.jpg,ISIC_6972742,nv,g342,external_test,none,342,-1,,False,3289e7632693d98d,25.0,male,trunk,Trunk,3,3,,False
milk10k,milk10k,images/ISIC_2391545.jpg,ISIC_2391545,akiec,g343,external_test,none,343,-1,,False,624c33d6ce391c8f,75.0,male,head_neck_face,Head and neck,2,2,,False
milk10k,milk10k,images/ISIC_0210672.jpg,ISIC_0210672,bcc,g344,external_test,none,344,-1,,False,f1aa1ea053aacf89,85.0,male,lower_extremity,Lower extremity,3,3,,False
milk10k,milk10k,images/ISIC_6915298.jpg,ISIC_6915298,bcc,g345,external_test,none,345,-1,,False,f178c68279a9f489,80.0,male,head_neck_face,Head and neck,3,3,,False
milk10k,milk10k,images/ISIC_7910863.jpg,ISIC_7910863,bkl,g346,external_test,none,346,-1,,True,1ecea69c71694c87,55.0,male,trunk,Trunk,3,3,,False
milk10k,milk10k,images/ISIC_8564627.jpg,ISIC_8564627,nv,g347,external_test,none,347,-1,,False,2ca653dba4b94b07,20.0,female,lower_extremity,Lower extremity,3,3,,False
milk10k,milk10k,images/ISIC_2168892.jpg,ISIC_2168892,sccka,g348,dropped,none,348,-1,unmapped_class:sccka,False,3e2f2099d0f4cb93,70.0,male,lower_extremity,Lower extremity,3,3,unmapped_class:sccka,False
milk10k,milk10k,images/ISIC_3328177.jpg,ISIC_3328177,bcc,g349,external_test,none,349,-1,,False,0e1db23339db4c27,65.0,male,trunk,Trunk,2,2,,False
milk10k,milk10k,images/ISIC_3050487.jpg,ISIC_3050487,bcc,g350,external_test,none,350,-1,,False,78a5de20ea4ac5e9,60.0,female,head_neck_face,Head and neck,4,4,,False
milk10k,milk10k,images/ISIC_3073821.jpg,ISIC_3073821,mel,g351,external_test,none,351,-1,,False,66197c93c7699865,65.0,male,trunk,Trunk,2,2,,False
milk10k,milk10k,images/ISIC_7278376.jpg,ISIC_7278376,nv,g352,external_test,none,352,-1,,False,814c3c26e3f33d8d,35.0,male,trunk,Trunk,3,3,,False
milk10k,milk10k,images/ISIC_9521441.jpg,ISIC_9521441,bcc,g353,external_test,none,353,-1,,False,867179933833c3cd,65.0,male,trunk,Trunk,5 (lightest),5,,False
milk10k,milk10k,images/ISIC_8943527.jpg,ISIC_8943527,bcc,g354,external_test,none,354,-1,,False,fec0fd88b606e903,65.0,male,head_neck_face,Head and neck,4,4,,False
milk10k,milk10k,images/ISIC_5744902.jpg,ISIC_5744902,bcc,g355,external_test,none,355,-1,,False,0f861e7e92784ba3,60.0,female,head_neck_face,Head and neck,3,3,,False
milk10k,milk10k,images/ISIC_8699233.jpg,ISIC_8699233,bkl,g356,external_test,none,356,-1,,False,6e93993826d96565,65.0,female,lower_extremity,Lower extremity,3,3,,False
milk10k,milk10k,images/ISIC_9561756.jpg,ISIC_9561756,bkl,g357,external_test,none,357,-1,,False,19ac4e12a4f9f8a7,75.0,male,head_neck_face,Head and neck,4,4,,False
milk10k,milk10k,images/ISIC_7647712.jpg,ISIC_7647712,nv,g358,external_test,none,358,-1,,True,cb740cb96cc3932d,15.0,female,lower_extremity,Lower extremity,4,4,,False
milk10k,milk10k,images/ISIC_1532506.jpg,ISIC_1532506,nv,g359,external_test,none,359,-1,,False,183e1899e3f31c6d,60.0,male,trunk,Trunk,4,4,,False
milk10k,milk10k,images/ISIC_8642522.jpg,ISIC_8642522,mel,g360,external_test,none,360,-1,,False,93316b4c30cbc7b5,70.0,male,trunk,Trunk,2,2,,False
milk10k,milk10k,images/ISIC_8650326.jpg,ISIC_8650326,bkl,g361,external_test,none,361,-1,,False,146c76a9a595627b,80.0,male,lower_extremity,Lower extremity,3,3,,False
milk10k,milk10k,images/ISIC_6614498.jpg,ISIC_6614498,akiec,g362,external_test,none,362,-1,,False,62fe562cb4b0e983,45.0,male,lower_extremity,Lower extremity,3,3,,False
milk10k,milk10k,images/ISIC_6170751.jpg,ISIC_6170751,akiec,g363,external_test,none,363,-1,,True,15f2ccf43738e183,70.0,female,foot,Lower extremity,4,4,,False
milk10k,milk10k,images/ISIC_1969306.jpg,ISIC_1969306,bcc,g364,external_test,none,364,-1,,True,0999c3e587990e77,80.0,male,trunk,Trunk,3,3,,False
milk10k,milk10k,images/ISIC_4348115.jpg,ISIC_4348115,bcc,g365,external_test,none,365,-1,,True,754ada3969be1c03,75.0,male,upper_extremity,Upper extremity,3,3,,False
milk10k,milk10k,images/ISIC_7954970.jpg,ISIC_7954970,bcc,g366,external_test,none,366,-1,,True,773069a22d0b0fbd,85.0,female,trunk,Trunk,3,3,,False
milk10k,milk10k,images/ISIC_0403826.jpg,ISIC_0403826,bkl,g367,dropped,none,367,-1,duplicate_of_ham10000,False,cc9cb9b6d6684c85,55.0,male,head_neck_face,Head and neck,3,3,duplicate_of_ham10000,False
milk10k,milk10k,images/ISIC_8000982.jpg,ISIC_8000982,vasc,g368,external_test,none,368,-1,,False,8a6666a699996567,10.0,female,trunk,Trunk,2,2,,False
milk10k,milk10k,images/ISIC_0817051.jpg,ISIC_0817051,bcc,g369,external_test,none,369,-1,,False,6178f556e4e86623,65.0,male,trunk,Trunk,3,3,,False
milk10k,milk10k,images/ISIC_1804844.jpg,ISIC_1804844,bcc,g370,external_test,none,370,-1,,False,669973638c8bc335,70.0,male,,,2,2,,False
milk10k,milk10k,images/ISIC_0815023.jpg,ISIC_0815023,nv,g371,external_test,none,371,-1,,False,2c666699c9b1366d,45.0,female,trunk,Trunk,4,4,,False
milk10k,milk10k,images/ISIC_2522593.jpg,ISIC_2522593,bcc,g372,external_test,none,372,-1,,False,eb50742ae3823bab,65.0,female,trunk,Trunk,3,3,,False
milk10k,milk10k,images/ISIC_2531111.jpg,ISIC_2531111,bkl,g373,external_test,none,373,-1,,False,9f02f55410bfce49,65.0,female,trunk,Trunk,3,3,,False
milk10k,milk10k,images/ISIC_3500691.jpg,ISIC_3500691,mel,g374,external_test,none,374,-1,,False,7b70d8aa908f87a9,85.0,male,head_neck_face,Head and neck,3,3,,False
milk10k,milk10k,images/ISIC_4310588.jpg,ISIC_4310588,ben_oth,g375,dropped,none,375,-1,unmapped_class:ben_oth,False,80c61696b9f1ce8f,20.0,female,head_neck_face,Head and neck,3,3,unmapped_class:ben_oth,False
milk10k,milk10k,images/ISIC_9987719.jpg,ISIC_9987719,bcc,g376,external_test,none,376,-1,,False,80639d84fbd987a3,65.0,female,lower_extremity,Lower extremity,3,3,,False
milk10k,milk10k,images/ISIC_4138489.jpg,ISIC_4138489,bcc,g377,external_test,none,377,-1,,False,d9b8b2441f5868eb,70.0,male,hand,Upper extremity,3,3,,False
milk10k,milk10k,images/ISIC_0598709.jpg,ISIC_0598709,bcc,g378,external_test,none,378,-1,,False,e6bafb761c60c181,60.0,male,trunk,Trunk,3,3,,False
milk10k,milk10k,images/ISIC_9663937.jpg,ISIC_9663937,bcc,g379,external_test,none,379,-1,,False,9cb3fb191ac68c29,75.0,male,lower_extremity,Lower extremity,3,3,,False
milk10k,milk10k,images/ISIC_6679588.jpg,ISIC_6679588,ben_oth,g380,dropped,none,380,-1,unmapped_class:ben_oth,False,cf02fd24f603fb01,,female,lower_extremity,Lower extremity,4,4,unmapped_class:ben_oth,False
milk10k,milk10k,images/ISIC_1890330.jpg,ISIC_1890330,bcc,g381,external_test,none,381,-1,,False,711b838466f9dca5,70.0,male,trunk,Trunk,3,3,,False
milk10k,milk10k,images/ISIC_2553729.jpg,ISIC_2553729,bcc,g382,external_test,none,382,-1,,False,52d89652f8f44b8b,70.0,male,trunk,Trunk,3,3,,False
milk10k,milk10k,images/ISIC_9390963.jpg,ISIC_9390963,bcc,g383,external_test,none,383,-1,,False,97886d22df9b5521,55.0,female,lower_extremity,Lower extremity,3,3,,False
milk10k,milk10k,images/ISIC_6347753.jpg,ISIC_6347753,nv,g384,external_test,none,384,-1,,False,6406336cccbb33cd,45.0,male,lower_extremity,Lower extremity,2,2,,False
milk10k,milk10k,images/ISIC_1536397.jpg,ISIC_1536397,nv,g385,external_test,none,385,-1,,False,369a92996961de87,30.0,female,trunk,Trunk,3,3,,False
milk10k,milk10k,images/ISIC_5892763.jpg,ISIC_5892763,mel,g386,external_test,none,386,-1,,False,a479c84b33a3685f,55.0,male,upper_extremity,Upper extremity,3,3,,False
milk10k,milk10k,images/ISIC_2975261.jpg,ISIC_2975261,bcc,g387,external_test,none,387,-1,,False,1e631f911921db9d,45.0,male,upper_extremity,Upper extremity,3,3,,False
milk10k,milk10k,images/ISIC_9521675.jpg,ISIC_9521675,bcc,g388,external_test,none,388,-1,,True,e678cbde922a5381,50.0,male,trunk,Trunk,3,3,,False
milk10k,milk10k,images/ISIC_4576379.jpg,ISIC_4576379,inf,g389,dropped,none,389,-1,unmapped_class:inf,False,c7a9f97921814f0d,80.0,male,trunk,Trunk,5 (lightest),5,unmapped_class:inf,False
milk10k,milk10k,images/ISIC_2472012.jpg,ISIC_2472012,bkl,g390,external_test,none,390,-1,,False,a5e69716b95924a3,50.0,female,upper_extremity,Upper extremity,3,3,,False
milk10k,milk10k,images/ISIC_5830124.jpg,ISIC_5830124,inf,g391,dropped,none,391,-1,unmapped_class:inf,False,191336d879c4b3ab,65.0,female,lower_extremity,Lower extremity,5 (lightest),5,unmapped_class:inf,False
milk10k,milk10k,images/ISIC_6890536.jpg,ISIC_6890536,akiec,g392,external_test,none,392,-1,,False,19b3b9139869670f,65.0,female,head_neck_face,Head and neck,4,4,,False
milk10k,milk10k,images/ISIC_2777762.jpg,ISIC_2777762,bkl,g393,external_test,none,393,-1,,False,70e65b58c92b9c8d,70.0,female,head_neck_face,Head and neck,3,3,,False
milk10k,milk10k,images/ISIC_5441520.jpg,ISIC_5441520,bcc,g394,external_test,none,394,-1,,False,8386c74949787db3,55.0,female,head_neck_face,Head and neck,5 (lightest),5,,False
milk10k,milk10k,images/ISIC_5714368.jpg,ISIC_5714368,df,g395,external_test,none,395,-1,,False,b1acc9362699db23,60.0,male,lower_extremity,Lower extremity,3,3,,False
milk10k,milk10k,images/ISIC_1756915.jpg,ISIC_1756915,nv,g396,external_test,none,396,-1,,True,331bd363ce89a907,40.0,male,trunk,Trunk,2,2,,False
milk10k,milk10k,images/ISIC_0497911.jpg,ISIC_0497911,bcc,g397,external_test,none,397,-1,,True,cfbbefcf4b900001,80.0,female,head_neck_face,Head and neck,3,3,,False
milk10k,milk10k,images/ISIC_5925251.jpg,ISIC_5925251,bcc,g398,external_test,none,398,-1,,True,f1b137764db84a41,60.0,female,upper_extremity,Upper extremity,3,3,,False
milk10k,milk10k,images/ISIC_6989617.jpg,ISIC_6989617,bcc,g399,external_test,none,399,-1,,False,c95b64fe24c899a3,35.0,female,trunk,Trunk,3,3,,False
milk10k,milk10k,images/ISIC_9973379.jpg,ISIC_9973379,nv,g400,external_test,none,400,-1,,False,62336333c3d39c4d,10.0,male,lower_extremity,Lower extremity,3,3,,False
milk10k,milk10k,images/ISIC_1859150.jpg,ISIC_1859150,bcc,g401,external_test,none,401,-1,,False,b48ecd38b3f84c83,50.0,male,upper_extremity,Upper extremity,3,3,,False
milk10k,milk10k,images/ISIC_9152345.jpg,ISIC_9152345,akiec,g402,external_test,none,402,-1,,False,7d1c93c682927e4d,65.0,male,head_neck_face,Head and neck,3,3,,False
milk10k,milk10k,images/ISIC_2565230.jpg,ISIC_2565230,bcc,g403,external_test,none,403,-1,,False,99e6791ea6a0c32b,75.0,female,lower_extremity,Lower extremity,3,3,,False
milk10k,milk10k,images/ISIC_1729396.jpg,ISIC_1729396,mel,g404,external_test,none,404,-1,,False,4df9871cbca4415b,65.0,female,head_neck_face,Head and neck,4,4,,False
milk10k,milk10k,images/ISIC_7563649.jpg,ISIC_7563649,bcc,g405,external_test,none,405,-1,,False,5503584adda3371f,80.0,male,upper_extremity,Upper extremity,3,3,,False
milk10k,milk10k,images/ISIC_8356711.jpg,ISIC_8356711,akiec,g406,external_test,none,406,-1,,True,9498bb7429b25ea3,85.0,female,lower_extremity,Lower extremity,3,3,,False
milk10k,milk10k,images/ISIC_9896561.jpg,ISIC_9896561,bcc,g407,external_test,none,407,-1,,False,340bce6af30acd2d,75.0,male,upper_extremity,Upper extremity,3,3,,False
milk10k,milk10k,images/ISIC_4601154.jpg,ISIC_4601154,mel,g408,external_test,none,408,-1,,False,cc216c933c59f32d,30.0,male,trunk,Trunk,5 (lightest),5,,False
milk10k,milk10k,images/ISIC_7235047.jpg,ISIC_7235047,nv,g409,external_test,none,409,-1,,True,dea42b9b11015e77,65.0,male,trunk,Trunk,3,3,,False
milk10k,milk10k,images/ISIC_7645103.jpg,ISIC_7645103,bcc,g410,external_test,none,410,-1,,False,37a42cb8e763322d,55.0,female,trunk,Trunk,3,3,,False
milk10k,milk10k,images/ISIC_2905836.jpg,ISIC_2905836,bcc,g411,external_test,none,411,-1,,True,d3136404dbeabd61,60.0,female,trunk,Trunk,3,3,,False
milk10k,milk10k,images/ISIC_4186883.jpg,ISIC_4186883,bcc,g412,external_test,none,412,-1,,False,260b75f8aa05d979,70.0,male,head_neck_face,Head and neck,4,4,,False
milk10k,milk10k,images/ISIC_3859478.jpg,ISIC_3859478,bcc,g413,external_test,none,413,-1,,False,c6cbc2695aa17875,45.0,male,head_neck_face,Head and neck,2,2,,False
milk10k,milk10k,images/ISIC_3942613.jpg,ISIC_3942613,bcc,g414,external_test,none,414,-1,,False,42b7ad442cbabe43,55.0,male,trunk,Trunk,3,3,,False
milk10k,milk10k,images/ISIC_0758242.jpg,ISIC_0758242,bcc,g415,external_test,none,415,-1,,False,4e959f5493b868a3,65.0,female,trunk,Trunk,3,3,,False
milk10k,milk10k,images/ISIC_7065051.jpg,ISIC_7065051,bkl,g416,external_test,none,416,-1,,False,c3832c793443d9bd,55.0,male,head_neck_face,Head and neck,2,2,,False
milk10k,milk10k,images/ISIC_4386519.jpg,ISIC_4386519,bcc,g417,external_test,none,417,-1,,False,cdf20bf0a5c21f0b,60.0,female,lower_extremity,Lower extremity,3,3,,False
milk10k,milk10k,images/ISIC_6173661.jpg,ISIC_6173661,bcc,g418,external_test,none,418,-1,,False,236c3926dcbce689,60.0,male,trunk,Trunk,3,3,,False
milk10k,milk10k,images/ISIC_5225765.jpg,ISIC_5225765,sccka,g419,dropped,none,419,-1,unmapped_class:sccka,False,e924d323cd2ab5d1,80.0,female,foot,Lower extremity,4,4,unmapped_class:sccka,False
milk10k,milk10k,images/ISIC_9887877.jpg,ISIC_9887877,bkl,g420,external_test,none,420,-1,,True,de387fa2c3823c29,60.0,male,trunk,Trunk,3,3,,False
milk10k,milk10k,images/ISIC_0510537.jpg,ISIC_0510537,bcc,g421,external_test,none,421,-1,,False,0947e3b95c33b14d,75.0,male,trunk,Trunk,5 (lightest),5,,False
milk10k,milk10k,images/ISIC_3288032.jpg,ISIC_3288032,nv,g422,external_test,none,422,-1,,False,cb1b4e6491996667,50.0,female,upper_extremity,Upper extremity,3,3,,False
milk10k,milk10k,images/ISIC_0835682.jpg,ISIC_0835682,bcc,g423,external_test,none,423,-1,,False,e9d986e3190cf21b,65.0,male,lower_extremity,Lower extremity,4,4,,False
milk10k,milk10k,images/ISIC_7510898.jpg,ISIC_7510898,bcc,g424,external_test,none,424,-1,,False,23ba0faa6732af81,60.0,female,head_neck_face,Head and neck,3,3,,False
milk10k,milk10k,images/ISIC_0811123.jpg,ISIC_0811123,bcc,g425,external_test,none,425,-1,,False,15a40717e83a79eb,45.0,male,upper_extremity,Upper extremity,3,3,,False
milk10k,milk10k,images/ISIC_3807348.jpg,ISIC_3807348,bcc,g426,external_test,none,426,-1,,True,adea79385298d623,60.0,male,lower_extremity,Lower extremity,3,3,,False
milk10k,milk10k,images/ISIC_1430231.jpg,ISIC_1430231,bkl,g427,external_test,none,427,-1,,True,7067d18a176b530f,75.0,male,,,4,4,,False
milk10k,milk10k,images/ISIC_8379235.jpg,ISIC_8379235,mel,g428,external_test,none,428,-1,,False,ce8e3488cb29f587,75.0,female,head_neck_face,Head and neck,5 (lightest),5,,False
milk10k,milk10k,images/ISIC_3457455.jpg,ISIC_3457455,bcc,g429,external_test,none,429,-1,,False,e52cac34d3e9c217,65.0,female,lower_extremity,Lower extremity,3,3,,False
milk10k,milk10k,images/ISIC_2769033.jpg,ISIC_2769033,bkl,g430,external_test,none,430,-1,,False,f226ec9ba96a8a23,55.0,female,lower_extremity,Lower extremity,3,3,,False
milk10k,milk10k,images/ISIC_8234371.jpg,ISIC_8234371,bcc,g431,external_test,none,431,-1,,False,be6a1a30f58acb29,50.0,male,trunk,Trunk,4,4,,False
milk10k,milk10k,images/ISIC_5052804.jpg,ISIC_5052804,nv,g432,external_test,none,432,-1,,False,ca913d487233c3cf,20.0,female,trunk,Trunk,4,4,,False
milk10k,milk10k,images/ISIC_4311112.jpg,ISIC_4311112,mel,g433,external_test,none,433,-1,,False,c93326db96695187,55.0,male,lower_extremity,Lower extremity,4,4,,False
milk10k,milk10k,images/ISIC_6987320.jpg,ISIC_6987320,nv,g434,external_test,none,434,-1,,False,b22e06f07c4393bd,45.0,male,trunk,Trunk,2,2,,False
milk10k,milk10k,images/ISIC_6428254.jpg,ISIC_6428254,bcc,g435,external_test,none,435,-1,,False,337160c6473ecccd,65.0,female,head_neck_face,Head and neck,5 (lightest),5,,False
milk10k,milk10k,images/ISIC_0440550.jpg,ISIC_0440550,bcc,g436,external_test,none,436,-1,,False,4bb4d2a85363873d,75.0,male,head_neck_face,Head and neck,3,3,,False
milk10k,milk10k,images/ISIC_1815891.jpg,ISIC_1815891,nv,g437,external_test,none,437,-1,,False,71313619273b8d67,55.0,male,lower_extremity,Lower extremity,3,3,,False
milk10k,milk10k,images/ISIC_3538568.jpg,ISIC_3538568,akiec,g438,external_test,none,438,-1,,False,b3c64b3b43a1744b,60.0,female,lower_extremity,Lower extremity,2,2,,False
milk10k,milk10k,images/ISIC_0597607.jpg,ISIC_0597607,nv,g439,external_test,none,439,-1,,False,d9714b61a40b76d5,5.0,female,lower_extremity,Lower extremity,3,3,,False
milk10k,milk10k,images/ISIC_7509328.jpg,ISIC_7509328,akiec,g440,external_test,none,440,-1,,False,13d8e61b64319b2f,85.0,male,trunk,Trunk,4,4,,False
milk10k,milk10k,images/ISIC_1126401.jpg,ISIC_1126401,mel,g441,external_test,none,441,-1,,False,d9116664999b3667,40.0,female,trunk,Trunk,2,2,,False
milk10k,milk10k,images/ISIC_4412646.jpg,ISIC_4412646,mel,g442,external_test,none,442,-1,,False,76737c43e8a3022f,55.0,female,lower_extremity,Lower extremity,4,4,,False
milk10k,milk10k,images/ISIC_3507614.jpg,ISIC_3507614,bkl,g443,external_test,none,443,-1,,False,cb5836228d8a6fab,55.0,female,upper_extremity,Upper extremity,3,3,,False
milk10k,milk10k,images/ISIC_3127974.jpg,ISIC_3127974,akiec,g444,external_test,none,444,-1,,False,decad3266c989323,55.0,female,head_neck_face,Head and neck,3,3,,False
milk10k,milk10k,images/ISIC_8199024.jpg,ISIC_8199024,nv,g445,external_test,none,445,-1,,True,c3a44d78bda15257,,female,lower_extremity,Lower extremity,4,4,,False
milk10k,milk10k,images/ISIC_4973062.jpg,ISIC_4973062,bcc,g446,external_test,none,446,-1,,False,ce8c5b3373628c8b,55.0,female,trunk,Trunk,3,3,,False
milk10k,milk10k,images/ISIC_5230761.jpg,ISIC_5230761,mel,g447,external_test,none,447,-1,,False,96c34363a5ad0b3d,60.0,female,lower_extremity,Lower extremity,5 (lightest),5,,False
milk10k,milk10k,images/ISIC_0828276.jpg,ISIC_0828276,bcc,g448,external_test,none,448,-1,,False,5a31e7e2987269c9,75.0,male,trunk,Trunk,3,3,,False
milk10k,milk10k,images/ISIC_8344818.jpg,ISIC_8344818,sccka,g449,dropped,none,449,-1,unmapped_class:sccka,False,b06ab8b473d3062f,70.0,male,hand,Upper extremity,3,3,unmapped_class:sccka,False
milk10k,milk10k,images/ISIC_9821910.jpg,ISIC_9821910,bcc,g450,external_test,none,450,-1,,False,e388ce309fc2d729,85.0,male,trunk,Trunk,4,4,,False
milk10k,milk10k,images/ISIC_8079864.jpg,ISIC_8079864,bcc,g451,external_test,none,451,-1,,False,31fecd36f218a489,55.0,male,trunk,Trunk,4,4,,False
milk10k,milk10k,images/ISIC_5587236.jpg,ISIC_5587236,nv,g452,external_test,none,452,-1,,False,796e328e311933cd,35.0,male,upper_extremity,Upper extremity,4,4,,False
milk10k,milk10k,images/ISIC_7851081.jpg,ISIC_7851081,mel,g453,external_test,none,453,-1,,False,cccc8ea63359cca5,55.0,female,lower_extremity,Lower extremity,3,3,,False
milk10k,milk10k,images/ISIC_1982635.jpg,ISIC_1982635,akiec,g454,external_test,none,454,-1,,False,5c66619ece7813a3,70.0,male,lower_extremity,Lower extremity,3,3,,False
milk10k,milk10k,images/ISIC_0680993.jpg,ISIC_0680993,akiec,g455,external_test,none,455,-1,,False,58f36eca2c682f83,60.0,male,upper_extremity,Upper extremity,3,3,,False
milk10k,milk10k,images/ISIC_6562442.jpg,ISIC_6562442,mel,g456,external_test,none,456,-1,,False,0c2cc636e3d1372f,40.0,female,trunk,Trunk,3,3,,False
milk10k,milk10k,images/ISIC_4092604.jpg,ISIC_4092604,bcc,g457,external_test,none,457,-1,,False,3f6c965cb4b86981,70.0,female,trunk,Trunk,3,3,,False
milk10k,milk10k,images/ISIC_5194644.jpg,ISIC_5194644,nv,g458,external_test,none,458,-1,,False,9922b39999996667,30.0,female,lower_extremity,Lower extremity,3,3,,False
milk10k,milk10k,images/ISIC_1350051.jpg,ISIC_1350051,bcc,g459,external_test,none,459,-1,,False,ade5c093974b192d,65.0,male,head_neck_face,Head and neck,3,3,,False
milk10k,milk10k,images/ISIC_8810920.jpg,ISIC_8810920,bcc,g460,external_test,none,460,-1,,False,e34aa7124ca8b3af,65.0,male,head_neck_face,Head and neck,3,3,,False
milk10k,milk10k,images/ISIC_0802648.jpg,ISIC_0802648,sccka,g461,dropped,none,461,-1,unmapped_class:sccka,False,2bd5dc7899866629,85.0,female,lower_extremity,Lower extremity,3,3,unmapped_class:sccka,False
milk10k,milk10k,images/ISIC_4192230.jpg,ISIC_4192230,bcc,g462,external_test,none,462,-1,,False,96ec1f3ae0efc801,65.0,male,head_neck_face,Head and neck,4,4,,False
milk10k,milk10k,images/ISIC_2088803.jpg,ISIC_2088803,bcc,g463,external_test,none,463,-1,,True,d3e95354db02c8ab,65.0,female,lower_extremity,Lower extremity,3,3,,False
milk10k,milk10k,images/ISIC_0763962.jpg,ISIC_0763962,bcc,g464,external_test,none,464,-1,,False,ce102be6cc3b98c7,65.0,male,head_neck_face,Head and neck,4,4,,False
milk10k,milk10k,images/ISIC_2564687.jpg,ISIC_2564687,bcc,g465,external_test,none,465,-1,,False,0795314ef1718ecb,65.0,male,lower_extremity,Lower extremity,3,3,,False
milk10k,milk10k,images/ISIC_9749130.jpg,ISIC_9749130,bcc,g466,external_test,none,466,-1,,False,b3eae2b2dcd8b101,60.0,male,head_neck_face,Head and neck,4,4,,False
milk10k,milk10k,images/ISIC_2352288.jpg,ISIC_2352288,sccka,g467,dropped,none,467,-1,unmapped_class:sccka,False,33c9c63a6d8cf229,75.0,male,lower_extremity,Lower extremity,3,3,unmapped_class:sccka,False
milk10k,milk10k,images/ISIC_1457973.jpg,ISIC_1457973,bcc,g468,external_test,none,468,-1,,False,9ecbe6b8db229029,55.0,female,trunk,Trunk,4,4,,False
milk10k,milk10k,images/ISIC_4112456.jpg,ISIC_4112456,nv,g469,external_test,none,469,-1,,False,b686a7181ce9d587,35.0,female,trunk,Trunk,3,3,,False
milk10k,milk10k,images/ISIC_7695263.jpg,ISIC_7695263,mel,g470,external_test,none,470,-1,,False,adcc4359ad299687,30.0,female,upper_extremity,Upper extremity,3,3,,False
milk10k,milk10k,images/ISIC_7876616.jpg,ISIC_7876616,nv,g471,dropped,none,471,-1,duplicate_of_ham10000,False,913364ccb233cbcd,40.0,female,trunk,Trunk,4,4,duplicate_of_ham10000,False
milk10k,milk10k,images/ISIC_0467628.jpg,ISIC_0467628,bcc,g472,external_test,none,472,-1,,False,b738c3c8c903eb8b,55.0,male,trunk,Trunk,3,3,,False
milk10k,milk10k,images/ISIC_6782031.jpg,ISIC_6782031,sccka,g473,dropped,none,473,-1,unmapped_class:sccka,False,b9b26f62dc227609,75.0,male,head_neck_face,Head and neck,3,3,unmapped_class:sccka,False
milk10k,milk10k,images/ISIC_1033453.jpg,ISIC_1033453,bcc,g474,external_test,none,474,-1,,False,3913c2f42cbc95e3,50.0,male,trunk,Trunk,3,3,,False
milk10k,milk10k,images/ISIC_6596926.jpg,ISIC_6596926,mel,g475,external_test,none,475,-1,,True,a493a3b3dbd80c27,65.0,male,upper_extremity,Upper extremity,5 (lightest),5,,False
milk10k,milk10k,images/ISIC_7303630.jpg,ISIC_7303630,mel,g476,external_test,none,476,-1,,False,11965af8e7211cdd,55.0,male,trunk,Trunk,4,4,,False
milk10k,milk10k,images/ISIC_8660210.jpg,ISIC_8660210,nv,g477,external_test,none,477,-1,,False,2ca6da1be5e13385,35.0,male,lower_extremity,Lower extremity,5 (lightest),5,,False
milk10k,milk10k,images/ISIC_9336765.jpg,ISIC_9336765,bcc,g478,external_test,none,478,-1,,False,b388dacceb30ed81,65.0,male,lower_extremity,Lower extremity,4,4,,False
milk10k,milk10k,images/ISIC_3820500.jpg,ISIC_3820500,bcc,g479,external_test,none,479,-1,,False,9b7263a64b5835a3,40.0,male,head_neck_face,Head and neck,3,3,,False
milk10k,milk10k,images/ISIC_8829523.jpg,ISIC_8829523,sccka,g480,dropped,none,480,-1,unmapped_class:sccka,False,9c10e608dfaa3bab,50.0,male,lower_extremity,Lower extremity,3,3,unmapped_class:sccka,False
milk10k,milk10k,images/ISIC_4176108.jpg,ISIC_4176108,bcc,g481,external_test,none,481,-1,,True,04190d3f7cf9f1c1,50.0,female,head_neck_face,Head and neck,5 (lightest),5,,False
milk10k,milk10k,images/ISIC_0811703.jpg,ISIC_0811703,df,g482,external_test,none,482,-1,,True,9c9867b1dbc81933,40.0,female,lower_extremity,Lower extremity,3,3,,False
milk10k,milk10k,images/ISIC_5266605.jpg,ISIC_5266605,bcc,g483,external_test,none,483,-1,,False,599d8e649b998c65,70.0,female,head_neck_face,Head and neck,4,4,,False
milk10k,milk10k,images/ISIC_8771453.jpg,ISIC_8771453,nv,g484,external_test,none,484,-1,,False,3123e670338bce67,20.0,female,trunk,Trunk,2,2,,False
milk10k,milk10k,images/ISIC_8837131.jpg,ISIC_8837131,nv,g485,external_test,none,485,-1,,False,e632087366cb730f,50.0,male,trunk,Trunk,3,3,,False
milk10k,milk10k,images/ISIC_3717176.jpg,ISIC_3717176,bcc,g486,external_test,none,486,-1,,False,8742b2bc9c8ee4f1,60.0,male,lower_extremity,Lower extremity,3,3,,False
milk10k,milk10k,images/ISIC_4375866.jpg,ISIC_4375866,mel,g487,external_test,none,487,-1,,False,33e77c2c070369ab,70.0,female,head_neck_face,Head and neck,3,3,,False
milk10k,milk10k,images/ISIC_8843104.jpg,ISIC_8843104,bcc,g488,external_test,none,488,-1,,True,dd4cec12de19f281,75.0,male,trunk,Trunk,3,3,,False
milk10k,milk10k,images/ISIC_3887050.jpg,ISIC_3887050,akiec,g489,external_test,none,489,-1,,False,9fa20e82b78af529,55.0,male,head_neck_face,Head and neck,3,3,,False
milk10k,milk10k,images/ISIC_4246393.jpg,ISIC_4246393,nv,g490,external_test,none,490,-1,,False,cca69a5cb3a94ca3,35.0,male,trunk,Trunk,3,3,,False
milk10k,milk10k,images/ISIC_6860942.jpg,ISIC_6860942,akiec,g491,external_test,none,491,-1,,True,b81b0ee9e0a39e55,70.0,male,head_neck_face,Head and neck,2,2,,False
milk10k,milk10k,images/ISIC_9696099.jpg,ISIC_9696099,nv,g492,external_test,none,492,-1,,False,e6cc1566e391896d,65.0,female,lower_extremity,Lower extremity,3,3,,False
milk10k,milk10k,images/ISIC_3468757.jpg,ISIC_3468757,nv,g493,external_test,none,493,-1,,False,271c39933133cd6d,60.0,male,trunk,Trunk,3,3,,False
milk10k,milk10k,images/ISIC_5184106.jpg,ISIC_5184106,bcc,g494,external_test,none,494,-1,,True,06182dc378cbce77,70.0,female,head_neck_face,Head and neck,3,3,,False
milk10k,milk10k,images/ISIC_3307579.jpg,ISIC_3307579,bcc,g495,external_test,none,495,-1,,False,374ea7fc14e2c883,65.0,male,upper_extremity,Upper extremity,3,3,,False
milk10k,milk10k,images/ISIC_2190119.jpg,ISIC_2190119,bkl,g496,external_test,none,496,-1,,False,f90abc28dba2ae89,60.0,male,trunk,Trunk,3,3,,False
milk10k,milk10k,images/ISIC_1741197.jpg,ISIC_1741197,bcc,g497,external_test,none,497,-1,,False,4e267331cee68e0b,70.0,female,head_neck_face,Head and neck,5 (lightest),5,,False
milk10k,milk10k,images/ISIC_0805951.jpg,ISIC_0805951,bcc,g498,external_test,none,498,-1,,False,f97868ee031ab1a3,35.0,male,head_neck_face,Head and neck,3,3,,False
milk10k,milk10k,images/ISIC_3352589.jpg,ISIC_3352589,bcc,g499,external_test,none,499,-1,,False,1bf64cda1162e3c3,70.0,male,trunk,Trunk,3,3,,False
milk10k,milk10k,images/ISIC_4310927.jpg,ISIC_4310927,sccka,g500,dropped,none,500,-1,unmapped_class:sccka,False,656f19625386c71b,80.0,female,upper_extremity,Upper extremity,3,3,unmapped_class:sccka,False
milk10k,milk10k,images/ISIC_9890254.jpg,ISIC_9890254,nv,g501,external_test,none,501,-1,,False,21359aed5619ad27,25.0,male,head_neck_face,Head and neck,3,3,,False
milk10k,milk10k,images/ISIC_5628874.jpg,ISIC_5628874,mel,g502,external_test,none,502,-1,,True,1138c6db63e3992d,50.0,female,lower_extremity,Lower extremity,3,3,,False
milk10k,milk10k,images/ISIC_9415992.jpg,ISIC_9415992,nv,g503,external_test,none,503,-1,,False,ea7bc491f62d0b03,40.0,female,head_neck_face,Head and neck,3,3,,False
milk10k,milk10k,images/ISIC_4622192.jpg,ISIC_4622192,nv,g504,external_test,none,504,-1,,False,cd9b348cb9390c67,45.0,female,upper_extremity,Upper extremity,4,4,,False
milk10k,milk10k,images/ISIC_1609351.jpg,ISIC_1609351,vasc,g505,external_test,none,505,-1,,False,9a5949e6e698b923,80.0,female,upper_extremity,Upper extremity,3,3,,False
milk10k,milk10k,images/ISIC_6417205.jpg,ISIC_6417205,bcc,g506,external_test,none,506,-1,,False,99b1a1a59a7e624b,70.0,male,trunk,Trunk,3,3,,False
milk10k,milk10k,images/ISIC_8614302.jpg,ISIC_8614302,bcc,g507,external_test,none,507,-1,,False,58e83373c69b89a5,65.0,male,head_neck_face,Head and neck,3,3,,False
milk10k,milk10k,images/ISIC_2745537.jpg,ISIC_2745537,nv,g508,external_test,none,508,-1,,False,0656b37849a3bc5d,40.0,female,trunk,Trunk,4,4,,False
milk10k,milk10k,images/ISIC_3535882.jpg,ISIC_3535882,mel,g509,external_test,none,509,-1,,False,e3b2a75b8681383d,70.0,male,head_neck_face,Head and neck,2,2,,False
milk10k,milk10k,images/ISIC_2288200.jpg,ISIC_2288200,bkl,g510,external_test,none,510,-1,,True,b36703b20dd3d60d,45.0,female,head_neck_face,Head and neck,2,2,,False
milk10k,milk10k,images/ISIC_5766792.jpg,ISIC_5766792,nv,g511,external_test,none,511,-1,,False,839bb379b0e1c887,75.0,male,trunk,Trunk,2,2,,False
milk10k,milk10k,images/ISIC_5630379.jpg,ISIC_5630379,sccka,g512,dropped,none,512,-1,unmapped_class:sccka,False,c6b600ee649947e7,60.0,male,head_neck_face,Head and neck,5 (lightest),5,unmapped_class:sccka,False
milk10k,milk10k,images/ISIC_1317686.jpg,ISIC_1317686,bcc,g513,external_test,none,513,-1,,False,f522db642cc8f307,60.0,female,upper_extremity,Upper extremity,3,3,,False
milk10k,milk10k,images/ISIC_5925562.jpg,ISIC_5925562,bcc,g514,external_test,none,514,-1,,False,b9c93d6a7390a1a3,50.0,female,upper_extremity,Upper extremity,3,3,,False
milk10k,milk10k,images/ISIC_5842460.jpg,ISIC_5842460,bcc,g515,external_test,none,515,-1,,False,b9264c72cfb8cb21,80.0,male,upper_extremity,Upper extremity,3,3,,False
milk10k,milk10k,images/ISIC_3897686.jpg,ISIC_3897686,bcc,g516,external_test,none,516,-1,,False,d784f6f2e2c20f09,50.0,male,upper_extremity,Upper extremity,3,3,,False
milk10k,milk10k,images/ISIC_6685424.jpg,ISIC_6685424,nv,g517,external_test,none,517,-1,,False,ccc4391cf3738c8d,40.0,male,lower_extremity,Lower extremity,3,3,,False
milk10k,milk10k,images/ISIC_0849075.jpg,ISIC_0849075,bcc,g518,external_test,none,518,-1,,False,fc8a93aa4c2ab2ab,50.0,male,trunk,Trunk,3,3,,False
milk10k,milk10k,images/ISIC_3981430.jpg,ISIC_3981430,bcc,g519,external_test,none,519,-1,,True,6e039de169b45693,65.0,female,trunk,Trunk,3,3,,False
milk10k,milk10k,images/ISIC_5063002.jpg,ISIC_5063002,nv,g520,external_test,none,520,-1,,False,0307071f07c1f9f7,25.0,female,head_neck_face,Head and neck,3,3,,False
milk10k,milk10k,images/ISIC_3568310.jpg,ISIC_3568310,bcc,g521,external_test,none,521,-1,,True,1afa238a69ceac33,65.0,male,hand,Upper extremity,4,4,,False
milk10k,milk10k,images/ISIC_5856068.jpg,ISIC_5856068,sccka,g522,dropped,none,522,-1,unmapped_class:sccka,False,913579f8a3cc0ea9,85.0,female,upper_extremity,Upper extremity,3,3,unmapped_class:sccka,False
milk10k,milk10k,images/ISIC_6739483.jpg,ISIC_6739483,df,g523,external_test,none,523,-1,,False,b9583333c8cba62d,35.0,female,lower_extremity,Lower extremity,3,3,,False
milk10k,milk10k,images/ISIC_7452466.jpg,ISIC_7452466,nv,g524,external_test,none,524,-1,,True,86999a7173696387,50.0,male,trunk,Trunk,2,2,,False
milk10k,milk10k,images/ISIC_6725841.jpg,ISIC_6725841,sccka,g525,dropped,none,525,-1,unmapped_class:sccka,False,19a1fcc38d8c6d4b,85.0,female,upper_extremity,Upper extremity,4,4,unmapped_class:sccka,False
milk10k,milk10k,images/ISIC_9479710.jpg,ISIC_9479710,bcc,g526,external_test,none,526,-1,,True,651a87e35aa1b54b,75.0,male,trunk,Trunk,3,3,,False
milk10k,milk10k,images/ISIC_3918888.jpg,ISIC_3918888,bcc,g527,external_test,none,527,-1,,False,db3247aece30ac89,65.0,female,head_neck_face,Head and neck,3,3,,False
milk10k,milk10k,images/ISIC_7298204.jpg,ISIC_7298204,akiec,g528,external_test,none,528,-1,,True,6c99b9623539832f,55.0,male,head_neck_face,Head and neck,3,3,,False
milk10k,milk10k,images/ISIC_8216653.jpg,ISIC_8216653,nv,g529,external_test,none,529,-1,,False,c9b2364c3393cd2d,40.0,male,trunk,Trunk,2,2,,False
milk10k,milk10k,images/ISIC_5713218.jpg,ISIC_5713218,nv,g530,external_test,none,530,-1,,False,aec91b331191cecd,45.0,male,trunk,Trunk,3,3,,False
milk10k,milk10k,images/ISIC_7727795.jpg,ISIC_7727795,bcc,g531,external_test,none,531,-1,,False,7fb7e7862161108d,65.0,female,lower_extremity,Lower extremity,3,3,,False
milk10k,milk10k,images/ISIC_7116014.jpg,ISIC_7116014,nv,g532,external_test,none,532,-1,,False,f2c67918097966a7,65.0,male,trunk,Trunk,4,4,,False
milk10k,milk10k,images/ISIC_5310379.jpg,ISIC_5310379,bkl,g533,dropped,none,533,-1,duplicate_of_ham10000,False,871329e1ad0bda9d,85.0,male,trunk,Trunk,4,4,duplicate_of_ham10000,False
milk10k,milk10k,images/ISIC_3252559.jpg,ISIC_3252559,sccka,g534,dropped,none,534,-1,unmapped_class:sccka,False,19f3cc8cb972c781,70.0,male,head_neck_face,Head and neck,3,3,unmapped_class:sccka,False
milk10k,milk10k,images/ISIC_0147255.jpg,ISIC_0147255,bcc,g535,external_test,none,535,-1,,False,4d5094536dad9a57,75.0,male,trunk,Trunk,4,4,,False
milk10k,milk10k,images/ISIC_8042886.jpg,ISIC_8042886,bcc,g536,external_test,none,536,-1,,True,7b82a6a8faa2ac2b,55.0,male,upper_extremity,Upper extremity,3,3,,False
milk10k,milk10k,images/ISIC_5214703.jpg,ISIC_5214703,inf,g537,dropped,none,537,-1,unmapped_class:inf,False,37d13226c93b8765,25.0,male,,,4,4,unmapped_class:inf,False
milk10k,milk10k,images/ISIC_7231732.jpg,ISIC_7231732,nv,g538,external_test,none,538,-1,,False,8382d3037a2b3cfd,10.0,male,trunk,Trunk,3,3,,False
milk10k,milk10k,images/ISIC_1681382.jpg,ISIC_1681382,bkl,g539,external_test,none,539,-1,,True,1546743cc3e38e9d,80.0,female,head_neck_face,Head and neck,0-1 (darkest),1,,False
milk10k,milk10k,images/ISIC_0187220.jpg,ISIC_0187220,bkl,g540,external_test,none,540,-1,,True,36365aee379a4921,65.0,male,trunk,Trunk,3,3,,False
milk10k,milk10k,images/ISIC_0767613.jpg,ISIC_0767613,nv,g541,external_test,none,541,-1,,False,66e1c9cc3331c9cd,30.0,female,trunk,Trunk,3,3,,False
milk10k,milk10k,images/ISIC_6124320.jpg,ISIC_6124320,bcc,g542,external_test,none,542,-1,,True,e840263f267f0fe1,80.0,male,head_neck_face,Head and neck,4,4,,False
milk10k,milk10k,images/ISIC_2654339.jpg,ISIC_2654339,bcc,g543,external_test,none,543,-1,,False,8e2069f366eb6d05,45.0,male,head_neck_face,Head and neck,3,3,,False
milk10k,milk10k,images/ISIC_2090799.jpg,ISIC_2090799,bcc,g544,external_test,none,544,-1,,True,8f88698ee45a1fa3,55.0,male,head_neck_face,Head and neck,3,3,,False
milk10k,milk10k,images/ISIC_8176795.jpg,ISIC_8176795,bcc,g545,external_test,none,545,-1,,False,bcb2fd9e1aa2202b,50.0,male,head_neck_face,Head and neck,3,3,,False
milk10k,milk10k,images/ISIC_4421697.jpg,ISIC_4421697,bkl,g546,external_test,none,546,-1,,False,63315e8c7cc3833d,65.0,male,head_neck_face,Head and neck,3,3,,False
milk10k,milk10k,images/ISIC_3477325.jpg,ISIC_3477325,ben_oth,g547,dropped,none,547,-1,unmapped_class:ben_oth,False,1c008f99fcb9e327,70.0,male,trunk,Trunk,3,3,unmapped_class:ben_oth,False
milk10k,milk10k,images/ISIC_3709727.jpg,ISIC_3709727,mel,g548,external_test,none,548,-1,,False,017fc49bf7891c45,80.0,female,head_neck_face,Head and neck,3,3,,False
milk10k,milk10k,images/ISIC_1987185.jpg,ISIC_1987185,bkl,g549,external_test,none,549,-1,,False,e33097964578dd23,45.0,female,lower_extremity,Lower extremity,3,3,,False
milk10k,milk10k,images/ISIC_8601570.jpg,ISIC_8601570,mel,g550,external_test,none,550,-1,,False,d68c1972d9e1271d,30.0,female,lower_extremity,Lower extremity,4,4,,False
milk10k,milk10k,images/ISIC_0091092.jpg,ISIC_0091092,bcc,g551,external_test,none,551,-1,,False,4d2e96504f828fed,65.0,male,trunk,Trunk,3,3,,False
milk10k,milk10k,images/ISIC_0552734.jpg,ISIC_0552734,vasc,g552,external_test,none,552,-1,,True,73c88eac791106ef,20.0,male,trunk,Trunk,3,3,,False
milk10k,milk10k,images/ISIC_2415589.jpg,ISIC_2415589,mel,g553,external_test,none,553,-1,,True,0ffbe0e12d0358b5,80.0,female,head_neck_face,Head and neck,4,4,,False
milk10k,milk10k,images/ISIC_3103756.jpg,ISIC_3103756,bcc,g554,external_test,none,554,-1,,False,bbd4ab80ca723a8b,65.0,female,trunk,Trunk,5 (lightest),5,,False
milk10k,milk10k,images/ISIC_2320914.jpg,ISIC_2320914,bkl,g555,external_test,none,555,-1,,False,c992f93e0ec80fa3,55.0,female,trunk,Trunk,3,3,,False
milk10k,milk10k,images/ISIC_9084534.jpg,ISIC_9084534,bkl,g556,external_test,none,556,-1,,False,b5f34c2cc213e16d,80.0,female,trunk,Trunk,2,2,,False
milk10k,milk10k,images/ISIC_6195604.jpg,ISIC_6195604,nv,g557,external_test,none,557,-1,,False,663666b1b6c3192d,5.0,female,lower_extremity,Lower extremity,3,3,,False
milk10k,milk10k,images/ISIC_6078508.jpg,ISIC_6078508,sccka,g558,dropped,none,558,-1,unmapped_class:sccka,False,399e97b308332e8d,70.0,female,upper_extremity,Upper extremity,3,3,unmapped_class:sccka,False
milk10k,milk10k,images/ISIC_5033470.jpg,ISIC_5033470,bcc,g559,external_test,none,559,-1,,False,59ca8ed6e49a9923,70.0,male,trunk,Trunk,3,3,,False
milk10k,milk10k,images/ISIC_8687675.jpg,ISIC_8687675,mel,g560,external_test,none,560,-1,,False,cd9c0893664937e7,75.0,female,trunk,Trunk,3,3,,False
milk10k,milk10k,images/ISIC_5093839.jpg,ISIC_5093839,mel,g561,external_test,none,561,-1,,False,2970b9e3b782960f,55.0,female,trunk,Trunk,3,3,,False
milk10k,milk10k,images/ISIC_1408695.jpg,ISIC_1408695,nv,g562,external_test,none,562,-1,,True,19192ec632b3cd2f,65.0,male,trunk,Trunk,4,4,,False
milk10k,milk10k,images/ISIC_1740962.jpg,ISIC_1740962,bcc,g563,external_test,none,563,-1,,False,dc24fb24d1784cab,70.0,female,upper_extremity,Upper extremity,3,3,,False
milk10k,milk10k,images/ISIC_6691676.jpg,ISIC_6691676,mel,g564,external_test,none,564,-1,,False,e3566eb4042ede83,30.0,male,head_neck_face,Head and neck,3,3,,False
milk10k,milk10k,images/ISIC_4178690.jpg,ISIC_4178690,vasc,g565,external_test,none,565,-1,,True,c9c986843331ddcf,75.0,male,trunk,Trunk,4,4,,False
milk10k,milk10k,images/ISIC_9317670.jpg,ISIC_9317670,bcc,g566,external_test,none,566,-1,,False,2e02d62ad7aa56ab,75.0,male,trunk,Trunk,3,3,,False
milk10k,milk10k,images/ISIC_9436084.jpg,ISIC_9436084,bcc,g567,external_test,none,567,-1,,False,13092decb325cbc7,55.0,male,head_neck_face,Head and neck,3,3,,False
milk10k,milk10k,images/ISIC_6323263.jpg,ISIC_6323263,inf,g568,dropped,none,568,-1,unmapped_class:inf,False,d9b16d8bb40352d5,25.0,female,head_neck_face,Head and neck,5 (lightest),5,unmapped_class:inf,False
milk10k,milk10k,images/ISIC_4700918.jpg,ISIC_4700918,nv,g569,external_test,none,569,-1,,False,648e8e6c7691db45,45.0,female,lower_extremity,Lower extremity,5 (lightest),5,,False
milk10k,milk10k,images/ISIC_7272469.jpg,ISIC_7272469,nv,g570,external_test,none,570,-1,,False,78493699b65949a7,55.0,female,trunk,Trunk,3,3,,False
milk10k,milk10k,images/ISIC_9512371.jpg,ISIC_9512371,mel,g571,external_test,none,571,-1,,False,93391872fc49662f,50.0,male,lower_extremity,Lower extremity,3,3,,False
milk10k,milk10k,images/ISIC_3158315.jpg,ISIC_3158315,bcc,g572,external_test,none,572,-1,,False,8f93e0e87386aea1,55.0,female,upper_extremity,Upper extremity,3,3,,False
milk10k,milk10k,images/ISIC_4277959.jpg,ISIC_4277959,bcc,g573,external_test,none,573,-1,,False,33f023f08b427dab,75.0,female,head_neck_face,Head and neck,5 (lightest),5,,False
milk10k,milk10k,images/ISIC_6288293.jpg,ISIC_6288293,bcc,g574,external_test,none,574,-1,,False,8067bb8ecb50678d,75.0,female,trunk,Trunk,2,2,,False
milk10k,milk10k,images/ISIC_9853363.jpg,ISIC_9853363,nv,g575,external_test,none,575,-1,,False,70c2323e79d3a52d,25.0,male,trunk,Trunk,2,2,,False
milk10k,milk10k,images/ISIC_6461356.jpg,ISIC_6461356,bcc,g576,external_test,none,576,-1,,False,dd8ac69e66a0b721,75.0,male,lower_extremity,Lower extremity,3,3,,False
milk10k,milk10k,images/ISIC_1567381.jpg,ISIC_1567381,bcc,g577,external_test,none,577,-1,,False,81bb9f40b6fa098b,70.0,female,head_neck_face,Head and neck,3,3,,False
milk10k,milk10k,images/ISIC_1485174.jpg,ISIC_1485174,bcc,g578,external_test,none,578,-1,,False,de229caa33aaf681,70.0,male,upper_extremity,Upper extremity,3,3,,False
milk10k,milk10k,images/ISIC_8012264.jpg,ISIC_8012264,nv,g579,external_test,none,579,-1,,False,73301af38cc94b3d,35.0,male,trunk,Trunk,2,2,,False
milk10k,milk10k,images/ISIC_0777452.jpg,ISIC_0777452,bcc,g580,external_test,none,580,-1,,False,d81fc92539dc023f,35.0,female,head_neck_face,Head and neck,4,4,,False
milk10k,milk10k,images/ISIC_5854998.jpg,ISIC_5854998,bkl,g581,external_test,none,581,-1,,True,2cb966598d69d187,75.0,male,trunk,Trunk,2,2,,False
milk10k,milk10k,images/ISIC_7567589.jpg,ISIC_7567589,bcc,g582,external_test,none,582,-1,,False,bf28a5a2dcaa1b89,65.0,female,lower_extremity,Lower extremity,3,3,,False
milk10k,milk10k,images/ISIC_7922830.jpg,ISIC_7922830,mel,g583,external_test,none,583,-1,,False,4cd9a126ec991b67,80.0,male,trunk,Trunk,2,2,,False
milk10k,milk10k,images/ISIC_5744011.jpg,ISIC_5744011,nv,g584,external_test,none,584,-1,,False,531be1e927215c57,30.0,female,trunk,Trunk,2,2,,False
milk10k,milk10k,images/ISIC_9875364.jpg,ISIC_9875364,mel,g585,external_test,none,585,-1,,False,730cb3e60c3363cd,50.0,male,trunk,Trunk,4,4,,False
milk10k,milk10k,images/ISIC_3003010.jpg,ISIC_3003010,bcc,g586,external_test,none,586,-1,,False,66598a693da37193,80.0,female,head_neck_face,Head and neck,3,3,,False
milk10k,milk10k,images/ISIC_4228893.jpg,ISIC_4228893,nv,g587,external_test,none,587,-1,,False,681ce19999db3365,25.0,female,,,5 (lightest),5,,False
milk10k,milk10k,images/ISIC_3040289.jpg,ISIC_3040289,sccka,g588,dropped,none,588,-1,unmapped_class:sccka,False,669b996666999961,70.0,male,head_neck_face,Head and neck,3,3,unmapped_class:sccka,False
milk10k,milk10k,images/ISIC_2945370.jpg,ISIC_2945370,bcc,g589,external_test,none,589,-1,,False,d2f81bce0d23aa8d,60.0,male,head_neck_face,Head and neck,4,4,,False
milk10k,milk10k,images/ISIC_8870190.jpg,ISIC_8870190,bkl,g590,external_test,none,590,-1,,True,47acbc421edca70b,65.0,female,trunk,Trunk,3,3,,False
milk10k,milk10k,images/ISIC_3303065.jpg,ISIC_3303065,ben_oth,g591,dropped,none,591,-1,unmapped_class:ben_oth,False,86ce3239c6c9133f,40.0,male,trunk,Trunk,2,2,unmapped_class:ben_oth,False
milk10k,milk10k,images/ISIC_2337998.jpg,ISIC_2337998,mel,g592,external_test,none,592,-1,,True,b46918f90723e997,40.0,female,lower_extremity,Lower extremity,3,3,,False
milk10k,milk10k,images/ISIC_1264034.jpg,ISIC_1264034,mel,g593,external_test,none,593,-1,,False,273c7661dc0b29b5,70.0,female,upper_extremity,Upper extremity,3,3,,False
milk10k,milk10k,images/ISIC_1364390.jpg,ISIC_1364390,nv,g594,external_test,none,594,-1,,False,c613837278e9b24f,30.0,male,trunk,Trunk,3,3,,False
milk10k,milk10k,images/ISIC_1859626.jpg,ISIC_1859626,nv,g595,external_test,none,595,-1,,False,193866e3f6eb0985,10.0,male,lower_extremity,Lower extremity,3,3,,False
milk10k,milk10k,images/ISIC_3445145.jpg,ISIC_3445145,sccka,g596,dropped,none,596,-1,unmapped_class:sccka,False,9b98faa8fb80390b,80.0,male,head_neck_face,Head and neck,3,3,unmapped_class:sccka,False
milk10k,milk10k,images/ISIC_3983224.jpg,ISIC_3983224,bcc,g597,external_test,none,597,-1,,True,1dcb28338cd3334f,80.0,male,lower_extremity,Lower extremity,3,3,,False
milk10k,milk10k,images/ISIC_7516346.jpg,ISIC_7516346,bkl,g598,external_test,none,598,-1,,False,61a69b3c86594ea7,60.0,male,lower_extremity,Lower extremity,4,4,,False
milk10k,milk10k,images/ISIC_1338697.jpg,ISIC_1338697,akiec,g599,external_test,none,599,-1,,False,748ea5ecf650cd09,35.0,female,head_neck_face,Head and neck,3,3,,False
milk10k,milk10k,images/ISIC_1763947.jpg,ISIC_1763947,nv,g600,dropped,none,600,-1,duplicate_of_ham10000,False,a60cd9b3d963268d,45.0,female,lower_extremity,Lower extremity,2,2,duplicate_of_ham10000,False
milk10k,milk10k,images/ISIC_5780488.jpg,ISIC_5780488,bcc,g601,external_test,none,601,-1,,False,b34ed37060267fa1,75.0,female,lower_extremity,Lower extremity,3,3,,False
milk10k,milk10k,images/ISIC_9578110.jpg,ISIC_9578110,akiec,g602,external_test,none,602,-1,,True,0b99a6a66b99b827,75.0,male,head_neck_face,Head and neck,3,3,,False
milk10k,milk10k,images/ISIC_4674125.jpg,ISIC_4674125,bcc,g603,external_test,none,603,-1,,True,6744d3b4ab306d4b,35.0,female,head_neck_face,Head and neck,3,3,,False
milk10k,milk10k,images/ISIC_6860247.jpg,ISIC_6860247,bcc,g604,external_test,none,604,-1,,False,dbf807d87aaa0aa1,85.0,female,upper_extremity,Upper extremity,3,3,,False
milk10k,milk10k,images/ISIC_6457111.jpg,ISIC_6457111,bcc,g605,external_test,none,605,-1,,True,25a3f15b938b4d29,65.0,male,lower_extremity,Lower extremity,4,4,,False
milk10k,milk10k,images/ISIC_4969277.jpg,ISIC_4969277,mel,g606,external_test,none,606,-1,,False,fef0f3cc8f803901,65.0,female,lower_extremity,Lower extremity,3,3,,False
milk10k,milk10k,images/ISIC_2324691.jpg,ISIC_2324691,bcc,g607,external_test,none,607,-1,,False,70c2d39f49fae221,60.0,female,head_neck_face,Head and neck,3,3,,False
milk10k,milk10k,images/ISIC_4494886.jpg,ISIC_4494886,bcc,g608,external_test,none,608,-1,,False,aa55ab54a55235cb,55.0,male,upper_extremity,Upper extremity,3,3,,False
milk10k,milk10k,images/ISIC_0426131.jpg,ISIC_0426131,bkl,g609,external_test,none,609,-1,,False,660851b2cb4bfcab,85.0,female,upper_extremity,Upper extremity,3,3,,False
milk10k,milk10k,images/ISIC_0450792.jpg,ISIC_0450792,mel,g610,external_test,none,610,-1,,False,6e0e7ccef21e00b9,85.0,female,lower_extremity,Lower extremity,3,3,,False
milk10k,milk10k,images/ISIC_9536837.jpg,ISIC_9536837,sccka,g611,dropped,none,611,-1,unmapped_class:sccka,False,3116eef8c9cb32a1,70.0,male,trunk,Trunk,3,3,unmapped_class:sccka,False
milk10k,milk10k,images/ISIC_5616230.jpg,ISIC_5616230,bcc,g612,external_test,none,612,-1,,True,efd20b6a7278cc81,50.0,male,trunk,Trunk,4,4,,False
milk10k,milk10k,images/ISIC_8121619.jpg,ISIC_8121619,nv,g613,external_test,none,613,-1,,False,a3d1cf841931d7c5,45.0,male,upper_extremity,Upper extremity,4,4,,False
milk10k,milk10k,images/ISIC_3410251.jpg,ISIC_3410251,bkl,g614,external_test,none,614,-1,,False,539e6432b1ee6583,60.0,male,head_neck_face,Head and neck,3,3,,False
milk10k,milk10k,images/ISIC_0855384.jpg,ISIC_0855384,akiec,g615,external_test,none,615,-1,,False,4416b6dad99a6665,80.0,male,head_neck_face,Head and neck,2,2,,False
milk10k,milk10k,images/ISIC_2183795.jpg,ISIC_2183795,bkl,g616,external_test,none,616,-1,,False,db960211ccd9b32f,45.0,male,trunk,Trunk,3,3,,False
milk10k,milk10k,images/ISIC_2671356.jpg,ISIC_2671356,bcc,g617,external_test,none,617,-1,,False,fb34f5e896a22c81,65.0,male,upper_extremity,Upper extremity,3,3,,False
milk10k,milk10k,images/ISIC_9268464.jpg,ISIC_9268464,bcc,g618,external_test,none,618,-1,,False,ccb6e51132ec9b89,80.0,male,trunk,Trunk,3,3,,False
milk10k,milk10k,images/ISIC_3869104.jpg,ISIC_3869104,nv,g619,external_test,none,619,-1,,False,33cc899633998b67,35.0,male,trunk,Trunk,3,3,,False
milk10k,milk10k,images/ISIC_0666405.jpg,ISIC_0666405,bcc,g620,external_test,none,620,-1,,True,365e3978e29e1e21,70.0,female,foot,Lower extremity,3,3,,False
milk10k,milk10k,images/ISIC_6938390.jpg,ISIC_6938390,akiec,g621,external_test,none,621,-1,,True,f64649f92e899037,75.0,male,trunk,Trunk,4,4,,False
milk10k,milk10k,images/ISIC_5064865.jpg,ISIC_5064865,sccka,g622,dropped,none,622,-1,unmapped_class:sccka,False,37e08f00a68afdab,65.0,male,head_neck_face,Head and neck,3,3,unmapped_class:sccka,False
milk10k,milk10k,images/ISIC_7504308.jpg,ISIC_7504308,bcc,g623,external_test,none,623,-1,,False,bbda6182c6295bc3,55.0,male,trunk,Trunk,3,3,,False
milk10k,milk10k,images/ISIC_4955572.jpg,ISIC_4955572,bcc,g624,external_test,none,624,-1,,False,5f5c1179c3d02fa1,65.0,female,trunk,Trunk,3,3,,False
milk10k,milk10k,images/ISIC_4708288.jpg,ISIC_4708288,bcc,g625,external_test,none,625,-1,,False,56338c2d69d231db,85.0,male,trunk,Trunk,3,3,,False
milk10k,milk10k,images/ISIC_2567925.jpg,ISIC_2567925,bcc,g626,external_test,none,626,-1,,False,746750ae5c38ed83,50.0,male,trunk,Trunk,3,3,,False
milk10k,milk10k,images/ISIC_1379351.jpg,ISIC_1379351,bcc,g627,external_test,none,627,-1,,False,b85cf29614b8f323,75.0,male,trunk,Trunk,3,3,,False
milk10k,milk10k,images/ISIC_3866655.jpg,ISIC_3866655,nv,g628,external_test,none,628,-1,,False,7093c5786643cf65,55.0,male,trunk,Trunk,2,2,,False
milk10k,milk10k,images/ISIC_6638547.jpg,ISIC_6638547,bcc,g629,external_test,none,629,-1,,False,37daac50a942b6ab,70.0,female,trunk,Trunk,4,4,,False
milk10k,milk10k,images/ISIC_1102101.jpg,ISIC_1102101,bcc,g630,external_test,none,630,-1,,True,f6f0dcc8386e6a21,75.0,male,head_neck_face,Head and neck,5 (lightest),5,,False
milk10k,milk10k,images/ISIC_3265817.jpg,ISIC_3265817,bkl,g631,external_test,none,631,-1,,True,9fa61d9efa386101,80.0,male,head_neck_face,Head and neck,3,3,,False
milk10k,milk10k,images/ISIC_5103206.jpg,ISIC_5103206,nv,g632,external_test,none,632,-1,,False,1c3979c9e9c3b605,75.0,male,lower_extremity,Lower extremity,3,3,,False
milk10k,milk10k,images/ISIC_3468250.jpg,ISIC_3468250,bcc,g633,external_test,none,633,-1,,True,14fa1ff27ae0f201,70.0,male,head_neck_face,Head and neck,5 (lightest),5,,False
milk10k,milk10k,images/ISIC_0314216.jpg,ISIC_0314216,bkl,g634,external_test,none,634,-1,,False,3ab8daaaec32388b,60.0,female,lower_extremity,Lower extremity,3,3,,False
milk10k,milk10k,images/ISIC_5610942.jpg,ISIC_5610942,sccka,g635,dropped,none,635,-1,unmapped_class:sccka,False,e3c83c86cf7a4529,45.0,male,head_neck_face,Head and neck,3,3,unmapped_class:sccka,False
milk10k,milk10k,images/ISIC_4312494.jpg,ISIC_4312494,mel,g636,external_test,none,636,-1,,False,8c70967376a149dd,60.0,male,trunk,Trunk,3,3,,False
milk10k,milk10k,images/ISIC_8438291.jpg,ISIC_8438291,bcc,g637,external_test,none,637,-1,,False,d2a9e5f2f200b999,60.0,female,lower_extremity,Lower extremity,3,3,,False
milk10k,milk10k,images/ISIC_7110025.jpg,ISIC_7110025,bcc,g638,external_test,none,638,-1,,False,06bfa55130a3b277,65.0,male,trunk,Trunk,4,4,,False
milk10k,milk10k,images/ISIC_6982597.jpg,ISIC_6982597,bcc,g639,external_test,none,639,-1,,False,79446508f6c8fca7,75.0,male,hand,Upper extremity,3,3,,False
milk10k,milk10k,images/ISIC_3824162.jpg,ISIC_3824162,bcc,g640,external_test,none,640,-1,,False,93c2b772c1b37c05,80.0,male,trunk,Trunk,3,3,,False
milk10k,milk10k,images/ISIC_8880596.jpg,ISIC_8880596,bkl,g641,external_test,none,641,-1,,False,630c992773facc89,50.0,male,head_neck_face,Head and neck,3,3,,False
milk10k,milk10k,images/ISIC_8389918.jpg,ISIC_8389918,bcc,g642,external_test,none,642,-1,,False,a6da6fa4b668ec01,65.0,female,head_neck_face,Head and neck,4,4,,False
milk10k,milk10k,images/ISIC_4497112.jpg,ISIC_4497112,bkl,g643,external_test,none,643,-1,,False,7399a293ce434d2d,50.0,male,trunk,Trunk,3,3,,False
milk10k,milk10k,images/ISIC_5132630.jpg,ISIC_5132630,bcc,g644,external_test,none,644,-1,,False,fd8a6928d6287c8b,25.0,male,head_neck_face,Head and neck,3,3,,False
milk10k,milk10k,images/ISIC_0245594.jpg,ISIC_0245594,akiec,g645,external_test,none,645,-1,,False,691a4d6c96d949a7,85.0,female,head_neck_face,Head and neck,3,3,,False
milk10k,milk10k,images/ISIC_4911521.jpg,ISIC_4911521,sccka,g646,dropped,none,646,-1,unmapped_class:sccka,False,7326ee932949a627,65.0,female,lower_extremity,Lower extremity,3,3,unmapped_class:sccka,False
milk10k,milk10k,images/ISIC_6503533.jpg,ISIC_6503533,nv,g647,external_test,none,647,-1,,False,1e9366593461c3b7,40.0,female,trunk,Trunk,2,2,,False
milk10k,milk10k,images/ISIC_9447454.jpg,ISIC_9447454,sccka,g648,dropped,none,648,-1,unmapped_class:sccka,False,9692b1344ee3352f,80.0,female,upper_extremity,Upper extremity,4,4,unmapped_class:sccka,False
milk10k,milk10k,images/ISIC_7832392.jpg,ISIC_7832392,sccka,g649,dropped,none,649,-1,unmapped_class:sccka,False,f6f6d4525c4850ab,75.0,female,foot,Lower extremity,3,3,unmapped_class:sccka,False
milk10k,milk10k,images/ISIC_7821150.jpg,ISIC_7821150,bcc,g650,external_test,none,650,-1,,True,c61339a6f7f0ca41,70.0,female,trunk,Trunk,3,3,,False
milk10k,milk10k,images/ISIC_9700218.jpg,ISIC_9700218,bkl,g651,external_test,none,651,-1,,False,f9f8e3c3c7007829,85.0,female,trunk,Trunk,4,4,,False
milk10k,milk10k,images/ISIC_7713646.jpg,ISIC_7713646,bkl,g652,external_test,none,652,-1,,False,706acc8c333357cb,50.0,female,trunk,Trunk,3,3,,False
milk10k,milk10k,images/ISIC_5836698.jpg,ISIC_5836698,bkl,g653,external_test,none,653,-1,,False,26cc03cb5d836cbd,70.0,female,trunk,Trunk,4,4,,False
milk10k,milk10k,images/ISIC_2321009.jpg,ISIC_2321009,bcc,g654,external_test,none,654,-1,,False,b60a1faa65aa95a9,70.0,male,lower_extremity,Lower extremity,3,3,,False
milk10k,milk10k,images/ISIC_4679707.jpg,ISIC_4679707,nv,g655,external_test,none,655,-1,,False,899a4c8b781ba2ef,50.0,female,lower_extremity,Lower extremity,4,4,,False
milk10k,milk10k,images/ISIC_0686612.jpg,ISIC_0686612,vasc,g656,external_test,none,656,-1,,True,7b44c50e6e31b84f,55.0,male,trunk,Trunk,3,3,,False
milk10k,milk10k,images/ISIC_8976041.jpg,ISIC_8976041,bcc,g657,external_test,none,657,-1,,False,383e5b6ee53846a1,40.0,female,lower_extremity,Lower extremity,4,4,,False
milk10k,milk10k,images/ISIC_9003113.jpg,ISIC_9003113,sccka,g658,dropped,none,658,-1,unmapped_class:sccka,False,92bac398b7760d0b,80.0,male,upper_extremity,Upper extremity,3,3,unmapped_class:sccka,False
milk10k,milk10k,images/ISIC_7656591.jpg,ISIC_7656591,mel,g659,external_test,none,659,-1,,False,3961f3b345c93c25,60.0,male,upper_extremity,Upper extremity,3,3,,False
milk10k,milk10k,images/ISIC_7320276.jpg,ISIC_7320276,sccka,g660,dropped,none,660,-1,unmapped_class:sccka,False,9ecc71969dd8230b,60.0,male,lower_extremity,Lower extremity,3,3,unmapped_class:sccka,False
milk10k,milk10k,images/ISIC_3185277.jpg,ISIC_3185277,bcc,g661,external_test,none,661,-1,,False,b191ec4c37324bab,80.0,female,trunk,Trunk,4,4,,False
milk10k,milk10k,images/ISIC_4385584.jpg,ISIC_4385584,ben_oth,g662,dropped,none,662,-1,unmapped_class:ben_oth,False,f139ce6e82384f51,70.0,male,head_neck_face,Head and neck,3,3,unmapped_class:ben_oth,False
milk10k,milk10k,images/ISIC_4885574.jpg,ISIC_4885574,bcc,g663,external_test,none,663,-1,,False,a48e1e5369a3a31f,60.0,male,trunk,Trunk,3,3,,False
milk10k,milk10k,images/ISIC_8365405.jpg,ISIC_8365405,bcc,g664,external_test,none,664,-1,,False,07462916bd5ad5ab,60.0,female,trunk,Trunk,3,3,,False
milk10k,milk10k,images/ISIC_2847750.jpg,ISIC_2847750,bcc,g665,external_test,none,665,-1,,False,0ace622e85d8beab,55.0,male,head_neck_face,Head and neck,4,4,,False
milk10k,milk10k,images/ISIC_6582004.jpg,ISIC_6582004,bcc,g666,external_test,none,666,-1,,False,fba293aad88a82ab,45.0,female,trunk,Trunk,3,3,,False
milk10k,milk10k,images/ISIC_0780574.jpg,ISIC_0780574,sccka,g667,dropped,none,667,-1,unmapped_class:sccka,False,9d2293ea64ab1cab,80.0,male,hand,Upper extremity,3,3,unmapped_class:sccka,False
milk10k,milk10k,images/ISIC_7604705.jpg,ISIC_7604705,sccka,g668,dropped,none,668,-1,unmapped_class:sccka,False,fea2c90a090bf3ab,60.0,female,head_neck_face,Head and neck,5 (lightest),5,unmapped_class:sccka,False
milk10k,milk10k,images/ISIC_8307786.jpg,ISIC_8307786,nv,g669,external_test,none,669,-1,,False,9939c968cce126af,75.0,male,trunk,Trunk,5 (lightest),5,,False
milk10k,milk10k,images/ISIC_2851725.jpg,ISIC_2851725,mel,g670,dropped,none,670,-1,duplicate_of_ham10000,False,4633ccb926cb986d,80.0,male,trunk,Trunk,2,2,duplicate_of_ham10000,False
milk10k,milk10k,images/ISIC_7965372.jpg,ISIC_7965372,bkl,g671,external_test,none,671,-1,,False,b29e4cc6c6b88de1,60.0,female,lower_extremity,Lower extremity,4,4,,False
milk10k,milk10k,images/ISIC_8436767.jpg,ISIC_8436767,mel,g672,dropped,none,672,-1,duplicate_of_ham10000,False,6358a6c3a72a9d2d,70.0,male,trunk,Trunk,3,3,duplicate_of_ham10000,False
milk10k,milk10k,images/ISIC_4381662.jpg,ISIC_4381662,bcc,g673,external_test,none,673,-1,,False,d5f63aaaa53c1483,55.0,male,upper_extremity,Upper extremity,4,4,,False
milk10k,milk10k,images/ISIC_5373218.jpg,ISIC_5373218,bcc,g674,external_test,none,674,-1,,False,ff62de42508ac8ab,75.0,male,lower_extremity,Lower extremity,3,3,,False
milk10k,milk10k,images/ISIC_1090781.jpg,ISIC_1090781,bcc,g675,external_test,none,675,-1,,False,a1e47eb510cea94b,60.0,male,trunk,Trunk,4,4,,False
milk10k,milk10k,images/ISIC_8260850.jpg,ISIC_8260850,bkl,g676,external_test,none,676,-1,,False,73488cae9c9a6ea9,65.0,female,head_neck_face,Head and neck,3,3,,False
milk10k,milk10k,images/ISIC_7362585.jpg,ISIC_7362585,bcc,g677,external_test,none,677,-1,,True,99238c4c73314fcf,65.0,male,upper_extremity,Upper extremity,3,3,,False
milk10k,milk10k,images/ISIC_2100757.jpg,ISIC_2100757,nv,g678,external_test,none,678,-1,,False,24ce996e4c3936c7,50.0,male,trunk,Trunk,3,3,,False
milk10k,milk10k,images/ISIC_8839329.jpg,ISIC_8839329,bcc,g679,external_test,none,679,-1,,True,9322cb94bcca7b29,85.0,male,upper_extremity,Upper extremity,3,3,,False
milk10k,milk10k,images/ISIC_2235918.jpg,ISIC_2235918,nv,g680,dropped,none,680,-1,duplicate_of:ISIC_1909868,False,9199666699996e65,25.0,male,head_neck_face,Head and neck,4,4,duplicate_of_ham10000,False
milk10k,milk10k,images/ISIC_9560618.jpg,ISIC_9560618,akiec,g681,external_test,none,681,-1,,False,7563abc6cd981a49,55.0,male,trunk,Trunk,3,3,,False
milk10k,milk10k,images/ISIC_4429544.jpg,ISIC_4429544,bcc,g682,external_test,none,682,-1,,False,9b7226d865924bab,45.0,female,trunk,Trunk,3,3,,False
milk10k,milk10k,images/ISIC_6771998.jpg,ISIC_6771998,bcc,g683,external_test,none,683,-1,,False,3bcead9467585249,65.0,male,trunk,Trunk,3,3,,False
milk10k,milk10k,images/ISIC_7630309.jpg,ISIC_7630309,bkl,g684,external_test,none,684,-1,,False,cd461c7e4c069d8f,50.0,male,head_neck_face,Head and neck,5 (lightest),5,,False
milk10k,milk10k,images/ISIC_6470630.jpg,ISIC_6470630,bkl,g685,external_test,none,685,-1,,False,857349031b0f79f5,40.0,male,upper_extremity,Upper extremity,3,3,,False
milk10k,milk10k,images/ISIC_1724838.jpg,ISIC_1724838,df,g686,external_test,none,686,-1,,False,ec6bb384cc5b08a7,30.0,male,lower_extremity,Lower extremity,2,2,,False
milk10k,milk10k,images/ISIC_5047162.jpg,ISIC_5047162,mel,g687,external_test,none,687,-1,,False,ea38a2b3ee93284d,35.0,male,lower_extremity,Lower extremity,2,2,,False
milk10k,milk10k,images/ISIC_1373637.jpg,ISIC_1373637,bcc,g688,external_test,none,688,-1,,False,ba209b0b4db2fc71,65.0,female,trunk,Trunk,3,3,,False
milk10k,milk10k,images/ISIC_0640031.jpg,ISIC_0640031,ben_oth,g689,dropped,none,689,-1,unmapped_class:ben_oth,False,8923f38a66aa8aaf,70.0,male,trunk,Trunk,2,2,unmapped_class:ben_oth,False
milk10k,milk10k,images/ISIC_7482467.jpg,ISIC_7482467,bcc,g690,external_test,none,690,-1,,False,b0b95be84439de0b,65.0,male,upper_extremity,Upper extremity,4,4,,False
milk10k,milk10k,images/ISIC_6970909.jpg,ISIC_6970909,bcc,g691,external_test,none,691,-1,,False,05d7d7e2301b2e87,75.0,male,trunk,Trunk,3,3,,False
milk10k,milk10k,images/ISIC_3094215.jpg,ISIC_3094215,nv,g692,external_test,none,692,-1,,False,db717704c691394d,15.0,female,trunk,Trunk,2,2,,False
milk10k,milk10k,images/ISIC_2093906.jpg,ISIC_2093906,akiec,g693,external_test,none,693,-1,,False,ce8af982e5285e8d,80.0,female,head_neck_face,Head and neck,3,3,,False
milk10k,milk10k,images/ISIC_4729676.jpg,ISIC_4729676,bcc,g694,external_test,none,694,-1,,True,1ecf4d5423b2c58b,60.0,male,trunk,Trunk,4,4,,False
milk10k,milk10k,images/ISIC_9989889.jpg,ISIC_9989889,akiec,g695,external_test,none,695,-1,,False,3bc2ad00b7aa770b,60.0,male,hand,Upper extremity,4,4,,False
milk10k,milk10k,images/ISIC_3028893.jpg,ISIC_3028893,bcc,g696,external_test,none,696,-1,,False,b749f320dba24aa3,85.0,male,lower_extremity,Lower extremity,3,3,,False
milk10k,milk10k,images/ISIC_8031107.jpg,ISIC_8031107,bcc,g697,external_test,none,697,-1,,True,e6620f1e33f4b149,70.0,male,trunk,Trunk,4,4,,False
milk10k,milk10k,images/ISIC_4282506.jpg,ISIC_4282506,mel,g698,external_test,none,698,-1,,True,661c59f8a923369d,55.0,male,upper_extremity,Upper extremity,2,2,,False
milk10k,milk10k,images/ISIC_1237960.jpg,ISIC_1237960,bcc,g699,external_test,none,699,-1,,False,96638d413551e65f,40.0,male,head_neck_face,Head and neck,3,3,,False
milk10k,milk10k,images/ISIC_7388680.jpg,ISIC_7388680,sccka,g700,dropped,none,700,-1,unmapped_class:sccka,False,3946d2b13c2fa731,80.0,female,lower_extremity,Lower extremity,0-1 (darkest),1,unmapped_class:sccka,False
milk10k,milk10k,images/ISIC_7668131.jpg,ISIC_7668131,bcc,g701,external_test,none,701,-1,,False,b5cb2972ce29231d,70.0,male,trunk,Trunk,2,2,,False
milk10k,milk10k,images/ISIC_3730545.jpg,ISIC_3730545,bcc,g702,external_test,none,702,-1,,False,9dccf6b0cc30a6a9,65.0,female,lower_extremity,Lower extremity,3,3,,False
milk10k,milk10k,images/ISIC_4857268.jpg,ISIC_4857268,bcc,g703,external_test,none,703,-1,,False,e864fbd8b56843a1,80.0,female,head_neck_face,Head and neck,4,4,,False
milk10k,milk10k,images/ISIC_3504270.jpg,ISIC_3504270,bcc,g704,external_test,none,704,-1,,False,291d92fdbd30c2c5,70.0,male,trunk,Trunk,3,3,,False
milk10k,milk10k,images/ISIC_2846167.jpg,ISIC_2846167,bkl,g705,external_test,none,705,-1,,False,79f924362e293077,55.0,male,trunk,Trunk,3,3,,False
milk10k,milk10k,images/ISIC_0958356.jpg,ISIC_0958356,sccka,g706,dropped,none,706,-1,unmapped_class:sccka,False,12bbdba23d8e1239,50.0,male,upper_extremity,Upper extremity,3,3,unmapped_class:sccka,False
milk10k,milk10k,images/ISIC_6028688.jpg,ISIC_6028688,bcc,g707,external_test,none,707,-1,,False,68dace12a9daa70b,85.0,female,lower_extremity,Lower extremity,3,3,,False
milk10k,milk10k,images/ISIC_8944107.jpg,ISIC_8944107,bcc,g708,external_test,none,708,-1,,False,5efc9b126f28a087,60.0,male,lower_extremity,Lower extremity,3,3,,False
milk10k,milk10k,images/ISIC_9945392.jpg,ISIC_9945392,sccka,g709,dropped,none,709,-1,unmapped_class:sccka,False,0eebbe4cb19a6c05,75.0,female,head_neck_face,Head and neck,4,4,unmapped_class:sccka,False
milk10k,milk10k,images/ISIC_8812260.jpg,ISIC_8812260,bcc,g710,external_test,none,710,-1,,False,a6dce974a658d921,30.0,female,lower_extremity,Lower extremity,3,3,,False
milk10k,milk10k,images/ISIC_2930366.jpg,ISIC_2930366,mel,g711,external_test,none,711,-1,,False,eca64cd659b16985,55.0,male,trunk,Trunk,3,3,,False
milk10k,milk10k,images/ISIC_7359025.jpg,ISIC_7359025,sccka,g712,dropped,none,712,-1,unmapped_class:sccka,False,d9372666c6983e61,85.0,male,head_neck_face,Head and neck,3,3,unmapped_class:sccka,False
milk10k,milk10k,images/ISIC_9744084.jpg,ISIC_9744084,sccka,g713,dropped,none,713,-1,unmapped_class:sccka,False,7d4adb8ac622ac8b,70.0,female,lower_extremity,Lower extremity,3,3,unmapped_class:sccka,False
milk10k,milk10k,images/ISIC_9092057.jpg,ISIC_9092057,sccka,g714,dropped,none,714,-1,unmapped_class:sccka,False,a43ac27444fc7ea9,80.0,female,upper_extremity,Upper extremity,3,3,unmapped_class:sccka,False
milk10k,milk10k,images/ISIC_9411450.jpg,ISIC_9411450,bkl,g715,external_test,none,715,-1,,True,267efce29b80b283,65.0,female,lower_extremity,Lower extremity,3,3,,False
milk10k,milk10k,images/ISIC_0812574.jpg,ISIC_0812574,mel,g716,external_test,none,716,-1,,False,d9cb9f8ae61248a3,70.0,male,head_neck_face,Head and neck,3,3,,False
milk10k,milk10k,images/ISIC_8516115.jpg,ISIC_8516115,bcc,g717,external_test,none,717,-1,,False,c93216ccc93327cf,85.0,male,head_neck_face,Head and neck,4,4,,False
milk10k,milk10k,images/ISIC_1795097.jpg,ISIC_1795097,akiec,g718,external_test,none,718,-1,,False,bfb0f117c122538b,50.0,female,head_neck_face,Head and neck,4,4,,False
milk10k,milk10k,images/ISIC_3597945.jpg,ISIC_3597945,nv,g719,external_test,none,719,-1,,True,cc9b055339e94f15,15.0,female,upper_extremity,Upper extremity,3,3,,False
milk10k,milk10k,images/ISIC_0822220.jpg,ISIC_0822220,bcc,g720,external_test,none,720,-1,,False,d36db6c8272a5833,75.0,male,trunk,Trunk,3,3,,False
milk10k,milk10k,images/ISIC_0174755.jpg,ISIC_0174755,bkl,g721,external_test,none,721,-1,,False,9b9bc46613196ce3,60.0,female,head_neck_face,Head and neck,3,3,,False
milk10k,milk10k,images/ISIC_1150454.jpg,ISIC_1150454,bkl,g722,external_test,none,722,-1,,False,7eb4c8929b6b24a3,85.0,female,lower_extremity,Lower extremity,3,3,,False
milk10k,milk10k,images/ISIC_0423217.jpg,ISIC_0423217,ben_oth,g723,dropped,none,723,-1,unmapped_class:ben_oth,False,fbf2fcc964038125,50.0,male,trunk,Trunk,3,3,unmapped_class:ben_oth,False
milk10k,milk10k,images/ISIC_8430655.jpg,ISIC_8430655,bcc,g724,external_test,none,724,-1,,False,9cae26a853a8dda3,75.0,female,trunk,Trunk,5 (lightest),5,,False
milk10k,milk10k,images/ISIC_9586937.jpg,ISIC_9586937,bcc,g725,dropped,none,725,-1,duplicate_of_ham10000,False,8cb133cc8c3373cd,60.0,male,head_neck_face,Head and neck,2,2,duplicate_of_ham10000,False
milk10k,milk10k,images/ISIC_5092515.jpg,ISIC_5092515,akiec,g726,external_test,none,726,-1,,False,e708db2adf00fc89,70.0,male,trunk,Trunk,3,3,,False
milk10k,milk10k,images/ISIC_1326309.jpg,ISIC_1326309,bcc,g727,external_test,none,727,-1,,False,3afca5266fd22189,80.0,female,upper_extremity,Upper extremity,3,3,,False
milk10k,milk10k,images/ISIC_4442146.jpg,ISIC_4442146,bcc,g728,external_test,none,728,-1,,True,7b3678c0061bf9e1,60.0,male,lower_extremity,Lower extremity,3,3,,False
milk10k,milk10k,images/ISIC_5995935.jpg,ISIC_5995935,bkl,g729,external_test,none,729,-1,,False,7493e15bc3691c87,70.0,male,trunk,Trunk,2,2,,False
milk10k,milk10k,images/ISIC_6023245.jpg,ISIC_6023245,nv,g730,external_test,none,730,-1,,False,3331cccc2333d967,55.0,female,lower_extremity,Lower extremity,3,3,,False
milk10k,milk10k,images/ISIC_4471113.jpg,ISIC_4471113,bcc,g731,external_test,none,731,-1,,False,348a7ea64cc8dba3,65.0,male,trunk,Trunk,3,3,,False
milk10k,milk10k,images/ISIC_2832853.jpg,ISIC_2832853,bcc,g732,external_test,none,732,-1,,False,fc405e0ae6aae2ab,60.0,female,upper_extremity,Upper extremity,3,3,,False
milk10k,milk10k,images/ISIC_4875335.jpg,ISIC_4875335,bcc,g733,external_test,none,733,-1,,False,5aa9a75298a94e5b,70.0,female,trunk,Trunk,3,3,,False
milk10k,milk10k,images/ISIC_1209022.jpg,ISIC_1209022,bcc,g734,external_test,none,734,-1,,False,0773224ceb33668f,80.0,female,head_neck_face,Head and neck,3,3,,False
milk10k,milk10k,images/ISIC_0442866.jpg,ISIC_0442866,sccka,g735,dropped,none,735,-1,unmapped_class:sccka,False,9ad8d9b12d4077a3,80.0,female,upper_extremity,Upper extremity,3,3,unmapped_class:sccka,False
milk10k,milk10k,images/ISIC_1014424.jpg,ISIC_1014424,sccka,g736,dropped,none,736,-1,unmapped_class:sccka,False,b3ce47b21214ecab,45.0,male,hand,Upper extremity,4,4,unmapped_class:sccka,False
milk10k,milk10k,images/ISIC_8312363.jpg,ISIC_8312363,nv,g737,external_test,none,737,-1,,True,c9ce6636b2d94827,45.0,female,upper_extremity,Upper extremity,4,4,,False
milk10k,milk10k,images/ISIC_3304699.jpg,ISIC_3304699,bcc,g738,external_test,none,738,-1,,False,f91a467a4be8a9a1,30.0,male,head_neck_face,Head and neck,3,3,,False
milk10k,milk10k,images/ISIC_6325623.jpg,ISIC_6325623,bcc,g739,external_test,none,739,-1,,False,66aa25cb930a75ab,60.0,male,trunk,Trunk,3,3,,False
milk10k,milk10k,images/ISIC_9468437.jpg,ISIC_9468437,bcc,g740,external_test,none,740,-1,,False,6100df7f00f9ff01,70.0,male,trunk,Trunk,3,3,,False
milk10k,milk10k,images/ISIC_2418437.jpg,ISIC_2418437,sccka,g741,dropped,none,741,-1,unmapped_class:sccka,False,95c8cf8a3d20f68b,85.0,male,head_neck_face,Head and neck,3,3,unmapped_class:sccka,False
milk10k,milk10k,images/ISIC_4984469.jpg,ISIC_4984469,bcc,g742,external_test,none,742,-1,,False,d1d18cc9595b7625,75.0,female,head_neck_face,Head and neck,4,4,,False
milk10k,milk10k,images/ISIC_4204828.jpg,ISIC_4204828,bcc,g743,external_test,none,743,-1,,False,df68b50a442a3fa9,60.0,male,trunk,Trunk,4,4,,False
milk10k,milk10k,images/ISIC_7464071.jpg,ISIC_7464071,bcc,g744,external_test,none,744,-1,,False,71bace7c87704c49,60.0,female,trunk,Trunk,3,3,,False
milk10k,milk10k,images/ISIC_3178945.jpg,ISIC_3178945,akiec,g745,external_test,none,745,-1,,False,8dab06e699ab5685,45.0,male,hand,Upper extremity,3,3,,False
milk10k,milk10k,images/ISIC_1409004.jpg,ISIC_1409004,bcc,g746,external_test,none,746,-1,,False,6a894a3693d9e563,75.0,female,trunk,Trunk,3,3,,False
milk10k,milk10k,images/ISIC_2824759.jpg,ISIC_2824759,bcc,g747,external_test,none,747,-1,,False,dcf2cd4616c37829,70.0,female,head_neck_face,Head and neck,3,3,,False
milk10k,milk10k,images/ISIC_9275120.jpg,ISIC_9275120,bcc,g748,external_test,none,748,-1,,False,0c4bd4f9d3439d0d,60.0,male,head_neck_face,Head and neck,4,4,,False
milk10k,milk10k,images/ISIC_2322494.jpg,ISIC_2322494,bcc,g749,external_test,none,749,-1,,True,1348b6afb5fc1341,80.0,female,trunk,Trunk,4,4,,False
milk10k,milk10k,images/ISIC_2590426.jpg,ISIC_2590426,bcc,g750,external_test,none,750,-1,,False,942a550cdcf3f18b,70.0,female,lower_extremity,Lower extremity,3,3,,False
milk10k,milk10k,images/ISIC_2827093.jpg,ISIC_2827093,bcc,g751,external_test,none,751,-1,,False,a49e132e89b1766b,75.0,male,head_neck_face,Head and neck,3,3,,False
milk10k,milk10k,images/ISIC_6367931.jpg,ISIC_6367931,bcc,g752,dropped,none,752,-1,duplicate_of_ham10000,False,7d10e94bf8890677,45.0,male,trunk,Trunk,3,3,duplicate_of_ham10000,False
milk10k,milk10k,images/ISIC_0101767.jpg,ISIC_0101767,nv,g753,external_test,none,753,-1,,False,4c38c9992dd9b387,15.0,male,trunk,Trunk,2,2,,False
milk10k,milk10k,images/ISIC_7811672.jpg,ISIC_7811672,bcc,g754,external_test,none,754,-1,,False,6d9e5a24a3999ca5,60.0,male,trunk,Trunk,3,3,,False
milk10k,milk10k,images/ISIC_5089274.jpg,ISIC_5089274,bcc,g755,external_test,none,755,-1,,False,fd2623d878e8e425,65.0,male,trunk,Trunk,3,3,,False
milk10k,milk10k,images/ISIC_1653953.jpg,ISIC_1653953,mel,g756,external_test,none,756,-1,,False,1369ece1e5812d57,55.0,female,upper_extremity,Upper extremity,2,2,,False
milk10k,milk10k,images/ISIC_6672065.jpg,ISIC_6672065,bcc,g757,external_test,none,757,-1,,False,b664a8ce123a57cb,70.0,female,upper_extremity,Upper extremity,3,3,,False
milk10k,milk10k,images/ISIC_9030826.jpg,ISIC_9030826,nv,g758,external_test,none,758,-1,,False,a6269edec9c92625,30.0,female,trunk,Trunk,4,4,,False
milk10k,milk10k,images/ISIC_8549775.jpg,ISIC_8549775,bcc,g759,external_test,none,759,-1,,False,161a6c4ed99ae563,80.0,male,trunk,Trunk,3,3,,False
milk10k,milk10k,images/ISIC_7523542.jpg,ISIC_7523542,sccka,g760,dropped,none,760,-1,unmapped_class:sccka,False,539a36e6ea1a24c7,80.0,male,hand,Upper extremity,3,3,unmapped_class:sccka,False
milk10k,milk10k,images/ISIC_2440983.jpg,ISIC_2440983,bcc,g761,external_test,none,761,-1,,False,64e22da6fa3631a9,45.0,female,head_neck_face,Head and neck,3,3,,False
milk10k,milk10k,images/ISIC_0735025.jpg,ISIC_0735025,ben_oth,g762,dropped,none,762,-1,unmapped_class:ben_oth,False,9961698da63959c7,70.0,female,lower_extremity,Lower extremity,3,3,unmapped_class:ben_oth,False
milk10k,milk10k,images/ISIC_1817453.jpg,ISIC_1817453,nv,g763,external_test,none,763,-1,,False,feeefbf0e200008b,,male,head_neck_face,Head and neck,4,4,,False
milk10k,milk10k,images/ISIC_2987179.jpg,ISIC_2987179,akiec,g764,external_test,none,764,-1,,True,92294e5a8ea3726f,65.0,male,head_neck_face,Head and neck,0-1 (darkest),1,,False
milk10k,milk10k,images/ISIC_2645530.jpg,ISIC_2645530,bkl,g765,external_test,none,765,-1,,False,3d5eb178c6c20cb5,75.0,female,hand,Upper extremity,4,4,,False
milk10k,milk10k,images/ISIC_6730946.jpg,ISIC_6730946,bcc,g766,external_test,none,766,-1,,False,1b7f686e4e464447,80.0,female,trunk,Trunk,3,3,,False
milk10k,milk10k,images/ISIC_7945457.jpg,ISIC_7945457,bkl,g767,external_test,none,767,-1,,False,93d97869b484acd5,55.0,female,upper_extremity,Upper extremity,4,4,,False
milk10k,milk10k,images/ISIC_2220505.jpg,ISIC_2220505,mel,g768,external_test,none,768,-1,,False,4d294f869a2be3a5,55.0,female,head_neck_face,Head and neck,3,3,,False
milk10k,milk10k,images/ISIC_0700335.jpg,ISIC_0700335,nv,g769,external_test,none,769,-1,,False,44ce13316633cfcd,45.0,female,head_neck_face,Head and neck,3,3,,False
milk10k,milk10k,images/ISIC_3687721.jpg,ISIC_3687721,nv,g770,external_test,none,770,-1,,False,43322cf3934b4bad,30.0,female,head_neck_face,Head and neck,2,2,,False
milk10k,milk10k,images/ISIC_3469837.jpg,ISIC_3469837,bcc,g771,external_test,none,771,-1,,False,d97ad10af27a8923,65.0,male,trunk,Trunk,3,3,,False
milk10k,milk10k,images/ISIC_8783624.jpg,ISIC_8783624,nv,g772,dropped,none,772,-1,duplicate_of_ham10000,False,c72cb0369bf3620d,50.0,male,trunk,Trunk,3,3,duplicate_of_ham10000,False
milk10k,milk10k,images/ISIC_4934707.jpg,ISIC_4934707,bcc,g773,external_test,none,773,-1,,False,92aafedf94948483,70.0,male,head_neck_face,Head and neck,4,4,,False
milk10k,milk10k,images/ISIC_1595455.jpg,ISIC_1595455,bcc,g774,external_test,none,774,-1,,False,6068eabe2b4b6327,80.0,male,upper_extremity,Upper extremity,3,3,,False
milk10k,milk10k,images/ISIC_0935658.jpg,ISIC_0935658,bkl,g775,external_test,none,775,-1,,True,e768f9d21e90e289,60.0,female,trunk,Trunk,3,3,,False
milk10k,milk10k,images/ISIC_8288141.jpg,ISIC_8288141,bcc,g776,external_test,none,776,-1,,False,8e26ceac6539b343,50.0,male,trunk,Trunk,5 (lightest),5,,False
milk10k,milk10k,images/ISIC_5054841.jpg,ISIC_5054841,sccka,g777,dropped,none,777,-1,unmapped_class:sccka,False,3193f847df88c171,75.0,male,head_neck_face,Head and neck,3,3,unmapped_class:sccka,False
milk10k,milk10k,images/ISIC_9697273.jpg,ISIC_9697273,nv,g778,external_test,none,778,-1,,False,a50edad8ec63128f,35.0,female,trunk,Trunk,2,2,,False
milk10k,milk10k,images/ISIC_7083773.jpg,ISIC_7083773,bcc,g779,external_test,none,779,-1,,False,7b901c4ee3b2958b,70.0,female,trunk,Trunk,3,3,,False
milk10k,milk10k,images/ISIC_5509679.jpg,ISIC_5509679,mel,g780,external_test,none,780,-1,,False,591c9d3961e3668d,70.0,male,trunk,Trunk,4,4,,False
milk10k,milk10k,images/ISIC_5240279.jpg,ISIC_5240279,mel,g781,external_test,none,781,-1,,True,f6316391c91998e7,70.0,male,trunk,Trunk,3,3,,False
milk10k,milk10k,images/ISIC_7297776.jpg,ISIC_7297776,bcc,g782,external_test,none,782,-1,,False,732a5ba03d02eeab,65.0,male,head_neck_face,Head and neck,3,3,,False
milk10k,milk10k,images/ISIC_6783253.jpg,ISIC_6783253,bcc,g783,external_test,none,783,-1,,False,1920cd8f3c494f3f,50.0,female,trunk,Trunk,5 (lightest),5,,False
milk10k,milk10k,images/ISIC_0100523.jpg,ISIC_0100523,sccka,g784,dropped,none,784,-1,unmapped_class:sccka,False,3299582792999f67,70.0,male,trunk,Trunk,4,4,unmapped_class:sccka,False
milk10k,milk10k,images/ISIC_5703250.jpg,ISIC_5703250,mel,g785,external_test,none,785,-1,,False,739863c924b1db47,65.0,male,head_neck_face,Head and neck,3,3,,False
milk10k,milk10k,images/ISIC_2492745.jpg,ISIC_2492745,bcc,g786,external_test,none,786,-1,,False,d0346edc5a98752b,60.0,male,trunk,Trunk,3,3,,False
milk10k,milk10k,images/ISIC_1001492.jpg,ISIC_1001492,sccka,g787,dropped,none,787,-1,unmapped_class:sccka,False,05ae2236ce89e977,75.0,male,hand,Upper extremity,3,3,unmapped_class:sccka,False
milk10k,milk10k,images/ISIC_5968779.jpg,ISIC_5968779,bcc,g788,external_test,none,788,-1,,False,f106e602dd736789,80.0,male,trunk,Trunk,5 (lightest),5,,False
milk10k,milk10k,images/ISIC_7665103.jpg,ISIC_7665103,bcc,g789,external_test,none,789,-1,,True,c1ba3664929bec2d,55.0,male,trunk,Trunk,3,3,,False
milk10k,milk10k,images/ISIC_9992299.jpg,ISIC_9992299,bcc,g790,external_test,none,790,-1,,False,936ca7b8475883a7,55.0,male,lower_extremity,Lower extremity,3,3,,False
milk10k,milk10k,images/ISIC_7077229.jpg,ISIC_7077229,df,g791,external_test,none,791,-1,,True,aef169268d497385,35.0,male,trunk,Trunk,3,3,,False
milk10k,milk10k,images/ISIC_7200761.jpg,ISIC_7200761,mel,g792,external_test,none,792,-1,,False,84193cf371c38f2d,85.0,male,lower_extremity,Lower extremity,4,4,,False
milk10k,milk10k,images/ISIC_5831158.jpg,ISIC_5831158,nv,g793,external_test,none,793,-1,,False,237308e43f93c765,50.0,male,upper_extremity,Upper extremity,2,2,,False
milk10k,milk10k,images/ISIC_2247564.jpg,ISIC_2247564,bcc,g794,external_test,none,794,-1,,False,5cce053cf3c3682d,80.0,male,trunk,Trunk,3,3,,False
milk10k,milk10k,images/ISIC_6155449.jpg,ISIC_6155449,bcc,g795,external_test,none,795,-1,,False,efe658985a82e22b,75.0,female,trunk,Trunk,3,3,,False
milk10k,milk10k,images/ISIC_7374556.jpg,ISIC_7374556,bkl,g796,external_test,none,796,-1,,False,646f14ce32315e4f,65.0,male,head_neck_face,Head and neck,3,3,,False
milk10k,milk10k,images/ISIC_0745953.jpg,ISIC_0745953,bcc,g797,external_test,none,797,-1,,False,6b44c9c0bf2b7607,60.0,male,head_neck_face,Head and neck,3,3,,False
milk10k,milk10k,images/ISIC_0141634.jpg,ISIC_0141634,akiec,g798,external_test,none,798,-1,,True,4934eb0eb4e30af9,75.0,male,head_neck_face,Head and neck,3,3,,False
milk10k,milk10k,images/ISIC_0694740.jpg,ISIC_0694740,bcc,g799,external_test,none,799,-1,,False,bcf24b94ecc8d229,75.0,male,head_neck_face,Head and neck,3,3,,False
milk10k,milk10k,images/ISIC_3347493.jpg,ISIC_3347493,bcc,g800,external_test,none,800,-1,,True,5875741cec38ba8b,55.0,female,upper_extremity,Upper extremity,3,3,,False
milk10k,milk10k,images/ISIC_2716900.jpg,ISIC_2716900,sccka,g801,dropped,none,801,-1,unmapped_class:sccka,False,23b1c1c53e6e549b,80.0,male,lower_extremity,Lower extremity,3,3,unmapped_class:sccka,False
milk10k,milk10k,images/ISIC_9706117.jpg,ISIC_9706117,nv,g802,external_test,none,802,-1,,False,d21e0ff0f80b0775,30.0,female,trunk,Trunk,4,4,,False
milk10k,milk10k,images/ISIC_7261525.jpg,ISIC_7261525,bcc,g803,external_test,none,803,-1,,False,e7f09ba19a0b21a7,75.0,female,head_neck_face,Head and neck,4,4,,False
milk10k,milk10k,images/ISIC_6561654.jpg,ISIC_6561654,akiec,g804,external_test,none,804,-1,,False,69d2bcddd24c0b83,80.0,male,head_neck_face,Head and neck,5 (lightest),5,,False
milk10k,milk10k,images/ISIC_5512440.jpg,ISIC_5512440,nv,g805,external_test,none,805,-1,,False,7098cf430379bca7,50.0,male,trunk,Trunk,3,3,,False
milk10k,milk10k,images/ISIC_7063713.jpg,ISIC_7063713,akiec,g806,external_test,none,806,-1,,True,9ae2a68ef71a6303,65.0,male,head_neck_face,Head and neck,5 (lightest),5,,False
milk10k,milk10k,images/ISIC_9038494.jpg,ISIC_9038494,bcc,g807,external_test,none,807,-1,,False,8b3f83c8a7c8bd21,60.0,female,head_neck_face,Head and neck,3,3,,False
milk10k,milk10k,images/ISIC_5901436.jpg,ISIC_5901436,bcc,g808,external_test,none,808,-1,,False,9c991338c5c3b61f,85.0,female,head_neck_face,Head and neck,2,2,,False
milk10k,milk10k,images/ISIC_4919090.jpg,ISIC_4919090,bcc,g809,external_test,none,809,-1,,False,b17a52bca7b0ad41,70.0,male,trunk,Trunk,3,3,,False
milk10k,milk10k,images/ISIC_5399025.jpg,ISIC_5399025,bcc,g810,external_test,none,810,-1,,False,6e89e628cd89f2a3,30.0,female,trunk,Trunk,3,3,,False
milk10k,milk10k,images/ISIC_4306480.jpg,ISIC_4306480,bcc,g811,external_test,none,811,-1,,False,11376aa4ea62ef23,80.0,male,trunk,Trunk,4,4,,False
milk10k,milk10k,images/ISIC_7335595.jpg,ISIC_7335595,nv,g812,external_test,none,812,-1,,False,fe92fa421e807f09,80.0,male,upper_extremity,Upper extremity,3,3,,False
milk10k,milk10k,images/ISIC_3167917.jpg,ISIC_3167917,akiec,g813,external_test,none,813,-1,,False,99f06cde2786e921,85.0,male,upper_extremity,Upper extremity,3,3,,False
milk10k,milk10k,images/ISIC_2302262.jpg,ISIC_2302262,sccka,g814,dropped,none,814,-1,unmapped_class:sccka,False,d881a3e6fe06839b,60.0,male,head_neck_face,Head and neck,3,3,unmapped_class:sccka,False
milk10k,milk10k,images/ISIC_8723221.jpg,ISIC_8723221,sccka,g815,dropped,none,815,-1,unmapped_class:sccka,False,13fde45b9c7a1421,75.0,male,lower_extremity,Lower extremity,3,3,unmapped_class:sccka,False
milk10k,milk10k,images/ISIC_7061593.jpg,ISIC_7061593,bcc,g816,external_test,none,816,-1,,False,cf0bcace2d18932b,85.0,male,trunk,Trunk,4,4,,False
milk10k,milk10k,images/ISIC_3002045.jpg,ISIC_3002045,bcc,g817,external_test,none,817,-1,,False,6ecc3b4cce326689,75.0,female,head_neck_face,Head and neck,5 (lightest),5,,False
milk10k,milk10k,images/ISIC_2355114.jpg,ISIC_2355114,bkl,g818,external_test,none,818,-1,,False,0b8a2f0af1ae57a3,60.0,male,trunk,Trunk,3,3,,False
milk10k,milk10k,images/ISIC_7311133.jpg,ISIC_7311133,sccka,g819,dropped,none,819,-1,unmapped_class:sccka,False,ae1158e6fc1b04ed,70.0,male,trunk,Trunk,4,4,unmapped_class:sccka,False
milk10k,milk10k,images/ISIC_6508139.jpg,ISIC_6508139,bcc,g820,external_test,none,820,-1,,True,ee62ee08372a61ab,70.0,male,trunk,Trunk,4,4,,False
milk10k,milk10k,images/ISIC_8619763.jpg,ISIC_8619763,sccka,g821,dropped,none,821,-1,unmapped_class:sccka,False,992366d6e103e47b,85.0,female,head_neck_face,Head and neck,3,3,unmapped_class:sccka,False
milk10k,milk10k,images/ISIC_0684627.jpg,ISIC_0684627,nv,g822,external_test,none,822,-1,,True,43ad38d23c69c92f,40.0,male,trunk,Trunk,3,3,,False
milk10k,milk10k,images/ISIC_0950495.jpg,ISIC_0950495,bkl,g823,external_test,none,823,-1,,True,939e78313353cd45,65.0,male,head_neck_face,Head and neck,0-1 (darkest),1,,False
milk10k,milk10k,images/ISIC_8604474.jpg,ISIC_8604474,nv,g824,external_test,none,824,-1,,False,d83a09c11d8b73dd,,male,head_neck_face,Head and neck,3,3,,False
milk10k,milk10k,images/ISIC_8695455.jpg,ISIC_8695455,bcc,g825,external_test,none,825,-1,,True,4c9a73668c7079ab,55.0,female,trunk,Trunk,5 (lightest),5,,False
milk10k,milk10k,images/ISIC_2919752.jpg,ISIC_2919752,sccka,g826,dropped,none,826,-1,unmapped_class:sccka,False,115ba567a8a8f07d,50.0,male,trunk,Trunk,3,3,unmapped_class:sccka,False
milk10k,milk10k,images/ISIC_5461210.jpg,ISIC_5461210,mel,g827,external_test,none,827,-1,,False,9ec45c1c32b3c9cd,50.0,female,lower_extremity,Lower extremity,2,2,,False
milk10k,milk10k,images/ISIC_7322599.jpg,ISIC_7322599,nv,g828,external_test,none,828,-1,,False,6766031d31b3cccd,15.0,male,upper_extremity,Upper extremity,4,4,,False
milk10k,milk10k,images/ISIC_4216061.jpg,ISIC_4216061,ben_oth,g829,dropped,none,829,-1,unmapped_class:ben_oth,False,352489ec26b1dacf,75.0,male,trunk,Trunk,3,3,unmapped_class:ben_oth,False
milk10k,milk10k,images/ISIC_7134919.jpg,ISIC_7134919,vasc,g830,external_test,none,830,-1,,True,66e19c94b1db4627,85.0,male,lower_extremity,Lower extremity,5 (lightest),5,,False
milk10k,milk10k,images/ISIC_1826564.jpg,ISIC_1826564,bcc,g831,external_test,none,831,-1,,False,66f69b3666985c21,70.0,male,trunk,Trunk,4,4,,False
milk10k,milk10k,images/ISIC_2214376.jpg,ISIC_2214376,bkl,g832,external_test,none,832,-1,,True,6d92f35953690c35,75.0,male,trunk,Trunk,4,4,,False
milk10k,milk10k,images/ISIC_0519768.jpg,ISIC_0519768,bcc,g833,external_test,none,833,-1,,False,4c2637d9cdb83323,80.0,male,head_neck_face,Head and neck,3,3,,False
milk10k,milk10k,images/ISIC_6365088.jpg,ISIC_6365088,inf,g834,dropped,none,834,-1,unmapped_class:inf,False,ec0ef9992463f285,50.0,female,trunk,Trunk,0-1 (darkest),1,unmapped_class:inf,False
milk10k,milk10k,images/ISIC_3965502.jpg,ISIC_3965502,bcc,g835,external_test,none,835,-1,,False,f6ecdac8d1382c23,65.0,female,trunk,Trunk,3,3,,False
milk10k,milk10k,images/ISIC_4391227.jpg,ISIC_4391227,bcc,g836,external_test,none,836,-1,,False,70eb9b18ae5a61a3,75.0,male,trunk,Trunk,3,3,,False
milk10k,milk10k,images/ISIC_9570770.jpg,ISIC_9570770,bcc,g837,external_test,none,837,-1,,False,faba322380aa6aeb,85.0,male,lower_extremity,Lower extremity,3,3,,False
milk10k,milk10k,images/ISIC_1646339.jpg,ISIC_1646339,ben_oth,g838,dropped,none,838,-1,unmapped_class:ben_oth,False,f0a4863e7c539e0d,70.0,male,trunk,Trunk,2,2,unmapped_class:ben_oth,False
milk10k,milk10k,images/ISIC_0881507.jpg,ISIC_0881507,bcc,g839,external_test,none,839,-1,,False,ca382ccab9bba0ad,50.0,male,trunk,Trunk,3,3,,False
milk10k,milk10k,images/ISIC_9424882.jpg,ISIC_9424882,bcc,g840,external_test,none,840,-1,,False,9bec6cc6b7982903,70.0,male,trunk,Trunk,3,3,,False
milk10k,milk10k,images/ISIC_5124607.jpg,ISIC_5124607,bcc,g841,external_test,none,841,-1,,False,9d2a7586ea5a056b,55.0,male,trunk,Trunk,3,3,,False
milk10k,milk10k,images/ISIC_8313343.jpg,ISIC_8313343,nv,g842,external_test,none,842,-1,,False,7432791e03a9fc55,65.0,male,trunk,Trunk,2,2,,False
milk10k,milk10k,images/ISIC_1821539.jpg,ISIC_1821539,nv,g843,external_test,none,843,-1,,True,c28b711cc7639c8f,35.0,male,trunk,Trunk,3,3,,False
milk10k,milk10k,images/ISIC_1462492.jpg,ISIC_1462492,bcc,g844,external_test,none,844,-1,,True,f7322cde0b82fc03,80.0,male,trunk,Trunk,3,3,,False
milk10k,milk10k,images/ISIC_4795806.jpg,ISIC_4795806,bcc,g845,external_test,none,845,-1,,False,c3fe7918a48390f5,75.0,male,trunk,Trunk,3,3,,False
milk10k,milk10k,images/ISIC_8832843.jpg,ISIC_8832843,bkl,g846,external_test,none,846,-1,,True,c993cc596c61b3a5,70.0,female,trunk,Trunk,3,3,,False
milk10k,milk10k,images/ISIC_0497851.jpg,ISIC_0497851,akiec,g847,external_test,none,847,-1,,False,de39a3e26c0a3ea1,65.0,male,lower_extremity,Lower extremity,3,3,,False
milk10k,milk10k,images/ISIC_4929586.jpg,ISIC_4929586,bkl,g848,external_test,none,848,-1,,True,9fe3620c1933e9c9,80.0,female,trunk,Trunk,3,3,,False
milk10k,milk10k,images/ISIC_7805699.jpg,ISIC_7805699,nv,g849,external_test,none,849,-1,,False,984c679c847179cf,70.0,male,trunk,Trunk,4,4,,False
milk10k,milk10k,images/ISIC_5947248.jpg,ISIC_5947248,bcc,g850,external_test,none,850,-1,,True,dce1586c4daca4d3,75.0,female,head_neck_face,Head and neck,3,3,,False
milk10k,milk10k,images/ISIC_6250232.jpg,ISIC_6250232,mel,g851,external_test,none,851,-1,,False,b1bb1baa3c60f603,70.0,male,trunk,Trunk,4,4,,False
milk10k,milk10k,images/ISIC_9254710.jpg,ISIC_9254710,akiec,g852,external_test,none,852,-1,,False,a18eb069511b7ce7,80.0,female,head_neck_face,Head and neck,4,4,,False
milk10k,milk10k,images/ISIC_9073665.jpg,ISIC_9073665,sccka,g853,dropped,none,853,-1,unmapped_class:sccka,False,a6a63ed9e5c20d0b,70.0,male,lower_extremity,Lower extremity,3,3,unmapped_class:sccka,False
milk10k,milk10k,images/ISIC_2868713.jpg,ISIC_2868713,bcc,g854,external_test,none,854,-1,,False,d97c59e4cc993861,70.0,male,head_neck_face,Head and neck,2,2,,False
milk10k,milk10k,images/ISIC_9139090.jpg,ISIC_9139090,bkl,g855,external_test,none,855,-1,,True,dbc6276e90190de5,70.0,male,head_neck_face,Head and neck,3,3,,False
milk10k,milk10k,images/ISIC_2796878.jpg,ISIC_2796878,bkl,g856,external_test,none,856,-1,,False,7e92a16e16d96923,80.0,male,trunk,Trunk,3,3,,False
milk10k,milk10k,images/ISIC_4801832.jpg,ISIC_4801832,bkl,g857,external_test,none,857,-1,,False,319033d9e3739ca5,70.0,male,head_neck_face,Head and neck,3,3,,False
milk10k,milk10k,images/ISIC_8921695.jpg,ISIC_8921695,bcc,g858,external_test,none,858,-1,,False,ae324c73b2c94aa7,75.0,male,lower_extremity,Lower extremity,4,4,,False
milk10k,milk10k,images/ISIC_7614845.jpg,ISIC_7614845,sccka,g859,dropped,none,859,-1,unmapped_class:sccka,False,66a0ceca9b2e64b9,65.0,male,trunk,Trunk,3,3,unmapped_class:sccka,False
milk10k,milk10k,images/ISIC_2174727.jpg,ISIC_2174727,nv,g860,external_test,none,860,-1,,False,4d9b467318c3e32d,25.0,male,,,3,3,,False
milk10k,milk10k,images/ISIC_8254063.jpg,ISIC_8254063,akiec,g861,external_test,none,861,-1,,False,d318f544bf02ff01,60.0,male,hand,Upper extremity,3,3,,False
milk10k,milk10k,images/ISIC_2116783.jpg,ISIC_2116783,bcc,g862,external_test,none,862,-1,,True,db311939c94335ad,35.0,female,trunk,Trunk,5 (lightest),5,,False
milk10k,milk10k,images/ISIC_2970971.jpg,ISIC_2970971,nv,g863,dropped,none,863,-1,duplicate_of_ham10000,False,99c366cc993361cd,45.0,female,upper_extremity,Upper extremity,4,4,duplicate_of_ham10000,False
milk10k,milk10k,images/ISIC_5224246.jpg,ISIC_5224246,bcc,g864,external_test,none,864,-1,,True,f3c8ba26ec92ad09,55.0,male,upper_extremity,Upper extremity,3,3,,False
milk10k,milk10k,images/ISIC_0913438.jpg,ISIC_0913438,akiec,g865,external_test,none,865,-1,,True,038a0f39f1c93f87,70.0,female,hand,Upper extremity,4,4,,False
milk10k,milk10k,images/ISIC_9518414.jpg,ISIC_9518414,bcc,g866,external_test,none,866,-1,,False,6893661bb4315de5,65.0,female,trunk,Trunk,4,4,,False
milk10k,milk10k,images/ISIC_7184709.jpg,ISIC_7184709,sccka,g867,dropped,none,867,-1,unmapped_class:sccka,False,93ce7cb1460e69c9,85.0,male,head_neck_face,Head and neck,4,4,unmapped_class:sccka,False
milk10k,milk10k,images/ISIC_0051817.jpg,ISIC_0051817,sccka,g868,dropped,none,868,-1,unmapped_class:sccka,False,b18f8a743db44713,70.0,male,upper_extremity,Upper extremity,4,4,unmapped_class:sccka,False
milk10k,milk10k,images/ISIC_7692464.jpg,ISIC_7692464,nv,g869,external_test,none,869,-1,,False,cec662849c5b63a7,70.0,male,trunk,Trunk,4,4,,False
milk10k,milk10k,images/ISIC_1806373.jpg,ISIC_1806373,bcc,g870,external_test,none,870,-1,,False,fb497eca311a620b,50.0,female,lower_extremity,Lower extremity,3,3,,False
milk10k,milk10k,images/ISIC_3460141.jpg,ISIC_3460141,nv,g871,external_test,none,871,-1,,False,c66c309ecbd92527,65.0,female,lower_extremity,Lower extremity,3,3,,False
milk10k,milk10k,images/ISIC_7949818.jpg,ISIC_7949818,bcc,g872,external_test,none,872,-1,,False,0f7a85bc799ac609,70.0,female,trunk,Trunk,3,3,,False
milk10k,milk10k,images/ISIC_5255131.jpg,ISIC_5255131,bkl,g873,dropped,none,873,-1,duplicate_of_ham10000,False,996666c699996665,75.0,female,trunk,Trunk,2,2,duplicate_of_ham10000,False
milk10k,milk10k,images/ISIC_9658944.jpg,ISIC_9658944,mel,g874,external_test,none,874,-1,,False,96785c7149c936a7,50.0,male,trunk,Trunk,3,3,,False
milk10k,milk10k,images/ISIC_4168419.jpg,ISIC_4168419,mel,g875,external_test,none,875,-1,,True,9ccc6433b33998cd,50.0,female,trunk,Trunk,5 (lightest),5,,False
milk10k,milk10k,images/ISIC_7943939.jpg,ISIC_7943939,bkl,g876,external_test,none,876,-1,,False,49fcb7443c29d1a3,55.0,female,upper_extremity,Upper extremity,3,3,,False
milk10k,milk10k,images/ISIC_7903287.jpg,ISIC_7903287,bcc,g877,external_test,none,877,-1,,True,27699ce9cc86325d,55.0,male,trunk,Trunk,4,4,,False
milk10k,milk10k,images/ISIC_1966383.jpg,ISIC_1966383,bcc,g878,external_test,none,878,-1,,False,3e6ee8ee3302e503,65.0,female,trunk,Trunk,3,3,,False
milk10k,milk10k,images/ISIC_2094021.jpg,ISIC_2094021,bcc,g879,external_test,none,879,-1,,False,8a3766eea780722b,80.0,male,trunk,Trunk,3,3,,False
milk10k,milk10k,images/ISIC_9807754.jpg,ISIC_9807754,mel,g880,external_test,none,880,-1,,False,9ce39c18ccf3660d,65.0,male,lower_extremity,Lower extremity,4,4,,False
milk10k,milk10k,images/ISIC_7424370.jpg,ISIC_7424370,bcc,g881,external_test,none,881,-1,,False,7a8ef1e606c49ca3,60.0,female,lower_extremity,Lower extremity,3,3,,False
milk10k,milk10k,images/ISIC_0727761.jpg,ISIC_0727761,bcc,g882,external_test,none,882,-1,,False,22a7c9c333990e6f,65.0,female,lower_extremity,Lower extremity,5 (lightest),5,,False
milk10k,milk10k,images/ISIC_1733416.jpg,ISIC_1733416,nv,g883,external_test,none,883,-1,,False,f637329249698ca7,55.0,male,trunk,Trunk,4,4,,False
milk10k,milk10k,images/ISIC_5072182.jpg,ISIC_5072182,inf,g884,dropped,none,884,-1,unmapped_class:inf,False,8d1f51a54bc3872d,55.0,male,lower_extremity,Lower extremity,4,4,unmapped_class:inf,False
milk10k,milk10k,images/ISIC_2320348.jpg,ISIC_2320348,bcc,g885,external_test,none,885,-1,,False,9d3a4f066c4656e9,65.0,male,lower_extremity,Lower extremity,4,4,,False
milk10k,milk10k,images/ISIC_7592017.jpg,ISIC_7592017,bcc,g886,external_test,none,886,-1,,False,de9d7bd984232245,75.0,male,trunk,Trunk,3,3,,False
milk10k,milk10k,images/ISIC_2252587.jpg,ISIC_2252587,inf,g887,dropped,none,887,-1,unmapped_class:inf,False,d0ecf03a4b73268d,75.0,male,trunk,Trunk,4,4,unmapped_class:inf,False
milk10k,milk10k,images/ISIC_7878714.jpg,ISIC_7878714,bcc,g888,external_test,none,888,-1,,True,93bd698c267bc905,70.0,female,lower_extremity,Lower extremity,3,3,,False
milk10k,milk10k,images/ISIC_4680765.jpg,ISIC_4680765,bcc,g889,external_test,none,889,-1,,False,c0ec8c74fcb87c29,55.0,female,trunk,Trunk,3,3,,False
milk10k,milk10k,images/ISIC_7009788.jpg,ISIC_7009788,df,g890,external_test,none,890,-1,,True,ad2c5f32a6c95923,40.0,male,lower_extremity,Lower extremity,3,3,,False
milk10k,milk10k,images/ISIC_3034439.jpg,ISIC_3034439,bcc,g891,external_test,none,891,-1,,False,1a59f22585895dd7,70.0,male,trunk,Trunk,4,4,,False
milk10k,milk10k,images/ISIC_0298744.jpg,ISIC_0298744,bcc,g892,external_test,none,892,-1,,False,a952b55aa956ac59,60.0,male,upper_extremity,Upper extremity,3,3,,False
milk10k,milk10k,images/ISIC_3708334.jpg,ISIC_3708334,bkl,g893,external_test,none,893,-1,,True,e4477c5413f2aa8b,55.0,male,head_neck_face,Head and neck,5 (lightest),5,,False
milk10k,milk10k,images/ISIC_4196278.jpg,ISIC_4196278,nv,g894,external_test,none,894,-1,,True,8b64913167999e6d,35.0,male,trunk,Trunk,4,4,,False
milk10k,milk10k,images/ISIC_1455660.jpg,ISIC_1455660,bcc,g895,external_test,none,895,-1,,False,b7261f1ece81b485,65.0,female,trunk,Trunk,3,3,,False
milk10k,milk10k,images/ISIC_9791119.jpg,ISIC_9791119,bkl,g896,external_test,none,896,-1,,False,17f8067067feac81,70.0,male,trunk,Trunk,3,3,,False
milk10k,milk10k,images/ISIC_2259826.jpg,ISIC_2259826,akiec,g897,external_test,none,897,-1,,True,e69c77d8ca62e083,75.0,female,head_neck_face,Head and neck,4,4,,False
milk10k,milk10k,images/ISIC_0570697.jpg,ISIC_0570697,nv,g898,external_test,none,898,-1,,False,ae630cb65c68b38b,50.0,female,head_neck_face,Head and neck,3,3,,False
milk10k,milk10k,images/ISIC_7308563.jpg,ISIC_7308563,nv,g899,external_test,none,899,-1,,False,260c9eb039d3aeab,85.0,female,trunk,Trunk,3,3,,False
milk10k,milk10k,images/ISIC_9427744.jpg,ISIC_9427744,nv,g900,external_test,none,900,-1,,False,9964669c66719367,75.0,female,lower_extremity,Lower extremity,2,2,,False
milk10k,milk10k,images/ISIC_8133623.jpg,ISIC_8133623,bcc,g901,external_test,none,901,-1,,False,f46a8ba8a22bc7a5,80.0,male,trunk,Trunk,3,3,,False
milk10k,milk10k,images/ISIC_9280729.jpg,ISIC_9280729,nv,g902,external_test,none,902,-1,,False,98331c3338f3e2cd,40.0,female,trunk,Trunk,2,2,,False
milk10k,milk10k,images/ISIC_3577478.jpg,ISIC_3577478,bcc,g903,external_test,none,903,-1,,False,c4c6c8bc117b6e27,85.0,male,trunk,Trunk,3,3,,False
milk10k,milk10k,images/ISIC_6475622.jpg,ISIC_6475622,sccka,g904,dropped,none,904,-1,unmapped_class:sccka,False,4b996ce67e161529,75.0,male,lower_extremity,Lower extremity,3,3,unmapped_class:sccka,False
milk10k,milk10k,images/ISIC_0768895.jpg,ISIC_0768895,nv,g905,external_test,none,905,-1,,True,1b4d661986c379b5,40.0,male,trunk,Trunk,0-1 (darkest),1,,False
milk10k,milk10k,images/ISIC_9569749.jpg,ISIC_9569749,nv,g906,dropped,none,906,-1,duplicate_of_ham10000,False,643319cc913367cf,30.0,female,trunk,Trunk,2,2,duplicate_of_ham10000,False
milk10k,milk10k,images/ISIC_9927174.jpg,ISIC_9927174,bcc,g907,external_test,none,907,-1,,False,851cbb6666fa7c01,50.0,female,lower_extremity,Lower extremity,3,3,,False
milk10k,milk10k,images/ISIC_6901642.jpg,ISIC_6901642,bcc,g908,external_test,none,908,-1,,True,935273c6533aec83,45.0,male,head_neck_face,Head and neck,3,3,,False
milk10k,milk10k,images/ISIC_4148971.jpg,ISIC_4148971,bcc,g909,external_test,none,909,-1,,False,52d4cfc40179c6e7,75.0,female,trunk,Trunk,4,4,,False
milk10k,milk10k,images/ISIC_1190372.jpg,ISIC_1190372,nv,g910,external_test,none,910,-1,,True,5964e390b6d15f0d,5.0,male,head_neck_face,Head and neck,3,3,,False
milk10k,milk10k,images/ISIC_6221556.jpg,ISIC_6221556,bcc,g911,external_test,none,911,-1,,False,9d6eb62e48991867,60.0,male,head_neck_face,Head and neck,0-1 (darkest),1,,False
milk10k,milk10k,images/ISIC_8975655.jpg,ISIC_8975655,bcc,g912,external_test,none,912,-1,,False,2c96b46af1cacea1,70.0,male,upper_extremity,Upper extremity,3,3,,False
milk10k,milk10k,images/ISIC_4517185.jpg,ISIC_4517185,vasc,g913,external_test,none,913,-1,,False,73e4691ecc73340d,40.0,female,lower_extremity,Lower extremity,4,4,,False
milk10k,milk10k,images/ISIC_9080829.jpg,ISIC_9080829,sccka,g914,dropped,none,914,-1,unmapped_class:sccka,False,3f8afe2a89a29d09,85.0,male,lower_extremity,Lower extremity,3,3,unmapped_class:sccka,False
milk10k,milk10k,images/ISIC_2328520.jpg,ISIC_2328520,bcc,g915,external_test,none,915,-1,,False,cc0fceccd973040f,30.0,male,lower_extremity,Lower extremity,4,4,,False
milk10k,milk10k,images/ISIC_9809557.jpg,ISIC_9809557,nv,g916,external_test,none,916,-1,,False,b464529ec89b3367,30.0,male,lower_extremity,Lower extremity,3,3,,False
milk10k,milk10k,images/ISIC_1160288.jpg,ISIC_1160288,sccka,g917,dropped,none,917,-1,unmapped_class:sccka,False,be8a7963e532818d,80.0,female,upper_extremity,Upper extremity,3,3,unmapped_class:sccka,False
milk10k,milk10k,images/ISIC_0977792.jpg,ISIC_0977792,bcc,g918,external_test,none,918,-1,,False,8ffaa9ea17a05701,65.0,male,trunk,Trunk,3,3,,False
milk10k,milk10k,images/ISIC_5080331.jpg,ISIC_5080331,mel,g919,external_test,none,919,-1,,False,96f38c4d0961f197,70.0,male,trunk,Trunk,2,2,,False
milk10k,milk10k,images/ISIC_6846051.jpg,ISIC_6846051,bkl,g920,external_test,none,920,-1,,False,b46a86718cc372af,70.0,male,head_neck_face,Head and neck,0-1 (darkest),1,,False
milk10k,milk10k,images/ISIC_4407417.jpg,ISIC_4407417,bcc,g921,external_test,none,921,-1,,False,668598ec9f9b5245,65.0,male,upper_extremity,Upper extremity,3,3,,False
milk10k,milk10k,images/ISIC_1557986.jpg,ISIC_1557986,bcc,g922,external_test,none,922,-1,,False,9abcf686c6983923,70.0,male,trunk,Trunk,3,3,,False
milk10k,milk10k,images/ISIC_1222720.jpg,ISIC_1222720,bkl,g923,external_test,none,923,-1,,False,f657c9f2962d0123,60.0,female,upper_extremity,Upper extremity,3,3,,False
milk10k,milk10k,images/ISIC_9571862.jpg,ISIC_9571862,bkl,g924,external_test,none,924,-1,,False,304e33b3f3590ca7,50.0,male,trunk,Trunk,4,4,,False
milk10k,milk10k,images/ISIC_9925307.jpg,ISIC_9925307,bcc,g925,external_test,none,925,-1,,False,1fd06143b18f9eb1,70.0,male,lower_extremity,Lower extremity,4,4,,False
milk10k,milk10k,images/ISIC_8145823.jpg,ISIC_8145823,akiec,g926,external_test,none,926,-1,,False,bca25d687c32d2a9,45.0,male,head_neck_face,Head and neck,3,3,,False
milk10k,milk10k,images/ISIC_7266198.jpg,ISIC_7266198,bcc,g927,external_test,none,927,-1,,True,917631adda19c3a3,50.0,male,head_neck_face,Head and neck,4,4,,False
milk10k,milk10k,images/ISIC_9864702.jpg,ISIC_9864702,bcc,g928,external_test,none,928,-1,,True,86c698383323cfdd,80.0,male,head_neck_face,Head and neck,3,3,,False
milk10k,milk10k,images/ISIC_4490295.jpg,ISIC_4490295,nv,g929,external_test,none,929,-1,,True,231978336de3a62d,45.0,female,trunk,Trunk,3,3,,False
milk10k,milk10k,images/ISIC_8925555.jpg,ISIC_8925555,sccka,g930,dropped,none,930,-1,unmapped_class:sccka,False,183d0d93d2c4f93b,65.0,male,hand,Upper extremity,3,3,unmapped_class:sccka,False
milk10k,milk10k,images/ISIC_8762355.jpg,ISIC_8762355,sccka,g931,dropped,none,931,-1,unmapped_class:sccka,False,b4c971328c1f3fc1,85.0,male,head_neck_face,Head and neck,2,2,unmapped_class:sccka,False
milk10k,milk10k,images/ISIC_3103579.jpg,ISIC_3103579,mel,g932,external_test,none,932,-1,,False,0cddfdf68aa8d201,65.0,female,upper_extremity,Upper extremity,3,3,,False
milk10k,milk10k,images/ISIC_2456679.jpg,ISIC_2456679,bcc,g933,external_test,none,933,-1,,False,46363ad89b72a52b,45.0,female,lower_extremity,Lower extremity,4,4,,False
milk10k,milk10k,images/ISIC_1694966.jpg,ISIC_1694966,bcc,g934,external_test,none,934,-1,,False,0600af0abf2adfab,60.0,male,head_neck_face,Head and neck,4,4,,False
milk10k,milk10k,images/ISIC_6186797.jpg,ISIC_6186797,inf,g935,dropped,none,935,-1,unmapped_class:inf,False,b4c64678b9c113b7,20.0,female,head_neck_face,Head and neck,2,2,unmapped_class:inf,False
milk10k,milk10k,images/ISIC_2352071.jpg,ISIC_2352071,bcc,g936,external_test,none,936,-1,,False,130318cf3b99c3eb,50.0,male,trunk,Trunk,3,3,,False
milk10k,milk10k,images/ISIC_6330968.jpg,ISIC_6330968,bkl,g937,external_test,none,937,-1,,False,7488c8bce6763e83,65.0,male,upper_extremity,Upper extremity,3,3,,False
milk10k,milk10k,images/ISIC_4659670.jpg,ISIC_4659670,vasc,g938,external_test,none,938,-1,,True,0f748e927783bc29,55.0,male,upper_extremity,Upper extremity,3,3,,False
milk10k,milk10k,images/ISIC_2778083.jpg,ISIC_2778083,nv,g939,external_test,none,939,-1,,False,66c6903cc9f3670d,45.0,male,trunk,Trunk,3,3,,False
milk10k,milk10k,images/ISIC_7059546.jpg,ISIC_7059546,sccka,g940,dropped,none,940,-1,unmapped_class:sccka,False,38fa46664dc8d70b,75.0,male,head_neck_face,Head and neck,4,4,unmapped_class:sccka,False
milk10k,milk10k,images/ISIC_9886654.jpg,ISIC_9886654,bkl,g941,external_test,none,941,-1,,False,e9e73c42cfb01629,60.0,female,trunk,Trunk,3,3,,False
milk10k,milk10k,images/ISIC_0909697.jpg,ISIC_0909697,bkl,g942,external_test,none,942,-1,,False,efa8c6b26c8ab429,65.0,male,head_neck_face,Head and neck,3,3,,False
milk10k,milk10k,images/ISIC_6639957.jpg,ISIC_6639957,bcc,g943,external_test,none,943,-1,,False,6fc243a2bc2ae9a3,70.0,male,trunk,Trunk,3,3,,False
milk10k,milk10k,images/ISIC_0129379.jpg,ISIC_0129379,akiec,g944,external_test,none,944,-1,,True,4bca34cad72c6ea1,60.0,male,head_neck_face,Head and neck,3,3,,False
milk10k,milk10k,images/ISIC_2764511.jpg,ISIC_2764511,bcc,g945,external_test,none,945,-1,,False,eec2cd42312afca9,70.0,male,lower_extremity,Lower extremity,3,3,,False
milk10k,milk10k,images/ISIC_1398132.jpg,ISIC_1398132,bcc,g946,external_test,none,946,-1,,False,262af7b86df82183,60.0,male,trunk,Trunk,3,3,,False
milk10k,milk10k,images/ISIC_9142036.jpg,ISIC_9142036,bcc,g947,external_test,none,947,-1,,True,354ccda2d2714ccf,65.0,female,trunk,Trunk,4,4,,False
milk10k,milk10k,images/ISIC_0289550.jpg,ISIC_0289550,bcc,g948,external_test,none,948,-1,,False,74e21b7625d8d923,55.0,male,upper_extremity,Upper extremity,3,3,,False
milk10k,milk10k,images/ISIC_3518193.jpg,ISIC_3518193,bkl,g949,external_test,none,949,-1,,False,1c63e3cc41b39a4f,60.0,female,trunk,Trunk,3,3,,False
milk10k,milk10k,images/ISIC_7754022.jpg,ISIC_7754022,bcc,g950,external_test,none,950,-1,,False,e55f50dacaec4603,85.0,male,head_neck_face,Head and neck,5 (lightest),5,,False
milk10k,milk10k,images/ISIC_3265547.jpg,ISIC_3265547,bcc,g951,dropped,none,951,-1,duplicate_of_ham10000,False,6cc9e48b1e27833d,85.0,male,lower_extremity,Lower extremity,3,3,duplicate_of_ham10000,False
milk10k,milk10k,images/ISIC_0805994.jpg,ISIC_0805994,bcc,g952,external_test,none,952,-1,,True,09f8ef4c909b93a9,70.0,male,trunk,Trunk,3,3,,False
milk10k,milk10k,images/ISIC_7278433.jpg,ISIC_7278433,nv,g953,external_test,none,953,-1,,True,23799c86e359b607,,male,lower_extremity,Lower extremity,5 (lightest),5,,False
milk10k,milk10k,images/ISIC_1029056.jpg,ISIC_1029056,bcc,g954,external_test,none,954,-1,,False,658cb5b1502cf98f,45.0,male,head_neck_face,Head and neck,3,3,,False
milk10k,milk10k,images/ISIC_2527161.jpg,ISIC_2527161,bkl,g955,external_test,none,955,-1,,False,ed0316f0634b1e6d,80.0,female,upper_extremity,Upper extremity,3,3,,False
milk10k,milk10k,images/ISIC_1255149.jpg,ISIC_1255149,bcc,g956,external_test,none,956,-1,,False,f9f1a81cdb532425,80.0,male,trunk,Trunk,4,4,,False
milk10k,milk10k,images/ISIC_4971008.jpg,ISIC_4971008,bcc,g957,external_test,none,957,-1,,True,4a6864398e7993b7,75.0,male,trunk,Trunk,5 (lightest),5,,False
milk10k,milk10k,images/ISIC_3064112.jpg,ISIC_3064112,akiec,g958,external_test,none,958,-1,,False,f086bc3a55c3b2a9,60.0,male,lower_extremity,Lower extremity,3,3,,False
milk10k,milk10k,images/ISIC_0866932.jpg,ISIC_0866932,nv,g959,external_test,none,959,-1,,False,03263619e7799e87,35.0,female,trunk,Trunk,3,3,,False
milk10k,milk10k,images/ISIC_0811514.jpg,ISIC_0811514,nv,g960,external_test,none,960,-1,,True,1666593863c9bc3d,50.0,male,head_neck_face,Head and neck,3,3,,False
milk10k,milk10k,images/ISIC_9733625.jpg,ISIC_9733625,bcc,g961,external_test,none,961,-1,,True,66622e99d363ac8d,70.0,male,head_neck_face,Head and neck,3,3,,False
milk10k,milk10k,images/ISIC_2102002.jpg,ISIC_2102002,bcc,g962,external_test,none,962,-1,,False,21296c29cfd29dd3,45.0,male,head_neck_face,Head and neck,5 (lightest),5,,False
milk10k,milk10k,images/ISIC_8808076.jpg,ISIC_8808076,bkl,g963,external_test,none,963,-1,,True,d2160e8e0f3afca9,50.0,female,upper_extremity,Upper extremity,3,3,,False
milk10k,milk10k,images/ISIC_8830839.jpg,ISIC_8830839,bkl,g964,external_test,none,964,-1,,False,7b63b4a1b02153d7,50.0,female,lower_extremity,Lower extremity,2,2,,False
milk10k,milk10k,images/ISIC_5825703.jpg,ISIC_5825703,bkl,g965,external_test,none,965,-1,,False,dd6c66c85629d983,75.0,male,head_neck_face,Head and neck,3,3,,False
milk10k,milk10k,images/ISIC_4740515.jpg,ISIC_4740515,mel,g966,external_test,none,966,-1,,False,c89933c4ec9343ed,50.0,female,head_neck_face,Head and neck,3,3,,False
milk10k,milk10k,images/ISIC_4346905.jpg,ISIC_4346905,bcc,g967,external_test,none,967,-1,,False,66cbabae3712f021,40.0,male,head_neck_face,Head and neck,3,3,,False
milk10k,milk10k,images/ISIC_5306085.jpg,ISIC_5306085,bcc,g968,external_test,none,968,-1,,False,d9623308ce2afb8b,60.0,male,trunk,Trunk,3,3,,False
milk10k,milk10k,images/ISIC_3961718.jpg,ISIC_3961718,bcc,g969,external_test,none,969,-1,,False,cd8cada14ad97037,70.0,male,trunk,Trunk,3,3,,False
milk10k,milk10k,images/ISIC_0082674.jpg,ISIC_0082674,bkl,g970,external_test,none,970,-1,,False,b6a9cc03c9a65d39,60.0,male,trunk,Trunk,4,4,,False
milk10k,milk10k,images/ISIC_2879057.jpg,ISIC_2879057,mel,g971,external_test,none,971,-1,,False,53b92999d12946d7,70.0,male,trunk,Trunk,4,4,,False
milk10k,milk10k,images/ISIC_8603109.jpg,ISIC_8603109,nv,g972,dropped,none,972,-1,duplicate_of_ham10000,False,3073c60c39e3972f,45.0,female,trunk,Trunk,2,2,duplicate_of_ham10000,False
milk10k,milk10k,images/ISIC_1101076.jpg,ISIC_1101076,bcc,g973,external_test,none,973,-1,,True,df12c604f931fd81,75.0,male,lower_extremity,Lower extremity,0-1 (darkest),1,,False
milk10k,milk10k,images/ISIC_7090951.jpg,ISIC_7090951,sccka,g974,dropped,none,974,-1,unmapped_class:sccka,False,c5133c4ce1631f8f,50.0,male,head_neck_face,Head and neck,3,3,unmapped_class:sccka,False
milk10k,milk10k,images/ISIC_8870317.jpg,ISIC_8870317,akiec,g975,external_test,none,975,-1,,False,99c5431a09a9fe6d,70.0,male,head_neck_face,Head and neck,0-1 (darkest),1,,False
milk10k,milk10k,images/ISIC_8254014.jpg,ISIC_8254014,bcc,g976,external_test,none,976,-1,,False,8c26ee8e19796665,70.0,male,upper_extremity,Upper extremity,3,3,,False
milk10k,milk10k,images/ISIC_6221334.jpg,ISIC_6221334,bcc,g977,dropped,none,977,-1,duplicate_of:ISIC_1643848,False,ee02cf227d8a7c29,75.0,female,trunk,Trunk,3,3,,False
milk10k,milk10k,images/ISIC_2515747.jpg,ISIC_2515747,bkl,g978,external_test,none,978,-1,,False,34a24bdad9e26c87,60.0,female,head_neck_face,Head and neck,3,3,,False
milk10k,milk10k,images/ISIC_4763505.jpg,ISIC_4763505,bcc,g979,external_test,none,979,-1,,False,4af4b566a132792b,55.0,female,lower_extremity,Lower extremity,4,4,,False
milk10k,milk10k,images/ISIC_2036689.jpg,ISIC_2036689,nv,g980,external_test,none,980,-1,,False,e389ad2653c99627,35.0,male,trunk,Trunk,4,4,,False
milk10k,milk10k,images/ISIC_7585813.jpg,ISIC_7585813,mel,g981,external_test,none,981,-1,,False,9893fc49c783c23d,70.0,female,upper_extremity,Upper extremity,3,3,,False
milk10k,milk10k,images/ISIC_8362273.jpg,ISIC_8362273,bcc,g982,external_test,none,982,-1,,False,9c2bc3988ceba3a3,70.0,male,head_neck_face,Head and neck,5 (lightest),5,,False
milk10k,milk10k,images/ISIC_7520217.jpg,ISIC_7520217,bcc,g983,external_test,none,983,-1,,False,31f8e1c6fffe0001,65.0,female,trunk,Trunk,4,4,,False
milk10k,milk10k,images/ISIC_3905888.jpg,ISIC_3905888,sccka,g984,dropped,none,984,-1,unmapped_class:sccka,False,5926c69b0f787985,80.0,female,trunk,Trunk,3,3,unmapped_class:sccka,False
milk10k,milk10k,images/ISIC_3129795.jpg,ISIC_3129795,vasc,g985,external_test,none,985,-1,,True,8299cf2c79936789,70.0,male,head_neck_face,Head and neck,3,3,,False
milk10k,milk10k,images/ISIC_9099090.jpg,ISIC_9099090,bcc,g986,external_test,none,986,-1,,False,6f68c9e19e8a3525,75.0,female,trunk,Trunk,3,3,,False
milk10k,milk10k,images/ISIC_1343499.jpg,ISIC_1343499,mel,g987,external_test,none,987,-1,,False,1a5b717946019a7f,35.0,male,trunk,Trunk,2,2,,False
milk10k,milk10k,images/ISIC_8511040.jpg,ISIC_8511040,sccka,g988,dropped,none,988,-1,unmapped_class:sccka,False,dc4b534b322a4abb,85.0,female,head_neck_face,Head and neck,5 (lightest),5,unmapped_class:sccka,False
milk10k,milk10k,images/ISIC_7461810.jpg,ISIC_7461810,bcc,g989,external_test,none,989,-1,,False,c4cc1a36399bc36d,80.0,male,trunk,Trunk,3,3,,False
milk10k,milk10k,images/ISIC_7216810.jpg,ISIC_7216810,bcc,g990,external_test,none,990,-1,,False,3b68999ee698c323,50.0,female,trunk,Trunk,4,4,,False
milk10k,milk10k,images/ISIC_8060479.jpg,ISIC_8060479,bcc,g991,external_test,none,991,-1,,False,b39246e60e38e7c9,75.0,male,lower_extremity,Lower extremity,3,3,,False
milk10k,milk10k,images/ISIC_0154826.jpg,ISIC_0154826,bcc,g992,external_test,none,992,-1,,False,a063d3b033baeca5,70.0,female,head_neck_face,Head and neck,3,3,,False
milk10k,milk10k,images/ISIC_3627672.jpg,ISIC_3627672,mel,g993,external_test,none,993,-1,,False,c1f8c89a2e2193df,80.0,male,upper_extremity,Upper extremity,3,3,,False
milk10k,milk10k,images/ISIC_3482891.jpg,ISIC_3482891,nv,g994,external_test,none,994,-1,,False,e66986b35ac3291d,15.0,male,trunk,Trunk,2,2,,False
milk10k,milk10k,images/ISIC_3986538.jpg,ISIC_3986538,bcc,g995,external_test,none,995,-1,,True,b81a8e8179331fc7,70.0,male,head_neck_face,Head and neck,3,3,,False
milk10k,milk10k,images/ISIC_0283929.jpg,ISIC_0283929,bcc,g996,external_test,none,996,-1,,False,6327d44aba31ed07,85.0,female,trunk,Trunk,3,3,,False
milk10k,milk10k,images/ISIC_0151603.jpg,ISIC_0151603,sccka,g997,dropped,none,997,-1,unmapped_class:sccka,False,3b38cccc73129d8b,80.0,female,upper_extremity,Upper extremity,3,3,unmapped_class:sccka,False
milk10k,milk10k,images/ISIC_0529633.jpg,ISIC_0529633,mel,g998,external_test,none,998,-1,,False,e728b7c9ec01d81d,40.0,female,head_neck_face,Head and neck,0-1 (darkest),1,,False
milk10k,milk10k,images/ISIC_8143135.jpg,ISIC_8143135,bcc,g999,external_test,none,999,-1,,False,7d42d72ae4aa0aab,60.0,female,trunk,Trunk,4,4,,False
milk10k,milk10k,images/ISIC_3344295.jpg,ISIC_3344295,mel,g1000,external_test,none,1000,-1,,False,cfdbce4209029f2b,70.0,male,lower_extremity,Lower extremity,3,3,,False
milk10k,milk10k,images/ISIC_7624779.jpg,ISIC_7624779,sccka,g1001,dropped,none,1001,-1,unmapped_class:sccka,False,6623c4cc997372a7,50.0,male,lower_extremity,Lower extremity,4,4,unmapped_class:sccka,False
milk10k,milk10k,images/ISIC_1689523.jpg,ISIC_1689523,nv,g1002,external_test,none,1002,-1,,True,b79309ce0419eceb,75.0,female,head_neck_face,Head and neck,4,4,,False
milk10k,milk10k,images/ISIC_7677176.jpg,ISIC_7677176,bcc,g1003,external_test,none,1003,-1,,False,5610cd7693fc3923,55.0,male,trunk,Trunk,3,3,,False
milk10k,milk10k,images/ISIC_1708907.jpg,ISIC_1708907,vasc,g1004,external_test,none,1004,-1,,True,64e6e3103979ce87,55.0,female,trunk,Trunk,2,2,,False
milk10k,milk10k,images/ISIC_1018753.jpg,ISIC_1018753,bcc,g1005,external_test,none,1005,-1,,False,0c1e1daee3319a8f,75.0,male,head_neck_face,Head and neck,3,3,,False
milk10k,milk10k,images/ISIC_5249321.jpg,ISIC_5249321,bcc,g1006,external_test,none,1006,-1,,False,c8fb66364ec83329,60.0,male,upper_extremity,Upper extremity,3,3,,False
milk10k,milk10k,images/ISIC_3365437.jpg,ISIC_3365437,bcc,g1007,external_test,none,1007,-1,,False,fde25ea1a6886389,70.0,female,lower_extremity,Lower extremity,3,3,,False
milk10k,milk10k,images/ISIC_3540017.jpg,ISIC_3540017,df,g1008,external_test,none,1008,-1,,True,078cfdf8664b019d,55.0,female,lower_extremity,Lower extremity,5 (lightest),5,,False
milk10k,milk10k,images/ISIC_7047621.jpg,ISIC_7047621,bcc,g1009,external_test,none,1009,-1,,False,a75aeb761c0a61a3,65.0,female,lower_extremity,Lower extremity,3,3,,False
milk10k,milk10k,images/ISIC_9060041.jpg,ISIC_9060041,bcc,g1010,external_test,none,1010,-1,,False,986a2f164fa9b247,60.0,male,head_neck_face,Head and neck,3,3,,False
milk10k,milk10k,images/ISIC_8545164.jpg,ISIC_8545164,akiec,g1011,external_test,none,1011,-1,,False,e3a6e7dd3043182d,65.0,female,lower_extremity,Lower extremity,5 (lightest),5,,False
milk10k,milk10k,images/ISIC_1063001.jpg,ISIC_1063001,bcc,g1012,external_test,none,1012,-1,,False,6a7a275475062e73,65.0,female,lower_extremity,Lower extremity,3,3,,False
milk10k,milk10k,images/ISIC_5728121.jpg,ISIC_5728121,bkl,g1013,external_test,none,1013,-1,,True,398aee0a7eaaf0a1,65.0,male,head_neck_face,Head and neck,5 (lightest),5,,False
milk10k,milk10k,images/ISIC_7531562.jpg,ISIC_7531562,nv,g1014,external_test,none,1014,-1,,False,cca63c5893c3693d,45.0,female,trunk,Trunk,2,2,,False
milk10k,milk10k,images/ISIC_4445549.jpg,ISIC_4445549,bkl,g1015,external_test,none,1015,-1,,True,0337a3bbd9482c97,70.0,male,head_neck_face,Head and neck,3,3,,False
milk10k,milk10k,images/ISIC_0773145.jpg,ISIC_0773145,bcc,g1016,external_test,none,1016,-1,,True,5db577c05056d2c3,80.0,male,head_neck_face,Head and neck,5 (lightest),5,,False
milk10k,milk10k,images/ISIC_6161217.jpg,ISIC_6161217,sccka,g1017,dropped,none,1017,-1,unmapped_class:sccka,False,c4a22616dcf2ec2f,75.0,female,head_neck_face,Head and neck,3,3,unmapped_class:sccka,False
milk10k,milk10k,images/ISIC_1887239.jpg,ISIC_1887239,akiec,g1018,external_test,none,1018,-1,,False,cc33994c663931cf,80.0,female,head_neck_face,Head and neck,3,3,,False
milk10k,milk10k,images/ISIC_2944495.jpg,ISIC_2944495,bcc,g1019,external_test,none,1019,-1,,False,a1d9a646df1ab461,70.0,female,head_neck_face,Head and neck,3,3,,False
milk10k,milk10k,images/ISIC_2195775.jpg,ISIC_2195775,mel,g1020,external_test,none,1020,-1,,True,d9b3bb2969c1260d,60.0,male,trunk,Trunk,2,2,,False
milk10k,milk10k,images/ISIC_6294166.jpg,ISIC_6294166,bcc,g1021,external_test,none,1021,-1,,False,76bece4606327c0d,80.0,female,head_neck_face,Head and neck,3,3,,False
milk10k,milk10k,images/ISIC_2374466.jpg,ISIC_2374466,mel,g1022,external_test,none,1022,-1,,False,cc635c933cc9133d,65.0,male,trunk,Trunk,2,2,,False
milk10k,milk10k,images/ISIC_8324594.jpg,ISIC_8324594,bkl,g1023,external_test,none,1023,-1,,True,b76a9a8489d936a3,50.0,male,upper_extremity,Upper extremity,3,3,,False
milk10k,milk10k,images/ISIC_1143783.jpg,ISIC_1143783,sccka,g1024,dropped,none,1024,-1,unmapped_class:sccka,False,91f36e4c939a4663,70.0,male,upper_extremity,Upper extremity,3,3,unmapped_class:sccka,False
milk10k,milk10k,images/ISIC_8400472.jpg,ISIC_8400472,bcc,g1025,external_test,none,1025,-1,,True,629e2364f4b09ecb,65.0,female,upper_extremity,Upper extremity,3,3,,False
milk10k,milk10k,images/ISIC_9641063.jpg,ISIC_9641063,bcc,g1026,external_test,none,1026,-1,,False,cede5928c2c912b7,50.0,female,upper_extremity,Upper extremity,3,3,,False
milk10k,milk10k,images/ISIC_6886169.jpg,ISIC_6886169,bkl,g1027,external_test,none,1027,-1,,True,095817d3fca3835d,80.0,male,head_neck_face,Head and neck,3,3,,False
milk10k,milk10k,images/ISIC_1998166.jpg,ISIC_1998166,bcc,g1028,dropped,none,1028,-1,duplicate_of_ham10000,False,1ed8c3fa98e09729,80.0,male,lower_extremity,Lower extremity,3,3,duplicate_of_ham10000,False
milk10k,milk10k,images/ISIC_5171624.jpg,ISIC_5171624,bkl,g1029,external_test,none,1029,-1,,False,3a9ff67088c3c9a1,60.0,male,trunk,Trunk,3,3,,False
milk10k,milk10k,images/ISIC_0983974.jpg,ISIC_0983974,nv,g1030,external_test,none,1030,-1,,True,2626db3e39d1460f,60.0,male,trunk,Trunk,2,2,,False
milk10k,milk10k,images/ISIC_7176466.jpg,ISIC_7176466,nv,g1031,external_test,none,1031,-1,,False,98887319cb7334af,25.0,female,lower_extremity,Lower extremity,3,3,,False
milk10k,milk10k,images/ISIC_4490935.jpg,ISIC_4490935,nv,g1032,external_test,none,1032,-1,,False,c4a673392d699687,15.0,male,trunk,Trunk,2,2,,False
milk10k,milk10k,images/ISIC_7374719.jpg,ISIC_7374719,bcc,g1033,external_test,none,1033,-1,,False,8c67733c0ce3d60d,85.0,male,head_neck_face,Head and neck,0-1 (darkest),1,,False
milk10k,milk10k,images/ISIC_5233519.jpg,ISIC_5233519,nv,g1034,external_test,none,1034,-1,,True,694e9067c9992767,20.0,female,trunk,Trunk,2,2,,False
milk10k,milk10k,images/ISIC_3862963.jpg,ISIC_3862963,bcc,g1035,external_test,none,1035,-1,,True,3378e991aeac3869,75.0,female,trunk,Trunk,3,3,,False
milk10k,milk10k,images/ISIC_6101727.jpg,ISIC_6101727,bcc,g1036,external_test,none,1036,-1,,False,396cb1f146c37e05,85.0,female,head_neck_face,Head and neck,3,3,,False
milk10k,milk10k,images/ISIC_5191763.jpg,ISIC_5191763,bcc,g1037,external_test,none,1037,-1,,False,6f629d04fd2cde01,40.0,male,trunk,Trunk,3,3,,False
milk10k,milk10k,images/ISIC_5792555.jpg,ISIC_5792555,bcc,g1038,external_test,none,1038,-1,,True,bdf5e417a0d04ae1,70.0,male,trunk,Trunk,5 (lightest),5,,False
milk10k,milk10k,images/ISIC_1692214.jpg,ISIC_1692214,bkl,g1039,external_test,none,1039,-1,,True,ace699f8ec9e2301,60.0,male,head_neck_face,Head and neck,3,3,,False
milk10k,milk10k,images/ISIC_3235167.jpg,ISIC_3235167,bcc,g1040,external_test,none,1040,-1,,True,6fce992466d89323,75.0,female,head_neck_face,Head and neck,3,3,,False
milk10k,milk10k,images/ISIC_0772947.jpg,ISIC_0772947,bcc,g1041,external_test,none,1041,-1,,False,6bcd406c6d90b6e3,50.0,male,upper_extremity,Upper extremity,3,3,,False
milk10k,milk10k,images/ISIC_1206880.jpg,ISIC_1206880,nv,g1042,external_test,none,1042,-1,,False,997322ccce3330cf,40.0,female,trunk,Trunk,5 (lightest),5,,False
milk10k,milk10k,images/ISIC_2149064.jpg,ISIC_2149064,bcc,g1043,external_test,none,1043,-1,,False,e330b9f278a06ea9,60.0,male,trunk,Trunk,3,3,,False
milk10k,milk10k,images/ISIC_5044856.jpg,ISIC_5044856,bcc,g1044,external_test,none,1044,-1,,False,69f82a9659d291e9,60.0,female,lower_extremity,Lower extremity,3,3,,False
milk10k,milk10k,images/ISIC_0869141.jpg,ISIC_0869141,bcc,g1045,external_test,none,1045,-1,,True,f6b03356b032cd4b,70.0,male,head_neck_face,Head and neck,3,3,,False
milk10k,milk10k,images/ISIC_5188025.jpg,ISIC_5188025,bcc,g1046,external_test,none,1046,-1,,False,a1b864e48596fd8b,65.0,female,head_neck_face,Head and neck,4,4,,False
milk10k,milk10k,images/ISIC_6924218.jpg,ISIC_6924218,mel,g1047,external_test,none,1047,-1,,False,b8b66ab93aab3025,35.0,male,lower_extremity,Lower extremity,2,2,,False
milk10k,milk10k,images/ISIC_6305500.jpg,ISIC_6305500,bcc,g1048,external_test,none,1048,-1,,False,7f8d32d8099a36a3,70.0,female,head_neck_face,Head and neck,4,4,,False
milk10k,milk10k,images/ISIC_4213914.jpg,ISIC_4213914,bcc,g1049,external_test,none,1049,-1,,False,5d0132e2ceda37c5,85.0,male,upper_extremity,Upper extremity,3,3,,False
milk10k,milk10k,images/ISIC_6747915.jpg,ISIC_6747915,bcc,g1050,external_test,none,1050,-1,,False,fe54aac54fce5081,75.0,female,trunk,Trunk,3,3,,False
milk10k,milk10k,images/ISIC_5020961.jpg,ISIC_5020961,nv,g1051,external_test,none,1051,-1,,False,983169936e69e387,,male,upper_extremity,Upper extremity,4,4,,False
milk10k,milk10k,images/ISIC_8056158.jpg,ISIC_8056158,mel,g1052,external_test,none,1052,-1,,True,599b68c30743e63d,75.0,male,head_neck_face,Head and neck,2,2,,False
milk10k,milk10k,images/ISIC_6860570.jpg,ISIC_6860570,sccka,g1053,dropped,none,1053,-1,unmapped_class:sccka,False,35bc22c1cf6e7903,60.0,female,lower_extremity,Lower extremity,3,3,unmapped_class:sccka,False
milk10k,milk10k,images/ISIC_4272095.jpg,ISIC_4272095,bcc,g1054,external_test,none,1054,-1,,False,df4c923664989ba3,55.0,female,upper_extremity,Upper extremity,3,3,,False
milk10k,milk10k,images/ISIC_9982272.jpg,ISIC_9982272,bcc,g1055,external_test,none,1055,-1,,False,43f164ccdb05817f,75.0,male,head_neck_face,Head and neck,5 (lightest),5,,False
milk10k,milk10k,images/ISIC_5099169.jpg,ISIC_5099169,vasc,g1056,dropped,none,1056,-1,duplicate_of_ham10000,False,939918797961e687,15.0,male,trunk,Trunk,4,4,duplicate_of_ham10000,False
milk10k,milk10k,images/ISIC_3835932.jpg,ISIC_3835932,bcc,g1057,external_test,none,1057,-1,,False,74d9925ad9e26689,85.0,female,lower_extremity,Lower extremity,2,2,,False
milk10k,milk10k,images/ISIC_1978418.jpg,ISIC_1978418,mel,g1058,external_test,none,1058,-1,,False,1b10a73372cbcc8f,70.0,female,lower_extremity,Lower extremity,2,2,,False
milk10k,milk10k,images/ISIC_0699088.jpg,ISIC_0699088,mel,g1059,external_test,none,1059,-1,,False,6b7cf1764618aca1,70.0,female,upper_extremity,Upper extremity,4,4,,False
milk10k,milk10k,images/ISIC_2601487.jpg,ISIC_2601487,bcc,g1060,external_test,none,1060,-1,,False,0bd7d648c633cb19,85.0,male,trunk,Trunk,3,3,,False
milk10k,milk10k,images/ISIC_9496310.jpg,ISIC_9496310,bcc,g1061,external_test,none,1061,-1,,False,3e23b36466398b47,60.0,female,head_neck_face,Head and neck,3,3,,False
milk10k,milk10k,images/ISIC_0096543.jpg,ISIC_0096543,bcc,g1062,external_test,none,1062,-1,,False,296c989e0ef2d2ab,60.0,male,head_neck_face,Head and neck,4,4,,False
milk10k,milk10k,images/ISIC_1341677.jpg,ISIC_1341677,bcc,g1063,external_test,none,1063,-1,,False,9daacc82d58a4dab,65.0,female,lower_extremity,Lower extremity,5 (lightest),5,,False
milk10k,milk10k,images/ISIC_1465204.jpg,ISIC_1465204,bcc,g1064,external_test,none,1064,-1,,False,c5cb22449999796f,65.0,female,trunk,Trunk,4,4,,False
milk10k,milk10k,images/ISIC_8565474.jpg,ISIC_8565474,bcc,g1065,external_test,none,1065,-1,,False,3f126c8ced927389,70.0,male,trunk,Trunk,3,3,,False
milk10k,milk10k,images/ISIC_2642475.jpg,ISIC_2642475,nv,g1066,dropped,none,1066,-1,duplicate_of_ham10000,False,ccb13556da2926c7,70.0,female,lower_extremity,Lower extremity,2,2,duplicate_of_ham10000,False
milk10k,milk10k,images/ISIC_1502467.jpg,ISIC_1502467,bcc,g1067,external_test,none,1067,-1,,False,c4deba346c592369,70.0,female,upper_extremity,Upper extremity,3,3,,False
milk10k,milk10k,images/ISIC_1428490.jpg,ISIC_1428490,bcc,g1068,external_test,none,1068,-1,,False,77666d888d9b5225,75.0,male,lower_extremity,Lower extremity,3,3,,False
milk10k,milk10k,images/ISIC_1741107.jpg,ISIC_1741107,nv,g1069,external_test,none,1069,-1,,True,58a6f31866d3992d,15.0,female,upper_extremity,Upper extremity,3,3,,False
milk10k,milk10k,images/ISIC_4607649.jpg,ISIC_4607649,df,g1070,external_test,none,1070,-1,,True,d43390cc6d331fc5,70.0,male,lower_extremity,Lower extremity,4,4,,False
milk10k,milk10k,images/ISIC_2554103.jpg,ISIC_2554103,bkl,g1071,external_test,none,1071,-1,,False,9ce4c1c367381b6d,75.0,female,head_neck_face,Head and neck,4,4,,False
milk10k,milk10k,images/ISIC_8260534.jpg,ISIC_8260534,bcc,g1072,external_test,none,1072,-1,,False,f1669cb2be92026b,65.0,male,trunk,Trunk,3,3,,False
milk10k,milk10k,images/ISIC_9350105.jpg,ISIC_9350105,bcc,g1073,external_test,none,1073,-1,,False,76fadbaaf4888a01,60.0,female,lower_extremity,Lower extremity,4,4,,False
milk10k,milk10k,images/ISIC_6116093.jpg,ISIC_6116093,bcc,g1074,external_test,none,1074,-1,,True,1b69a35b2c4313b7,50.0,male,lower_extremity,Lower extremity,3,3,,False
milk10k,milk10k,images/ISIC_4056904.jpg,ISIC_4056904,bkl,g1075,external_test,none,1075,-1,,False,157b2782d859e4e5,65.0,female,upper_extremity,Upper extremity,3,3,,False
milk10k,milk10k,images/ISIC_7869069.jpg,ISIC_7869069,bcc,g1076,external_test,none,1076,-1,,False,5990cb4cf3f09e83,45.0,male,trunk,Trunk,3,3,,False
milk10k,milk10k,images/ISIC_6261700.jpg,ISIC_6261700,bcc,g1077,external_test,none,1077,-1,,False,79469d88b7225ba3,60.0,male,trunk,Trunk,3,3,,False
milk10k,milk10k,images/ISIC_3023607.jpg,ISIC_3023607,bcc,g1078,external_test,none,1078,-1,,False,ab6466cca7b898a3,60.0,male,trunk,Trunk,3,3,,False
milk10k,milk10k,images/ISIC_7176434.jpg,ISIC_7176434,bkl,g1079,external_test,none,1079,-1,,False,9886bfc64eb078a9,75.0,male,hand,Upper extremity,3,3,,False
milk10k,milk10k,images/ISIC_1526527.jpg,ISIC_1526527,nv,g1080,external_test,none,1080,-1,,False,318ccc98f27939a7,40.0,male,trunk,Trunk,3,3,,False
milk10k,milk10k,images/ISIC_6618250.jpg,ISIC_6618250,bcc,g1081,external_test,none,1081,-1,,False,af420d02a5abf5ab,75.0,female,upper_extremity,Upper extremity,5 (lightest),5,,False
milk10k,milk10k,images/ISIC_1424974.jpg,ISIC_1424974,bcc,g1082,external_test,none,1082,-1,,False,32ca9d3bd28a6d29,60.0,female,head_neck_face,Head and neck,4,4,,False
milk10k,milk10k,images/ISIC_4399830.jpg,ISIC_4399830,bcc,g1083,external_test,none,1083,-1,,False,eb92d2ce993866a1,65.0,male,head_neck_face,Head and neck,3,3,,False
milk10k,milk10k,images/ISIC_1295245.jpg,ISIC_1295245,sccka,g1084,dropped,none,1084,-1,unmapped_class:sccka,False,3772070ad0f53cab,50.0,female,head_neck_face,Head and neck,3,3,unmapped_class:sccka,False
milk10k,milk10k,images/ISIC_4584962.jpg,ISIC_4584962,nv,g1085,external_test,none,1085,-1,,True,649826769b719e2d,40.0,female,head_neck_face,Head and neck,2,2,,False
milk10k,milk10k,images/ISIC_8261347.jpg,ISIC_8261347,mel,g1086,external_test,none,1086,-1,,False,7318263334f3cb8d,75.0,female,trunk,Trunk,2,2,,False
milk10k,milk10k,images/ISIC_6991585.jpg,ISIC_6991585,sccka,g1087,dropped,none,1087,-1,unmapped_class:sccka,False,d96d4c96e62e0da1,85.0,male,upper_extremity,Upper extremity,3,3,unmapped_class:sccka,False
milk10k,milk10k,images/ISIC_6881977.jpg,ISIC_6881977,bcc,g1088,external_test,none,1088,-1,,False,27a199a3d08b477d,75.0,male,trunk,Trunk,5 (lightest),5,,False
milk10k,milk10k,images/ISIC_1146954.jpg,ISIC_1146954,bcc,g1089,external_test,none,1089,-1,,True,2b7c5cd6c3c23e09,50.0,female,head_neck_face,Head and neck,5 (lightest),5,,False
milk10k,milk10k,images/ISIC_3389727.jpg,ISIC_3389727,bkl,g1090,external_test,none,1090,-1,,False,fc64834e74dc2b89,45.0,female,head_neck_face,Head and neck,5 (lightest),5,,False
milk10k,milk10k,images/ISIC_2730868.jpg,ISIC_2730868,bcc,g1091,external_test,none,1091,-1,,False,ae30a96ad61af1a9,55.0,male,trunk,Trunk,4,4,,False
milk10k,milk10k,images/ISIC_0289289.jpg,ISIC_0289289,bcc,g1092,external_test,none,1092,-1,,False,63b09fe46e90bd41,75.0,male,upper_extremity,Upper extremity,3,3,,False
milk10k,milk10k,images/ISIC_1906798.jpg,ISIC_1906798,bcc,g1093,external_test,none,1093,-1,,True,bbe469a0ced8a1a3,60.0,female,head_neck_face,Head and neck,5 (lightest),5,,False
milk10k,milk10k,images/ISIC_5268767.jpg,ISIC_5268767,bcc,g1094,external_test,none,1094,-1,,True,d686e736cce882a9,65.0,male,trunk,Trunk,3,3,,False
milk10k,milk10k,images/ISIC_9157592.jpg,ISIC_9157592,df,g1095,external_test,none,1095,-1,,True,9b666fbc50328d83,40.0,female,lower_extremity,Lower extremity,3,3,,False
milk10k,milk10k,images/ISIC_9313746.jpg,ISIC_9313746,nv,g1096,external_test,none,1096,-1,,False,740c4af2ad81737d,,female,lower_extremity,Lower extremity,3,3,,False
milk10k,milk10k,images/ISIC_2873988.jpg,ISIC_2873988,bcc,g1097,external_test,none,1097,-1,,False,d0f8b3ce4693306d,60.0,female,lower_extremity,Lower extremity,3,3,,False
milk10k,milk10k,images/ISIC_6196546.jpg,ISIC_6196546,bkl,g1098,external_test,none,1098,-1,,True,797852aaccaaa8ad,55.0,female,head_neck_face,Head and neck,3,3,,False
milk10k,milk10k,images/ISIC_9156154.jpg,ISIC_9156154,nv,g1099,external_test,none,1099,-1,,False,8c9893617b2ba4d7,40.0,male,trunk,Trunk,4,4,,False
milk10k,milk10k,images/ISIC_5566320.jpg,ISIC_5566320,mel,g1100,external_test,none,1100,-1,,False,cc6c31339399cb65,80.0,female,head_neck_face,Head and neck,0-1 (darkest),1,,False
milk10k,milk10k,images/ISIC_1570827.jpg,ISIC_1570827,bcc,g1101,external_test,none,1101,-1,,True,b0553545072b2bf7,60.0,female,head_neck_face,Head and neck,3,3,,False
milk10k,milk10k,images/ISIC_8462208.jpg,ISIC_8462208,bcc,g1102,external_test,none,1102,-1,,False,c1f28f6bb70a3c81,50.0,male,upper_extremity,Upper extremity,3,3,,False
milk10k,milk10k,images/ISIC_2872052.jpg,ISIC_2872052,sccka,g1103,dropped,none,1103,-1,unmapped_class:sccka,False,6ca4b39a963266cb,50.0,male,head_neck_face,Head and neck,4,4,unmapped_class:sccka,False
milk10k,milk10k,images/ISIC_5643547.jpg,ISIC_5643547,nv,g1104,external_test,none,1104,-1,,False,ba4a9be69d489b21,75.0,female,head_neck_face,Head and neck,3,3,,False
milk10k,milk10k,images/ISIC_1972798.jpg,ISIC_1972798,df,g1105,external_test,none,1105,-1,,True,94d8c2e6ccbc7323,70.0,male,lower_extremity,Lower extremity,3,3,,False
milk10k,milk10k,images/ISIC_0533507.jpg,ISIC_0533507,bcc,g1106,external_test,none,1106,-1,,False,32215273ed268f2f,60.0,male,lower_extremity,Lower extremity,3,3,,False
milk10k,milk10k,images/ISIC_2594634.jpg,ISIC_2594634,nv,g1107,external_test,none,1107,-1,,False,339bc1e49c3343cd,65.0,female,trunk,Trunk,2,2,,False
milk10k,milk10k,images/ISIC_1517003.jpg,ISIC_1517003,bkl,g1108,external_test,none,1108,-1,,False,da2aa5ccd9a25b23,65.0,male,upper_extremity,Upper extremity,3,3,,False
milk10k,milk10k,images/ISIC_2459161.jpg,ISIC_2459161,akiec,g1109,external_test,none,1109,-1,,False,9949779ac362ae85,70.0,male,head_neck_face,Head and neck,0-1 (darkest),1,,False
milk10k,milk10k,images/ISIC_6614371.jpg,ISIC_6614371,bcc,g1110,external_test,none,1110,-1,,False,aed03b2ead1171a9,60.0,female,trunk,Trunk,4,4,,False
milk10k,milk10k,images/ISIC_8995161.jpg,ISIC_8995161,bcc,g1111,external_test,none,1111,-1,,False,ff360038cffe0321,55.0,female,head_neck_face,Head and neck,3,3,,False
milk10k,milk10k,images/ISIC_4886441.jpg,ISIC_4886441,bkl,g1112,external_test,none,1112,-1,,False,e9a2a63349c32e2f,40.0,female,upper_extremity,Upper extremity,3,3,,False
milk10k,milk10k,images/ISIC_9132006.jpg,ISIC_9132006,sccka,g1113,dropped,none,1113,-1,unmapped_class:sccka,False,0f52eec8f34453a3,75.0,male,upper_extremity,Upper extremity,3,3,unmapped_class:sccka,False
milk10k,milk10k,images/ISIC_9612446.jpg,ISIC_9612446,df,g1114,external_test,none,1114,-1,,False,13083932cfdb6c4f,60.0,female,upper_extremity,Upper extremity,3,3,,False
milk10k,milk10k,images/ISIC_3902522.jpg,ISIC_3902522,bcc,g1115,external_test,none,1115,-1,,True,470acbbec653314d,75.0,male,head_neck_face,Head and neck,2,2,,False
milk10k,milk10k,images/ISIC_2237025.jpg,ISIC_2237025,bcc,g1116,external_test,none,1116,-1,,True,1868f3968d31e78b,60.0,male,trunk,Trunk,4,4,,False
milk10k,milk10k,images/ISIC_8195917.jpg,ISIC_8195917,bkl,g1117,external_test,none,1117,-1,,False,ee364d932d4ab185,65.0,female,upper_extremity,Upper extremity,3,3,,False
milk10k,milk10k,images/ISIC_4360620.jpg,ISIC_4360620,bcc,g1118,external_test,none,1118,-1,,False,63b6c42abb901dcd,65.0,female,trunk,Trunk,3,3,,False
milk10k,milk10k,images/ISIC_3183046.jpg,ISIC_3183046,bcc,g1119,external_test,none,1119,-1,,False,0b8ad936cad8af23,70.0,male,trunk,Trunk,3,3,,False
milk10k,milk10k,images/ISIC_1683950.jpg,ISIC_1683950,ben_oth,g1120,dropped,none,1120,-1,unmapped_class:ben_oth,False,25ecce324a5b5a27,45.0,female,trunk,Trunk,4,4,unmapped_class:ben_oth,False
milk10k,milk10k,images/ISIC_5090480.jpg,ISIC_5090480,bcc,g1121,external_test,none,1121,-1,,False,9c0ac7e4679a7271,50.0,male,trunk,Trunk,3,3,,False
milk10k,milk10k,images/ISIC_5182952.jpg,ISIC_5182952,mel,g1122,external_test,none,1122,-1,,False,2732e63163539cad,75.0,male,trunk,Trunk,3,3,,False
milk10k,milk10k,images/ISIC_3722054.jpg,ISIC_3722054,sccka,g1123,dropped,none,1123,-1,unmapped_class:sccka,False,6bc48fd9da2c9189,75.0,female,head_neck_face,Head and neck,3,3,unmapped_class:sccka,False
milk10k,milk10k,images/ISIC_0417486.jpg,ISIC_0417486,vasc,g1124,external_test,none,1124,-1,,True,1219c4ce98316fef,65.0,male,trunk,Trunk,2,2,,False
milk10k,milk10k,images/ISIC_3281875.jpg,ISIC_3281875,bcc,g1125,external_test,none,1125,-1,,False,3bc45936fa68ad81,55.0,female,trunk,Trunk,3,3,,False
milk10k,milk10k,images/ISIC_6020001.jpg,ISIC_6020001,bkl,g1126,external_test,none,1126,-1,,False,09d34dcbb40d7275,15.0,female,lower_extremity,Lower extremity,4,4,,False
milk10k,milk10k,images/ISIC_8495426.jpg,ISIC_8495426,bcc,g1127,external_test,none,1127,-1,,False,4a981b3396c7253f,65.0,female,lower_extremity,Lower extremity,4,4,,False
milk10k,milk10k,images/ISIC_1103956.jpg,ISIC_1103956,bkl,g1128,external_test,none,1128,-1,,True,b5f06958a96293ab,50.0,female,trunk,Trunk,3,3,,False
milk10k,milk10k,images/ISIC_9573010.jpg,ISIC_9573010,sccka,g1129,dropped,none,1129,-1,unmapped_class:sccka,False,933b6923b6e44b51,80.0,male,trunk,Trunk,4,4,unmapped_class:sccka,False
milk10k,milk10k,images/ISIC_3429549.jpg,ISIC_3429549,sccka,g1130,dropped,none,1130,-1,unmapped_class:sccka,False,bd1a48d89bc265ad,60.0,male,trunk,Trunk,5 (lightest),5,unmapped_class:sccka,False
milk10k,milk10k,images/ISIC_3327943.jpg,ISIC_3327943,bcc,g1131,external_test,none,1131,-1,,False,4392c6e7052c3cbf,60.0,male,head_neck_face,Head and neck,5 (lightest),5,,False
milk10k,milk10k,images/ISIC_7040859.jpg,ISIC_7040859,sccka,g1132,dropped,none,1132,-1,unmapped_class:sccka,False,b6c68c1c61f3ac8b,75.0,male,lower_extremity,Lower extremity,3,3,unmapped_class:sccka,False
milk10k,milk10k,images/ISIC_3472228.jpg,ISIC_3472228,bcc,g1133,external_test,none,1133,-1,,False,bbc4e48e4c19b327,75.0,male,upper_extremity,Upper extremity,3,3,,False
milk10k,milk10k,images/ISIC_8691098.jpg,ISIC_8691098,sccka,g1134,dropped,none,1134,-1,unmapped_class:sccka,False,bf927d283322dc89,45.0,male,lower_extremity,Lower extremity,3,3,unmapped_class:sccka,False
milk10k,milk10k,images/ISIC_7529554.jpg,ISIC_7529554,bcc,g1135,external_test,none,1135,-1,,False,00f9fd7f7e9d0001,50.0,female,lower_extremity,Lower extremity,3,3,,False
milk10k,milk10k,images/ISIC_9404484.jpg,ISIC_9404484,bkl,g1136,external_test,none,1136,-1,,False,13187b59c123ceb7,60.0,female,head_neck_face,Head and neck,3,3,,False
milk10k,milk10k,images/ISIC_8179634.jpg,ISIC_8179634,bkl,g1137,external_test,none,1137,-1,,False,fe7017c649c8b127,80.0,female,head_neck_face,Head and neck,0-1 (darkest),1,,False
milk10k,milk10k,images/ISIC_8862307.jpg,ISIC_8862307,akiec,g1138,external_test,none,1138,-1,,False,707c664c9839e2e7,50.0,female,hand,Upper extremity,4,4,,False
milk10k,milk10k,images/ISIC_0965546.jpg,ISIC_0965546,bkl,g1139,external_test,none,1139,-1,,False,2d01f55f80b1cb57,45.0,male,trunk,Trunk,3,3,,False
milk10k,milk10k,images/ISIC_6162714.jpg,ISIC_6162714,bcc,g1140,external_test,none,1140,-1,,True,8fa67a986c2cb193,60.0,male,foot,Lower extremity,3,3,,False
milk10k,milk10k,images/ISIC_1970706.jpg,ISIC_1970706,nv,g1141,external_test,none,1141,-1,,False,a55af6b8dba02383,60.0,female,trunk,Trunk,3,3,,False
milk10k,milk10k,images/ISIC_4964428.jpg,ISIC_4964428,bcc,g1142,external_test,none,1142,-1,,False,642eda312cc9f627,70.0,female,head_neck_face,Head and neck,3,3,,False
milk10k,milk10k,images/ISIC_7074302.jpg,ISIC_7074302,nv,g1143,external_test,none,1143,-1,,True,31cb244ed23333cf,40.0,female,lower_extremity,Lower extremity,4,4,,False
milk10k,milk10k,images/ISIC_9005347.jpg,ISIC_9005347,sccka,g1144,dropped,none,1144,-1,unmapped_class:sccka,False,d62e39f2a60969a3,85.0,male,head_neck_face,Head and neck,3,3,unmapped_class:sccka,False
milk10k,milk10k,images/ISIC_7442526.jpg,ISIC_7442526,sccka,g1145,dropped,none,1145,-1,unmapped_class:sccka,False,9b33cf20a693338d,65.0,male,lower_extremity,Lower extremity,3,3,unmapped_class:sccka,False
milk10k,milk10k,images/ISIC_2620132.jpg,ISIC_2620132,mel,g1146,external_test,none,1146,-1,,False,8d33d3496ca9c617,65.0,male,trunk,Trunk,2,2,,False
milk10k,milk10k,images/ISIC_1280046.jpg,ISIC_1280046,nv,g1147,external_test,none,1147,-1,,False,a68c9b326dcb9525,30.0,female,lower_extremity,Lower extremity,3,3,,False
milk10k,milk10k,images/ISIC_8701478.jpg,ISIC_8701478,nv,g1148,external_test,none,1148,-1,,False,3111339bc6e1f30f,30.0,female,trunk,Trunk,2,2,,False
milk10k,milk10k,images/ISIC_2586728.jpg,ISIC_2586728,mel,g1149,external_test,none,1149,-1,,False,9ac9a136d3c1683f,85.0,male,upper_extremity,Upper extremity,2,2,,False
milk10k,milk10k,images/ISIC_6355154.jpg,ISIC_6355154,nv,g1150,external_test,none,1150,-1,,False,66669ecc3313e465,10.0,female,lower_extremity,Lower extremity,3,3,,False
milk10k,milk10k,images/ISIC_0356038.jpg,ISIC_0356038,nv,g1151,external_test,none,1151,-1,,True,6d3ebc7352a9a105,30.0,male,trunk,Trunk,2,2,,False
milk10k,milk10k,images/ISIC_5548095.jpg,ISIC_5548095,bcc,g1152,external_test,none,1152,-1,,False,7e26e590d9d83c23,60.0,male,head_neck_face,Head and neck,5 (lightest),5,,False
milk10k,milk10k,images/ISIC_8251123.jpg,ISIC_8251123,bcc,g1153,external_test,none,1153,-1,,False,b336096c66f8d923,60.0,male,trunk,Trunk,3,3,,False
milk10k,milk10k,images/ISIC_3118860.jpg,ISIC_3118860,bcc,g1154,external_test,none,1154,-1,,False,714e33f2ec8a862b,65.0,female,head_neck_face,Head and neck,3,3,,False
milk10k,milk10k,images/ISIC_4598485.jpg,ISIC_4598485,bcc,g1155,external_test,none,1155,-1,,False,3a469526b9cbc32d,50.0,female,upper_extremity,Upper extremity,3,3,,False
milk10k,milk10k,images/ISIC_0115985.jpg,ISIC_0115985,bcc,g1156,external_test,none,1156,-1,,False,e748b4b0fa187729,80.0,male,hand,Upper extremity,3,3,,False
milk10k,milk10k,images/ISIC_8234709.jpg,ISIC_8234709,bkl,g1157,external_test,none,1157,-1,,False,95956c4a66a9f24b,50.0,male,head_neck_face,Head and neck,2,2,,False
milk10k,milk10k,images/ISIC_1436009.jpg,ISIC_1436009,bcc,g1158,external_test,none,1158,-1,,False,11d7dd34b6cb0c51,65.0,male,trunk,Trunk,3,3,,False
milk10k,milk10k,images/ISIC_2160854.jpg,ISIC_2160854,bcc,g1159,external_test,none,1159,-1,,False,c9e23a36cb43a62b,65.0,male,trunk,Trunk,3,3,,False
milk10k,milk10k,images/ISIC_6707935.jpg,ISIC_6707935,bcc,g1160,external_test,none,1160,-1,,False,8c93c30b2b0b66fd,50.0,female,trunk,Trunk,4,4,,False
milk10k,milk10k,images/ISIC_5992562.jpg,ISIC_5992562,bcc,g1161,external_test,none,1161,-1,,False,654bd808b81cbfab,60.0,male,trunk,Trunk,3,3,,False
milk10k,milk10k,images/ISIC_6790517.jpg,ISIC_6790517,nv,g1162,external_test,none,1162,-1,,False,7464b2a3e3e39c0d,70.0,male,trunk,Trunk,3,3,,False
milk10k,milk10k,images/ISIC_0825152.jpg,ISIC_0825152,nv,g1163,external_test,none,1163,-1,,False,e686dad43909c6c7,40.0,male,trunk,Trunk,2,2,,False
milk10k,milk10k,images/ISIC_0497921.jpg,ISIC_0497921,nv,g1164,dropped,none,1164,-1,duplicate_of_ham10000,False,454963691287ae7f,60.0,female,trunk,Trunk,4,4,duplicate_of_ham10000,False
milk10k,milk10k,images/ISIC_0518723.jpg,ISIC_0518723,bcc,g1165,external_test,none,1165,-1,,False,2d5ba38ea46af0a3,65.0,male,lower_extremity,Lower extremity,3,3,,False
milk10k,milk10k,images/ISIC_1231719.jpg,ISIC_1231719,nv,g1166,external_test,none,1166,-1,,False,539be3d986431c2d,40.0,male,trunk,Trunk,2,2,,False
milk10k,milk10k,images/ISIC_0383910.jpg,ISIC_0383910,bcc,g1167,external_test,none,1167,-1,,True,eee4ef3431922d03,60.0,female,lower_extremity,Lower extremity,4,4,,False
milk10k,milk10k,images/ISIC_7784876.jpg,ISIC_7784876,mel,g1168,external_test,none,1168,-1,,True,996c383226d3db8d,60.0,male,lower_extremity,Lower extremity,4,4,,False
milk10k,milk10k,images/ISIC_2100961.jpg,ISIC_2100961,vasc,g1169,dropped,none,1169,-1,duplicate_of_ham10000,False,93cc4926e6f3990d,70.0,male,trunk,Trunk,2,2,duplicate_of_ham10000,False
milk10k,milk10k,images/ISIC_0799155.jpg,ISIC_0799155,bcc,g1170,external_test,none,1170,-1,,True,b5ca660ad92b6665,65.0,male,trunk,Trunk,3,3,,False
milk10k,milk10k,images/ISIC_4647126.jpg,ISIC_4647126,sccka,g1171,dropped,none,1171,-1,unmapped_class:sccka,False,63b9db6203b0d6c3,70.0,male,upper_extremity,Upper extremity,3,3,unmapped_class:sccka,False
milk10k,milk10k,images/ISIC_6550491.jpg,ISIC_6550491,nv,g1172,external_test,none,1172,-1,,True,246c9936c5db332d,20.0,male,trunk,Trunk,3,3,,False
milk10k,milk10k,images/ISIC_9938958.jpg,ISIC_9938958,nv,g1173,external_test,none,1173,-1,,False,763b92d14a03ad5d,55.0,female,lower_extremity,Lower extremity,2,2,,False
milk10k,milk10k,images/ISIC_2713587.jpg,ISIC_2713587,nv,g1174,external_test,none,1174,-1,,False,5c9833d9c7691b85,30.0,female,upper_extremity,Upper extremity,2,2,,False
milk10k,milk10k,images/ISIC_4796147.jpg,ISIC_4796147,bcc,g1175,external_test,none,1175,-1,,False,fbb30e3b9880a729,75.0,female,upper_extremity,Upper extremity,3,3,,False
milk10k,milk10k,images/ISIC_3665449.jpg,ISIC_3665449,mel,g1176,external_test,none,1176,-1,,False,8d0d38b6c74978b5,80.0,male,,,3,3,,False
milk10k,milk10k,images/ISIC_5541499.jpg,ISIC_5541499,mel,g1177,external_test,none,1177,-1,,False,f81207f93c4393cd,85.0,male,trunk,Trunk,3,3,,False
milk10k,milk10k,images/ISIC_5607257.jpg,ISIC_5607257,akiec,g1178,external_test,none,1178,-1,,False,19aa41aa0fab72af,60.0,male,head_neck_face,Head and neck,4,4,,False
milk10k,milk10k,images/ISIC_5173718.jpg,ISIC_5173718,nv,g1179,external_test,none,1179,-1,,False,38b3a019e649cf8f,25.0,female,lower_extremity,Lower extremity,2,2,,False
milk10k,milk10k,images/ISIC_0411803.jpg,ISIC_0411803,bcc,g1180,external_test,none,1180,-1,,False,4369c79813c925fd,45.0,male,lower_extremity,Lower extremity,3,3,,False
milk10k,milk10k,images/ISIC_0361189.jpg,ISIC_0361189,bcc,g1181,external_test,none,1181,-1,,False,32858a6436bb5d6d,65.0,male,trunk,Trunk,3,3,,False
milk10k,milk10k,images/ISIC_7045012.jpg,ISIC_7045012,mel,g1182,external_test,none,1182,-1,,False,6326e35316a93c57,60.0,male,trunk,Trunk,3,3,,False
milk10k,milk10k,images/ISIC_9138708.jpg,ISIC_9138708,bcc,g1183,external_test,none,1183,-1,,False,2aba594585a17a5f,55.0,male,lower_extremity,Lower extremity,3,3,,False
milk10k,milk10k,images/ISIC_4737695.jpg,ISIC_4737695,nv,g1184,external_test,none,1184,-1,,True,9866639c86593b67,35.0,female,lower_extremity,Lower extremity,3,3,,False
milk10k,milk10k,images/ISIC_8403829.jpg,ISIC_8403829,bkl,g1185,external_test,none,1185,-1,,False,8d116e03fee79059,70.0,male,head_neck_face,Head and neck,0-1 (darkest),1,,False
milk10k,milk10k,images/ISIC_2129613.jpg,ISIC_2129613,akiec,g1186,external_test,none,1186,-1,,False,99f889192843d6bf,70.0,male,head_neck_face,Head and neck,2,2,,False
milk10k,milk10k,images/ISIC_4822631.jpg,ISIC_4822631,bcc,g1187,external_test,none,1187,-1,,False,493f07ff1fc00b81,60.0,male,trunk,Trunk,4,4,,False
milk10k,milk10k,images/ISIC_7839162.jpg,ISIC_7839162,mel,g1188,external_test,none,1188,-1,,True,7233a9c0d3037d3d,60.0,female,head_neck_face,Head and neck,3,3,,False
milk10k,milk10k,images/ISIC_4330964.jpg,ISIC_4330964,nv,g1189,external_test,none,1189,-1,,False,53ccd8330dd3270f,40.0,male,trunk,Trunk,3,3,,False
milk10k,milk10k,images/ISIC_5120362.jpg,ISIC_5120362,bcc,g1190,external_test,none,1190,-1,,False,ac9e8d69b2e64989,75.0,male,head_neck_face,Head and neck,4,4,,False
milk10k,milk10k,images/ISIC_7733999.jpg,ISIC_7733999,mel,g1191,external_test,none,1191,-1,,False,6c496cb3c3d91c65,55.0,female,lower_extremity,Lower extremity,3,3,,False
milk10k,milk10k,images/ISIC_8032040.jpg,ISIC_8032040,bcc,g1192,external_test,none,1192,-1,,False,fa2ed1ae491078ab,85.0,female,trunk,Trunk,5 (lightest),5,,False
milk10k,milk10k,images/ISIC_3689085.jpg,ISIC_3689085,bcc,g1193,external_test,none,1193,-1,,False,f1a0729bec83835d,50.0,female,trunk,Trunk,3,3,,False
milk10k,milk10k,images/ISIC_6602302.jpg,ISIC_6602302,bcc,g1194,external_test,none,1194,-1,,False,25628b6ad9bcdc49,65.0,male,trunk,Trunk,5 (lightest),5,,False
milk10k,milk10k,images/ISIC_7278817.jpg,ISIC_7278817,bcc,g1195,external_test,none,1195,-1,,False,1b33ae76c3395183,75.0,female,head_neck_face,Head and neck,3,3,,False
milk10k,milk10k,images/ISIC_7813760.jpg,ISIC_7813760,bcc,g1196,external_test,none,1196,-1,,False,1f58c234f9a86f89,35.0,male,head_neck_face,Head and neck,3,3,,False
milk10k,milk10k,images/ISIC_4733429.jpg,ISIC_4733429,bcc,g1197,external_test,none,1197,-1,,False,f6b0ec6c8e5a9183,60.0,male,head_neck_face,Head and neck,3,3,,False
milk10k,milk10k,images/ISIC_7171875.jpg,ISIC_7171875,bkl,g1198,external_test,none,1198,-1,,True,ed49b32679c8e2a1,75.0,male,trunk,Trunk,2,2,,False
milk10k,milk10k,images/ISIC_1594005.jpg,ISIC_1594005,bcc,g1199,external_test,none,1199,-1,,False,da7c038cdb0a67a9,60.0,male,lower_extremity,Lower extremity,3,3,,False
milk10k,milk10k,images/ISIC_9467983.jpg,ISIC_9467983,bkl,g1200,external_test,none,1200,-1,,False,9cb65b5ae3213c07,25.0,female,lower_extremity,Lower extremity,5 (lightest),5,,False
milk10k,milk10k,images/ISIC_3431989.jpg,ISIC_3431989,bkl,g1201,external_test,none,1201,-1,,True,9933b499c3612c9f,60.0,male,trunk,Trunk,5 (lightest),5,,False
milk10k,milk10k,images/ISIC_2215653.jpg,ISIC_2215653,bcc,g1202,external_test,none,1202,-1,,False,ece26aa6537ac1a1,80.0,male,trunk,Trunk,3,3,,False
milk10k,milk10k,images/ISIC_0411397.jpg,ISIC_0411397,df,g1203,external_test,none,1203,-1,,True,24468f3cde5b61a9,40.0,male,trunk,Trunk,3,3,,False
milk10k,milk10k,images/ISIC_6314890.jpg,ISIC_6314890,bcc,g1204,external_test,none,1204,-1,,False,ec391c4c43f3aa2d,80.0,male,head_neck_face,Head and neck,4,4,,False
milk10k,milk10k,images/ISIC_9172274.jpg,ISIC_9172274,nv,g1205,external_test,none,1205,-1,,False,a13cc6b61949e6a7,30.0,female,trunk,Trunk,4,4,,False
milk10k,milk10k,images/ISIC_6349110.jpg,ISIC_6349110,akiec,g1206,external_test,none,1206,-1,,False,75c0bd0e79a2b8a9,85.0,female,lower_extremity,Lower extremity,5 (lightest),5,,False
milk10k,milk10k,images/ISIC_4712987.jpg,ISIC_4712987,bcc,g1207,external_test,none,1207,-1,,False,e21e3c64c7313e8d,80.0,male,trunk,Trunk,3,3,,False
milk10k,milk10k,images/ISIC_8778674.jpg,ISIC_8778674,sccka,g1208,dropped,none,1208,-1,unmapped_class:sccka,False,ada1595abbe89503,60.0,female,upper_extremity,Upper extremity,3,3,unmapped_class:sccka,False
milk10k,milk10k,images/ISIC_4847052.jpg,ISIC_4847052,bcc,g1209,external_test,none,1209,-1,,False,dac2ceb0569b0b63,70.0,male,trunk,Trunk,3,3,,False
milk10k,milk10k,images/ISIC_8830091.jpg,ISIC_8830091,bkl,g1210,external_test,none,1210,-1,,False,dcf22ec8d2039d2d,65.0,male,trunk,Trunk,4,4,,False
milk10k,milk10k,images/ISIC_3810251.jpg,ISIC_3810251,bcc,g1211,external_test,none,1211,-1,,False,f31c0ce296633a9d,50.0,male,upper_extremity,Upper extremity,3,3,,False
milk10k,milk10k,images/ISIC_4726470.jpg,ISIC_4726470,mel,g1212,external_test,none,1212,-1,,False,84068cdc33f3cf27,70.0,male,trunk,Trunk,4,4,,False
milk10k,milk10k,images/ISIC_1652393.jpg,ISIC_1652393,bcc,g1213,external_test,none,1213,-1,,False,ee92b92e469a8b29,85.0,female,trunk,Trunk,3,3,,False
milk10k,milk10k,images/ISIC_5180185.jpg,ISIC_5180185,bcc,g1214,external_test,none,1214,-1,,False,6ea499b266d8d923,60.0,male,trunk,Trunk,3,3,,False
milk10k,milk10k,images/ISIC_2464882.jpg,ISIC_2464882,nv,g1215,external_test,none,1215,-1,,False,e7b6d1a02e595925,40.0,female,upper_extremity,Upper extremity,2,2,,False
milk10k,milk10k,images/ISIC_9271327.jpg,ISIC_9271327,bcc,g1216,external_test,none,1216,-1,,True,67a26cc2d24bcb2d,50.0,male,head_neck_face,Head and neck,4,4,,False
milk10k,milk10k,images/ISIC_3048228.jpg,ISIC_3048228,mel,g1217,external_test,none,1217,-1,,False,1ccc73324df3348d,45.0,female,lower_extremity,Lower extremity,3,3,,False
milk10k,milk10k,images/ISIC_2119936.jpg,ISIC_2119936,nv,g1218,external_test,none,1218,-1,,True,66cea60c993366cd,30.0,female,trunk,Trunk,4,4,,False
milk10k,milk10k,images/ISIC_4469657.jpg,ISIC_4469657,sccka,g1219,dropped,none,1219,-1,unmapped_class:sccka,False,30701f4eed2ced0b,75.0,male,upper_extremity,Upper extremity,3,3,unmapped_class:sccka,False
milk10k,milk10k,images/ISIC_3032983.jpg,ISIC_3032983,akiec,g1220,external_test,none,1220,-1,,False,abb68e83e9ec5281,50.0,female,trunk,Trunk,3,3,,False
milk10k,milk10k,images/ISIC_6938646.jpg,ISIC_6938646,bcc,g1221,external_test,none,1221,-1,,False,09fe89b26698f329,65.0,female,head_neck_face,Head and neck,3,3,,False
milk10k,milk10k,images/ISIC_4561114.jpg,ISIC_4561114,bcc,g1222,external_test,none,1222,-1,,False,03156a3e2a7c7ce9,65.0,female,trunk,Trunk,5 (lightest),5,,False
milk10k,milk10k,images/ISIC_3341226.jpg,ISIC_3341226,bcc,g1223,external_test,none,1223,-1,,False,9ab55aa58361ec8b,65.0,male,head_neck_face,Head and neck,3,3,,False
milk10k,milk10k,images/ISIC_7644369.jpg,ISIC_7644369,bcc,g1224,external_test,none,1224,-1,,False,dc93028e1c9377ad,65.0,male,head_neck_face,Head and neck,5 (lightest),5,,False
milk10k,milk10k,images/ISIC_1505378.jpg,ISIC_1505378,bcc,g1225,external_test,none,1225,-1,,False,3daa713a2b8a5713,70.0,female,trunk,Trunk,3,3,,False
milk10k,milk10k,images/ISIC_8109519.jpg,ISIC_8109519,bcc,g1226,external_test,none,1226,-1,,False,30234d97e37b9c0d,75.0,male,head_neck_face,Head and neck,3,3,,False
milk10k,milk10k,images/ISIC_5841896.jpg,ISIC_5841896,bcc,g1227,external_test,none,1227,-1,,False,8ddaf434f8f22429,85.0,female,trunk,Trunk,3,3,,False
milk10k,milk10k,images/ISIC_8703792.jpg,ISIC_8703792,bcc,g1228,external_test,none,1228,-1,,False,b3609df42698cb27,85.0,female,head_neck_face,Head and neck,5 (lightest),5,,False
milk10k,milk10k,images/ISIC_5510526.jpg,ISIC_5510526,mel,g1229,external_test,none,1229,-1,,False,2c6cd633c9f1348d,65.0,female,trunk,Trunk,3,3,,False
milk10k,milk10k,images/ISIC_6312254.jpg,ISIC_6312254,bcc,g1230,external_test,none,1230,-1,,False,e329b64658d3e50d,70.0,male,trunk,Trunk,3,3,,False
milk10k,milk10k,images/ISIC_6428004.jpg,ISIC_6428004,mel,g1231,external_test,none,1231,-1,,False,27f1765b81291c97,70.0,male,upper_extremity,Upper extremity,3,3,,False
milk10k,milk10k,images/ISIC_4369433.jpg,ISIC_4369433,sccka,g1232,dropped,none,1232,-1,unmapped_class:sccka,False,b17accb61b5ad083,70.0,male,lower_extremity,Lower extremity,3,3,unmapped_class:sccka,False
milk10k,milk10k,images/ISIC_0867027.jpg,ISIC_0867027,bcc,g1233,external_test,none,1233,-1,,False,d9defd56a3b04401,50.0,male,lower_extremity,Lower extremity,3,3,,False
milk10k,milk10k,images/ISIC_1721507.jpg,ISIC_1721507,bcc,g1234,external_test,none,1234,-1,,False,0e52e50abf2a55ab,80.0,female,lower_extremity,Lower extremity,3,3,,False
milk10k,milk10k,images/ISIC_6698671.jpg,ISIC_6698671,mel,g1235,external_test,none,1235,-1,,False,360e333263fb078d,70.0,male,trunk,Trunk,2,2,,False
milk10k,milk10k,images/ISIC_8293683.jpg,ISIC_8293683,mel,g1236,external_test,none,1236,-1,,False,eea3c96e321118bb,70.0,female,head_neck_face,Head and neck,2,2,,False
milk10k,milk10k,images/ISIC_7912691.jpg,ISIC_7912691,bkl,g1237,external_test,none,1237,-1,,True,57e81f80ff00ff01,55.0,female,lower_extremity,Lower extremity,3,3,,False
milk10k,milk10k,images/ISIC_5165824.jpg,ISIC_5165824,bcc,g1238,external_test,none,1238,-1,,False,bab0c98687d3f823,50.0,male,upper_extremity,Upper extremity,3,3,,False
milk10k,milk10k,images/ISIC_0119243.jpg,ISIC_0119243,nv,g1239,external_test,none,1239,-1,,False,b1d3c35b0fa1ac15,45.0,female,trunk,Trunk,2,2,,False
milk10k,milk10k,images/ISIC_0912531.jpg,ISIC_0912531,bkl,g1240,external_test,none,1240,-1,,False,1e0cad724bb0f1e3,55.0,female,head_neck_face,Head and neck,3,3,,False
milk10k,milk10k,images/ISIC_9180125.jpg,ISIC_9180125,bkl,g1241,external_test,none,1241,-1,,False,490707e6f359383d,70.0,female,head_neck_face,Head and neck,0-1 (darkest),1,,False
milk10k,milk10k,images/ISIC_9161612.jpg,ISIC_9161612,bcc,g1242,external_test,none,1242,-1,,True,9b749c9c7248dce1,75.0,male,trunk,Trunk,3,3,,False
milk10k,milk10k,images/ISIC_8329990.jpg,ISIC_8329990,bcc,g1243,external_test,none,1243,-1,,False,704ec3f408c8ffa9,65.0,female,head_neck_face,Head and neck,3,3,,False
milk10k,milk10k,images/ISIC_8491813.jpg,ISIC_8491813,bcc,g1244,external_test,none,1244,-1,,False,180a9ff8496b96b5,60.0,male,trunk,Trunk,3,3,,False
milk10k,milk10k,images/ISIC_5883189.jpg,ISIC_5883189,bcc,g1245,external_test,none,1245,-1,,False,7c13884653f89de5,50.0,female,trunk,Trunk,3,3,,False
milk10k,milk10k,images/ISIC_9353865.jpg,ISIC_9353865,nv,g1246,external_test,none,1246,-1,,False,4c51e60c99b3e64f,35.0,male,trunk,Trunk,4,4,,False
milk10k,milk10k,images/ISIC_2212095.jpg,ISIC_2212095,nv,g1247,external_test,none,1247,-1,,False,8ce6353863d3894f,5.0,female,lower_extremity,Lower extremity,2,2,,False
milk10k,milk10k,images/ISIC_9995425.jpg,ISIC_9995425,bkl,g1248,external_test,none,1248,-1,,False,1da2e38adfa62c89,65.0,female,upper_extremity,Upper extremity,3,3,,False
milk10k,milk10k,images/ISIC_1756486.jpg,ISIC_1756486,nv,g1249,external_test,none,1249,-1,,False,6d1ea47206e1999f,65.0,male,trunk,Trunk,3,3,,False
milk10k,milk10k,images/ISIC_2178421.jpg,ISIC_2178421,nv,g1250,external_test,none,1250,-1,,False,d3a4ed30b44953c7,70.0,male,trunk,Trunk,2,2,,False
milk10k,milk10k,images/ISIC_5728052.jpg,ISIC_5728052,nv,g1251,external_test,none,1251,-1,,False,6344cc9c36b1d96d,45.0,male,lower_extremity,Lower extremity,2,2,,False
milk10k,milk10k,images/ISIC_5958284.jpg,ISIC_5958284,akiec,g1252,external_test,none,1252,-1,,False,2bec976e7f5200a1,65.0,female,trunk,Trunk,3,3,,False
milk10k,milk10k,images/ISIC_8118009.jpg,ISIC_8118009,bcc,g1253,external_test,none,1253,-1,,False,86e3ac9e73c29989,80.0,female,head_neck_face,Head and neck,3,3,,False
milk10k,milk10k,images/ISIC_1473683.jpg,ISIC_1473683,nv,g1254,external_test,none,1254,-1,,False,62d99e662b1b05c7,60.0,female,trunk,Trunk,3,3,,False
milk10k,milk10k,images/ISIC_0350747.jpg,ISIC_0350747,nv,g1255,external_test,none,1255,-1,,False,cc73bc498e03719d,55.0,female,trunk,Trunk,4,4,,False
milk10k,milk10k,images/ISIC_8292872.jpg,ISIC_8292872,bcc,g1256,external_test,none,1256,-1,,True,cc984ca630b33f67,55.0,male,trunk,Trunk,3,3,,False
milk10k,milk10k,images/ISIC_4606877.jpg,ISIC_4606877,nv,g1257,external_test,none,1257,-1,,False,b1664ecc93332ccd,70.0,male,lower_extremity,Lower extremity,0-1 (darkest),1,,False
milk10k,milk10k,images/ISIC_4905823.jpg,ISIC_4905823,bcc,g1258,external_test,none,1258,-1,,False,eb31636aab18fc81,75.0,female,upper_extremity,Upper extremity,4,4,,False
milk10k,milk10k,images/ISIC_9708493.jpg,ISIC_9708493,sccka,g1259,dropped,none,1259,-1,unmapped_class:sccka,False,6a6ab98c8773168b,80.0,female,head_neck_face,Head and neck,3,3,unmapped_class:sccka,False
milk10k,milk10k,images/ISIC_2581720.jpg,ISIC_2581720,bkl,g1260,external_test,none,1260,-1,,False,cc5c09793da3c789,50.0,male,trunk,Trunk,3,3,,False
milk10k,milk10k,images/ISIC_5442946.jpg,ISIC_5442946,bcc,g1261,external_test,none,1261,-1,,False,c5fa19b23932e983,65.0,male,trunk,Trunk,3,3,,False
milk10k,milk10k,images/ISIC_7883260.jpg,ISIC_7883260,bcc,g1262,external_test,none,1262,-1,,False,3f60732a80aadfa9,65.0,female,head_neck_face,Head and neck,5 (lightest),5,,False
milk10k,milk10k,images/ISIC_8019366.jpg,ISIC_8019366,nv,g1263,external_test,none,1263,-1,,False,5bb8c7cc3b9203a3,60.0,male,trunk,Trunk,3,3,,False
milk10k,milk10k,images/ISIC_6344855.jpg,ISIC_6344855,bcc,g1264,external_test,none,1264,-1,,True,7b392c9af86c2433,75.0,male,trunk,Trunk,3,3,,False
milk10k,milk10k,images/ISIC_3085336.jpg,ISIC_3085336,mel,g1265,external_test,none,1265,-1,,False,139b4466989be769,45.0,female,head_neck_face,Head and neck,2,2,,False
milk10k,milk10k,images/ISIC_2716264.jpg,ISIC_2716264,bkl,g1266,external_test,none,1266,-1,,False,bc599261d9a5491f,75.0,female,trunk,Trunk,3,3,,False
milk10k,milk10k,images/ISIC_7765747.jpg,ISIC_7765747,akiec,g1267,external_test,none,1267,-1,,False,49e4271a4f39bea1,70.0,male,head_neck_face,Head and neck,3,3,,False
milk10k,milk10k,images/ISIC_4573444.jpg,ISIC_4573444,bcc,g1268,external_test,none,1268,-1,,False,265a36c3c7734d25,75.0,male,lower_extremity,Lower extremity,5 (lightest),5,,False
milk10k,milk10k,images/ISIC_9735316.jpg,ISIC_9735316,bcc,g1269,external_test,none,1269,-1,,True,dfccbc5a0626cb81,50.0,male,trunk,Trunk,3,3,,False
milk10k,milk10k,images/ISIC_8281265.jpg,ISIC_8281265,bkl,g1270,external_test,none,1270,-1,,False,c30e98d8d36376a5,60.0,male,head_neck_face,Head and neck,0-1 (darkest),1,,False
milk10k,milk10k,images/ISIC_0256695.jpg,ISIC_0256695,sccka,g1271,dropped,none,1271,-1,unmapped_class:sccka,False,6b6a0be61d84e8ab,70.0,male,hand,Upper extremity,3,3,unmapped_class:sccka,False
milk10k,milk10k,images/ISIC_6949754.jpg,ISIC_6949754,bkl,g1272,external_test,none,1272,-1,,False,d9ba269acc6879a1,35.0,female,head_neck_face,Head and neck,3,3,,False
milk10k,milk10k,images/ISIC_9642724.jpg,ISIC_9642724,bcc,g1273,external_test,none,1273,-1,,True,07ec538bd3b8d921,65.0,female,lower_extremity,Lower extremity,3,3,,False
milk10k,milk10k,images/ISIC_9693802.jpg,ISIC_9693802,mel,g1274,dropped,none,1274,-1,duplicate_of_ham10000,False,9c3113b319b3c6cd,60.0,female,lower_extremity,Lower extremity,2,2,duplicate_of_ham10000,False
milk10k,milk10k,images/ISIC_0772652.jpg,ISIC_0772652,bcc,g1275,external_test,none,1275,-1,,True,f18fc2c2c3a45d2b,70.0,male,lower_extremity,Lower extremity,3,3,,False
milk10k,milk10k,images/ISIC_3259871.jpg,ISIC_3259871,mel,g1276,external_test,none,1276,-1,,True,9b9819eabc29e2a3,50.0,male,trunk,Trunk,4,4,,False
milk10k,milk10k,images/ISIC_5233296.jpg,ISIC_5233296,bcc,g1277,external_test,none,1277,-1,,False,f452eb9443dc2b13,70.0,male,lower_extremity,Lower extremity,3,3,,False
milk10k,milk10k,images/ISIC_8020571.jpg,ISIC_8020571,sccka,g1278,dropped,none,1278,-1,unmapped_class:sccka,False,c3638fcc913247cb,75.0,male,head_neck_face,Head and neck,4,4,unmapped_class:sccka,False
milk10k,milk10k,images/ISIC_7139452.jpg,ISIC_7139452,nv,g1279,external_test,none,1279,-1,,True,19cc735866b1994f,45.0,female,lower_extremity,Lower extremity,2,2,,False
milk10k,milk10k,images/ISIC_5567599.jpg,ISIC_5567599,bcc,g1280,external_test,none,1280,-1,,False,7580dd225f91d627,85.0,male,trunk,Trunk,4,4,,False
milk10k,milk10k,images/ISIC_5629312.jpg,ISIC_5629312,mel,g1281,external_test,none,1281,-1,,True,9331e6ce91320fe3,65.0,male,trunk,Trunk,2,2,,False
milk10k,milk10k,images/ISIC_3431903.jpg,ISIC_3431903,bkl,g1282,external_test,none,1282,-1,,False,31ce8932ecdaf309,65.0,female,head_neck_face,Head and neck,3,3,,False
milk10k,milk10k,images/ISIC_4765663.jpg,ISIC_4765663,bcc,g1283,external_test,none,1283,-1,,False,ae6cc99264b89be1,65.0,male,upper_extremity,Upper extremity,3,3,,False
milk10k,milk10k,images/ISIC_8882696.jpg,ISIC_8882696,sccka,g1284,dropped,none,1284,-1,unmapped_class:sccka,False,a6636c535a4c237d,85.0,male,upper_extremity,Upper extremity,3,3,unmapped_class:sccka,False
milk10k,milk10k,images/ISIC_1284470.jpg,ISIC_1284470,nv,g1285,external_test,none,1285,-1,,False,9bc62464dd3170cf,85.0,female,,,2,2,,False
milk10k,milk10k,images/ISIC_1964200.jpg,ISIC_1964200,nv,g1286,external_test,none,1286,-1,,False,9cc7d238692996d5,45.0,male,trunk,Trunk,2,2,,False
milk10k,milk10k,images/ISIC_5804674.jpg,ISIC_5804674,bcc,g1287,external_test,none,1287,-1,,False,794ce61f981867c9,85.0,female,head_neck_face,Head and neck,5 (lightest),5,,False
milk10k,milk10k,images/ISIC_3462090.jpg,ISIC_3462090,bcc,g1288,external_test,none,1288,-1,,False,f75af700d1025aab,65.0,female,lower_extremity,Lower extremity,4,4,,False
milk10k,milk10k,images/ISIC_8206552.jpg,ISIC_8206552,bcc,g1289,external_test,none,1289,-1,,True,242d9b78e9f3124d,65.0,female,trunk,Trunk,2,2,,False
milk10k,milk10k,images/ISIC_4243113.jpg,ISIC_4243113,akiec,g1290,external_test,none,1290,-1,,False,41de9f3ee6184383,75.0,male,head_neck_face,Head and neck,5 (lightest),5,,False
milk10k,milk10k,images/ISIC_4350222.jpg,ISIC_4350222,bcc,g1291,external_test,none,1291,-1,,False,b97c849e06fa5929,50.0,male,upper_extremity,Upper extremity,3,3,,False
milk10k,milk10k,images/ISIC_2893311.jpg,ISIC_2893311,bkl,g1292,external_test,none,1292,-1,,False,f1662c26ca99d927,60.0,male,trunk,Trunk,3,3,,False
milk10k,milk10k,images/ISIC_5707338.jpg,ISIC_5707338,bcc,g1293,external_test,none,1293,-1,,False,d1f2a670f8ba7181,80.0,male,head_neck_face,Head and neck,3,3,,False
milk10k,milk10k,images/ISIC_5235518.jpg,ISIC_5235518,bkl,g1294,external_test,none,1294,-1,,False,78c4a0a207d8ff6b,65.0,female,trunk,Trunk,3,3,,False
milk10k,milk10k,images/ISIC_7072308.jpg,ISIC_7072308,sccka,g1295,dropped,none,1295,-1,unmapped_class:sccka,False,379ae3785f609d01,80.0,female,upper_extremity,Upper extremity,4,4,unmapped_class:sccka,False
milk10k,milk10k,images/ISIC_2054960.jpg,ISIC_2054960,nv,g1296,external_test,none,1296,-1,,False,cc8c63192d699f87,45.0,male,head_neck_face,Head and neck,3,3,,False
milk10k,milk10k,images/ISIC_8097741.jpg,ISIC_8097741,bcc,g1297,external_test,none,1297,-1,,True,df3c8774580e9989,55.0,male,trunk,Trunk,3,3,,False
milk10k,milk10k,images/ISIC_4328393.jpg,ISIC_4328393,bcc,g1298,external_test,none,1298,-1,,False,caae99962658d9a3,60.0,male,trunk,Trunk,3,3,,False
milk10k,milk10k,images/ISIC_2001379.jpg,ISIC_2001379,bcc,g1299,external_test,none,1299,-1,,False,e4e90ea71b1a6ce1,55.0,male,trunk,Trunk,3,3,,False
milk10k,milk10k,images/ISIC_0880053.jpg,ISIC_0880053,bcc,g1300,external_test,none,1300,-1,,False,91eaf193cce17321,45.0,male,trunk,Trunk,3,3,,False
milk10k,milk10k,images/ISIC_3672274.jpg,ISIC_3672274,bcc,g1301,external_test,none,1301,-1,,False,a757acb2d3408ba9,65.0,male,head_neck_face,Head and neck,4,4,,False
milk10k,milk10k,images/ISIC_2868896.jpg,ISIC_2868896,df,g1302,external_test,none,1302,-1,,False,11d81ef0753a1dab,45.0,female,lower_extremity,Lower extremity,4,4,,False
milk10k,milk10k,images/ISIC_2383380.jpg,ISIC_2383380,bcc,g1303,external_test,none,1303,-1,,False,9abcc9b68622f989,65.0,female,head_neck_face,Head and neck,3,3,,False
milk10k,milk10k,images/ISIC_2094944.jpg,ISIC_2094944,bkl,g1304,external_test,none,1304,-1,,False,c634a1cd6c99cb27,65.0,male,upper_extremity,Upper extremity,4,4,,False
milk10k,milk10k,images/ISIC_1006415.jpg,ISIC_1006415,bcc,g1305,external_test,none,1305,-1,,False,e502db2a07aaf4ab,75.0,female,trunk,Trunk,3,3,,False
milk10k,milk10k,images/ISIC_0823269.jpg,ISIC_0823269,mel,g1306,external_test,none,1306,-1,,False,b7825e28790ad6ab,60.0,female,trunk,Trunk,3,3,,False
milk10k,milk10k,images/ISIC_7929517.jpg,ISIC_7929517,nv,g1307,external_test,none,1307,-1,,False,1b86d33326e39c8d,25.0,male,trunk,Trunk,4,4,,False
milk10k,milk10k,images/ISIC_9547255.jpg,ISIC_9547255,inf,g1308,dropped,none,1308,-1,unmapped_class:inf,False,8a24d3dc3b9ac527,40.0,male,head_neck_face,Head and neck,0-1 (darkest),0,unmapped_class:inf,False
milk10k,milk10k,images/ISIC_1499717.jpg,ISIC_1499717,bcc,g1309,external_test,none,1309,-1,,True,defb5a16d2889823,55.0,male,head_neck_face,Head and neck,3,3,,False
milk10k,milk10k,images/ISIC_2387540.jpg,ISIC_2387540,bcc,g1310,external_test,none,1310,-1,,False,67ca049a32739b8f,70.0,female,lower_extremity,Lower extremity,3,3,,False
milk10k,milk10k,images/ISIC_7828218.jpg,ISIC_7828218,mel,g1311,external_test,none,1311,-1,,True,fcf28c43870939b5,75.0,male,trunk,Trunk,4,4,,False
milk10k,milk10k,images/ISIC_4272600.jpg,ISIC_4272600,sccka,g1312,dropped,none,1312,-1,unmapped_class:sccka,False,e666b230dbc9c427,80.0,female,lower_extremity,Lower extremity,4,4,unmapped_class:sccka,False
milk10k,milk10k,images/ISIC_0159874.jpg,ISIC_0159874,bkl,g1313,external_test,none,1313,-1,,True,cbaa3d58c4c374a9,65.0,female,lower_extremity,Lower extremity,3,3,,False
milk10k,milk10k,images/ISIC_5514135.jpg,ISIC_5514135,bcc,g1314,external_test,none,1314,-1,,False,39a4ec99336cdb05,80.0,male,lower_extremity,Lower extremity,3,3,,False
milk10k,milk10k,images/ISIC_2222084.jpg,ISIC_2222084,mel,g1315,external_test,none,1315,-1,,True,e6d99824c699f827,60.0,male,head_neck_face,Head and neck,0-1 (darkest),1,,False
milk10k,milk10k,images/ISIC_6063897.jpg,ISIC_6063897,bcc,g1316,external_test,none,1316,-1,,False,c3c1c3070f1f3cf1,50.0,male,trunk,Trunk,3,3,,False
milk10k,milk10k,images/ISIC_2062505.jpg,ISIC_2062505,nv,g1317,external_test,none,1317,-1,,False,793e3333d2c38c0d,55.0,female,trunk,Trunk,4,4,,False
milk10k,milk10k,images/ISIC_8426219.jpg,ISIC_8426219,akiec,g1318,external_test,none,1318,-1,,False,6776e698c872b381,55.0,female,upper_extremity,Upper extremity,3,3,,False
milk10k,milk10k,images/ISIC_6047898.jpg,ISIC_6047898,akiec,g1319,external_test,none,1319,-1,,True,73c2915c6648b9f3,55.0,male,hand,Upper extremity,3,3,,False
milk10k,milk10k,images/ISIC_1166088.jpg,ISIC_1166088,bcc,g1320,external_test,none,1320,-1,,False,89f924471b93723d,80.0,male,trunk,Trunk,3,3,,False
milk10k,milk10k,images/ISIC_4307237.jpg,ISIC_4307237,bkl,g1321,external_test,none,1321,-1,,False,4d36b5d90ee9d901,75.0,female,lower_extremity,Lower extremity,3,3,,False
milk10k,milk10k,images/ISIC_5912360.jpg,ISIC_5912360,mel,g1322,external_test,none,1322,-1,,False,4cc93926c3d31f2d,60.0,male,trunk,Trunk,3,3,,False
milk10k,milk10k,images/ISIC_2170617.jpg,ISIC_2170617,nv,g1323,external_test,none,1323,-1,,False,916bf96949d066a5,60.0,male,trunk,Trunk,4,4,,False
milk10k,milk10k,images/ISIC_2167653.jpg,ISIC_2167653,bcc,g1324,external_test,none,1324,-1,,False,6c9ceaa61919e627,60.0,female,upper_extremity,Upper extremity,3,3,,False
milk10k,milk10k,images/ISIC_7256008.jpg,ISIC_7256008,nv,g1325,external_test,none,1325,-1,,False,41798c661399e767,40.0,male,lower_extremity,Lower extremity,3,3,,False
milk10k,milk10k,images/ISIC_8707635.jpg,ISIC_8707635,bcc,g1326,external_test,none,1326,-1,,True,f6247f82c96ab2a1,45.0,female,upper_extremity,Upper extremity,3,3,,False
milk10k,milk10k,images/ISIC_5175946.jpg,ISIC_5175946,nv,g1327,external_test,none,1327,-1,,False,6933c1710d43d6b7,30.0,female,lower_extremity,Lower extremity,3,3,,False
milk10k,milk10k,images/ISIC_1685767.jpg,ISIC_1685767,bcc,g1328,external_test,none,1328,-1,,False,233db1ccd5721749,60.0,female,lower_extremity,Lower extremity,3,3,,False
milk10k,milk10k,images/ISIC_4684596.jpg,ISIC_4684596,akiec,g1329,external_test,none,1329,-1,,False,7e7ad07acc00a9ab,80.0,male,upper_extremity,Upper extremity,3,3,,False
milk10k,milk10k,images/ISIC_6853529.jpg,ISIC_6853529,nv,g1330,external_test,none,1330,-1,,False,196b2666cc993367,5.0,male,trunk,Trunk,0-1 (darkest),1,,False
milk10k,milk10k,images/ISIC_1105494.jpg,ISIC_1105494,bcc,g1331,external_test,none,1331,-1,,False,95f314a1d60e761d,55.0,male,trunk,Trunk,4,4,,False
milk10k,milk10k,images/ISIC_8544988.jpg,ISIC_8544988,nv,g1332,external_test,none,1332,-1,,False,ce9b3164ce3b51c1,45.0,male,trunk,Trunk,2,2,,False
milk10k,milk10k,images/ISIC_8528718.jpg,ISIC_8528718,bcc,g1333,external_test,none,1333,-1,,False,ce7d1ade63435803,80.0,male,trunk,Trunk,3,3,,False
milk10k,milk10k,images/ISIC_5550212.jpg,ISIC_5550212,bkl,g1334,external_test,none,1334,-1,,False,dfce45ba0d415323,60.0,female,head_neck_face,Head and neck,4,4,,False
milk10k,milk10k,images/ISIC_8603749.jpg,ISIC_8603749,nv,g1335,external_test,none,1335,-1,,True,e719a67392c96c07,30.0,female,trunk,Trunk,4,4,,False
milk10k,milk10k,images/ISIC_1720500.jpg,ISIC_1720500,bcc,g1336,external_test,none,1336,-1,,True,6dfea5e4c4607e01,65.0,male,head_neck_face,Head and neck,3,3,,False
milk10k,milk10k,images/ISIC_2552716.jpg,ISIC_2552716,bkl,g1337,external_test,none,1337,-1,,False,4c6936b433494baf,75.0,female,head_neck_face,Head and neck,2,2,,False
milk10k,milk10k,images/ISIC_5472264.jpg,ISIC_5472264,bcc,g1338,external_test,none,1338,-1,,False,7ea43b9607cac90b,55.0,female,trunk,Trunk,3,3,,False
milk10k,milk10k,images/ISIC_9421756.jpg,ISIC_9421756,sccka,g1339,dropped,none,1339,-1,unmapped_class:sccka,False,3724f9d5e7948b01,70.0,male,hand,Upper extremity,4,4,unmapped_class:sccka,False
milk10k,milk10k,images/ISIC_4027141.jpg,ISIC_4027141,bcc,g1340,external_test,none,1340,-1,,False,10bf7c647f183f01,65.0,female,upper_extremity,Upper extremity,3,3,,False
milk10k,milk10k,images/ISIC_0156507.jpg,ISIC_0156507,mel,g1341,external_test,none,1341,-1,,False,6c0cf336c3c36c2d,45.0,male,lower_extremity,Lower extremity,2,2,,False
milk10k,milk10k,images/ISIC_3399647.jpg,ISIC_3399647,bkl,g1342,external_test,none,1342,-1,,False,f1c6e4993d638385,60.0,male,trunk,Trunk,3,3,,False
milk10k,milk10k,images/ISIC_7993222.jpg,ISIC_7993222,bcc,g1343,external_test,none,1343,-1,,False,f78c55d0b8a2e3a1,65.0,male,lower_extremity,Lower extremity,3,3,,False
milk10k,milk10k,images/ISIC_3229589.jpg,ISIC_3229589,bcc,g1344,external_test,none,1344,-1,,False,6cb35dd3672a9a01,80.0,female,trunk,Trunk,3,3,,False
milk10k,milk10k,images/ISIC_0724943.jpg,ISIC_0724943,bcc,g1345,external_test,none,1345,-1,,False,6c4634865b2cafe9,60.0,male,head_neck_face,Head and neck,3,3,,False
milk10k,milk10k,images/ISIC_0073863.jpg,ISIC_0073863,nv,g1346,external_test,none,1346,-1,,False,e68c3998c9793687,5.0,female,trunk,Trunk,3,3,,False
milk10k,milk10k,images/ISIC_2612910.jpg,ISIC_2612910,bcc,g1347,external_test,none,1347,-1,,False,d46cb33c18d3c22f,60.0,male,lower_extremity,Lower extremity,3,3,,False
milk10k,milk10k,images/ISIC_6710161.jpg,ISIC_6710161,bcc,g1348,external_test,none,1348,-1,,True,e9b6f1a5164b6981,65.0,male,head_neck_face,Head and neck,3,3,,False
milk10k,milk10k,images/ISIC_8500215.jpg,ISIC_8500215,bcc,g1349,external_test,none,1349,-1,,False,a759d27138a43c75,60.0,female,trunk,Trunk,3,3,,False
milk10k,milk10k,images/ISIC_9064583.jpg,ISIC_9064583,bcc,g1350,external_test,none,1350,-1,,False,93b3ae1179c8e705,55.0,female,head_neck_face,Head and neck,4,4,,False
milk10k,milk10k,images/ISIC_7558897.jpg,ISIC_7558897,bcc,g1351,external_test,none,1351,-1,,False,c9493832f3f38e0d,55.0,female,trunk,Trunk,2,2,,False
milk10k,milk10k,images/ISIC_1579405.jpg,ISIC_1579405,nv,g1352,external_test,none,1352,-1,,False,6624cc93cc5933e7,30.0,female,trunk,Trunk,3,3,,False
milk10k,milk10k,images/ISIC_6170894.jpg,ISIC_6170894,bcc,g1353,external_test,none,1353,-1,,False,7c4f39244c5936a7,50.0,male,head_neck_face,Head and neck,3,3,,False
milk10k,milk10k,images/ISIC_5744822.jpg,ISIC_5744822,sccka,g1354,dropped,none,1354,-1,unmapped_class:sccka,False,4929f4e8312fd3d1,70.0,male,lower_extremity,Lower extremity,3,3,unmapped_class:sccka,False
milk10k,milk10k,images/ISIC_5003991.jpg,ISIC_5003991,sccka,g1355,dropped,none,1355,-1,unmapped_class:sccka,False,c7131f24dc88e1bd,65.0,female,lower_extremity,Lower extremity,3,3,unmapped_class:sccka,False
milk10k,milk10k,images/ISIC_7629062.jpg,ISIC_7629062,bcc,g1356,external_test,none,1356,-1,,False,543f4a39ad419667,70.0,female,head_neck_face,Head and neck,3,3,,False
milk10k,milk10k,images/ISIC_0485396.jpg,ISIC_0485396,bcc,g1357,external_test,none,1357,-1,,False,33a66f0ace582ba3,65.0,female,trunk,Trunk,3,3,,False
milk10k,milk10k,images/ISIC_5870525.jpg,ISIC_5870525,akiec,g1358,external_test,none,1358,-1,,False,bfc89fa42724650b,70.0,male,trunk,Trunk,3,3,,False
milk10k,milk10k,images/ISIC_5298476.jpg,ISIC_5298476,bcc,g1359,external_test,none,1359,-1,,False,9f8c652a6322d7a9,50.0,male,lower_extremity,Lower extremity,3,3,,False
milk10k,milk10k,images/ISIC_3658597.jpg,ISIC_3658597,bkl,g1360,external_test,none,1360,-1,,True,d9993f729d882623,55.0,male,head_neck_face,Head and neck,3,3,,False
milk10k,milk10k,images/ISIC_7352384.jpg,ISIC_7352384,bcc,g1361,external_test,none,1361,-1,,False,2c918571b179fb85,75.0,male,trunk,Trunk,3,3,,False
milk10k,milk10k,images/ISIC_2013192.jpg,ISIC_2013192,bcc,g1362,external_test,none,1362,-1,,False,fe52c70ad92a0aab,75.0,female,trunk,Trunk,3,3,,False
milk10k,milk10k,images/ISIC_6524360.jpg,ISIC_6524360,bcc,g1363,external_test,none,1363,-1,,False,ec333398c6631cab,85.0,female,head_neck_face,Head and neck,2,2,,False
milk10k,milk10k,images/ISIC_9255133.jpg,ISIC_9255133,bcc,g1364,external_test,none,1364,-1,,False,f3e24f8c367019a9,40.0,female,head_neck_face,Head and neck,3,3,,False
milk10k,milk10k,images/ISIC_7074658.jpg,ISIC_7074658,sccka,g1365,dropped,none,1365,-1,unmapped_class:sccka,False,196419ceef9e1543,75.0,female,foot,Lower extremity,3,3,unmapped_class:sccka,False
milk10k,milk10k,images/ISIC_5383160.jpg,ISIC_5383160,mel,g1366,external_test,none,1366,-1,,False,3c26e692673998c7,55.0,female,upper_extremity,Upper extremity,3,3,,False
milk10k,milk10k,images/ISIC_2323653.jpg,ISIC_2323653,bcc,g1367,external_test,none,1367,-1,,False,bb884e223d8a37ab,75.0,female,lower_extremity,Lower extremity,4,4,,False
milk10k,milk10k,images/ISIC_4388573.jpg,ISIC_4388573,nv,g1368,dropped,none,1368,-1,duplicate_of_ham10000,False,e381833391a31e7f,50.0,male,trunk,Trunk,3,3,duplicate_of_ham10000,False
milk10k,milk10k,images/ISIC_4413011.jpg,ISIC_4413011,bcc,g1369,external_test,none,1369,-1,,True,7ce71b662698c12b,50.0,male,trunk,Trunk,3,3,,False
milk10k,milk10k,images/ISIC_4416938.jpg,ISIC_4416938,bcc,g1370,external_test,none,1370,-1,,False,9c4b631e1971ee0d,70.0,female,upper_extremity,Upper extremity,3,3,,False
milk10k,milk10k,images/ISIC_5313254.jpg,ISIC_5313254,bcc,g1371,external_test,none,1371,-1,,True,2eac348cc7d93927,65.0,female,trunk,Trunk,3,3,,False
milk10k,milk10k,images/ISIC_4200513.jpg,ISIC_4200513,sccka,g1372,dropped,none,1372,-1,unmapped_class:sccka,False,d38a9cc8e2a2f6a9,70.0,male,upper_extremity,Upper extremity,3,3,unmapped_class:sccka,False
milk10k,milk10k,images/ISIC_1020628.jpg,ISIC_1020628,bcc,g1373,external_test,none,1373,-1,,True,7e660d9896e32e19,85.0,male,trunk,Trunk,0-1 (darkest),1,,False
milk10k,milk10k,images/ISIC_8678969.jpg,ISIC_8678969,nv,g1374,external_test,none,1374,-1,,True,ef328b407e89fb01,70.0,female,trunk,Trunk,5 (lightest),5,,False
milk10k,milk10k,images/ISIC_3251714.jpg,ISIC_3251714,bcc,g1375,external_test,none,1375,-1,,False,67958baa4a5592e3,65.0,female,upper_extremity,Upper extremity,5 (lightest),5,,False
milk10k,milk10k,images/ISIC_3676018.jpg,ISIC_3676018,bcc,g1376,external_test,none,1376,-1,,False,c3e136b488d9b547,50.0,male,head_neck_face,Head and neck,3,3,,False
milk10k,milk10k,images/ISIC_4082454.jpg,ISIC_4082454,bcc,g1377,external_test,none,1377,-1,,True,e66626ce993266e1,70.0,female,lower_extremity,Lower extremity,3,3,,False
milk10k,milk10k,images/ISIC_5994355.jpg,ISIC_5994355,bkl,g1378,external_test,none,1378,-1,,False,16638c316999f3cd,70.0,male,head_neck_face,Head and neck,4,4,,False
milk10k,milk10k,images/ISIC_4203842.jpg,ISIC_4203842,mel,g1379,external_test,none,1379,-1,,False,7bb2f9d24209ba23,70.0,male,lower_extremity,Lower extremity,4,4,,False
milk10k,milk10k,images/ISIC_2422166.jpg,ISIC_2422166,bcc,g1380,external_test,none,1380,-1,,True,d24cbe668d9ab889,75.0,female,trunk,Trunk,3,3,,False
milk10k,milk10k,images/ISIC_5584851.jpg,ISIC_5584851,bkl,g1381,external_test,none,1381,-1,,True,7443c39933a54c5f,70.0,female,trunk,Trunk,3,3,,False
milk10k,milk10k,images/ISIC_4720694.jpg,ISIC_4720694,bcc,g1382,external_test,none,1382,-1,,False,bc4469ac983bb327,70.0,female,trunk,Trunk,3,3,,False
milk10k,milk10k,images/ISIC_6584815.jpg,ISIC_6584815,nv,g1383,external_test,none,1383,-1,,False,9463336ee9991267,55.0,female,trunk,Trunk,2,2,,False
milk10k,milk10k,images/ISIC_6857782.jpg,ISIC_6857782,sccka,g1384,dropped,none,1384,-1,unmapped_class:sccka,False,cee923a8cce6f109,80.0,male,lower_extremity,Lower extremity,3,3,unmapped_class:sccka,False
milk10k,milk10k,images/ISIC_9239978.jpg,ISIC_9239978,mel,g1385,external_test,none,1385,-1,,False,a95e33e196296897,75.0,male,head_neck_face,Head and neck,3,3,,False
milk10k,milk10k,images/ISIC_6246107.jpg,ISIC_6246107,sccka,g1386,dropped,none,1386,-1,unmapped_class:sccka,False,24f39563b33471a9,75.0,male,hand,Upper extremity,4,4,unmapped_class:sccka,False
milk10k,milk10k,images/ISIC_5409072.jpg,ISIC_5409072,vasc,g1387,external_test,none,1387,-1,,True,3193e371c6c98c97,25.0,female,trunk,Trunk,2,2,,False
milk10k,milk10k,images/ISIC_8675305.jpg,ISIC_8675305,bcc,g1388,external_test,none,1388,-1,,False,146a731e9cdb6589,65.0,female,trunk,Trunk,3,3,,False
milk10k,milk10k,images/ISIC_6999928.jpg,ISIC_6999928,bcc,g1389,external_test,none,1389,-1,,False,ef890f2ac222f68b,50.0,female,upper_extremity,Upper extremity,3,3,,False
milk10k,milk10k,images/ISIC_5356282.jpg,ISIC_5356282,bcc,g1390,external_test,none,1390,-1,,False,f0aa51a9498b36b7,60.0,female,trunk,Trunk,3,3,,False
milk10k,milk10k,images/ISIC_3934861.jpg,ISIC_3934861,bcc,g1391,external_test,none,1391,-1,,False,f9acee8a76805a23,55.0,male,head_neck_face,Head and neck,3,3,,False
milk10k,milk10k,images/ISIC_4146139.jpg,ISIC_4146139,mel,g1392,external_test,none,1392,-1,,False,dc6c5b18bce10735,65.0,male,head_neck_face,Head and neck,3,3,,False
milk10k,milk10k,images/ISIC_3039744.jpg,ISIC_3039744,bcc,g1393,external_test,none,1393,-1,,False,64d991e3c407695f,50.0,male,head_neck_face,Head and neck,3,3,,False
milk10k,milk10k,images/ISIC_7464537.jpg,ISIC_7464537,bcc,g1394,external_test,none,1394,-1,,False,83253c9de1f39287,65.0,female,upper_extremity,Upper extremity,5 (lightest),5,,False
milk10k,milk10k,images/ISIC_8782299.jpg,ISIC_8782299,bcc,g1395,external_test,none,1395,-1,,True,279f8c276333584d,85.0,female,head_neck_face,Head and neck,3,3,,False
milk10k,milk10k,images/ISIC_2418674.jpg,ISIC_2418674,sccka,g1396,dropped,none,1396,-1,unmapped_class:sccka,False,f96847238f8afc81,65.0,female,hand,Upper extremity,3,3,unmapped_class:sccka,False
milk10k,milk10k,images/ISIC_2873444.jpg,ISIC_2873444,sccka,g1397,dropped,none,1397,-1,unmapped_class:sccka,False,df503350de42a9ab,60.0,male,lower_extremity,Lower extremity,3,3,unmapped_class:sccka,False
milk10k,milk10k,images/ISIC_6236484.jpg,ISIC_6236484,bcc,g1398,external_test,none,1398,-1,,True,73728e2e4b9a9c61,85.0,female,head_neck_face,Head and neck,3,3,,False
milk10k,milk10k,images/ISIC_4753918.jpg,ISIC_4753918,nv,g1399,external_test,none,1399,-1,,True,99336444d9312bef,25.0,male,upper_extremity,Upper extremity,3,3,,False
milk10k,milk10k,images/ISIC_9105114.jpg,ISIC_9105114,sccka,g1400,dropped,none,1400,-1,unmapped_class:sccka,False,e3941f1e6e3864a3,75.0,female,lower_extremity,Lower extremity,4,4,unmapped_class:sccka,False
milk10k,milk10k,images/ISIC_0715287.jpg,ISIC_0715287,bcc,g1401,external_test,none,1401,-1,,False,dc881f38798397a9,70.0,female,lower_extremity,Lower extremity,4,4,,False
milk10k,milk10k,images/ISIC_4771678.jpg,ISIC_4771678,bcc,g1402,external_test,none,1402,-1,,False,d88a372a9eaaa8ab,60.0,male,trunk,Trunk,3,3,,False
milk10k,milk10k,images/ISIC_1464471.jpg,ISIC_1464471,bcc,g1403,external_test,none,1403,-1,,False,ecbc8964d076592b,50.0,male,trunk,Trunk,3,3,,False
milk10k,milk10k,images/ISIC_6852771.jpg,ISIC_6852771,bcc,g1404,dropped,none,1404,-1,duplicate_of_ham10000,False,30379da666991b65,80.0,male,upper_extremity,Upper extremity,5 (lightest),5,duplicate_of_ham10000,False
milk10k,milk10k,images/ISIC_6881361.jpg,ISIC_6881361,bcc,g1405,external_test,none,1405,-1,,False,139c97e607791c8d,75.0,female,trunk,Trunk,4,4,,False
milk10k,milk10k,images/ISIC_7671720.jpg,ISIC_7671720,bcc,g1406,external_test,none,1406,-1,,False,3f27e0e0373f30a1,55.0,female,trunk,Trunk,3,3,,False
milk10k,milk10k,images/ISIC_3500227.jpg,ISIC_3500227,sccka,g1407,dropped,none,1407,-1,unmapped_class:sccka,False,0aab427437b15ec7,65.0,male,head_neck_face,Head and neck,4,4,unmapped_class:sccka,False
milk10k,milk10k,images/ISIC_8390104.jpg,ISIC_8390104,bkl,g1408,external_test,none,1408,-1,,False,d9cc26b371b3884d,75.0,male,trunk,Trunk,2,2,,False
milk10k,milk10k,images/ISIC_2171027.jpg,ISIC_2171027,bcc,g1409,external_test,none,1409,-1,,False,740e06fc545a5bab,85.0,female,head_neck_face,Head and neck,3,3,,False
milk10k,milk10k,images/ISIC_1045607.jpg,ISIC_1045607,bcc,g1410,external_test,none,1410,-1,,False,4fa3399326c9c335,80.0,female,head_neck_face,Head and neck,3,3,,False
milk10k,milk10k,images/ISIC_5415740.jpg,ISIC_5415740,bkl,g1411,external_test,none,1411,-1,,False,b6c949b6e6491e25,85.0,female,trunk,Trunk,3,3,,False
milk10k,milk10k,images/ISIC_6581608.jpg,ISIC_6581608,ben_oth,g1412,dropped,none,1412,-1,unmapped_class:ben_oth,False,43953547b4d9253d,60.0,female,head_neck_face,Head and neck,3,3,unmapped_class:ben_oth,False
milk10k,milk10k,images/ISIC_9115886.jpg,ISIC_9115886,mel,g1413,external_test,none,1413,-1,,False,839b39517823c6dd,80.0,male,trunk,Trunk,4,4,,False
milk10k,milk10k,images/ISIC_8377707.jpg,ISIC_8377707,nv,g1414,external_test,none,1414,-1,,True,1893c33965c3b62f,60.0,female,upper_extremity,Upper extremity,3,3,,False
milk10k,milk10k,images/ISIC_2054940.jpg,ISIC_2054940,bcc,g1415,external_test,none,1415,-1,,True,e6727786bd18e301,65.0,male,upper_extremity,Upper extremity,3,3,,False
milk10k,milk10k,images/ISIC_0809407.jpg,ISIC_0809407,bcc,g1416,external_test,none,1416,-1,,False,af08718abeaa93a9,80.0,female,lower_extremity,Lower extremity,3,3,,False
milk10k,milk10k,images/ISIC_5889858.jpg,ISIC_5889858,mel,g1417,external_test,none,1417,-1,,True,bdd9f0348e26fc01,45.0,female,head_neck_face,Head and neck,4,4,,False
milk10k,milk10k,images/ISIC_1221689.jpg,ISIC_1221689,nv,g1418,external_test,none,1418,-1,,False,829e197b49cb9635,55.0,male,trunk,Trunk,2,2,,False
milk10k,milk10k,images/ISIC_3235332.jpg,ISIC_3235332,bcc,g1419,external_test,none,1419,-1,,False,f1567ac4317893a3,60.0,male,trunk,Trunk,3,3,,False
milk10k,milk10k,images/ISIC_3430609.jpg,ISIC_3430609,akiec,g1420,external_test,none,1420,-1,,True,6291ad3bdba51c25,80.0,female,trunk,Trunk,3,3,,False
milk10k,milk10k,images/ISIC_2991167.jpg,ISIC_2991167,bcc,g1421,external_test,none,1421,-1,,False,e08a6bc45c31cb6f,65.0,female,lower_extremity,Lower extremity,3,3,,False
milk10k,milk10k,images/ISIC_9057655.jpg,ISIC_9057655,sccka,g1422,dropped,none,1422,-1,unmapped_class:sccka,False,6d5682a674b23b33,50.0,male,head_neck_face,Head and neck,4,4,unmapped_class:sccka,False
milk10k,milk10k,images/ISIC_1078763.jpg,ISIC_1078763,nv,g1423,external_test,none,1423,-1,,False,b9ec4e94e4d91227,35.0,female,head_neck_face,Head and neck,2,2,,False
milk10k,milk10k,images/ISIC_4653572.jpg,ISIC_4653572,sccka,g1424,dropped,none,1424,-1,unmapped_class:sccka,False,b319c42e3cf1c1b9,80.0,male,trunk,Trunk,3,3,unmapped_class:sccka,False
milk10k,milk10k,images/ISIC_2907780.jpg,ISIC_2907780,bcc,g1425,external_test,none,1425,-1,,False,398c3e1918e9c5e7,70.0,female,lower_extremity,Lower extremity,5 (lightest),5,,False
milk10k,milk10k,images/ISIC_8880430.jpg,ISIC_8880430,bkl,g1426,external_test,none,1426,-1,,False,36e11963f063c39d,55.0,male,trunk,Trunk,2,2,,False
milk10k,milk10k,images/ISIC_1926555.jpg,ISIC_1926555,akiec,g1427,external_test,none,1427,-1,,True,cb38ba714ce2644f,75.0,male,head_neck_face,Head and neck,0-1 (darkest),1,,False
milk10k,milk10k,images/ISIC_6044977.jpg,ISIC_6044977,akiec,g1428,external_test,none,1428,-1,,True,65c52b59ece14387,70.0,female,head_neck_face,Head and neck,2,2,,False
milk10k,milk10k,images/ISIC_3819687.jpg,ISIC_3819687,bcc,g1429,external_test,none,1429,-1,,True,d60dcbccc979b0a1,65.0,female,head_neck_face,Head and neck,5 (lightest),5,,False
milk10k,milk10k,images/ISIC_7082726.jpg,ISIC_7082726,bcc,g1430,external_test,none,1430,-1,,False,918ecc1cf1ab05af,80.0,male,head_neck_face,Head and neck,0-1 (darkest),1,,False
milk10k,milk10k,images/ISIC_6213875.jpg,ISIC_6213875,bcc,g1431,external_test,none,1431,-1,,False,272e5ae2190e66bb,75.0,female,trunk,Trunk,3,3,,False
milk10k,milk10k,images/ISIC_9650544.jpg,ISIC_9650544,bcc,g1432,external_test,none,1432,-1,,False,d6d80f6ca5f8c289,40.0,male,trunk,Trunk,3,3,,False
milk10k,milk10k,images/ISIC_1490894.jpg,ISIC_1490894,mel,g1433,external_test,none,1433,-1,,False,63c6261cd973268f,50.0,male,trunk,Trunk,3,3,,False
milk10k,milk10k,images/ISIC_5164012.jpg,ISIC_5164012,bcc,g1434,external_test,none,1434,-1,,True,2bf1c69e3963058d,55.0,male,lower_extremity,Lower extremity,4,4,,False
milk10k,milk10k,images/ISIC_6720006.jpg,ISIC_6720006,bcc,g1435,external_test,none,1435,-1,,True,301bdb662cfac90b,65.0,female,lower_extremity,Lower extremity,3,3,,False
milk10k,milk10k,images/ISIC_9216457.jpg,ISIC_9216457,bcc,g1436,external_test,none,1436,-1,,False,3f62c2fe90307e89,65.0,male,trunk,Trunk,3,3,,False
milk10k,milk10k,images/ISIC_3909654.jpg,ISIC_3909654,akiec,g1437,external_test,none,1437,-1,,False,a186b536ccd83ba3,70.0,male,lower_extremity,Lower extremity,3,3,,False
milk10k,milk10k,images/ISIC_1261731.jpg,ISIC_1261731,bcc,g1438,external_test,none,1438,-1,,False,cdeaf9824a28bd85,60.0,female,upper_extremity,Upper extremity,3,3,,False
milk10k,milk10k,images/ISIC_7989453.jpg,ISIC_7989453,bcc,g1439,external_test,none,1439,-1,,False,f62940ff4072ff01,60.0,male,trunk,Trunk,3,3,,False
milk10k,milk10k,images/ISIC_7799334.jpg,ISIC_7799334,bcc,g1440,external_test,none,1440,-1,,True,3272d686269999ed,70.0,male,head_neck_face,Head and neck,2,2,,False
milk10k,milk10k,images/ISIC_7938939.jpg,ISIC_7938939,bcc,g1441,external_test,none,1441,-1,,True,330b0f7ea490f92b,75.0,male,trunk,Trunk,3,3,,False
milk10k,milk10k,images/ISIC_2038875.jpg,ISIC_2038875,bcc,g1442,external_test,none,1442,-1,,False,e6cea3e16682992b,70.0,male,trunk,Trunk,3,3,,False
milk10k,milk10k,images/ISIC_1757189.jpg,ISIC_1757189,bkl,g1443,external_test,none,1443,-1,,False,b9754b3866ca84ad,50.0,female,trunk,Trunk,3,3,,False
milk10k,milk10k,images/ISIC_4256719.jpg,ISIC_4256719,mel,g1444,external_test,none,1444,-1,,False,3526dbce65329741,65.0,male,trunk,Trunk,3,3,,False
milk10k,milk10k,images/ISIC_4671582.jpg,ISIC_4671582,bcc,g1445,external_test,none,1445,-1,,False,954973365c7146ab,65.0,female,lower_extremity,Lower extremity,2,2,,False
milk10k,milk10k,images/ISIC_2586707.jpg,ISIC_2586707,mel,g1446,external_test,none,1446,-1,,True,8baf0c6628b4b5d9,35.0,female,head_neck_face,Head and neck,4,4,,False
milk10k,milk10k,images/ISIC_7719129.jpg,ISIC_7719129,bkl,g1447,external_test,none,1447,-1,,False,ffd2f450f44240ab,75.0,male,lower_extremity,Lower extremity,3,3,,False
milk10k,milk10k,images/ISIC_5891194.jpg,ISIC_5891194,bcc,g1448,external_test,none,1448,-1,,False,f308ee3219b9be21,80.0,female,head_neck_face,Head and neck,3,3,,False
milk10k,milk10k,images/ISIC_8008482.jpg,ISIC_8008482,nv,g1449,external_test,none,1449,-1,,False,19519df34dd93285,45.0,male,trunk,Trunk,2,2,,False
milk10k,milk10k,images/ISIC_4703321.jpg,ISIC_4703321,mel,g1450,external_test,none,1450,-1,,False,9eb1734c8c33634d,40.0,female,upper_extremity,Upper extremity,3,3,,False
milk10k,milk10k,images/ISIC_1014403.jpg,ISIC_1014403,bcc,g1451,external_test,none,1451,-1,,False,c6967672b8c28b39,85.0,male,upper_extremity,Upper extremity,3,3,,False
milk10k,milk10k,images/ISIC_9945084.jpg,ISIC_9945084,nv,g1452,external_test,none,1452,-1,,False,3241b949b12b53fd,10.0,female,head_neck_face,Head and neck,0-1 (darkest),1,,False
milk10k,milk10k,images/ISIC_4517401.jpg,ISIC_4517401,bcc,g1453,external_test,none,1453,-1,,False,c778c9fc0ff00f01,60.0,female,head_neck_face,Head and neck,5 (lightest),5,,False
milk10k,milk10k,images/ISIC_5501232.jpg,ISIC_5501232,bcc,g1454,external_test,none,1454,-1,,False,86dc593a32838f6d,40.0,female,trunk,Trunk,4,4,,False
milk10k,milk10k,images/ISIC_1718779.jpg,ISIC_1718779,bcc,g1455,external_test,none,1455,-1,,False,314e5b1e3638d3c3,70.0,female,head_neck_face,Head and neck,3,3,,False
milk10k,milk10k,images/ISIC_7868177.jpg,ISIC_7868177,bcc,g1456,external_test,none,1456,-1,,False,9f326aaae643b4a1,80.0,male,lower_extremity,Lower extremity,3,3,,False
milk10k,milk10k,images/ISIC_1980584.jpg,ISIC_1980584,sccka,g1457,dropped,none,1457,-1,unmapped_class:sccka,False,ce4c1c94c7ca7f81,80.0,male,upper_extremity,Upper extremity,3,3,unmapped_class:sccka,False
milk10k,milk10k,images/ISIC_1993005.jpg,ISIC_1993005,bcc,g1458,external_test,none,1458,-1,,False,c9e6c534c9da34a3,55.0,male,hand,Upper extremity,4,4,,False
milk10k,milk10k,images/ISIC_1593018.jpg,ISIC_1593018,mel,g1459,external_test,none,1459,-1,,False,584ce342d3c96cb7,70.0,male,head_neck_face,Head and neck,4,4,,False
milk10k,milk10k,images/ISIC_1169219.jpg,ISIC_1169219,bkl,g1460,external_test,none,1460,-1,,False,7ee2838c4f30e58d,70.0,male,hand,Upper extremity,3,3,,False
milk10k,milk10k,images/ISIC_4416373.jpg,ISIC_4416373,nv,g1461,external_test,none,1461,-1,,True,d39c4c19ad615697,55.0,male,lower_extremity,Lower extremity,4,4,,False
milk10k,milk10k,images/ISIC_1844015.jpg,ISIC_1844015,bcc,g1462,external_test,none,1462,-1,,True,963c9b96e6312a8b,60.0,male,head_neck_face,Head and neck,5 (lightest),5,,False
milk10k,milk10k,images/ISIC_8616033.jpg,ISIC_8616033,mel,g1463,external_test,none,1463,-1,,False,399a715af9398625,45.0,male,trunk,Trunk,2,2,,False
milk10k,milk10k,images/ISIC_0178503.jpg,ISIC_0178503,bkl,g1464,external_test,none,1464,-1,,True,111367cc993366cf,65.0,male,head_neck_face,Head and neck,2,2,,False
milk10k,milk10k,images/ISIC_6373409.jpg,ISIC_6373409,bcc,g1465,external_test,none,1465,-1,,False,fa425e00db8aeaab,75.0,male,trunk,Trunk,3,3,,False
milk10k,milk10k,images/ISIC_4990358.jpg,ISIC_4990358,sccka,g1466,dropped,none,1466,-1,unmapped_class:sccka,False,b69e593eab982603,65.0,male,head_neck_face,Head and neck,3,3,unmapped_class:sccka,False
milk10k,milk10k,images/ISIC_8505283.jpg,ISIC_8505283,bcc,g1467,dropped,none,1467,-1,duplicate_of_ham10000,False,53244c9c93c36f2f,75.0,male,trunk,Trunk,4,4,duplicate_of_ham10000,False
milk10k,milk10k,images/ISIC_0743555.jpg,ISIC_0743555,bcc,g1468,external_test,none,1468,-1,,True,60cdb344ccb13bcd,65.0,female,head_neck_face,Head and neck,3,3,,False
milk10k,milk10k,images/ISIC_3851477.jpg,ISIC_3851477,bcc,g1469,external_test,none,1469,-1,,False,df00ff09e909d685,60.0,male,lower_extremity,Lower extremity,3,3,,False
milk10k,milk10k,images/ISIC_9766600.jpg,ISIC_9766600,bcc,g1470,dropped,none,1470,-1,duplicate_of:ISIC_2252215,False,7e4833f4c39a0d8b,55.0,male,trunk,Trunk,4,4,,False
milk10k,milk10k,images/ISIC_2689544.jpg,ISIC_2689544,bcc,g1471,external_test,none,1471,-1,,True,2bf0a07aa146f9f1,70.0,female,trunk,Trunk,3,3,,False
milk10k,milk10k,images/ISIC_6353654.jpg,ISIC_6353654,nv,g1472,external_test,none,1472,-1,,False,6999466ca891fc67,35.0,male,head_neck_face,Head and neck,3,3,,False
milk10k,milk10k,images/ISIC_8969175.jpg,ISIC_8969175,nv,g1473,external_test,none,1473,-1,,False,1896e35b43e13c1f,5.0,female,trunk,Trunk,2,2,,False
milk10k,milk10k,images/ISIC_0304794.jpg,ISIC_0304794,bcc,g1474,external_test,none,1474,-1,,False,2626d3996869cf87,70.0,male,lower_extremity,Lower extremity,3,3,,False
milk10k,milk10k,images/ISIC_8591122.jpg,ISIC_8591122,bcc,g1475,external_test,none,1475,-1,,False,9b3af16ce69889a1,85.0,male,trunk,Trunk,3,3,,False
milk10k,milk10k,images/ISIC_8646399.jpg,ISIC_8646399,nv,g1476,external_test,none,1476,-1,,False,596226cc9b996765,35.0,female,trunk,Trunk,2,2,,False
milk10k,milk10k,images/ISIC_6279832.jpg,ISIC_6279832,bkl,g1477,external_test,none,1477,-1,,False,b04c6676cbf92383,60.0,male,lower_extremity,Lower extremity,3,3,,False
milk10k,milk10k,images/ISIC_5963071.jpg,ISIC_5963071,bcc,g1478,external_test,none,1478,-1,,False,b8a3e3f34cc96035,60.0,female,lower_extremity,Lower extremity,3,3,,False
milk10k,milk10k,images/ISIC_6785657.jpg,ISIC_6785657,nv,g1479,external_test,none,1479,-1,,False,a9ca354a946b55a7,70.0,male,trunk,Trunk,3,3,,False
milk10k,milk10k,images/ISIC_9222540.jpg,ISIC_9222540,bkl,g1480,external_test,none,1480,-1,,True,9c941c594a4eb6b7,65.0,female,head_neck_face,Head and neck,3,3,,False
milk10k,milk10k,images/ISIC_3397720.jpg,ISIC_3397720,bcc,g1481,external_test,none,1481,-1,,False,d13e9b1b2cc1b435,75.0,male,head_neck_face,Head and neck,4,4,,False
milk10k,milk10k,images/ISIC_2976358.jpg,ISIC_2976358,bkl,g1482,external_test,none,1482,-1,,True,2ed9df362c989921,70.0,male,trunk,Trunk,3,3,,False
milk10k,milk10k,images/ISIC_9598621.jpg,ISIC_9598621,bcc,g1483,external_test,none,1483,-1,,False,4faab4a09e8875ab,60.0,female,lower_extremity,Lower extremity,3,3,,False
milk10k,milk10k,images/ISIC_0410802.jpg,ISIC_0410802,mel,g1484,external_test,none,1484,-1,,False,d92c269c9669c997,45.0,male,trunk,Trunk,3,3,,False
milk10k,milk10k,images/ISIC_4936029.jpg,ISIC_4936029,bcc,g1485,external_test,none,1485,-1,,False,b6a8579a7d027323,85.0,female,head_neck_face,Head and neck,3,3,,False
milk10k,milk10k,images/ISIC_6192197.jpg,ISIC_6192197,vasc,g1486,external_test,none,1486,-1,,False,4164ac66de993367,65.0,female,trunk,Trunk,5 (lightest),5,,False
milk10k,milk10k,images/ISIC_4243006.jpg,ISIC_4243006,mel,g1487,external_test,none,1487,-1,,False,98d1677ba1a14c97,25.0,female,lower_extremity,Lower extremity,2,2,,False
milk10k,milk10k,images/ISIC_7677568.jpg,ISIC_7677568,bcc,g1488,external_test,none,1488,-1,,False,1e8619c78339e31f,70.0,female,trunk,Trunk,3,3,,False
milk10k,milk10k,images/ISIC_4116218.jpg,ISIC_4116218,sccka,g1489,dropped,none,1489,-1,unmapped_class:sccka,False,f9765130c1eebc11,75.0,male,hand,Upper extremity,3,3,unmapped_class:sccka,False
milk10k,milk10k,images/ISIC_6747832.jpg,ISIC_6747832,bcc,g1490,external_test,none,1490,-1,,True,ead8e76e34901729,60.0,female,head_neck_face,Head and neck,3,3,,False
milk10k,milk10k,images/ISIC_9857002.jpg,ISIC_9857002,bcc,g1491,external_test,none,1491,-1,,False,c90e7f19a966c619,65.0,male,hand,Upper extremity,4,4,,False
milk10k,milk10k,images/ISIC_0835458.jpg,ISIC_0835458,bcc,g1492,external_test,none,1492,-1,,False,2973b2475b07845f,70.0,female,head_neck_face,Head and neck,4,4,,False
milk10k,milk10k,images/ISIC_7481885.jpg,ISIC_7481885,sccka,g1493,dropped,none,1493,-1,unmapped_class:sccka,False,72f7da34cbc0b109,75.0,male,trunk,Trunk,5 (lightest),5,unmapped_class:sccka,False
milk10k,milk10k,images/ISIC_0997976.jpg,ISIC_0997976,sccka,g1494,dropped,none,1494,-1,unmapped_class:sccka,False,52bd2a74c358c53b,55.0,male,trunk,Trunk,4,4,unmapped_class:sccka,False
milk10k,milk10k,images/ISIC_0467778.jpg,ISIC_0467778,akiec,g1495,external_test,none,1495,-1,,False,73dfa74992a1cc11,75.0,male,head_neck_face,Head and neck,3,3,,False
milk10k,milk10k,images/ISIC_5174175.jpg,ISIC_5174175,bkl,g1496,external_test,none,1496,-1,,True,ab71228899f16e4f,45.0,male,lower_extremity,Lower extremity,4,4,,False
milk10k,milk10k,images/ISIC_2335013.jpg,ISIC_2335013,nv,g1497,external_test,none,1497,-1,,False,2f0fd6664ad90467,50.0,male,head_neck_face,Head and neck,4,4,,False
milk10k,milk10k,images/ISIC_8745129.jpg,ISIC_8745129,bcc,g1498,external_test,none,1498,-1,,True,d7c90f494ce4b81b,75.0,male,lower_extremity,Lower extremity,3,3,,False
milk10k,milk10k,images/ISIC_1258360.jpg,ISIC_1258360,bkl,g1499,external_test,none,1499,-1,,False,ee4c926cb2d22da3,80.0,female,lower_extremity,Lower extremity,3,3,,False
milk10k,milk10k,images/ISIC_7904505.jpg,ISIC_7904505,bcc,g1500,external_test,none,1500,-1,,False,ffb2e208670afa21,70.0,male,trunk,Trunk,3,3,,False
milk10k,milk10k,images/ISIC_3152857.jpg,ISIC_3152857,bcc,g1501,external_test,none,1501,-1,,False,b9b498c963a97427,75.0,male,trunk,Trunk,3,3,,False
milk10k,milk10k,images/ISIC_7559942.jpg,ISIC_7559942,nv,g1502,external_test,none,1502,-1,,False,36b8b299c3790ca7,20.0,female,head_neck_face,Head and neck,3,3,,False
milk10k,milk10k,images/ISIC_9351886.jpg,ISIC_9351886,bcc,g1503,external_test,none,1503,-1,,False,7f7089d4a952552b,70.0,female,head_neck_face,Head and neck,4,4,,False
milk10k,milk10k,images/ISIC_2471885.jpg,ISIC_2471885,nv,g1504,external_test,none,1504,-1,,False,b67449a6b3990d27,45.0,male,lower_extremity,Lower extremity,4,4,,False
milk10k,milk10k,images/ISIC_1929529.jpg,ISIC_1929529,bcc,g1505,external_test,none,1505,-1,,False,f870ddcc45f0c709,75.0,male,trunk,Trunk,3,3,,False
milk10k,milk10k,images/ISIC_5531874.jpg,ISIC_5531874,mel,g1506,external_test,none,1506,-1,,True,f3bafae0ef888801,75.0,male,lower_extremity,Lower extremity,3,3,,False
milk10k,milk10k,images/ISIC_6827974.jpg,ISIC_6827974,bcc,g1507,external_test,none,1507,-1,,False,292d43c3bbc1661f,70.0,male,trunk,Trunk,3,3,,False
milk10k,milk10k,images/ISIC_2319242.jpg,ISIC_2319242,sccka,g1508,dropped,none,1508,-1,unmapped_class:sccka,False,f133bccc37301ac9,45.0,male,trunk,Trunk,3,3,unmapped_class:sccka,False
milk10k,milk10k,images/ISIC_1832787.jpg,ISIC_1832787,bkl,g1509,external_test,none,1509,-1,,False,639a71289ce91f0f,50.0,male,trunk,Trunk,3,3,,False
milk10k,milk10k,images/ISIC_9317486.jpg,ISIC_9317486,nv,g1510,external_test,none,1510,-1,,False,c159c959ae693497,15.0,male,trunk,Trunk,3,3,,False
milk10k,milk10k,images/ISIC_5491732.jpg,ISIC_5491732,bcc,g1511,external_test,none,1511,-1,,False,53be172ba0ae7289,65.0,male,upper_extremity,Upper extremity,3,3,,False
milk10k,milk10k,images/ISIC_1948728.jpg,ISIC_1948728,bcc,g1512,external_test,none,1512,-1,,False,cb40035ed1b4f3d3,55.0,male,head_neck_face,Head and neck,3,3,,False
milk10k,milk10k,images/ISIC_3262566.jpg,ISIC_3262566,akiec,g1513,external_test,none,1513,-1,,True,67f34f286934a24b,65.0,female,hand,Upper extremity,3,3,,False
milk10k,milk10k,images/ISIC_9562051.jpg,ISIC_9562051,bcc,g1514,external_test,none,1514,-1,,False,89d463c6d386bc8b,70.0,male,head_neck_face,Head and neck,5 (lightest),5,,False
milk10k,milk10k,images/ISIC_7632279.jpg,ISIC_7632279,bcc,g1515,external_test,none,1515,-1,,False,c33c3786e92133d5,70.0,male,upper_extremity,Upper extremity,4,4,,False
milk10k,milk10k,images/ISIC_0204323.jpg,ISIC_0204323,mel,g1516,external_test,none,1516,-1,,False,29467931d3cb3c35,70.0,male,head_neck_face,Head and neck,3,3,,False
milk10k,milk10k,images/ISIC_4865809.jpg,ISIC_4865809,akiec,g1517,external_test,none,1517,-1,,True,72073e58fd03d315,70.0,male,head_neck_face,Head and neck,0-1 (darkest),1,,False
milk10k,milk10k,images/ISIC_1631620.jpg,ISIC_1631620,bcc,g1518,external_test,none,1518,-1,,True,61187ea4ea82df69,65.0,female,lower_extremity,Lower extremity,3,3,,False
milk10k,milk10k,images/ISIC_7103694.jpg,ISIC_7103694,bkl,g1519,external_test,none,1519,-1,,True,6f698c8ca74278b9,65.0,male,upper_extremity,Upper extremity,3,3,,False
milk10k,milk10k,images/ISIC_8786035.jpg,ISIC_8786035,akiec,g1520,external_test,none,1520,-1,,False,c9adc1da33497a23,40.0,female,head_neck_face,Head and neck,3,3,,False
milk10k,milk10k,images/ISIC_4642906.jpg,ISIC_4642906,vasc,g1521,external_test,none,1521,-1,,False,ec39b6c47863849d,30.0,female,upper_extremity,Upper extremity,4,4,,False
milk10k,milk10k,images/ISIC_1667014.jpg,ISIC_1667014,bcc,g1522,external_test,none,1522,-1,,False,f94c733289c96627,65.0,male,lower_extremity,Lower extremity,3,3,,False
milk10k,milk10k,images/ISIC_4887943.jpg,ISIC_4887943,bcc,g1523,external_test,none,1523,-1,,False,e8d407e8e88f8ce9,80.0,male,head_neck_face,Head and neck,4,4,,False
milk10k,milk10k,images/ISIC_1453805.jpg,ISIC_1453805,bcc,g1524,external_test,none,1524,-1,,True,57c6dc002dded2a3,30.0,male,trunk,Trunk,3,3,,False
milk10k,milk10k,images/ISIC_7969817.jpg,ISIC_7969817,bcc,g1525,external_test,none,1525,-1,,False,79cabf2456b06943,70.0,male,trunk,Trunk,3,3,,False
milk10k,milk10k,images/ISIC_4630771.jpg,ISIC_4630771,bkl,g1526,external_test,none,1526,-1,,False,33708baaae8abe29,55.0,male,trunk,Trunk,3,3,,False
milk10k,milk10k,images/ISIC_7504526.jpg,ISIC_7504526,sccka,g1527,dropped,none,1527,-1,unmapped_class:sccka,False,cc8c37a453b493cb,70.0,male,upper_extremity,Upper extremity,4,4,unmapped_class:sccka,False
milk10k,milk10k,images/ISIC_7782700.jpg,ISIC_7782700,bcc,g1528,external_test,none,1528,-1,,False,97cebf74c6183221,50.0,male,lower_extremity,Lower extremity,3,3,,False
milk10k,milk10k,images/ISIC_2353418.jpg,ISIC_2353418,bcc,g1529,external_test,none,1529,-1,,False,dcc969983be6c213,65.0,female,head_neck_face,Head and neck,3,3,,False
milk10k,milk10k,images/ISIC_7555988.jpg,ISIC_7555988,bkl,g1530,external_test,none,1530,-1,,True,4f33841a587fa3c9,65.0,male,trunk,Trunk,3,3,,False
milk10k,milk10k,images/ISIC_4542004.jpg,ISIC_4542004,bcc,g1531,external_test,none,1531,-1,,False,41f623f40b58adab,65.0,male,trunk,Trunk,3,3,,False
milk10k,milk10k,images/ISIC_3789914.jpg,ISIC_3789914,akiec,g1532,external_test,none,1532,-1,,True,2e67bab08703e0cf,60.0,male,trunk,Trunk,3,3,,False
milk10k,milk10k,images/ISIC_9796777.jpg,ISIC_9796777,bcc,g1533,external_test,none,1533,-1,,False,0dae0fc8b393b6a1,75.0,male,trunk,Trunk,3,3,,False
milk10k,milk10k,images/ISIC_9977374.jpg,ISIC_9977374,sccka,g1534,dropped,none,1534,-1,unmapped_class:sccka,False,13f8cf6e301bc6c1,85.0,male,head_neck_face,Head and neck,5 (lightest),5,unmapped_class:sccka,False
milk10k,milk10k,images/ISIC_6529674.jpg,ISIC_6529674,nv,g1535,external_test,none,1535,-1,,True,7226c6d23983667d,70.0,male,lower_extremity,Lower extremity,4,4,,False
milk10k,milk10k,images/ISIC_7531601.jpg,ISIC_7531601,bcc,g1536,external_test,none,1536,-1,,True,3131b4b4637b1d8d,35.0,female,trunk,Trunk,3,3,,False
milk10k,milk10k,images/ISIC_0573471.jpg,ISIC_0573471,nv,g1537,external_test,none,1537,-1,,True,f2310783960b69fd,35.0,male,lower_extremity,Lower extremity,4,4,,False
milk10k,milk10k,images/ISIC_3540431.jpg,ISIC_3540431,bcc,g1538,external_test,none,1538,-1,,False,8599ed6c938374a3,70.0,male,trunk,Trunk,3,3,,False
milk10k,milk10k,images/ISIC_9540648.jpg,ISIC_9540648,mel,g1539,external_test,none,1539,-1,,False,78662339d6832d3d,65.0,male,trunk,Trunk,3,3,,False
milk10k,milk10k,images/ISIC_3275271.jpg,ISIC_3275271,bcc,g1540,external_test,none,1540,-1,,False,0f0a7caaddaa23a9,70.0,female,lower_extremity,Lower extremity,3,3,,False
milk10k,milk10k,images/ISIC_1308671.jpg,ISIC_1308671,bcc,g1541,external_test,none,1541,-1,,False,0e99b366acd94c27,65.0,female,upper_extremity,Upper extremity,2,2,,False
milk10k,milk10k,images/ISIC_8614567.jpg,ISIC_8614567,vasc,g1542,external_test,none,1542,-1,,False,6c62b68c193176e7,45.0,female,trunk,Trunk,3,3,,False
milk10k,milk10k,images/ISIC_9348273.jpg,ISIC_9348273,bcc,g1543,external_test,none,1543,-1,,False,fd4656909cf423a3,65.0,male,upper_extremity,Upper extremity,4,4,,False
milk10k,milk10k,images/ISIC_2826846.jpg,ISIC_2826846,bcc,g1544,external_test,none,1544,-1,,False,d1386686b99b4d2d,75.0,male,trunk,Trunk,3,3,,False
milk10k,milk10k,images/ISIC_1897923.jpg,ISIC_1897923,akiec,g1545,external_test,none,1545,-1,,False,d89de335a953808f,80.0,female,hand,Upper extremity,4,4,,False
milk10k,milk10k,images/ISIC_6819805.jpg,ISIC_6819805,mel,g1546,external_test,none,1546,-1,,True,d9c94c3293c3746d,75.0,male,lower_extremity,Lower extremity,3,3,,False
milk10k,milk10k,images/ISIC_9719634.jpg,ISIC_9719634,df,g1547,external_test,none,1547,-1,,True,24eb3313e4a31b1f,85.0,female,trunk,Trunk,5 (lightest),5,,False
milk10k,milk10k,images/ISIC_5511950.jpg,ISIC_5511950,bcc,g1548,external_test,none,1548,-1,,False,d152eed69238ec61,70.0,male,trunk,Trunk,5 (lightest),5,,False
milk10k,milk10k,images/ISIC_4646662.jpg,ISIC_4646662,bkl,g1549,external_test,none,1549,-1,,True,b18eb6381e71f883,45.0,male,trunk,Trunk,3,3,,False
milk10k,milk10k,images/ISIC_8340872.jpg,ISIC_8340872,bcc,g1550,external_test,none,1550,-1,,False,de54adc153a10de9,70.0,male,lower_extremity,Lower extremity,4,4,,False
milk10k,milk10k,images/ISIC_5679759.jpg,ISIC_5679759,bcc,g1551,external_test,none,1551,-1,,False,29f9916cf42e6ca1,75.0,male,trunk,Trunk,5 (lightest),5,,False
milk10k,milk10k,images/ISIC_7711626.jpg,ISIC_7711626,bcc,g1552,external_test,none,1552,-1,,False,b28e0da64f92d26b,65.0,female,trunk,Trunk,3,3,,False
milk10k,milk10k,images/ISIC_0197274.jpg,ISIC_0197274,bcc,g1553,external_test,none,1553,-1,,False,c1cbf61883e31d1d,85.0,male,trunk,Trunk,4,4,,False
milk10k,milk10k,images/ISIC_1897052.jpg,ISIC_1897052,bcc,g1554,external_test,none,1554,-1,,False,b88e25b4d7421fc9,55.0,male,head_neck_face,Head and neck,5 (lightest),5,,False
milk10k,milk10k,images/ISIC_4616394.jpg,ISIC_4616394,bcc,g1555,external_test,none,1555,-1,,False,d37e6662241cd9a3,75.0,male,trunk,Trunk,3,3,,False
milk10k,milk10k,images/ISIC_3155654.jpg,ISIC_3155654,bkl,g1556,external_test,none,1556,-1,,False,378cd4397b82aa2b,85.0,male,upper_extremity,Upper extremity,3,3,,False
milk10k,milk10k,images/ISIC_8955200.jpg,ISIC_8955200,mel,g1557,external_test,none,1557,-1,,True,7b78bbf0f488cc01,60.0,male,trunk,Trunk,2,2,,False
milk10k,milk10k,images/ISIC_9304429.jpg,ISIC_9304429,bcc,g1558,external_test,none,1558,-1,,True,dfc067be0c5ab501,65.0,male,trunk,Trunk,5 (lightest),5,,False
milk10k,milk10k,images/ISIC_6320048.jpg,ISIC_6320048,akiec,g1559,external_test,none,1559,-1,,False,c3336cbab143b30d,85.0,male,trunk,Trunk,3,3,,False
milk10k,milk10k,images/ISIC_6685680.jpg,ISIC_6685680,bcc,g1560,external_test,none,1560,-1,,False,9cdb9b7866481ab1,55.0,male,head_neck_face,Head and neck,4,4,,False
milk10k,milk10k,images/ISIC_6303124.jpg,ISIC_6303124,bcc,g1561,external_test,none,1561,-1,,False,bf4c2da3e4422ea3,60.0,male,head_neck_face,Head and neck,5 (lightest),5,,False
milk10k,milk10k,images/ISIC_7044118.jpg,ISIC_7044118,sccka,g1562,dropped,none,1562,-1,unmapped_class:sccka,False,52311cb3f84da93b,80.0,male,lower_extremity,Lower extremity,4,4,unmapped_class:sccka,False
milk10k,milk10k,images/ISIC_7208631.jpg,ISIC_7208631,bcc,g1563,external_test,none,1563,-1,,False,e5294df8fc892607,65.0,male,lower_extremity,Lower extremity,3,3,,False
milk10k,milk10k,images/ISIC_9475776.jpg,ISIC_9475776,mel,g1564,dropped,none,1564,-1,duplicate_of_ham10000,False,2626f133875b5d25,45.0,female,trunk,Trunk,3,3,duplicate_of_ham10000,False
milk10k,milk10k,images/ISIC_5019119.jpg,ISIC_5019119,mel,g1565,external_test,none,1565,-1,,False,1933c6cc3333cd4d,35.0,female,head_neck_face,Head and neck,4,4,,False
milk10k,milk10k,images/ISIC_2593023.jpg,ISIC_2593023,bcc,g1566,external_test,none,1566,-1,,False,1f5e9ce8e1320da9,75.0,male,trunk,Trunk,3,3,,False
milk10k,milk10k,images/ISIC_4038238.jpg,ISIC_4038238,bkl,g1567,external_test,none,1567,-1,,True,cca892e21de1b54f,50.0,female,head_neck_face,Head and neck,0-1 (darkest),1,,False
milk10k,milk10k,images/ISIC_1616470.jpg,ISIC_1616470,akiec,g1568,external_test,none,1568,-1,,False,a31b5684f369ac95,80.0,female,head_neck_face,Head and neck,4,4,,False
milk10k,milk10k,images/ISIC_1069722.jpg,ISIC_1069722,bcc,g1569,external_test,none,1569,-1,,False,b3a91d946ac2666b,75.0,female,trunk,Trunk,3,3,,False
milk10k,milk10k,images/ISIC_6423450.jpg,ISIC_6423450,bcc,g1570,external_test,none,1570,-1,,False,d9b366469d986323,75.0,male,head_neck_face,Head and neck,4,4,,False
milk10k,milk10k,images/ISIC_5452980.jpg,ISIC_5452980,mel,g1571,external_test,none,1571,-1,,False,3799d25b49a12d17,30.0,female,upper_extremity,Upper extremity,4,4,,False
milk10k,milk10k,images/ISIC_4976629.jpg,ISIC_4976629,bcc,g1572,external_test,none,1572,-1,,False,e7a0ee14b45a3b83,50.0,female,upper_extremity,Upper extremity,4,4,,False
milk10k,milk10k,images/ISIC_7280473.jpg,ISIC_7280473,mel,g1573,external_test,none,1573,-1,,False,e1028eaba6a99d3b,55.0,male,trunk,Trunk,2,2,,False
milk10k,milk10k,images/ISIC_8599807.jpg,ISIC_8599807,bcc,g1574,external_test,none,1574,-1,,False,7c8a800f1f9e3ce9,55.0,female,trunk,Trunk,4,4,,False
milk10k,milk10k,images/ISIC_7235569.jpg,ISIC_7235569,df,g1575,external_test,none,1575,-1,,True,610c969b7a614d5f,60.0,male,trunk,Trunk,2,2,,False
milk10k,milk10k,images/ISIC_1594291.jpg,ISIC_1594291,bcc,g1576,external_test,none,1576,-1,,True,49d17b62c1a6d68b,60.0,female,lower_extremity,Lower extremity,3,3,,False
milk10k,milk10k,images/ISIC_6383216.jpg,ISIC_6383216,nv,g1577,external_test,none,1577,-1,,False,361cc47a23a3d89f,10.0,female,head_neck_face,Head and neck,2,2,,False
milk10k,milk10k,images/ISIC_8787301.jpg,ISIC_8787301,bcc,g1578,external_test,none,1578,-1,,False,e28abceaeda25223,65.0,female,head_neck_face,Head and neck,3,3,,False
milk10k,milk10k,images/ISIC_3447417.jpg,ISIC_3447417,bcc,g1579,external_test,none,1579,-1,,False,01bcf73cd55a4a0b,60.0,female,trunk,Trunk,4,4,,False
milk10k,milk10k,images/ISIC_7774908.jpg,ISIC_7774908,bcc,g1580,external_test,none,1580,-1,,False,0926e5984cf9c9ed,45.0,female,trunk,Trunk,5 (lightest),5,,False
milk10k,milk10k,images/ISIC_5826969.jpg,ISIC_5826969,bcc,g1581,external_test,none,1581,-1,,False,4e61ac2bf48c55d3,60.0,female,head_neck_face,Head and neck,4,4,,False
milk10k,milk10k,images/ISIC_1655136.jpg,ISIC_1655136,nv,g1582,external_test,none,1582,-1,,False,d8949bf37941261d,35.0,female,lower_extremity,Lower extremity,3,3,,False
milk10k,milk10k,images/ISIC_0387826.jpg,ISIC_0387826,bcc,g1583,external_test,none,1583,-1,,False,392ed1932cd1866f,70.0,male,trunk,Trunk,2,2,,False
milk10k,milk10k,images/ISIC_1128748.jpg,ISIC_1128748,bcc,g1584,external_test,none,1584,-1,,False,8df47ac266948e2b,55.0,male,head_neck_face,Head and neck,3,3,,False
milk10k,milk10k,images/ISIC_3163093.jpg,ISIC_3163093,bcc,g1585,external_test,none,1585,-1,,False,22350d99969bcced,65.0,male,head_neck_face,Head and neck,5 (lightest),5,,False
milk10k,milk10k,images/ISIC_0165103.jpg,ISIC_0165103,bkl,g1586,external_test,none,1586,-1,,False,aa79a5583999b02f,65.0,male,head_neck_face,Head and neck,3,3,,False
milk10k,milk10k,images/ISIC_1170720.jpg,ISIC_1170720,bcc,g1587,external_test,none,1587,-1,,False,0c545e4c44fedce9,70.0,male,trunk,Trunk,3,3,,False
milk10k,milk10k,images/ISIC_8912166.jpg,ISIC_8912166,mel,g1588,external_test,none,1588,-1,,False,2cb1c6c33c69936d,75.0,male,trunk,Trunk,5 (lightest),5,,False
milk10k,milk10k,images/ISIC_3357525.jpg,ISIC_3357525,bcc,g1589,external_test,none,1589,-1,,False,31c7c366b81347e9,40.0,male,head_neck_face,Head and neck,3,3,,False
milk10k,milk10k,images/ISIC_0831512.jpg,ISIC_0831512,nv,g1590,external_test,none,1590,-1,,False,7626129b89a97277,35.0,female,lower_extremity,Lower extremity,4,4,,False
milk10k,milk10k,images/ISIC_7150655.jpg,ISIC_7150655,mel,g1591,external_test,none,1591,-1,,False,66f072d3a623199d,70.0,male,trunk,Trunk,2,2,,False
milk10k,milk10k,images/ISIC_1091566.jpg,ISIC_1091566,bcc,g1592,external_test,none,1592,-1,,False,0e4376b2af2ac6a9,65.0,male,head_neck_face,Head and neck,3,3,,False
milk10k,milk10k,images/ISIC_0371409.jpg,ISIC_0371409,bcc,g1593,external_test,none,1593,-1,,False,739147449e30d7ab,75.0,male,head_neck_face,Head and neck,3,3,,False
milk10k,milk10k,images/ISIC_5893703.jpg,ISIC_5893703,mel,g1594,external_test,none,1594,-1,,False,9d187153a563bd07,70.0,male,trunk,Trunk,2,2,,False
milk10k,milk10k,images/ISIC_7523078.jpg,ISIC_7523078,nv,g1595,external_test,none,1595,-1,,False,0aca8f355c9332ed,40.0,female,upper_extremity,Upper extremity,3,3,,False
milk10k,milk10k,images/ISIC_1996485.jpg,ISIC_1996485,vasc,g1596,external_test,none,1596,-1,,True,9c3e6b139c63628d,60.0,male,trunk,Trunk,2,2,,False
milk10k,milk10k,images/ISIC_5863762.jpg,ISIC_5863762,bcc,g1597,external_test,none,1597,-1,,True,98cc4b3333718e8f,55.0,female,lower_extremity,Lower extremity,3,3,,False
milk10k,milk10k,images/ISIC_9163561.jpg,ISIC_9163561,bcc,g1598,external_test,none,1598,-1,,False,9c96f2583978b4a3,60.0,male,trunk,Trunk,3,3,,False
milk10k,milk10k,images/ISIC_0393134.jpg,ISIC_0393134,bcc,g1599,external_test,none,1599,-1,,False,ec0b1acc463ba769,65.0,female,upper_extremity,Upper extremity,3,3,,False
milk10k,milk10k,images/ISIC_1796015.jpg,ISIC_1796015,bcc,g1600,external_test,none,1600,-1,,False,f2344db91ec3988d,65.0,female,lower_extremity,Lower extremity,3,3,,False
milk10k,milk10k,images/ISIC_3881677.jpg,ISIC_3881677,bcc,g1601,external_test,none,1601,-1,,False,2cb24c9631f947cd,55.0,female,trunk,Trunk,3,3,,False
milk10k,milk10k,images/ISIC_6703202.jpg,ISIC_6703202,nv,g1602,external_test,none,1602,-1,,False,d3b14c5927699927,35.0,male,trunk,Trunk,3,3,,False
milk10k,milk10k,images/ISIC_9192620.jpg,ISIC_9192620,bkl,g1603,external_test,none,1603,-1,,True,83c4593c66b31bcd,45.0,male,trunk,Trunk,3,3,,False
milk10k,milk10k,images/ISIC_2304241.jpg,ISIC_2304241,nv,g1604,external_test,none,1604,-1,,True,1078e7494e23adb7,20.0,female,trunk,Trunk,2,2,,False
milk10k,milk10k,images/ISIC_1479765.jpg,ISIC_1479765,nv,g1605,external_test,none,1605,-1,,False,3c8e66b0e2539d27,55.0,female,head_neck_face,Head and neck,4,4,,False
milk10k,milk10k,images/ISIC_4632123.jpg,ISIC_4632123,bkl,g1606,external_test,none,1606,-1,,False,c7c83ea8fc83a90d,65.0,female,upper_extremity,Upper extremity,3,3,,False
milk10k,milk10k,images/ISIC_0895262.jpg,ISIC_0895262,bcc,g1607,external_test,none,1607,-1,,False,64f28c8d0e63e39d,35.0,female,head_neck_face,Head and neck,2,2,,False
milk10k,milk10k,images/ISIC_6635963.jpg,ISIC_6635963,mel,g1608,external_test,none,1608,-1,,False,832e1ed4e90347af,75.0,female,trunk,Trunk,3,3,,False
milk10k,milk10k,images/ISIC_8256353.jpg,ISIC_8256353,bkl,g1609,external_test,none,1609,-1,,False,459d122fd662ec8b,60.0,male,lower_extremity,Lower extremity,3,3,,False
milk10k,milk10k,images/ISIC_3085694.jpg,ISIC_3085694,ben_oth,g1610,dropped,none,1610,-1,unmapped_class:ben_oth,False,9bb4cb207bdc5603,60.0,male,head_neck_face,Head and neck,3,3,unmapped_class:ben_oth,False
milk10k,milk10k,images/ISIC_1620077.jpg,ISIC_1620077,bcc,g1611,external_test,none,1611,-1,,False,b82378769776ca21,70.0,female,upper_extremity,Upper extremity,3,3,,False
milk10k,milk10k,images/ISIC_3117423.jpg,ISIC_3117423,bcc,g1612,external_test,none,1612,-1,,False,df1e6bb1216e8291,65.0,female,trunk,Trunk,3,3,,False
milk10k,milk10k,images/ISIC_7981707.jpg,ISIC_7981707,bcc,g1613,external_test,none,1613,-1,,True,91e5543b33b1461f,55.0,male,head_neck_face,Head and neck,5 (lightest),5,,False
milk10k,milk10k,images/ISIC_1171731.jpg,ISIC_1171731,bcc,g1614,external_test,none,1614,-1,,False,a65fd24fa4a44e43,70.0,female,head_neck_face,Head and neck,3,3,,False
milk10k,milk10k,images/ISIC_0084581.jpg,ISIC_0084581,sccka,g1615,dropped,none,1615,-1,unmapped_class:sccka,False,b7c0e69c697243a3,80.0,male,hand,Upper extremity,3,3,unmapped_class:sccka,False
milk10k,milk10k,images/ISIC_6909525.jpg,ISIC_6909525,bcc,g1616,external_test,none,1616,-1,,True,d32d385e8cf01f23,75.0,female,lower_extremity,Lower extremity,4,4,,False
milk10k,milk10k,images/ISIC_5174728.jpg,ISIC_5174728,bcc,g1617,external_test,none,1617,-1,,False,7c384b267f909267,55.0,male,trunk,Trunk,3,3,,False
milk10k,milk10k,images/ISIC_3750787.jpg,ISIC_3750787,bcc,g1618,external_test,none,1618,-1,,True,f6c391a80fe6432b,65.0,male,trunk,Trunk,3,3,,False
milk10k,milk10k,images/ISIC_0946795.jpg,ISIC_0946795,sccka,g1619,dropped,none,1619,-1,unmapped_class:sccka,False,38e0bc1c97e77611,80.0,female,lower_extremity,Lower extremity,4,4,unmapped_class:sccka,False
milk10k,milk10k,images/ISIC_2977377.jpg,ISIC_2977377,nv,g1620,external_test,none,1620,-1,,True,9866f39c2c4b9327,40.0,male,trunk,Trunk,3,3,,False
milk10k,milk10k,images/ISIC_0427331.jpg,ISIC_0427331,bcc,g1621,external_test,none,1621,-1,,True,bcdeb6381243682f,60.0,male,trunk,Trunk,4,4,,False
milk10k,milk10k,images/ISIC_4821214.jpg,ISIC_4821214,vasc,g1622,external_test,none,1622,-1,,False,ec38c4f986c3381f,70.0,male,trunk,Trunk,4,4,,False
milk10k,milk10k,images/ISIC_5152492.jpg,ISIC_5152492,bkl,g1623,external_test,none,1623,-1,,True,9ddc396606133ec9,55.0,male,head_neck_face,Head and neck,3,3,,False
milk10k,milk10k,images/ISIC_4425251.jpg,ISIC_4425251,bcc,g1624,external_test,none,1624,-1,,True,f1dac9587423e389,65.0,male,trunk,Trunk,4,4,,False
milk10k,milk10k,images/ISIC_8446505.jpg,ISIC_8446505,akiec,g1625,external_test,none,1625,-1,,False,2852adba55a3556b,55.0,male,head_neck_face,Head and neck,3,3,,False
milk10k,milk10k,images/ISIC_2993083.jpg,ISIC_2993083,sccka,g1626,dropped,none,1626,-1,unmapped_class:sccka,False,73a3f1b5ecc4440b,60.0,male,upper_extremity,Upper extremity,3,3,unmapped_class:sccka,False
milk10k,milk10k,images/ISIC_1468332.jpg,ISIC_1468332,nv,g1627,external_test,none,1627,-1,,False,4eccb22cc9fb3605,25.0,male,head_neck_face,Head and neck,3,3,,False
milk10k,milk10k,images/ISIC_9558332.jpg,ISIC_9558332,bcc,g1628,external_test,none,1628,-1,,False,760ae12a92aabeab,35.0,male,head_neck_face,Head and neck,3,3,,False
milk10k,milk10k,images/ISIC_9966733.jpg,ISIC_9966733,nv,g1629,external_test,none,1629,-1,,False,4c4db63659f3860d,,male,lower_extremity,Lower extremity,5 (lightest),5,,False
milk10k,milk10k,images/ISIC_9643914.jpg,ISIC_9643914,bcc,g1630,external_test,none,1630,-1,,True,6f706d8e89336e05,50.0,male,upper_extremity,Upper extremity,3,3,,False
milk10k,milk10k,images/ISIC_3489676.jpg,ISIC_3489676,bcc,g1631,external_test,none,1631,-1,,False,c6836de272b8d923,55.0,male,trunk,Trunk,3,3,,False
milk10k,milk10k,images/ISIC_2437084.jpg,ISIC_2437084,mel,g1632,external_test,none,1632,-1,,False,db96695af5c1082d,75.0,male,lower_extremity,Lower extremity,3,3,,False
milk10k,milk10k,images/ISIC_7563152.jpg,ISIC_7563152,bkl,g1633,external_test,none,1633,-1,,False,e79361413701ff15,65.0,male,head_neck_face,Head and neck,3,3,,False
milk10k,milk10k,images/ISIC_1495576.jpg,ISIC_1495576,bcc,g1634,external_test,none,1634,-1,,False,338a5dba13a256ab,40.0,male,trunk,Trunk,4,4,,False
milk10k,milk10k,images/ISIC_3599295.jpg,ISIC_3599295,bcc,g1635,external_test,none,1635,-1,,False,3dfef0f69e0c0c01,75.0,female,lower_extremity,Lower extremity,3,3,,False
milk10k,milk10k,images/ISIC_9290704.jpg,ISIC_9290704,bkl,g1636,external_test,none,1636,-1,,False,6ba999e846d2b6a1,55.0,female,upper_extremity,Upper extremity,3,3,,False
milk10k,milk10k,images/ISIC_7615926.jpg,ISIC_7615926,mel,g1637,external_test,none,1637,-1,,True,f813f8c30789c35d,55.0,male,trunk,Trunk,2,2,,False
milk10k,milk10k,images/ISIC_1656295.jpg,ISIC_1656295,nv,g1638,external_test,none,1638,-1,,False,69b4713396c96987,40.0,male,lower_extremity,Lower extremity,4,4,,False
milk10k,milk10k,images/ISIC_6623298.jpg,ISIC_6623298,sccka,g1639,dropped,none,1639,-1,unmapped_class:sccka,False,a4a24e7349a4f9ab,60.0,male,trunk,Trunk,3,3,unmapped_class:sccka,False
milk10k,milk10k,images/ISIC_7836451.jpg,ISIC_7836451,bcc,g1640,external_test,none,1640,-1,,False,bd5be2d23963208d,70.0,male,trunk,Trunk,4,4,,False
milk10k,milk10k,images/ISIC_9850235.jpg,ISIC_9850235,bcc,g1641,external_test,none,1641,-1,,True,65393531d305c7c7,60.0,male,lower_extremity,Lower extremity,5 (lightest),5,,False
milk10k,milk10k,images/ISIC_8673290.jpg,ISIC_8673290,mel,g1642,external_test,none,1642,-1,,False,f626bfd8cf920121,85.0,male,trunk,Trunk,5 (lightest),5,,False
milk10k,milk10k,images/ISIC_5513367.jpg,ISIC_5513367,mel,g1643,external_test,none,1643,-1,,False,5199917349db9627,80.0,male,upper_extremity,Upper extremity,3,3,,False
milk10k,milk10k,images/ISIC_4546388.jpg,ISIC_4546388,bcc,g1644,external_test,none,1644,-1,,True,c98c2662cc5973af,65.0,female,foot,Lower extremity,3,3,,False
milk10k,milk10k,images/ISIC_1940214.jpg,ISIC_1940214,bcc,g1645,external_test,none,1645,-1,,False,f2b223ec9d124ba9,70.0,female,head_neck_face,Head and neck,4,4,,False
milk10k,milk10k,images/ISIC_6365981.jpg,ISIC_6365981,mel,g1646,external_test,none,1646,-1,,False,83037cf8439f3571,70.0,male,trunk,Trunk,3,3,,False
milk10k,milk10k,images/ISIC_3673916.jpg,ISIC_3673916,nv,g1647,external_test,none,1647,-1,,False,8c46331ccb733c8f,25.0,female,head_neck_face,Head and neck,3,3,,False
milk10k,milk10k,images/ISIC_5841767.jpg,ISIC_5841767,bcc,g1648,external_test,none,1648,-1,,False,d647255cb64bb123,80.0,female,lower_extremity,Lower extremity,4,4,,False
milk10k,milk10k,images/ISIC_8696381.jpg,ISIC_8696381,nv,g1649,external_test,none,1649,-1,,False,2293cd4e773349c5,50.0,female,lower_extremity,Lower extremity,3,3,,False
milk10k,milk10k,images/ISIC_7806816.jpg,ISIC_7806816,bcc,g1650,external_test,none,1650,-1,,False,a2d2ed82d1aa7b29,60.0,male,upper_extremity,Upper extremity,3,3,,False
milk10k,milk10k,images/ISIC_1614480.jpg,ISIC_1614480,sccka,g1651,dropped,none,1651,-1,unmapped_class:sccka,False,3c6ea69b96d86823,50.0,male,head_neck_face,Head and neck,3,3,unmapped_class:sccka,False
milk10k,milk10k,images/ISIC_7896796.jpg,ISIC_7896796,bkl,g1652,external_test,none,1652,-1,,False,63ca633195e3e80f,70.0,male,trunk,Trunk,2,2,,False
milk10k,milk10k,images/ISIC_0601743.jpg,ISIC_0601743,bcc,g1653,external_test,none,1653,-1,,True,9e26dee94dc83381,50.0,female,lower_extremity,Lower extremity,3,3,,False
milk10k,milk10k,images/ISIC_3307206.jpg,ISIC_3307206,bkl,g1654,external_test,none,1654,-1,,True,b24d6b93d62c23b1,65.0,male,lower_extremity,Lower extremity,3,3,,False
milk10k,milk10k,images/ISIC_5844410.jpg,ISIC_5844410,df,g1655,external_test,none,1655,-1,,True,2469369359e3299f,45.0,male,lower_extremity,Lower extremity,2,2,,False
milk10k,milk10k,images/ISIC_0387282.jpg,ISIC_0387282,akiec,g1656,external_test,none,1656,-1,,True,63aac6a3caaa0eab,80.0,female,head_neck_face,Head and neck,3,3,,False
milk10k,milk10k,images/ISIC_1683911.jpg,ISIC_1683911,bcc,g1657,external_test,none,1657,-1,,False,b88b7c9c8338c739,70.0,male,trunk,Trunk,3,3,,False
milk10k,milk10k,images/ISIC_3267363.jpg,ISIC_3267363,nv,g1658,external_test,none,1658,-1,,False,2713cdccd2332ec5,35.0,female,head_neck_face,Head and neck,5 (lightest),5,,False
milk10k,milk10k,images/ISIC_5279946.jpg,ISIC_5279946,bcc,g1659,external_test,none,1659,-1,,False,d89c87ec73331c89,75.0,male,trunk,Trunk,3,3,,False
milk10k,milk10k,images/ISIC_5159139.jpg,ISIC_5159139,bkl,g1660,external_test,none,1660,-1,,False,6633d63a9a49d985,70.0,female,trunk,Trunk,3,3,,False
milk10k,milk10k,images/ISIC_9816264.jpg,ISIC_9816264,bcc,g1661,external_test,none,1661,-1,,False,e6c2c922378a5eab,75.0,female,lower_extremity,Lower extremity,3,3,,False
milk10k,milk10k,images/ISIC_8419172.jpg,ISIC_8419172,bcc,g1662,external_test,none,1662,-1,,False,5b5c857c7c5c0b23,55.0,female,upper_extremity,Upper extremity,3,3,,False
milk10k,milk10k,images/ISIC_3594514.jpg,ISIC_3594514,mel,g1663,dropped,none,1663,-1,duplicate_of_ham10000,False,3219a979b5a55257,45.0,female,lower_extremity,Lower extremity,3,3,duplicate_of_ham10000,False
milk10k,milk10k,images/ISIC_9680458.jpg,ISIC_9680458,mel,g1664,external_test,none,1664,-1,,True,13319af1197ba725,70.0,male,lower_extremity,Lower extremity,3,3,,False
milk10k,milk10k,images/ISIC_3794620.jpg,ISIC_3794620,bkl,g1665,external_test,none,1665,-1,,True,9ec6536436e9c82b,75.0,male,trunk,Trunk,3,3,,False
milk10k,milk10k,images/ISIC_4470805.jpg,ISIC_4470805,bcc,g1666,external_test,none,1666,-1,,True,50444e1e7bcae8eb,65.0,male,head_neck_face,Head and neck,4,4,,False
milk10k,milk10k,images/ISIC_3831775.jpg,ISIC_3831775,nv,g1667,external_test,none,1667,-1,,False,119b26dbbc69c907,75.0,male,lower_extremity,Lower extremity,4,4,,False
milk10k,milk10k,images/ISIC_6333133.jpg,ISIC_6333133,mel,g1668,external_test,none,1668,-1,,False,84b978790581d3bf,75.0,male,head_neck_face,Head and neck,2,2,,False
milk10k,milk10k,images/ISIC_7501563.jpg,ISIC_7501563,bcc,g1669,external_test,none,1669,-1,,True,43f82399c4033bfd,40.0,female,head_neck_face,Head and neck,4,4,,False
milk10k,milk10k,images/ISIC_7467595.jpg,ISIC_7467595,bcc,g1670,external_test,none,1670,-1,,False,929c4971f2670d97,50.0,male,lower_extremity,Lower extremity,3,3,,False
milk10k,milk10k,images/ISIC_6167789.jpg,ISIC_6167789,bcc,g1671,external_test,none,1671,-1,,True,7ba9d35226a19e0d,70.0,male,trunk,Trunk,3,3,,False
milk10k,milk10k,images/ISIC_8715446.jpg,ISIC_8715446,bcc,g1672,external_test,none,1672,-1,,False,5eea42ceaa5851ab,75.0,female,trunk,Trunk,5 (lightest),5,,False
milk10k,milk10k,images/ISIC_6539281.jpg,ISIC_6539281,nv,g1673,external_test,none,1673,-1,,True,cca4315e93636c9d,85.0,male,trunk,Trunk,5 (lightest),5,,False
milk10k,milk10k,images/ISIC_8816242.jpg,ISIC_8816242,bcc,g1674,external_test,none,1674,-1,,False,febafba1ca80a901,70.0,male,head_neck_face,Head and neck,4,4,,False
milk10k,milk10k,images/ISIC_6167270.jpg,ISIC_6167270,bcc,g1675,external_test,none,1675,-1,,False,f72f15e80a62e685,65.0,female,lower_extremity,Lower extremity,3,3,,False
milk10k,milk10k,images/ISIC_6999728.jpg,ISIC_6999728,bcc,g1676,external_test,none,1676,-1,,False,b9a03daa51aac5ab,70.0,female,lower_extremity,Lower extremity,3,3,,False
milk10k,milk10k,images/ISIC_4296407.jpg,ISIC_4296407,mel,g1677,external_test,none,1677,-1,,True,99139b99c3a1e927,60.0,female,head_neck_face,Head and neck,3,3,,False
milk10k,milk10k,images/ISIC_4742379.jpg,ISIC_4742379,mel,g1678,external_test,none,1678,-1,,False,27989b196661a797,75.0,male,head_neck_face,Head and neck,4,4,,False
milk10k,milk10k,images/ISIC_1701846.jpg,ISIC_1701846,bcc,g1679,external_test,none,1679,-1,,False,aab6949455b652ab,70.0,male,trunk,Trunk,4,4,,False
milk10k,milk10k,images/ISIC_1285798.jpg,ISIC_1285798,mel,g1680,external_test,none,1680,-1,,False,7039615393699c9f,60.0,female,lower_extremity,Lower extremity,3,3,,False
milk10k,milk10k,images/ISIC_2088540.jpg,ISIC_2088540,inf,g1681,dropped,none,1681,-1,unmapped_class:inf,False,c83b3b491273e68d,60.0,male,head_neck_face,Head and neck,3,3,unmapped_class:inf,False
milk10k,milk10k,images/ISIC_4013307.jpg,ISIC_4013307,bcc,g1682,external_test,none,1682,-1,,True,b32a73701be2ce89,50.0,male,lower_extremity,Lower extremity,3,3,,False
milk10k,milk10k,images/ISIC_8977223.jpg,ISIC_8977223,mel,g1683,external_test,none,1683,-1,,False,e3245f589683631f,75.0,male,lower_extremity,Lower extremity,3,3,,False
milk10k,milk10k,images/ISIC_1960660.jpg,ISIC_1960660,sccka,g1684,dropped,none,1684,-1,unmapped_class:sccka,False,18b9248ddc6b6357,55.0,male,lower_extremity,Lower extremity,3,3,unmapped_class:sccka,False
milk10k,milk10k,images/ISIC_8223664.jpg,ISIC_8223664,akiec,g1685,external_test,none,1685,-1,,False,6c78769af6691807,70.0,female,head_neck_face,Head and neck,3,3,,False
milk10k,milk10k,images/ISIC_2482447.jpg,ISIC_2482447,bkl,g1686,external_test,none,1686,-1,,True,1cd6e71372182f87,75.0,male,trunk,Trunk,3,3,,False
milk10k,milk10k,images/ISIC_2891509.jpg,ISIC_2891509,bcc,g1687,external_test,none,1687,-1,,True,bdf8b89664483ba1,75.0,male,trunk,Trunk,3,3,,False
milk10k,milk10k,images/ISIC_4613924.jpg,ISIC_4613924,bcc,g1688,external_test,none,1688,-1,,False,270a596e5bd8a723,70.0,female,trunk,Trunk,3,3,,False
milk10k,milk10k,images/ISIC_6886883.jpg,ISIC_6886883,akiec,g1689,external_test,none,1689,-1,,False,7746991e611ac16f,65.0,female,head_neck_face,Head and neck,3,3,,False
milk10k,milk10k,images/ISIC_1285909.jpg,ISIC_1285909,bcc,g1690,external_test,none,1690,-1,,False,78aa95aa73aa26a9,70.0,female,trunk,Trunk,3,3,,False
milk10k,milk10k,images/ISIC_9262459.jpg,ISIC_9262459,bcc,g1691,external_test,none,1691,-1,,False,19ee629e3c595325,75.0,female,lower_extremity,Lower extremity,3,3,,False
milk10k,milk10k,images/ISIC_3268800.jpg,ISIC_3268800,mel,g1692,external_test,none,1692,-1,,True,c6991999317266cf,25.0,male,trunk,Trunk,3,3,,False
milk10k,milk10k,images/ISIC_8190843.jpg,ISIC_8190843,vasc,g1693,external_test,none,1693,-1,,True,881c73b19b934d6d,70.0,male,upper_extremity,Upper extremity,3,3,,False
milk10k,milk10k,images/ISIC_9693456.jpg,ISIC_9693456,mel,g1694,external_test,none,1694,-1,,False,934b3333adca6493,60.0,male,trunk,Trunk,4,4,,False
milk10k,milk10k,images/ISIC_9140116.jpg,ISIC_9140116,nv,g1695,external_test,none,1695,-1,,False,9dcc1e3460732dad,75.0,male,lower_extremity,Lower extremity,3,3,,False
milk10k,milk10k,images/ISIC_8657995.jpg,ISIC_8657995,bcc,g1696,external_test,none,1696,-1,,False,6bbf790934180f27,85.0,female,head_neck_face,Head and neck,3,3,,False
milk10k,milk10k,images/ISIC_7804815.jpg,ISIC_7804815,sccka,g1697,dropped,none,1697,-1,unmapped_class:sccka,False,4d242ea4d99e2f2b,85.0,male,head_neck_face,Head and neck,5 (lightest),5,unmapped_class:sccka,False
milk10k,milk10k,images/ISIC_6212964.jpg,ISIC_6212964,bcc,g1698,external_test,none,1698,-1,,True,fba270a0ef0d12ab,85.0,female,head_neck_face,Head and neck,2,2,,False
milk10k,milk10k,images/ISIC_5925439.jpg,ISIC_5925439,bcc,g1699,external_test,none,1699,-1,,False,357c7781442eba69,75.0,male,head_neck_face,Head and neck,4,4,,False
milk10k,milk10k,images/ISIC_7118545.jpg,ISIC_7118545,akiec,g1700,external_test,none,1700,-1,,False,1c1932b1c5c3477f,70.0,male,head_neck_face,Head and neck,0-1 (darkest),1,,False
milk10k,milk10k,images/ISIC_7379628.jpg,ISIC_7379628,bkl,g1701,external_test,none,1701,-1,,False,e593cd9953493427,60.0,male,lower_extremity,Lower extremity,3,3,,False
milk10k,milk10k,images/ISIC_5447057.jpg,ISIC_5447057,bcc,g1702,external_test,none,1702,-1,,False,1eeadb8c0ea871a3,50.0,male,upper_extremity,Upper extremity,3,3,,False
milk10k,milk10k,images/ISIC_6588395.jpg,ISIC_6588395,bcc,g1703,external_test,none,1703,-1,,True,67874f63198a6599,65.0,female,head_neck_face,Head and neck,3,3,,False
milk10k,milk10k,images/ISIC_9492928.jpg,ISIC_9492928,bcc,g1704,external_test,none,1704,-1,,False,3915f94a8f037197,55.0,male,head_neck_face,Head and neck,4,4,,False
milk10k,milk10k,images/ISIC_5607642.jpg,ISIC_5607642,bcc,g1705,external_test,none,1705,-1,,False,5fc6e3e80e1839a3,50.0,male,head_neck_face,Head and neck,3,3,,False
milk10k,milk10k,images/ISIC_5949139.jpg,ISIC_5949139,bcc,g1706,external_test,none,1706,-1,,False,cf5f0011caeeea61,70.0,male,trunk,Trunk,4,4,,False
milk10k,milk10k,images/ISIC_7393792.jpg,ISIC_7393792,sccka,g1707,dropped,none,1707,-1,unmapped_class:sccka,False,754eab1522c9f42d,65.0,male,upper_extremity,Upper extremity,4,4,unmapped_class:sccka,False
milk10k,milk10k,images/ISIC_0695322.jpg,ISIC_0695322,bcc,g1708,external_test,none,1708,-1,,True,fee649b2a392c829,75.0,male,lower_extremity,Lower extremity,3,3,,False
milk10k,milk10k,images/ISIC_1505022.jpg,ISIC_1505022,bcc,g1709,external_test,none,1709,-1,,False,1b33cb41d2c92c3f,40.0,female,trunk,Trunk,4,4,,False
milk10k,milk10k,images/ISIC_5055083.jpg,ISIC_5055083,nv,g1710,external_test,none,1710,-1,,False,2e64e3ac991966e5,70.0,male,trunk,Trunk,2,2,,False
milk10k,milk10k,images/ISIC_8327585.jpg,ISIC_8327585,akiec,g1711,external_test,none,1711,-1,,False,16934b7e9683f849,50.0,female,hand,Upper extremity,4,4,,False
milk10k,milk10k,images/ISIC_8704127.jpg,ISIC_8704127,bcc,g1712,external_test,none,1712,-1,,False,19922cc67398bd6b,70.0,female,head_neck_face,Head and neck,3,3,,False
milk10k,milk10k,images/ISIC_1545290.jpg,ISIC_1545290,bkl,g1713,external_test,none,1713,-1,,False,01aa2fb3e0495f3b,65.0,female,head_neck_face,Head and neck,3,3,,False
milk10k,milk10k,images/ISIC_3364269.jpg,ISIC_3364269,bcc,g1714,external_test,none,1714,-1,,False,f18b159a74ae452b,65.0,female,trunk,Trunk,4,4,,False
milk10k,milk10k,images/ISIC_3981911.jpg,ISIC_3981911,bcc,g1715,external_test,none,1715,-1,,False,614f7bacfad20321,75.0,male,upper_extremity,Upper extremity,3,3,,False
milk10k,milk10k,images/ISIC_6933572.jpg,ISIC_6933572,nv,g1716,external_test,none,1716,-1,,False,9a9ccc4e33b1cc4d,40.0,male,trunk,Trunk,2,2,,False
milk10k,milk10k,images/ISIC_8754259.jpg,ISIC_8754259,bcc,g1717,dropped,none,1717,-1,duplicate_of_ham10000,False,7133ccce3133c4cd,75.0,male,head_neck_face,Head and neck,0-1 (darkest),1,duplicate_of_ham10000,False
milk10k,milk10k,images/ISIC_0376752.jpg,ISIC_0376752,nv,g1718,external_test,none,1718,-1,,False,660ef1c40e33aced,45.0,male,head_neck_face,Head and neck,2,2,,False
milk10k,milk10k,images/ISIC_1215920.jpg,ISIC_1215920,bkl,g1719,external_test,none,1719,-1,,False,bfe8f6e087825701,75.0,female,lower_extremity,Lower extremity,3,3,,False
milk10k,milk10k,images/ISIC_4431113.jpg,ISIC_4431113,sccka,g1720,dropped,none,1720,-1,unmapped_class:sccka,False,a1aecf20b2aa66ab,75.0,female,head_neck_face,Head and neck,3,3,unmapped_class:sccka,False
milk10k,milk10k,images/ISIC_5053442.jpg,ISIC_5053442,bcc,g1721,external_test,none,1721,-1,,True,231bd46483b35f0f,75.0,male,head_neck_face,Head and neck,3,3,,False
milk10k,milk10k,images/ISIC_2571626.jpg,ISIC_2571626,bcc,g1722,external_test,none,1722,-1,,False,a147d44565a15e6f,70.0,male,head_neck_face,Head and neck,3,3,,False
milk10k,milk10k,images/ISIC_0612261.jpg,ISIC_0612261,bcc,g1723,external_test,none,1723,-1,,False,efeaf62aba804b01,80.0,female,head_neck_face,Head and neck,5 (lightest),5,,False
milk10k,milk10k,images/ISIC_7206020.jpg,ISIC_7206020,bcc,g1724,external_test,none,1724,-1,,False,b25e5f1e4394a989,70.0,female,upper_extremity,Upper extremity,3,3,,False
milk10k,milk10k,images/ISIC_0445960.jpg,ISIC_0445960,akiec,g1725,external_test,none,1725,-1,,True,cde4ed805b684f23,60.0,male,head_neck_face,Head and neck,3,3,,False
milk10k,milk10k,images/ISIC_8704436.jpg,ISIC_8704436,bcc,g1726,external_test,none,1726,-1,,False,bd2c8b666438bd23,50.0,female,trunk,Trunk,4,4,,False
milk10k,milk10k,images/ISIC_1606726.jpg,ISIC_1606726,bcc,g1727,external_test,none,1727,-1,,False,a789d16e2b91f149,70.0,female,head_neck_face,Head and neck,2,2,,False
milk10k,milk10k,images/ISIC_5133092.jpg,ISIC_5133092,bcc,g1728,external_test,none,1728,-1,,False,4d3619cb837b4d45,65.0,male,head_neck_face,Head and neck,2,2,,False
milk10k,milk10k,images/ISIC_5850185.jpg,ISIC_5850185,sccka,g1729,dropped,none,1729,-1,unmapped_class:sccka,False,b978e7c8a488cf83,85.0,male,hand,Upper extremity,3,3,unmapped_class:sccka,False
milk10k,milk10k,images/ISIC_9509837.jpg,ISIC_9509837,sccka,g1730,dropped,none,1730,-1,unmapped_class:sccka,False,26cce46ba6b49c59,70.0,male,trunk,Trunk,3,3,unmapped_class:sccka,False
milk10k,milk10k,images/ISIC_9592132.jpg,ISIC_9592132,bcc,g1731,external_test,none,1731,-1,,False,1cce9efc29618399,70.0,male,trunk,Trunk,3,3,,False
milk10k,milk10k,images/ISIC_3917176.jpg,ISIC_3917176,bcc,g1732,external_test,none,1732,-1,,False,39356d64379b8a45,65.0,male,trunk,Trunk,3,3,,False
milk10k,milk10k,images/ISIC_9286963.jpg,ISIC_9286963,bcc,g1733,external_test,none,1733,-1,,False,968a4b98d7a4798b,50.0,male,lower_extremity,Lower extremity,3,3,,False
milk10k,milk10k,images/ISIC_9101809.jpg,ISIC_9101809,inf,g1734,dropped,none,1734,-1,unmapped_class:inf,False,7d8c9c3c733251c3,60.0,male,trunk,Trunk,3,3,unmapped_class:inf,False
milk10k,milk10k,images/ISIC_7222742.jpg,ISIC_7222742,nv,g1735,external_test,none,1735,-1,,True,b80ecd1961f3878d,65.0,male,,,3,3,,False
milk10k,milk10k,images/ISIC_8079552.jpg,ISIC_8079552,bcc,g1736,external_test,none,1736,-1,,False,25a8528579dea771,55.0,male,trunk,Trunk,3,3,,False
milk10k,milk10k,images/ISIC_6162564.jpg,ISIC_6162564,bkl,g1737,external_test,none,1737,-1,,False,07b429f0676967a9,75.0,female,lower_extremity,Lower extremity,4,4,,False
milk10k,milk10k,images/ISIC_8137954.jpg,ISIC_8137954,bkl,g1738,external_test,none,1738,-1,,False,c7f8780e05cbe28b,55.0,female,trunk,Trunk,3,3,,False
milk10k,milk10k,images/ISIC_1132361.jpg,ISIC_1132361,bcc,g1739,external_test,none,1739,-1,,False,9c366d9c66ca9929,55.0,male,trunk,Trunk,3,3,,False
milk10k,milk10k,images/ISIC_3204093.jpg,ISIC_3204093,akiec,g1740,external_test,none,1740,-1,,False,887ebfe08fba0829,85.0,male,upper_extremity,Upper extremity,3,3,,False
milk10k,milk10k,images/ISIC_1916169.jpg,ISIC_1916169,mel,g1741,external_test,none,1741,-1,,True,0c33337ce3d3cc0d,55.0,male,trunk,Trunk,4,4,,False
milk10k,milk10k,images/ISIC_0918357.jpg,ISIC_0918357,bcc,g1742,external_test,none,1742,-1,,False,b958695ac7465aa3,50.0,male,lower_extremity,Lower extremity,4,4,,False
milk10k,milk10k,images/ISIC_7692882.jpg,ISIC_7692882,bcc,g1743,external_test,none,1743,-1,,False,8d39f1c30963f495,60.0,male,head_neck_face,Head and neck,0-1 (darkest),1,,False
milk10k,milk10k,images/ISIC_6796955.jpg,ISIC_6796955,inf,g1744,dropped,none,1744,-1,unmapped_class:inf,False,d2b8c6e4b1b285cb,45.0,female,head_neck_face,Head and neck,5 (lightest),5,unmapped_class:inf,False
milk10k,milk10k,images/ISIC_3336908.jpg,ISIC_3336908,mel,g1745,external_test,none,1745,-1,,False,c3e261e3a6c9191f,25.0,female,trunk,Trunk,3,3,,False
milk10k,milk10k,images/ISIC_9583399.jpg,ISIC_9583399,akiec,g1746,external_test,none,1746,-1,,False,e63638c8e5f68689,75.0,male,head_neck_face,Head and neck,3,3,,False
milk10k,milk10k,images/ISIC_9170556.jpg,ISIC_9170556,bcc,g1747,external_test,none,1747,-1,,False,fc616aeaa3a4bb01,60.0,male,trunk,Trunk,4,4,,False
milk10k,milk10k,images/ISIC_4278930.jpg,ISIC_4278930,nv,g1748,external_test,none,1748,-1,,False,c66c3b6662998c67,60.0,male,trunk,Trunk,4,4,,False
milk10k,milk10k,images/ISIC_3967417.jpg,ISIC_3967417,bcc,g1749,external_test,none,1749,-1,,False,bf92b32c698a7289,70.0,female,upper_extremity,Upper extremity,3,3,,False
milk10k,milk10k,images/ISIC_0723926.jpg,ISIC_0723926,akiec,g1750,external_test,none,1750,-1,,False,c9899c4376e3c38d,85.0,male,upper_extremity,Upper extremity,3,3,,False
milk10k,milk10k,images/ISIC_5811144.jpg,ISIC_5811144,bcc,g1751,external_test,none,1751,-1,,False,db789bda3e282c21,50.0,male,lower_extremity,Lower extremity,4,4,,False
milk10k,milk10k,images/ISIC_3658823.jpg,ISIC_3658823,bcc,g1752,external_test,none,1752,-1,,False,374ea526bc88aba9,65.0,female,trunk,Trunk,5 (lightest),5,,False
milk10k,milk10k,images/ISIC_5991571.jpg,ISIC_5991571,akiec,g1753,external_test,none,1753,-1,,False,6e6a2bb4639c94a3,55.0,male,head_neck_face,Head and neck,3,3,,False
milk10k,milk10k,images/ISIC_3420236.jpg,ISIC_3420236,bcc,g1754,external_test,none,1754,-1,,False,d63219baa6da4b25,60.0,female,upper_extremity,Upper extremity,5 (lightest),5,,False
milk10k,milk10k,images/ISIC_1184775.jpg,ISIC_1184775,mel,g1755,external_test,none,1755,-1,,False,3c72c63969a3960f,70.0,female,head_neck_face,Head and neck,3,3,,False
milk10k,milk10k,images/ISIC_9468404.jpg,ISIC_9468404,bcc,g1756,external_test,none,1756,-1,,False,c4b8b9c2ce3b3127,75.0,male,lower_extremity,Lower extremity,3,3,,False
milk10k,milk10k,images/ISIC_0929356.jpg,ISIC_0929356,bcc,g1757,external_test,none,1757,-1,,False,b927e4e00fd33465,55.0,male,trunk,Trunk,3,3,,False
milk10k,milk10k,images/ISIC_8102692.jpg,ISIC_8102692,bkl,g1758,external_test,none,1758,-1,,False,1bceb344e68999a9,40.0,male,head_neck_face,Head and neck,2,2,,False
milk10k,milk10k,images/ISIC_8882107.jpg,ISIC_8882107,bcc,g1759,external_test,none,1759,-1,,False,73e6978a492c87a3,60.0,male,trunk,Trunk,3,3,,False
milk10k,milk10k,images/ISIC_7656588.jpg,ISIC_7656588,sccka,g1760,dropped,none,1760,-1,unmapped_class:sccka,False,df94679c98225a8b,50.0,female,head_neck_face,Head and neck,4,4,unmapped_class:sccka,False
milk10k,milk10k,images/ISIC_3982759.jpg,ISIC_3982759,sccka,g1761,dropped,none,1761,-1,unmapped_class:sccka,False,d4b38f10b946acab,75.0,female,trunk,Trunk,3,3,unmapped_class:sccka,False
milk10k,milk10k,images/ISIC_6297552.jpg,ISIC_6297552,bcc,g1762,external_test,none,1762,-1,,False,8b6ae82a0faaaaab,70.0,female,upper_extremity,Upper extremity,3,3,,False
milk10k,milk10k,images/ISIC_7984223.jpg,ISIC_7984223,mel,g1763,external_test,none,1763,-1,,False,6683fc29ed3007a7,60.0,female,trunk,Trunk,3,3,,False
milk10k,milk10k,images/ISIC_1393233.jpg,ISIC_1393233,bkl,g1764,external_test,none,1764,-1,,False,7f8053aa6888addb,65.0,male,lower_extremity,Lower extremity,4,4,,False
milk10k,milk10k,images/ISIC_1600135.jpg,ISIC_1600135,bkl,g1765,external_test,none,1765,-1,,False,223b8bf43b33b609,70.0,female,head_neck_face,Head and neck,4,4,,False
milk10k,milk10k,images/ISIC_3361208.jpg,ISIC_3361208,bcc,g1766,external_test,none,1766,-1,,True,5143462cbdb3aa8f,25.0,male,upper_extremity,Upper extremity,3,3,,False
milk10k,milk10k,images/ISIC_9841903.jpg,ISIC_9841903,bcc,g1767,external_test,none,1767,-1,,False,fbc4b1c8118ab9ab,70.0,male,head_neck_face,Head and neck,5 (lightest),5,,False
milk10k,milk10k,images/ISIC_4478363.jpg,ISIC_4478363,mel,g1768,external_test,none,1768,-1,,False,c89916695b0ecce7,70.0,male,head_neck_face,Head and neck,3,3,,False
milk10k,milk10k,images/ISIC_0896718.jpg,ISIC_0896718,bkl,g1769,external_test,none,1769,-1,,False,2dc39c835029f7ad,60.0,female,head_neck_face,Head and neck,3,3,,False
milk10k,milk10k,images/ISIC_5820253.jpg,ISIC_5820253,akiec,g1770,external_test,none,1770,-1,,False,e94ecfc2275a3419,40.0,male,head_neck_face,Head and neck,3,3,,False
milk10k,milk10k,images/ISIC_8604662.jpg,ISIC_8604662,sccka,g1771,dropped,none,1771,-1,unmapped_class:sccka,False,6e36d92476cb3223,70.0,male,head_neck_face,Head and neck,4,4,unmapped_class:sccka,False
milk10k,milk10k,images/ISIC_1657319.jpg,ISIC_1657319,bcc,g1772,external_test,none,1772,-1,,False,eebec9243cc2e309,55.0,female,upper_extremity,Upper extremity,3,3,,False
milk10k,milk10k,images/ISIC_1064824.jpg,ISIC_1064824,nv,g1773,external_test,none,1773,-1,,False,26620e0b39b6aedd,50.0,female,head_neck_face,Head and neck,3,3,,False
milk10k,milk10k,images/ISIC_1009291.jpg,ISIC_1009291,mel,g1774,external_test,none,1774,-1,,True,e29a5aa9a5e1cc17,85.0,male,head_neck_face,Head and neck,3,3,,False
milk10k,milk10k,images/ISIC_4607582.jpg,ISIC_4607582,nv,g1775,external_test,none,1775,-1,,False,3319d96466999967,10.0,male,trunk,Trunk,3,3,,False
milk10k,milk10k,images/ISIC_1182214.jpg,ISIC_1182214,nv,g1776,external_test,none,1776,-1,,False,d8d83be2868364e7,35.0,female,trunk,Trunk,3,3,,False
milk10k,milk10k,images/ISIC_9199020.jpg,ISIC_9199020,bcc,g1777,external_test,none,1777,-1,,False,9f48f23873cae981,50.0,female,upper_extremity,Upper extremity,3,3,,False
milk10k,milk10k,images/ISIC_0886687.jpg,ISIC_0886687,mal_oth,g1778,dropped,none,1778,-1,unmapped_class:mal_oth,False,adb67d6c96486981,60.0,male,trunk,Trunk,3,3,unmapped_class:mal_oth,False
milk10k,milk10k,images/ISIC_9612761.jpg,ISIC_9612761,ben_oth,g1779,dropped,none,1779,-1,unmapped_class:ben_oth,False,f11259ce1f81a23f,85.0,male,head_neck_face,Head and neck,2,2,unmapped_class:ben_oth,False
milk10k,milk10k,images/ISIC_5431278.jpg,ISIC_5431278,bcc,g1780,external_test,none,1780,-1,,True,1431c9f2e95b638d,85.0,male,head_neck_face,Head and neck,3,3,,False
milk10k,milk10k,images/ISIC_5321479.jpg,ISIC_5321479,bcc,g1781,external_test,none,1781,-1,,False,3f229f2229cafb03,60.0,male,lower_extremity,Lower extremity,3,3,,False
milk10k,milk10k,images/ISIC_6943256.jpg,ISIC_6943256,df,g1782,external_test,none,1782,-1,,False,bd841330d9f31b0f,50.0,male,lower_extremity,Lower extremity,4,4,,False
milk10k,milk10k,images/ISIC_9986730.jpg,ISIC_9986730,bcc,g1783,external_test,none,1783,-1,,False,2c652d36d8ded681,65.0,male,upper_extremity,Upper extremity,4,4,,False
milk10k,milk10k,images/ISIC_3626191.jpg,ISIC_3626191,mel,g1784,external_test,none,1784,-1,,False,b123d3d329291e8f,75.0,male,trunk,Trunk,3,3,,False
milk10k,milk10k,images/ISIC_8868777.jpg,ISIC_8868777,bcc,g1785,external_test,none,1785,-1,,False,46a971b1cd1da719,85.0,male,head_neck_face,Head and neck,3,3,,False
milk10k,milk10k,images/ISIC_0135161.jpg,ISIC_0135161,bcc,g1786,external_test,none,1786,-1,,True,3d5e389e91b21ae1,65.0,female,trunk,Trunk,3,3,,False
milk10k,milk10k,images/ISIC_9212173.jpg,ISIC_9212173,bcc,g1787,external_test,none,1787,-1,,True,6da1b9e44a99922f,70.0,female,head_neck_face,Head and neck,3,3,,False
milk10k,milk10k,images/ISIC_8558562.jpg,ISIC_8558562,bcc,g1788,external_test,none,1788,-1,,False,971c4f547a693689,80.0,male,head_neck_face,Head and neck,3,3,,False
milk10k,milk10k,images/ISIC_8977962.jpg,ISIC_8977962,mel,g1789,external_test,none,1789,-1,,False,3cf17c43902b8b75,70.0,female,trunk,Trunk,2,2,,False
milk10k,milk10k,images/ISIC_5745824.jpg,ISIC_5745824,bkl,g1790,dropped,none,1790,-1,duplicate_of_ham10000,False,ac930ef17168d327,55.0,female,trunk,Trunk,3,3,duplicate_of_ham10000,False
milk10k,milk10k,images/ISIC_5387219.jpg,ISIC_5387219,mel,g1791,external_test,none,1791,-1,,False,763a26b18bc25f25,85.0,female,trunk,Trunk,3,3,,False
milk10k,milk10k,images/ISIC_7201198.jpg,ISIC_7201198,nv,g1792,external_test,none,1792,-1,,False,0ecc339cd91966e5,45.0,female,trunk,Trunk,4,4,,False
milk10k,milk10k,images/ISIC_8945348.jpg,ISIC_8945348,bcc,g1793,external_test,none,1793,-1,,False,dd250f4cb5496a27,65.0,male,head_neck_face,Head and neck,5 (lightest),5,,False
milk10k,milk10k,images/ISIC_4028370.jpg,ISIC_4028370,nv,g1794,external_test,none,1794,-1,,False,939e1c19c9f3660d,70.0,male,trunk,Trunk,2,2,,False
milk10k,milk10k,images/ISIC_3191687.jpg,ISIC_3191687,nv,g1795,external_test,none,1795,-1,,False,48a46cb9a64bd92f,70.0,male,upper_extremity,Upper extremity,2,2,,False
milk10k,milk10k,images/ISIC_0081055.jpg,ISIC_0081055,bcc,g1796,external_test,none,1796,-1,,False,fe3353d81d60e889,70.0,male,trunk,Trunk,3,3,,False
milk10k,milk10k,images/ISIC_9144877.jpg,ISIC_9144877,bkl,g1797,external_test,none,1797,-1,,False,6586167ca9a36657,50.0,male,trunk,Trunk,2,2,,False
milk10k,milk10k,images/ISIC_5607559.jpg,ISIC_5607559,akiec,g1798,external_test,none,1798,-1,,False,9a276cfc264b9923,75.0,female,lower_extremity,Lower extremity,3,3,,False
milk10k,milk10k,images/ISIC_1342857.jpg,ISIC_1342857,df,g1799,external_test,none,1799,-1,,True,b2ce9c330dd92c2d,65.0,male,upper_extremity,Upper extremity,3,3,,False
milk10k,milk10k,images/ISIC_2722338.jpg,ISIC_2722338,bcc,g1800,external_test,none,1800,-1,,True,fe88b34a668a8aad,55.0,female,foot,Lower extremity,4,4,,False
milk10k,milk10k,images/ISIC_7372500.jpg,ISIC_7372500,bkl,g1801,external_test,none,1801,-1,,True,764af33223aacca9,60.0,female,trunk,Trunk,3,3,,False
milk10k,milk10k,images/ISIC_9571815.jpg,ISIC_9571815,sccka,g1802,dropped,none,1802,-1,unmapped_class:sccka,False,39c66ee9621e6d03,75.0,male,lower_extremity,Lower extremity,3,3,unmapped_class:sccka,False
milk10k,milk10k,images/ISIC_1927934.jpg,ISIC_1927934,bcc,g1803,external_test,none,1803,-1,,False,410bdf9eda4a1e25,55.0,male,trunk,Trunk,3,3,,False
milk10k,milk10k,images/ISIC_2689339.jpg,ISIC_2689339,bcc,g1804,external_test,none,1804,-1,,False,394b7330090bf6f5,85.0,male,lower_extremity,Lower extremity,4,4,,False
milk10k,milk10k,images/ISIC_2747596.jpg,ISIC_2747596,bcc,g1805,external_test,none,1805,-1,,True,c61916e30e8bf875,60.0,male,head_neck_face,Head and neck,4,4,,False
milk10k,milk10k,images/ISIC_9098981.jpg,ISIC_9098981,bcc,g1806,external_test,none,1806,-1,,False,5e3c1a4626b11b6f,60.0,female,head_neck_face,Head and neck,2,2,,False
milk10k,milk10k,images/ISIC_3088055.jpg,ISIC_3088055,bcc,g1807,external_test,none,1807,-1,,True,7bf0e66244e2ed09,55.0,female,trunk,Trunk,3,3,,False
milk10k,milk10k,images/ISIC_0991616.jpg,ISIC_0991616,bkl,g1808,external_test,none,1808,-1,,False,b8c2190bc7e3c63d,65.0,female,lower_extremity,Lower extremity,5 (lightest),5,,False
milk10k,milk10k,images/ISIC_2883712.jpg,ISIC_2883712,bcc,g1809,external_test,none,1809,-1,,False,db9326ec1d83f209,85.0,male,lower_extremity,Lower extremity,3,3,,False
milk10k,milk10k,images/ISIC_3733902.jpg,ISIC_3733902,bcc,g1810,external_test,none,1810,-1,,False,27dcbc73c6233189,65.0,male,head_neck_face,Head and neck,3,3,,False
milk10k,milk10k,images/ISIC_8114137.jpg,ISIC_8114137,bcc,g1811,external_test,none,1811,-1,,False,d073b4cacf922ba1,60.0,male,trunk,Trunk,3,3,,False
milk10k,milk10k,images/ISIC_8366447.jpg,ISIC_8366447,nv,g1812,external_test,none,1812,-1,,False,589959992d699637,30.0,male,trunk,Trunk,5 (lightest),5,,False
milk10k,milk10k,images/ISIC_9002119.jpg,ISIC_9002119,bcc,g1813,external_test,none,1813,-1,,False,ffafe386b400700d,70.0,female,trunk,Trunk,3,3,,False
milk10k,milk10k,images/ISIC_1647421.jpg,ISIC_1647421,sccka,g1814,dropped,none,1814,-1,unmapped_class:sccka,False,7148f73ae6c608b9,80.0,male,foot,Lower extremity,3,3,unmapped_class:sccka,False
milk10k,milk10k,images/ISIC_0598073.jpg,ISIC_0598073,mel,g1815,external_test,none,1815,-1,,False,e6ba06393843cbad,55.0,male,trunk,Trunk,3,3,,False
milk10k,milk10k,images/ISIC_7251638.jpg,ISIC_7251638,bcc,g1816,external_test,none,1816,-1,,False,8f3c3dacc3441b39,55.0,male,lower_extremity,Lower extremity,3,3,,False
milk10k,milk10k,images/ISIC_1958859.jpg,ISIC_1958859,nv,g1817,external_test,none,1817,-1,,True,33194666319bd765,5.0,male,trunk,Trunk,0-1 (darkest),1,,False
milk10k,milk10k,images/ISIC_7951600.jpg,ISIC_7951600,sccka,g1818,dropped,none,1818,-1,unmapped_class:sccka,False,cbac7e82f388e823,75.0,male,trunk,Trunk,4,4,unmapped_class:sccka,False
milk10k,milk10k,images/ISIC_9025095.jpg,ISIC_9025095,bkl,g1819,external_test,none,1819,-1,,False,f362c00e2f4afca9,60.0,female,lower_extremity,Lower extremity,3,3,,False
milk10k,milk10k,images/ISIC_2621619.jpg,ISIC_2621619,bkl,g1820,external_test,none,1820,-1,,False,7acc56c9f088bd31,65.0,female,trunk,Trunk,3,3,,False
milk10k,milk10k,images/ISIC_8952365.jpg,ISIC_8952365,bcc,g1821,external_test,none,1821,-1,,False,35dae4f87413830f,70.0,female,head_neck_face,Head and neck,3,3,,False
milk10k,milk10k,images/ISIC_4061154.jpg,ISIC_4061154,bcc,g1822,external_test,none,1822,-1,,False,2d1adb6ac1d2ada1,45.0,female,trunk,Trunk,4,4,,False
milk10k,milk10k,images/ISIC_4554893.jpg,ISIC_4554893,bkl,g1823,external_test,none,1823,-1,,False,636827331603e9fd,55.0,male,trunk,Trunk,2,2,,False
milk10k,milk10k,images/ISIC_1845181.jpg,ISIC_1845181,sccka,g1824,dropped,none,1824,-1,unmapped_class:sccka,False,b3cc8e2e70030bfd,70.0,male,lower_extremity,Lower extremity,3,3,unmapped_class:sccka,False
milk10k,milk10k,images/ISIC_6469847.jpg,ISIC_6469847,bcc,g1825,external_test,none,1825,-1,,False,9167844e71b30f4f,50.0,female,head_neck_face,Head and neck,3,3,,False
milk10k,milk10k,images/ISIC_9442868.jpg,ISIC_9442868,akiec,g1826,external_test,none,1826,-1,,False,6e39331332d9cc47,75.0,male,head_neck_face,Head and neck,3,3,,False
milk10k,milk10k,images/ISIC_6171588.jpg,ISIC_6171588,bcc,g1827,external_test,none,1827,-1,,False,adda4472a49ccba3,70.0,male,trunk,Trunk,3,3,,False
milk10k,milk10k,images/ISIC_8446431.jpg,ISIC_8446431,akiec,g1828,external_test,none,1828,-1,,False,dcea7caabd806b01,85.0,male,head_neck_face,Head and neck,3,3,,False
milk10k,milk10k,images/ISIC_2698174.jpg,ISIC_2698174,sccka,g1829,dropped,none,1829,-1,unmapped_class:sccka,False,d39f7dc20c2a7191,85.0,male,head_neck_face,Head and neck,3,3,unmapped_class:sccka,False
milk10k,milk10k,images/ISIC_5867806.jpg,ISIC_5867806,bcc,g1830,external_test,none,1830,-1,,False,248abd8a578afd23,70.0,female,lower_extremity,Lower extremity,3,3,,False
milk10k,milk10k,images/ISIC_9084000.jpg,ISIC_9084000,bcc,g1831,external_test,none,1831,-1,,False,96c178844fb07eab,65.0,male,head_neck_face,Head and neck,3,3,,False
milk10k,milk10k,images/ISIC_6254946.jpg,ISIC_6254946,bcc,g1832,external_test,none,1832,-1,,False,9096b78a27a8fd83,55.0,male,trunk,Trunk,3,3,,False
milk10k,milk10k,images/ISIC_1621625.jpg,ISIC_1621625,bcc,g1833,external_test,none,1833,-1,,False,e40abaaab2aacda9,55.0,female,trunk,Trunk,3,3,,False
milk10k,milk10k,images/ISIC_4249004.jpg,ISIC_4249004,bcc,g1834,external_test,none,1834,-1,,False,c7fb49c8313a6c07,65.0,male,upper_extremity,Upper extremity,3,3,,False
milk10k,milk10k,images/ISIC_1424527.jpg,ISIC_1424527,bcc,g1835,external_test,none,1835,-1,,False,1ba63c86f156532b,55.0,male,trunk,Trunk,3,3,,False
milk10k,milk10k,images/ISIC_2459668.jpg,ISIC_2459668,nv,g1836,external_test,none,1836,-1,,False,c6ee9a243319ccc7,50.0,female,trunk,Trunk,3,3,,False
milk10k,milk10k,images/ISIC_5973129.jpg,ISIC_5973129,bcc,g1837,external_test,none,1837,-1,,False,1d073ce0a8f8e2f9,85.0,female,head_neck_face,Head and neck,5 (lightest),5,,False
milk10k,milk10k,images/ISIC_0106322.jpg,ISIC_0106322,nv,g1838,external_test,none,1838,-1,,True,5633dacc68b8a8e3,50.0,female,lower_extremity,Lower extremity,4,4,,False
milk10k,milk10k,images/ISIC_5728005.jpg,ISIC_5728005,sccka,g1839,dropped,none,1839,-1,unmapped_class:sccka,False,ad4b5983a6a8f2a3,65.0,male,trunk,Trunk,3,3,unmapped_class:sccka,False
milk10k,milk10k,images/ISIC_6651888.jpg,ISIC_6651888,bcc,g1840,external_test,none,1840,-1,,False,0de8e314df0371e3,65.0,female,upper_extremity,Upper extremity,3,3,,False
milk10k,milk10k,images/ISIC_3587674.jpg,ISIC_3587674,mel,g1841,external_test,none,1841,-1,,False,983cc19964f31f27,20.0,male,trunk,Trunk,2,2,,False
milk10k,milk10k,images/ISIC_5702669.jpg,ISIC_5702669,bcc,g1842,external_test,none,1842,-1,,False,f5ce391aae90d2a1,60.0,female,lower_extremity,Lower extremity,3,3,,False
milk10k,milk10k,images/ISIC_5967889.jpg,ISIC_5967889,bkl,g1843,external_test,none,1843,-1,,False,b1b03b9a47cb6c23,65.0,male,trunk,Trunk,4,4,,False
milk10k,milk10k,images/ISIC_4329526.jpg,ISIC_4329526,bkl,g1844,external_test,none,1844,-1,,True,abf0d15be44c1633,75.0,male,trunk,Trunk,4,4,,False
milk10k,milk10k,images/ISIC_1700871.jpg,ISIC_1700871,bkl,g1845,external_test,none,1845,-1,,False,30593b53d24ccf87,70.0,male,lower_extremity,Lower extremity,4,4,,False
milk10k,milk10k,images/ISIC_3313166.jpg,ISIC_3313166,bcc,g1846,external_test,none,1846,-1,,False,f32a368a2d23e70d,85.0,female,head_neck_face,Head and neck,3,3,,False
milk10k,milk10k,images/ISIC_4499650.jpg,ISIC_4499650,bkl,g1847,external_test,none,1847,-1,,False,19c966ee8911936f,50.0,male,lower_extremity,Lower extremity,3,3,,False
milk10k,milk10k,images/ISIC_5566200.jpg,ISIC_5566200,bcc,g1848,external_test,none,1848,-1,,False,37ec9576e698c221,60.0,male,foot,Lower extremity,5 (lightest),5,,False
milk10k,milk10k,images/ISIC_4180324.jpg,ISIC_4180324,nv,g1849,external_test,none,1849,-1,,False,64a5d31c99e16717,80.0,male,trunk,Trunk,2,2,,False
milk10k,milk10k,images/ISIC_9629029.jpg,ISIC_9629029,bcc,g1850,external_test,none,1850,-1,,False,6669cb0287e95c97,75.0,male,head_neck_face,Head and neck,3,3,,False
milk10k,milk10k,images/ISIC_0617272.jpg,ISIC_0617272,bcc,g1851,external_test,none,1851,-1,,False,3b9b99b02368876d,85.0,female,head_neck_face,Head and neck,3,3,,False
milk10k,milk10k,images/ISIC_2721277.jpg,ISIC_2721277,inf,g1852,dropped,none,1852,-1,unmapped_class:inf,False,586381b93dd3c257,70.0,male,lower_extremity,Lower extremity,5 (lightest),5,unmapped_class:inf,False
milk10k,milk10k,images/ISIC_2431538.jpg,ISIC_2431538,sccka,g1853,dropped,none,1853,-1,unmapped_class:sccka,False,df225192632b2aaf,60.0,male,lower_extremity,Lower extremity,4,4,unmapped_class:sccka,False
milk10k,milk10k,images/ISIC_9399207.jpg,ISIC_9399207,bcc,g1854,external_test,none,1854,-1,,False,63b55294d69e950b,55.0,male,head_neck_face,Head and neck,3,3,,False
milk10k,milk10k,images/ISIC_7425508.jpg,ISIC_7425508,sccka,g1855,dropped,none,1855,-1,unmapped_class:sccka,False,f8d11a53e07b1e85,60.0,male,lower_extremity,Lower extremity,3,3,unmapped_class:sccka,False
milk10k,milk10k,images/ISIC_3425683.jpg,ISIC_3425683,bkl,g1856,external_test,none,1856,-1,,False,9a7308337ce3c70d,55.0,female,trunk,Trunk,3,3,,False
milk10k,milk10k,images/ISIC_5640000.jpg,ISIC_5640000,ben_oth,g1857,dropped,none,1857,-1,unmapped_class:ben_oth,False,4c68ad065379df07,15.0,male,head_neck_face,Head and neck,3,3,unmapped_class:ben_oth,False
milk10k,milk10k,images/ISIC_6447813.jpg,ISIC_6447813,nv,g1858,external_test,none,1858,-1,,False,1d78735a76e8e881,15.0,female,trunk,Trunk,3,3,,False
milk10k,milk10k,images/ISIC_2273572.jpg,ISIC_2273572,sccka,g1859,dropped,none,1859,-1,unmapped_class:sccka,False,5913cde93c2e5691,80.0,male,head_neck_face,Head and neck,5 (lightest),5,unmapped_class:sccka,False
milk10k,milk10k,images/ISIC_1010358.jpg,ISIC_1010358,nv,g1860,external_test,none,1860,-1,,False,3126e68e4c59b3a7,35.0,female,trunk,Trunk,3,3,,False
milk10k,milk10k,images/ISIC_1163119.jpg,ISIC_1163119,akiec,g1861,external_test,none,1861,-1,,False,bcd06c42ef02cdab,75.0,male,head_neck_face,Head and neck,4,4,,False
milk10k,milk10k,images/ISIC_6347418.jpg,ISIC_6347418,bcc,g1862,external_test,none,1862,-1,,False,b63c599ee6b0d821,50.0,male,trunk,Trunk,3,3,,False
milk10k,milk10k,images/ISIC_2258930.jpg,ISIC_2258930,bkl,g1863,external_test,none,1863,-1,,False,4a639b84f45927e5,80.0,female,upper_extremity,Upper extremity,4,4,,False
milk10k,milk10k,images/ISIC_3344319.jpg,ISIC_3344319,bcc,g1864,external_test,none,1864,-1,,False,6f98e398685ad6a1,55.0,female,lower_extremity,Lower extremity,3,3,,False
milk10k,milk10k,images/ISIC_5715959.jpg,ISIC_5715959,bcc,g1865,external_test,none,1865,-1,,False,e144ed24bfd0de81,50.0,female,trunk,Trunk,3,3,,False
milk10k,milk10k,images/ISIC_7785676.jpg,ISIC_7785676,mel,g1866,external_test,none,1866,-1,,False,c3192c3697c979a5,40.0,female,head_neck_face,Head and neck,4,4,,False
milk10k,milk10k,images/ISIC_8251827.jpg,ISIC_8251827,bcc,g1867,external_test,none,1867,-1,,True,0d66c7519e86f629,65.0,female,lower_extremity,Lower extremity,3,3,,False
milk10k,milk10k,images/ISIC_7209964.jpg,ISIC_7209964,bcc,g1868,external_test,none,1868,-1,,False,7b0b8566f2b88723,55.0,female,head_neck_face,Head and neck,4,4,,False
milk10k,milk10k,images/ISIC_7544069.jpg,ISIC_7544069,nv,g1869,external_test,none,1869,-1,,False,0b5e08e93da946d7,60.0,male,trunk,Trunk,4,4,,False
milk10k,milk10k,images/ISIC_1484276.jpg,ISIC_1484276,bcc,g1870,external_test,none,1870,-1,,False,47d8d32ca5b87383,60.0,female,upper_extremity,Upper extremity,3,3,,False
milk10k,milk10k,images/ISIC_7841088.jpg,ISIC_7841088,nv,g1871,external_test,none,1871,-1,,False,4c5b33a6cc5932a7,40.0,male,trunk,Trunk,4,4,,False
milk10k,milk10k,images/ISIC_8041130.jpg,ISIC_8041130,bcc,g1872,external_test,none,1872,-1,,False,67640d96b3694787,60.0,male,trunk,Trunk,2,2,,False
milk10k,milk10k,images/ISIC_7206801.jpg,ISIC_7206801,sccka,g1873,dropped,none,1873,-1,unmapped_class:sccka,False,d4e42330ee6d5175,60.0,male,lower_extremity,Lower extremity,3,3,unmapped_class:sccka,False
milk10k,milk10k,images/ISIC_2753382.jpg,ISIC_2753382,mel,g1874,external_test,none,1874,-1,,False,7691331ac3d35c0f,50.0,male,lower_extremity,Lower extremity,3,3,,False
milk10k,milk10k,images/ISIC_9893445.jpg,ISIC_9893445,bkl,g1875,external_test,none,1875,-1,,False,e416774cc6795383,75.0,female,head_neck_face,Head and neck,3,3,,False
milk10k,milk10k,images/ISIC_5517500.jpg,ISIC_5517500,bcc,g1876,external_test,none,1876,-1,,True,64b446da4e38f8e3,55.0,male,trunk,Trunk,3,3,,False
milk10k,milk10k,images/ISIC_3045387.jpg,ISIC_3045387,bcc,g1877,external_test,none,1877,-1,,False,83647c9a6ecad323,70.0,female,trunk,Trunk,3,3,,False
milk10k,milk10k,images/ISIC_5246161.jpg,ISIC_5246161,bcc,g1878,external_test,none,1878,-1,,False,31fa8ea6b920f389,65.0,male,trunk,Trunk,3,3,,False
milk10k,milk10k,images/ISIC_6842565.jpg,ISIC_6842565,sccka,g1879,dropped,none,1879,-1,unmapped_class:sccka,False,fda8ea889b0ae4a3,80.0,male,head_neck_face,Head and neck,3,3,unmapped_class:sccka,False
milk10k,milk10k,images/ISIC_3343865.jpg,ISIC_3343865,akiec,g1880,external_test,none,1880,-1,,False,265bf04b1682faad,65.0,male,head_neck_face,Head and neck,2,2,,False
milk10k,milk10k,images/ISIC_0892888.jpg,ISIC_0892888,bcc,g1881,external_test,none,1881,-1,,False,c7523ec6e6a25929,65.0,male,trunk,Trunk,3,3,,False
milk10k,milk10k,images/ISIC_8559278.jpg,ISIC_8559278,nv,g1882,external_test,none,1882,-1,,False,cc5333668b932c6d,35.0,female,trunk,Trunk,3,3,,False
milk10k,milk10k,images/ISIC_3456998.jpg,ISIC_3456998,bcc,g1883,external_test,none,1883,-1,,False,386ba64d57732c85,80.0,male,head_neck_face,Head and neck,3,3,,False
milk10k,milk10k,images/ISIC_4072524.jpg,ISIC_4072524,bcc,g1884,external_test,none,1884,-1,,False,adeadd34cf82b201,65.0,male,trunk,Trunk,3,3,,False
milk10k,milk10k,images/ISIC_9815182.jpg,ISIC_9815182,bkl,g1885,external_test,none,1885,-1,,False,b39ad1734cc36c0d,60.0,male,trunk,Trunk,4,4,,False
milk10k,milk10k,images/ISIC_1385452.jpg,ISIC_1385452,bcc,g1886,external_test,none,1886,-1,,True,9e2ab7acc95015ab,50.0,male,upper_extremity,Upper extremity,3,3,,False
milk10k,milk10k,images/ISIC_1580681.jpg,ISIC_1580681,bcc,g1887,external_test,none,1887,-1,,False,38c67ceffc385801,50.0,male,head_neck_face,Head and neck,3,3,,False
milk10k,milk10k,images/ISIC_0199124.jpg,ISIC_0199124,akiec,g1888,external_test,none,1888,-1,,False,f6e8a37272328d49,65.0,female,upper_extremity,Upper extremity,3,3,,False
milk10k,milk10k,images/ISIC_7808755.jpg,ISIC_7808755,nv,g1889,external_test,none,1889,-1,,False,e3268c931c59f38d,10.0,female,lower_extremity,Lower extremity,4,4,,False
milk10k,milk10k,images/ISIC_1509648.jpg,ISIC_1509648,bcc,g1890,external_test,none,1890,-1,,False,4fe432d8e6a18967,80.0,male,trunk,Trunk,3,3,,False
milk10k,milk10k,images/ISIC_8385396.jpg,ISIC_8385396,bcc,g1891,external_test,none,1891,-1,,True,cb9a3ba65c894317,65.0,male,trunk,Trunk,3,3,,False
milk10k,milk10k,images/ISIC_6638374.jpg,ISIC_6638374,bkl,g1892,external_test,none,1892,-1,,True,4d822dbaf4a96b83,75.0,male,trunk,Trunk,2,2,,False
milk10k,milk10k,images/ISIC_2950662.jpg,ISIC_2950662,bcc,g1893,external_test,none,1893,-1,,False,c83f1c463073df29,60.0,female,upper_extremity,Upper extremity,3,3,,False
milk10k,milk10k,images/ISIC_5745120.jpg,ISIC_5745120,akiec,g1894,external_test,none,1894,-1,,False,05a9d8e50ed9d167,80.0,female,head_neck_face,Head and neck,4,4,,False
milk10k,milk10k,images/ISIC_5466448.jpg,ISIC_5466448,akiec,g1895,external_test,none,1895,-1,,False,72bada54b4b2a623,65.0,female,head_neck_face,Head and neck,3,3,,False
milk10k,milk10k,images/ISIC_7600337.jpg,ISIC_7600337,bcc,g1896,external_test,none,1896,-1,,False,1c78e7dac67a9803,60.0,female,trunk,Trunk,3,3,,False
milk10k,milk10k,images/ISIC_2916022.jpg,ISIC_2916022,bcc,g1897,external_test,none,1897,-1,,False,3c78e43ce46c9395,55.0,male,trunk,Trunk,4,4,,False
milk10k,milk10k,images/ISIC_6822533.jpg,ISIC_6822533,bcc,g1898,external_test,none,1898,-1,,False,2c33938c43d3bcad,45.0,male,trunk,Trunk,4,4,,False
milk10k,milk10k,images/ISIC_1009475.jpg,ISIC_1009475,nv,g1899,external_test,none,1899,-1,,False,867193495b2ba9b5,50.0,female,trunk,Trunk,3,3,,False
milk10k,milk10k,images/ISIC_8904388.jpg,ISIC_8904388,bcc,g1900,external_test,none,1900,-1,,True,2b131b65999346ed,55.0,male,trunk,Trunk,5 (lightest),5,,False
milk10k,milk10k,images/ISIC_6952812.jpg,ISIC_6952812,bcc,g1901,external_test,none,1901,-1,,True,54fafceaf2a0e801,75.0,male,trunk,Trunk,4,4,,False
milk10k,milk10k,images/ISIC_0163776.jpg,ISIC_0163776,bcc,g1902,external_test,none,1902,-1,,False,4d28fdac51339c8d,85.0,male,trunk,Trunk,3,3,,False
milk10k,milk10k,images/ISIC_6195452.jpg,ISIC_6195452,mel,g1903,external_test,none,1903,-1,,False,2cc678c3b833873d,80.0,female,trunk,Trunk,5 (lightest),5,,False
milk10k,milk10k,images/ISIC_2832798.jpg,ISIC_2832798,nv,g1904,external_test,none,1904,-1,,False,3066d69c4979b327,70.0,male,trunk,Trunk,3,3,,False
milk10k,milk10k,images/ISIC_5903611.jpg,ISIC_5903611,nv,g1905,external_test,none,1905,-1,,False,6d902753f153ac0f,45.0,female,trunk,Trunk,3,3,,False
milk10k,milk10k,images/ISIC_4156628.jpg,ISIC_4156628,nv,g1906,external_test,none,1906,-1,,False,4c33a6f33649998d,20.0,male,trunk,Trunk,3,3,,False
milk10k,milk10k,images/ISIC_6417102.jpg,ISIC_6417102,bcc,g1907,external_test,none,1907,-1,,True,b670d9366698d923,65.0,female,trunk,Trunk,3,3,,False
milk10k,milk10k,images/ISIC_6332308.jpg,ISIC_6332308,nv,g1908,external_test,none,1908,-1,,True,c338b9586963b43d,50.0,male,trunk,Trunk,3,3,,False
milk10k,milk10k,images/ISIC_8614640.jpg,ISIC_8614640,bcc,g1909,external_test,none,1909,-1,,False,8b06237ecdce3329,70.0,male,upper_extremity,Upper extremity,3,3,,False
milk10k,milk10k,images/ISIC_6954063.jpg,ISIC_6954063,mel,g1910,external_test,none,1910,-1,,False,a71c3cccc6b3390d,45.0,female,lower_extremity,Lower extremity,4,4,,False
milk10k,milk10k,images/ISIC_3822722.jpg,ISIC_3822722,bkl,g1911,external_test,none,1911,-1,,False,c346378eca941dab,70.0,female,trunk,Trunk,3,3,,False
milk10k,milk10k,images/ISIC_9297268.jpg,ISIC_9297268,nv,g1912,external_test,none,1912,-1,,False,323bec46313ad6c9,65.0,female,head_neck_face,Head and neck,3,3,,False
milk10k,milk10k,images/ISIC_2861892.jpg,ISIC_2861892,nv,g1913,external_test,none,1913,-1,,True,987963668e995965,85.0,male,trunk,Trunk,5 (lightest),5,,False
milk10k,milk10k,images/ISIC_9875968.jpg,ISIC_9875968,nv,g1914,external_test,none,1914,-1,,False,8ccc193433f3cd4d,25.0,female,trunk,Trunk,0-1 (darkest),1,,False
milk10k,milk10k,images/ISIC_1276590.jpg,ISIC_1276590,inf,g1915,dropped,none,1915,-1,unmapped_class:inf,False,6760c3b332994eab,65.0,male,head_neck_face,Head and neck,2,2,unmapped_class:inf,False
milk10k,milk10k,images/ISIC_6457249.jpg,ISIC_6457249,bcc,g1916,external_test,none,1916,-1,,False,5c0ff864669ab923,70.0,female,trunk,Trunk,3,3,,False
milk10k,milk10k,images/ISIC_9188713.jpg,ISIC_9188713,bcc,g1917,external_test,none,1917,-1,,True,995bfdca35e29021,60.0,male,lower_extremity,Lower extremity,3,3,,False
milk10k,milk10k,images/ISIC_7983538.jpg,ISIC_7983538,bcc,g1918,external_test,none,1918,-1,,True,899c664b3731d867,85.0,male,trunk,Trunk,3,3,,False
milk10k,milk10k,images/ISIC_8011910.jpg,ISIC_8011910,bcc,g1919,external_test,none,1919,-1,,True,0fc3a3d88da33729,85.0,female,trunk,Trunk,3,3,,False
milk10k,milk10k,images/ISIC_5089532.jpg,ISIC_5089532,nv,g1920,external_test,none,1920,-1,,False,1b595249e5293cd7,75.0,male,lower_extremity,Lower extremity,2,2,,False
milk10k,milk10k,images/ISIC_3788562.jpg,ISIC_3788562,bcc,g1921,external_test,none,1921,-1,,False,a30ed9f1350e7271,85.0,male,head_neck_face,Head and neck,5 (lightest),5,,False
milk10k,milk10k,images/ISIC_4155558.jpg,ISIC_4155558,bcc,g1922,external_test,none,1922,-1,,True,1ab27d4fe0b8cc0d,70.0,male,head_neck_face,Head and neck,4,4,,False
milk10k,milk10k,images/ISIC_8951479.jpg,ISIC_8951479,bcc,g1923,external_test,none,1923,-1,,False,cacab3e0d5a2278b,70.0,male,trunk,Trunk,3,3,,False
milk10k,milk10k,images/ISIC_0625197.jpg,ISIC_0625197,bcc,g1924,external_test,none,1924,-1,,False,f26a8b9cbcb8482b,60.0,male,trunk,Trunk,3,3,,False
milk10k,milk10k,images/ISIC_2498820.jpg,ISIC_2498820,nv,g1925,external_test,none,1925,-1,,False,63196a598d6bb507,30.0,male,trunk,Trunk,4,4,,False
milk10k,milk10k,images/ISIC_6538108.jpg,ISIC_6538108,nv,g1926,external_test,none,1926,-1,,False,3c1ca3b2d6c92937,55.0,male,trunk,Trunk,3,3,,False
milk10k,milk10k,images/ISIC_2312468.jpg,ISIC_2312468,bkl,g1927,external_test,none,1927,-1,,False,daa23b4c359833ab,55.0,male,trunk,Trunk,3,3,,False
milk10k,milk10k,images/ISIC_3846256.jpg,ISIC_3846256,bcc,g1928,dropped,none,1928,-1,duplicate_of_ham10000,False,f6a41ce3b4d807c3,75.0,male,head_neck_face,Head and neck,3,3,duplicate_of_ham10000,False
milk10k,milk10k,images/ISIC_9896110.jpg,ISIC_9896110,bcc,g1929,external_test,none,1929,-1,,False,8964663e999bc467,75.0,male,trunk,Trunk,2,2,,False
milk10k,milk10k,images/ISIC_6898183.jpg,ISIC_6898183,nv,g1930,external_test,none,1930,-1,,True,39324ccc3333cdcd,55.0,female,upper_extremity,Upper extremity,2,2,,False
milk10k,milk10k,images/ISIC_4310441.jpg,ISIC_4310441,akiec,g1931,external_test,none,1931,-1,,True,a602c9d2b8ee7729,70.0,female,lower_extremity,Lower extremity,4,4,,False
milk10k,milk10k,images/ISIC_4019827.jpg,ISIC_4019827,bcc,g1932,external_test,none,1932,-1,,False,e78e131e3394686b,70.0,male,lower_extremity,Lower extremity,4,4,,False
milk10k,milk10k,images/ISIC_2000821.jpg,ISIC_2000821,nv,g1933,dropped,none,1933,-1,duplicate_of_ham10000,False,99d961cc1933c6cd,30.0,female,trunk,Trunk,4,4,duplicate_of_ham10000,False
milk10k,milk10k,images/ISIC_0397332.jpg,ISIC_0397332,sccka,g1934,dropped,none,1934,-1,unmapped_class:sccka,False,3becd61e1a49e981,60.0,female,trunk,Trunk,3,3,unmapped_class:sccka,False
milk10k,milk10k,images/ISIC_2061756.jpg,ISIC_2061756,nv,g1935,dropped,none,1935,-1,duplicate_of_ham10000,False,9cb03d5352c9e627,60.0,female,lower_extremity,Lower extremity,4,4,duplicate_of_ham10000,False
milk10k,milk10k,images/ISIC_5787263.jpg,ISIC_5787263,bcc,g1936,external_test,none,1936,-1,,True,9d19c866449bb92f,70.0,male,trunk,Trunk,3,3,,False
milk10k,milk10k,images/ISIC_4090560.jpg,ISIC_4090560,bcc,g1937,external_test,none,1937,-1,,False,0e2ebb9c7d734089,65.0,male,upper_extremity,Upper extremity,3,3,,False
milk10k,milk10k,images/ISIC_5564889.jpg,ISIC_5564889,bcc,g1938,external_test,none,1938,-1,,False,7926c48cb9b3c365,80.0,male,trunk,Trunk,3,3,,False
milk10k,milk10k,images/ISIC_5795242.jpg,ISIC_5795242,bcc,g1939,external_test,none,1939,-1,,False,966af22eb31ae823,65.0,female,trunk,Trunk,4,4,,False
milk10k,milk10k,images/ISIC_3633147.jpg,ISIC_3633147,akiec,g1940,external_test,none,1940,-1,,False,e69162b0985b98fd,55.0,male,upper_extremity,Upper extremity,3,3,,False
milk10k,milk10k,images/ISIC_7974235.jpg,ISIC_7974235,nv,g1941,external_test,none,1941,-1,,False,6fecb043e4230ced,10.0,female,lower_extremity,Lower extremity,3,3,,False
milk10k,milk10k,images/ISIC_6936754.jpg,ISIC_6936754,bcc,g1942,external_test,none,1942,-1,,True,d6c0976c689a9fa1,75.0,female,lower_extremity,Lower extremity,3,3,,False
milk10k,milk10k,images/ISIC_1151059.jpg,ISIC_1151059,mel,g1943,external_test,none,1943,-1,,True,9ed8f4780fa0b983,55.0,male,trunk,Trunk,2,2,,False
milk10k,milk10k,images/ISIC_5169938.jpg,ISIC_5169938,bcc,g1944,external_test,none,1944,-1,,False,adaec73a9628618b,60.0,male,upper_extremity,Upper extremity,3,3,,False
milk10k,milk10k,images/ISIC_1170330.jpg,ISIC_1170330,bcc,g1945,external_test,none,1945,-1,,True,c6ca0b36c6d89ba3,50.0,female,trunk,Trunk,3,3,,False
milk10k,milk10k,images/ISIC_0831898.jpg,ISIC_0831898,mel,g1946,external_test,none,1946,-1,,False,5c5c6393d3791c0d,60.0,male,trunk,Trunk,2,2,,False
milk10k,milk10k,images/ISIC_3539413.jpg,ISIC_3539413,nv,g1947,external_test,none,1947,-1,,True,d99e31ce46b29361,55.0,male,trunk,Trunk,3,3,,False
milk10k,milk10k,images/ISIC_5469861.jpg,ISIC_5469861,sccka,g1948,dropped,none,1948,-1,unmapped_class:sccka,False,ec3b8f8a872a18ab,60.0,male,head_neck_face,Head and neck,3,3,unmapped_class:sccka,False
milk10k,milk10k,images/ISIC_1006756.jpg,ISIC_1006756,mel,g1949,external_test,none,1949,-1,,False,e6990e383cd39b0d,50.0,male,trunk,Trunk,2,2,,False
milk10k,milk10k,images/ISIC_7812484.jpg,ISIC_7812484,vasc,g1950,dropped,none,1950,-1,duplicate_of_ham10000,False,8ecc199be3731c0d,45.0,female,lower_extremity,Lower extremity,5 (lightest),5,duplicate_of_ham10000,False
milk10k,milk10k,images/ISIC_6362082.jpg,ISIC_6362082,bcc,g1951,external_test,none,1951,-1,,True,66a9e6a4cca6994b,70.0,male,trunk,Trunk,4,4,,False
milk10k,milk10k,images/ISIC_0561102.jpg,ISIC_0561102,bcc,g1952,external_test,none,1952,-1,,False,edb4b1a4d45a4b83,65.0,male,lower_extremity,Lower extremity,4,4,,False
milk10k,milk10k,images/ISIC_9319124.jpg,ISIC_9319124,bcc,g1953,external_test,none,1953,-1,,False,359742b68dca7721,65.0,male,head_neck_face,Head and neck,3,3,,False
milk10k,milk10k,images/ISIC_1386430.jpg,ISIC_1386430,bcc,g1954,external_test,none,1954,-1,,False,ef6ad2e6271222a9,75.0,male,head_neck_face,Head and neck,3,3,,False
milk10k,milk10k,images/ISIC_4889822.jpg,ISIC_4889822,bcc,g1955,external_test,none,1955,-1,,False,01385f5ee6da58a3,55.0,male,trunk,Trunk,3,3,,False
milk10k,milk10k,images/ISIC_1595205.jpg,ISIC_1595205,bcc,g1956,external_test,none,1956,-1,,False,d9b4248eee589b43,85.0,female,trunk,Trunk,3,3,,False
milk10k,milk10k,images/ISIC_5185588.jpg,ISIC_5185588,bcc,g1957,external_test,none,1957,-1,,False,6936a4c45919e7c7,65.0,female,head_neck_face,Head and neck,3,3,,False
milk10k,milk10k,images/ISIC_0644224.jpg,ISIC_0644224,ben_oth,g1958,dropped,none,1958,-1,unmapped_class:ben_oth,False,31939339c9e1661f,75.0,male,trunk,Trunk,2,2,unmapped_class:ben_oth,False
milk10k,milk10k,images/ISIC_8501407.jpg,ISIC_8501407,bcc,g1959,external_test,none,1959,-1,,False,990dc351d7d10e1f,65.0,male,head_neck_face,Head and neck,3,3,,False
milk10k,milk10k,images/ISIC_5595298.jpg,ISIC_5595298,bcc,g1960,external_test,none,1960,-1,,False,b38dc8701a5367ab,65.0,female,head_neck_face,Head and neck,2,2,,False
milk10k,milk10k,images/ISIC_4710855.jpg,ISIC_4710855,sccka,g1961,dropped,none,1961,-1,unmapped_class:sccka,False,5554d5d5aacaa529,80.0,female,upper_extremity,Upper extremity,4,4,unmapped_class:sccka,False
milk10k,milk10k,images/ISIC_5070221.jpg,ISIC_5070221,vasc,g1962,external_test,none,1962,-1,,False,78f8cccc3330f18b,70.0,female,upper_extremity,Upper extremity,3,3,,False
milk10k,milk10k,images/ISIC_3217005.jpg,ISIC_3217005,bcc,g1963,external_test,none,1963,-1,,False,646438ee66d2d62b,80.0,female,head_neck_face,Head and neck,4,4,,False
milk10k,milk10k,images/ISIC_9713038.jpg,ISIC_9713038,bkl,g1964,external_test,none,1964,-1,,False,0826f9bc8783ecab,75.0,male,lower_extremity,Lower extremity,3,3,,False
milk10k,milk10k,images/ISIC_6919219.jpg,ISIC_6919219,bcc,g1965,external_test,none,1965,-1,,False,83361c7374cba62d,80.0,male,head_neck_face,Head and neck,4,4,,False
milk10k,milk10k,images/ISIC_9316861.jpg,ISIC_9316861,bcc,g1966,external_test,none,1966,-1,,True,ed63733224d80dab,60.0,female,head_neck_face,Head and neck,3,3,,False
milk10k,milk10k,images/ISIC_1136259.jpg,ISIC_1136259,sccka,g1967,dropped,none,1967,-1,unmapped_class:sccka,False,94a8330bf4a94b5f,75.0,female,trunk,Trunk,4,4,unmapped_class:sccka,False
milk10k,milk10k,images/ISIC_1901212.jpg,ISIC_1901212,bcc,g1968,external_test,none,1968,-1,,True,52a28faaf3234f89,60.0,female,upper_extremity,Upper extremity,3,3,,False
milk10k,milk10k,images/ISIC_2441019.jpg,ISIC_2441019,bkl,g1969,external_test,none,1969,-1,,False,7c72d4de0468f9a1,60.0,male,trunk,Trunk,5 (lightest),5,,False
milk10k,milk10k,images/ISIC_7603703.jpg,ISIC_7603703,nv,g1970,external_test,none,1970,-1,,False,49b63649cb4b68b5,55.0,male,upper_extremity,Upper extremity,4,4,,False
milk10k,milk10k,images/ISIC_4325233.jpg,ISIC_4325233,bcc,g1971,external_test,none,1971,-1,,False,5b594aa691994b67,65.0,female,upper_extremity,Upper extremity,3,3,,False
milk10k,milk10k,images/ISIC_4049057.jpg,ISIC_4049057,bcc,g1972,external_test,none,1972,-1,,False,94cc9438a9767d2b,60.0,female,lower_extremity,Lower extremity,3,3,,False
milk10k,milk10k,images/ISIC_8972926.jpg,ISIC_8972926,nv,g1973,external_test,none,1973,-1,,False,663d769996c34925,45.0,male,trunk,Trunk,4,4,,False
milk10k,milk10k,images/ISIC_1538553.jpg,ISIC_1538553,mel,g1974,external_test,none,1974,-1,,True,36893479d3e3089f,80.0,male,head_neck_face,Head and neck,2,2,,False
milk10k,milk10k,images/ISIC_4022483.jpg,ISIC_4022483,nv,g1975,dropped,none,1975,-1,duplicate_of_ham10000,False,d9196cce93314ccd,40.0,female,trunk,Trunk,3,3,duplicate_of_ham10000,False
milk10k,milk10k,images/ISIC_7194453.jpg,ISIC_7194453,mal_oth,g1976,dropped,none,1976,-1,unmapped_class:mal_oth,False,95ae68984d69ba27,75.0,male,trunk,Trunk,3,3,unmapped_class:mal_oth,False
milk10k,milk10k,images/ISIC_1028789.jpg,ISIC_1028789,bcc,g1977,external_test,none,1977,-1,,True,381cfc5527875879,80.0,female,trunk,Trunk,3,3,,False
milk10k,milk10k,images/ISIC_0725065.jpg,ISIC_0725065,sccka,g1978,dropped,none,1978,-1,unmapped_class:sccka,False,9980cacaba3a2be7,65.0,female,lower_extremity,Lower extremity,3,3,unmapped_class:sccka,False
milk10k,milk10k,images/ISIC_9026951.jpg,ISIC_9026951,sccka,g1979,dropped,none,1979,-1,unmapped_class:sccka,False,ceb287193b64d383,60.0,female,upper_extremity,Upper extremity,3,3,unmapped_class:sccka,False
milk10k,milk10k,images/ISIC_6973783.jpg,ISIC_6973783,nv,g1980,external_test,none,1980,-1,,False,9938d9d947692687,50.0,male,lower_extremity,Lower extremity,5 (lightest),5,,False
milk10k,milk10k,images/ISIC_3678654.jpg,ISIC_3678654,akiec,g1981,external_test,none,1981,-1,,False,499126369cdb63a7,65.0,female,lower_extremity,Lower extremity,3,3,,False
milk10k,milk10k,images/ISIC_9987696.jpg,ISIC_9987696,bcc,g1982,external_test,none,1982,-1,,False,f0f6b3c62c38c18b,80.0,male,trunk,Trunk,3,3,,False
milk10k,milk10k,images/ISIC_0540953.jpg,ISIC_0540953,mel,g1983,external_test,none,1983,-1,,False,d2ceba123589df03,60.0,male,trunk,Trunk,2,2,,False
milk10k,milk10k,images/ISIC_4668708.jpg,ISIC_4668708,bcc,g1984,external_test,none,1984,-1,,False,69999d5a7331cc83,65.0,male,head_neck_face,Head and neck,4,4,,False
milk10k,milk10k,images/ISIC_6775433.jpg,ISIC_6775433,bcc,g1985,external_test,none,1985,-1,,False,d9433e5c3be9c601,75.0,male,trunk,Trunk,3,3,,False
milk10k,milk10k,images/ISIC_1830722.jpg,ISIC_1830722,bcc,g1986,external_test,none,1986,-1,,False,165c12b94f3bd4a5,55.0,male,head_neck_face,Head and neck,3,3,,False
milk10k,milk10k,images/ISIC_9265386.jpg,ISIC_9265386,bcc,g1987,external_test,none,1987,-1,,False,5350c4147da8f9bb,85.0,male,head_neck_face,Head and neck,3,3,,False
milk10k,milk10k,images/ISIC_5077872.jpg,ISIC_5077872,bcc,g1988,external_test,none,1988,-1,,False,0e80d90cbce1eb3f,75.0,male,head_neck_face,Head and neck,4,4,,False
milk10k,milk10k,images/ISIC_4735258.jpg,ISIC_4735258,sccka,g1989,dropped,none,1989,-1,unmapped_class:sccka,False,841ed9fa6e9494a9,65.0,female,head_neck_face,Head and neck,3,3,unmapped_class:sccka,False
milk10k,milk10k,images/ISIC_6875256.jpg,ISIC_6875256,bcc,g1990,external_test,none,1990,-1,,False,7ee62658e1a21ea9,50.0,female,trunk,Trunk,3,3,,False
milk10k,milk10k,images/ISIC_3197211.jpg,ISIC_3197211,mel,g1991,external_test,none,1991,-1,,True,9bc3648c3333c9cd,30.0,female,upper_extremity,Upper extremity,2,2,,False
milk10k,milk10k,images/ISIC_4291049.jpg,ISIC_4291049,bcc,g1992,external_test,none,1992,-1,,False,59295b6af5c6c603,35.0,male,head_neck_face,Head and neck,3,3,,False
milk10k,milk10k,images/ISIC_1472934.jpg,ISIC_1472934,nv,g1993,external_test,none,1993,-1,,False,c3246cb29e797187,30.0,female,lower_extremity,Lower extremity,3,3,,False
milk10k,milk10k,images/ISIC_8690116.jpg,ISIC_8690116,nv,g1994,external_test,none,1994,-1,,False,eba9cea1ec83a20d,20.0,female,trunk,Trunk,3,3,,False
milk10k,milk10k,images/ISIC_2031105.jpg,ISIC_2031105,sccka,g1995,dropped,none,1995,-1,unmapped_class:sccka,False,23c9b97e495873a1,70.0,male,head_neck_face,Head and neck,5 (lightest),5,unmapped_class:sccka,False
milk10k,milk10k,images/ISIC_7997862.jpg,ISIC_7997862,bcc,g1996,external_test,none,1996,-1,,False,261dbdbc3942ac2b,55.0,male,trunk,Trunk,4,4,,False
milk10k,milk10k,images/ISIC_5050587.jpg,ISIC_5050587,sccka,g1997,dropped,none,1997,-1,unmapped_class:sccka,False,2b9bca6e2e8988ad,85.0,male,head_neck_face,Head and neck,2,2,unmapped_class:sccka,False
milk10k,milk10k,images/ISIC_3515780.jpg,ISIC_3515780,nv,g1998,external_test,none,1998,-1,,False,b236e3860cc9f327,35.0,male,trunk,Trunk,3,3,,False
milk10k,milk10k,images/ISIC_5638800.jpg,ISIC_5638800,bcc,g1999,external_test,none,1999,-1,,False,8e0ec38bac67b18d,50.0,female,trunk,Trunk,2,2,,False
milk10k,milk10k,images/ISIC_6590453.jpg,ISIC_6590453,bkl,g2000,external_test,none,2000,-1,,False,9921f2acd7a16857,80.0,male,head_neck_face,Head and neck,2,2,,False
milk10k,milk10k,images/ISIC_6583245.jpg,ISIC_6583245,nv,g2001,external_test,none,2001,-1,,False,bc963398d369cc07,45.0,male,trunk,Trunk,2,2,,False
milk10k,milk10k,images/ISIC_6435462.jpg,ISIC_6435462,bcc,g2002,external_test,none,2002,-1,,True,a3a7ad980aea4b1b,85.0,male,head_neck_face,Head and neck,5 (lightest),5,,False
milk10k,milk10k,images/ISIC_0971123.jpg,ISIC_0971123,bcc,g2003,external_test,none,2003,-1,,False,bc8a38738e72c789,75.0,male,lower_extremity,Lower extremity,3,3,,False
milk10k,milk10k,images/ISIC_4482349.jpg,ISIC_4482349,mel,g2004,external_test,none,2004,-1,,False,0c931479a6d9e70f,55.0,male,head_neck_face,Head and neck,4,4,,False
milk10k,milk10k,images/ISIC_4596353.jpg,ISIC_4596353,bcc,g2005,external_test,none,2005,-1,,False,dcae8e835ba0b50b,75.0,female,lower_extremity,Lower extremity,3,3,,False
milk10k,milk10k,images/ISIC_4101918.jpg,ISIC_4101918,bcc,g2006,external_test,none,2006,-1,,False,f49cc4f1ce42d09b,65.0,male,head_neck_face,Head and neck,5 (lightest),5,,False
milk10k,milk10k,images/ISIC_6735110.jpg,ISIC_6735110,akiec,g2007,external_test,none,2007,-1,,True,57d0d5525f0076ab,75.0,male,lower_extremity,Lower extremity,3,3,,False
milk10k,milk10k,images/ISIC_1746893.jpg,ISIC_1746893,bcc,g2008,external_test,none,2008,-1,,False,33460433e3b39ecd,70.0,male,head_neck_face,Head and neck,3,3,,False
milk10k,milk10k,images/ISIC_7994643.jpg,ISIC_7994643,sccka,g2009,dropped,none,2009,-1,unmapped_class:sccka,False,156de5545c1335ab,65.0,male,lower_extremity,Lower extremity,3,3,unmapped_class:sccka,False
milk10k,milk10k,images/ISIC_2410311.jpg,ISIC_2410311,bcc,g2010,external_test,none,2010,-1,,False,33aa9ba25baae883,55.0,male,head_neck_face,Head and neck,3,3,,False
milk10k,milk10k,images/ISIC_4120304.jpg,ISIC_4120304,bkl,g2011,external_test,none,2011,-1,,False,e7663d98a8a3d229,75.0,male,trunk,Trunk,2,2,,False
milk10k,milk10k,images/ISIC_1739633.jpg,ISIC_1739633,bkl,g2012,external_test,none,2012,-1,,False,6c9436094d39b3e7,85.0,male,trunk,Trunk,4,4,,False
milk10k,milk10k,images/ISIC_4608930.jpg,ISIC_4608930,bcc,g2013,external_test,none,2013,-1,,False,dbe8c322fb2a4e21,60.0,male,lower_extremity,Lower extremity,3,3,,False
milk10k,milk10k,images/ISIC_5092532.jpg,ISIC_5092532,nv,g2014,dropped,none,2014,-1,duplicate_of_ham10000,False,9c930f72d3e9290d,30.0,male,head_neck_face,Head and neck,4,4,duplicate_of_ham10000,False
milk10k,milk10k,images/ISIC_3861361.jpg,ISIC_3861361,nv,g2015,external_test,none,2015,-1,,False,5cf8034e788307fd,35.0,female,trunk,Trunk,3,3,,False
milk10k,milk10k,images/ISIC_1962329.jpg,ISIC_1962329,df,g2016,external_test,none,2016,-1,,False,5139d1b24dc3a32f,60.0,male,upper_extremity,Upper extremity,4,4,,False
milk10k,milk10k,images/ISIC_9685756.jpg,ISIC_9685756,sccka,g2017,dropped,none,2017,-1,unmapped_class:sccka,False,ab79e8c98963283d,60.0,female,lower_extremity,Lower extremity,5 (lightest),5,unmapped_class:sccka,False
milk10k,milk10k,images/ISIC_8096488.jpg,ISIC_8096488,bcc,g2018,external_test,none,2018,-1,,False,5e071a4f14fef409,75.0,female,lower_extremity,Lower extremity,5 (lightest),5,,False
milk10k,milk10k,images/ISIC_6705073.jpg,ISIC_6705073,bcc,g2019,external_test,none,2019,-1,,False,c71838a38ecb473d,70.0,male,head_neck_face,Head and neck,2,2,,False
milk10k,milk10k,images/ISIC_7174859.jpg,ISIC_7174859,nv,g2020,external_test,none,2020,-1,,True,1993bc8b3c33634d,5.0,female,upper_extremity,Upper extremity,4,4,,False
milk10k,milk10k,images/ISIC_1541840.jpg,ISIC_1541840,bkl,g2021,external_test,none,2021,-1,,False,8b19634eec38b5c3,65.0,male,head_neck_face,Head and neck,3,3,,False
milk10k,milk10k,images/ISIC_1115156.jpg,ISIC_1115156,akiec,g2022,external_test,none,2022,-1,,True,640edbbb1dc8a9a1,80.0,female,trunk,Trunk,4,4,,False
milk10k,milk10k,images/ISIC_9639067.jpg,ISIC_9639067,bcc,g2023,external_test,none,2023,-1,,False,3c189f42e5f8760b,65.0,male,upper_extremity,Upper extremity,3,3,,False
milk10k,milk10k,images/ISIC_1070485.jpg,ISIC_1070485,bcc,g2024,external_test,none,2024,-1,,False,da343d29431bb627,60.0,female,head_neck_face,Head and neck,3,3,,False
milk10k,milk10k,images/ISIC_4380499.jpg,ISIC_4380499,bkl,g2025,external_test,none,2025,-1,,False,991b99d8a9a16637,85.0,male,trunk,Trunk,4,4,,False
milk10k,milk10k,images/ISIC_6043617.jpg,ISIC_6043617,df,g2026,dropped,none,2026,-1,duplicate_of_ham10000,False,3c660e1b3343c9bd,55.0,female,upper_extremity,Upper extremity,4,4,duplicate_of_ham10000,False
milk10k,milk10k,images/ISIC_1441039.jpg,ISIC_1441039,nv,g2027,external_test,none,2027,-1,,False,33999b18c97326cd,35.0,female,trunk,Trunk,3,3,,False
milk10k,milk10k,images/ISIC_7370552.jpg,ISIC_7370552,bcc,g2028,external_test,none,2028,-1,,False,191ef1f8cc3113cd,40.0,female,head_neck_face,Head and neck,3,3,,False
milk10k,milk10k,images/ISIC_8120902.jpg,ISIC_8120902,akiec,g2029,external_test,none,2029,-1,,True,5e2e3869ee94c50b,70.0,male,lower_extremity,Lower extremity,3,3,,False
milk10k,milk10k,images/ISIC_4927149.jpg,ISIC_4927149,nv,g2030,external_test,none,2030,-1,,False,1b2ed93466698997,60.0,female,head_neck_face,Head and neck,5 (lightest),5,,False
milk10k,milk10k,images/ISIC_5993743.jpg,ISIC_5993743,nv,g2031,external_test,none,2031,-1,,False,69b3a9c99521525f,65.0,male,lower_extremity,Lower extremity,3,3,,False
milk10k,milk10k,images/ISIC_9426065.jpg,ISIC_9426065,bcc,g2032,external_test,none,2032,-1,,False,1c86c7bcb0586fa3,50.0,male,trunk,Trunk,3,3,,False
milk10k,milk10k,images/ISIC_4315074.jpg,ISIC_4315074,df,g2033,external_test,none,2033,-1,,False,754e2d3a4cc3b439,60.0,male,lower_extremity,Lower extremity,3,3,,False
milk10k,milk10k,images/ISIC_2914456.jpg,ISIC_2914456,bcc,g2034,external_test,none,2034,-1,,True,37a8dfaa3622e903,45.0,male,head_neck_face,Head and neck,3,3,,False
milk10k,milk10k,images/ISIC_7169372.jpg,ISIC_7169372,bcc,g2035,external_test,none,2035,-1,,False,19396c44ba9bcf43,70.0,male,head_neck_face,Head and neck,3,3,,False
milk10k,milk10k,images/ISIC_7752452.jpg,ISIC_7752452,bcc,g2036,external_test,none,2036,-1,,False,27363789b151cda9,75.0,male,lower_extremity,Lower extremity,0-1 (darkest),1,,False
milk10k,milk10k,images/ISIC_3420179.jpg,ISIC_3420179,bcc,g2037,external_test,none,2037,-1,,False,924366e689197e67,75.0,female,head_neck_face,Head and neck,4,4,,False
milk10k,milk10k,images/ISIC_2175811.jpg,ISIC_2175811,bcc,g2038,external_test,none,2038,-1,,False,e5b4ad2cd313da21,65.0,female,head_neck_face,Head and neck,3,3,,False
milk10k,milk10k,images/ISIC_2093474.jpg,ISIC_2093474,sccka,g2039,dropped,none,2039,-1,unmapped_class:sccka,False,e9571a72469adb81,80.0,female,trunk,Trunk,4,4,unmapped_class:sccka,False
milk10k,milk10k,images/ISIC_6467881.jpg,ISIC_6467881,sccka,g2040,dropped,none,2040,-1,unmapped_class:sccka,False,99e6660e89b6b649,60.0,male,lower_extremity,Lower extremity,3,3,unmapped_class:sccka,False
milk10k,milk10k,images/ISIC_2146381.jpg,ISIC_2146381,bcc,g2041,external_test,none,2041,-1,,False,1b89e6f4b31ba503,65.0,female,trunk,Trunk,3,3,,False
milk10k,milk10k,images/ISIC_8793718.jpg,ISIC_8793718,bcc,g2042,external_test,none,2042,-1,,False,fee02982f78a1b23,65.0,female,trunk,Trunk,3,3,,False
milk10k,milk10k,images/ISIC_8839205.jpg,ISIC_8839205,bkl,g2043,external_test,none,2043,-1,,False,bdae6b8e2dc29103,85.0,female,trunk,Trunk,3,3,,False
milk10k,milk10k,images/ISIC_4959784.jpg,ISIC_4959784,df,g2044,external_test,none,2044,-1,,False,bbb16fe1e401b605,20.0,female,trunk,Trunk,3,3,,False
milk10k,milk10k,images/ISIC_0553265.jpg,ISIC_0553265,mel,g2045,external_test,none,2045,-1,,False,412cf3b31cc3ed0d,75.0,male,trunk,Trunk,2,2,,False
milk10k,milk10k,images/ISIC_2205154.jpg,ISIC_2205154,bcc,g2046,external_test,none,2046,-1,,True,903aca5b2d83b32f,50.0,male,trunk,Trunk,3,3,,False
milk10k,milk10k,images/ISIC_7394783.jpg,ISIC_7394783,bcc,g2047,external_test,none,2047,-1,,False,ca3136d9b0d3ea0d,50.0,female,trunk,Trunk,4,4,,False
milk10k,milk10k,images/ISIC_5981777.jpg,ISIC_5981777,nv,g2048,external_test,none,2048,-1,,False,669bb14c649b9d61,25.0,female,lower_extremity,Lower extremity,3,3,,False
milk10k,milk10k,images/ISIC_8068926.jpg,ISIC_8068926,bcc,g2049,external_test,none,2049,-1,,True,4e349f8433f86ea1,70.0,female,lower_extremity,Lower extremity,3,3,,False
milk10k,milk10k,images/ISIC_8723719.jpg,ISIC_8723719,nv,g2050,external_test,none,2050,-1,,False,73db99e624998865,40.0,female,head_neck_face,Head and neck,4,4,,False
milk10k,milk10k,images/ISIC_7735107.jpg,ISIC_7735107,nv,g2051,external_test,none,2051,-1,,True,313cf331c3d34c2d,40.0,female,,,3,3,,False
milk10k,milk10k,images/ISIC_5745126.jpg,ISIC_5745126,mel,g2052,dropped,none,2052,-1,duplicate_of_ham10000,False,3c9268f39d03837d,50.0,female,trunk,Trunk,2,2,duplicate_of_ham10000,False
milk10k,milk10k,images/ISIC_8938866.jpg,ISIC_8938866,bcc,g2053,external_test,none,2053,-1,,False,d9489722cb8b62af,55.0,male,lower_extremity,Lower extremity,3,3,,False
milk10k,milk10k,images/ISIC_2022315.jpg,ISIC_2022315,bkl,g2054,external_test,none,2054,-1,,False,dc9967b119596625,35.0,female,lower_extremity,Lower extremity,2,2,,False
milk10k,milk10k,images/ISIC_1544622.jpg,ISIC_1544622,nv,g2055,external_test,none,2055,-1,,False,1186275b2369cdb7,20.0,male,lower_extremity,Lower extremity,3,3,,False
milk10k,milk10k,images/ISIC_3217799.jpg,ISIC_3217799,akiec,g2056,external_test,none,2056,-1,,True,0fe05ecc68f7520b,75.0,male,head_neck_face,Head and neck,5 (lightest),5,,False
milk10k,milk10k,images/ISIC_4157522.jpg,ISIC_4157522,bcc,g2057,external_test,none,2057,-1,,False,d4ce3364869b58e5,40.0,male,trunk,Trunk,5 (lightest),5,,False
milk10k,milk10k,images/ISIC_5084963.jpg,ISIC_5084963,akiec,g2058,external_test,none,2058,-1,,False,0e26d5d38b41b33d,70.0,male,upper_extremity,Upper extremity,2,2,,False
milk10k,milk10k,images/ISIC_2744993.jpg,ISIC_2744993,bcc,g2059,external_test,none,2059,-1,,False,fbaafaaaaa80a2a1,75.0,female,trunk,Trunk,3,3,,False
milk10k,milk10k,images/ISIC_6252730.jpg,ISIC_6252730,bkl,g2060,external_test,none,2060,-1,,False,7a313930319bdccd,70.0,male,trunk,Trunk,0-1 (darkest),1,,False
milk10k,milk10k,images/ISIC_0722347.jpg,ISIC_0722347,bcc,g2061,external_test,none,2061,-1,,False,fad823dc63e2d821,60.0,female,lower_extremity,Lower extremity,3,3,,False
milk10k,milk10k,images/ISIC_1909868.jpg,ISIC_1909868,nv,g680,dropped,none,680,-1,duplicate_of_ham10000,False,9b91666699996665,55.0,female,lower_extremity,Lower extremity,0-1 (darkest),1,duplicate_of_ham10000,False
milk10k,milk10k,images/ISIC_5569473.jpg,ISIC_5569473,bcc,g2063,external_test,none,2063,-1,,True,8b3672c6cc79b321,50.0,male,trunk,Trunk,3,3,,False
milk10k,milk10k,images/ISIC_1335894.jpg,ISIC_1335894,bcc,g2064,external_test,none,2064,-1,,True,3e79e01364d31b47,85.0,female,head_neck_face,Head and neck,2,2,,False
milk10k,milk10k,images/ISIC_7436139.jpg,ISIC_7436139,inf,g2065,dropped,none,2065,-1,unmapped_class:inf,False,cb9a468e2b597325,75.0,male,trunk,Trunk,3,3,unmapped_class:inf,False
milk10k,milk10k,images/ISIC_5698613.jpg,ISIC_5698613,bcc,g2066,external_test,none,2066,-1,,True,72c4340c8f31bdaf,65.0,male,trunk,Trunk,3,3,,False
milk10k,milk10k,images/ISIC_5460617.jpg,ISIC_5460617,bkl,g2067,external_test,none,2067,-1,,False,6193acf37641c90f,85.0,male,trunk,Trunk,3,3,,False
milk10k,milk10k,images/ISIC_4869964.jpg,ISIC_4869964,bkl,g2068,external_test,none,2068,-1,,False,99b9d1335dc12725,70.0,male,trunk,Trunk,2,2,,False
milk10k,milk10k,images/ISIC_4562629.jpg,ISIC_4562629,bcc,g2069,external_test,none,2069,-1,,False,abdaa4722d20b3ab,65.0,male,head_neck_face,Head and neck,3,3,,False
milk10k,milk10k,images/ISIC_6070426.jpg,ISIC_6070426,df,g2070,external_test,none,2070,-1,,False,dc0a4d8b29ba572b,75.0,male,lower_extremity,Lower extremity,5 (lightest),5,,False
milk10k,milk10k,images/ISIC_0972110.jpg,ISIC_0972110,bcc,g2071,external_test,none,2071,-1,,False,2c513ec97806cbeb,55.0,male,lower_extremity,Lower extremity,3,3,,False
milk10k,milk10k,images/ISIC_1362408.jpg,ISIC_1362408,nv,g2072,external_test,none,2072,-1,,False,332659d106c9f727,60.0,female,head_neck_face,Head and neck,5 (lightest),5,,False
milk10k,milk10k,images/ISIC_8976859.jpg,ISIC_8976859,bkl,g2073,external_test,none,2073,-1,,False,601276b7dd5b42a5,50.0,female,trunk,Trunk,5 (lightest),5,,False
milk10k,milk10k,images/ISIC_6765536.jpg,ISIC_6765536,bcc,g2074,external_test,none,2074,-1,,False,a31199cce7135a6d,80.0,male,trunk,Trunk,3,3,,False
milk10k,milk10k,images/ISIC_2231864.jpg,ISIC_2231864,bcc,g2075,external_test,none,2075,-1,,False,c682782267a3f33d,60.0,male,trunk,Trunk,5 (lightest),5,,False
milk10k,milk10k,images/ISIC_2521142.jpg,ISIC_2521142,bcc,g2076,external_test,none,2076,-1,,False,7338ce9263f89985,55.0,male,trunk,Trunk,3,3,,False
milk10k,milk10k,images/ISIC_4113553.jpg,ISIC_4113553,bkl,g2077,external_test,none,2077,-1,,False,60ee1932ad58e78d,85.0,male,trunk,Trunk,4,4,,False
milk10k,milk10k,images/ISIC_8662604.jpg,ISIC_8662604,nv,g2078,external_test,none,2078,-1,,True,a293d662d94926b7,45.0,male,lower_extremity,Lower extremity,4,4,,False
milk10k,milk10k,images/ISIC_0829180.jpg,ISIC_0829180,bcc,g2079,external_test,none,2079,-1,,False,e9f41362bc607b83,75.0,female,trunk,Trunk,3,3,,False
milk10k,milk10k,images/ISIC_6899811.jpg,ISIC_6899811,bcc,g2080,external_test,none,2080,-1,,False,139266f6aec4e12b,60.0,male,head_neck_face,Head and neck,3,3,,False
milk10k,milk10k,images/ISIC_0495769.jpg,ISIC_0495769,bcc,g2081,external_test,none,2081,-1,,False,eeae2e03f9c0b20b,75.0,female,lower_extremity,Lower extremity,3,3,,False
milk10k,milk10k,images/ISIC_4489369.jpg,ISIC_4489369,bcc,g2082,external_test,none,2082,-1,,False,bd12762eace2d603,50.0,male,trunk,Trunk,4,4,,False
milk10k,milk10k,images/ISIC_7312960.jpg,ISIC_7312960,sccka,g2083,dropped,none,2083,-1,unmapped_class:sccka,False,39bae6ae4e4a5123,65.0,female,upper_extremity,Upper extremity,3,3,unmapped_class:sccka,False
milk10k,milk10k,images/ISIC_9474028.jpg,ISIC_9474028,bkl,g2084,external_test,none,2084,-1,,False,ba781d5a261a3b2b,65.0,female,lower_extremity,Lower extremity,4,4,,False
milk10k,milk10k,images/ISIC_4785619.jpg,ISIC_4785619,nv,g2085,external_test,none,2085,-1,,True,9b49663893d16667,40.0,male,trunk,Trunk,5 (lightest),5,,False
milk10k,milk10k,images/ISIC_0718332.jpg,ISIC_0718332,nv,g2086,external_test,none,2086,-1,,True,631cf1991873a78d,65.0,male,trunk,Trunk,2,2,,False
milk10k,milk10k,images/ISIC_4141251.jpg,ISIC_4141251,mel,g2087,external_test,none,2087,-1,,False,3a9d434c993326cf,85.0,male,head_neck_face,Head and neck,3,3,,False
milk10k,milk10k,images/ISIC_0467500.jpg,ISIC_0467500,bcc,g2088,external_test,none,2088,-1,,False,c977c43c8de2650d,60.0,female,lower_extremity,Lower extremity,3,3,,False
milk10k,milk10k,images/ISIC_1323177.jpg,ISIC_1323177,bkl,g2089,external_test,none,2089,-1,,True,44ca6f1e23d2fc29,65.0,male,trunk,Trunk,3,3,,False
milk10k,milk10k,images/ISIC_5903044.jpg,ISIC_5903044,bcc,g2090,external_test,none,2090,-1,,False,cc9a1d88d1b3578b,70.0,male,lower_extremity,Lower extremity,4,4,,False
milk10k,milk10k,images/ISIC_8973952.jpg,ISIC_8973952,bcc,g2091,external_test,none,2091,-1,,True,52da04adad9d9c87,70.0,male,head_neck_face,Head and neck,4,4,,False
milk10k,milk10k,images/ISIC_6227786.jpg,ISIC_6227786,bcc,g2092,external_test,none,2092,-1,,False,b41a3d03cfe61339,55.0,male,head_neck_face,Head and neck,4,4,,False
milk10k,milk10k,images/ISIC_7460585.jpg,ISIC_7460585,bcc,g2093,external_test,none,2093,-1,,True,9dce6614c992768d,60.0,female,trunk,Trunk,3,3,,False
milk10k,milk10k,images/ISIC_5777416.jpg,ISIC_5777416,bcc,g2094,external_test,none,2094,-1,,True,b2a669e6c43953a3,35.0,male,trunk,Trunk,3,3,,False
milk10k,milk10k,images/ISIC_5685120.jpg,ISIC_5685120,bcc,g2095,external_test,none,2095,-1,,False,372205087daaf7ab,40.0,female,trunk,Trunk,3,3,,False
milk10k,milk10k,images/ISIC_0908255.jpg,ISIC_0908255,nv,g2096,external_test,none,2096,-1,,True,cc6976849a996567,40.0,female,trunk,Trunk,2,2,,False
milk10k,milk10k,images/ISIC_5962154.jpg,ISIC_5962154,bcc,g2097,external_test,none,2097,-1,,False,d902179c67b0f663,55.0,male,trunk,Trunk,3,3,,False
milk10k,milk10k,images/ISIC_8285845.jpg,ISIC_8285845,bcc,g2098,external_test,none,2098,-1,,True,f9e1ced831a106cb,65.0,male,trunk,Trunk,3,3,,False
milk10k,milk10k,images/ISIC_8056101.jpg,ISIC_8056101,bkl,g2099,external_test,none,2099,-1,,False,5ac6f98346a4a9ab,70.0,male,upper_extremity,Upper extremity,3,3,,False
milk10k,milk10k,images/ISIC_5627117.jpg,ISIC_5627117,bcc,g2100,external_test,none,2100,-1,,False,c50c2e3913b6f317,65.0,female,upper_extremity,Upper extremity,3,3,,False
milk10k,milk10k,images/ISIC_1994166.jpg,ISIC_1994166,mel,g2101,external_test,none,2101,-1,,False,6999c6d909799c27,55.0,male,trunk,Trunk,2,2,,False
milk10k,milk10k,images/ISIC_8805390.jpg,ISIC_8805390,akiec,g2102,external_test,none,2102,-1,,False,ac8ae3a22d9bdca1,75.0,female,head_neck_face,Head and neck,3,3,,False
milk10k,milk10k,images/ISIC_3202131.jpg,ISIC_3202131,bcc,g2103,external_test,none,2103,-1,,True,9e86792df8e3028d,50.0,male,trunk,Trunk,3,3,,False
milk10k,milk10k,images/ISIC_8698547.jpg,ISIC_8698547,bkl,g2104,external_test,none,2104,-1,,False,6936531ab8a3471f,65.0,male,,,4,4,,False
milk10k,milk10k,images/ISIC_0387211.jpg,ISIC_0387211,bcc,g2105,external_test,none,2105,-1,,False,d53629bad8387683,55.0,male,trunk,Trunk,3,3,,False
milk10k,milk10k,images/ISIC_3477335.jpg,ISIC_3477335,bcc,g2106,external_test,none,2106,-1,,False,4ef8174aaf284bc3,45.0,male,trunk,Trunk,3,3,,False
milk10k,milk10k,images/ISIC_1529132.jpg,ISIC_1529132,mel,g2107,external_test,none,2107,-1,,False,ee25716e4981b695,70.0,male,lower_extremity,Lower extremity,5 (lightest),5,,False
milk10k,milk10k,images/ISIC_4265106.jpg,ISIC_4265106,bcc,g2108,external_test,none,2108,-1,,False,9e6a29ac66599ba1,50.0,male,trunk,Trunk,3,3,,False
milk10k,milk10k,images/ISIC_2470660.jpg,ISIC_2470660,bcc,g2109,external_test,none,2109,-1,,True,d1acbb66dce28a09,70.0,male,upper_extremity,Upper extremity,3,3,,False
milk10k,milk10k,images/ISIC_7087826.jpg,ISIC_7087826,bcc,g2110,external_test,none,2110,-1,,False,b6ecd12ece9862a1,70.0,male,head_neck_face,Head and neck,4,4,,False
milk10k,milk10k,images/ISIC_6400148.jpg,ISIC_6400148,mel,g2111,external_test,none,2111,-1,,False,3293b77902816cf7,45.0,female,trunk,Trunk,5 (lightest),5,,False
milk10k,milk10k,images/ISIC_8098167.jpg,ISIC_8098167,nv,g2112,external_test,none,2112,-1,,False,b33344cc993366cd,60.0,female,trunk,Trunk,5 (lightest),5,,False
milk10k,milk10k,images/ISIC_8897741.jpg,ISIC_8897741,nv,g2113,external_test,none,2113,-1,,False,178c5c3a4dd9b127,50.0,female,lower_extremity,Lower extremity,2,2,,False
milk10k,milk10k,images/ISIC_7562678.jpg,ISIC_7562678,bcc,g2114,external_test,none,2114,-1,,False,f8cc3a96191aa72b,65.0,male,upper_extremity,Upper extremity,3,3,,False
milk10k,milk10k,images/ISIC_6338368.jpg,ISIC_6338368,bcc,g2115,external_test,none,2115,-1,,True,bdc00bfac3c27269,75.0,female,lower_extremity,Lower extremity,3,3,,False
milk10k,milk10k,images/ISIC_6887594.jpg,ISIC_6887594,nv,g2116,external_test,none,2116,-1,,False,5cb35318e5711e87,5.0,male,trunk,Trunk,3,3,,False
milk10k,milk10k,images/ISIC_4381433.jpg,ISIC_4381433,bcc,g2117,external_test,none,2117,-1,,False,33d29fe06322678b,60.0,female,head_neck_face,Head and neck,3,3,,False
milk10k,milk10k,images/ISIC_5801703.jpg,ISIC_5801703,nv,g2118,external_test,none,2118,-1,,True,519b6fd3810b06bd,60.0,male,,,4,4,,False
milk10k,milk10k,images/ISIC_8350851.jpg,ISIC_8350851,mel,g2119,external_test,none,2119,-1,,True,394cc63966713c8f,75.0,male,lower_extremity,Lower extremity,3,3,,False
milk10k,milk10k,images/ISIC_7986295.jpg,ISIC_7986295,bcc,g2120,external_test,none,2120,-1,,False,2039eb1ceff0d503,45.0,female,head_neck_face,Head and neck,3,3,,False
milk10k,milk10k,images/ISIC_6089148.jpg,ISIC_6089148,bcc,g2121,external_test,none,2121,-1,,False,d4a26e527378de21,70.0,male,trunk,Trunk,3,3,,False
milk10k,milk10k,images/ISIC_5360213.jpg,ISIC_5360213,bcc,g2122,external_test,none,2122,-1,,False,4f3926a93522fca9,85.0,male,head_neck_face,Head and neck,4,4,,False
milk10k,milk10k,images/ISIC_2804242.jpg,ISIC_2804242,nv,g2123,external_test,none,2123,-1,,False,b159a34b1ee90d27,45.0,male,trunk,Trunk,4,4,,False
milk10k,milk10k,images/ISIC_6234798.jpg,ISIC_6234798,mel,g2124,external_test,none,2124,-1,,False,9b66cb342099b667,35.0,male,head_neck_face,Head and neck,4,4,,False
milk10k,milk10k,images/ISIC_0268984.jpg,ISIC_0268984,bcc,g2125,external_test,none,2125,-1,,False,bba4c65e3c23a18d,70.0,male,trunk,Trunk,3,3,,False
milk10k,milk10k,images/ISIC_9944257.jpg,ISIC_9944257,sccka,g2126,dropped,none,2126,-1,unmapped_class:sccka,False,bdfaa932d6422591,75.0,male,head_neck_face,Head and neck,4,4,unmapped_class:sccka,False
milk10k,milk10k,images/ISIC_0601665.jpg,ISIC_0601665,akiec,g2127,external_test,none,2127,-1,,False,d568639c9cd8e323,35.0,male,upper_extremity,Upper extremity,3,3,,False
milk10k,milk10k,images/ISIC_8577597.jpg,ISIC_8577597,bcc,g2128,external_test,none,2128,-1,,False,fdbebcd22a00d701,70.0,male,head_neck_face,Head and neck,3,3,,False
milk10k,milk10k,images/ISIC_7946501.jpg,ISIC_7946501,sccka,g2129,dropped,none,2129,-1,unmapped_class:sccka,False,37d31cf42d06e169,85.0,male,head_neck_face,Head and neck,3,3,unmapped_class:sccka,False
milk10k,milk10k,images/ISIC_1241916.jpg,ISIC_1241916,bcc,g2130,external_test,none,2130,-1,,False,6d6cb2746c78b483,55.0,female,trunk,Trunk,4,4,,False
milk10k,milk10k,images/ISIC_5748062.jpg,ISIC_5748062,akiec,g2131,external_test,none,2131,-1,,False,fdf1ffc0d300c301,85.0,female,upper_extremity,Upper extremity,4,4,,False
milk10k,milk10k,images/ISIC_4275458.jpg,ISIC_4275458,bcc,g2132,external_test,none,2132,-1,,False,59c6b998cd32a18f,75.0,male,lower_extremity,Lower extremity,3,3,,False
milk10k,milk10k,images/ISIC_7527742.jpg,ISIC_7527742,bcc,g2133,external_test,none,2133,-1,,False,595aee07f883948d,50.0,male,trunk,Trunk,3,3,,False
milk10k,milk10k,images/ISIC_6874373.jpg,ISIC_6874373,sccka,g2134,dropped,none,2134,-1,unmapped_class:sccka,False,f969c6922449daa7,70.0,female,upper_extremity,Upper extremity,3,3,unmapped_class:sccka,False
milk10k,milk10k,images/ISIC_0097302.jpg,ISIC_0097302,bcc,g2135,external_test,none,2135,-1,,False,1746fa46e49a0be3,55.0,female,trunk,Trunk,4,4,,False
milk10k,milk10k,images/ISIC_2621421.jpg,ISIC_2621421,nv,g2136,external_test,none,2136,-1,,True,b193a691c36b2c8f,40.0,male,trunk,Trunk,4,4,,False
milk10k,milk10k,images/ISIC_4224743.jpg,ISIC_4224743,bcc,g2137,external_test,none,2137,-1,,False,721a9f8a2cec9995,70.0,male,upper_extremity,Upper extremity,4,4,,False
milk10k,milk10k,images/ISIC_0738371.jpg,ISIC_0738371,sccka,g2138,dropped,none,2138,-1,unmapped_class:sccka,False,81b83299cf617ba5,85.0,female,lower_extremity,Lower extremity,4,4,unmapped_class:sccka,False
milk10k,milk10k,images/ISIC_3734095.jpg,ISIC_3734095,nv,g2139,external_test,none,2139,-1,,True,c38b18137ce1c3bd,50.0,male,trunk,Trunk,3,3,,False
milk10k,milk10k,images/ISIC_1701968.jpg,ISIC_1701968,bcc,g2140,external_test,none,2140,-1,,True,8f60392e8e1adbe1,50.0,female,trunk,Trunk,3,3,,False
milk10k,milk10k,images/ISIC_5315833.jpg,ISIC_5315833,nv,g2141,external_test,none,2141,-1,,False,330c79b33079cc8f,50.0,male,lower_extremity,Lower extremity,2,2,,False
milk10k,milk10k,images/ISIC_5209351.jpg,ISIC_5209351,sccka,g2142,dropped,none,2142,-1,unmapped_class:sccka,False,c83d31e4c3b2d2ab,70.0,male,head_neck_face,Head and neck,4,4,unmapped_class:sccka,False
milk10k,milk10k,images/ISIC_0078190.jpg,ISIC_0078190,akiec,g2143,external_test,none,2143,-1,,False,c5e89da87baad421,85.0,female,lower_extremity,Lower extremity,3,3,,False
milk10k,milk10k,images/ISIC_8345526.jpg,ISIC_8345526,nv,g2144,external_test,none,2144,-1,,False,769efa744929d481,35.0,male,trunk,Trunk,3,3,,False
milk10k,milk10k,images/ISIC_7541402.jpg,ISIC_7541402,bcc,g2145,external_test,none,2145,-1,,False,f3807f01fe01f705,55.0,female,lower_extremity,Lower extremity,3,3,,False
milk10k,milk10k,images/ISIC_5148533.jpg,ISIC_5148533,sccka,g2146,dropped,none,2146,-1,unmapped_class:sccka,False,697c334a9382d7a3,70.0,male,lower_extremity,Lower extremity,3,3,unmapped_class:sccka,False
milk10k,milk10k,images/ISIC_9900723.jpg,ISIC_9900723,nv,g2147,external_test,none,2147,-1,,False,3a33eccca814c9eb,60.0,male,trunk,Trunk,3,3,,False
milk10k,milk10k,images/ISIC_2328093.jpg,ISIC_2328093,bcc,g2148,external_test,none,2148,-1,,False,0aa30f9f1ff83e01,80.0,male,lower_extremity,Lower extremity,4,4,,False
milk10k,milk10k,images/ISIC_8942026.jpg,ISIC_8942026,bcc,g2149,external_test,none,2149,-1,,False,be02b52ad1aa56ab,70.0,male,lower_extremity,Lower extremity,4,4,,False
milk10k,milk10k,images/ISIC_7414517.jpg,ISIC_7414517,bcc,g2150,external_test,none,2150,-1,,False,4ca6668d7a59ac2d,35.0,male,trunk,Trunk,3,3,,False
milk10k,milk10k,images/ISIC_8922165.jpg,ISIC_8922165,bcc,g2151,external_test,none,2151,-1,,False,e452ddf83d4ac2a1,70.0,female,trunk,Trunk,3,3,,False
milk10k,milk10k,images/ISIC_5874846.jpg,ISIC_5874846,bcc,g2152,external_test,none,2152,-1,,False,34f9347cd8f8f101,55.0,male,head_neck_face,Head and neck,5 (lightest),5,,False
milk10k,milk10k,images/ISIC_6475371.jpg,ISIC_6475371,bkl,g2153,external_test,none,2153,-1,,False,6399a52987a59c57,50.0,male,trunk,Trunk,3,3,,False
milk10k,milk10k,images/ISIC_1435896.jpg,ISIC_1435896,ben_oth,g2154,dropped,none,2154,-1,unmapped_class:ben_oth,False,3ee6c91c58d33625,10.0,male,head_neck_face,Head and neck,2,2,unmapped_class:ben_oth,False
milk10k,milk10k,images/ISIC_3836165.jpg,ISIC_3836165,bcc,g2155,external_test,none,2155,-1,,False,eb20f78a768a70a9,65.0,male,lower_extremity,Lower extremity,3,3,,False
milk10k,milk10k,images/ISIC_9247586.jpg,ISIC_9247586,bcc,g2156,external_test,none,2156,-1,,False,d4b19d666498f329,75.0,male,head_neck_face,Head and neck,3,3,,False
milk10k,milk10k,images/ISIC_8701104.jpg,ISIC_8701104,nv,g2157,external_test,none,2157,-1,,False,cc7233cc393346cd,55.0,male,head_neck_face,Head and neck,0-1 (darkest),1,,False
milk10k,milk10k,images/ISIC_4954192.jpg,ISIC_4954192,bcc,g2158,external_test,none,2158,-1,,False,b394595bac696217,65.0,male,head_neck_face,Head and neck,2,2,,False
milk10k,milk10k,images/ISIC_4428176.jpg,ISIC_4428176,nv,g2159,external_test,none,2159,-1,,False,66924913b99b6967,50.0,male,trunk,Trunk,4,4,,False
milk10k,milk10k,images/ISIC_3950514.jpg,ISIC_3950514,mel,g2160,external_test,none,2160,-1,,False,5a7319613d89c61f,70.0,female,trunk,Trunk,2,2,,False
milk10k,milk10k,images/ISIC_0479656.jpg,ISIC_0479656,df,g2161,external_test,none,2161,-1,,False,dd9b574a390164f1,65.0,female,trunk,Trunk,3,3,,False
milk10k,milk10k,images/ISIC_5430362.jpg,ISIC_5430362,bcc,g2162,external_test,none,2162,-1,,False,99966f48576833a3,60.0,male,head_neck_face,Head and neck,4,4,,False
milk10k,milk10k,images/ISIC_3760355.jpg,ISIC_3760355,sccka,g2163,dropped,none,2163,-1,unmapped_class:sccka,False,6d8c6790a65ad92b,50.0,male,upper_extremity,Upper extremity,3,3,unmapped_class:sccka,False
milk10k,milk10k,images/ISIC_9661422.jpg,ISIC_9661422,sccka,g2164,dropped,none,2164,-1,unmapped_class:sccka,False,4bc9b66cdca8a8b1,70.0,male,trunk,Trunk,3,3,unmapped_class:sccka,False
milk10k,milk10k,images/ISIC_4066771.jpg,ISIC_4066771,sccka,g2165,dropped,none,2165,-1,unmapped_class:sccka,False,ec33e7fe0c103c49,85.0,male,lower_extremity,Lower extremity,4,4,unmapped_class:sccka,False
milk10k,milk10k,images/ISIC_3088033.jpg,ISIC_3088033,bcc,g2166,external_test,none,2166,-1,,True,73ac069b0e62dc9b,60.0,male,,,0-1 (darkest),1,,False
milk10k,milk10k,images/ISIC_3754933.jpg,ISIC_3754933,bcc,g2167,external_test,none,2167,-1,,False,c63c1ede45b2f109,55.0,female,upper_extremity,Upper extremity,4,4,,False
milk10k,milk10k,images/ISIC_8943375.jpg,ISIC_8943375,bcc,g2168,external_test,none,2168,-1,,True,7fc29d689388a927,65.0,male,head_neck_face,Head and neck,3,3,,False
milk10k,milk10k,images/ISIC_0852575.jpg,ISIC_0852575,bcc,g2169,external_test,none,2169,-1,,False,ad98de5a7d822d03,50.0,male,trunk,Trunk,3,3,,False
milk10k,milk10k,images/ISIC_8846554.jpg,ISIC_8846554,bcc,g2170,external_test,none,2170,-1,,False,e12ad8aa52aa9eab,55.0,female,trunk,Trunk,3,3,,False
milk10k,milk10k,images/ISIC_1718501.jpg,ISIC_1718501,bcc,g2171,external_test,none,2171,-1,,False,b3e84728fca29b29,70.0,female,lower_extremity,Lower extremity,4,4,,False
milk10k,milk10k,images/ISIC_9227362.jpg,ISIC_9227362,bcc,g2172,external_test,none,2172,-1,,False,7ae199c96f453419,45.0,male,trunk,Trunk,3,3,,False
milk10k,milk10k,images/ISIC_3531459.jpg,ISIC_3531459,akiec,g2173,external_test,none,2173,-1,,False,dcdd6223cc923c69,55.0,male,head_neck_face,Head and neck,4,4,,False
milk10k,milk10k,images/ISIC_5930303.jpg,ISIC_5930303,bcc,g2174,external_test,none,2174,-1,,False,1f4cc95166873375,25.0,male,trunk,Trunk,2,2,,False
milk10k,milk10k,images/ISIC_5049585.jpg,ISIC_5049585,bcc,g2175,external_test,none,2175,-1,,True,462cb2b8b951e52f,50.0,female,head_neck_face,Head and neck,5 (lightest),5,,False
milk10k,milk10k,images/ISIC_1156729.jpg,ISIC_1156729,bcc,g2176,external_test,none,2176,-1,,True,27d672b4d2b0f1c1,75.0,male,lower_extremity,Lower extremity,4,4,,False
milk10k,milk10k,images/ISIC_1062335.jpg,ISIC_1062335,akiec,g2177,external_test,none,2177,-1,,False,c3e23c5239a9c71b,75.0,male,trunk,Trunk,3,3,,False
milk10k,milk10k,images/ISIC_9501706.jpg,ISIC_9501706,bkl,g2178,external_test,none,2178,-1,,False,b8cc6fd89c392623,85.0,female,lower_extremity,Lower extremity,3,3,,False
milk10k,milk10k,images/ISIC_7803268.jpg,ISIC_7803268,inf,g2179,dropped,none,2179,-1,unmapped_class:inf,False,b9d8d892072bb077,40.0,male,head_neck_face,Head and neck,0-1 (darkest),0,unmapped_class:inf,False
milk10k,milk10k,images/ISIC_2996665.jpg,ISIC_2996665,bcc,g2180,external_test,none,2180,-1,,False,5daa07aa58aa27ab,55.0,female,trunk,Trunk,3,3,,False
milk10k,milk10k,images/ISIC_7737513.jpg,ISIC_7737513,bkl,g2181,external_test,none,2181,-1,,False,7152e16d6db29293,60.0,male,head_neck_face,Head and neck,3,3,,False
milk10k,milk10k,images/ISIC_1370640.jpg,ISIC_1370640,bcc,g2182,external_test,none,2182,-1,,False,9ce63e1a9e0bb425,40.0,female,upper_extremity,Upper extremity,3,3,,False
milk10k,milk10k,images/ISIC_6428132.jpg,ISIC_6428132,mel,g2183,external_test,none,2183,-1,,True,8c190d73b10b55bf,55.0,female,upper_extremity,Upper extremity,4,4,,False
milk10k,milk10k,images/ISIC_6601126.jpg,ISIC_6601126,bkl,g2184,external_test,none,2184,-1,,False,fdf3eed0e3034005,70.0,male,head_neck_face,Head and neck,3,3,,False
milk10k,milk10k,images/ISIC_9403836.jpg,ISIC_9403836,bcc,g2185,external_test,none,2185,-1,,False,cb9a3a69f24ac133,80.0,male,lower_extremity,Lower extremity,4,4,,False
milk10k,milk10k,images/ISIC_1350578.jpg,ISIC_1350578,bcc,g2186,external_test,none,2186,-1,,False,07b36cce676284ab,80.0,male,head_neck_face,Head and neck,4,4,,False
milk10k,milk10k,images/ISIC_5280874.jpg,ISIC_5280874,bkl,g2187,external_test,none,2187,-1,,False,e2b69b19b06a65a3,65.0,male,upper_extremity,Upper extremity,3,3,,False
milk10k,milk10k,images/ISIC_2496140.jpg,ISIC_2496140,mel,g2188,external_test,none,2188,-1,,True,196e26a6cc997365,65.0,female,lower_extremity,Lower extremity,3,3,,False
milk10k,milk10k,images/ISIC_6467453.jpg,ISIC_6467453,bcc,g2189,external_test,none,2189,-1,,False,565e5ad2d95a4c89,75.0,female,head_neck_face,Head and neck,5 (lightest),5,,False
milk10k,milk10k,images/ISIC_1775540.jpg,ISIC_1775540,akiec,g2190,external_test,none,2190,-1,,True,9d33eb1849995745,75.0,male,lower_extremity,Lower extremity,3,3,,False
milk10k,milk10k,images/ISIC_3727735.jpg,ISIC_3727735,nv,g2191,external_test,none,2191,-1,,False,19f9b06664999b65,50.0,male,trunk,Trunk,2,2,,False
milk10k,milk10k,images/ISIC_1465068.jpg,ISIC_1465068,sccka,g2192,dropped,none,2192,-1,unmapped_class:sccka,False,947a83ed6489aba3,70.0,male,hand,Upper extremity,4,4,unmapped_class:sccka,False
milk10k,milk10k,images/ISIC_4034626.jpg,ISIC_4034626,bcc,g2193,external_test,none,2193,-1,,True,59b15b915c42b2f3,65.0,male,upper_extremity,Upper extremity,3,3,,False
milk10k,milk10k,images/ISIC_6714325.jpg,ISIC_6714325,nv,g2194,external_test,none,2194,-1,,True,a3cc99b8095ba6a7,50.0,male,trunk,Trunk,4,4,,False
milk10k,milk10k,images/ISIC_9886748.jpg,ISIC_9886748,bcc,g2195,external_test,none,2195,-1,,False,3b1a9b7047c6692b,60.0,male,lower_extremity,Lower extremity,4,4,,False
milk10k,milk10k,images/ISIC_2467349.jpg,ISIC_2467349,bcc,g2196,external_test,none,2196,-1,,False,6dde49524596ad83,50.0,female,head_neck_face,Head and neck,5 (lightest),5,,False
milk10k,milk10k,images/ISIC_2668675.jpg,ISIC_2668675,bkl,g2197,external_test,none,2197,-1,,True,75d807f24c66a6a9,55.0,female,head_neck_face,Head and neck,3,3,,False
milk10k,milk10k,images/ISIC_4649816.jpg,ISIC_4649816,bcc,g2198,external_test,none,2198,-1,,False,8866e46e53646bc7,80.0,female,trunk,Trunk,3,3,,False
milk10k,milk10k,images/ISIC_6863904.jpg,ISIC_6863904,sccka,g2199,dropped,none,2199,-1,unmapped_class:sccka,False,37303edca9d8b423,85.0,female,upper_extremity,Upper extremity,3,3,unmapped_class:sccka,False
milk10k,milk10k,images/ISIC_4738070.jpg,ISIC_4738070,sccka,g2200,dropped,none,2200,-1,unmapped_class:sccka,False,43dc82a699cb7c69,80.0,male,trunk,Trunk,3,3,unmapped_class:sccka,False
milk10k,milk10k,images/ISIC_3349058.jpg,ISIC_3349058,bcc,g2201,external_test,none,2201,-1,,False,73b3a3c3c12e0bb1,55.0,male,head_neck_face,Head and neck,3,3,,False
milk10k,milk10k,images/ISIC_3913255.jpg,ISIC_3913255,bcc,g2202,external_test,none,2202,-1,,False,b25a1e7e4e989c83,60.0,female,upper_extremity,Upper extremity,3,3,,False
milk10k,milk10k,images/ISIC_6335386.jpg,ISIC_6335386,nv,g2203,external_test,none,2203,-1,,True,98994df1684bb687,55.0,female,trunk,Trunk,3,3,,False
milk10k,milk10k,images/ISIC_0571049.jpg,ISIC_0571049,nv,g2204,external_test,none,2204,-1,,False,ce491c793ca1e317,40.0,female,trunk,Trunk,2,2,,False
milk10k,milk10k,images/ISIC_7486855.jpg,ISIC_7486855,bcc,g2205,external_test,none,2205,-1,,False,dd92fae1a7283143,60.0,female,trunk,Trunk,3,3,,False
milk10k,milk10k,images/ISIC_7805735.jpg,ISIC_7805735,bkl,g2206,dropped,none,2206,-1,duplicate_of_ham10000,False,cccc1c8e73330ecd,40.0,male,head_neck_face,Head and neck,3,3,duplicate_of_ham10000,False
milk10k,milk10k,images/ISIC_2561690.jpg,ISIC_2561690,bcc,g2207,external_test,none,2207,-1,,True,e11b4f514b4b26a7,50.0,female,upper_extremity,Upper extremity,3,3,,False
milk10k,milk10k,images/ISIC_8517056.jpg,ISIC_8517056,nv,g2208,external_test,none,2208,-1,,False,43fc0f31e18b646b,30.0,female,lower_extremity,Lower extremity,4,4,,False
milk10k,milk10k,images/ISIC_1110722.jpg,ISIC_1110722,bcc,g2209,external_test,none,2209,-1,,False,a9de94b1dc894aa3,65.0,male,lower_extremity,Lower extremity,2,2,,False
milk10k,milk10k,images/ISIC_5311382.jpg,ISIC_5311382,bcc,g2210,external_test,none,2210,-1,,False,d9f39c6316a96151,30.0,female,trunk,Trunk,2,2,,False
milk10k,milk10k,images/ISIC_0461566.jpg,ISIC_0461566,bkl,g2211,external_test,none,2211,-1,,False,76ae9b5822321f87,70.0,female,head_neck_face,Head and neck,4,4,,False
milk10k,milk10k,images/ISIC_0155053.jpg,ISIC_0155053,bcc,g2212,external_test,none,2212,-1,,False,0d6b9f78c9ce2621,65.0,male,trunk,Trunk,3,3,,False
milk10k,milk10k,images/ISIC_7817884.jpg,ISIC_7817884,nv,g2213,external_test,none,2213,-1,,False,516646ccb1334ecf,40.0,female,lower_extremity,Lower extremity,2,2,,False
milk10k,milk10k,images/ISIC_2372269.jpg,ISIC_2372269,akiec,g2214,external_test,none,2214,-1,,False,465e3e427308fe8b,55.0,female,lower_extremity,Lower extremity,3,3,,False
milk10k,milk10k,images/ISIC_0368345.jpg,ISIC_0368345,ben_oth,g2215,dropped,none,2215,-1,unmapped_class:ben_oth,False,84eac3362cd9e725,70.0,male,lower_extremity,Lower extremity,3,3,unmapped_class:ben_oth,False
milk10k,milk10k,images/ISIC_9597858.jpg,ISIC_9597858,bcc,g2216,external_test,none,2216,-1,,False,f80a4fa29ba87ca9,65.0,female,upper_extremity,Upper extremity,3,3,,False
milk10k,milk10k,images/ISIC_5243282.jpg,ISIC_5243282,bcc,g2217,external_test,none,2217,-1,,False,9999666599994d65,65.0,female,head_neck_face,Head and neck,4,4,,False
milk10k,milk10k,images/ISIC_8584528.jpg,ISIC_8584528,bcc,g2218,external_test,none,2218,-1,,False,fec88fa63d20e521,60.0,male,lower_extremity,Lower extremity,3,3,,False
milk10k,milk10k,images/ISIC_1260636.jpg,ISIC_1260636,sccka,g2219,dropped,none,2219,-1,unmapped_class:sccka,False,92e4379e4c33334d,65.0,male,trunk,Trunk,3,3,unmapped_class:sccka,False
milk10k,milk10k,images/ISIC_9861310.jpg,ISIC_9861310,bcc,g2220,external_test,none,2220,-1,,False,6f48e92606fab689,75.0,female,head_neck_face,Head and neck,5 (lightest),5,,False
milk10k,milk10k,images/ISIC_4886295.jpg,ISIC_4886295,nv,g2221,external_test,none,2221,-1,,False,384de6a3c3493c37,20.0,male,trunk,Trunk,3,3,,False
milk10k,milk10k,images/ISIC_1408694.jpg,ISIC_1408694,sccka,g2222,dropped,none,2222,-1,unmapped_class:sccka,False,a67231ecd9387343,60.0,male,head_neck_face,Head and neck,4,4,unmapped_class:sccka,False
milk10k,milk10k,images/ISIC_5873094.jpg,ISIC_5873094,bcc,g2223,external_test,none,2223,-1,,False,837ced46be28d283,55.0,female,trunk,Trunk,3,3,,False
milk10k,milk10k,images/ISIC_6271290.jpg,ISIC_6271290,bcc,g2224,external_test,none,2224,-1,,False,8e9ade0e3333c48d,85.0,male,upper_extremity,Upper extremity,3,3,,False
milk10k,milk10k,images/ISIC_6440668.jpg,ISIC_6440668,bkl,g2225,external_test,none,2225,-1,,False,b21b87693883cd3d,65.0,female,genital,Anogenital region,4,4,,False
milk10k,milk10k,images/ISIC_9227283.jpg,ISIC_9227283,mel,g2226,external_test,none,2226,-1,,True,2cb29d3a9a7b6309,50.0,female,head_neck_face,Head and neck,3,3,,False
milk10k,milk10k,images/ISIC_2193524.jpg,ISIC_2193524,bcc,g2227,external_test,none,2227,-1,,False,56aac9da6c2a92ab,55.0,female,head_neck_face,Head and neck,5 (lightest),5,,False
milk10k,milk10k,images/ISIC_1111291.jpg,ISIC_1111291,bkl,g2228,external_test,none,2228,-1,,False,878edf7ecc30a821,80.0,female,head_neck_face,Head and neck,3,3,,False
milk10k,milk10k,images/ISIC_7726794.jpg,ISIC_7726794,akiec,g2229,external_test,none,2229,-1,,True,2156ae3cb786f129,50.0,female,head_neck_face,Head and neck,3,3,,False
milk10k,milk10k,images/ISIC_1266614.jpg,ISIC_1266614,akiec,g2230,external_test,none,2230,-1,,False,f95a1e34138ae1ab,55.0,male,upper_extremity,Upper extremity,3,3,,False
milk10k,milk10k,images/ISIC_4957526.jpg,ISIC_4957526,bcc,g2231,external_test,none,2231,-1,,False,e1c8ec2033abcecb,75.0,female,lower_extremity,Lower extremity,3,3,,False
milk10k,milk10k,images/ISIC_9579576.jpg,ISIC_9579576,mel,g2232,dropped,none,2232,-1,duplicate_of_ham10000,False,e32ad38336a2cc3d,85.0,male,trunk,Trunk,5 (lightest),5,duplicate_of_ham10000,False
milk10k,milk10k,images/ISIC_6558065.jpg,ISIC_6558065,bcc,g2233,external_test,none,2233,-1,,False,de1c93cec69a5921,55.0,male,trunk,Trunk,3,3,,False
milk10k,milk10k,images/ISIC_4983165.jpg,ISIC_4983165,bcc,g2234,external_test,none,2234,-1,,True,8ae4cbd8eea0ad29,75.0,male,lower_extremity,Lower extremity,4,4,,False
milk10k,milk10k,images/ISIC_2106983.jpg,ISIC_2106983,nv,g2235,external_test,none,2235,-1,,False,6673998c68936765,30.0,female,trunk,Trunk,3,3,,False
milk10k,milk10k,images/ISIC_8138627.jpg,ISIC_8138627,akiec,g2236,external_test,none,2236,-1,,False,33d8c7e419b0f389,45.0,female,hand,Upper extremity,3,3,,False
milk10k,milk10k,images/ISIC_0821297.jpg,ISIC_0821297,sccka,g2237,dropped,none,2237,-1,unmapped_class:sccka,False,e6c9996466939a69,85.0,male,head_neck_face,Head and neck,3,3,unmapped_class:sccka,False
milk10k,milk10k,images/ISIC_0962054.jpg,ISIC_0962054,mel,g2238,external_test,none,2238,-1,,False,d5516a66d5992867,70.0,female,trunk,Trunk,0-1 (darkest),1,,False
milk10k,milk10k,images/ISIC_0390452.jpg,ISIC_0390452,nv,g2239,external_test,none,2239,-1,,False,66cf0e36e1d30e0d,75.0,female,upper_extremity,Upper extremity,3,3,,False
milk10k,milk10k,images/ISIC_0118795.jpg,ISIC_0118795,sccka,g2240,dropped,none,2240,-1,unmapped_class:sccka,False,e66c33b319b1c60d,70.0,female,lower_extremity,Lower extremity,3,3,unmapped_class:sccka,False
milk10k,milk10k,images/ISIC_3141018.jpg,ISIC_3141018,sccka,g2241,dropped,none,2241,-1,unmapped_class:sccka,False,3b9267ee881c6c8b,50.0,male,upper_extremity,Upper extremity,3,3,unmapped_class:sccka,False
milk10k,milk10k,images/ISIC_4230181.jpg,ISIC_4230181,bcc,g2242,external_test,none,2242,-1,,False,cc8e1b983333cdc9,60.0,male,lower_extremity,Lower extremity,3,3,,False
milk10k,milk10k,images/ISIC_5723091.jpg,ISIC_5723091,bcc,g2243,external_test,none,2243,-1,,False,66669bba6499cb21,85.0,male,upper_extremity,Upper extremity,3,3,,False
milk10k,milk10k,images/ISIC_4728787.jpg,ISIC_4728787,bkl,g2244,external_test,none,2244,-1,,False,596306dcbc5b0da5,75.0,male,trunk,Trunk,3,3,,False
milk10k,milk10k,images/ISIC_2308599.jpg,ISIC_2308599,bcc,g2245,external_test,none,2245,-1,,False,a9e6f2b09b524da1,80.0,male,head_neck_face,Head and neck,4,4,,False
milk10k,milk10k,images/ISIC_6289650.jpg,ISIC_6289650,sccka,g2246,dropped,none,2246,-1,unmapped_class:sccka,False,64598b40af0abfab,80.0,female,upper_extremity,Upper extremity,4,4,unmapped_class:sccka,False
milk10k,milk10k,images/ISIC_2657415.jpg,ISIC_2657415,bcc,g2247,external_test,none,2247,-1,,False,adb480b2befa02ab,70.0,male,trunk,Trunk,3,3,,False
milk10k,milk10k,images/ISIC_2465599.jpg,ISIC_2465599,bcc,g2248,external_test,none,2248,-1,,False,e1fcb5ad52921643,65.0,female,upper_extremity,Upper extremity,3,3,,False
milk10k,milk10k,images/ISIC_6176939.jpg,ISIC_6176939,bcc,g2249,external_test,none,2249,-1,,True,3c63ce1c7b890637,65.0,male,trunk,Trunk,3,3,,False
milk10k,milk10k,images/ISIC_9614509.jpg,ISIC_9614509,bkl,g2250,external_test,none,2250,-1,,False,257bcb933dda8121,75.0,female,head_neck_face,Head and neck,4,4,,False
milk10k,milk10k,images/ISIC_0512725.jpg,ISIC_0512725,nv,g2251,external_test,none,2251,-1,,False,c3c99e320939f387,50.0,male,trunk,Trunk,2,2,,False
milk10k,milk10k,images/ISIC_6045854.jpg,ISIC_6045854,bcc,g2252,external_test,none,2252,-1,,True,96da6936b6d85a21,50.0,male,trunk,Trunk,3,3,,False
milk10k,milk10k,images/ISIC_4060384.jpg,ISIC_4060384,bcc,g2253,external_test,none,2253,-1,,True,7372c9ea27aa16a1,75.0,female,trunk,Trunk,3,3,,False
milk10k,milk10k,images/ISIC_5743197.jpg,ISIC_5743197,bcc,g2254,external_test,none,2254,-1,,False,6133939379499e87,85.0,female,head_neck_face,Head and neck,4,4,,False
milk10k,milk10k,images/ISIC_6527571.jpg,ISIC_6527571,bkl,g2255,external_test,none,2255,-1,,False,f9f2fc82dc22a289,55.0,female,trunk,Trunk,3,3,,False
milk10k,milk10k,images/ISIC_7752807.jpg,ISIC_7752807,bcc,g2256,external_test,none,2256,-1,,False,ed619ea06e52a9c9,65.0,female,head_neck_face,Head and neck,5 (lightest),5,,False
milk10k,milk10k,images/ISIC_9159246.jpg,ISIC_9159246,bcc,g2257,external_test,none,2257,-1,,False,e9b2fef879880621,40.0,male,upper_extremity,Upper extremity,3,3,,False
milk10k,milk10k,images/ISIC_4252694.jpg,ISIC_4252694,bcc,g2258,external_test,none,2258,-1,,False,a668cd70dd5232ab,50.0,female,head_neck_face,Head and neck,3,3,,False
milk10k,milk10k,images/ISIC_2335025.jpg,ISIC_2335025,bcc,g2259,external_test,none,2259,-1,,False,9ddb0dcad02855ab,60.0,male,trunk,Trunk,3,3,,False
milk10k,milk10k,images/ISIC_7218635.jpg,ISIC_7218635,akiec,g2260,external_test,none,2260,-1,,False,b8256378ef7a1303,45.0,male,head_neck_face,Head and neck,3,3,,False
milk10k,milk10k,images/ISIC_1195811.jpg,ISIC_1195811,bkl,g2261,external_test,none,2261,-1,,False,72c9f72947812c57,60.0,female,trunk,Trunk,5 (lightest),5,,False
milk10k,milk10k,images/ISIC_1759311.jpg,ISIC_1759311,bcc,g2262,external_test,none,2262,-1,,False,f31386c94e25d85d,35.0,female,trunk,Trunk,3,3,,False
milk10k,milk10k,images/ISIC_0408436.jpg,ISIC_0408436,mel,g2263,external_test,none,2263,-1,,False,764ccc939963e60d,75.0,male,trunk,Trunk,0-1 (darkest),1,,False
milk10k,milk10k,images/ISIC_2625621.jpg,ISIC_2625621,bcc,g2264,external_test,none,2264,-1,,True,399a7626c6317a87,55.0,male,trunk,Trunk,3,3,,False
milk10k,milk10k,images/ISIC_1414380.jpg,ISIC_1414380,bcc,g2265,external_test,none,2265,-1,,False,aee8eb42958897a3,75.0,female,lower_extremity,Lower extremity,3,3,,False
milk10k,milk10k,images/ISIC_3594638.jpg,ISIC_3594638,nv,g2266,external_test,none,2266,-1,,False,b238a74313c36cbd,65.0,male,trunk,Trunk,2,2,,False
milk10k,milk10k,images/ISIC_7230569.jpg,ISIC_7230569,nv,g2267,external_test,none,2267,-1,,False,7bf027f0b6425a0b,35.0,male,head_neck_face,Head and neck,5 (lightest),5,,False
milk10k,milk10k,images/ISIC_3023437.jpg,ISIC_3023437,bcc,g2268,external_test,none,2268,-1,,False,9d4663ac5e23ec83,60.0,female,head_neck_face,Head and neck,3,3,,False
milk10k,milk10k,images/ISIC_5706380.jpg,ISIC_5706380,bcc,g2269,external_test,none,2269,-1,,False,cc32b1c99930e6cf,85.0,male,head_neck_face,Head and neck,3,3,,False
milk10k,milk10k,images/ISIC_2100652.jpg,ISIC_2100652,nv,g2270,external_test,none,2270,-1,,False,3c9c96996373c88d,40.0,female,lower_extremity,Lower extremity,3,3,,False
milk10k,milk10k,images/ISIC_6287649.jpg,ISIC_6287649,bcc,g2271,external_test,none,2271,-1,,False,c3f98ec3bc08b9a1,60.0,female,trunk,Trunk,4,4,,False
milk10k,milk10k,images/ISIC_0844469.jpg,ISIC_0844469,bcc,g2272,external_test,none,2272,-1,,False,9bc43662bddac489,65.0,male,lower_extremity,Lower extremity,3,3,,False
milk10k,milk10k,images/ISIC_1866476.jpg,ISIC_1866476,bcc,g2273,external_test,none,2273,-1,,True,43875eb2e6cc238b,55.0,male,trunk,Trunk,3,3,,False
milk10k,milk10k,images/ISIC_1318325.jpg,ISIC_1318325,bcc,g2274,external_test,none,2274,-1,,False,b6f2954c3b629683,75.0,male,trunk,Trunk,3,3,,False
milk10k,milk10k,images/ISIC_3201692.jpg,ISIC_3201692,bcc,g2275,external_test,none,2275,-1,,True,e39cbf82dc1291c9,65.0,female,trunk,Trunk,4,4,,False
milk10k,milk10k,images/ISIC_3763896.jpg,ISIC_3763896,bkl,g2276,external_test,none,2276,-1,,False,fba6bf086710bd01,70.0,male,head_neck_face,Head and neck,4,4,,False
milk10k,milk10k,images/ISIC_0620394.jpg,ISIC_0620394,bcc,g2277,external_test,none,2277,-1,,False,d94c223a9c6974b7,85.0,female,upper_extremity,Upper extremity,3,3,,False
milk10k,milk10k,images/ISIC_6717455.jpg,ISIC_6717455,bcc,g2278,external_test,none,2278,-1,,False,9ab2b33031dbcc47,75.0,male,trunk,Trunk,3,3,,False
milk10k,milk10k,images/ISIC_9519917.jpg,ISIC_9519917,bcc,g2279,external_test,none,2279,-1,,False,3233d5cc96311dcb,70.0,female,head_neck_face,Head and neck,2,2,,False
milk10k,milk10k,images/ISIC_6500642.jpg,ISIC_6500642,bcc,g2280,external_test,none,2280,-1,,True,d9ccb308afc3930d,55.0,female,trunk,Trunk,3,3,,False
milk10k,milk10k,images/ISIC_4965110.jpg,ISIC_4965110,sccka,g2281,dropped,none,2281,-1,unmapped_class:sccka,False,e99c5b3ae9f06007,45.0,male,trunk,Trunk,3,3,unmapped_class:sccka,False
milk10k,milk10k,images/ISIC_4617290.jpg,ISIC_4617290,vasc,g2282,external_test,none,2282,-1,,True,d2b3cb4b16892c37,60.0,female,lower_extremity,Lower extremity,3,3,,False
milk10k,milk10k,images/ISIC_9543805.jpg,ISIC_9543805,nv,g2283,external_test,none,2283,-1,,True,93cc5933c9d92627,20.0,female,lower_extremity,Lower extremity,2,2,,False
milk10k,milk10k,images/ISIC_5188621.jpg,ISIC_5188621,nv,g2284,external_test,none,2284,-1,,False,190e6626cd997567,75.0,female,head_neck_face,Head and neck,3,3,,False
milk10k,milk10k,images/ISIC_0955754.jpg,ISIC_0955754,sccka,g2285,dropped,none,2285,-1,unmapped_class:sccka,False,7988ab3cacf0c6a3,85.0,male,head_neck_face,Head and neck,3,3,unmapped_class:sccka,False
milk10k,milk10k,images/ISIC_6603709.jpg,ISIC_6603709,akiec,g2286,external_test,none,2286,-1,,False,b1bd06c21a3ab95d,70.0,male,head_neck_face,Head and neck,0-1 (darkest),1,,False
milk10k,milk10k,images/ISIC_4571498.jpg,ISIC_4571498,bcc,g2287,external_test,none,2287,-1,,False,fcc0b1e40d19b3e3,65.0,male,lower_extremity,Lower extremity,5 (lightest),5,,False
milk10k,milk10k,images/ISIC_4757447.jpg,ISIC_4757447,bcc,g2288,external_test,none,2288,-1,,True,ee6a3e88d9227d81,70.0,male,lower_extremity,Lower extremity,3,3,,False
milk10k,milk10k,images/ISIC_3735182.jpg,ISIC_3735182,bcc,g2289,external_test,none,2289,-1,,False,b4e8369cdcf20d89,60.0,female,head_neck_face,Head and neck,3,3,,False
milk10k,milk10k,images/ISIC_8800271.jpg,ISIC_8800271,bkl,g2290,external_test,none,2290,-1,,False,988c273ed959268f,70.0,male,trunk,Trunk,5 (lightest),5,,False
milk10k,milk10k,images/ISIC_1806435.jpg,ISIC_1806435,bkl,g2291,external_test,none,2291,-1,,False,b88b5bd186591967,75.0,male,trunk,Trunk,2,2,,False
milk10k,milk10k,images/ISIC_0497849.jpg,ISIC_0497849,bcc,g2292,external_test,none,2292,-1,,False,76c624bbcba21933,40.0,male,head_neck_face,Head and neck,3,3,,False
milk10k,milk10k,images/ISIC_8509634.jpg,ISIC_8509634,nv,g2293,external_test,none,2293,-1,,False,39263319e3d94c8f,20.0,female,lower_extremity,Lower extremity,3,3,,False
milk10k,milk10k,images/ISIC_3455310.jpg,ISIC_3455310,mel,g2294,dropped,none,2294,-1,duplicate_of_ham10000,False,938e5c93f00387bd,45.0,male,trunk,Trunk,2,2,duplicate_of_ham10000,False
milk10k,milk10k,images/ISIC_2651140.jpg,ISIC_2651140,bcc,g2295,external_test,none,2295,-1,,False,d6206d86917b635d,75.0,male,upper_extremity,Upper extremity,3,3,,False
milk10k,milk10k,images/ISIC_6409368.jpg,ISIC_6409368,bcc,g2296,external_test,none,2296,-1,,True,1b846c47b19bc765,55.0,male,head_neck_face,Head and neck,3,3,,False
milk10k,milk10k,images/ISIC_6819573.jpg,ISIC_6819573,akiec,g2297,external_test,none,2297,-1,,False,1b64b3b64c59e323,50.0,male,trunk,Trunk,3,3,,False
milk10k,milk10k,images/ISIC_5765413.jpg,ISIC_5765413,bcc,g2298,external_test,none,2298,-1,,True,b726f3a234b8a48b,70.0,male,upper_extremity,Upper extremity,3,3,,False
milk10k,milk10k,images/ISIC_6480143.jpg,ISIC_6480143,mel,g2299,external_test,none,2299,-1,,False,5b38a9c35ba3861d,70.0,female,head_neck_face,Head and neck,3,3,,False
milk10k,milk10k,images/ISIC_9267796.jpg,ISIC_9267796,nv,g2300,external_test,none,2300,-1,,False,a11b0f79d7a11a17,50.0,male,lower_extremity,Lower extremity,3,3,,False
milk10k,milk10k,images/ISIC_5405039.jpg,ISIC_5405039,bcc,g2301,external_test,none,2301,-1,,False,823a59eb18abb1b9,45.0,female,lower_extremity,Lower extremity,5 (lightest),5,,False
milk10k,milk10k,images/ISIC_5304804.jpg,ISIC_5304804,bcc,g2302,external_test,none,2302,-1,,False,5086075e0dc9edbd,50.0,female,lower_extremity,Lower extremity,3,3,,False
milk10k,milk10k,images/ISIC_8361691.jpg,ISIC_8361691,bcc,g2303,external_test,none,2303,-1,,False,49b98cde3ed65a01,80.0,female,upper_extremity,Upper extremity,3,3,,False
milk10k,milk10k,images/ISIC_9180642.jpg,ISIC_9180642,bcc,g2304,external_test,none,2304,-1,,False,3bc05cdf811a7e61,75.0,male,trunk,Trunk,4,4,,False
milk10k,milk10k,images/ISIC_4518133.jpg,ISIC_4518133,bcc,g2305,external_test,none,2305,-1,,False,ad739e30e7c07d01,75.0,female,lower_extremity,Lower extremity,4,4,,False
milk10k,milk10k,images/ISIC_6612848.jpg,ISIC_6612848,bcc,g2306,external_test,none,2306,-1,,True,be9e771301e3a2a1,50.0,female,trunk,Trunk,4,4,,False
milk10k,milk10k,images/ISIC_1800713.jpg,ISIC_1800713,bcc,g2307,external_test,none,2307,-1,,False,1cd9133334b346cf,65.0,male,head_neck_face,Head and neck,0-1 (darkest),1,,False
milk10k,milk10k,images/ISIC_0934708.jpg,ISIC_0934708,mel,g2308,external_test,none,2308,-1,,True,6db2b619c3691837,85.0,male,upper_extremity,Upper extremity,2,2,,False
milk10k,milk10k,images/ISIC_4686711.jpg,ISIC_4686711,akiec,g2309,external_test,none,2309,-1,,False,ad4ce621d99bc447,65.0,female,trunk,Trunk,4,4,,False
milk10k,milk10k,images/ISIC_9668892.jpg,ISIC_9668892,nv,g2310,external_test,none,2310,-1,,False,c316ce583ce94397,5.0,female,head_neck_face,Head and neck,4,4,,False
milk10k,milk10k,images/ISIC_9867644.jpg,ISIC_9867644,nv,g2311,external_test,none,2311,-1,,False,b7f0e9c46d927421,40.0,female,head_neck_face,Head and neck,3,3,,False
milk10k,milk10k,images/ISIC_2449691.jpg,ISIC_2449691,bcc,g2312,external_test,none,2312,-1,,False,0e39f3ce8cb33185,80.0,male,trunk,Trunk,3,3,,False
milk10k,milk10k,images/ISIC_9000883.jpg,ISIC_9000883,akiec,g2313,external_test,none,2313,-1,,False,4d59b7599ca0e325,85.0,female,head_neck_face,Head and neck,4,4,,False
milk10k,milk10k,images/ISIC_3788301.jpg,ISIC_3788301,sccka,g2314,dropped,none,2314,-1,unmapped_class:sccka,False,646a7928db8a6ea3,85.0,male,trunk,Trunk,3,3,unmapped_class:sccka,False
milk10k,milk10k,images/ISIC_8857322.jpg,ISIC_8857322,bcc,g2315,external_test,none,2315,-1,,False,14fcf69661691e89,85.0,female,head_neck_face,Head and neck,3,3,,False
milk10k,milk10k,images/ISIC_4896910.jpg,ISIC_4896910,bkl,g2316,external_test,none,2316,-1,,False,7c98e4a1964b79a5,70.0,male,head_neck_face,Head and neck,0-1 (darkest),1,,False
milk10k,milk10k,images/ISIC_6910330.jpg,ISIC_6910330,mel,g2317,external_test,none,2317,-1,,False,79b2b61886e1aaab,60.0,female,head_neck_face,Head and neck,5 (lightest),5,,False
milk10k,milk10k,images/ISIC_1366649.jpg,ISIC_1366649,sccka,g2318,dropped,none,2318,-1,unmapped_class:sccka,False,6ce2a558f85a73a1,65.0,male,hand,Upper extremity,3,3,unmapped_class:sccka,False
milk10k,milk10k,images/ISIC_0282454.jpg,ISIC_0282454,nv,g2319,external_test,none,2319,-1,,False,938c7cb3c5c3380f,45.0,male,trunk,Trunk,3,3,,False
milk10k,milk10k,images/ISIC_8038352.jpg,ISIC_8038352,bkl,g2320,external_test,none,2320,-1,,False,4077d9d8e43a1e8b,50.0,female,head_neck_face,Head and neck,3,3,,False
milk10k,milk10k,images/ISIC_5026774.jpg,ISIC_5026774,bcc,g2321,external_test,none,2321,-1,,False,73e68e9c12315c8f,80.0,male,trunk,Trunk,3,3,,False
milk10k,milk10k,images/ISIC_3578286.jpg,ISIC_3578286,mel,g2322,external_test,none,2322,-1,,False,de388be8a4a25b8b,70.0,male,trunk,Trunk,2,2,,False
milk10k,milk10k,images/ISIC_7390977.jpg,ISIC_7390977,mel,g2323,external_test,none,2323,-1,,False,12fa2cf2bda8f205,55.0,male,trunk,Trunk,3,3,,False
milk10k,milk10k,images/ISIC_6354001.jpg,ISIC_6354001,akiec,g2324,external_test,none,2324,-1,,False,fbe2ffc0f7007001,75.0,female,head_neck_face,Head and neck,5 (lightest),5,,False
milk10k,milk10k,images/ISIC_7490723.jpg,ISIC_7490723,bcc,g2325,external_test,none,2325,-1,,False,de52fd42f002d2ab,70.0,female,upper_extremity,Upper extremity,5 (lightest),5,,False
milk10k,milk10k,images/ISIC_9323438.jpg,ISIC_9323438,bcc,g2326,dropped,none,2326,-1,duplicate_of_ham10000,False,17f86e87f0690ba1,80.0,male,head_neck_face,Head and neck,4,4,duplicate_of_ham10000,False
milk10k,milk10k,images/ISIC_7154038.jpg,ISIC_7154038,bcc,g2327,external_test,none,2327,-1,,False,db2d91069c53e46d,80.0,female,trunk,Trunk,3,3,,False
milk10k,milk10k,images/ISIC_3211877.jpg,ISIC_3211877,sccka,g2328,dropped,none,2328,-1,unmapped_class:sccka,False,bf946b82a1d0ada9,80.0,female,upper_extremity,Upper extremity,3,3,unmapped_class:sccka,False
milk10k,milk10k,images/ISIC_4119665.jpg,ISIC_4119665,bcc,g2329,external_test,none,2329,-1,,False,ad4f3032a46ad7a9,60.0,male,head_neck_face,Head and neck,5 (lightest),5,,False
milk10k,milk10k,images/ISIC_3625335.jpg,ISIC_3625335,akiec,g2330,external_test,none,2330,-1,,False,1d43bc1373a1c68f,70.0,male,upper_extremity,Upper extremity,2,2,,False
milk10k,milk10k,images/ISIC_0508714.jpg,ISIC_0508714,nv,g2331,external_test,none,2331,-1,,False,d0b30bd30d09f2bd,10.0,female,head_neck_face,Head and neck,0-1 (darkest),1,,False
milk10k,milk10k,images/ISIC_9945604.jpg,ISIC_9945604,bcc,g2332,external_test,none,2332,-1,,False,cc06d267b19b1c6d,70.0,male,trunk,Trunk,3,3,,False
milk10k,milk10k,images/ISIC_4943472.jpg,ISIC_4943472,akiec,g2333,external_test,none,2333,-1,,True,6d1c1c75e3c32c39,65.0,female,lower_extremity,Lower extremity,3,3,,False
milk10k,milk10k,images/ISIC_2353638.jpg,ISIC_2353638,bcc,g2334,external_test,none,2334,-1,,True,d933f04f703063ab,60.0,male,trunk,Trunk,3,3,,False
milk10k,milk10k,images/ISIC_7379221.jpg,ISIC_7379221,bkl,g2335,external_test,none,2335,-1,,False,a6af79b45740892b,50.0,male,lower_extremity,Lower extremity,3,3,,False
milk10k,milk10k,images/ISIC_8455179.jpg,ISIC_8455179,bcc,g2336,external_test,none,2336,-1,,False,c207a5165af0b6f3,70.0,male,lower_extremity,Lower extremity,3,3,,False
milk10k,milk10k,images/ISIC_1482437.jpg,ISIC_1482437,bcc,g2337,external_test,none,2337,-1,,False,d8ae63a6db203789,65.0,female,lower_extremity,Lower extremity,3,3,,False
milk10k,milk10k,images/ISIC_0461233.jpg,ISIC_0461233,bcc,g2338,external_test,none,2338,-1,,False,acf9e12696d85a23,75.0,male,head_neck_face,Head and neck,3,3,,False
milk10k,milk10k,images/ISIC_6588275.jpg,ISIC_6588275,nv,g2339,external_test,none,2339,-1,,False,6030339bc7798ce7,35.0,male,trunk,Trunk,3,3,,False
milk10k,milk10k,images/ISIC_2090929.jpg,ISIC_2090929,nv,g2340,external_test,none,2340,-1,,False,6c9973c964399b25,35.0,female,trunk,Trunk,2,2,,False
milk10k,milk10k,images/ISIC_3422780.jpg,ISIC_3422780,sccka,g2341,dropped,none,2341,-1,unmapped_class:sccka,False,7df0a45e122c7ba1,60.0,male,lower_extremity,Lower extremity,3,3,unmapped_class:sccka,False
milk10k,milk10k,images/ISIC_5517161.jpg,ISIC_5517161,nv,g2342,external_test,none,2342,-1,,False,c426183b633bd1cf,40.0,female,trunk,Trunk,2,2,,False
milk10k,milk10k,images/ISIC_1780213.jpg,ISIC_1780213,bcc,g2343,external_test,none,2343,-1,,False,bbf2c4c41d1aba83,30.0,female,trunk,Trunk,3,3,,False
milk10k,milk10k,images/ISIC_2842565.jpg,ISIC_2842565,bcc,g2344,dropped,none,2344,-1,duplicate_of_ham10000,False,ce35dcf48c8a3389,65.0,male,head_neck_face,Head and neck,4,4,duplicate_of_ham10000,False
milk10k,milk10k,images/ISIC_4491028.jpg,ISIC_4491028,bkl,g2345,external_test,none,2345,-1,,True,f4cadc360a9887ab,70.0,male,trunk,Trunk,3,3,,False
milk10k,milk10k,images/ISIC_2995621.jpg,ISIC_2995621,sccka,g2346,dropped,none,2346,-1,unmapped_class:sccka,False,a6ac91716d96368b,70.0,male,lower_extremity,Lower extremity,3,3,unmapped_class:sccka,False
milk10k,milk10k,images/ISIC_8177696.jpg,ISIC_8177696,bcc,g2347,external_test,none,2347,-1,,True,f46eec28e2e0d313,65.0,male,head_neck_face,Head and neck,4,4,,False
milk10k,milk10k,images/ISIC_9400150.jpg,ISIC_9400150,sccka,g2348,dropped,none,2348,-1,unmapped_class:sccka,False,364bc9633309c377,55.0,male,lower_extremity,Lower extremity,3,3,unmapped_class:sccka,False
milk10k,milk10k,images/ISIC_9174580.jpg,ISIC_9174580,mel,g2349,external_test,none,2349,-1,,False,332ecc990c6173af,55.0,female,trunk,Trunk,2,2,,False
milk10k,milk10k,images/ISIC_6280109.jpg,ISIC_6280109,nv,g2350,external_test,none,2350,-1,,False,43cc4cb66319bdc5,65.0,male,trunk,Trunk,2,2,,False
milk10k,milk10k,images/ISIC_8541956.jpg,ISIC_8541956,bkl,g2351,external_test,none,2351,-1,,False,7e8dbb4e4cb89c01,60.0,male,trunk,Trunk,3,3,,False
milk10k,milk10k,images/ISIC_8914963.jpg,ISIC_8914963,bcc,g2352,external_test,none,2352,-1,,False,e423f892c2ea33ad,60.0,male,lower_extremity,Lower extremity,3,3,,False
milk10k,milk10k,images/ISIC_2020975.jpg,ISIC_2020975,bcc,g2353,external_test,none,2353,-1,,True,8fc876e81b1a6f81,75.0,female,trunk,Trunk,4,4,,False
milk10k,milk10k,images/ISIC_9232517.jpg,ISIC_9232517,bcc,g2354,external_test,none,2354,-1,,False,fee2dae2e2a0d281,60.0,female,trunk,Trunk,3,3,,False
milk10k,milk10k,images/ISIC_3751292.jpg,ISIC_3751292,sccka,g2355,dropped,none,2355,-1,unmapped_class:sccka,False,0cc5a9bd6fe0c703,75.0,male,head_neck_face,Head and neck,4,4,unmapped_class:sccka,False
milk10k,milk10k,images/ISIC_9703510.jpg,ISIC_9703510,bcc,g2356,external_test,none,2356,-1,,False,7997960c67646c71,65.0,male,lower_extremity,Lower extremity,3,3,,False
milk10k,milk10k,images/ISIC_4191930.jpg,ISIC_4191930,akiec,g2357,external_test,none,2357,-1,,False,a6d696f2183ad929,55.0,female,hand,Upper extremity,3,3,,False
milk10k,milk10k,images/ISIC_5138441.jpg,ISIC_5138441,bcc,g2358,external_test,none,2358,-1,,False,f7f2c42c70a18e8b,65.0,male,trunk,Trunk,3,3,,False
milk10k,milk10k,images/ISIC_7638974.jpg,ISIC_7638974,mel,g2359,external_test,none,2359,-1,,False,64c6de1c3991c46f,55.0,female,lower_extremity,Lower extremity,2,2,,False
milk10k,milk10k,images/ISIC_0489440.jpg,ISIC_0489440,nv,g2360,external_test,none,2360,-1,,False,a33cd1f109c3a63d,65.0,female,trunk,Trunk,4,4,,False
milk10k,milk10k,images/ISIC_6119517.jpg,ISIC_6119517,nv,g2361,external_test,none,2361,-1,,True,b1ca8cbe537324c5,30.0,male,trunk,Trunk,2,2,,False
milk10k,milk10k,images/ISIC_6626242.jpg,ISIC_6626242,akiec,g2362,external_test,none,2362,-1,,False,8eabcd24792ca1e3,70.0,male,hand,Upper extremity,3,3,,False
milk10k,milk10k,images/ISIC_2573194.jpg,ISIC_2573194,mel,g2363,external_test,none,2363,-1,,False,e65886e3920969bf,70.0,male,upper_extremity,Upper extremity,3,3,,False
milk10k,milk10k,images/ISIC_5129541.jpg,ISIC_5129541,nv,g2364,external_test,none,2364,-1,,True,1919c9194d73b6a7,30.0,female,trunk,Trunk,4,4,,False
milk10k,milk10k,images/ISIC_3698441.jpg,ISIC_3698441,mel,g2365,external_test,none,2365,-1,,True,639367339649c9a5,55.0,male,trunk,Trunk,3,3,,False
milk10k,milk10k,images/ISIC_4598786.jpg,ISIC_4598786,bcc,g2366,external_test,none,2366,-1,,False,fd6844ec61a15f0b,80.0,male,lower_extremity,Lower extremity,3,3,,False
milk10k,milk10k,images/ISIC_1748084.jpg,ISIC_1748084,mel,g2367,external_test,none,2367,-1,,True,c96633cc2619cda7,60.0,male,trunk,Trunk,0-1 (darkest),1,,False
milk10k,milk10k,images/ISIC_4225552.jpg,ISIC_4225552,bcc,g2368,external_test,none,2368,-1,,False,960819caef1ae799,65.0,male,upper_extremity,Upper extremity,3,3,,False
milk10k,milk10k,images/ISIC_8236388.jpg,ISIC_8236388,bcc,g2369,external_test,none,2369,-1,,False,fbe6b61e0c30d289,40.0,female,head_neck_face,Head and neck,3,3,,False
milk10k,milk10k,images/ISIC_2378919.jpg,ISIC_2378919,sccka,g2370,dropped,none,2370,-1,unmapped_class:sccka,False,936849e50d96de63,85.0,male,head_neck_face,Head and neck,5 (lightest),5,unmapped_class:sccka,False
milk10k,milk10k,images/ISIC_0311394.jpg,ISIC_0311394,akiec,g2371,external_test,none,2371,-1,,False,35c81b33cc4cbcab,45.0,male,upper_extremity,Upper extremity,3,3,,False
milk10k,milk10k,images/ISIC_5645559.jpg,ISIC_5645559,nv,g2372,external_test,none,2372,-1,,False,6693994c26d3b92d,50.0,female,trunk,Trunk,3,3,,False
milk10k,milk10k,images/ISIC_4937672.jpg,ISIC_4937672,mel,g2373,external_test,none,2373,-1,,False,c7e8d8a8b903e6a9,70.0,male,lower_extremity,Lower extremity,4,4,,False
milk10k,milk10k,images/ISIC_8405549.jpg,ISIC_8405549,nv,g2374,external_test,none,2374,-1,,True,22338edb996926b5,50.0,male,head_neck_face,Head and neck,2,2,,False
milk10k,milk10k,images/ISIC_6638137.jpg,ISIC_6638137,mel,g2375,external_test,none,2375,-1,,False,197069b81743e4f7,60.0,female,head_neck_face,Head and neck,3,3,,False
milk10k,milk10k,images/ISIC_5953692.jpg,ISIC_5953692,nv,g2376,external_test,none,2376,-1,,False,1b6919b16dc3c61d,5.0,male,trunk,Trunk,3,3,,False
milk10k,milk10k,images/ISIC_6435029.jpg,ISIC_6435029,nv,g2377,external_test,none,2377,-1,,False,74663863d2913c6f,65.0,female,trunk,Trunk,3,3,,False
milk10k,milk10k,images/ISIC_6719081.jpg,ISIC_6719081,bcc,g2378,external_test,none,2378,-1,,True,4e6916add2e82f15,60.0,male,trunk,Trunk,5 (lightest),5,,False
milk10k,milk10k,images/ISIC_0342710.jpg,ISIC_0342710,nv,g2379,external_test,none,2379,-1,,False,edfa85ea0da94701,,male,head_neck_face,Head and neck,3,3,,False
milk10k,milk10k,images/ISIC_7812529.jpg,ISIC_7812529,nv,g2380,external_test,none,2380,-1,,False,4fc01a7bfa18e989,75.0,male,head_neck_face,Head and neck,3,3,,False
milk10k,milk10k,images/ISIC_2340945.jpg,ISIC_2340945,nv,g2381,external_test,none,2381,-1,,True,49b96891bc0356df,60.0,male,trunk,Trunk,3,3,,False
milk10k,milk10k,images/ISIC_4091460.jpg,ISIC_4091460,inf,g2382,dropped,none,2382,-1,unmapped_class:inf,False,fc39f1019ba4833d,65.0,female,head_neck_face,Head and neck,5 (lightest),5,unmapped_class:inf,False
milk10k,milk10k,images/ISIC_3825515.jpg,ISIC_3825515,nv,g2383,external_test,none,2383,-1,,False,298a9866769b566d,50.0,male,lower_extremity,Lower extremity,2,2,,False
milk10k,milk10k,images/ISIC_1279315.jpg,ISIC_1279315,inf,g2384,dropped,none,2384,-1,unmapped_class:inf,False,ce177491ccc338ad,70.0,female,lower_extremity,Lower extremity,3,3,unmapped_class:inf,False
milk10k,milk10k,images/ISIC_1042270.jpg,ISIC_1042270,bcc,g2385,external_test,none,2385,-1,,True,e4525a6d619adcc3,65.0,male,trunk,Trunk,3,3,,False
milk10k,milk10k,images/ISIC_6904950.jpg,ISIC_6904950,mel,g2386,external_test,none,2386,-1,,False,7e2913852c23ecd7,65.0,male,trunk,Trunk,4,4,,False
milk10k,milk10k,images/ISIC_3826101.jpg,ISIC_3826101,bcc,g2387,external_test,none,2387,-1,,True,f36b599d8851860f,85.0,male,head_neck_face,Head and neck,5 (lightest),5,,False
milk10k,milk10k,images/ISIC_2011159.jpg,ISIC_2011159,bcc,g2388,external_test,none,2388,-1,,False,71b6e3fe03d0070b,80.0,male,head_neck_face,Head and neck,3,3,,False
milk10k,milk10k,images/ISIC_2384953.jpg,ISIC_2384953,bkl,g2389,external_test,none,2389,-1,,False,8ef2fd381922e48b,80.0,male,trunk,Trunk,3,3,,False
milk10k,milk10k,images/ISIC_0857448.jpg,ISIC_0857448,bkl,g2390,external_test,none,2390,-1,,True,9b906ee6d9982563,70.0,male,trunk,Trunk,4,4,,False
milk10k,milk10k,images/ISIC_1549163.jpg,ISIC_1549163,bkl,g2391,external_test,none,2391,-1,,False,660a49aefd18bbc1,30.0,female,trunk,Trunk,3,3,,False
milk10k,milk10k,images/ISIC_1947192.jpg,ISIC_1947192,bcc,g2392,external_test,none,2392,-1,,False,d3d18992a64b4a3f,70.0,male,trunk,Trunk,3,3,,False
milk10k,milk10k,images/ISIC_5666984.jpg,ISIC_5666984,sccka,g2393,dropped,none,2393,-1,unmapped_class:sccka,False,3d8e1cb89efc2b01,50.0,male,head_neck_face,Head and neck,3,3,unmapped_class:sccka,False
milk10k,milk10k,images/ISIC_3173642.jpg,ISIC_3173642,bkl,g2394,external_test,none,2394,-1,,False,ea1af5e68282dd0b,70.0,female,trunk,Trunk,3,3,,False
milk10k,milk10k,images/ISIC_8693307.jpg,ISIC_8693307,nv,g2395,external_test,none,2395,-1,,True,0e7b973160231bd7,30.0,female,trunk,Trunk,3,3,,False
milk10k,milk10k,images/ISIC_1658566.jpg,ISIC_1658566,bcc,g2396,external_test,none,2396,-1,,True,59d345e4d8b1274b,70.0,female,trunk,Trunk,3,3,,False
milk10k,milk10k,images/ISIC_9581647.jpg,ISIC_9581647,nv,g2397,external_test,none,2397,-1,,False,b60e197869c3ccb5,70.0,male,trunk,Trunk,3,3,,False
milk10k,milk10k,images/ISIC_3727371.jpg,ISIC_3727371,bcc,g2398,external_test,none,2398,-1,,False,5bd89b62fc8ae821,50.0,female,lower_extremity,Lower extremity,3,3,,False
milk10k,milk10k,images/ISIC_6042297.jpg,ISIC_6042297,bcc,g2399,external_test,none,2399,-1,,True,6138d66ec9667689,40.0,male,head_neck_face,Head and neck,3,3,,False
milk10k,milk10k,images/ISIC_1807060.jpg,ISIC_1807060,bcc,g2400,external_test,none,2400,-1,,False,32b7f06c5be0e641,50.0,female,upper_extremity,Upper extremity,3,3,,False
milk10k,milk10k,images/ISIC_3729865.jpg,ISIC_3729865,bcc,g2401,external_test,none,2401,-1,,False,bba39b8a2da8dd01,60.0,female,lower_extremity,Lower extremity,2,2,,False
milk10k,milk10k,images/ISIC_3631653.jpg,ISIC_3631653,sccka,g2402,dropped,none,2402,-1,unmapped_class:sccka,False,48dce30ee72c19e3,50.0,male,hand,Upper extremity,3,3,unmapped_class:sccka,False
milk10k,milk10k,images/ISIC_3666002.jpg,ISIC_3666002,sccka,g2403,dropped,none,2403,-1,unmapped_class:sccka,False,8c768f1e76f42981,50.0,male,hand,Upper extremity,3,3,unmapped_class:sccka,False
milk10k,milk10k,images/ISIC_1675475.jpg,ISIC_1675475,bcc,g2404,external_test,none,2404,-1,,True,87c26be603c9e635,50.0,female,lower_extremity,Lower extremity,4,4,,False
milk10k,milk10k,images/ISIC_9674469.jpg,ISIC_9674469,bcc,g2405,external_test,none,2405,-1,,False,73120ecb7be3b501,70.0,male,head_neck_face,Head and neck,4,4,,False
milk10k,milk10k,images/ISIC_8469156.jpg,ISIC_8469156,mel,g2406,external_test,none,2406,-1,,False,70e8cac983a9ec57,65.0,male,trunk,Trunk,3,3,,False
milk10k,milk10k,images/ISIC_2410902.jpg,ISIC_2410902,nv,g2407,external_test,none,2407,-1,,False,666627cc99996467,80.0,female,trunk,Trunk,4,4,,False
milk10k,milk10k,images/ISIC_7382992.jpg,ISIC_7382992,sccka,g2408,dropped,none,2408,-1,unmapped_class:sccka,False,dfc2c88a4e0afaa9,45.0,male,lower_extremity,Lower extremity,3,3,unmapped_class:sccka,False
milk10k,milk10k,images/ISIC_6952094.jpg,ISIC_6952094,bcc,g2409,external_test,none,2409,-1,,True,eb48b902dd2ad6a9,50.0,male,trunk,Trunk,3,3,,False
milk10k,milk10k,images/ISIC_8746170.jpg,ISIC_8746170,sccka,g2410,dropped,none,2410,-1,unmapped_class:sccka,False,f731bc91960a4b2b,70.0,female,lower_extremity,Lower extremity,3,3,unmapped_class:sccka,False
milk10k,milk10k,images/ISIC_2812513.jpg,ISIC_2812513,nv,g2411,external_test,none,2411,-1,,False,09485b5ba8e93d3d,,female,head_neck_face,Head and neck,0-1 (darkest),0,,False
milk10k,milk10k,images/ISIC_1219190.jpg,ISIC_1219190,bcc,g2412,external_test,none,2412,-1,,False,ab86ec44573a3b49,60.0,female,upper_extremity,Upper extremity,3,3,,False
milk10k,milk10k,images/ISIC_3354653.jpg,ISIC_3354653,akiec,g2413,external_test,none,2413,-1,,False,f9f87cf873a84201,80.0,male,head_neck_face,Head and neck,3,3,,False
milk10k,milk10k,images/ISIC_9881436.jpg,ISIC_9881436,bcc,g2414,external_test,none,2414,-1,,False,4b6a2d2df57c04a9,65.0,male,lower_extremity,Lower extremity,4,4,,False
milk10k,milk10k,images/ISIC_7451958.jpg,ISIC_7451958,bcc,g2415,external_test,none,2415,-1,,False,9b4c6e333833b82d,80.0,female,head_neck_face,Head and neck,4,4,,False
milk10k,milk10k,images/ISIC_5501634.jpg,ISIC_5501634,bcc,g2416,external_test,none,2416,-1,,False,bda4cb0e2586d173,60.0,male,lower_extremity,Lower extremity,3,3,,False
milk10k,milk10k,images/ISIC_5156395.jpg,ISIC_5156395,akiec,g2417,external_test,none,2417,-1,,False,9b4b64a61c996367,45.0,male,trunk,Trunk,4,4,,False
milk10k,milk10k,images/ISIC_7982443.jpg,ISIC_7982443,nv,g2418,external_test,none,2418,-1,,True,c652913b3351de8d,50.0,male,head_neck_face,Head and neck,2,2,,False
milk10k,milk10k,images/ISIC_1029279.jpg,ISIC_1029279,bcc,g2419,dropped,none,2419,-1,duplicate_of_ham10000,False,eec91c033b2ccd47,65.0,female,head_neck_face,Head and neck,4,4,duplicate_of_ham10000,False
milk10k,milk10k,images/ISIC_3302174.jpg,ISIC_3302174,sccka,g2420,dropped,none,2420,-1,unmapped_class:sccka,False,96189f3690e366ad,85.0,female,lower_extremity,Lower extremity,4,4,unmapped_class:sccka,False
milk10k,milk10k,images/ISIC_8021491.jpg,ISIC_8021491,sccka,g2421,dropped,none,2421,-1,unmapped_class:sccka,False,a9329ccc63f07b89,55.0,male,hand,Upper extremity,3,3,unmapped_class:sccka,False
milk10k,milk10k,images/ISIC_2897284.jpg,ISIC_2897284,bcc,g2422,external_test,none,2422,-1,,False,64c399474eb91a4f,55.0,male,head_neck_face,Head and neck,3,3,,False
milk10k,milk10k,images/ISIC_4794413.jpg,ISIC_4794413,bcc,g2423,external_test,none,2423,-1,,False,e9ec23dab27c81c1,85.0,female,head_neck_face,Head and neck,5 (lightest),5,,False
milk10k,milk10k,images/ISIC_4141476.jpg,ISIC_4141476,sccka,g2424,dropped,none,2424,-1,unmapped_class:sccka,False,397366cc89331ccd,85.0,male,trunk,Trunk,4,4,unmapped_class:sccka,False
milk10k,milk10k,images/ISIC_8695042.jpg,ISIC_8695042,bcc,g2425,external_test,none,2425,-1,,False,c750738e9378a1ab,65.0,male,trunk,Trunk,3,3,,False
milk10k,milk10k,images/ISIC_3033732.jpg,ISIC_3033732,nv,g2426,external_test,none,2426,-1,,True,99929b39296966c7,40.0,female,lower_extremity,Lower extremity,4,4,,False
milk10k,milk10k,images/ISIC_0265421.jpg,ISIC_0265421,bkl,g2427,external_test,none,2427,-1,,False,366a9bf64658858b,70.0,male,trunk,Trunk,3,3,,False
milk10k,milk10k,images/ISIC_9738040.jpg,ISIC_9738040,bcc,g2428,external_test,none,2428,-1,,False,da2a23c646397b8b,65.0,male,trunk,Trunk,3,3,,False
milk10k,milk10k,images/ISIC_4984773.jpg,ISIC_4984773,bcc,g2429,external_test,none,2429,-1,,False,c72860f68f699e83,75.0,female,head_neck_face,Head and neck,3,3,,False
milk10k,milk10k,images/ISIC_0103392.jpg,ISIC_0103392,bcc,g2430,external_test,none,2430,-1,,False,26bf31a06a9c96e3,85.0,male,upper_extremity,Upper extremity,3,3,,False
milk10k,milk10k,images/ISIC_0350483.jpg,ISIC_0350483,sccka,g2431,dropped,none,2431,-1,unmapped_class:sccka,False,33e8f86603994767,65.0,male,upper_extremity,Upper extremity,4,4,unmapped_class:sccka,False
milk10k,milk10k,images/ISIC_3931577.jpg,ISIC_3931577,mel,g2432,external_test,none,2432,-1,,False,69691233b9896ea7,60.0,female,head_neck_face,Head and neck,3,3,,False
milk10k,milk10k,images/ISIC_1840506.jpg,ISIC_1840506,bcc,g2433,external_test,none,2433,-1,,False,3a2a66d6fd1a38a1,55.0,female,trunk,Trunk,3,3,,False
milk10k,milk10k,images/ISIC_5498094.jpg,ISIC_5498094,sccka,g2434,dropped,none,2434,-1,unmapped_class:sccka,False,26ced9303778c723,65.0,female,upper_extremity,Upper extremity,3,3,unmapped_class:sccka,False
milk10k,milk10k,images/ISIC_0613695.jpg,ISIC_0613695,nv,g2435,external_test,none,2435,-1,,False,368c5976acd92327,40.0,female,lower_extremity,Lower extremity,2,2,,False
milk10k,milk10k,images/ISIC_4308587.jpg,ISIC_4308587,akiec,g2436,external_test,none,2436,-1,,False,1c9ae6f2dc48a3a3,40.0,male,head_neck_face,Head and neck,3,3,,False
milk10k,milk10k,images/ISIC_6895079.jpg,ISIC_6895079,bcc,g2437,external_test,none,2437,-1,,False,5a26b599a6914ae7,80.0,male,lower_extremity,Lower extremity,4,4,,False
milk10k,milk10k,images/ISIC_2973033.jpg,ISIC_2973033,bcc,g2438,external_test,none,2438,-1,,False,b214c9d92d49b637,50.0,female,head_neck_face,Head and neck,3,3,,False
milk10k,milk10k,images/ISIC_3661670.jpg,ISIC_3661670,bkl,g2439,external_test,none,2439,-1,,False,6d995a0e279a5723,65.0,male,head_neck_face,Head and neck,3,3,,False
milk10k,milk10k,images/ISIC_0758142.jpg,ISIC_0758142,bcc,g2440,external_test,none,2440,-1,,False,bdb6ae2667585881,40.0,male,upper_extremity,Upper extremity,3,3,,False
milk10k,milk10k,images/ISIC_6842250.jpg,ISIC_6842250,bkl,g2441,external_test,none,2441,-1,,False,fc68b33bca298983,65.0,male,lower_extremity,Lower extremity,4,4,,False
milk10k,milk10k,images/ISIC_6418734.jpg,ISIC_6418734,bcc,g2442,external_test,none,2442,-1,,False,66c33562ba186dad,80.0,male,trunk,Trunk,3,3,,False
milk10k,milk10k,images/ISIC_2464952.jpg,ISIC_2464952,bcc,g2443,external_test,none,2443,-1,,False,19aeeab3c6c282ad,70.0,male,trunk,Trunk,3,3,,False
milk10k,milk10k,images/ISIC_3014842.jpg,ISIC_3014842,vasc,g2444,external_test,none,2444,-1,,True,618ca62cd9f1334f,80.0,male,lower_extremity,Lower extremity,3,3,,False
milk10k,milk10k,images/ISIC_7226778.jpg,ISIC_7226778,bcc,g2445,external_test,none,2445,-1,,True,f79809ba2668eda1,60.0,male,trunk,Trunk,4,4,,False
milk10k,milk10k,images/ISIC_0089407.jpg,ISIC_0089407,bkl,g2446,external_test,none,2446,-1,,False,d3c49cb6373c8a89,70.0,male,trunk,Trunk,3,3,,False
milk10k,milk10k,images/ISIC_1460320.jpg,ISIC_1460320,bcc,g2447,external_test,none,2447,-1,,False,bc40cefb4895f80d,85.0,male,lower_extremity,Lower extremity,4,4,,False
milk10k,milk10k,images/ISIC_2700220.jpg,ISIC_2700220,bcc,g2448,external_test,none,2448,-1,,False,72eaf9a0eb00dca9,85.0,female,trunk,Trunk,3,3,,False
milk10k,milk10k,images/ISIC_8662550.jpg,ISIC_8662550,nv,g2449,external_test,none,2449,-1,,True,26b3c91b23c39e4d,45.0,male,trunk,Trunk,4,4,,False
milk10k,milk10k,images/ISIC_1070964.jpg,ISIC_1070964,bkl,g2450,external_test,none,2450,-1,,True,7c69bdc96c81c60d,75.0,male,head_neck_face,Head and neck,0-1 (darkest),1,,False
milk10k,milk10k,images/ISIC_0796805.jpg,ISIC_0796805,bcc,g2451,external_test,none,2451,-1,,False,49b26949b62b49b7,80.0,male,lower_extremity,Lower extremity,4,4,,False
milk10k,milk10k,images/ISIC_3722799.jpg,ISIC_3722799,bcc,g2452,external_test,none,2452,-1,,False,de50f7e078a2a0ab,50.0,female,lower_extremity,Lower extremity,4,4,,False
milk10k,milk10k,images/ISIC_9392626.jpg,ISIC_9392626,nv,g2453,external_test,none,2453,-1,,False,d61c25db96696a25,45.0,female,lower_extremity,Lower extremity,4,4,,False
milk10k,milk10k,images/ISIC_7146069.jpg,ISIC_7146069,nv,g2454,external_test,none,2454,-1,,False,1ee1e869e18317d5,80.0,female,trunk,Trunk,5 (lightest),5,,False
milk10k,milk10k,images/ISIC_9905593.jpg,ISIC_9905593,akiec,g2455,external_test,none,2455,-1,,False,c84e6ae967ec5483,65.0,male,head_neck_face,Head and neck,4,4,,False
milk10k,milk10k,images/ISIC_2989365.jpg,ISIC_2989365,nv,g2456,external_test,none,2456,-1,,True,1c6c719287437cbd,40.0,male,trunk,Trunk,3,3,,False
milk10k,milk10k,images/ISIC_9820266.jpg,ISIC_9820266,mel,g2457,external_test,none,2457,-1,,True,fc9c03198de3721d,65.0,male,trunk,Trunk,4,4,,False
milk10k,milk10k,images/ISIC_6098668.jpg,ISIC_6098668,bcc,g2458,external_test,none,2458,-1,,False,249bd964769a9b23,55.0,male,lower_extremity,Lower extremity,3,3,,False
milk10k,milk10k,images/ISIC_7546221.jpg,ISIC_7546221,bcc,g2459,external_test,none,2459,-1,,False,3e4c99306e5992e7,50.0,female,trunk,Trunk,3,3,,False
milk10k,milk10k,images/ISIC_8435693.jpg,ISIC_8435693,sccka,g2460,dropped,none,2460,-1,unmapped_class:sccka,False,8c3bd75430dc21eb,70.0,male,lower_extremity,Lower extremity,4,4,unmapped_class:sccka,False
milk10k,milk10k,images/ISIC_5042253.jpg,ISIC_5042253,bcc,g2461,external_test,none,2461,-1,,False,79988e2e732bcb81,65.0,male,trunk,Trunk,3,3,,False
milk10k,milk10k,images/ISIC_2337700.jpg,ISIC_2337700,bcc,g2462,external_test,none,2462,-1,,False,18e39cfebb8c2309,75.0,male,trunk,Trunk,4,4,,False
milk10k,milk10k,images/ISIC_3791559.jpg,ISIC_3791559,bcc,g2463,external_test,none,2463,-1,,False,d6cc5f5a582a62a9,70.0,female,lower_extremity,Lower extremity,4,4,,False
milk10k,milk10k,images/ISIC_0424213.jpg,ISIC_0424213,bcc,g2464,external_test,none,2464,-1,,False,fa24df007d22f18b,75.0,male,head_neck_face,Head and neck,4,4,,False
milk10k,milk10k,images/ISIC_5835110.jpg,ISIC_5835110,bcc,g2465,external_test,none,2465,-1,,False,f2f0542a0b55f4ab,75.0,female,head_neck_face,Head and neck,3,3,,False
milk10k,milk10k,images/ISIC_2475811.jpg,ISIC_2475811,bcc,g2466,external_test,none,2466,-1,,False,8b6f77068670d983,50.0,female,lower_extremity,Lower extremity,3,3,,False
milk10k,milk10k,images/ISIC_6818303.jpg,ISIC_6818303,bcc,g2467,external_test,none,2467,-1,,False,b9b142dc95b869c3,70.0,female,trunk,Trunk,3,3,,False
milk10k,milk10k,images/ISIC_4552372.jpg,ISIC_4552372,mel,g2468,external_test,none,2468,-1,,True,43c3b7264a5927a7,45.0,male,head_neck_face,Head and neck,3,3,,False
milk10k,milk10k,images/ISIC_5276989.jpg,ISIC_5276989,bkl,g2469,external_test,none,2469,-1,,True,39c6d16af35cc309,65.0,female,trunk,Trunk,4,4,,False
milk10k,milk10k,images/ISIC_0865713.jpg,ISIC_0865713,bcc,g2470,external_test,none,2470,-1,,False,e6a249db8c039d9d,70.0,female,upper_extremity,Upper extremity,3,3,,False
milk10k,milk10k,images/ISIC_7541188.jpg,ISIC_7541188,bcc,g2471,external_test,none,2471,-1,,False,1c6cb28bdaf0ac87,55.0,male,head_neck_face,Head and neck,4,4,,False
milk10k,milk10k,images/ISIC_3591898.jpg,ISIC_3591898,sccka,g2472,dropped,none,2472,-1,unmapped_class:sccka,False,c633b3c6f03ab8c1,85.0,female,lower_extremity,Lower extremity,3,3,unmapped_class:sccka,False
milk10k,milk10k,images/ISIC_0838227.jpg,ISIC_0838227,bcc,g2473,external_test,none,2473,-1,,False,93e6a6e1c93930cd,70.0,male,trunk,Trunk,5 (lightest),5,,False
milk10k,milk10k,images/ISIC_6788333.jpg,ISIC_6788333,nv,g2474,dropped,none,2474,-1,duplicate_of_ham10000,False,66139bcc643399cd,65.0,male,trunk,Trunk,2,2,duplicate_of_ham10000,False
milk10k,milk10k,images/ISIC_8405809.jpg,ISIC_8405809,nv,g2475,external_test,none,2475,-1,,False,64c6994d993366cd,40.0,female,trunk,Trunk,4,4,,False
milk10k,milk10k,images/ISIC_7138580.jpg,ISIC_7138580,nv,g2476,external_test,none,2476,-1,,False,60070ef1f14b4bbd,35.0,female,lower_extremity,Lower extremity,2,2,,False
milk10k,milk10k,images/ISIC_7018101.jpg,ISIC_7018101,nv,g2477,external_test,none,2477,-1,,False,19393199e933474f,30.0,female,lower_extremity,Lower extremity,5 (lightest),5,,False
milk10k,milk10k,images/ISIC_4329801.jpg,ISIC_4329801,bcc,g2478,external_test,none,2478,-1,,False,b0ce453c36d34b2d,70.0,male,head_neck_face,Head and neck,3,3,,False
milk10k,milk10k,images/ISIC_9683086.jpg,ISIC_9683086,nv,g2479,external_test,none,2479,-1,,False,f627acf65289e121,55.0,female,trunk,Trunk,2,2,,False
milk10k,milk10k,images/ISIC_1139673.jpg,ISIC_1139673,akiec,g2480,external_test,none,2480,-1,,False,299eb3a80f83e26d,75.0,male,head_neck_face,Head and neck,0-1 (darkest),1,,False
milk10k,milk10k,images/ISIC_2741156.jpg,ISIC_2741156,bcc,g2481,external_test,none,2481,-1,,False,b8b86cc623638e9d,85.0,male,upper_extremity,Upper extremity,4,4,,False
milk10k,milk10k,images/ISIC_7367155.jpg,ISIC_7367155,bkl,g2482,external_test,none,2482,-1,,False,9a11139b7863e70f,80.0,female,,,3,3,,False
milk10k,milk10k,images/ISIC_9314416.jpg,ISIC_9314416,bcc,g2483,external_test,none,2483,-1,,False,e5ca99b666928723,55.0,male,trunk,Trunk,3,3,,False
milk10k,milk10k,images/ISIC_1302258.jpg,ISIC_1302258,nv,g2484,external_test,none,2484,-1,,False,b3b9c3d346092c1f,70.0,male,trunk,Trunk,3,3,,False
milk10k,milk10k,images/ISIC_2484661.jpg,ISIC_2484661,bcc,g2485,external_test,none,2485,-1,,True,fb3a662c94ba5129,55.0,female,head_neck_face,Head and neck,3,3,,False
milk10k,milk10k,images/ISIC_3853000.jpg,ISIC_3853000,nv,g2486,external_test,none,2486,-1,,True,9ef4259bec6289a1,70.0,female,head_neck_face,Head and neck,3,3,,False
milk10k,milk10k,images/ISIC_4174672.jpg,ISIC_4174672,nv,g2487,external_test,none,2487,-1,,False,293364c6993967cb,30.0,male,lower_extremity,Lower extremity,3,3,,False
milk10k,milk10k,images/ISIC_2686432.jpg,ISIC_2686432,nv,g2488,external_test,none,2488,-1,,False,4f5663791883867d,50.0,female,trunk,Trunk,5 (lightest),5,,False
milk10k,milk10k,images/ISIC_3705158.jpg,ISIC_3705158,bcc,g2489,external_test,none,2489,-1,,True,b2960b7e6c92278b,80.0,male,head_neck_face,Head and neck,3,3,,False
milk10k,milk10k,images/ISIC_7144571.jpg,ISIC_7144571,bcc,g2490,external_test,none,2490,-1,,False,c9e30c99f023c3bd,75.0,male,head_neck_face,Head and neck,2,2,,False
milk10k,milk10k,images/ISIC_8332020.jpg,ISIC_8332020,bcc,g2491,external_test,none,2491,-1,,True,7e98e166329b6ca1,85.0,male,trunk,Trunk,3,3,,False
milk10k,milk10k,images/ISIC_3836510.jpg,ISIC_3836510,sccka,g2492,dropped,none,2492,-1,unmapped_class:sccka,False,b666c9de30e2ea09,55.0,male,head_neck_face,Head and neck,3,3,unmapped_class:sccka,False
milk10k,milk10k,images/ISIC_6164551.jpg,ISIC_6164551,mel,g2493,external_test,none,2493,-1,,True,e45246231709f9fd,25.0,female,lower_extremity,Lower extremity,3,3,,False
milk10k,milk10k,images/ISIC_7718206.jpg,ISIC_7718206,mel,g2494,external_test,none,2494,-1,,False,6399a3e9070358f7,50.0,male,trunk,Trunk,3,3,,False
milk10k,milk10k,images/ISIC_0370218.jpg,ISIC_0370218,bcc,g2495,external_test,none,2495,-1,,False,ab78f360b188c7a3,75.0,male,upper_extremity,Upper extremity,3,3,,False
milk10k,milk10k,images/ISIC_4454419.jpg,ISIC_4454419,bcc,g2496,external_test,none,2496,-1,,False,a3b89b6a03d2f12b,70.0,male,head_neck_face,Head and neck,3,3,,False
milk10k,milk10k,images/ISIC_6104937.jpg,ISIC_6104937,bcc,g2497,external_test,none,2497,-1,,False,fd40efc8b331dc01,40.0,male,head_neck_face,Head and neck,4,4,,False
milk10k,milk10k,images/ISIC_6884836.jpg,ISIC_6884836,bcc,g2498,external_test,none,2498,-1,,False,1d12a7260bb96767,40.0,female,trunk,Trunk,4,4,,False
milk10k,milk10k,images/ISIC_0591696.jpg,ISIC_0591696,bkl,g2499,external_test,none,2499,-1,,False,a6fa16ca14ead721,70.0,female,head_neck_face,Head and neck,5 (lightest),5,,False
milk10k,milk10k,images/ISIC_9521421.jpg,ISIC_9521421,bcc,g2500,external_test,none,2500,-1,,False,71ce532699e9188f,70.0,male,lower_extremity,Lower extremity,5 (lightest),5,,False
milk10k,milk10k,images/ISIC_2591258.jpg,ISIC_2591258,nv,g2501,dropped,none,2501,-1,duplicate_of_ham10000,False,611b03790fa1f4d7,25.0,female,trunk,Trunk,2,2,duplicate_of_ham10000,False
milk10k,milk10k,images/ISIC_5614068.jpg,ISIC_5614068,sccka,g2502,dropped,none,2502,-1,unmapped_class:sccka,False,ec1b8ce399ec4983,65.0,male,lower_extremity,Lower extremity,4,4,unmapped_class:sccka,False
milk10k,milk10k,images/ISIC_1446565.jpg,ISIC_1446565,akiec,g2503,external_test,none,2503,-1,,False,05212abc991b9f7b,65.0,female,head_neck_face,Head and neck,0-1 (darkest),1,,False
milk10k,milk10k,images/ISIC_3384621.jpg,ISIC_3384621,bcc,g2504,external_test,none,2504,-1,,True,f7e8feaaf8a08201,70.0,male,trunk,Trunk,3,3,,False
milk10k,milk10k,images/ISIC_5763228.jpg,ISIC_5763228,mel,g2505,external_test,none,2505,-1,,True,2c6c9996e3791c2d,75.0,female,head_neck_face,Head and neck,2,2,,False
milk10k,milk10k,images/ISIC_1307470.jpg,ISIC_1307470,bcc,g2506,external_test,none,2506,-1,,False,c23c4cb2fe683ba1,80.0,male,head_neck_face,Head and neck,3,3,,False
milk10k,milk10k,images/ISIC_2754845.jpg,ISIC_2754845,bcc,g2507,external_test,none,2507,-1,,False,566f4bf8b28125e1,85.0,female,head_neck_face,Head and neck,2,2,,False
milk10k,milk10k,images/ISIC_6930203.jpg,ISIC_6930203,vasc,g2508,external_test,none,2508,-1,,True,d40b33c4cc3327e7,60.0,female,head_neck_face,Head and neck,4,4,,False
milk10k,milk10k,images/ISIC_0310855.jpg,ISIC_0310855,nv,g2509,external_test,none,2509,-1,,True,d33918b36961c68f,45.0,female,trunk,Trunk,3,3,,False
milk10k,milk10k,images/ISIC_7657322.jpg,ISIC_7657322,mel,g2510,external_test,none,2510,-1,,False,f193191919f3670d,60.0,male,lower_extremity,Lower extremity,2,2,,False
milk10k,milk10k,images/ISIC_7283528.jpg,ISIC_7283528,bcc,g2511,external_test,none,2511,-1,,False,c74a41a31d8b753d,75.0,male,upper_extremity,Upper extremity,4,4,,False
milk10k,milk10k,images/ISIC_9451867.jpg,ISIC_9451867,nv,g2512,external_test,none,2512,-1,,False,1199cc66339b8d67,50.0,female,upper_extremity,Upper extremity,3,3,,False
milk10k,milk10k,images/ISIC_8331574.jpg,ISIC_8331574,nv,g2513,external_test,none,2513,-1,,False,64d88a665b19e6e5,40.0,female,upper_extremity,Upper extremity,3,3,,False
milk10k,milk10k,images/ISIC_9922993.jpg,ISIC_9922993,nv,g2514,external_test,none,2514,-1,,False,6e26dce4b1994867,40.0,male,lower_extremity,Lower extremity,2,2,,False
milk10k,milk10k,images/ISIC_8776793.jpg,ISIC_8776793,bcc,g2515,external_test,none,2515,-1,,False,974ad966e430b38b,60.0,female,head_neck_face,Head and neck,5 (lightest),5,,False
milk10k,milk10k,images/ISIC_2725046.jpg,ISIC_2725046,bcc,g2516,external_test,none,2516,-1,,True,ccd926b36648b327,70.0,female,trunk,Trunk,2,2,,False
milk10k,milk10k,images/ISIC_3320667.jpg,ISIC_3320667,mel,g2517,external_test,none,2517,-1,,True,625299b376c3923d,75.0,male,head_neck_face,Head and neck,3,3,,False
milk10k,milk10k,images/ISIC_5350988.jpg,ISIC_5350988,mel,g2518,external_test,none,2518,-1,,False,1a1248f9e9e93697,75.0,male,trunk,Trunk,0-1 (darkest),1,,False
milk10k,milk10k,images/ISIC_8633121.jpg,ISIC_8633121,akiec,g2519,external_test,none,2519,-1,,False,fd1943a42cc3ca3d,85.0,female,lower_extremity,Lower extremity,5 (lightest),5,,False
milk10k,milk10k,images/ISIC_2590498.jpg,ISIC_2590498,bcc,g2520,external_test,none,2520,-1,,False,601989664e39be6f,85.0,male,head_neck_face,Head and neck,4,4,,False
milk10k,milk10k,images/ISIC_2735511.jpg,ISIC_2735511,bkl,g2521,external_test,none,2521,-1,,False,25d2df2cd2ab2d81,60.0,male,trunk,Trunk,3,3,,False
milk10k,milk10k,images/ISIC_4683265.jpg,ISIC_4683265,bcc,g2522,external_test,none,2522,-1,,False,4aae897a92a96b4b,75.0,male,trunk,Trunk,4,4,,False
milk10k,milk10k,images/ISIC_5178949.jpg,ISIC_5178949,bcc,g2523,external_test,none,2523,-1,,False,a63a99ca3699cb23,55.0,male,trunk,Trunk,3,3,,False
milk10k,milk10k,images/ISIC_3999304.jpg,ISIC_3999304,nv,g2524,external_test,none,2524,-1,,False,33c6c363c9d33c0d,50.0,female,lower_extremity,Lower extremity,5 (lightest),5,,False
milk10k,milk10k,images/ISIC_8421484.jpg,ISIC_8421484,bcc,g2525,external_test,none,2525,-1,,False,55ae783ec64a3ca1,60.0,male,head_neck_face,Head and neck,3,3,,False
milk10k,milk10k,images/ISIC_7454308.jpg,ISIC_7454308,bkl,g2526,dropped,none,2526,-1,duplicate_of_ham10000,False,5cc9db03291bb627,55.0,female,lower_extremity,Lower extremity,3,3,duplicate_of_ham10000,False
milk10k,milk10k,images/ISIC_2029702.jpg,ISIC_2029702,bcc,g2527,external_test,none,2527,-1,,False,cac2838cec19cbaf,75.0,male,head_neck_face,Head and neck,5 (lightest),5,,False
milk10k,milk10k,images/ISIC_9648773.jpg,ISIC_9648773,bcc,g2528,external_test,none,2528,-1,,True,f38a5622bd8ae82b,45.0,female,trunk,Trunk,3,3,,False
milk10k,milk10k,images/ISIC_7284546.jpg,ISIC_7284546,bcc,g2529,external_test,none,2529,-1,,False,59bdf7844902bc69,60.0,male,trunk,Trunk,3,3,,False
milk10k,milk10k,images/ISIC_4270494.jpg,ISIC_4270494,bcc,g2530,external_test,none,2530,-1,,True,2dd28b9748a46cd7,75.0,male,head_neck_face,Head and neck,5 (lightest),5,,False
milk10k,milk10k,images/ISIC_7974196.jpg,ISIC_7974196,bcc,g2531,external_test,none,2531,-1,,False,f5cd0bca28387e23,55.0,female,lower_extremity,Lower extremity,3,3,,False
milk10k,milk10k,images/ISIC_6327414.jpg,ISIC_6327414,bkl,g2532,external_test,none,2532,-1,,False,14b6d3b0f34acca9,50.0,male,head_neck_face,Head and neck,3,3,,False
milk10k,milk10k,images/ISIC_8457494.jpg,ISIC_8457494,sccka,g2533,dropped,none,2533,-1,unmapped_class:sccka,False,022fd71131a169ff,65.0,male,upper_extremity,Upper extremity,4,4,unmapped_class:sccka,False
milk10k,milk10k,images/ISIC_5714567.jpg,ISIC_5714567,bcc,g2534,external_test,none,2534,-1,,False,b5e4129a6eac394b,65.0,male,trunk,Trunk,3,3,,False
milk10k,milk10k,images/ISIC_3063587.jpg,ISIC_3063587,bcc,g2535,external_test,none,2535,-1,,True,738c86aaa83b78cd,50.0,male,trunk,Trunk,4,4,,False
milk10k,milk10k,images/ISIC_0535290.jpg,ISIC_0535290,bcc,g2536,external_test,none,2536,-1,,False,cceec4c6b33164c5,70.0,male,upper_extremity,Upper extremity,5 (lightest),5,,False
milk10k,milk10k,images/ISIC_1903516.jpg,ISIC_1903516,bcc,g2537,external_test,none,2537,-1,,False,b7262bacad985a23,70.0,male,trunk,Trunk,4,4,,False
milk10k,milk10k,images/ISIC_9452345.jpg,ISIC_9452345,sccka,g2538,dropped,none,2538,-1,unmapped_class:sccka,False,47d571ce8c0c3c3b,55.0,female,upper_extremity,Upper extremity,3,3,unmapped_class:sccka,False
milk10k,milk10k,images/ISIC_5264230.jpg,ISIC_5264230,sccka,g2539,dropped,none,2539,-1,unmapped_class:sccka,False,b493d7645f0c9193,65.0,male,lower_extremity,Lower extremity,3,3,unmapped_class:sccka,False
milk10k,milk10k,images/ISIC_7855982.jpg,ISIC_7855982,nv,g2540,external_test,none,2540,-1,,False,363666cc9933266d,30.0,female,trunk,Trunk,2,2,,False
milk10k,milk10k,images/ISIC_1081140.jpg,ISIC_1081140,bcc,g2541,external_test,none,2541,-1,,False,d390f6ce3292d323,60.0,female,upper_extremity,Upper extremity,3,3,,False
milk10k,milk10k,images/ISIC_5962932.jpg,ISIC_5962932,mel,g2542,external_test,none,2542,-1,,True,49d330cbd229acd7,75.0,male,head_neck_face,Head and neck,0-1 (darkest),1,,False
milk10k,milk10k,images/ISIC_2230159.jpg,ISIC_2230159,bcc,g2543,external_test,none,2543,-1,,False,2db4336ef5980b61,55.0,male,trunk,Trunk,3,3,,False
milk10k,milk10k,images/ISIC_3689711.jpg,ISIC_3689711,sccka,g2544,dropped,none,2544,-1,unmapped_class:sccka,False,8b63d3b4a6981ba3,55.0,male,upper_extremity,Upper extremity,3,3,unmapped_class:sccka,False
milk10k,milk10k,images/ISIC_2284196.jpg,ISIC_2284196,bkl,g2545,external_test,none,2545,-1,,False,772c19ca3ab6e489,65.0,female,upper_extremity,Upper extremity,3,3,,False
milk10k,milk10k,images/ISIC_5343551.jpg,ISIC_5343551,sccka,g2546,dropped,none,2546,-1,unmapped_class:sccka,False,be136509f0e81b67,65.0,male,trunk,Trunk,4,4,unmapped_class:sccka,False
milk10k,milk10k,images/ISIC_2153011.jpg,ISIC_2153011,bcc,g2547,external_test,none,2547,-1,,False,ae6ad784c1b82ba3,55.0,female,lower_extremity,Lower extremity,3,3,,False
milk10k,milk10k,images/ISIC_2245518.jpg,ISIC_2245518,akiec,g2548,external_test,none,2548,-1,,False,fe90f98c7418dca1,80.0,male,head_neck_face,Head and neck,3,3,,False
milk10k,milk10k,images/ISIC_2378626.jpg,ISIC_2378626,bcc,g2549,external_test,none,2549,-1,,True,8f7d85e61881e355,80.0,female,trunk,Trunk,5 (lightest),5,,False
milk10k,milk10k,images/ISIC_8402813.jpg,ISIC_8402813,bkl,g2550,external_test,none,2550,-1,,False,0b1b6673994d25b5,55.0,male,trunk,Trunk,4,4,,False
milk10k,milk10k,images/ISIC_9961570.jpg,ISIC_9961570,nv,g2551,external_test,none,2551,-1,,False,8e996266a49b2767,30.0,male,lower_extremity,Lower extremity,3,3,,False
milk10k,milk10k,images/ISIC_9451191.jpg,ISIC_9451191,nv,g2552,external_test,none,2552,-1,,False,9e668364d9362d2b,55.0,female,head_neck_face,Head and neck,3,3,,False
milk10k,milk10k,images/ISIC_0772345.jpg,ISIC_0772345,nv,g2553,dropped,none,2553,-1,duplicate_of_ham10000,False,b377a8c64ac4d8b1,35.0,male,head_neck_face,Head and neck,4,4,duplicate_of_ham10000,False
milk10k,milk10k,images/ISIC_7744790.jpg,ISIC_7744790,bcc,g2554,external_test,none,2554,-1,,False,a45ab959a9818bd7,75.0,female,lower_extremity,Lower extremity,3,3,,False
milk10k,milk10k,images/ISIC_8532648.jpg,ISIC_8532648,nv,g2555,external_test,none,2555,-1,,True,db9c58f22703d09d,45.0,male,trunk,Trunk,3,3,,False
milk10k,milk10k,images/ISIC_3995849.jpg,ISIC_3995849,bcc,g2556,external_test,none,2556,-1,,False,6566e4d899136c6d,60.0,female,trunk,Trunk,3,3,,False
milk10k,milk10k,images/ISIC_8546307.jpg,ISIC_8546307,bkl,g2557,external_test,none,2557,-1,,True,139cec7296736389,50.0,female,trunk,Trunk,3,3,,False
milk10k,milk10k,images/ISIC_5543919.jpg,ISIC_5543919,bkl,g2558,external_test,none,2558,-1,,False,92e854b6695aeca9,85.0,female,upper_extremity,Upper extremity,3,3,,False
milk10k,milk10k,images/ISIC_4231056.jpg,ISIC_4231056,bkl,g2559,external_test,none,2559,-1,,True,b74992a95269ad17,45.0,female,head_neck_face,Head and neck,2,2,,False
milk10k,milk10k,images/ISIC_9630006.jpg,ISIC_9630006,inf,g2560,dropped,none,2560,-1,unmapped_class:inf,False,b12c199aa56b56ab,60.0,male,head_neck_face,Head and neck,3,3,unmapped_class:inf,False
milk10k,milk10k,images/ISIC_9503013.jpg,ISIC_9503013,bkl,g2561,external_test,none,2561,-1,,False,85e203d5a5397e63,45.0,male,upper_extremity,Upper extremity,3,3,,False
milk10k,milk10k,images/ISIC_9944485.jpg,ISIC_9944485,bcc,g2562,external_test,none,2562,-1,,False,7d3af323dc88b601,30.0,female,upper_extremity,Upper extremity,3,3,,False
milk10k,milk10k,images/ISIC_2763588.jpg,ISIC_2763588,bcc,g2563,external_test,none,2563,-1,,False,0a664e8f37b9cd05,75.0,male,trunk,Trunk,3,3,,False
milk10k,milk10k,images/ISIC_8184315.jpg,ISIC_8184315,bcc,g2564,external_test,none,2564,-1,,True,5b6c6ca4a8b4f44b,65.0,male,head_neck_face,Head and neck,4,4,,False
milk10k,milk10k,images/ISIC_8627581.jpg,ISIC_8627581,mel,g2565,dropped,none,2565,-1,duplicate_of_ham10000,False,499c59196159b6e7,85.0,female,trunk,Trunk,3,3,duplicate_of_ham10000,False
milk10k,milk10k,images/ISIC_3567091.jpg,ISIC_3567091,sccka,g2566,dropped,none,2566,-1,unmapped_class:sccka,False,46e34cc2738aed39,85.0,male,lower_extremity,Lower extremity,4,4,unmapped_class:sccka,False
milk10k,milk10k,images/ISIC_8353499.jpg,ISIC_8353499,bcc,g2567,external_test,none,2567,-1,,False,64db9e88cde81f21,55.0,male,upper_extremity,Upper extremity,3,3,,False
milk10k,milk10k,images/ISIC_3070466.jpg,ISIC_3070466,mel,g2568,external_test,none,2568,-1,,True,8f63f449190c8ff1,70.0,female,head_neck_face,Head and neck,4,4,,False
milk10k,milk10k,images/ISIC_4419306.jpg,ISIC_4419306,bcc,g2569,external_test,none,2569,-1,,False,c3ea47f89de03e01,60.0,male,upper_extremity,Upper extremity,3,3,,False
milk10k,milk10k,images/ISIC_0860468.jpg,ISIC_0860468,bcc,g2570,external_test,none,2570,-1,,True,24d099e6e69b4967,45.0,male,hand,Upper extremity,3,3,,False
milk10k,milk10k,images/ISIC_5010590.jpg,ISIC_5010590,mel,g2571,external_test,none,2571,-1,,False,186e7331f2c30c9f,70.0,male,head_neck_face,Head and neck,2,2,,False
milk10k,milk10k,images/ISIC_0698052.jpg,ISIC_0698052,bkl,g2572,external_test,none,2572,-1,,False,cf997663898931a5,55.0,male,trunk,Trunk,3,3,,False
milk10k,milk10k,images/ISIC_5555712.jpg,ISIC_5555712,akiec,g2573,external_test,none,2573,-1,,True,d699ac646599d263,80.0,female,lower_extremity,Lower extremity,3,3,,False
milk10k,milk10k,images/ISIC_3015606.jpg,ISIC_3015606,bkl,g2574,external_test,none,2574,-1,,False,9b3a186e709acc6b,85.0,female,head_neck_face,Head and neck,3,3,,False
milk10k,milk10k,images/ISIC_6125353.jpg,ISIC_6125353,nv,g2575,external_test,none,2575,-1,,False,96a11e855e87b857,15.0,male,head_neck_face,Head and neck,0-1 (darkest),1,,False
milk10k,milk10k,images/ISIC_0786326.jpg,ISIC_0786326,bcc,g2576,external_test,none,2576,-1,,False,9af81924c699f267,60.0,male,head_neck_face,Head and neck,2,2,,False
milk10k,milk10k,images/ISIC_1666328.jpg,ISIC_1666328,akiec,g2577,external_test,none,2577,-1,,False,3103b693e1db8d87,65.0,male,head_neck_face,Head and neck,3,3,,False
milk10k,milk10k,images/ISIC_4171839.jpg,ISIC_4171839,nv,g2578,external_test,none,2578,-1,,False,ac9b3364cc91d363,50.0,female,head_neck_face,Head and neck,2,2,,False
milk10k,milk10k,images/ISIC_5833579.jpg,ISIC_5833579,mal_oth,g2579,dropped,none,2579,-1,unmapped_class:mal_oth,False,5bb336eed9b82401,75.0,male,lower_extremity,Lower extremity,0-1 (darkest),1,unmapped_class:mal_oth,False
milk10k,milk10k,images/ISIC_6451061.jpg,ISIC_6451061,bcc,g2580,external_test,none,2580,-1,,False,6e9db60c4353d925,70.0,male,trunk,Trunk,3,3,,False
milk10k,milk10k,images/ISIC_6691035.jpg,ISIC_6691035,nv,g2581,external_test,none,2581,-1,,False,e7e6999a92496c25,30.0,male,trunk,Trunk,2,2,,False
milk10k,milk10k,images/ISIC_0499739.jpg,ISIC_0499739,nv,g2582,external_test,none,2582,-1,,False,b9996e66d99b0423,30.0,female,,,5 (lightest),5,,False
milk10k,milk10k,images/ISIC_8005759.jpg,ISIC_8005759,bkl,g2583,external_test,none,2583,-1,,False,ac5b32a929899377,55.0,female,head_neck_face,Head and neck,2,2,,False
milk10k,milk10k,images/ISIC_9728749.jpg,ISIC_9728749,bcc,g2584,external_test,none,2584,-1,,True,b5a0b932432be4e7,60.0,female,upper_extremity,Upper extremity,3,3,,False
milk10k,milk10k,images/ISIC_3159699.jpg,ISIC_3159699,bcc,g2585,external_test,none,2585,-1,,False,bddadc14a0e26b23,70.0,male,head_neck_face,Head and neck,3,3,,False
milk10k,milk10k,images/ISIC_3917002.jpg,ISIC_3917002,bcc,g2586,external_test,none,2586,-1,,False,3eca5bc2dc0ae329,65.0,female,head_neck_face,Head and neck,3,3,,False
milk10k,milk10k,images/ISIC_7979271.jpg,ISIC_7979271,bcc,g2587,external_test,none,2587,-1,,False,93a5968a6d28d3b3,80.0,male,upper_extremity,Upper extremity,3,3,,False
milk10k,milk10k,images/ISIC_9912332.jpg,ISIC_9912332,df,g2588,external_test,none,2588,-1,,False,0f42b8b6c1d1762f,75.0,female,lower_extremity,Lower extremity,5 (lightest),5,,False
milk10k,milk10k,images/ISIC_1365576.jpg,ISIC_1365576,bkl,g2589,external_test,none,2589,-1,,False,e9d31bcc52f2e083,70.0,male,trunk,Trunk,3,3,,False
milk10k,milk10k,images/ISIC_0448586.jpg,ISIC_0448586,sccka,g2590,dropped,none,2590,-1,unmapped_class:sccka,False,4cf1b60e228ec9f9,65.0,male,hand,Upper extremity,4,4,unmapped_class:sccka,False
milk10k,milk10k,images/ISIC_2646200.jpg,ISIC_2646200,bcc,g2591,external_test,none,2591,-1,,False,1af01eb2a70db0bb,70.0,male,head_neck_face,Head and neck,3,3,,False
milk10k,milk10k,images/ISIC_9111814.jpg,ISIC_9111814,mel,g2592,external_test,none,2592,-1,,False,e93247f396c91925,30.0,female,trunk,Trunk,3,3,,False
milk10k,milk10k,images/ISIC_7395485.jpg,ISIC_7395485,bcc,g2593,external_test,none,2593,-1,,False,d0389b79693ba685,75.0,female,trunk,Trunk,4,4,,False
milk10k,milk10k,images/ISIC_5622324.jpg,ISIC_5622324,akiec,g2594,external_test,none,2594,-1,,False,ddb27318a4cc6993,75.0,male,head_neck_face,Head and neck,3,3,,False
milk10k,milk10k,images/ISIC_3703123.jpg,ISIC_3703123,bcc,g2595,external_test,none,2595,-1,,True,f858e0cec3b45723,60.0,male,head_neck_face,Head and neck,4,4,,False
milk10k,milk10k,images/ISIC_3431348.jpg,ISIC_3431348,mel,g2596,external_test,none,2596,-1,,False,307364419a797ba7,75.0,male,head_neck_face,Head and neck,3,3,,False
milk10k,milk10k,images/ISIC_8191999.jpg,ISIC_8191999,bcc,g2597,external_test,none,2597,-1,,False,9631c9cc0f3b26cd,75.0,male,head_neck_face,Head and neck,3,3,,False
milk10k,milk10k,images/ISIC_7436712.jpg,ISIC_7436712,bcc,g2598,external_test,none,2598,-1,,False,6fc276b2d3a06d03,70.0,male,lower_extremity,Lower extremity,3,3,,False
milk10k,milk10k,images/ISIC_0899069.jpg,ISIC_0899069,bcc,g2599,external_test,none,2599,-1,,False,cc0673989c7b6ba1,55.0,male,foot,Lower extremity,3,3,,False
milk10k,milk10k,images/ISIC_6074237.jpg,ISIC_6074237,bcc,g2600,external_test,none,2600,-1,,True,7fc89126eed84b21,65.0,male,trunk,Trunk,3,3,,False
milk10k,milk10k,images/ISIC_8750253.jpg,ISIC_8750253,sccka,g2601,dropped,none,2601,-1,unmapped_class:sccka,False,dd180d4a2e0ef2f3,80.0,male,upper_extremity,Upper extremity,3,3,unmapped_class:sccka,False
milk10k,milk10k,images/ISIC_4357637.jpg,ISIC_4357637,bcc,g2602,external_test,none,2602,-1,,False,b5200fe8d3aa77a1,85.0,male,head_neck_face,Head and neck,3,3,,False
milk10k,milk10k,images/ISIC_7037056.jpg,ISIC_7037056,mel,g2603,external_test,none,2603,-1,,False,8d9a1a53b56b4ca5,65.0,male,head_neck_face,Head and neck,3,3,,False
milk10k,milk10k,images/ISIC_6036586.jpg,ISIC_6036586,bcc,g2604,external_test,none,2604,-1,,True,cd3abeba54a85381,40.0,male,upper_extremity,Upper extremity,3,3,,False
milk10k,milk10k,images/ISIC_9120905.jpg,ISIC_9120905,nv,g2605,external_test,none,2605,-1,,False,782ce66b93c36835,40.0,male,trunk,Trunk,3,3,,False
milk10k,milk10k,images/ISIC_0496864.jpg,ISIC_0496864,akiec,g2606,external_test,none,2606,-1,,False,e3c839b3844b72b9,75.0,male,lower_extremity,Lower extremity,3,3,,False
milk10k,milk10k,images/ISIC_7705117.jpg,ISIC_7705117,akiec,g2607,external_test,none,2607,-1,,False,d3f661c64d02cea9,60.0,male,lower_extremity,Lower extremity,3,3,,False
milk10k,milk10k,images/ISIC_9354948.jpg,ISIC_9354948,bcc,g2608,external_test,none,2608,-1,,False,d4a3fc38283a3a3d,55.0,female,trunk,Trunk,4,4,,False
milk10k,milk10k,images/ISIC_6376325.jpg,ISIC_6376325,mel,g2609,external_test,none,2609,-1,,False,1f0f63a3c9233595,80.0,female,head_neck_face,Head and neck,3,3,,False
milk10k,milk10k,images/ISIC_7081739.jpg,ISIC_7081739,sccka,g2610,dropped,none,2610,-1,unmapped_class:sccka,False,cc6396965f499135,65.0,male,lower_extremity,Lower extremity,3,3,unmapped_class:sccka,False
milk10k,milk10k,images/ISIC_2372341.jpg,ISIC_2372341,mel,g2611,external_test,none,2611,-1,,True,6b6c33b24c69b383,55.0,female,head_neck_face,Head and neck,4,4,,False
milk10k,milk10k,images/ISIC_7425846.jpg,ISIC_7425846,bcc,g2612,external_test,none,2612,-1,,True,642e018a93baeeaf,75.0,male,upper_extremity,Upper extremity,3,3,,False
milk10k,milk10k,images/ISIC_6044458.jpg,ISIC_6044458,inf,g2613,dropped,none,2613,-1,unmapped_class:inf,False,913073cc9d3364cf,45.0,female,upper_extremity,Upper extremity,5 (lightest),5,unmapped_class:inf,False
milk10k,milk10k,images/ISIC_1124077.jpg,ISIC_1124077,bcc,g2614,external_test,none,2614,-1,,False,df2641fe0658cb83,55.0,male,lower_extremity,Lower extremity,3,3,,False
milk10k,milk10k,images/ISIC_1025100.jpg,ISIC_1025100,nv,g2615,dropped,none,2615,-1,duplicate_of_ham10000,False,6399cc663399c467,35.0,female,lower_extremity,Lower extremity,3,3,duplicate_of_ham10000,False
milk10k,milk10k,images/ISIC_2084154.jpg,ISIC_2084154,bcc,g2616,external_test,none,2616,-1,,False,99a81fa622ab6b87,60.0,female,trunk,Trunk,3,3,,False
milk10k,milk10k,images/ISIC_1556154.jpg,ISIC_1556154,sccka,g2617,dropped,none,2617,-1,unmapped_class:sccka,False,6732db96e1b8c183,75.0,female,lower_extremity,Lower extremity,3,3,unmapped_class:sccka,False
milk10k,milk10k,images/ISIC_3494647.jpg,ISIC_3494647,sccka,g2618,dropped,none,2618,-1,unmapped_class:sccka,False,332accca732ac6ab,60.0,male,upper_extremity,Upper extremity,3,3,unmapped_class:sccka,False
milk10k,milk10k,images/ISIC_4787120.jpg,ISIC_4787120,nv,g2619,external_test,none,2619,-1,,False,6f4ce3c91a712587,70.0,female,lower_extremity,Lower extremity,3,3,,False
milk10k,milk10k,images/ISIC_0956399.jpg,ISIC_0956399,bcc,g2620,external_test,none,2620,-1,,True,640f295423c85bff,65.0,female,trunk,Trunk,3,3,,False
milk10k,milk10k,images/ISIC_3129117.jpg,ISIC_3129117,bcc,g2621,external_test,none,2621,-1,,False,f12c0dd449faf303,55.0,female,trunk,Trunk,3,3,,False
milk10k,milk10k,images/ISIC_8744116.jpg,ISIC_8744116,bcc,g2622,external_test,none,2622,-1,,True,6d06a6199629e9f5,40.0,male,trunk,Trunk,2,2,,False
milk10k,milk10k,images/ISIC_3183514.jpg,ISIC_3183514,bcc,g2623,external_test,none,2623,-1,,True,a9c0d7c22c2af5ab,70.0,male,head_neck_face,Head and neck,4,4,,False
milk10k,milk10k,images/ISIC_2738904.jpg,ISIC_2738904,bkl,g2624,external_test,none,2624,-1,,False,1f3b48fca002eeab,60.0,female,lower_extremity,Lower extremity,5 (lightest),5,,False
milk10k,milk10k,images/ISIC_1135159.jpg,ISIC_1135159,bcc,g2625,external_test,none,2625,-1,,False,b9c3b73074616c35,85.0,male,trunk,Trunk,3,3,,False
milk10k,milk10k,images/ISIC_8699706.jpg,ISIC_8699706,nv,g2626,dropped,none,2626,-1,duplicate_of_ham10000,False,6466a6a6d9992667,55.0,female,lower_extremity,Lower extremity,4,4,duplicate_of_ham10000,False
milk10k,milk10k,images/ISIC_7602538.jpg,ISIC_7602538,vasc,g2627,external_test,none,2627,-1,,True,98c6e90c2673d9cd,20.0,male,trunk,Trunk,2,2,,False
milk10k,milk10k,images/ISIC_3356573.jpg,ISIC_3356573,vasc,g2628,external_test,none,2628,-1,,True,4353d9d3070372bd,70.0,female,lower_extremity,Lower extremity,3,3,,False
milk10k,milk10k,images/ISIC_4565131.jpg,ISIC_4565131,bcc,g2629,external_test,none,2629,-1,,False,185ec91ae9a676a3,40.0,female,upper_extremity,Upper extremity,3,3,,False
milk10k,milk10k,images/ISIC_8285958.jpg,ISIC_8285958,bcc,g2630,external_test,none,2630,-1,,False,7f0ae420f7aad381,60.0,male,trunk,Trunk,3,3,,False
milk10k,milk10k,images/ISIC_7067948.jpg,ISIC_7067948,bcc,g2631,external_test,none,2631,-1,,False,6e7d60aaf900ff01,70.0,male,head_neck_face,Head and neck,4,4,,False
milk10k,milk10k,images/ISIC_9392092.jpg,ISIC_9392092,nv,g2632,external_test,none,2632,-1,,False,d8964d39e1c33327,5.0,female,lower_extremity,Lower extremity,4,4,,False
milk10k,milk10k,images/ISIC_2202352.jpg,ISIC_2202352,bcc,g2633,external_test,none,2633,-1,,False,879b79667988e521,70.0,female,trunk,Trunk,3,3,,False
milk10k,milk10k,images/ISIC_6636694.jpg,ISIC_6636694,mel,g2634,external_test,none,2634,-1,,False,b2987393c7611c67,45.0,male,trunk,Trunk,4,4,,False
milk10k,milk10k,images/ISIC_9895318.jpg,ISIC_9895318,mel,g2635,external_test,none,2635,-1,,True,67bda6789051982f,85.0,male,head_neck_face,Head and neck,4,4,,False
milk10k,milk10k,images/ISIC_4025658.jpg,ISIC_4025658,bkl,g2636,external_test,none,2636,-1,,False,43f86c4c3932d6cb,65.0,male,head_neck_face,Head and neck,3,3,,False
milk10k,milk10k,images/ISIC_5602626.jpg,ISIC_5602626,bkl,g2637,external_test,none,2637,-1,,False,996973dece28c1a1,50.0,male,head_neck_face,Head and neck,3,3,,False
milk10k,milk10k,images/ISIC_8759215.jpg,ISIC_8759215,bcc,g2638,external_test,none,2638,-1,,False,e733eec31c02833d,45.0,male,trunk,Trunk,3,3,,False
milk10k,milk10k,images/ISIC_9400307.jpg,ISIC_9400307,bkl,g2639,external_test,none,2639,-1,,False,1a4ef33903436c9f,35.0,female,trunk,Trunk,4,4,,False
milk10k,milk10k,images/ISIC_5996604.jpg,ISIC_5996604,bcc,g2640,external_test,none,2640,-1,,False,cde13d8ab121ee83,70.0,female,head_neck_face,Head and neck,3,3,,False
milk10k,milk10k,images/ISIC_4722294.jpg,ISIC_4722294,bkl,g2641,external_test,none,2641,-1,,False,d430f3d133029daf,65.0,male,trunk,Trunk,3,3,,False
milk10k,milk10k,images/ISIC_3818412.jpg,ISIC_3818412,bcc,g2642,external_test,none,2642,-1,,False,a7cb4f9e30224b8b,65.0,male,lower_extremity,Lower extremity,3,3,,False
milk10k,milk10k,images/ISIC_0317094.jpg,ISIC_0317094,bcc,g2643,external_test,none,2643,-1,,False,9ef965a63251298d,85.0,male,upper_extremity,Upper extremity,4,4,,False
milk10k,milk10k,images/ISIC_9161483.jpg,ISIC_9161483,bcc,g2644,external_test,none,2644,-1,,True,e0609db95beaa583,60.0,female,lower_extremity,Lower extremity,3,3,,False
milk10k,milk10k,images/ISIC_2307453.jpg,ISIC_2307453,bcc,g2645,external_test,none,2645,-1,,False,3d1f9986b3fa0c81,40.0,male,upper_extremity,Upper extremity,3,3,,False
milk10k,milk10k,images/ISIC_8231437.jpg,ISIC_8231437,sccka,g2646,dropped,none,2646,-1,unmapped_class:sccka,False,6494bc0ea524f3eb,75.0,male,lower_extremity,Lower extremity,4,4,unmapped_class:sccka,False
milk10k,milk10k,images/ISIC_3766990.jpg,ISIC_3766990,bcc,g2647,external_test,none,2647,-1,,True,68a29daececb20ab,65.0,female,head_neck_face,Head and neck,4,4,,False
milk10k,milk10k,images/ISIC_5761793.jpg,ISIC_5761793,sccka,g2648,dropped,none,2648,-1,unmapped_class:sccka,False,93ae72143cbe438b,85.0,male,lower_extremity,Lower extremity,3,3,unmapped_class:sccka,False
milk10k,milk10k,images/ISIC_8129640.jpg,ISIC_8129640,sccka,g2649,dropped,none,2649,-1,unmapped_class:sccka,False,539696e8cb9ad321,45.0,male,head_neck_face,Head and neck,3,3,unmapped_class:sccka,False
milk10k,milk10k,images/ISIC_8204527.jpg,ISIC_8204527,akiec,g2650,external_test,none,2650,-1,,False,d8a326a6998ba2bb,70.0,male,head_neck_face,Head and neck,3,3,,False
milk10k,milk10k,images/ISIC_1510512.jpg,ISIC_1510512,nv,g2651,external_test,none,2651,-1,,True,99c66d8c2619d967,15.0,female,trunk,Trunk,3,3,,False
milk10k,milk10k,images/ISIC_7319361.jpg,ISIC_7319361,bcc,g2652,external_test,none,2652,-1,,False,9762de965358c3a1,60.0,female,head_neck_face,Head and neck,4,4,,False
milk10k,milk10k,images/ISIC_1999829.jpg,ISIC_1999829,akiec,g2653,external_test,none,2653,-1,,True,c78cd3b06a2abd0b,60.0,male,upper_extremity,Upper extremity,3,3,,False
milk10k,milk10k,images/ISIC_7206588.jpg,ISIC_7206588,nv,g2654,external_test,none,2654,-1,,True,298ba2ae8daba2ad,30.0,female,trunk,Trunk,3,3,,False
milk10k,milk10k,images/ISIC_7501779.jpg,ISIC_7501779,mel,g2655,external_test,none,2655,-1,,False,dcf309498c29539f,80.0,male,trunk,Trunk,2,2,,False
milk10k,milk10k,images/ISIC_6877985.jpg,ISIC_6877985,mel,g2656,external_test,none,2656,-1,,True,39277160c51ba74f,70.0,female,head_neck_face,Head and neck,2,2,,False
milk10k,milk10k,images/ISIC_2675122.jpg,ISIC_2675122,inf,g2657,dropped,none,2657,-1,unmapped_class:inf,False,5a9634f806e15dad,50.0,female,head_neck_face,Head and neck,3,3,unmapped_class:inf,False
milk10k,milk10k,images/ISIC_6357740.jpg,ISIC_6357740,bcc,g2658,external_test,none,2658,-1,,True,4ca6b2366b99b4a5,65.0,female,trunk,Trunk,3,3,,False
milk10k,milk10k,images/ISIC_9422230.jpg,ISIC_9422230,akiec,g2659,external_test,none,2659,-1,,False,97b89dbc3092638b,45.0,female,upper_extremity,Upper extremity,3,3,,False
milk10k,milk10k,images/ISIC_1275089.jpg,ISIC_1275089,bkl,g2660,external_test,none,2660,-1,,False,674ce6d04e79b0a3,45.0,female,trunk,Trunk,3,3,,False
milk10k,milk10k,images/ISIC_8731964.jpg,ISIC_8731964,bcc,g2661,external_test,none,2661,-1,,False,6a2b553eaa5554a3,55.0,female,trunk,Trunk,4,4,,False
milk10k,milk10k,images/ISIC_9909273.jpg,ISIC_9909273,bcc,g2662,external_test,none,2662,-1,,False,e4338c8ee1739e0b,80.0,male,head_neck_face,Head and neck,3,3,,False
milk10k,milk10k,images/ISIC_7402642.jpg,ISIC_7402642,mel,g2663,external_test,none,2663,-1,,True,99d9233b49e3868d,60.0,male,trunk,Trunk,2,2,,False
milk10k,milk10k,images/ISIC_5597278.jpg,ISIC_5597278,bcc,g2664,external_test,none,2664,-1,,True,0efc7386e6b09929,60.0,male,trunk,Trunk,3,3,,False
milk10k,milk10k,images/ISIC_5837451.jpg,ISIC_5837451,bcc,g2665,external_test,none,2665,-1,,False,7768d69ac132e689,50.0,male,lower_extremity,Lower extremity,3,3,,False
milk10k,milk10k,images/ISIC_6787367.jpg,ISIC_6787367,bcc,g2666,external_test,none,2666,-1,,False,84d99c61e3731b8d,50.0,female,head_neck_face,Head and neck,4,4,,False
milk10k,milk10k,images/ISIC_2097701.jpg,ISIC_2097701,sccka,g2667,dropped,none,2667,-1,unmapped_class:sccka,False,e498bc5b11c30b3f,70.0,male,lower_extremity,Lower extremity,3,3,unmapped_class:sccka,False
milk10k,milk10k,images/ISIC_2086625.jpg,ISIC_2086625,akiec,g2668,external_test,none,2668,-1,,True,dd0f54b28eee2521,70.0,male,trunk,Trunk,3,3,,False
milk10k,milk10k,images/ISIC_1325383.jpg,ISIC_1325383,bcc,g2669,external_test,none,2669,-1,,False,476ead3c8ec6c129,75.0,female,lower_extremity,Lower extremity,3,3,,False
milk10k,milk10k,images/ISIC_9584529.jpg,ISIC_9584529,bcc,g2670,external_test,none,2670,-1,,False,e48a63be2c695b83,75.0,male,trunk,Trunk,3,3,,False
milk10k,milk10k,images/ISIC_2068038.jpg,ISIC_2068038,bcc,g2671,external_test,none,2671,-1,,False,bf2a99b86488ae8b,70.0,female,upper_extremity,Upper extremity,3,3,,False
milk10k,milk10k,images/ISIC_7363608.jpg,ISIC_7363608,bcc,g2672,external_test,none,2672,-1,,False,2a333376d9b81ca3,50.0,male,trunk,Trunk,3,3,,False
milk10k,milk10k,images/ISIC_1603737.jpg,ISIC_1603737,bcc,g2673,external_test,none,2673,-1,,True,469bbca4aa1cd399,75.0,male,head_neck_face,Head and neck,5 (lightest),5,,False
milk10k,milk10k,images/ISIC_3712412.jpg,ISIC_3712412,bcc,g2674,external_test,none,2674,-1,,False,b122789ad6e16e1b,65.0,female,head_neck_face,Head and neck,4,4,,False
milk10k,milk10k,images/ISIC_6950225.jpg,ISIC_6950225,bcc,g2675,external_test,none,2675,-1,,True,6d50d7e8dfa03d01,45.0,male,trunk,Trunk,3,3,,False
milk10k,milk10k,images/ISIC_4277953.jpg,ISIC_4277953,mel,g2676,external_test,none,2676,-1,,True,3626c69ad9592727,55.0,male,lower_extremity,Lower extremity,2,2,,False
milk10k,milk10k,images/ISIC_6137075.jpg,ISIC_6137075,inf,g2677,dropped,none,2677,-1,unmapped_class:inf,False,fbfffee4c1110001,70.0,male,head_neck_face,Head and neck,3,3,unmapped_class:inf,False
milk10k,milk10k,images/ISIC_4444763.jpg,ISIC_4444763,bcc,g2678,external_test,none,2678,-1,,False,9f4ad940a30adf2b,85.0,male,head_neck_face,Head and neck,3,3,,False
milk10k,milk10k,images/ISIC_0823112.jpg,ISIC_0823112,bcc,g2679,external_test,none,2679,-1,,False,bb08da421b49ec9f,65.0,male,trunk,Trunk,4,4,,False
milk10k,milk10k,images/ISIC_9973864.jpg,ISIC_9973864,bcc,g2680,external_test,none,2680,-1,,False,cb2686aacb0b67a3,60.0,male,head_neck_face,Head and neck,3,3,,False
milk10k,milk10k,images/ISIC_8255125.jpg,ISIC_8255125,bcc,g2681,external_test,none,2681,-1,,False,2702dd88dca87bab,75.0,female,head_neck_face,Head and neck,3,3,,False
milk10k,milk10k,images/ISIC_4639628.jpg,ISIC_4639628,bcc,g2682,external_test,none,2682,-1,,True,b7f9a66895350b03,85.0,male,head_neck_face,Head and neck,3,3,,False
milk10k,milk10k,images/ISIC_2024217.jpg,ISIC_2024217,bcc,g2683,external_test,none,2683,-1,,False,f666638c93596c23,40.0,female,trunk,Trunk,3,3,,False
milk10k,milk10k,images/ISIC_3926968.jpg,ISIC_3926968,bcc,g2684,external_test,none,2684,-1,,True,fa30ce2829e6db0b,75.0,female,head_neck_face,Head and neck,3,3,,False
milk10k,milk10k,images/ISIC_7078711.jpg,ISIC_7078711,nv,g2685,external_test,none,2685,-1,,False,cdc9cc3251733707,60.0,male,,,4,4,,False
milk10k,milk10k,images/ISIC_2366596.jpg,ISIC_2366596,bcc,g2686,external_test,none,2686,-1,,True,39e74aba41f1230f,80.0,male,lower_extremity,Lower extremity,3,3,,False
milk10k,milk10k,images/ISIC_1309001.jpg,ISIC_1309001,bcc,g2687,external_test,none,2687,-1,,False,b7c8c43becd07a21,55.0,male,trunk,Trunk,3,3,,False
milk10k,milk10k,images/ISIC_9792283.jpg,ISIC_9792283,mel,g2688,external_test,none,2688,-1,,False,ce69aca972e14317,85.0,male,trunk,Trunk,3,3,,False
milk10k,milk10k,images/ISIC_0508629.jpg,ISIC_0508629,nv,g2689,external_test,none,2689,-1,,False,fee4708c3013f64d,55.0,female,head_neck_face,Head and neck,2,2,,False
milk10k,milk10k,images/ISIC_6115749.jpg,ISIC_6115749,bcc,g2690,external_test,none,2690,-1,,True,fc388fa23c8ae389,80.0,male,head_neck_face,Head and neck,3,3,,False
milk10k,milk10k,images/ISIC_1999475.jpg,ISIC_1999475,bcc,g2691,external_test,none,2691,-1,,True,7ee61bc631d88923,80.0,female,head_neck_face,Head and neck,5 (lightest),5,,False
milk10k,milk10k,images/ISIC_0836815.jpg,ISIC_0836815,bcc,g2692,external_test,none,2692,-1,,False,1f8af1a2cc1ab38d,45.0,female,trunk,Trunk,3,3,,False
milk10k,milk10k,images/ISIC_0893723.jpg,ISIC_0893723,nv,g2693,external_test,none,2693,-1,,True,cd643007074bf8fd,35.0,male,trunk,Trunk,2,2,,False
milk10k,milk10k,images/ISIC_7892545.jpg,ISIC_7892545,bcc,g2694,external_test,none,2694,-1,,True,981f531362fb4e25,75.0,male,head_neck_face,Head and neck,4,4,,False
milk10k,milk10k,images/ISIC_4585749.jpg,ISIC_4585749,akiec,g2695,external_test,none,2695,-1,,False,297686f89e0361bd,65.0,female,upper_extremity,Upper extremity,3,3,,False
milk10k,milk10k,images/ISIC_0570358.jpg,ISIC_0570358,nv,g2696,external_test,none,2696,-1,,False,36c97059c3a19d97,,male,lower_extremity,Lower extremity,3,3,,False
milk10k,milk10k,images/ISIC_8023105.jpg,ISIC_8023105,bcc,g2697,external_test,none,2697,-1,,False,d445d4681ff82bb1,65.0,female,head_neck_face,Head and neck,3,3,,False
milk10k,milk10k,images/ISIC_4497730.jpg,ISIC_4497730,bcc,g2698,external_test,none,2698,-1,,True,507a468e7a39a567,55.0,female,trunk,Trunk,3,3,,False
milk10k,milk10k,images/ISIC_3494719.jpg,ISIC_3494719,bcc,g2699,external_test,none,2699,-1,,False,0a33e5449d93676d,65.0,female,head_neck_face,Head and neck,2,2,,False
milk10k,milk10k,images/ISIC_8472106.jpg,ISIC_8472106,bcc,g2700,external_test,none,2700,-1,,False,69dabd58d2e22983,80.0,male,lower_extremity,Lower extremity,3,3,,False
milk10k,milk10k,images/ISIC_7303727.jpg,ISIC_7303727,bkl,g2701,external_test,none,2701,-1,,True,4e7343f323cb8c25,60.0,female,lower_extremity,Lower extremity,4,4,,False
milk10k,milk10k,images/ISIC_8318126.jpg,ISIC_8318126,nv,g2702,external_test,none,2702,-1,,False,3c3e933249f3268d,60.0,female,trunk,Trunk,3,3,,False
milk10k,milk10k,images/ISIC_5132321.jpg,ISIC_5132321,sccka,g2703,dropped,none,2703,-1,unmapped_class:sccka,False,3421a7a593d35f07,65.0,male,head_neck_face,Head and neck,4,4,unmapped_class:sccka,False
milk10k,milk10k,images/ISIC_6133264.jpg,ISIC_6133264,bcc,g2704,external_test,none,2704,-1,,True,7cc832b02fe6cc1b,65.0,female,upper_extremity,Upper extremity,3,3,,False
milk10k,milk10k,images/ISIC_6640040.jpg,ISIC_6640040,nv,g2705,external_test,none,2705,-1,,False,2be4e3a2b7b21b09,35.0,male,head_neck_face,Head and neck,3,3,,False
milk10k,milk10k,images/ISIC_8305748.jpg,ISIC_8305748,sccka,g2706,dropped,none,2706,-1,unmapped_class:sccka,False,59b8b2b6c34a6ca9,60.0,female,head_neck_face,Head and neck,5 (lightest),5,unmapped_class:sccka,False
milk10k,milk10k,images/ISIC_1176980.jpg,ISIC_1176980,bcc,g2707,external_test,none,2707,-1,,False,3866c6989bd3c627,50.0,female,lower_extremity,Lower extremity,3,3,,False
milk10k,milk10k,images/ISIC_3792868.jpg,ISIC_3792868,bcc,g2708,external_test,none,2708,-1,,False,580af4a29b8aeeab,70.0,male,trunk,Trunk,3,3,,False
milk10k,milk10k,images/ISIC_8980999.jpg,ISIC_8980999,sccka,g2709,dropped,none,2709,-1,unmapped_class:sccka,False,d26c925b85643d9d,60.0,male,hand,Upper extremity,3,3,unmapped_class:sccka,False
milk10k,milk10k,images/ISIC_9625758.jpg,ISIC_9625758,bkl,g2710,external_test,none,2710,-1,,False,1e38b099c7497c37,85.0,male,trunk,Trunk,4,4,,False
milk10k,milk10k,images/ISIC_1382648.jpg,ISIC_1382648,sccka,g2711,dropped,none,2711,-1,unmapped_class:sccka,False,6f12a96724be1359,65.0,female,head_neck_face,Head and neck,5 (lightest),5,unmapped_class:sccka,False
milk10k,milk10k,images/ISIC_3877266.jpg,ISIC_3877266,bcc,g2712,external_test,none,2712,-1,,True,2c1cb96eee923923,85.0,female,upper_extremity,Upper extremity,3,3,,False
milk10k,milk10k,images/ISIC_8554900.jpg,ISIC_8554900,bcc,g2713,external_test,none,2713,-1,,False,ee72afb89ac22c09,65.0,male,upper_extremity,Upper extremity,3,3,,False
milk10k,milk10k,images/ISIC_2864613.jpg,ISIC_2864613,bcc,g2714,external_test,none,2714,-1,,False,c9b2b76669191c1b,70.0,male,head_neck_face,Head and neck,3,3,,False
milk10k,milk10k,images/ISIC_9814738.jpg,ISIC_9814738,sccka,g2715,dropped,none,2715,-1,unmapped_class:sccka,False,2e1941e3974e633b,80.0,male,lower_extremity,Lower extremity,4,4,unmapped_class:sccka,False
milk10k,milk10k,images/ISIC_2132766.jpg,ISIC_2132766,sccka,g2716,dropped,none,2716,-1,unmapped_class:sccka,False,9b9866729293e22f,70.0,female,lower_extremity,Lower extremity,4,4,unmapped_class:sccka,False
milk10k,milk10k,images/ISIC_7808642.jpg,ISIC_7808642,mel,g2717,external_test,none,2717,-1,,False,9cb399691973660d,30.0,male,trunk,Trunk,2,2,,False
milk10k,milk10k,images/ISIC_9566384.jpg,ISIC_9566384,bcc,g2718,external_test,none,2718,-1,,False,733c6ad07768c983,70.0,female,head_neck_face,Head and neck,3,3,,False
milk10k,milk10k,images/ISIC_4996777.jpg,ISIC_4996777,bcc,g2719,external_test,none,2719,-1,,False,585af36e6ed89421,40.0,female,head_neck_face,Head and neck,5 (lightest),5,,False
milk10k,milk10k,images/ISIC_7580736.jpg,ISIC_7580736,bcc,g2720,external_test,none,2720,-1,,False,3931b3911b93accd,60.0,male,head_neck_face,Head and neck,2,2,,False
milk10k,milk10k,images/ISIC_1485788.jpg,ISIC_1485788,sccka,g2721,dropped,none,2721,-1,unmapped_class:sccka,False,cd2d965312b47b23,65.0,male,head_neck_face,Head and neck,4,4,unmapped_class:sccka,False
milk10k,milk10k,images/ISIC_4660700.jpg,ISIC_4660700,bcc,g2722,external_test,none,2722,-1,,False,1c32731c8673cb8f,45.0,male,head_neck_face,Head and neck,3,3,,False
milk10k,milk10k,images/ISIC_0939687.jpg,ISIC_0939687,akiec,g2723,external_test,none,2723,-1,,False,8b44db66dc32c9a3,75.0,female,head_neck_face,Head and neck,5 (lightest),5,,False
milk10k,milk10k,images/ISIC_8145727.jpg,ISIC_8145727,bcc,g2724,external_test,none,2724,-1,,False,b2d69918537a7d81,80.0,female,lower_extremity,Lower extremity,3,3,,False
milk10k,milk10k,images/ISIC_7890093.jpg,ISIC_7890093,nv,g2725,external_test,none,2725,-1,,False,33cc4936a43399cf,15.0,male,head_neck_face,Head and neck,3,3,,False
milk10k,milk10k,images/ISIC_4483583.jpg,ISIC_4483583,bcc,g2726,external_test,none,2726,-1,,True,efecd89823dad201,50.0,female,trunk,Trunk,3,3,,False
milk10k,milk10k,images/ISIC_5554081.jpg,ISIC_5554081,nv,g2727,dropped,none,2727,-1,duplicate_of_ham10000,False,8d08772afca3d709,5.0,male,head_neck_face,Head and neck,2,2,duplicate_of_ham10000,False
milk10k,milk10k,images/ISIC_2215299.jpg,ISIC_2215299,sccka,g2728,dropped,none,2728,-1,unmapped_class:sccka,False,e63cd9248bc62d1b,80.0,female,lower_extremity,Lower extremity,3,3,unmapped_class:sccka,False
milk10k,milk10k,images/ISIC_1822355.jpg,ISIC_1822355,bkl,g2729,external_test,none,2729,-1,,True,132cc9e3ccf38627,60.0,male,head_neck_face,Head and neck,0-1 (darkest),1,,False
milk10k,milk10k,images/ISIC_8103067.jpg,ISIC_8103067,bcc,g2730,external_test,none,2730,-1,,False,d2c73eb07242f329,70.0,female,upper_extremity,Upper extremity,3,3,,False
milk10k,milk10k,images/ISIC_9380419.jpg,ISIC_9380419,bkl,g2731,external_test,none,2731,-1,,False,dcb62f19bb4ac181,80.0,female,head_neck_face,Head and neck,2,2,,False
milk10k,milk10k,images/ISIC_5042685.jpg,ISIC_5042685,bkl,g2732,external_test,none,2732,-1,,False,85f2bc72869e33a1,65.0,male,trunk,Trunk,3,3,,False
milk10k,milk10k,images/ISIC_9267602.jpg,ISIC_9267602,nv,g2733,external_test,none,2733,-1,,False,097e1b9163d1ac67,25.0,male,head_neck_face,Head and neck,0-1 (darkest),1,,False
milk10k,milk10k,images/ISIC_2501467.jpg,ISIC_2501467,bcc,g2734,external_test,none,2734,-1,,False,48b3b6c0ed98fb81,70.0,male,lower_extremity,Lower extremity,3,3,,False
milk10k,milk10k,images/ISIC_3336886.jpg,ISIC_3336886,bcc,g2735,external_test,none,2735,-1,,True,014bcda037b999cf,60.0,male,head_neck_face,Head and neck,2,2,,False
milk10k,milk10k,images/ISIC_5027796.jpg,ISIC_5027796,bcc,g2736,external_test,none,2736,-1,,False,9378eca33b02c1db,70.0,female,lower_extremity,Lower extremity,3,3,,False
milk10k,milk10k,images/ISIC_0685008.jpg,ISIC_0685008,bkl,g2737,external_test,none,2737,-1,,False,cf52dee03c023b2b,75.0,female,head_neck_face,Head and neck,3,3,,False
milk10k,milk10k,images/ISIC_5807024.jpg,ISIC_5807024,mel,g2738,external_test,none,2738,-1,,False,b186b1d3da89247d,65.0,female,lower_extremity,Lower extremity,3,3,,False
milk10k,milk10k,images/ISIC_8341598.jpg,ISIC_8341598,akiec,g2739,external_test,none,2739,-1,,False,f9869633e10a55ab,75.0,male,upper_extremity,Upper extremity,0-1 (darkest),1,,False
milk10k,milk10k,images/ISIC_8622558.jpg,ISIC_8622558,bcc,g2740,external_test,none,2740,-1,,False,6e2a313393e3cc8d,75.0,male,head_neck_face,Head and neck,3,3,,False
milk10k,milk10k,images/ISIC_5078639.jpg,ISIC_5078639,bcc,g2741,external_test,none,2741,-1,,False,66492bf41a93c1ed,45.0,female,trunk,Trunk,3,3,,False
milk10k,milk10k,images/ISIC_3362890.jpg,ISIC_3362890,bcc,g2742,external_test,none,2742,-1,,False,36d6d35aac7898a1,65.0,male,trunk,Trunk,3,3,,False
milk10k,milk10k,images/ISIC_2049002.jpg,ISIC_2049002,sccka,g2743,dropped,none,2743,-1,unmapped_class:sccka,False,523eed1d4e61e0a3,60.0,male,head_neck_face,Head and neck,4,4,unmapped_class:sccka,False
milk10k,milk10k,images/ISIC_6092124.jpg,ISIC_6092124,bcc,g2744,external_test,none,2744,-1,,True,1860e13337d87dcd,55.0,male,trunk,Trunk,3,3,,False
milk10k,milk10k,images/ISIC_3730239.jpg,ISIC_3730239,nv,g2745,external_test,none,2745,-1,,False,9c0e7431f3c34e2d,45.0,male,trunk,Trunk,4,4,,False
milk10k,milk10k,images/ISIC_1612482.jpg,ISIC_1612482,bkl,g2746,external_test,none,2746,-1,,False,03fc47e03ba07f89,60.0,female,hand,Upper extremity,5 (lightest),5,,False
milk10k,milk10k,images/ISIC_9685758.jpg,ISIC_9685758,nv,g2747,external_test,none,2747,-1,,False,8ce6338c669b9965,55.0,male,upper_extremity,Upper extremity,3,3,,False
milk10k,milk10k,images/ISIC_9071975.jpg,ISIC_9071975,bkl,g2748,external_test,none,2748,-1,,False,e426f4c4cc31a7cd,70.0,male,head_neck_face,Head and neck,3,3,,False
milk10k,milk10k,images/ISIC_8898820.jpg,ISIC_8898820,mel,g2749,external_test,none,2749,-1,,False,53d96909b509c71f,70.0,male,trunk,Trunk,3,3,,False
milk10k,milk10k,images/ISIC_4189363.jpg,ISIC_4189363,bcc,g2750,external_test,none,2750,-1,,False,d1134f4e0c9bb3e1,60.0,female,trunk,Trunk,4,4,,False
milk10k,milk10k,images/ISIC_1843399.jpg,ISIC_1843399,bcc,g2751,external_test,none,2751,-1,,False,33b2fbeaeb80ac01,75.0,male,lower_extremity,Lower extremity,4,4,,False
milk10k,milk10k,images/ISIC_0077054.jpg,ISIC_0077054,bcc,g2752,external_test,none,2752,-1,,True,2b51a4cc73718d8f,75.0,male,head_neck_face,Head and neck,3,3,,False
milk10k,milk10k,images/ISIC_7325617.jpg,ISIC_7325617,bcc,g2753,external_test,none,2753,-1,,False,0ff84f76f1834c11,70.0,female,head_neck_face,Head and neck,3,3,,False
milk10k,milk10k,images/ISIC_8697607.jpg,ISIC_8697607,mel,g2754,external_test,none,2754,-1,,True,9d295c62cba2b38b,55.0,male,trunk,Trunk,3,3,,False
milk10k,milk10k,images/ISIC_0655029.jpg,ISIC_0655029,bcc,g2755,external_test,none,2755,-1,,False,2793527b25a41e79,85.0,male,trunk,Trunk,3,3,,False
milk10k,milk10k,images/ISIC_2702984.jpg,ISIC_2702984,bkl,g2756,external_test,none,2756,-1,,False,8ba8a6b22ee988af,80.0,male,head_neck_face,Head and neck,2,2,,False
milk10k,milk10k,images/ISIC_2993047.jpg,ISIC_2993047,bcc,g2757,external_test,none,2757,-1,,True,69ecc49896675993,55.0,male,upper_extremity,Upper extremity,3,3,,False
milk10k,milk10k,images/ISIC_2590790.jpg,ISIC_2590790,bcc,g2758,external_test,none,2758,-1,,True,9d687936d4985b23,65.0,male,trunk,Trunk,3,3,,False
milk10k,milk10k,images/ISIC_8052859.jpg,ISIC_8052859,bcc,g2759,external_test,none,2759,-1,,True,2e4cdc3e50995b63,50.0,female,upper_extremity,Upper extremity,3,3,,False
milk10k,milk10k,images/ISIC_5783892.jpg,ISIC_5783892,bcc,g2760,external_test,none,2760,-1,,False,b2483dc6ff009f0b,65.0,male,trunk,Trunk,3,3,,False
milk10k,milk10k,images/ISIC_2613429.jpg,ISIC_2613429,sccka,g2761,dropped,none,2761,-1,unmapped_class:sccka,False,73bc8bce18725a89,80.0,female,upper_extremity,Upper extremity,3,3,unmapped_class:sccka,False
milk10k,milk10k,images/ISIC_8791057.jpg,ISIC_8791057,vasc,g2762,external_test,none,2762,-1,,True,39cec48a3331cccf,85.0,male,trunk,Trunk,3,3,,False
milk10k,milk10k,images/ISIC_2751556.jpg,ISIC_2751556,bcc,g2763,external_test,none,2763,-1,,False,19a06a48cdb3f4b7,65.0,male,trunk,Trunk,3,3,,False
milk10k,milk10k,images/ISIC_3668445.jpg,ISIC_3668445,nv,g2764,external_test,none,2764,-1,,False,5e6c561a59caa2ab,65.0,female,head_neck_face,Head and neck,3,3,,False
milk10k,milk10k,images/ISIC_6989179.jpg,ISIC_6989179,sccka,g2765,dropped,none,2765,-1,unmapped_class:sccka,False,99639b2e66d98b21,75.0,male,trunk,Trunk,3,3,unmapped_class:sccka,False
milk10k,milk10k,images/ISIC_1789556.jpg,ISIC_1789556,nv,g2766,external_test,none,2766,-1,,False,3fd9bce1f0014355,35.0,female,trunk,Trunk,4,4,,False
milk10k,milk10k,images/ISIC_5539676.jpg,ISIC_5539676,df,g2767,external_test,none,2767,-1,,False,87399ac3aecb4235,40.0,female,lower_extremity,Lower extremity,4,4,,False
milk10k,milk10k,images/ISIC_9014235.jpg,ISIC_9014235,bkl,g2768,external_test,none,2768,-1,,True,05d478e462d3b56d,65.0,male,trunk,Trunk,3,3,,False
milk10k,milk10k,images/ISIC_7681010.jpg,ISIC_7681010,akiec,g2769,external_test,none,2769,-1,,False,f3b1c2da46f89823,80.0,male,upper_extremity,Upper extremity,4,4,,False
milk10k,milk10k,images/ISIC_7285901.jpg,ISIC_7285901,nv,g2770,external_test,none,2770,-1,,False,64b193a3869179e7,50.0,male,trunk,Trunk,2,2,,False
milk10k,milk10k,images/ISIC_8712502.jpg,ISIC_8712502,bcc,g2771,external_test,none,2771,-1,,True,859a74cce383572d,85.0,female,upper_extremity,Upper extremity,3,3,,False
milk10k,milk10k,images/ISIC_8528760.jpg,ISIC_8528760,mel,g2772,external_test,none,2772,-1,,False,0ca3c18b878b7caf,50.0,female,head_neck_face,Head and neck,4,4,,False
milk10k,milk10k,images/ISIC_6712916.jpg,ISIC_6712916,bcc,g2773,external_test,none,2773,-1,,True,8bf06d42b1a86dab,75.0,female,lower_extremity,Lower extremity,3,3,,False
milk10k,milk10k,images/ISIC_0080219.jpg,ISIC_0080219,nv,g2774,external_test,none,2774,-1,,False,9ce8e0a55629a95f,45.0,male,trunk,Trunk,4,4,,False
milk10k,milk10k,images/ISIC_5503515.jpg,ISIC_5503515,bcc,g2775,external_test,none,2775,-1,,False,a5d2ed6a87a817a1,60.0,female,lower_extremity,Lower extremity,3,3,,False
milk10k,milk10k,images/ISIC_4757362.jpg,ISIC_4757362,nv,g2776,external_test,none,2776,-1,,True,86f8aa6668996567,55.0,male,upper_extremity,Upper extremity,3,3,,False
milk10k,milk10k,images/ISIC_9231306.jpg,ISIC_9231306,bkl,g2777,external_test,none,2777,-1,,False,899394f276e3a82d,55.0,female,upper_extremity,Upper extremity,3,3,,False
milk10k,milk10k,images/ISIC_7860232.jpg,ISIC_7860232,bcc,g2778,external_test,none,2778,-1,,False,323972c3ab09c7d5,75.0,female,trunk,Trunk,2,2,,False
milk10k,milk10k,images/ISIC_3414486.jpg,ISIC_3414486,df,g2779,external_test,none,2779,-1,,False,b3816c7949e1c78d,50.0,male,lower_extremity,Lower extremity,3,3,,False
milk10k,milk10k,images/ISIC_5322852.jpg,ISIC_5322852,nv,g2780,external_test,none,2780,-1,,False,16d26ac3ad29517d,40.0,female,trunk,Trunk,5 (lightest),5,,False
milk10k,milk10k,images/ISIC_7709002.jpg,ISIC_7709002,sccka,g2781,dropped,none,2781,-1,unmapped_class:sccka,False,9c7c33f3c7201c8d,70.0,female,lower_extremity,Lower extremity,3,3,unmapped_class:sccka,False
milk10k,milk10k,images/ISIC_1937581.jpg,ISIC_1937581,bkl,g2782,external_test,none,2782,-1,,False,c72ad338b3dc09e1,60.0,female,head_neck_face,Head and neck,3,3,,False
milk10k,milk10k,images/ISIC_7189526.jpg,ISIC_7189526,nv,g2783,external_test,none,2783,-1,,True,164cd39c49797387,60.0,female,lower_extremity,Lower extremity,4,4,,False
milk10k,milk10k,images/ISIC_4910424.jpg,ISIC_4910424,bcc,g2784,external_test,none,2784,-1,,False,56a2e10c9d783b3b,65.0,female,trunk,Trunk,3,3,,False
milk10k,milk10k,images/ISIC_5306258.jpg,ISIC_5306258,bkl,g2785,external_test,none,2785,-1,,False,00d89d46ef99c769,40.0,female,head_neck_face,Head and neck,2,2,,False
milk10k,milk10k,images/ISIC_4187456.jpg,ISIC_4187456,bcc,g2786,external_test,none,2786,-1,,False,105acb46b71c4fab,75.0,male,head_neck_face,Head and neck,3,3,,False
milk10k,milk10k,images/ISIC_3445025.jpg,ISIC_3445025,bcc,g2787,external_test,none,2787,-1,,False,c496d45edafe0a81,75.0,male,head_neck_face,Head and neck,5 (lightest),5,,False
milk10k,milk10k,images/ISIC_7893518.jpg,ISIC_7893518,mel,g2788,external_test,none,2788,-1,,False,83199b39794386f5,75.0,male,trunk,Trunk,2,2,,False
milk10k,milk10k,images/ISIC_5570317.jpg,ISIC_5570317,bkl,g2789,external_test,none,2789,-1,,False,e3260ea754c1b63d,60.0,male,upper_extremity,Upper extremity,3,3,,False
milk10k,milk10k,images/ISIC_4793606.jpg,ISIC_4793606,mel,g2790,external_test,none,2790,-1,,False,9ae2c9cb980b3667,50.0,male,head_neck_face,Head and neck,5 (lightest),5,,False
milk10k,milk10k,images/ISIC_0084885.jpg,ISIC_0084885,sccka,g2791,dropped,none,2791,-1,unmapped_class:sccka,False,992761f676184b2b,70.0,female,lower_extremity,Lower extremity,4,4,unmapped_class:sccka,False
milk10k,milk10k,images/ISIC_8450508.jpg,ISIC_8450508,bcc,g2792,external_test,none,2792,-1,,False,ee52de203998e62b,65.0,female,trunk,Trunk,4,4,,False
milk10k,milk10k,images/ISIC_6748152.jpg,ISIC_6748152,bcc,g2793,external_test,none,2793,-1,,True,d9383662cb993527,70.0,female,head_neck_face,Head and neck,4,4,,False
milk10k,milk10k,images/ISIC_8577350.jpg,ISIC_8577350,bcc,g2794,external_test,none,2794,-1,,True,49b1e7d1a9dc7421,75.0,female,trunk,Trunk,4,4,,False
milk10k,milk10k,images/ISIC_9051937.jpg,ISIC_9051937,bcc,g2795,external_test,none,2795,-1,,True,a18f4c23965939cf,75.0,male,head_neck_face,Head and neck,5 (lightest),5,,False
milk10k,milk10k,images/ISIC_8534089.jpg,ISIC_8534089,bcc,g2796,external_test,none,2796,-1,,False,cfa15c42ecc1f90d,50.0,female,trunk,Trunk,3,3,,False
milk10k,milk10k,images/ISIC_6935679.jpg,ISIC_6935679,bcc,g2797,external_test,none,2797,-1,,False,26f8dce6b41a58a3,30.0,female,trunk,Trunk,5 (lightest),5,,False
milk10k,milk10k,images/ISIC_3986103.jpg,ISIC_3986103,sccka,g2798,dropped,none,2798,-1,unmapped_class:sccka,False,d3b31b4c5c31394b,85.0,male,head_neck_face,Head and neck,3,3,unmapped_class:sccka,False
milk10k,milk10k,images/ISIC_8572463.jpg,ISIC_8572463,bcc,g2799,external_test,none,2799,-1,,False,cc42338aec2a7eab,55.0,male,upper_extremity,Upper extremity,3,3,,False
milk10k,milk10k,images/ISIC_8381176.jpg,ISIC_8381176,bkl,g2800,external_test,none,2800,-1,,False,485969bd94d65e23,65.0,male,head_neck_face,Head and neck,3,3,,False
milk10k,milk10k,images/ISIC_1813785.jpg,ISIC_1813785,nv,g2801,external_test,none,2801,-1,,False,9c312c13e6d17d2d,55.0,male,lower_extremity,Lower extremity,3,3,,False
milk10k,milk10k,images/ISIC_2023313.jpg,ISIC_2023313,bcc,g2802,external_test,none,2802,-1,,False,526352acad879c5b,75.0,female,head_neck_face,Head and neck,3,3,,False
milk10k,milk10k,images/ISIC_6356942.jpg,ISIC_6356942,bcc,g2803,external_test,none,2803,-1,,False,ce3863fea3f08c09,60.0,female,trunk,Trunk,4,4,,False
milk10k,milk10k,images/ISIC_5439956.jpg,ISIC_5439956,bcc,g2804,external_test,none,2804,-1,,False,2ecc922f5ea42f43,70.0,female,upper_extremity,Upper extremity,3,3,,False
milk10k,milk10k,images/ISIC_7917913.jpg,ISIC_7917913,nv,g2805,external_test,none,2805,-1,,True,6c808e6433bbcee5,25.0,male,upper_extremity,Upper extremity,3,3,,False
milk10k,milk10k,images/ISIC_0525463.jpg,ISIC_0525463,bcc,g2806,external_test,none,2806,-1,,False,8e280fa2f4aa57ab,55.0,female,upper_extremity,Upper extremity,3,3,,False
milk10k,milk10k,images/ISIC_8020470.jpg,ISIC_8020470,vasc,g2807,external_test,none,2807,-1,,True,1267ec1c89d3336d,55.0,female,head_neck_face,Head and neck,5 (lightest),5,,False
milk10k,milk10k,images/ISIC_0502738.jpg,ISIC_0502738,nv,g2808,external_test,none,2808,-1,,False,ec499649060b9efd,30.0,male,lower_extremity,Lower extremity,2,2,,False
milk10k,milk10k,images/ISIC_1975493.jpg,ISIC_1975493,bkl,g2809,external_test,none,2809,-1,,False,98666ecc673382cd,70.0,male,head_neck_face,Head and neck,2,2,,False
milk10k,milk10k,images/ISIC_1281967.jpg,ISIC_1281967,bcc,g2810,external_test,none,2810,-1,,False,677093ec3780f929,60.0,female,head_neck_face,Head and neck,4,4,,False
milk10k,milk10k,images/ISIC_1675975.jpg,ISIC_1675975,mel,g2811,external_test,none,2811,-1,,False,e12b4e1276a9195f,35.0,female,lower_extremity,Lower extremity,2,2,,False
milk10k,milk10k,images/ISIC_8541890.jpg,ISIC_8541890,bcc,g2812,external_test,none,2812,-1,,False,f968d370fc726481,65.0,female,head_neck_face,Head and neck,3,3,,False
milk10k,milk10k,images/ISIC_1890998.jpg,ISIC_1890998,bkl,g2813,external_test,none,2813,-1,,True,f7c8d376ac5841a1,65.0,female,trunk,Trunk,3,3,,False
milk10k,milk10k,images/ISIC_3846262.jpg,ISIC_3846262,bcc,g2814,external_test,none,2814,-1,,False,97949d6e2ccc168b,55.0,female,trunk,Trunk,3,3,,False
milk10k,milk10k,images/ISIC_5947061.jpg,ISIC_5947061,bkl,g2815,external_test,none,2815,-1,,False,ede48fc6b42e5083,60.0,male,lower_extremity,Lower extremity,3,3,,False
milk10k,milk10k,images/ISIC_0777268.jpg,ISIC_0777268,inf,g2816,dropped,none,2816,-1,unmapped_class:inf,False,ffeafca869820303,80.0,female,head_neck_face,Head and neck,2,2,unmapped_class:inf,False
milk10k,milk10k,images/ISIC_5342950.jpg,ISIC_5342950,sccka,g2817,dropped,none,2817,-1,unmapped_class:sccka,False,c62237a873ba1da9,60.0,male,head_neck_face,Head and neck,4,4,unmapped_class:sccka,False
milk10k,milk10k,images/ISIC_4964694.jpg,ISIC_4964694,bkl,g2818,external_test,none,2818,-1,,False,c872a1696ee1b70b,55.0,female,lower_extremity,Lower extremity,3,3,,False
milk10k,milk10k,images/ISIC_7916653.jpg,ISIC_7916653,bcc,g2819,external_test,none,2819,-1,,False,e7f2f642da82a829,70.0,female,trunk,Trunk,3,3,,False
milk10k,milk10k,images/ISIC_4156431.jpg,ISIC_4156431,bcc,g2820,external_test,none,2820,-1,,False,3b9b5c6449983f23,65.0,male,head_neck_face,Head and neck,4,4,,False
milk10k,milk10k,images/ISIC_1668550.jpg,ISIC_1668550,bcc,g2821,external_test,none,2821,-1,,False,3f8899beb2e0ce81,60.0,female,upper_extremity,Upper extremity,3,3,,False
milk10k,milk10k,images/ISIC_2324630.jpg,ISIC_2324630,bcc,g2822,external_test,none,2822,-1,,False,d676bc0269f8c709,65.0,female,lower_extremity,Lower extremity,4,4,,False
milk10k,milk10k,images/ISIC_8305576.jpg,ISIC_8305576,bcc,g2823,external_test,none,2823,-1,,False,cc5833b28c7173cb,65.0,male,head_neck_face,Head and neck,4,4,,False
milk10k,milk10k,images/ISIC_6747902.jpg,ISIC_6747902,bcc,g2824,external_test,none,2824,-1,,False,7f6c045a5f992227,80.0,female,lower_extremity,Lower extremity,3,3,,False
milk10k,milk10k,images/ISIC_0924335.jpg,ISIC_0924335,bcc,g2825,external_test,none,2825,-1,,False,7caf83d8906863ad,75.0,male,upper_extremity,Upper extremity,4,4,,False
milk10k,milk10k,images/ISIC_8098771.jpg,ISIC_8098771,mel,g2826,external_test,none,2826,-1,,False,39e8f1a383a34e95,55.0,male,trunk,Trunk,3,3,,False
milk10k,milk10k,images/ISIC_1646416.jpg,ISIC_1646416,bcc,g2827,external_test,none,2827,-1,,True,aac5bef81462a6a9,70.0,male,trunk,Trunk,3,3,,False
milk10k,milk10k,images/ISIC_1344833.jpg,ISIC_1344833,bkl,g2828,external_test,none,2828,-1,,False,e676818ed9b26623,50.0,female,lower_extremity,Lower extremity,3,3,,False
milk10k,milk10k,images/ISIC_6389005.jpg,ISIC_6389005,nv,g2829,external_test,none,2829,-1,,False,627cc6f233539c29,45.0,male,trunk,Trunk,3,3,,False
milk10k,milk10k,images/ISIC_5711940.jpg,ISIC_5711940,bcc,g2830,external_test,none,2830,-1,,True,fecace8a942869a9,60.0,male,trunk,Trunk,3,3,,False
milk10k,milk10k,images/ISIC_7753585.jpg,ISIC_7753585,bcc,g2831,external_test,none,2831,-1,,False,4b338287e3391e8f,55.0,male,head_neck_face,Head and neck,3,3,,False
milk10k,milk10k,images/ISIC_3090517.jpg,ISIC_3090517,mel,g2832,external_test,none,2832,-1,,False,1b65b803818b3fe7,75.0,female,head_neck_face,Head and neck,3,3,,False
milk10k,milk10k,images/ISIC_6943209.jpg,ISIC_6943209,sccka,g2833,dropped,none,2833,-1,unmapped_class:sccka,False,396bec516ee11383,65.0,male,lower_extremity,Lower extremity,3,3,unmapped_class:sccka,False
milk10k,milk10k,images/ISIC_4400687.jpg,ISIC_4400687,nv,g2834,external_test,none,2834,-1,,False,6959166359d3a68d,40.0,female,trunk,Trunk,3,3,,False
milk10k,milk10k,images/ISIC_6356372.jpg,ISIC_6356372,bcc,g2835,external_test,none,2835,-1,,False,db9d9c2c81d3688d,45.0,female,upper_extremity,Upper extremity,5 (lightest),5,,False
milk10k,milk10k,images/ISIC_7008068.jpg,ISIC_7008068,bcc,g2836,external_test,none,2836,-1,,False,f28d4a1a8dc3e89d,75.0,female,lower_extremity,Lower extremity,3,3,,False
milk10k,milk10k,images/ISIC_6044114.jpg,ISIC_6044114,mel,g2837,external_test,none,2837,-1,,False,9c8cb2e669599d25,85.0,male,head_neck_face,Head and neck,3,3,,False
milk10k,milk10k,images/ISIC_7243372.jpg,ISIC_7243372,sccka,g2838,dropped,none,2838,-1,unmapped_class:sccka,False,7aee4bac961a3903,65.0,male,head_neck_face,Head and neck,3,3,unmapped_class:sccka,False
milk10k,milk10k,images/ISIC_9587078.jpg,ISIC_9587078,bcc,g2839,external_test,none,2839,-1,,False,1a49d3f3b80bce29,55.0,female,trunk,Trunk,3,3,,False
milk10k,milk10k,images/ISIC_7345682.jpg,ISIC_7345682,bcc,g2840,external_test,none,2840,-1,,False,8c32960e778a79ab,80.0,male,trunk,Trunk,3,3,,False
milk10k,milk10k,images/ISIC_7584393.jpg,ISIC_7584393,bcc,g2841,external_test,none,2841,-1,,True,939372fc193383e1,65.0,male,head_neck_face,Head and neck,3,3,,False
milk10k,milk10k,images/ISIC_7009394.jpg,ISIC_7009394,bkl,g2842,external_test,none,2842,-1,,False,bbdc0466b11b0f65,55.0,male,head_neck_face,Head and neck,2,2,,False
milk10k,milk10k,images/ISIC_2370968.jpg,ISIC_2370968,bcc,g2843,external_test,none,2843,-1,,False,e358de581ca2672b,65.0,male,trunk,Trunk,3,3,,False
milk10k,milk10k,images/ISIC_6537586.jpg,ISIC_6537586,bcc,g2844,external_test,none,2844,-1,,False,cf40f72a01ba55ab,50.0,male,head_neck_face,Head and neck,3,3,,False
milk10k,milk10k,images/ISIC_3974488.jpg,ISIC_3974488,bcc,g2845,external_test,none,2845,-1,,False,2712fb3263e9cd09,80.0,male,lower_extremity,Lower extremity,4,4,,False
milk10k,milk10k,images/ISIC_8714957.jpg,ISIC_8714957,nv,g1565,dropped,none,1565,-1,duplicate_of_ham10000,False,3133c6cc3333cccd,35.0,female,trunk,Trunk,3,3,duplicate_of_ham10000,False
milk10k,milk10k,images/ISIC_5605573.jpg,ISIC_5605573,bcc,g2847,external_test,none,2847,-1,,False,a4d668ca8d06b7d3,70.0,male,upper_extremity,Upper extremity,3,3,,False
milk10k,milk10k,images/ISIC_1833069.jpg,ISIC_1833069,bcc,g2848,external_test,none,2848,-1,,False,5954d4e15ecba02f,85.0,female,head_neck_face,Head and neck,4,4,,False
milk10k,milk10k,images/ISIC_1574997.jpg,ISIC_1574997,bcc,g2849,external_test,none,2849,-1,,False,f174b6a8dda0dc09,65.0,female,lower_extremity,Lower extremity,3,3,,False
milk10k,milk10k,images/ISIC_1803069.jpg,ISIC_1803069,vasc,g2850,dropped,none,2850,-1,duplicate_of_ham10000,False,67cc191e667103af,40.0,female,lower_extremity,Lower extremity,0-1 (darkest),1,duplicate_of_ham10000,False
milk10k,milk10k,images/ISIC_5022731.jpg,ISIC_5022731,nv,g2851,external_test,none,2851,-1,,False,6ca7939872c9cc27,30.0,female,lower_extremity,Lower extremity,4,4,,False
milk10k,milk10k,images/ISIC_6429343.jpg,ISIC_6429343,bcc,g2852,external_test,none,2852,-1,,False,00fbdc38ff00ff01,70.0,female,trunk,Trunk,3,3,,False
milk10k,milk10k,images/ISIC_3831165.jpg,ISIC_3831165,nv,g2853,external_test,none,2853,-1,,True,b33c4d968ce3311d,65.0,male,trunk,Trunk,3,3,,False
milk10k,milk10k,images/ISIC_9560548.jpg,ISIC_9560548,bcc,g2854,external_test,none,2854,-1,,False,595263c9a721d68f,75.0,female,trunk,Trunk,3,3,,False
milk10k,milk10k,images/ISIC_3192193.jpg,ISIC_3192193,sccka,g2855,dropped,none,2855,-1,unmapped_class:sccka,False,ef6c8eae782e0381,85.0,male,upper_extremity,Upper extremity,5 (lightest),5,unmapped_class:sccka,False
milk10k,milk10k,images/ISIC_8659657.jpg,ISIC_8659657,sccka,g2856,dropped,none,2856,-1,unmapped_class:sccka,False,53eee1a698164769,55.0,male,upper_extremity,Upper extremity,4,4,unmapped_class:sccka,False
milk10k,milk10k,images/ISIC_2128070.jpg,ISIC_2128070,sccka,g2857,dropped,none,2857,-1,unmapped_class:sccka,False,2b66b51631d8762b,50.0,male,trunk,Trunk,3,3,unmapped_class:sccka,False
milk10k,milk10k,images/ISIC_2098382.jpg,ISIC_2098382,nv,g2858,external_test,none,2858,-1,,True,0c0679e969d3961f,35.0,female,trunk,Trunk,4,4,,False
milk10k,milk10k,images/ISIC_0662620.jpg,ISIC_0662620,vasc,g2859,external_test,none,2859,-1,,False,9918d9c943e9cc37,45.0,male,upper_extremity,Upper extremity,3,3,,False
milk10k,milk10k,images/ISIC_4213648.jpg,ISIC_4213648,bcc,g2860,external_test,none,2860,-1,,False,61a8b18a4e13fe2f,35.0,male,head_neck_face,Head and neck,3,3,,False
milk10k,milk10k,images/ISIC_2181594.jpg,ISIC_2181594,bcc,g2861,external_test,none,2861,-1,,False,cc985d5933e19317,75.0,male,lower_extremity,Lower extremity,5 (lightest),5,,False
milk10k,milk10k,images/ISIC_5509823.jpg,ISIC_5509823,bkl,g2862,external_test,none,2862,-1,,False,ad6cba9669c22da1,65.0,male,upper_extremity,Upper extremity,3,3,,False
milk10k,milk10k,images/ISIC_8042747.jpg,ISIC_8042747,bcc,g2863,external_test,none,2863,-1,,True,99d1d9a37162e60b,70.0,female,head_neck_face,Head and neck,3,3,,False
milk10k,milk10k,images/ISIC_2867998.jpg,ISIC_2867998,mel,g2864,external_test,none,2864,-1,,False,a3314b336cd3670d,70.0,male,trunk,Trunk,4,4,,False
milk10k,milk10k,images/ISIC_2822341.jpg,ISIC_2822341,bkl,g2865,external_test,none,2865,-1,,False,73c666b2867839a3,45.0,female,lower_extremity,Lower extremity,3,3,,False
milk10k,milk10k,images/ISIC_7447961.jpg,ISIC_7447961,inf,g2866,dropped,none,2866,-1,unmapped_class:inf,False,2cc8393373d9cc2d,50.0,male,lower_extremity,Lower extremity,4,4,unmapped_class:inf,False
milk10k,milk10k,images/ISIC_6038213.jpg,ISIC_6038213,bkl,g2867,dropped,none,2867,-1,duplicate_of_ham10000,False,19399873d2e3660f,75.0,male,trunk,Trunk,2,2,duplicate_of_ham10000,False
milk10k,milk10k,images/ISIC_8385616.jpg,ISIC_8385616,nv,g2868,external_test,none,2868,-1,,True,66ee339acc192565,55.0,female,upper_extremity,Upper extremity,4,4,,False
milk10k,milk10k,images/ISIC_3945933.jpg,ISIC_3945933,df,g2869,external_test,none,2869,-1,,True,322a69bbcac33f05,55.0,male,lower_extremity,Lower extremity,3,3,,False
milk10k,milk10k,images/ISIC_4411067.jpg,ISIC_4411067,bcc,g2870,external_test,none,2870,-1,,False,8c9b33389973628f,65.0,male,lower_extremity,Lower extremity,3,3,,False
milk10k,milk10k,images/ISIC_0292393.jpg,ISIC_0292393,bcc,g2871,external_test,none,2871,-1,,False,14a1666eade3d05d,65.0,male,head_neck_face,Head and neck,3,3,,False
milk10k,milk10k,images/ISIC_5634198.jpg,ISIC_5634198,bcc,g2872,external_test,none,2872,-1,,False,a75a87fa05e85f01,85.0,male,trunk,Trunk,3,3,,False
milk10k,milk10k,images/ISIC_4425852.jpg,ISIC_4425852,sccka,g2873,dropped,none,2873,-1,unmapped_class:sccka,False,9b6a24eaf9822da9,65.0,male,head_neck_face,Head and neck,4,4,unmapped_class:sccka,False
milk10k,milk10k,images/ISIC_5938890.jpg,ISIC_5938890,bcc,g2874,external_test,none,2874,-1,,False,09b46f9ee650c2ab,60.0,male,head_neck_face,Head and neck,5 (lightest),5,,False
milk10k,milk10k,images/ISIC_2902367.jpg,ISIC_2902367,sccka,g2875,dropped,none,2875,-1,unmapped_class:sccka,False,9330db3c6796f209,80.0,male,head_neck_face,Head and neck,3,3,unmapped_class:sccka,False
milk10k,milk10k,images/ISIC_5629148.jpg,ISIC_5629148,mel,g2876,external_test,none,2876,-1,,True,2ddbfca9f0218385,85.0,male,trunk,Trunk,3,3,,False
milk10k,milk10k,images/ISIC_1670166.jpg,ISIC_1670166,bcc,g2877,external_test,none,2877,-1,,False,3645dc2673196e65,50.0,male,upper_extremity,Upper extremity,3,3,,False
milk10k,milk10k,images/ISIC_4833123.jpg,ISIC_4833123,bcc,g2878,external_test,none,2878,-1,,True,e9926726ea926da1,40.0,female,upper_extremity,Upper extremity,4,4,,False
milk10k,milk10k,images/ISIC_9276715.jpg,ISIC_9276715,nv,g2879,external_test,none,2879,-1,,False,b39323d9dc612197,40.0,female,lower_extremity,Lower extremity,3,3,,False
milk10k,milk10k,images/ISIC_4423752.jpg,ISIC_4423752,bcc,g2880,external_test,none,2880,-1,,False,6d8bb866c9598725,45.0,female,trunk,Trunk,3,3,,False
milk10k,milk10k,images/ISIC_9549096.jpg,ISIC_9549096,bcc,g2881,external_test,none,2881,-1,,False,f06ee7c65033183d,85.0,male,head_neck_face,Head and neck,4,4,,False
milk10k,milk10k,images/ISIC_4939357.jpg,ISIC_4939357,bcc,g2882,external_test,none,2882,-1,,False,32e8fb5edea13009,70.0,male,trunk,Trunk,3,3,,False
milk10k,milk10k,images/ISIC_1818377.jpg,ISIC_1818377,bkl,g2883,external_test,none,2883,-1,,False,3849193972e38f97,80.0,male,head_neck_face,Head and neck,2,2,,False
milk10k,milk10k,images/ISIC_0835030.jpg,ISIC_0835030,bcc,g2884,external_test,none,2884,-1,,False,41e42536dbebb521,80.0,female,trunk,Trunk,4,4,,False
milk10k,milk10k,images/ISIC_0273939.jpg,ISIC_0273939,bkl,g2885,external_test,none,2885,-1,,False,dd2a4c22e1d4b5ab,70.0,male,upper_extremity,Upper extremity,3,3,,False
milk10k,milk10k,images/ISIC_8746740.jpg,ISIC_8746740,bcc,g2886,external_test,none,2886,-1,,False,692845e9b6aacba3,75.0,male,upper_extremity,Upper extremity,4,4,,False
milk10k,milk10k,images/ISIC_7957957.jpg,ISIC_7957957,akiec,g2887,external_test,none,2887,-1,,False,1978d3a1cde33625,65.0,female,trunk,Trunk,3,3,,False
milk10k,milk10k,images/ISIC_2309647.jpg,ISIC_2309647,bcc,g2888,external_test,none,2888,-1,,False,0f49f0f266f09c8d,50.0,male,trunk,Trunk,3,3,,False
milk10k,milk10k,images/ISIC_9434832.jpg,ISIC_9434832,mel,g2889,external_test,none,2889,-1,,False,99e40d8c729b534f,45.0,male,trunk,Trunk,2,2,,False
milk10k,milk10k,images/ISIC_9661702.jpg,ISIC_9661702,akiec,g2890,external_test,none,2890,-1,,False,78789ac72949e635,70.0,female,trunk,Trunk,3,3,,False
milk10k,milk10k,images/ISIC_4691479.jpg,ISIC_4691479,bcc,g2891,external_test,none,2891,-1,,False,5622dcea933a54cb,70.0,male,trunk,Trunk,3,3,,False
milk10k,milk10k,images/ISIC_1741453.jpg,ISIC_1741453,bcc,g2892,external_test,none,2892,-1,,False,51a3bcf69608eca3,65.0,male,trunk,Trunk,3,3,,False
milk10k,milk10k,images/ISIC_0907266.jpg,ISIC_0907266,nv,g2893,external_test,none,2893,-1,,False,c78ebc3349e1260f,30.0,male,trunk,Trunk,3,3,,False
milk10k,milk10k,images/ISIC_7500032.jpg,ISIC_7500032,bcc,g2894,external_test,none,2894,-1,,False,3b6039daf970a0ab,75.0,male,head_neck_face,Head and neck,4,4,,False
milk10k,milk10k,images/ISIC_8945633.jpg,ISIC_8945633,bcc,g2895,external_test,none,2895,-1,,False,ecc5c7305683f329,75.0,male,hand,Upper extremity,3,3,,False
milk10k,milk10k,images/ISIC_1714879.jpg,ISIC_1714879,bcc,g2896,external_test,none,2896,-1,,True,fe1c07641bb2e82b,50.0,female,head_neck_face,Head and neck,4,4,,False
milk10k,milk10k,images/ISIC_0090512.jpg,ISIC_0090512,sccka,g2897,dropped,none,2897,-1,unmapped_class:sccka,False,9b5349712ea6b139,50.0,male,genital,Anogenital region,4,4,unmapped_class:sccka,False
milk10k,milk10k,images/ISIC_2525497.jpg,ISIC_2525497,nv,g2898,external_test,none,2898,-1,,True,b83607ecf8198367,50.0,female,trunk,Trunk,2,2,,False
milk10k,milk10k,images/ISIC_8620082.jpg,ISIC_8620082,akiec,g2899,external_test,none,2899,-1,,False,6f57335819b806e3,65.0,female,head_neck_face,Head and neck,3,3,,False
milk10k,milk10k,images/ISIC_9476389.jpg,ISIC_9476389,bcc,g2900,external_test,none,2900,-1,,False,32d38c9939c9e38d,80.0,female,trunk,Trunk,3,3,,False
milk10k,milk10k,images/ISIC_8413819.jpg,ISIC_8413819,bcc,g2901,external_test,none,2901,-1,,False,e3e3073839017e57,80.0,male,trunk,Trunk,5 (lightest),5,,False
milk10k,milk10k,images/ISIC_5567558.jpg,ISIC_5567558,bkl,g2902,external_test,none,2902,-1,,False,1e26d212dce361af,50.0,male,trunk,Trunk,3,3,,False
milk10k,milk10k,images/ISIC_5638742.jpg,ISIC_5638742,bcc,g2903,external_test,none,2903,-1,,False,26165cd9dbc96435,70.0,male,trunk,Trunk,3,3,,False
milk10k,milk10k,images/ISIC_9064266.jpg,ISIC_9064266,bcc,g2904,external_test,none,2904,-1,,False,fb3e4c98c1e89923,40.0,female,lower_extremity,Lower extremity,3,3,,False
milk10k,milk10k,images/ISIC_2031349.jpg,ISIC_2031349,nv,g2905,external_test,none,2905,-1,,True,9f7161cc0cb1136f,45.0,male,,,3,3,,False
milk10k,milk10k,images/ISIC_6845294.jpg,ISIC_6845294,bcc,g2906,external_test,none,2906,-1,,True,9c71fcccb83170c3,70.0,male,head_neck_face,Head and neck,3,3,,False
milk10k,milk10k,images/ISIC_9822543.jpg,ISIC_9822543,akiec,g2907,external_test,none,2907,-1,,False,f2f69433d9d80989,45.0,male,trunk,Trunk,3,3,,False
milk10k,milk10k,images/ISIC_0755088.jpg,ISIC_0755088,bcc,g2908,external_test,none,2908,-1,,False,e12c99193ce3523f,70.0,male,trunk,Trunk,3,3,,False
milk10k,milk10k,images/ISIC_7610657.jpg,ISIC_7610657,bcc,g2909,external_test,none,2909,-1,,False,8b31bffb7a2a2401,60.0,female,trunk,Trunk,3,3,,False
milk10k,milk10k,images/ISIC_7315517.jpg,ISIC_7315517,bcc,g2910,external_test,none,2910,-1,,True,1f4249ec19fba585,45.0,male,head_neck_face,Head and neck,3,3,,False
milk10k,milk10k,images/ISIC_0360727.jpg,ISIC_0360727,nv,g2911,external_test,none,2911,-1,,False,6b7ae6ca99607981,5.0,male,head_neck_face,Head and neck,3,3,,False
milk10k,milk10k,images/ISIC_1844559.jpg,ISIC_1844559,bcc,g2912,external_test,none,2912,-1,,False,9ff64474c61833a3,55.0,male,upper_extremity,Upper extremity,3,3,,False
milk10k,milk10k,images/ISIC_3865643.jpg,ISIC_3865643,bkl,g2913,external_test,none,2913,-1,,False,47e00c74c0d2ffcb,60.0,male,lower_extremity,Lower extremity,3,3,,False
milk10k,milk10k,images/ISIC_6276225.jpg,ISIC_6276225,bcc,g2914,external_test,none,2914,-1,,False,bd7c33ace6b02a03,70.0,male,lower_extremity,Lower extremity,3,3,,False
milk10k,milk10k,images/ISIC_1837879.jpg,ISIC_1837879,sccka,g2915,dropped,none,2915,-1,unmapped_class:sccka,False,58e37dcc16789b21,80.0,male,head_neck_face,Head and neck,3,3,unmapped_class:sccka,False
milk10k,milk10k,images/ISIC_5442968.jpg,ISIC_5442968,mel,g2916,external_test,none,2916,-1,,False,7626679a99ea2b21,70.0,female,trunk,Trunk,4,4,,False
milk10k,milk10k,images/ISIC_8586056.jpg,ISIC_8586056,bcc,g2917,external_test,none,2917,-1,,False,3534cd4b4ce8da8b,75.0,male,trunk,Trunk,3,3,,False
milk10k,milk10k,images/ISIC_7261168.jpg,ISIC_7261168,nv,g2918,external_test,none,2918,-1,,True,4676c3461373c78d,40.0,male,trunk,Trunk,2,2,,False
milk10k,milk10k,images/ISIC_0167803.jpg,ISIC_0167803,nv,g2919,external_test,none,2919,-1,,False,c3065ed82c49d3b7,,female,trunk,Trunk,2,2,,False
milk10k,milk10k,images/ISIC_8947312.jpg,ISIC_8947312,sccka,g2920,dropped,none,2920,-1,unmapped_class:sccka,False,5299e466ccb9b247,45.0,male,trunk,Trunk,4,4,unmapped_class:sccka,False
milk10k,milk10k,images/ISIC_1603122.jpg,ISIC_1603122,bkl,g2921,external_test,none,2921,-1,,True,7926d6eb54326c0d,70.0,male,head_neck_face,Head and neck,0-1 (darkest),1,,False
milk10k,milk10k,images/ISIC_9737054.jpg,ISIC_9737054,mel,g2922,external_test,none,2922,-1,,False,2d66629d4cd9a947,75.0,male,trunk,Trunk,0-1 (darkest),1,,False
milk10k,milk10k,images/ISIC_6831651.jpg,ISIC_6831651,bcc,g2923,external_test,none,2923,-1,,False,5dc8bb66bed23021,60.0,female,upper_extremity,Upper extremity,3,3,,False
milk10k,milk10k,images/ISIC_8698177.jpg,ISIC_8698177,nv,g2924,external_test,none,2924,-1,,False,1b13c56c321979eb,70.0,male,trunk,Trunk,2,2,,False
milk10k,milk10k,images/ISIC_4043651.jpg,ISIC_4043651,nv,g2925,external_test,none,2925,-1,,False,8ed1994c2633c9cf,40.0,female,upper_extremity,Upper extremity,3,3,,False
milk10k,milk10k,images/ISIC_1990436.jpg,ISIC_1990436,akiec,g2926,external_test,none,2926,-1,,False,58a31de271ac659b,40.0,male,genital,Anogenital region,3,3,,False
milk10k,milk10k,images/ISIC_4957929.jpg,ISIC_4957929,bcc,g2927,external_test,none,2927,-1,,True,e74822e8db62e89b,60.0,female,lower_extremity,Lower extremity,3,3,,False
milk10k,milk10k,images/ISIC_2845706.jpg,ISIC_2845706,sccka,g2928,dropped,none,2928,-1,unmapped_class:sccka,False,358fd97823863f21,75.0,male,lower_extremity,Lower extremity,3,3,unmapped_class:sccka,False
milk10k,milk10k,images/ISIC_1335240.jpg,ISIC_1335240,sccka,g2929,dropped,none,2929,-1,unmapped_class:sccka,False,da48273233e1ff09,40.0,female,upper_extremity,Upper extremity,3,3,unmapped_class:sccka,False
milk10k,milk10k,images/ISIC_8420285.jpg,ISIC_8420285,bcc,g2930,external_test,none,2930,-1,,False,eeaad38866a0db83,85.0,male,trunk,Trunk,3,3,,False
milk10k,milk10k,images/ISIC_7818562.jpg,ISIC_7818562,bkl,g2931,external_test,none,2931,-1,,False,8fa23328e5a2dd8b,60.0,female,hand,Upper extremity,5 (lightest),5,,False
milk10k,milk10k,images/ISIC_9250989.jpg,ISIC_9250989,bcc,g2932,external_test,none,2932,-1,,True,ba2ac7a0e08fe1e9,50.0,male,trunk,Trunk,3,3,,False
milk10k,milk10k,images/ISIC_2232926.jpg,ISIC_2232926,bcc,g2933,external_test,none,2933,-1,,False,469d1b4cf6da1b21,60.0,male,trunk,Trunk,3,3,,False
milk10k,milk10k,images/ISIC_1083704.jpg,ISIC_1083704,akiec,g2934,external_test,none,2934,-1,,False,c6b8982ee3f107a9,75.0,male,upper_extremity,Upper extremity,3,3,,False
milk10k,milk10k,images/ISIC_3446046.jpg,ISIC_3446046,bkl,g2935,external_test,none,2935,-1,,False,b5c77d987029ce03,45.0,male,trunk,Trunk,3,3,,False
milk10k,milk10k,images/ISIC_1845537.jpg,ISIC_1845537,bcc,g2936,external_test,none,2936,-1,,False,bec8e7ae66b08223,70.0,male,upper_extremity,Upper extremity,3,3,,False
milk10k,milk10k,images/ISIC_4713403.jpg,ISIC_4713403,bcc,g2937,external_test,none,2937,-1,,False,79266dc6de38e881,75.0,male,lower_extremity,Lower extremity,3,3,,False
milk10k,milk10k,images/ISIC_5566852.jpg,ISIC_5566852,sccka,g2938,dropped,none,2938,-1,unmapped_class:sccka,False,9d42d2e65c9acea1,70.0,male,trunk,Trunk,3,3,unmapped_class:sccka,False
milk10k,milk10k,images/ISIC_5179024.jpg,ISIC_5179024,bcc,g2939,external_test,none,2939,-1,,False,2899d7230e3f3c4d,85.0,female,head_neck_face,Head and neck,3,3,,False
milk10k,milk10k,images/ISIC_1393721.jpg,ISIC_1393721,bkl,g2940,external_test,none,2940,-1,,False,d04aa9babc9227ad,70.0,male,trunk,Trunk,3,3,,False
milk10k,milk10k,images/ISIC_5671567.jpg,ISIC_5671567,bcc,g2941,external_test,none,2941,-1,,False,ab5f962ee4c15889,60.0,male,trunk,Trunk,3,3,,False
milk10k,milk10k,images/ISIC_5699349.jpg,ISIC_5699349,mel,g2942,external_test,none,2942,-1,,False,cbe61d1c4b799087,60.0,male,trunk,Trunk,3,3,,False
milk10k,milk10k,images/ISIC_2605163.jpg,ISIC_2605163,nv,g2943,external_test,none,2943,-1,,False,6c36a6acd8898d5d,60.0,male,trunk,Trunk,3,3,,False
milk10k,milk10k,images/ISIC_7902497.jpg,ISIC_7902497,mel,g2944,external_test,none,2944,-1,,False,49196df1ac23d25d,50.0,male,trunk,Trunk,4,4,,False
milk10k,milk10k,images/ISIC_5833236.jpg,ISIC_5833236,sccka,g2945,dropped,none,2945,-1,unmapped_class:sccka,False,d6d356e69289e823,70.0,male,upper_extremity,Upper extremity,3,3,unmapped_class:sccka,False
milk10k,milk10k,images/ISIC_8923256.jpg,ISIC_8923256,sccka,g2946,dropped,none,2946,-1,unmapped_class:sccka,False,f121b6cf8c2f4983,65.0,female,hand,Upper extremity,3,3,unmapped_class:sccka,False
milk10k,milk10k,images/ISIC_7251011.jpg,ISIC_7251011,bcc,g2947,external_test,none,2947,-1,,False,d6d6d8286cea8b83,50.0,male,trunk,Trunk,3,3,,False
milk10k,milk10k,images/ISIC_2740604.jpg,ISIC_2740604,bcc,g2948,external_test,none,2948,-1,,False,c9b41b86a369d897,85.0,male,trunk,Trunk,4,4,,False
milk10k,milk10k,images/ISIC_1133187.jpg,ISIC_1133187,bcc,g2949,external_test,none,2949,-1,,False,65da33664cd83363,65.0,male,lower_extremity,Lower extremity,5 (lightest),5,,False
milk10k,milk10k,images/ISIC_6907436.jpg,ISIC_6907436,bcc,g2950,external_test,none,2950,-1,,False,c5fab48e5a501da9,70.0,male,head_neck_face,Head and neck,3,3,,False
milk10k,milk10k,images/ISIC_6076269.jpg,ISIC_6076269,bkl,g2951,external_test,none,2951,-1,,True,ab9811f6a65ae8a3,60.0,male,trunk,Trunk,3,3,,False
milk10k,milk10k,images/ISIC_0339191.jpg,ISIC_0339191,ben_oth,g2952,dropped,none,2952,-1,unmapped_class:ben_oth,False,e0a3449b17ab392f,55.0,female,trunk,Trunk,2,2,unmapped_class:ben_oth,False
milk10k,milk10k,images/ISIC_2255098.jpg,ISIC_2255098,bcc,g2953,external_test,none,2953,-1,,False,ac26033e396ebda1,55.0,male,head_neck_face,Head and neck,3,3,,False
milk10k,milk10k,images/ISIC_4877797.jpg,ISIC_4877797,bkl,g2954,dropped,none,2954,-1,duplicate_of_ham10000,False,1270ac8bdb03e73d,70.0,female,lower_extremity,Lower extremity,4,4,duplicate_of_ham10000,False
milk10k,milk10k,images/ISIC_3197377.jpg,ISIC_3197377,bcc,g2955,external_test,none,2955,-1,,False,23a2772a0daadda9,75.0,female,trunk,Trunk,3,3,,False
milk10k,milk10k,images/ISIC_2877235.jpg,ISIC_2877235,df,g2956,external_test,none,2956,-1,,False,b2c64d9133e9cc17,45.0,male,trunk,Trunk,2,2,,False
milk10k,milk10k,images/ISIC_9188614.jpg,ISIC_9188614,bkl,g2957,external_test,none,2957,-1,,False,3b709e4ee5909a63,55.0,female,head_neck_face,Head and neck,4,4,,False
milk10k,milk10k,images/ISIC_7836855.jpg,ISIC_7836855,sccka,g2958,dropped,none,2958,-1,unmapped_class:sccka,False,ee06361cf37c4ca1,65.0,female,lower_extremity,Lower extremity,3,3,unmapped_class:sccka,False
milk10k,milk10k,images/ISIC_5157495.jpg,ISIC_5157495,nv,g2959,external_test,none,2959,-1,,False,68d3c3692ce13697,50.0,male,lower_extremity,Lower extremity,5 (lightest),5,,False
milk10k,milk10k,images/ISIC_8274376.jpg,ISIC_8274376,bcc,g2960,external_test,none,2960,-1,,False,468cce24e19be787,75.0,female,trunk,Trunk,3,3,,False
milk10k,milk10k,images/ISIC_5657346.jpg,ISIC_5657346,bcc,g2961,external_test,none,2961,-1,,True,069be043bdbb48e5,65.0,male,head_neck_face,Head and neck,3,3,,False
milk10k,milk10k,images/ISIC_3250692.jpg,ISIC_3250692,bcc,g2962,external_test,none,2962,-1,,True,086868b3b75bc9a7,75.0,male,head_neck_face,Head and neck,4,4,,False
milk10k,milk10k,images/ISIC_8653825.jpg,ISIC_8653825,mel,g2963,external_test,none,2963,-1,,False,765ae322b9aa03ab,70.0,female,lower_extremity,Lower extremity,4,4,,False
milk10k,milk10k,images/ISIC_3154934.jpg,ISIC_3154934,bcc,g2964,external_test,none,2964,-1,,True,0b845619bc59efa5,75.0,male,trunk,Trunk,2,2,,False
milk10k,milk10k,images/ISIC_5142210.jpg,ISIC_5142210,bcc,g2965,external_test,none,2965,-1,,False,fcf41b2e0cd4c12b,60.0,female,lower_extremity,Lower extremity,4,4,,False
milk10k,milk10k,images/ISIC_9384345.jpg,ISIC_9384345,mel,g2966,external_test,none,2966,-1,,False,8c26739e5d19b0e5,35.0,female,trunk,Trunk,4,4,,False
milk10k,milk10k,images/ISIC_2546925.jpg,ISIC_2546925,nv,g2967,external_test,none,2967,-1,,False,66ccb116993366cd,35.0,female,upper_extremity,Upper extremity,4,4,,False
milk10k,milk10k,images/ISIC_5402488.jpg,ISIC_5402488,bkl,g2968,external_test,none,2968,-1,,False,9c66748af98a9ca3,65.0,male,trunk,Trunk,3,3,,False
milk10k,milk10k,images/ISIC_4116005.jpg,ISIC_4116005,nv,g2969,external_test,none,2969,-1,,False,c426d21e39e1c73d,35.0,male,trunk,Trunk,3,3,,False
milk10k,milk10k,images/ISIC_0646544.jpg,ISIC_0646544,bcc,g2970,external_test,none,2970,-1,,False,dd4a5e006b0afcab,55.0,female,upper_extremity,Upper extremity,3,3,,False
milk10k,milk10k,images/ISIC_2311853.jpg,ISIC_2311853,bcc,g2971,external_test,none,2971,-1,,False,3bc686224e3bf685,55.0,male,lower_extremity,Lower extremity,3,3,,False
milk10k,milk10k,images/ISIC_7526819.jpg,ISIC_7526819,bcc,g2972,external_test,none,2972,-1,,False,9166619cdcc97327,70.0,male,lower_extremity,Lower extremity,3,3,,False
milk10k,milk10k,images/ISIC_5436116.jpg,ISIC_5436116,bcc,g2973,external_test,none,2973,-1,,False,c8e6659cac5361a7,55.0,male,trunk,Trunk,3,3,,False
milk10k,milk10k,images/ISIC_1176236.jpg,ISIC_1176236,bcc,g2974,external_test,none,2974,-1,,False,db049f32613ae725,50.0,male,head_neck_face,Head and neck,4,4,,False
milk10k,milk10k,images/ISIC_8899125.jpg,ISIC_8899125,mel,g2975,external_test,none,2975,-1,,False,12399959706366f7,50.0,female,lower_extremity,Lower extremity,4,4,,False
milk10k,milk10k,images/ISIC_9823894.jpg,ISIC_9823894,nv,g2976,external_test,none,2976,-1,,False,aa8aaaba9a8b2ba5,55.0,female,head_neck_face,Head and neck,4,4,,False
milk10k,milk10k,images/ISIC_7198657.jpg,ISIC_7198657,akiec,g2977,external_test,none,2977,-1,,True,6bacd626d9366883,55.0,male,head_neck_face,Head and neck,3,3,,False
milk10k,milk10k,images/ISIC_9521548.jpg,ISIC_9521548,bcc,g2978,external_test,none,2978,-1,,False,314849d9cfb236e5,50.0,female,trunk,Trunk,5 (lightest),5,,False
milk10k,milk10k,images/ISIC_4184819.jpg,ISIC_4184819,bkl,g2979,dropped,none,2979,-1,duplicate_of_ham10000,False,ca1d9b3879c3862d,40.0,male,trunk,Trunk,3,3,duplicate_of_ham10000,False
milk10k,milk10k,images/ISIC_4681024.jpg,ISIC_4681024,sccka,g2980,dropped,none,2980,-1,unmapped_class:sccka,False,d734fb9028ea918b,85.0,male,upper_extremity,Upper extremity,3,3,unmapped_class:sccka,False
milk10k,milk10k,images/ISIC_2175735.jpg,ISIC_2175735,nv,g2981,dropped,none,2981,-1,duplicate_of_ham10000,False,63738ccc33334ccd,60.0,female,trunk,Trunk,5 (lightest),5,duplicate_of_ham10000,False
milk10k,milk10k,images/ISIC_7434343.jpg,ISIC_7434343,akiec,g2982,external_test,none,2982,-1,,True,034636d9d525cbd5,70.0,male,upper_extremity,Upper extremity,3,3,,False
milk10k,milk10k,images/ISIC_9159202.jpg,ISIC_9159202,sccka,g2983,dropped,none,2983,-1,unmapped_class:sccka,False,74b5c3338bc62c0f,70.0,female,upper_extremity,Upper extremity,4,4,unmapped_class:sccka,False
milk10k,milk10k,images/ISIC_7589454.jpg,ISIC_7589454,bcc,g2984,external_test,none,2984,-1,,False,33cc4c719cb370cd,75.0,male,head_neck_face,Head and neck,3,3,,False
milk10k,milk10k,images/ISIC_9399711.jpg,ISIC_9399711,bcc,g2985,external_test,none,2985,-1,,False,fb9273e2c61a4e21,75.0,male,trunk,Trunk,3,3,,False
milk10k,milk10k,images/ISIC_8002362.jpg,ISIC_8002362,nv,g2986,external_test,none,2986,-1,,False,0f1b061b13d3fc2d,35.0,female,trunk,Trunk,3,3,,False
milk10k,milk10k,images/ISIC_6881589.jpg,ISIC_6881589,mel,g2987,external_test,none,2987,-1,,False,9231d33361c9ce8f,60.0,female,trunk,Trunk,3,3,,False
milk10k,milk10k,images/ISIC_3178939.jpg,ISIC_3178939,bcc,g2988,external_test,none,2988,-1,,True,9b983b266f99d025,80.0,female,head_neck_face,Head and neck,3,3,,False
milk10k,milk10k,images/ISIC_1462182.jpg,ISIC_1462182,sccka,g2989,dropped,none,2989,-1,unmapped_class:sccka,False,4cb6b79a996868a3,75.0,male,upper_extremity,Upper extremity,3,3,unmapped_class:sccka,False
milk10k,milk10k,images/ISIC_2961262.jpg,ISIC_2961262,nv,g2990,external_test,none,2990,-1,,False,64699686d95927a7,55.0,male,lower_extremity,Lower extremity,4,4,,False
milk10k,milk10k,images/ISIC_9536932.jpg,ISIC_9536932,bcc,g2991,external_test,none,2991,-1,,False,18870f95691ee3e9,85.0,male,trunk,Trunk,4,4,,False
milk10k,milk10k,images/ISIC_2183361.jpg,ISIC_2183361,bcc,g2992,external_test,none,2992,-1,,True,68e6fbb881c34da1,60.0,male,head_neck_face,Head and neck,4,4,,False
milk10k,milk10k,images/ISIC_2990629.jpg,ISIC_2990629,bcc,g2993,external_test,none,2993,-1,,False,bbec6f8c4e313501,60.0,male,trunk,Trunk,4,4,,False
milk10k,milk10k,images/ISIC_2843665.jpg,ISIC_2843665,mel,g2994,external_test,none,2994,-1,,True,4c6f96ac66989c27,35.0,female,head_neck_face,Head and neck,4,4,,False
milk10k,milk10k,images/ISIC_6642031.jpg,ISIC_6642031,bcc,g2995,external_test,none,2995,-1,,False,73fac688659a1c0f,85.0,male,head_neck_face,Head and neck,3,3,,False
milk10k,milk10k,images/ISIC_3825679.jpg,ISIC_3825679,bkl,g2996,external_test,none,2996,-1,,False,6433ba3834726b8f,80.0,male,head_neck_face,Head and neck,2,2,,False
milk10k,milk10k,images/ISIC_5707695.jpg,ISIC_5707695,bkl,g2997,external_test,none,2997,-1,,True,133c9a6ac1d63d2b,75.0,female,upper_extremity,Upper extremity,3,3,,False
milk10k,milk10k,images/ISIC_8309358.jpg,ISIC_8309358,bcc,g2998,external_test,none,2998,-1,,False,7e0eb99ecdd44409,60.0,male,trunk,Trunk,3,3,,False
milk10k,milk10k,images/ISIC_1419820.jpg,ISIC_1419820,nv,g2999,external_test,none,2999,-1,,False,a7f38404528e39fb,65.0,female,trunk,Trunk,3,3,,False
milk10k,milk10k,images/ISIC_9001368.jpg,ISIC_9001368,bcc,g3000,external_test,none,3000,-1,,False,df7aa6a06732c921,70.0,male,trunk,Trunk,3,3,,False
milk10k,milk10k,images/ISIC_9214947.jpg,ISIC_9214947,nv,g3001,external_test,none,3001,-1,,True,780e2d74b6c3299d,40.0,male,trunk,Trunk,4,4,,False
milk10k,milk10k,images/ISIC_5104415.jpg,ISIC_5104415,akiec,g3002,external_test,none,3002,-1,,True,2e665bf6050ad2b5,55.0,male,head_neck_face,Head and neck,2,2,,False
milk10k,milk10k,images/ISIC_2020398.jpg,ISIC_2020398,bcc,g3003,external_test,none,3003,-1,,False,a96c7e98b44eb903,75.0,male,trunk,Trunk,3,3,,False
milk10k,milk10k,images/ISIC_4063953.jpg,ISIC_4063953,bkl,g3004,external_test,none,3004,-1,,False,850eb45a79f3c60d,80.0,male,head_neck_face,Head and neck,3,3,,False
milk10k,milk10k,images/ISIC_5413870.jpg,ISIC_5413870,akiec,g3005,external_test,none,3005,-1,,False,3ea412f6295cd9a9,65.0,female,upper_extremity,Upper extremity,3,3,,False
milk10k,milk10k,images/ISIC_8381606.jpg,ISIC_8381606,bcc,g3006,external_test,none,3006,-1,,True,311e94c66d59b687,50.0,male,lower_extremity,Lower extremity,3,3,,False
milk10k,milk10k,images/ISIC_7537434.jpg,ISIC_7537434,bcc,g3007,external_test,none,3007,-1,,False,9a826c8a7eaacba9,45.0,female,lower_extremity,Lower extremity,3,3,,False
milk10k,milk10k,images/ISIC_1810342.jpg,ISIC_1810342,bcc,g3008,external_test,none,3008,-1,,False,3f172774b1998469,40.0,female,trunk,Trunk,3,3,,False
milk10k,milk10k,images/ISIC_5959727.jpg,ISIC_5959727,bcc,g3009,external_test,none,3009,-1,,True,e8302a0f0f2afdab,65.0,female,upper_extremity,Upper extremity,3,3,,False
milk10k,milk10k,images/ISIC_0373826.jpg,ISIC_0373826,nv,g3010,external_test,none,3010,-1,,False,6dac669a8669392d,10.0,female,lower_extremity,Lower extremity,3,3,,False
milk10k,milk10k,images/ISIC_7450231.jpg,ISIC_7450231,mel,g3011,external_test,none,3011,-1,,False,82d227435aa9b97d,50.0,female,trunk,Trunk,3,3,,False
milk10k,milk10k,images/ISIC_2122841.jpg,ISIC_2122841,bcc,g3012,external_test,none,3012,-1,,False,31181987e3b35e8f,70.0,male,head_neck_face,Head and neck,3,3,,False
milk10k,milk10k,images/ISIC_8858676.jpg,ISIC_8858676,bkl,g3013,external_test,none,3013,-1,,True,eeeadcaaf8826301,75.0,male,trunk,Trunk,2,2,,False
milk10k,milk10k,images/ISIC_1774371.jpg,ISIC_1774371,sccka,g3014,dropped,none,3014,-1,unmapped_class:sccka,False,6e04bd02ef86dd0b,65.0,male,lower_extremity,Lower extremity,3,3,unmapped_class:sccka,False
milk10k,milk10k,images/ISIC_6026324.jpg,ISIC_6026324,nv,g3015,external_test,none,3015,-1,,False,66c6674c993326cd,45.0,male,lower_extremity,Lower extremity,3,3,,False
milk10k,milk10k,images/ISIC_0610035.jpg,ISIC_0610035,bcc,g3016,external_test,none,3016,-1,,False,4ef56a546e62642b,70.0,female,lower_extremity,Lower extremity,4,4,,False
milk10k,milk10k,images/ISIC_2205902.jpg,ISIC_2205902,nv,g3017,external_test,none,3017,-1,,False,c691bf640f1a0fe1,50.0,female,head_neck_face,Head and neck,5 (lightest),5,,False
milk10k,milk10k,images/ISIC_7775074.jpg,ISIC_7775074,bcc,g3018,external_test,none,3018,-1,,True,4e85b65d91c2f919,70.0,male,lower_extremity,Lower extremity,3,3,,False
milk10k,milk10k,images/ISIC_5675875.jpg,ISIC_5675875,bcc,g3019,external_test,none,3019,-1,,False,d7266439999b2665,55.0,male,trunk,Trunk,4,4,,False
milk10k,milk10k,images/ISIC_4440119.jpg,ISIC_4440119,sccka,g3020,dropped,none,3020,-1,unmapped_class:sccka,False,3accb31acc3239cd,75.0,female,lower_extremity,Lower extremity,4,4,unmapped_class:sccka,False
milk10k,milk10k,images/ISIC_4351882.jpg,ISIC_4351882,bcc,g3021,external_test,none,3021,-1,,False,2253926e6699db65,70.0,male,trunk,Trunk,3,3,,False
milk10k,milk10k,images/ISIC_1111101.jpg,ISIC_1111101,bcc,g3022,external_test,none,3022,-1,,False,073a5aaaaaaaaaab,60.0,male,head_neck_face,Head and neck,3,3,,False
milk10k,milk10k,images/ISIC_9519122.jpg,ISIC_9519122,nv,g3023,external_test,none,3023,-1,,False,99c14a3ea4b3368f,40.0,male,trunk,Trunk,3,3,,False
milk10k,milk10k,images/ISIC_9566444.jpg,ISIC_9566444,akiec,g3024,external_test,none,3024,-1,,True,b0ec6968d2b466b3,85.0,male,head_neck_face,Head and neck,5 (lightest),5,,False
milk10k,milk10k,images/ISIC_0802543.jpg,ISIC_0802543,bcc,g3025,external_test,none,3025,-1,,False,9da279ccc6287c8d,75.0,male,trunk,Trunk,3,3,,False
milk10k,milk10k,images/ISIC_6896664.jpg,ISIC_6896664,inf,g3026,dropped,none,3026,-1,unmapped_class:inf,False,8e4b4951a3c32f3d,70.0,male,lower_extremity,Lower extremity,3,3,unmapped_class:inf,False
milk10k,milk10k,images/ISIC_5832081.jpg,ISIC_5832081,bcc,g3027,external_test,none,3027,-1,,False,72a652d389d9cca5,70.0,male,trunk,Trunk,3,3,,False
milk10k,milk10k,images/ISIC_6648449.jpg,ISIC_6648449,nv,g3028,external_test,none,3028,-1,,False,70f019f28c0bc79f,65.0,male,trunk,Trunk,2,2,,False
milk10k,milk10k,images/ISIC_9093424.jpg,ISIC_9093424,bcc,g3029,external_test,none,3029,-1,,False,c448671ebb99e925,60.0,male,trunk,Trunk,3,3,,False
milk10k,milk10k,images/ISIC_7128280.jpg,ISIC_7128280,akiec,g3030,external_test,none,3030,-1,,True,565314c3258f13fd,60.0,female,head_neck_face,Head and neck,3,3,,False
milk10k,milk10k,images/ISIC_3327928.jpg,ISIC_3327928,mel,g3031,external_test,none,3031,-1,,False,26ece3364bf3240d,65.0,female,head_neck_face,Head and neck,3,3,,False
milk10k,milk10k,images/ISIC_9187182.jpg,ISIC_9187182,nv,g3032,external_test,none,3032,-1,,False,cf6e9006e09b0fe5,45.0,male,trunk,Trunk,3,3,,False
milk10k,milk10k,images/ISIC_8006314.jpg,ISIC_8006314,bcc,g3033,external_test,none,3033,-1,,True,602e79a23f499ba9,40.0,female,upper_extremity,Upper extremity,3,3,,False
milk10k,milk10k,images/ISIC_2855242.jpg,ISIC_2855242,nv,g3034,external_test,none,3034,-1,,False,5933ad731609e1a7,40.0,male,trunk,Trunk,2,2,,False
milk10k,milk10k,images/ISIC_0731364.jpg,ISIC_0731364,bcc,g3035,external_test,none,3035,-1,,False,31076862d6baadcd,60.0,male,trunk,Trunk,3,3,,False
milk10k,milk10k,images/ISIC_9929733.jpg,ISIC_9929733,akiec,g3036,external_test,none,3036,-1,,False,ee62fd83290dd129,65.0,male,head_neck_face,Head and neck,3,3,,False
milk10k,milk10k,images/ISIC_4842886.jpg,ISIC_4842886,bcc,g3037,external_test,none,3037,-1,,True,32290d6472b3f6e9,70.0,female,trunk,Trunk,3,3,,False
milk10k,milk10k,images/ISIC_7882033.jpg,ISIC_7882033,bcc,g3038,external_test,none,3038,-1,,True,3c72ec08a7a3dd0b,80.0,male,trunk,Trunk,3,3,,False
milk10k,milk10k,images/ISIC_4093313.jpg,ISIC_4093313,mel,g3039,external_test,none,3039,-1,,False,666c9a8c5919a6e7,60.0,male,trunk,Trunk,3,3,,False
milk10k,milk10k,images/ISIC_6093126.jpg,ISIC_6093126,bcc,g3040,external_test,none,3040,-1,,False,624f9fe8381b24e5,65.0,male,upper_extremity,Upper extremity,3,3,,False
milk10k,milk10k,images/ISIC_7215858.jpg,ISIC_7215858,bcc,g3041,external_test,none,3041,-1,,True,259a07dccd3a9d0d,70.0,female,head_neck_face,Head and neck,3,3,,False
milk10k,milk10k,images/ISIC_5511054.jpg,ISIC_5511054,mel,g3042,external_test,none,3042,-1,,True,91916c669993ec6d,45.0,male,,,3,3,,False
milk10k,milk10k,images/ISIC_7619664.jpg,ISIC_7619664,bcc,g3043,external_test,none,3043,-1,,False,f3311ca8876344f7,70.0,female,head_neck_face,Head and neck,5 (lightest),5,,False
milk10k,milk10k,images/ISIC_8253705.jpg,ISIC_8253705,nv,g3044,external_test,none,3044,-1,,False,c07323f31b87c85d,60.0,male,lower_extremity,Lower extremity,3,3,,False
milk10k,milk10k,images/ISIC_8257972.jpg,ISIC_8257972,nv,g3045,external_test,none,3045,-1,,False,d91b4cb164c3b2b5,35.0,female,trunk,Trunk,3,3,,False
milk10k,milk10k,images/ISIC_5376495.jpg,ISIC_5376495,akiec,g3046,external_test,none,3046,-1,,False,cddb906e422e6663,50.0,male,head_neck_face,Head and neck,4,4,,False
milk10k,milk10k,images/ISIC_4301953.jpg,ISIC_4301953,bcc,g3047,external_test,none,3047,-1,,True,1e187333dae36989,75.0,male,trunk,Trunk,3,3,,False
milk10k,milk10k,images/ISIC_1129613.jpg,ISIC_1129613,bcc,g3048,external_test,none,3048,-1,,False,db69a6b24b48e583,80.0,male,lower_extremity,Lower extremity,3,3,,False
milk10k,milk10k,images/ISIC_0848694.jpg,ISIC_0848694,bkl,g3049,external_test,none,3049,-1,,False,cd3995a96227a6c5,55.0,male,head_neck_face,Head and neck,4,4,,False
milk10k,milk10k,images/ISIC_4613268.jpg,ISIC_4613268,bkl,g3050,external_test,none,3050,-1,,True,32b2c7c3c9d93525,85.0,male,head_neck_face,Head and neck,3,3,,False
milk10k,milk10k,images/ISIC_0649497.jpg,ISIC_0649497,bcc,g3051,external_test,none,3051,-1,,False,4d9be860fa6c2da1,70.0,female,trunk,Trunk,4,4,,False
milk10k,milk10k,images/ISIC_8960889.jpg,ISIC_8960889,sccka,g3052,dropped,none,3052,-1,unmapped_class:sccka,False,3cf2c6cc38337349,75.0,male,head_neck_face,Head and neck,3,3,unmapped_class:sccka,False
milk10k,milk10k,images/ISIC_8643100.jpg,ISIC_8643100,bkl,g3053,external_test,none,3053,-1,,False,adacd3d2d2525a0b,30.0,female,lower_extremity,Lower extremity,4,4,,False
milk10k,milk10k,images/ISIC_3537131.jpg,ISIC_3537131,bcc,g3054,external_test,none,3054,-1,,True,dd6a368cdd9a6221,65.0,female,lower_extremity,Lower extremity,3,3,,False
milk10k,milk10k,images/ISIC_6465119.jpg,ISIC_6465119,nv,g3055,external_test,none,3055,-1,,False,ebbbbca0a221c387,50.0,male,trunk,Trunk,4,4,,False
milk10k,milk10k,images/ISIC_4958589.jpg,ISIC_4958589,bkl,g3056,external_test,none,3056,-1,,False,19b6619cd238e4e7,60.0,female,head_neck_face,Head and neck,3,3,,False
milk10k,milk10k,images/ISIC_3822340.jpg,ISIC_3822340,bkl,g3057,external_test,none,3057,-1,,False,ac1c396cd694cba3,50.0,male,upper_extremity,Upper extremity,3,3,,False
milk10k,milk10k,images/ISIC_2906273.jpg,ISIC_2906273,sccka,g3058,dropped,none,3058,-1,unmapped_class:sccka,False,4373c49336ac93b3,80.0,male,upper_extremity,Upper extremity,4,4,unmapped_class:sccka,False
milk10k,milk10k,images/ISIC_5660553.jpg,ISIC_5660553,nv,g3059,external_test,none,3059,-1,,False,3a1378e3a52306fd,60.0,male,trunk,Trunk,3,3,,False
milk10k,milk10k,images/ISIC_2524673.jpg,ISIC_2524673,bcc,g3060,external_test,none,3060,-1,,False,7ba0fb00ff00ff01,70.0,female,lower_extremity,Lower extremity,4,4,,False
milk10k,milk10k,images/ISIC_4668008.jpg,ISIC_4668008,akiec,g3061,external_test,none,3061,-1,,False,038b03e4bfb13e0f,85.0,female,foot,Lower extremity,3,3,,False
milk10k,milk10k,images/ISIC_1643848.jpg,ISIC_1643848,bcc,g977,external_test,none,977,-1,,True,ee02cf227d8a7c29,75.0,female,trunk,Trunk,3,3,,False
milk10k,milk10k,images/ISIC_3277541.jpg,ISIC_3277541,bcc,g3063,external_test,none,3063,-1,,True,ffeafb23a0888a05,55.0,male,trunk,Trunk,4,4,,False
milk10k,milk10k,images/ISIC_7204645.jpg,ISIC_7204645,bcc,g3064,external_test,none,3064,-1,,False,3086c8cb37798ba7,70.0,male,trunk,Trunk,3,3,,False
milk10k,milk10k,images/ISIC_0709199.jpg,ISIC_0709199,sccka,g3065,dropped,none,3065,-1,unmapped_class:sccka,False,1952af5eb478c2a3,85.0,male,head_neck_face,Head and neck,4,4,unmapped_class:sccka,False
milk10k,milk10k,images/ISIC_2348795.jpg,ISIC_2348795,nv,g3066,external_test,none,3066,-1,,False,4c73e6861b59c4a7,85.0,male,trunk,Trunk,4,4,,False
milk10k,milk10k,images/ISIC_3627147.jpg,ISIC_3627147,akiec,g3067,external_test,none,3067,-1,,False,e10c19fc99d3652d,60.0,male,trunk,Trunk,3,3,,False
milk10k,milk10k,images/ISIC_8650160.jpg,ISIC_8650160,bcc,g3068,external_test,none,3068,-1,,True,f4305be416baaca3,75.0,male,trunk,Trunk,4,4,,False
milk10k,milk10k,images/ISIC_7682533.jpg,ISIC_7682533,mel,g3069,external_test,none,3069,-1,,False,f338da638cd3e00d,85.0,male,trunk,Trunk,5 (lightest),5,,False
milk10k,milk10k,images/ISIC_6337323.jpg,ISIC_6337323,bcc,g3070,external_test,none,3070,-1,,False,a92ccc3844b3f78b,70.0,female,trunk,Trunk,3,3,,False
milk10k,milk10k,images/ISIC_4716627.jpg,ISIC_4716627,bcc,g3071,external_test,none,3071,-1,,False,9899f4c113374ec7,70.0,male,head_neck_face,Head and neck,3,3,,False
milk10k,milk10k,images/ISIC_3372650.jpg,ISIC_3372650,nv,g3072,external_test,none,3072,-1,,False,8c6626e6ca99b365,50.0,female,trunk,Trunk,2,2,,False
milk10k,milk10k,images/ISIC_3975783.jpg,ISIC_3975783,sccka,g3073,dropped,none,3073,-1,unmapped_class:sccka,False,6db26c0d1af1e10f,85.0,male,lower_extremity,Lower extremity,4,4,unmapped_class:sccka,False
milk10k,milk10k,images/ISIC_5001424.jpg,ISIC_5001424,sccka,g3074,dropped,none,3074,-1,unmapped_class:sccka,False,9b71b6464d98362b,75.0,male,lower_extremity,Lower extremity,3,3,unmapped_class:sccka,False
milk10k,milk10k,images/ISIC_2740122.jpg,ISIC_2740122,bcc,g3075,external_test,none,3075,-1,,True,938a95a816aa7bab,50.0,male,trunk,Trunk,3,3,,False
milk10k,milk10k,images/ISIC_1552276.jpg,ISIC_1552276,nv,g3076,external_test,none,3076,-1,,False,3247c33336d94c67,30.0,male,trunk,Trunk,4,4,,False
milk10k,milk10k,images/ISIC_3023198.jpg,ISIC_3023198,sccka,g3077,dropped,none,3077,-1,unmapped_class:sccka,False,a4b2afd9994c4c8b,75.0,female,head_neck_face,Head and neck,3,3,unmapped_class:sccka,False
milk10k,milk10k,images/ISIC_0379668.jpg,ISIC_0379668,bcc,g3078,external_test,none,3078,-1,,False,2c65a51febb90c07,80.0,male,head_neck_face,Head and neck,4,4,,False
milk10k,milk10k,images/ISIC_6295397.jpg,ISIC_6295397,bcc,g3079,external_test,none,3079,-1,,False,a36e89d6ec28c9c3,55.0,male,trunk,Trunk,3,3,,False
milk10k,milk10k,images/ISIC_6022197.jpg,ISIC_6022197,akiec,g3080,external_test,none,3080,-1,,False,5f60ce7868cc39a3,70.0,female,trunk,Trunk,4,4,,False
milk10k,milk10k,images/ISIC_5989590.jpg,ISIC_5989590,bcc,g3081,external_test,none,3081,-1,,False,c7b2ccc3199be321,65.0,female,trunk,Trunk,3,3,,False
milk10k,milk10k,images/ISIC_8362681.jpg,ISIC_8362681,mel,g3082,external_test,none,3082,-1,,False,3e8ce3301ce3e19d,30.0,male,trunk,Trunk,2,2,,False
milk10k,milk10k,images/ISIC_1119886.jpg,ISIC_1119886,bcc,g3083,external_test,none,3083,-1,,False,b2a26f8aacaabc89,40.0,female,upper_extremity,Upper extremity,3,3,,False
milk10k,milk10k,images/ISIC_6698922.jpg,ISIC_6698922,bcc,g3084,external_test,none,3084,-1,,False,a12adf0a53aa3cab,65.0,male,lower_extremity,Lower extremity,3,3,,False
milk10k,milk10k,images/ISIC_2056374.jpg,ISIC_2056374,nv,g3085,external_test,none,3085,-1,,False,6199ae64319b556d,5.0,male,head_neck_face,Head and neck,3,3,,False
milk10k,milk10k,images/ISIC_6078907.jpg,ISIC_6078907,bcc,g3086,external_test,none,3086,-1,,False,4f4cb7b3fa009d81,75.0,female,upper_extremity,Upper extremity,3,3,,False
milk10k,milk10k,images/ISIC_9141788.jpg,ISIC_9141788,mel,g3087,external_test,none,3087,-1,,True,b386cc180de97397,40.0,male,trunk,Trunk,2,2,,False
milk10k,milk10k,images/ISIC_0547517.jpg,ISIC_0547517,sccka,g3088,dropped,none,3088,-1,unmapped_class:sccka,False,979e4ae1adaea481,65.0,female,head_neck_face,Head and neck,3,3,unmapped_class:sccka,False
milk10k,milk10k,images/ISIC_9777580.jpg,ISIC_9777580,bcc,g3089,external_test,none,3089,-1,,False,6dc991a66ec94723,55.0,male,head_neck_face,Head and neck,4,4,,False
milk10k,milk10k,images/ISIC_9286506.jpg,ISIC_9286506,sccka,g3090,dropped,none,3090,-1,unmapped_class:sccka,False,55fa86cc79319c83,75.0,female,head_neck_face,Head and neck,3,3,unmapped_class:sccka,False
milk10k,milk10k,images/ISIC_1044266.jpg,ISIC_1044266,bcc,g3091,external_test,none,3091,-1,,False,bbe8e2b23e0aea21,75.0,male,trunk,Trunk,3,3,,False
milk10k,milk10k,images/ISIC_1244447.jpg,ISIC_1244447,bkl,g680,dropped,none,680,-1,duplicate_of_ham10000,False,9b996464999b6665,50.0,female,lower_extremity,Lower extremity,4,4,duplicate_of_ham10000,False
milk10k,milk10k,images/ISIC_5814193.jpg,ISIC_5814193,bcc,g3093,external_test,none,3093,-1,,False,1b82ee2896aa7f83,85.0,male,trunk,Trunk,3,3,,False
milk10k,milk10k,images/ISIC_3372353.jpg,ISIC_3372353,bcc,g3094,external_test,none,3094,-1,,False,cc6616727bb841e9,70.0,female,lower_extremity,Lower extremity,3,3,,False
milk10k,milk10k,images/ISIC_9342357.jpg,ISIC_9342357,mel,g3095,dropped,none,3095,-1,duplicate_of_ham10000,False,1d496429df83713d,70.0,male,head_neck_face,Head and neck,3,3,duplicate_of_ham10000,False
milk10k,milk10k,images/ISIC_6863789.jpg,ISIC_6863789,sccka,g3096,dropped,none,3096,-1,unmapped_class:sccka,False,e3774672b8e80c2b,75.0,male,head_neck_face,Head and neck,3,3,unmapped_class:sccka,False
milk10k,milk10k,images/ISIC_5659521.jpg,ISIC_5659521,bcc,g3097,external_test,none,3097,-1,,False,4d10f1e0ce325eeb,75.0,female,head_neck_face,Head and neck,4,4,,False
milk10k,milk10k,images/ISIC_1970255.jpg,ISIC_1970255,nv,g3098,external_test,none,3098,-1,,False,8c8c3a76e3e10e3d,30.0,male,lower_extremity,Lower extremity,3,3,,False
milk10k,milk10k,images/ISIC_3005181.jpg,ISIC_3005181,bcc,g3099,external_test,none,3099,-1,,False,11e94bc7a5993b0b,70.0,male,head_neck_face,Head and neck,3,3,,False
milk10k,milk10k,images/ISIC_9296237.jpg,ISIC_9296237,bcc,g3100,external_test,none,3100,-1,,False,f9b4a1fed3420b03,65.0,male,upper_extremity,Upper extremity,3,3,,False
milk10k,milk10k,images/ISIC_7516657.jpg,ISIC_7516657,vasc,g3101,external_test,none,3101,-1,,False,85461cb3f88b237d,,female,trunk,Trunk,2,2,,False
milk10k,milk10k,images/ISIC_0368554.jpg,ISIC_0368554,bcc,g3102,external_test,none,3102,-1,,False,b64ab4dc552e34a3,65.0,male,trunk,Trunk,5 (lightest),5,,False
milk10k,milk10k,images/ISIC_4523106.jpg,ISIC_4523106,bcc,g3103,external_test,none,3103,-1,,False,eeb5414ae4b19663,80.0,male,head_neck_face,Head and neck,3,3,,False
milk10k,milk10k,images/ISIC_4275923.jpg,ISIC_4275923,bcc,g3104,external_test,none,3104,-1,,False,6619195be3f32625,45.0,female,trunk,Trunk,4,4,,False
milk10k,milk10k,images/ISIC_8929684.jpg,ISIC_8929684,akiec,g3105,external_test,none,3105,-1,,False,6e89f9b8eb4a6411,50.0,female,trunk,Trunk,3,3,,False
milk10k,milk10k,images/ISIC_7472087.jpg,ISIC_7472087,mel,g3106,external_test,none,3106,-1,,False,e68c993bd9d12625,45.0,female,trunk,Trunk,5 (lightest),5,,False
milk10k,milk10k,images/ISIC_0684071.jpg,ISIC_0684071,bcc,g3107,external_test,none,3107,-1,,False,8f7411f66630fe21,75.0,male,head_neck_face,Head and neck,3,3,,False
milk10k,milk10k,images/ISIC_4432152.jpg,ISIC_4432152,nv,g3108,external_test,none,3108,-1,,True,3689594e59b97523,5.0,female,lower_extremity,Lower extremity,3,3,,False
milk10k,milk10k,images/ISIC_8556393.jpg,ISIC_8556393,bcc,g3109,external_test,none,3109,-1,,False,c4981324cbb9cded,70.0,male,trunk,Trunk,3,3,,False
milk10k,milk10k,images/ISIC_5180599.jpg,ISIC_5180599,bcc,g3110,external_test,none,3110,-1,,True,54a969d2b6694997,60.0,male,hand,Upper extremity,4,4,,False
milk10k,milk10k,images/ISIC_4505155.jpg,ISIC_4505155,bkl,g3111,external_test,none,3111,-1,,False,9682ff415f097c15,70.0,male,head_neck_face,Head and neck,3,3,,False
milk10k,milk10k,images/ISIC_8839494.jpg,ISIC_8839494,bcc,g3112,external_test,none,3112,-1,,False,6c9eb7129bb0ac0b,75.0,male,upper_extremity,Upper extremity,3,3,,False
milk10k,milk10k,images/ISIC_2633032.jpg,ISIC_2633032,bkl,g3113,external_test,none,3113,-1,,False,f782b8a89d0abc8b,60.0,male,head_neck_face,Head and neck,3,3,,False
milk10k,milk10k,images/ISIC_1695711.jpg,ISIC_1695711,bcc,g3114,external_test,none,3114,-1,,False,3594d580fe7a3589,65.0,male,lower_extremity,Lower extremity,3,3,,False
milk10k,milk10k,images/ISIC_2106139.jpg,ISIC_2106139,nv,g3115,external_test,none,3115,-1,,True,34cc3332d3d34f0d,30.0,female,lower_extremity,Lower extremity,3,3,,False
milk10k,milk10k,images/ISIC_2669811.jpg,ISIC_2669811,bcc,g3116,external_test,none,3116,-1,,False,362ced5697496913,75.0,female,upper_extremity,Upper extremity,3,3,,False
milk10k,milk10k,images/ISIC_6003134.jpg,ISIC_6003134,bcc,g3117,external_test,none,3117,-1,,True,4d689784cd53d687,45.0,male,trunk,Trunk,3,3,,False
milk10k,milk10k,images/ISIC_2376934.jpg,ISIC_2376934,bcc,g3118,external_test,none,3118,-1,,False,e2cce19996315967,60.0,male,lower_extremity,Lower extremity,3,3,,False
milk10k,milk10k,images/ISIC_9140582.jpg,ISIC_9140582,bcc,g3119,external_test,none,3119,-1,,False,ea8215aad5aa7729,75.0,female,trunk,Trunk,4,4,,False
milk10k,milk10k,images/ISIC_1801591.jpg,ISIC_1801591,mel,g3120,external_test,none,3120,-1,,False,53e187a1bc831a5f,55.0,male,head_neck_face,Head and neck,2,2,,False
milk10k,milk10k,images/ISIC_4467312.jpg,ISIC_4467312,mel,g3121,external_test,none,3121,-1,,False,3146e52ccdb3b24d,45.0,male,trunk,Trunk,4,4,,False
milk10k,milk10k,images/ISIC_9945188.jpg,ISIC_9945188,bcc,g3122,external_test,none,3122,-1,,False,3831e26727739e0d,70.0,male,head_neck_face,Head and neck,3,3,,False
milk10k,milk10k,images/ISIC_5986238.jpg,ISIC_5986238,sccka,g3123,dropped,none,3123,-1,unmapped_class:sccka,False,bbfae4e20da27501,65.0,male,lower_extremity,Lower extremity,3,3,unmapped_class:sccka,False
milk10k,milk10k,images/ISIC_8613265.jpg,ISIC_8613265,bcc,g3124,external_test,none,3124,-1,,False,956d1aa57ae62589,75.0,female,head_neck_face,Head and neck,5 (lightest),5,,False
milk10k,milk10k,images/ISIC_1906835.jpg,ISIC_1906835,bcc,g3125,external_test,none,3125,-1,,False,7c628d4c3cb3a34d,60.0,female,head_neck_face,Head and neck,0-1 (darkest),1,,False
milk10k,milk10k,images/ISIC_2791059.jpg,ISIC_2791059,sccka,g3126,dropped,none,3126,-1,unmapped_class:sccka,False,5a9df552c00c3fa9,75.0,female,lower_extremity,Lower extremity,3,3,unmapped_class:sccka,False
milk10k,milk10k,images/ISIC_7989369.jpg,ISIC_7989369,nv,g3127,external_test,none,3127,-1,,True,93c1f9d843696c87,35.0,female,trunk,Trunk,2,2,,False
milk10k,milk10k,images/ISIC_2302491.jpg,ISIC_2302491,bkl,g3128,external_test,none,3128,-1,,False,3299f1198f6938a7,60.0,female,lower_extremity,Lower extremity,3,3,,False
milk10k,milk10k,images/ISIC_3430932.jpg,ISIC_3430932,bkl,g3129,external_test,none,3129,-1,,False,1abcd22956e1ac57,70.0,male,head_neck_face,Head and neck,3,3,,False
milk10k,milk10k,images/ISIC_1376673.jpg,ISIC_1376673,sccka,g3130,dropped,none,3130,-1,unmapped_class:sccka,False,f10acc8293996d6f,80.0,female,lower_extremity,Lower extremity,3,3,unmapped_class:sccka,False
milk10k,milk10k,images/ISIC_8439407.jpg,ISIC_8439407,bcc,g3131,external_test,none,3131,-1,,False,5c62b564c3f86a27,55.0,male,trunk,Trunk,3,3,,False
milk10k,milk10k,images/ISIC_8452965.jpg,ISIC_8452965,bcc,g3132,external_test,none,3132,-1,,False,6c428e491c2f727f,70.0,male,trunk,Trunk,2,2,,False
milk10k,milk10k,images/ISIC_0234458.jpg,ISIC_0234458,bcc,g3133,external_test,none,3133,-1,,False,5ad0e10e6f3e6643,70.0,female,head_neck_face,Head and neck,3,3,,False
milk10k,milk10k,images/ISIC_4198312.jpg,ISIC_4198312,nv,g3134,external_test,none,3134,-1,,False,6c791961c90937b7,45.0,female,trunk,Trunk,4,4,,False
milk10k,milk10k,images/ISIC_0962183.jpg,ISIC_0962183,bcc,g3135,external_test,none,3135,-1,,False,bdae1e473ff90001,65.0,male,head_neck_face,Head and neck,3,3,,False
milk10k,milk10k,images/ISIC_3420711.jpg,ISIC_3420711,sccka,g3136,dropped,none,3136,-1,unmapped_class:sccka,False,beb92d4a656c5283,55.0,male,head_neck_face,Head and neck,3,3,unmapped_class:sccka,False
milk10k,milk10k,images/ISIC_8431346.jpg,ISIC_8431346,bcc,g3137,external_test,none,3137,-1,,False,a6d9d9e2e4193e03,65.0,female,head_neck_face,Head and neck,5 (lightest),5,,False
milk10k,milk10k,images/ISIC_8338464.jpg,ISIC_8338464,sccka,g3138,dropped,none,3138,-1,unmapped_class:sccka,False,2235fcdf48259663,85.0,female,head_neck_face,Head and neck,3,3,unmapped_class:sccka,False
milk10k,milk10k,images/ISIC_3006692.jpg,ISIC_3006692,nv,g3139,external_test,none,3139,-1,,False,18934cd3e643b32f,45.0,male,trunk,Trunk,4,4,,False
milk10k,milk10k,images/ISIC_8543046.jpg,ISIC_8543046,bcc,g3140,external_test,none,3140,-1,,False,f84e9e94c913266b,55.0,male,trunk,Trunk,3,3,,False
milk10k,milk10k,images/ISIC_5484742.jpg,ISIC_5484742,bcc,g3141,external_test,none,3141,-1,,False,681a97ce4733d48d,45.0,male,trunk,Trunk,3,3,,False
milk10k,milk10k,images/ISIC_0093873.jpg,ISIC_0093873,bcc,g3142,external_test,none,3142,-1,,True,63e4aebe079209ab,65.0,male,upper_extremity,Upper extremity,4,4,,False
milk10k,milk10k,images/ISIC_2603915.jpg,ISIC_2603915,bcc,g3143,external_test,none,3143,-1,,True,96f4b3562cca9781,55.0,male,trunk,Trunk,4,4,,False
milk10k,milk10k,images/ISIC_9613721.jpg,ISIC_9613721,bkl,g3144,external_test,none,3144,-1,,False,94e16c4d26be994d,65.0,male,trunk,Trunk,3,3,,False
milk10k,milk10k,images/ISIC_2921430.jpg,ISIC_2921430,bcc,g3145,external_test,none,3145,-1,,False,b4b2748adbaa3c23,85.0,female,lower_extremity,Lower extremity,4,4,,False
milk10k,milk10k,images/ISIC_9186111.jpg,ISIC_9186111,mel,g3146,external_test,none,3146,-1,,False,86731b4bcca1785d,35.0,female,trunk,Trunk,3,3,,False
milk10k,milk10k,images/ISIC_3187907.jpg,ISIC_3187907,bcc,g3147,external_test,none,3147,-1,,False,249bd96636d9d4a1,70.0,male,lower_extremity,Lower extremity,3,3,,False
milk10k,milk10k,images/ISIC_5312126.jpg,ISIC_5312126,bkl,g3148,external_test,none,3148,-1,,False,a863b339858b5a3d,65.0,male,head_neck_face,Head and neck,2,2,,False
milk10k,milk10k,images/ISIC_3548770.jpg,ISIC_3548770,bcc,g3149,external_test,none,3149,-1,,False,6949ab4ce4b20fe9,85.0,female,head_neck_face,Head and neck,5 (lightest),5,,False
milk10k,milk10k,images/ISIC_2631859.jpg,ISIC_2631859,mel,g3150,external_test,none,3150,-1,,False,6363b39996490d97,55.0,female,head_neck_face,Head and neck,2,2,,False
milk10k,milk10k,images/ISIC_2283635.jpg,ISIC_2283635,bcc,g3151,external_test,none,3151,-1,,False,35aa99a05d8af7a1,65.0,male,trunk,Trunk,3,3,,False
milk10k,milk10k,images/ISIC_2888616.jpg,ISIC_2888616,inf,g3152,dropped,none,3152,-1,unmapped_class:inf,False,d20f2926e41997e7,40.0,male,head_neck_face,Head and neck,0-1 (darkest),1,unmapped_class:inf,False
milk10k,milk10k,images/ISIC_7441024.jpg,ISIC_7441024,bcc,g3153,external_test,none,3153,-1,,True,63526c526e42bdab,50.0,female,lower_extremity,Lower extremity,4,4,,False
milk10k,milk10k,images/ISIC_8554994.jpg,ISIC_8554994,bkl,g3154,external_test,none,3154,-1,,False,b8ece79ace136141,75.0,female,head_neck_face,Head and neck,4,4,,False
milk10k,milk10k,images/ISIC_8606881.jpg,ISIC_8606881,bcc,g3155,external_test,none,3155,-1,,False,b4600b02f5aadfab,65.0,male,trunk,Trunk,3,3,,False
milk10k,milk10k,images/ISIC_1090300.jpg,ISIC_1090300,bkl,g3156,external_test,none,3156,-1,,True,3336b059cb636c87,60.0,female,lower_extremity,Lower extremity,3,3,,False
milk10k,milk10k,images/ISIC_1061716.jpg,ISIC_1061716,bcc,g3157,external_test,none,3157,-1,,False,1d40ff08502affab,75.0,male,upper_extremity,Upper extremity,3,3,,False
milk10k,milk10k,images/ISIC_0853302.jpg,ISIC_0853302,bcc,g3158,external_test,none,3158,-1,,True,6d68e00eff3cc191,75.0,male,lower_extremity,Lower extremity,3,3,,False
milk10k,milk10k,images/ISIC_0477999.jpg,ISIC_0477999,bcc,g3159,external_test,none,3159,-1,,False,3262a7ee6879b183,60.0,male,trunk,Trunk,4,4,,False
milk10k,milk10k,images/ISIC_9053541.jpg,ISIC_9053541,bcc,g3160,external_test,none,3160,-1,,True,4be317a3db885529,70.0,female,trunk,Trunk,3,3,,False
milk10k,milk10k,images/ISIC_3765481.jpg,ISIC_3765481,bcc,g3161,external_test,none,3161,-1,,False,64c6191361cbee6d,65.0,male,head_neck_face,Head and neck,4,4,,False
milk10k,milk10k,images/ISIC_6838890.jpg,ISIC_6838890,bkl,g3162,external_test,none,3162,-1,,False,bb8ae422e69ab923,65.0,male,trunk,Trunk,3,3,,False
milk10k,milk10k,images/ISIC_2267440.jpg,ISIC_2267440,mel,g3163,external_test,none,3163,-1,,False,23c66699cb713d85,40.0,female,trunk,Trunk,4,4,,False
milk10k,milk10k,images/ISIC_3849096.jpg,ISIC_3849096,vasc,g3164,external_test,none,3164,-1,,False,2333f1118d0376fd,35.0,female,trunk,Trunk,4,4,,False
milk10k,milk10k,images/ISIC_9892179.jpg,ISIC_9892179,bcc,g3165,external_test,none,3165,-1,,False,dc085cae6f16e493,45.0,female,upper_extremity,Upper extremity,3,3,,False
milk10k,milk10k,images/ISIC_3946401.jpg,ISIC_3946401,bcc,g3166,external_test,none,3166,-1,,False,5a71d9eaf3a05207,75.0,male,trunk,Trunk,4,4,,False
milk10k,milk10k,images/ISIC_6494733.jpg,ISIC_6494733,bkl,g3167,external_test,none,3167,-1,,False,33e6cc9b60d99227,85.0,male,trunk,Trunk,3,3,,False
milk10k,milk10k,images/ISIC_5426572.jpg,ISIC_5426572,bcc,g3168,external_test,none,3168,-1,,False,3ba4c61af96b3423,80.0,female,lower_extremity,Lower extremity,3,3,,False
milk10k,milk10k,images/ISIC_6539237.jpg,ISIC_6539237,sccka,g3169,dropped,none,3169,-1,unmapped_class:sccka,False,6ecc126ed8d827a3,70.0,male,head_neck_face,Head and neck,3,3,unmapped_class:sccka,False
milk10k,milk10k,images/ISIC_1528651.jpg,ISIC_1528651,bcc,g3170,external_test,none,3170,-1,,True,f213db84bc986f41,80.0,male,trunk,Trunk,3,3,,False
milk10k,milk10k,images/ISIC_7319186.jpg,ISIC_7319186,bcc,g3171,external_test,none,3171,-1,,False,908783b598a77e17,65.0,male,trunk,Trunk,3,3,,False
milk10k,milk10k,images/ISIC_6469024.jpg,ISIC_6469024,bcc,g3172,external_test,none,3172,-1,,False,3fdc5959a5e01b81,60.0,male,lower_extremity,Lower extremity,3,3,,False
milk10k,milk10k,images/ISIC_1076265.jpg,ISIC_1076265,akiec,g3173,external_test,none,3173,-1,,False,47c69d784962f2a3,65.0,female,lower_extremity,Lower extremity,5 (lightest),5,,False
milk10k,milk10k,images/ISIC_1992759.jpg,ISIC_1992759,bcc,g3174,external_test,none,3174,-1,,False,4ee6b3a623d89c23,65.0,female,trunk,Trunk,5 (lightest),5,,False
milk10k,milk10k,images/ISIC_9570959.jpg,ISIC_9570959,bcc,g3175,external_test,none,3175,-1,,False,93191ba35c91ed47,50.0,male,upper_extremity,Upper extremity,3,3,,False
milk10k,milk10k,images/ISIC_4406973.jpg,ISIC_4406973,bcc,g3176,external_test,none,3176,-1,,False,0e8eb07a4f91de61,50.0,female,upper_extremity,Upper extremity,3,3,,False
milk10k,milk10k,images/ISIC_9455367.jpg,ISIC_9455367,bcc,g3177,external_test,none,3177,-1,,False,43f0b8c8e6da1da9,75.0,male,trunk,Trunk,3,3,,False
milk10k,milk10k,images/ISIC_8840511.jpg,ISIC_8840511,bkl,g3178,external_test,none,3178,-1,,True,6549e28e19b9c56d,70.0,male,head_neck_face,Head and neck,3,3,,False
milk10k,milk10k,images/ISIC_9750600.jpg,ISIC_9750600,akiec,g3179,external_test,none,3179,-1,,False,280675c6de4bbcd1,60.0,female,upper_extremity,Upper extremity,3,3,,False
milk10k,milk10k,images/ISIC_2733454.jpg,ISIC_2733454,bcc,g3180,external_test,none,3180,-1,,False,ffa2df863630e101,40.0,female,trunk,Trunk,3,3,,False
milk10k,milk10k,images/ISIC_0350119.jpg,ISIC_0350119,bcc,g3181,external_test,none,3181,-1,,True,119c4b9bf3d83c0d,65.0,female,head_neck_face,Head and neck,3,3,,False
milk10k,milk10k,images/ISIC_6119319.jpg,ISIC_6119319,mel,g3182,external_test,none,3182,-1,,False,d8b961b83983b347,70.0,female,lower_extremity,Lower extremity,3,3,,False
milk10k,milk10k,images/ISIC_4622676.jpg,ISIC_4622676,sccka,g3183,dropped,none,3183,-1,unmapped_class:sccka,False,7135759ac4ee049d,70.0,male,head_neck_face,Head and neck,3,3,unmapped_class:sccka,False
milk10k,milk10k,images/ISIC_1480200.jpg,ISIC_1480200,bkl,g3184,external_test,none,3184,-1,,False,3332e3f383c31c2d,55.0,male,trunk,Trunk,3,3,,False
milk10k,milk10k,images/ISIC_3063817.jpg,ISIC_3063817,bcc,g3185,external_test,none,3185,-1,,True,ff5873025a0ae8ab,75.0,male,upper_extremity,Upper extremity,3,3,,False
milk10k,milk10k,images/ISIC_3593419.jpg,ISIC_3593419,bcc,g3186,external_test,none,3186,-1,,False,1ff08b68b62cf521,80.0,male,upper_extremity,Upper extremity,3,3,,False
milk10k,milk10k,images/ISIC_2434031.jpg,ISIC_2434031,bcc,g3187,external_test,none,3187,-1,,False,bbccab069ca37909,60.0,male,head_neck_face,Head and neck,3,3,,False
milk10k,milk10k,images/ISIC_4235972.jpg,ISIC_4235972,bkl,g3188,external_test,none,3188,-1,,False,59d3b6524d5ad229,65.0,female,upper_extremity,Upper extremity,3,3,,False
milk10k,milk10k,images/ISIC_0560810.jpg,ISIC_0560810,sccka,g3189,dropped,none,3189,-1,unmapped_class:sccka,False,422cd973e0ce359b,65.0,male,head_neck_face,Head and neck,5 (lightest),5,unmapped_class:sccka,False
milk10k,milk10k,images/ISIC_0670265.jpg,ISIC_0670265,akiec,g3190,external_test,none,3190,-1,,False,8c7930b2e353dc0f,75.0,male,head_neck_face,Head and neck,3,3,,False
milk10k,milk10k,images/ISIC_2510819.jpg,ISIC_2510819,sccka,g3191,dropped,none,3191,-1,unmapped_class:sccka,False,e892e8e278d4e1b9,75.0,male,head_neck_face,Head and neck,4,4,unmapped_class:sccka,False
milk10k,milk10k,images/ISIC_3488397.jpg,ISIC_3488397,bkl,g3192,external_test,none,3192,-1,,False,6bc26bd4fdd06a01,70.0,female,trunk,Trunk,3,3,,False
milk10k,milk10k,images/ISIC_9120690.jpg,ISIC_9120690,bkl,g3193,external_test,none,3193,-1,,False,3d3e8f4e0aecce01,80.0,female,head_neck_face,Head and neck,4,4,,False
milk10k,milk10k,images/ISIC_9406973.jpg,ISIC_9406973,bkl,g3194,external_test,none,3194,-1,,True,1914f933e1eb6417,65.0,male,head_neck_face,Head and neck,0-1 (darkest),1,,False
milk10k,milk10k,images/ISIC_7243195.jpg,ISIC_7243195,nv,g3195,external_test,none,3195,-1,,True,a6ac3a96c9693687,35.0,female,,,4,4,,False
milk10k,milk10k,images/ISIC_3773277.jpg,ISIC_3773277,mel,g3196,external_test,none,3196,-1,,True,19b23386e3735c8d,65.0,male,trunk,Trunk,4,4,,False
milk10k,milk10k,images/ISIC_7631504.jpg,ISIC_7631504,bcc,g3197,external_test,none,3197,-1,,True,bb48adc6713a5b81,60.0,male,trunk,Trunk,3,3,,False
milk10k,milk10k,images/ISIC_3794267.jpg,ISIC_3794267,sccka,g3198,dropped,none,3198,-1,unmapped_class:sccka,False,37e59c00afeec491,60.0,male,lower_extremity,Lower extremity,3,3,unmapped_class:sccka,False
milk10k,milk10k,images/ISIC_4257866.jpg,ISIC_4257866,nv,g3199,external_test,none,3199,-1,,False,671b597929619695,70.0,male,trunk,Trunk,2,2,,False
milk10k,milk10k,images/ISIC_6403341.jpg,ISIC_6403341,nv,g3200,external_test,none,3200,-1,,False,3b33c3cc033359cd,55.0,male,lower_extremity,Lower extremity,3,3,,False
milk10k,milk10k,images/ISIC_6590195.jpg,ISIC_6590195,bcc,g3201,external_test,none,3201,-1,,False,3ba8acaca3329d8b,50.0,male,head_neck_face,Head and neck,3,3,,False
milk10k,milk10k,images/ISIC_7330557.jpg,ISIC_7330557,bcc,g3202,external_test,none,3202,-1,,False,b528c6a255ab752b,60.0,female,upper_extremity,Upper extremity,3,3,,False
milk10k,milk10k,images/ISIC_2419039.jpg,ISIC_2419039,inf,g3203,dropped,none,3203,-1,unmapped_class:inf,False,ac36b29beb616905,75.0,male,trunk,Trunk,4,4,unmapped_class:inf,False
milk10k,milk10k,images/ISIC_8562787.jpg,ISIC_8562787,bcc,g3204,external_test,none,3204,-1,,False,cb331b982962bd8b,75.0,male,head_neck_face,Head and neck,5 (lightest),5,,False
milk10k,milk10k,images/ISIC_6806266.jpg,ISIC_6806266,nv,g3205,external_test,none,3205,-1,,False,66cca626d993264f,10.0,female,lower_extremity,Lower extremity,0-1 (darkest),1,,False
milk10k,milk10k,images/ISIC_3526708.jpg,ISIC_3526708,nv,g3206,external_test,none,3206,-1,,False,73422f8613f92d87,70.0,female,trunk,Trunk,3,3,,False
milk10k,milk10k,images/ISIC_5164646.jpg,ISIC_5164646,bkl,g3207,external_test,none,3207,-1,,False,59392979b5e15607,55.0,male,trunk,Trunk,3,3,,False
milk10k,milk10k,images/ISIC_8769047.jpg,ISIC_8769047,mel,g3208,external_test,none,3208,-1,,False,8c39a699591927e7,85.0,male,trunk,Trunk,2,2,,False
milk10k,milk10k,images/ISIC_3599799.jpg,ISIC_3599799,nv,g3209,external_test,none,3209,-1,,False,63b6cccc36734985,45.0,male,trunk,Trunk,4,4,,False
milk10k,milk10k,images/ISIC_3105211.jpg,ISIC_3105211,nv,g3210,external_test,none,3210,-1,,False,0c9c393979f3a60d,30.0,male,trunk,Trunk,4,4,,False
milk10k,milk10k,images/ISIC_6306620.jpg,ISIC_6306620,bcc,g3211,external_test,none,3211,-1,,False,539ea139d2e16c87,50.0,female,trunk,Trunk,4,4,,False
milk10k,milk10k,images/ISIC_1950997.jpg,ISIC_1950997,mel,g3212,external_test,none,3212,-1,,False,394edcb8993307a9,75.0,male,lower_extremity,Lower extremity,3,3,,False
milk10k,milk10k,images/ISIC_3215995.jpg,ISIC_3215995,bcc,g3213,external_test,none,3213,-1,,False,1aba3a586768ccb3,70.0,male,head_neck_face,Head and neck,3,3,,False
milk10k,milk10k,images/ISIC_9572075.jpg,ISIC_9572075,bcc,g3214,external_test,none,3214,-1,,True,75f9894e9a92a629,60.0,female,lower_extremity,Lower extremity,3,3,,False
milk10k,milk10k,images/ISIC_8193005.jpg,ISIC_8193005,bcc,g3215,external_test,none,3215,-1,,True,85d4d62af2087be9,70.0,female,head_neck_face,Head and neck,3,3,,False
milk10k,milk10k,images/ISIC_1427974.jpg,ISIC_1427974,bcc,g3216,external_test,none,3216,-1,,False,98c0c0c2de6b7fa5,75.0,male,head_neck_face,Head and neck,3,3,,False
milk10k,milk10k,images/ISIC_1793316.jpg,ISIC_1793316,bcc,g3217,external_test,none,3217,-1,,True,c8da9de5733906a1,75.0,female,trunk,Trunk,3,3,,False
milk10k,milk10k,images/ISIC_2087207.jpg,ISIC_2087207,bcc,g3218,external_test,none,3218,-1,,True,f82af2a0fbaa8c23,65.0,female,head_neck_face,Head and neck,3,3,,False
milk10k,milk10k,images/ISIC_2021070.jpg,ISIC_2021070,bcc,g3219,external_test,none,3219,-1,,False,9d8ca1f2cea33e09,55.0,female,trunk,Trunk,3,3,,False
milk10k,milk10k,images/ISIC_8647858.jpg,ISIC_8647858,nv,g3220,external_test,none,3220,-1,,False,1f4b664f123e86d1,75.0,male,trunk,Trunk,2,2,,False
milk10k,milk10k,images/ISIC_7722970.jpg,ISIC_7722970,bkl,g3221,external_test,none,3221,-1,,True,692a237356a99d87,75.0,female,head_neck_face,Head and neck,3,3,,False
milk10k,milk10k,images/ISIC_9332272.jpg,ISIC_9332272,mel,g3222,external_test,none,3222,-1,,False,4d591879a3a39697,70.0,male,trunk,Trunk,2,2,,False
milk10k,milk10k,images/ISIC_0593908.jpg,ISIC_0593908,bcc,g3223,external_test,none,3223,-1,,True,ee993366ee988229,50.0,male,trunk,Trunk,3,3,,False
milk10k,milk10k,images/ISIC_3120412.jpg,ISIC_3120412,bcc,g3224,external_test,none,3224,-1,,False,eaaa998cbc02fb29,60.0,female,upper_extremity,Upper extremity,3,3,,False
milk10k,milk10k,images/ISIC_1990622.jpg,ISIC_1990622,akiec,g3225,external_test,none,3225,-1,,False,762b29e61c986ea3,40.0,male,head_neck_face,Head and neck,3,3,,False
milk10k,milk10k,images/ISIC_8468152.jpg,ISIC_8468152,bcc,g3226,external_test,none,3226,-1,,False,b39f0a66611998e7,50.0,male,trunk,Trunk,4,4,,False
milk10k,milk10k,images/ISIC_2146757.jpg,ISIC_2146757,bcc,g3227,external_test,none,3227,-1,,True,3d0ee3981c435b1f,80.0,female,trunk,Trunk,4,4,,False
milk10k,milk10k,images/ISIC_9934612.jpg,ISIC_9934612,akiec,g3228,external_test,none,3228,-1,,False,fbb63ac68618f301,70.0,male,upper_extremity,Upper extremity,3,3,,False
milk10k,milk10k,images/ISIC_3164108.jpg,ISIC_3164108,mel,g3229,external_test,none,3229,-1,,True,e58b0ce4a10b1f6f,70.0,female,head_neck_face,Head and neck,3,3,,False
milk10k,milk10k,images/ISIC_4323016.jpg,ISIC_4323016,bkl,g3230,external_test,none,3230,-1,,False,61592d99fc43c3a5,80.0,male,trunk,Trunk,2,2,,False
milk10k,milk10k,images/ISIC_9370126.jpg,ISIC_9370126,bkl,g3231,external_test,none,3231,-1,,True,e1a0cdae6f85071b,45.0,male,trunk,Trunk,3,3,,False
milk10k,milk10k,images/ISIC_4224540.jpg,ISIC_4224540,bcc,g3232,external_test,none,3232,-1,,False,96ba5bee660ab281,65.0,male,trunk,Trunk,3,3,,False
milk10k,milk10k,images/ISIC_0408084.jpg,ISIC_0408084,bcc,g3233,external_test,none,3233,-1,,False,c4c32cfb30ed481f,60.0,female,head_neck_face,Head and neck,5 (lightest),5,,False
milk10k,milk10k,images/ISIC_9007301.jpg,ISIC_9007301,bkl,g3234,external_test,none,3234,-1,,False,c6963a19c9e3668d,45.0,male,head_neck_face,Head and neck,2,2,,False
milk10k,milk10k,images/ISIC_8283280.jpg,ISIC_8283280,sccka,g3235,dropped,none,3235,-1,unmapped_class:sccka,False,f3986373c8ce0437,80.0,female,head_neck_face,Head and neck,2,2,unmapped_class:sccka,False
milk10k,milk10k,images/ISIC_2131769.jpg,ISIC_2131769,sccka,g3236,dropped,none,3236,-1,unmapped_class:sccka,False,b6ec1376e6383903,75.0,male,trunk,Trunk,3,3,unmapped_class:sccka,False
milk10k,milk10k,images/ISIC_5158158.jpg,ISIC_5158158,bcc,g3237,external_test,none,3237,-1,,False,b831a3e1cea1c5ab,60.0,female,lower_extremity,Lower extremity,3,3,,False
milk10k,milk10k,images/ISIC_9063581.jpg,ISIC_9063581,sccka,g3238,dropped,none,3238,-1,unmapped_class:sccka,False,ae1be951452cf863,65.0,male,upper_extremity,Upper extremity,3,3,unmapped_class:sccka,False
milk10k,milk10k,images/ISIC_1484722.jpg,ISIC_1484722,bcc,g3239,external_test,none,3239,-1,,True,b64cb9660fbc9381,65.0,female,trunk,Trunk,5 (lightest),5,,False
milk10k,milk10k,images/ISIC_3269995.jpg,ISIC_3269995,akiec,g3240,external_test,none,3240,-1,,True,ccf36d3486e11a1b,70.0,male,head_neck_face,Head and neck,3,3,,False
milk10k,milk10k,images/ISIC_5604357.jpg,ISIC_5604357,bcc,g3241,external_test,none,3241,-1,,False,9b3273629a36ed81,65.0,male,head_neck_face,Head and neck,3,3,,False
milk10k,milk10k,images/ISIC_9572021.jpg,ISIC_9572021,nv,g3242,external_test,none,3242,-1,,False,968cd9991f33e445,70.0,male,trunk,Trunk,3,3,,False
milk10k,milk10k,images/ISIC_5116256.jpg,ISIC_5116256,bcc,g3243,external_test,none,3243,-1,,False,77f971f8c7c00e01,70.0,male,head_neck_face,Head and neck,4,4,,False
milk10k,milk10k,images/ISIC_7426470.jpg,ISIC_7426470,bcc,g3244,external_test,none,3244,-1,,False,58ee93ba2ba8a9a1,50.0,male,upper_extremity,Upper extremity,3,3,,False
milk10k,milk10k,images/ISIC_3737700.jpg,ISIC_3737700,bcc,g3245,external_test,none,3245,-1,,False,6bae587c161cd323,65.0,female,lower_extremity,Lower extremity,3,3,,False
milk10k,milk10k,images/ISIC_8667734.jpg,ISIC_8667734,bcc,g3246,external_test,none,3246,-1,,True,991d6526339156cf,65.0,male,head_neck_face,Head and neck,4,4,,False
milk10k,milk10k,images/ISIC_9137740.jpg,ISIC_9137740,bcc,g3247,external_test,none,3247,-1,,True,9cbc395a4aa1da1b,60.0,female,lower_extremity,Lower extremity,3,3,,False
milk10k,milk10k,images/ISIC_4963201.jpg,ISIC_4963201,bcc,g3248,external_test,none,3248,-1,,False,6362be3cd1da890b,60.0,female,trunk,Trunk,3,3,,False
milk10k,milk10k,images/ISIC_0734414.jpg,ISIC_0734414,mel,g3249,external_test,none,3249,-1,,False,f63261730b0b74b5,65.0,male,upper_extremity,Upper extremity,3,3,,False
milk10k,milk10k,images/ISIC_2036909.jpg,ISIC_2036909,bcc,g3250,external_test,none,3250,-1,,False,bb2e44f19158b2e9,70.0,male,lower_extremity,Lower extremity,3,3,,False
milk10k,milk10k,images/ISIC_3813726.jpg,ISIC_3813726,bcc,g3251,external_test,none,3251,-1,,True,bfd8ced86128988b,70.0,male,trunk,Trunk,3,3,,False
milk10k,milk10k,images/ISIC_5286872.jpg,ISIC_5286872,bcc,g3252,external_test,none,3252,-1,,False,c0e4e5ac1cf393b1,55.0,female,trunk,Trunk,3,3,,False
milk10k,milk10k,images/ISIC_3025966.jpg,ISIC_3025966,akiec,g3253,external_test,none,3253,-1,,False,634d1932c6f3ce0d,70.0,male,head_neck_face,Head and neck,4,4,,False
milk10k,milk10k,images/ISIC_7582667.jpg,ISIC_7582667,bcc,g3254,external_test,none,3254,-1,,True,5fa54aa57a2aa50b,70.0,male,trunk,Trunk,3,3,,False
milk10k,milk10k,images/ISIC_7710765.jpg,ISIC_7710765,bcc,g3255,external_test,none,3255,-1,,False,a6d679e84b9031ab,65.0,male,trunk,Trunk,5 (lightest),5,,False
milk10k,milk10k,images/ISIC_5325372.jpg,ISIC_5325372,bcc,g3256,external_test,none,3256,-1,,False,396ae3f8e1a1b605,75.0,female,head_neck_face,Head and neck,3,3,,False
milk10k,milk10k,images/ISIC_9509446.jpg,ISIC_9509446,bcc,g3257,external_test,none,3257,-1,,False,c1999ccc7373068f,75.0,female,head_neck_face,Head and neck,4,4,,False
milk10k,milk10k,images/ISIC_5521729.jpg,ISIC_5521729,akiec,g3258,external_test,none,3258,-1,,False,4c8cdb367f618385,65.0,male,head_neck_face,Head and neck,2,2,,False
milk10k,milk10k,images/ISIC_1168286.jpg,ISIC_1168286,bkl,g3259,external_test,none,3259,-1,,False,3c3673ce89b1648d,60.0,female,lower_extremity,Lower extremity,5 (lightest),5,,False
milk10k,milk10k,images/ISIC_5773512.jpg,ISIC_5773512,bcc,g3260,external_test,none,3260,-1,,False,574a4de3cb896133,55.0,male,trunk,Trunk,4,4,,False
milk10k,milk10k,images/ISIC_6065573.jpg,ISIC_6065573,bcc,g3261,external_test,none,3261,-1,,False,66ccb8ccb33189c7,75.0,male,head_neck_face,Head and neck,3,3,,False
milk10k,milk10k,images/ISIC_1720538.jpg,ISIC_1720538,sccka,g3262,dropped,none,3262,-1,unmapped_class:sccka,False,68f21178faec5689,65.0,male,head_neck_face,Head and neck,5 (lightest),5,unmapped_class:sccka,False
milk10k,milk10k,images/ISIC_3995853.jpg,ISIC_3995853,bcc,g3263,external_test,none,3263,-1,,False,cb38c76e9e586921,50.0,male,upper_extremity,Upper extremity,4,4,,False
milk10k,milk10k,images/ISIC_6576436.jpg,ISIC_6576436,mel,g3264,external_test,none,3264,-1,,False,865cecd9130b78ad,60.0,female,lower_extremity,Lower extremity,4,4,,False
milk10k,milk10k,images/ISIC_1030228.jpg,ISIC_1030228,bkl,g3265,external_test,none,3265,-1,,False,f18e6ed89138ccc5,70.0,male,head_neck_face,Head and neck,4,4,,False
milk10k,milk10k,images/ISIC_1949643.jpg,ISIC_1949643,bcc,g3266,external_test,none,3266,-1,,False,820f90f0f5f625d3,50.0,female,upper_extremity,Upper extremity,3,3,,False
milk10k,milk10k,images/ISIC_5085980.jpg,ISIC_5085980,bcc,g3267,external_test,none,3267,-1,,True,df68c2b0f016a6e9,55.0,male,lower_extremity,Lower extremity,3,3,,False
milk10k,milk10k,images/ISIC_3317235.jpg,ISIC_3317235,bcc,g3268,external_test,none,3268,-1,,False,f3b42e6e2532928b,65.0,male,lower_extremity,Lower extremity,4,4,,False
milk10k,milk10k,images/ISIC_8600102.jpg,ISIC_8600102,vasc,g3269,external_test,none,3269,-1,,False,db4e0e19187bb127,45.0,female,trunk,Trunk,3,3,,False
milk10k,milk10k,images/ISIC_0502413.jpg,ISIC_0502413,bcc,g3270,external_test,none,3270,-1,,False,39fdee66b1900463,70.0,male,head_neck_face,Head and neck,3,3,,False
milk10k,milk10k,images/ISIC_1753599.jpg,ISIC_1753599,bkl,g3271,external_test,none,3271,-1,,False,c7d3186398f3660d,75.0,male,head_neck_face,Head and neck,3,3,,False
milk10k,milk10k,images/ISIC_3047578.jpg,ISIC_3047578,bkl,g3272,external_test,none,3272,-1,,False,b616465c998b663d,75.0,male,upper_extremity,Upper extremity,3,3,,False
milk10k,milk10k,images/ISIC_2567274.jpg,ISIC_2567274,bkl,g3273,external_test,none,3273,-1,,False,820df190be29f397,75.0,female,lower_extremity,Lower extremity,5 (lightest),5,,False
milk10k,milk10k,images/ISIC_0532349.jpg,ISIC_0532349,bcc,g3274,external_test,none,3274,-1,,False,61bef24c7e38a909,55.0,male,head_neck_face,Head and neck,3,3,,False
milk10k,milk10k,images/ISIC_0974797.jpg,ISIC_0974797,bcc,g3275,external_test,none,3275,-1,,False,423932e4ce313bcf,75.0,male,head_neck_face,Head and neck,3,3,,False
milk10k,milk10k,images/ISIC_3334573.jpg,ISIC_3334573,bcc,g3276,external_test,none,3276,-1,,False,6e983896c779cd81,65.0,female,lower_extremity,Lower extremity,4,4,,False
milk10k,milk10k,images/ISIC_8027200.jpg,ISIC_8027200,bcc,g3277,external_test,none,3277,-1,,False,3c7463e67cb82a29,75.0,male,trunk,Trunk,3,3,,False
milk10k,milk10k,images/ISIC_7016834.jpg,ISIC_7016834,bkl,g3278,external_test,none,3278,-1,,False,65e68ec26359590f,50.0,female,upper_extremity,Upper extremity,4,4,,False
milk10k,milk10k,images/ISIC_1192068.jpg,ISIC_1192068,bkl,g3279,external_test,none,3279,-1,,False,24d9f3132a998d57,70.0,male,head_neck_face,Head and neck,2,2,,False
milk10k,milk10k,images/ISIC_5829840.jpg,ISIC_5829840,inf,g3280,dropped,none,3280,-1,unmapped_class:inf,False,646611b6665b9967,75.0,male,lower_extremity,Lower extremity,5 (lightest),5,unmapped_class:inf,False
milk10k,milk10k,images/ISIC_3083384.jpg,ISIC_3083384,bcc,g3281,external_test,none,3281,-1,,False,e61a638a0af38d6d,75.0,male,trunk,Trunk,4,4,,False
milk10k,milk10k,images/ISIC_0669396.jpg,ISIC_0669396,mel,g3282,external_test,none,3282,-1,,False,305b238d64b3da75,55.0,female,head_neck_face,Head and neck,4,4,,False
milk10k,milk10k,images/ISIC_8553734.jpg,ISIC_8553734,bcc,g3283,external_test,none,3283,-1,,False,b10562b642b9aecf,75.0,male,head_neck_face,Head and neck,4,4,,False
milk10k,milk10k,images/ISIC_9668142.jpg,ISIC_9668142,bcc,g3284,external_test,none,3284,-1,,False,2fcc55329d193867,80.0,male,lower_extremity,Lower extremity,3,3,,False
milk10k,milk10k,images/ISIC_1320525.jpg,ISIC_1320525,bkl,g3285,external_test,none,3285,-1,,True,f0e46679d00e78e9,45.0,male,trunk,Trunk,3,3,,False
milk10k,milk10k,images/ISIC_0801838.jpg,ISIC_0801838,bcc,g3286,external_test,none,3286,-1,,False,07f82278af82bda3,70.0,female,upper_extremity,Upper extremity,3,3,,False
milk10k,milk10k,images/ISIC_4668657.jpg,ISIC_4668657,mel,g3287,external_test,none,3287,-1,,False,cecc31526e898377,50.0,female,head_neck_face,Head and neck,4,4,,False
milk10k,milk10k,images/ISIC_9404018.jpg,ISIC_9404018,bcc,g3288,external_test,none,3288,-1,,False,e58594e66bb95e01,50.0,female,trunk,Trunk,3,3,,False
milk10k,milk10k,images/ISIC_3974904.jpg,ISIC_3974904,bcc,g3289,external_test,none,3289,-1,,False,033d72704319fde5,60.0,female,head_neck_face,Head and neck,3,3,,False
milk10k,milk10k,images/ISIC_7243320.jpg,ISIC_7243320,sccka,g3290,dropped,none,3290,-1,unmapped_class:sccka,False,c4069bee669e9c23,65.0,female,lower_extremity,Lower extremity,3,3,unmapped_class:sccka,False
milk10k,milk10k,images/ISIC_3486312.jpg,ISIC_3486312,mel,g3291,external_test,none,3291,-1,,True,5971615919c9e6a7,70.0,female,trunk,Trunk,2,2,,False
milk10k,milk10k,images/ISIC_7702697.jpg,ISIC_7702697,mel,g3292,external_test,none,3292,-1,,False,d20c6931b14b5edd,45.0,female,head_neck_face,Head and neck,3,3,,False
milk10k,milk10k,images/ISIC_9756878.jpg,ISIC_9756878,nv,g3293,external_test,none,3293,-1,,True,c379388ce773190d,40.0,female,lower_extremity,Lower extremity,4,4,,False
milk10k,milk10k,images/ISIC_6333987.jpg,ISIC_6333987,bcc,g3294,external_test,none,3294,-1,,True,acb0848d8db92f6d,80.0,male,trunk,Trunk,4,4,,False
milk10k,milk10k,images/ISIC_2818418.jpg,ISIC_2818418,bcc,g3295,external_test,none,3295,-1,,False,f818d87c80fa5d8b,60.0,male,trunk,Trunk,3,3,,False
milk10k,milk10k,images/ISIC_1174739.jpg,ISIC_1174739,bcc,g3296,external_test,none,3296,-1,,False,f7361e561ee0e029,65.0,male,trunk,Trunk,5 (lightest),5,,False
milk10k,milk10k,images/ISIC_2334974.jpg,ISIC_2334974,bcc,g3297,external_test,none,3297,-1,,False,47efcbe4c8b87021,70.0,male,head_neck_face,Head and neck,3,3,,False
milk10k,milk10k,images/ISIC_3837734.jpg,ISIC_3837734,bcc,g3298,external_test,none,3298,-1,,False,a2ec2cf2ce18fe21,65.0,male,trunk,Trunk,3,3,,False
milk10k,milk10k,images/ISIC_7436110.jpg,ISIC_7436110,nv,g3299,external_test,none,3299,-1,,True,43a696c61c79e387,30.0,female,trunk,Trunk,3,3,,False
milk10k,milk10k,images/ISIC_1002134.jpg,ISIC_1002134,bcc,g3300,external_test,none,3300,-1,,False,71713ca3c7c11e2d,40.0,male,upper_extremity,Upper extremity,4,4,,False
milk10k,milk10k,images/ISIC_5966811.jpg,ISIC_5966811,sccka,g3301,dropped,none,3301,-1,unmapped_class:sccka,False,c2b7c8c49b58ece1,50.0,male,head_neck_face,Head and neck,3,3,unmapped_class:sccka,False
milk10k,milk10k,images/ISIC_2106664.jpg,ISIC_2106664,bcc,g3302,external_test,none,3302,-1,,True,55aa65e1d38b5b21,75.0,male,head_neck_face,Head and neck,4,4,,False
milk10k,milk10k,images/ISIC_8239177.jpg,ISIC_8239177,bcc,g3303,external_test,none,3303,-1,,False,f6ee29b994613087,50.0,female,head_neck_face,Head and neck,3,3,,False
milk10k,milk10k,images/ISIC_2627411.jpg,ISIC_2627411,bcc,g3304,external_test,none,3304,-1,,False,40bd5094775aaf2b,30.0,female,upper_extremity,Upper extremity,4,4,,False
milk10k,milk10k,images/ISIC_2747022.jpg,ISIC_2747022,nv,g3305,external_test,none,3305,-1,,True,312333339399cccf,40.0,female,lower_extremity,Lower extremity,2,2,,False
milk10k,milk10k,images/ISIC_9755138.jpg,ISIC_9755138,nv,g3306,external_test,none,3306,-1,,False,cfc81c24639b05ef,45.0,male,lower_extremity,Lower extremity,3,3,,False
milk10k,milk10k,images/ISIC_9356329.jpg,ISIC_9356329,bcc,g3307,external_test,none,3307,-1,,False,b3c636369eb33209,75.0,male,trunk,Trunk,3,3,,False
milk10k,milk10k,images/ISIC_9608161.jpg,ISIC_9608161,bcc,g3308,external_test,none,3308,-1,,False,89f1746e9199e925,80.0,male,trunk,Trunk,3,3,,False
milk10k,milk10k,images/ISIC_4851411.jpg,ISIC_4851411,bcc,g3309,external_test,none,3309,-1,,True,dec9b53263cca921,80.0,male,lower_extremity,Lower extremity,3,3,,False
milk10k,milk10k,images/ISIC_3666907.jpg,ISIC_3666907,nv,g3310,external_test,none,3310,-1,,True,63e627b243a8bd83,10.0,male,trunk,Trunk,3,3,,False
milk10k,milk10k,images/ISIC_4648933.jpg,ISIC_4648933,bcc,g3311,external_test,none,3311,-1,,False,8bfc57a02b7415a9,55.0,male,trunk,Trunk,4,4,,False
milk10k,milk10k,images/ISIC_7799504.jpg,ISIC_7799504,bcc,g3312,external_test,none,3312,-1,,False,374e4e026373d8e5,65.0,female,trunk,Trunk,3,3,,False
milk10k,milk10k,images/ISIC_4103339.jpg,ISIC_4103339,sccka,g3313,dropped,none,3313,-1,unmapped_class:sccka,False,a2b024061f3cfd7b,65.0,female,head_neck_face,Head and neck,5 (lightest),5,unmapped_class:sccka,False
milk10k,milk10k,images/ISIC_4210097.jpg,ISIC_4210097,akiec,g3314,external_test,none,3314,-1,,True,ddb8e509df41c605,80.0,male,lower_extremity,Lower extremity,3,3,,False
milk10k,milk10k,images/ISIC_9226737.jpg,ISIC_9226737,bkl,g3315,external_test,none,3315,-1,,False,925bc7e10ea15957,70.0,male,trunk,Trunk,4,4,,False
milk10k,milk10k,images/ISIC_2084190.jpg,ISIC_2084190,bcc,g3316,external_test,none,3316,-1,,False,48811a6fcb4be51f,65.0,female,lower_extremity,Lower extremity,3,3,,False
milk10k,milk10k,images/ISIC_7794974.jpg,ISIC_7794974,bcc,g3317,external_test,none,3317,-1,,True,78766d881f34f189,70.0,male,head_neck_face,Head and neck,4,4,,False
milk10k,milk10k,images/ISIC_3772519.jpg,ISIC_3772519,nv,g3318,external_test,none,3318,-1,,False,8ee359cce6311965,40.0,female,trunk,Trunk,2,2,,False
milk10k,milk10k,images/ISIC_4588258.jpg,ISIC_4588258,bcc,g3319,external_test,none,3319,-1,,False,78e4add8734ad483,60.0,male,upper_extremity,Upper extremity,3,3,,False
milk10k,milk10k,images/ISIC_8932533.jpg,ISIC_8932533,bcc,g3320,external_test,none,3320,-1,,False,8a4a252a7fa2dd8b,50.0,female,upper_extremity,Upper extremity,3,3,,False
milk10k,milk10k,images/ISIC_8319384.jpg,ISIC_8319384,bkl,g3321,external_test,none,3321,-1,,False,fc24321f63788ea3,70.0,male,trunk,Trunk,3,3,,False
milk10k,milk10k,images/ISIC_9055179.jpg,ISIC_9055179,sccka,g3322,dropped,none,3322,-1,unmapped_class:sccka,False,52f9cfe468d4a123,80.0,male,hand,Upper extremity,3,3,unmapped_class:sccka,False
milk10k,milk10k,images/ISIC_6938441.jpg,ISIC_6938441,bcc,g3323,external_test,none,3323,-1,,True,d94ee9069c7a2729,85.0,male,head_neck_face,Head and neck,3,3,,False
milk10k,milk10k,images/ISIC_4914433.jpg,ISIC_4914433,bcc,g3324,external_test,none,3324,-1,,True,f0d4d2e247643c3d,70.0,female,lower_extremity,Lower extremity,5 (lightest),5,,False
milk10k,milk10k,images/ISIC_6835241.jpg,ISIC_6835241,bcc,g3325,external_test,none,3325,-1,,True,11ccc919696336bf,85.0,female,trunk,Trunk,5 (lightest),5,,False
milk10k,milk10k,images/ISIC_4548759.jpg,ISIC_4548759,bcc,g3326,external_test,none,3326,-1,,True,b4664b5eb65861a3,45.0,female,head_neck_face,Head and neck,3,3,,False
milk10k,milk10k,images/ISIC_9334393.jpg,ISIC_9334393,nv,g3327,external_test,none,3327,-1,,False,cb416a01aa2fd57d,,female,trunk,Trunk,3,3,,False
milk10k,milk10k,images/ISIC_1561841.jpg,ISIC_1561841,bkl,g3328,external_test,none,3328,-1,,False,cfb8fc11c83203e7,65.0,male,head_neck_face,Head and neck,3,3,,False
milk10k,milk10k,images/ISIC_4386149.jpg,ISIC_4386149,bkl,g3329,external_test,none,3329,-1,,True,7c8cf3c60c5b6523,40.0,male,lower_extremity,Lower extremity,3,3,,False
milk10k,milk10k,images/ISIC_3357576.jpg,ISIC_3357576,bcc,g3330,external_test,none,3330,-1,,False,fa2a7da2d780f0a1,55.0,male,upper_extremity,Upper extremity,3,3,,False
milk10k,milk10k,images/ISIC_7424118.jpg,ISIC_7424118,sccka,g3331,dropped,none,3331,-1,unmapped_class:sccka,False,8b9b9f79d184061b,70.0,male,lower_extremity,Lower extremity,3,3,unmapped_class:sccka,False
milk10k,milk10k,images/ISIC_4594686.jpg,ISIC_4594686,bkl,g3332,external_test,none,3332,-1,,False,4959a6b64d49a337,55.0,female,lower_extremity,Lower extremity,3,3,,False
milk10k,milk10k,images/ISIC_2252215.jpg,ISIC_2252215,bcc,g1470,external_test,none,1470,-1,,False,7e4833f4c39a0d8b,55.0,male,trunk,Trunk,3,3,,False
milk10k,milk10k,images/ISIC_5714835.jpg,ISIC_5714835,mel,g3334,external_test,none,3334,-1,,False,9cc699611c33e38f,65.0,female,lower_extremity,Lower extremity,2,2,,False
milk10k,milk10k,images/ISIC_8071918.jpg,ISIC_8071918,bkl,g3335,external_test,none,3335,-1,,True,1c98513999e3473f,70.0,male,lower_extremity,Lower extremity,3,3,,False
milk10k,milk10k,images/ISIC_6303187.jpg,ISIC_6303187,mel,g3336,external_test,none,3336,-1,,False,d8d26e68fa8b8923,55.0,male,trunk,Trunk,3,3,,False
milk10k,milk10k,images/ISIC_3770337.jpg,ISIC_3770337,bcc,g3337,external_test,none,3337,-1,,True,378a1ba8c38adda9,85.0,male,trunk,Trunk,4,4,,False
milk10k,milk10k,images/ISIC_2615324.jpg,ISIC_2615324,bkl,g3338,external_test,none,3338,-1,,False,de643528f45e2b29,75.0,male,lower_extremity,Lower extremity,3,3,,False
milk10k,milk10k,images/ISIC_6945898.jpg,ISIC_6945898,bcc,g3339,external_test,none,3339,-1,,False,7ce23c368458f9a3,50.0,male,trunk,Trunk,3,3,,False
milk10k,milk10k,images/ISIC_2891101.jpg,ISIC_2891101,sccka,g3340,dropped,none,3340,-1,unmapped_class:sccka,False,1d18ec7170e6b693,75.0,female,upper_extremity,Upper extremity,3,3,unmapped_class:sccka,False
milk10k,milk10k,images/ISIC_4916643.jpg,ISIC_4916643,akiec,g3341,external_test,none,3341,-1,,False,fce872dae4c34289,55.0,male,hand,Upper extremity,3,3,,False
milk10k,milk10k,images/ISIC_8685453.jpg,ISIC_8685453,mel,g3342,dropped,none,3342,-1,duplicate_of_ham10000,False,999966668d994667,45.0,male,upper_extremity,Upper extremity,3,3,duplicate_of_ham10000,False
milk10k,milk10k,images/ISIC_6730312.jpg,ISIC_6730312,nv,g3343,external_test,none,3343,-1,,False,a5d6c6891ee93117,45.0,female,trunk,Trunk,2,2,,False
milk10k,milk10k,images/ISIC_2329035.jpg,ISIC_2329035,bcc,g3344,external_test,none,3344,-1,,False,1bce8b3a2fa839a1,75.0,male,lower_extremity,Lower extremity,3,3,,False
milk10k,milk10k,images/ISIC_3298166.jpg,ISIC_3298166,nv,g3345,external_test,none,3345,-1,,False,c6c42d19fca1435f,30.0,male,trunk,Trunk,3,3,,False
milk10k,milk10k,images/ISIC_9277601.jpg,ISIC_9277601,bkl,g3346,external_test,none,3346,-1,,False,157ff8024df2a30b,45.0,male,trunk,Trunk,4,4,,False
milk10k,milk10k,images/ISIC_8528570.jpg,ISIC_8528570,bcc,g3347,external_test,none,3347,-1,,False,69788f26479b9e21,50.0,female,lower_extremity,Lower extremity,3,3,,False
milk10k,milk10k,images/ISIC_6747251.jpg,ISIC_6747251,mel,g3348,external_test,none,3348,-1,,False,4cbc47629983e967,70.0,male,trunk,Trunk,3,3,,False
milk10k,milk10k,images/ISIC_7029533.jpg,ISIC_7029533,akiec,g3349,external_test,none,3349,-1,,False,7fe0bddac112c905,85.0,male,head_neck_face,Head and neck,3,3,,False
milk10k,milk10k,images/ISIC_8001737.jpg,ISIC_8001737,akiec,g3350,external_test,none,3350,-1,,False,6cd2f3c4cdb81661,50.0,female,trunk,Trunk,3,3,,False
milk10k,milk10k,images/ISIC_5866736.jpg,ISIC_5866736,vasc,g3351,external_test,none,3351,-1,,True,63cc8c386cf3338d,65.0,female,trunk,Trunk,3,3,,False
milk10k,milk10k,images/ISIC_1816373.jpg,ISIC_1816373,nv,g3352,external_test,none,3352,-1,,False,bb986365b49b4561,35.0,female,genital,Anogenital region,5 (lightest),5,,False
milk10k,milk10k,images/ISIC_8612251.jpg,ISIC_8612251,nv,g3353,external_test,none,3353,-1,,False,5f24532cc899ade5,35.0,male,upper_extremity,Upper extremity,4,4,,False
milk10k,milk10k,images/ISIC_0307669.jpg,ISIC_0307669,bcc,g3354,external_test,none,3354,-1,,False,6c30dbee496a56a1,85.0,female,trunk,Trunk,3,3,,False
milk10k,milk10k,images/ISIC_0583409.jpg,ISIC_0583409,bcc,g3355,external_test,none,3355,-1,,True,8e8c9bcbe3613c0d,60.0,male,lower_extremity,Lower extremity,3,3,,False
milk10k,milk10k,images/ISIC_7632373.jpg,ISIC_7632373,nv,g3356,external_test,none,3356,-1,,False,11597de94c834757,55.0,female,lower_extremity,Lower extremity,2,2,,False
milk10k,milk10k,images/ISIC_9995871.jpg,ISIC_9995871,bcc,g3357,external_test,none,3357,-1,,False,59a4b9a4a2eb6e31,65.0,male,head_neck_face,Head and neck,4,4,,False
milk10k,milk10k,images/ISIC_4773028.jpg,ISIC_4773028,akiec,g3358,external_test,none,3358,-1,,False,f2b046783c69d927,50.0,male,head_neck_face,Head and neck,5 (lightest),5,,False
milk10k,milk10k,images/ISIC_6532286.jpg,ISIC_6532286,bcc,g3359,external_test,none,3359,-1,,False,cbb67a87b8caa121,65.0,female,upper_extremity,Upper extremity,3,3,,False
milk10k,milk10k,images/ISIC_2377324.jpg,ISIC_2377324,bcc,g3360,external_test,none,3360,-1,,False,958b74da06f19b0d,50.0,female,upper_extremity,Upper extremity,4,4,,False
milk10k,milk10k,images/ISIC_9866460.jpg,ISIC_9866460,mel,g3361,dropped,none,3361,-1,duplicate_of_ham10000,False,cccc32a64939b6c7,50.0,female,lower_extremity,Lower extremity,2,2,duplicate_of_ham10000,False
milk10k,milk10k,images/ISIC_5686692.jpg,ISIC_5686692,bcc,g3362,external_test,none,3362,-1,,False,9b6631b1e3d94c0d,50.0,male,head_neck_face,Head and neck,2,2,,False
milk10k,milk10k,images/ISIC_3663283.jpg,ISIC_3663283,bcc,g3363,external_test,none,3363,-1,,False,3b80ff807f803f91,65.0,female,trunk,Trunk,3,3,,False
milk10k,milk10k,images/ISIC_3168018.jpg,ISIC_3168018,nv,g3364,external_test,none,3364,-1,,False,c9e6691cb671488f,55.0,female,trunk,Trunk,2,2,,False
milk10k,milk10k,images/ISIC_2162606.jpg,ISIC_2162606,mel,g3365,external_test,none,3365,-1,,False,7cf023f2074ae92b,50.0,female,upper_extremity,Upper extremity,0-1 (darkest),1,,False
milk10k,milk10k,images/ISIC_0940771.jpg,ISIC_0940771,bcc,g3366,external_test,none,3366,-1,,False,ca4cc6f8a4e25c3d,40.0,female,head_neck_face,Head and neck,3,3,,False
milk10k,milk10k,images/ISIC_5678147.jpg,ISIC_5678147,bcc,g3367,external_test,none,3367,-1,,False,e7429d4e5326d943,80.0,male,lower_extremity,Lower extremity,3,3,,False
milk10k,milk10k,images/ISIC_5186218.jpg,ISIC_5186218,bcc,g3368,external_test,none,3368,-1,,False,dfee7190bc494027,75.0,male,head_neck_face,Head and neck,3,3,,False
milk10k,milk10k,images/ISIC_1548274.jpg,ISIC_1548274,nv,g3369,external_test,none,3369,-1,,False,b6189bb1cad3350d,60.0,male,lower_extremity,Lower extremity,3,3,,False
milk10k,milk10k,images/ISIC_9506376.jpg,ISIC_9506376,nv,g3370,external_test,none,3370,-1,,False,1c1ce3f007a3ad1f,30.0,female,upper_extremity,Upper extremity,2,2,,False
milk10k,milk10k,images/ISIC_3442836.jpg,ISIC_3442836,bcc,g3371,external_test,none,3371,-1,,False,a4752190fb4cebb1,55.0,female,trunk,Trunk,2,2,,False
milk10k,milk10k,images/ISIC_2014865.jpg,ISIC_2014865,bcc,g3372,external_test,none,3372,-1,,True,68f63f1613d84d83,75.0,male,trunk,Trunk,4,4,,False
milk10k,milk10k,images/ISIC_4684676.jpg,ISIC_4684676,sccka,g3373,dropped,none,3373,-1,unmapped_class:sccka,False,99c8592cbb96562b,80.0,male,head_neck_face,Head and neck,3,3,unmapped_class:sccka,False
milk10k,milk10k,images/ISIC_2598537.jpg,ISIC_2598537,mel,g3374,external_test,none,3374,-1,,True,e3b503439f09789d,55.0,male,trunk,Trunk,4,4,,False
milk10k,milk10k,images/ISIC_9379057.jpg,ISIC_9379057,bcc,g3375,external_test,none,3375,-1,,False,afac99c66c19d303,55.0,male,head_neck_face,Head and neck,3,3,,False
milk10k,milk10k,images/ISIC_6653326.jpg,ISIC_6653326,bcc,g3376,external_test,none,3376,-1,,False,13eadda867a07f01,70.0,male,trunk,Trunk,2,2,,False
milk10k,milk10k,images/ISIC_1582241.jpg,ISIC_1582241,nv,g3377,external_test,none,3377,-1,,False,d62e9b33c6d93007,70.0,female,upper_extremity,Upper extremity,2,2,,False
milk10k,milk10k,images/ISIC_0850383.jpg,ISIC_0850383,nv,g3378,external_test,none,3378,-1,,False,3372e1cb87a90c97,40.0,female,trunk,Trunk,3,3,,False
milk10k,milk10k,images/ISIC_6657446.jpg,ISIC_6657446,inf,g3379,dropped,none,3379,-1,unmapped_class:inf,False,6e5c3ece1338c9c1,70.0,male,upper_extremity,Upper extremity,3,3,unmapped_class:inf,False
milk10k,milk10k,images/ISIC_6277878.jpg,ISIC_6277878,bcc,g3380,external_test,none,3380,-1,,False,927931b256696697,70.0,female,head_neck_face,Head and neck,3,3,,False
milk10k,milk10k,images/ISIC_4376280.jpg,ISIC_4376280,bcc,g3381,external_test,none,3381,-1,,False,7a98bc1fd18ccc45,50.0,female,trunk,Trunk,4,4,,False
milk10k,milk10k,images/ISIC_5834421.jpg,ISIC_5834421,bcc,g3382,external_test,none,3382,-1,,False,19cecd84fb324c8b,55.0,female,trunk,Trunk,3,3,,False
milk10k,milk10k,images/ISIC_7272721.jpg,ISIC_7272721,bcc,g3383,external_test,none,3383,-1,,False,1ea6ccb393596525,70.0,female,trunk,Trunk,3,3,,False
milk10k,milk10k,images/ISIC_3062370.jpg,ISIC_3062370,bcc,g3384,external_test,none,3384,-1,,False,7c0c7e6c68ebae01,60.0,female,head_neck_face,Head and neck,5 (lightest),5,,False
milk10k,milk10k,images/ISIC_0244875.jpg,ISIC_0244875,bcc,g3385,external_test,none,3385,-1,,False,d55acc2abaa91b43,80.0,female,head_neck_face,Head and neck,3,3,,False
milk10k,milk10k,images/ISIC_7645755.jpg,ISIC_7645755,sccka,g3386,dropped,none,3386,-1,unmapped_class:sccka,False,da16d9f86d1a12a3,50.0,male,head_neck_face,Head and neck,4,4,unmapped_class:sccka,False
milk10k,milk10k,images/ISIC_6358504.jpg,ISIC_6358504,bkl,g3387,external_test,none,3387,-1,,False,36ea9aa54b8c5723,60.0,male,head_neck_face,Head and neck,3,3,,False
milk10k,milk10k,images/ISIC_0392480.jpg,ISIC_0392480,bkl,g3388,external_test,none,3388,-1,,False,4b0c58f12343d6bf,75.0,male,lower_extremity,Lower extremity,5 (lightest),5,,False
milk10k,milk10k,images/ISIC_4132905.jpg,ISIC_4132905,bcc,g3389,external_test,none,3389,-1,,False,be48d1882f0a77ab,75.0,female,trunk,Trunk,3,3,,False
milk10k,milk10k,images/ISIC_5553849.jpg,ISIC_5553849,bcc,g3390,external_test,none,3390,-1,,True,564076363e383e3d,70.0,male,trunk,Trunk,3,3,,False
milk10k,milk10k,images/ISIC_9668533.jpg,ISIC_9668533,bcc,g3391,external_test,none,3391,-1,,False,f5c396a8c5582f49,65.0,male,lower_extremity,Lower extremity,3,3,,False
milk10k,milk10k,images/ISIC_3578842.jpg,ISIC_3578842,bcc,g3392,external_test,none,3392,-1,,False,9b9a4786cf32f821,70.0,male,head_neck_face,Head and neck,3,3,,False
milk10k,milk10k,images/ISIC_0487104.jpg,ISIC_0487104,nv,g3393,external_test,none,3393,-1,,False,912631b37359ccc7,15.0,female,lower_extremity,Lower extremity,3,3,,False
milk10k,milk10k,images/ISIC_1085792.jpg,ISIC_1085792,nv,g3394,external_test,none,3394,-1,,True,5372a9c907897c67,35.0,female,lower_extremity,Lower extremity,4,4,,False
milk10k,milk10k,images/ISIC_2110451.jpg,ISIC_2110451,bkl,g3395,external_test,none,3395,-1,,False,bec00b5e68d91ba3,70.0,male,trunk,Trunk,3,3,,False
milk10k,milk10k,images/ISIC_0562738.jpg,ISIC_0562738,bcc,g3396,external_test,none,3396,-1,,False,5f896c24bd8be429,75.0,male,head_neck_face,Head and neck,3,3,,False
milk10k,milk10k,images/ISIC_2795308.jpg,ISIC_2795308,nv,g3397,external_test,none,3397,-1,,False,9d58387a74eaf601,45.0,female,lower_extremity,Lower extremity,3,3,,False
milk10k,milk10k,images/ISIC_5271791.jpg,ISIC_5271791,bcc,g3398,external_test,none,3398,-1,,False,96fbcd68a29a1721,60.0,female,head_neck_face,Head and neck,3,3,,False
milk10k,milk10k,images/ISIC_1191996.jpg,ISIC_1191996,bcc,g3399,external_test,none,3399,-1,,False,84bc594c63b3196f,50.0,female,trunk,Trunk,5 (lightest),5,,False
milk10k,milk10k,images/ISIC_6239365.jpg,ISIC_6239365,bcc,g3400,external_test,none,3400,-1,,False,675a4ed27728b883,60.0,female,lower_extremity,Lower extremity,3,3,,False
milk10k,milk10k,images/ISIC_6455558.jpg,ISIC_6455558,nv,g3401,external_test,none,3401,-1,,False,a58f5274890376dd,35.0,male,trunk,Trunk,3,3,,False
milk10k,milk10k,images/ISIC_8810868.jpg,ISIC_8810868,bkl,g3402,external_test,none,3402,-1,,False,6c86d7982b59c4a7,65.0,male,trunk,Trunk,3,3,,False
milk10k,milk10k,images/ISIC_3553315.jpg,ISIC_3553315,bcc,g3403,external_test,none,3403,-1,,False,0a29fec0f9282fb9,45.0,male,trunk,Trunk,3,3,,False
milk10k,milk10k,images/ISIC_5696465.jpg,ISIC_5696465,bcc,g3404,external_test,none,3404,-1,,True,b1e2998a663ab9a9,65.0,male,head_neck_face,Head and neck,4,4,,False
milk10k,milk10k,images/ISIC_5836740.jpg,ISIC_5836740,bcc,g3405,external_test,none,3405,-1,,False,421b1264cd9aebed,75.0,female,trunk,Trunk,3,3,,False
milk10k,milk10k,images/ISIC_3526427.jpg,ISIC_3526427,bcc,g3406,external_test,none,3406,-1,,False,99a81fb29c29768d,60.0,male,trunk,Trunk,5 (lightest),5,,False
milk10k,milk10k,images/ISIC_5062776.jpg,ISIC_5062776,bcc,g3407,external_test,none,3407,-1,,True,4629d9968e63b38b,75.0,male,trunk,Trunk,3,3,,False
milk10k,milk10k,images/ISIC_3317643.jpg,ISIC_3317643,bkl,g3408,external_test,none,3408,-1,,False,99d76d9c9c380b83,65.0,female,upper_extremity,Upper extremity,3,3,,False
milk10k,milk10k,images/ISIC_7308959.jpg,ISIC_7308959,mel,g3409,external_test,none,3409,-1,,True,2c3893d1b623cd9d,70.0,male,head_neck_face,Head and neck,2,2,,False
milk10k,milk10k,images/ISIC_4113429.jpg,ISIC_4113429,bcc,g3410,external_test,none,3410,-1,,True,67889d22ee8af9a1,75.0,male,lower_extremity,Lower extremity,4,4,,False
milk10k,milk10k,images/ISIC_1991989.jpg,ISIC_1991989,nv,g3411,external_test,none,3411,-1,,False,bc4aca2ba0a31bf5,45.0,male,trunk,Trunk,2,2,,False
milk10k,milk10k,images/ISIC_2164571.jpg,ISIC_2164571,bcc,g3412,external_test,none,3412,-1,,False,15366ce2bc8a43eb,60.0,male,head_neck_face,Head and neck,4,4,,False
milk10k,milk10k,images/ISIC_0208357.jpg,ISIC_0208357,bcc,g3413,external_test,none,3413,-1,,False,419f7a259461277d,45.0,female,upper_extremity,Upper extremity,3,3,,False
milk10k,milk10k,images/ISIC_0866872.jpg,ISIC_0866872,mel,g3414,external_test,none,3414,-1,,False,c933dcf946c1241f,80.0,female,head_neck_face,Head and neck,3,3,,False
milk10k,milk10k,images/ISIC_5310763.jpg,ISIC_5310763,bkl,g3415,external_test,none,3415,-1,,False,0d12f86bf08107ff,40.0,female,trunk,Trunk,3,3,,False
milk10k,milk10k,images/ISIC_4045574.jpg,ISIC_4045574,nv,g3416,external_test,none,3416,-1,,False,26663cdcc97913a5,40.0,female,lower_extremity,Lower extremity,4,4,,False
milk10k,milk10k,images/ISIC_3997102.jpg,ISIC_3997102,bcc,g3417,external_test,none,3417,-1,,False,4841b68e4d3bd5e5,60.0,female,lower_extremity,Lower extremity,3,3,,False
milk10k,milk10k,images/ISIC_2508643.jpg,ISIC_2508643,bcc,g3418,external_test,none,3418,-1,,False,c9aacfaa436a2c27,70.0,female,upper_extremity,Upper extremity,3,3,,False
milk10k,milk10k,images/ISIC_2025971.jpg,ISIC_2025971,bcc,g3419,external_test,none,3419,-1,,False,333b196e8036cd79,75.0,male,trunk,Trunk,2,2,,False
milk10k,milk10k,images/ISIC_3779625.jpg,ISIC_3779625,mel,g3420,external_test,none,3420,-1,,False,8db11c73720b0b9f,60.0,male,trunk,Trunk,2,2,,False
milk10k,milk10k,images/ISIC_4343848.jpg,ISIC_4343848,bcc,g3421,external_test,none,3421,-1,,False,ec409b24e98b1df9,85.0,male,head_neck_face,Head and neck,5 (lightest),5,,False
milk10k,milk10k,images/ISIC_4577203.jpg,ISIC_4577203,bcc,g3422,external_test,none,3422,-1,,False,d911a6c63919ee87,65.0,male,trunk,Trunk,3,3,,False
milk10k,milk10k,images/ISIC_1828562.jpg,ISIC_1828562,nv,g3423,dropped,none,3423,-1,duplicate_of_ham10000,False,c51a7a4c563a0fab,50.0,female,lower_extremity,Lower extremity,2,2,duplicate_of_ham10000,False
milk10k,milk10k,images/ISIC_6297733.jpg,ISIC_6297733,bcc,g3424,external_test,none,3424,-1,,False,e8d6db0c76789981,85.0,male,upper_extremity,Upper extremity,3,3,,False
milk10k,milk10k,images/ISIC_2973605.jpg,ISIC_2973605,bcc,g3425,external_test,none,3425,-1,,True,de9281766838dea9,70.0,male,trunk,Trunk,3,3,,False
milk10k,milk10k,images/ISIC_4629088.jpg,ISIC_4629088,sccka,g3426,dropped,none,3426,-1,unmapped_class:sccka,False,4ef2bcbaf5600383,70.0,male,trunk,Trunk,4,4,unmapped_class:sccka,False
milk10k,milk10k,images/ISIC_9994191.jpg,ISIC_9994191,nv,g3427,external_test,none,3427,-1,,True,ed4684cce6998e65,35.0,male,trunk,Trunk,3,3,,False
milk10k,milk10k,images/ISIC_3873824.jpg,ISIC_3873824,bcc,g3428,external_test,none,3428,-1,,False,70a3a35b96a96695,60.0,female,head_neck_face,Head and neck,4,4,,False
milk10k,milk10k,images/ISIC_5253746.jpg,ISIC_5253746,mel,g3429,external_test,none,3429,-1,,False,fcc60b3c30f3c60d,80.0,male,lower_extremity,Lower extremity,2,2,,False
milk10k,milk10k,images/ISIC_8621381.jpg,ISIC_8621381,bcc,g3430,external_test,none,3430,-1,,False,ab9eb7a0d1262789,50.0,male,trunk,Trunk,3,3,,False
milk10k,milk10k,images/ISIC_4347690.jpg,ISIC_4347690,akiec,g3431,external_test,none,3431,-1,,False,182ce761732b5d8b,65.0,female,head_neck_face,Head and neck,5 (lightest),5,,False
milk10k,milk10k,images/ISIC_5213643.jpg,ISIC_5213643,bcc,g3432,external_test,none,3432,-1,,False,9fa2fd2ae5085329,55.0,male,head_neck_face,Head and neck,3,3,,False
milk10k,milk10k,images/ISIC_4820255.jpg,ISIC_4820255,bcc,g3433,external_test,none,3433,-1,,False,069da6df0c12dbc5,60.0,male,trunk,Trunk,3,3,,False
milk10k,milk10k,images/ISIC_8939939.jpg,ISIC_8939939,bkl,g3434,external_test,none,3434,-1,,False,c6b235acad2b5a83,80.0,male,trunk,Trunk,3,3,,False
milk10k,milk10k,images/ISIC_4736865.jpg,ISIC_4736865,bcc,g3435,external_test,none,3435,-1,,False,34a18dbbb66c4633,60.0,female,upper_extremity,Upper extremity,3,3,,False
milk10k,milk10k,images/ISIC_1179992.jpg,ISIC_1179992,bcc,g3436,external_test,none,3436,-1,,False,0cdc93e6ee9a9321,55.0,male,upper_extremity,Upper extremity,3,3,,False
milk10k,milk10k,images/ISIC_4297812.jpg,ISIC_4297812,akiec,g3437,external_test,none,3437,-1,,False,c2b2734d89f1660f,60.0,male,lower_extremity,Lower extremity,4,4,,False
milk10k,milk10k,images/ISIC_6063074.jpg,ISIC_6063074,bcc,g3438,external_test,none,3438,-1,,True,b07a078567e2ed23,80.0,male,trunk,Trunk,3,3,,False
milk10k,milk10k,images/ISIC_1625882.jpg,ISIC_1625882,bkl,g3439,external_test,none,3439,-1,,True,15f4ecf83862a2ab,55.0,female,trunk,Trunk,3,3,,False
milk10k,milk10k,images/ISIC_6242110.jpg,ISIC_6242110,mel,g3440,external_test,none,3440,-1,,True,083c96b379f3e10d,70.0,male,lower_extremity,Lower extremity,4,4,,False
milk10k,milk10k,images/ISIC_3659324.jpg,ISIC_3659324,sccka,g3441,dropped,none,3441,-1,unmapped_class:sccka,False,2f325b67344e63a1,65.0,male,head_neck_face,Head and neck,3,3,unmapped_class:sccka,False
milk10k,milk10k,images/ISIC_3892538.jpg,ISIC_3892538,bkl,g3442,external_test,none,3442,-1,,False,a6e2a0aa9a3a8fab,60.0,female,trunk,Trunk,3,3,,False
milk10k,milk10k,images/ISIC_3302093.jpg,ISIC_3302093,bcc,g3443,external_test,none,3443,-1,,False,720639b26bc8de8b,55.0,male,trunk,Trunk,3,3,,False
milk10k,milk10k,images/ISIC_8127734.jpg,ISIC_8127734,bcc,g3444,external_test,none,3444,-1,,False,387673d2c1e91c2b,80.0,male,trunk,Trunk,3,3,,False
milk10k,milk10k,images/ISIC_0603818.jpg,ISIC_0603818,mel,g3445,external_test,none,3445,-1,,False,dc886dd04f49b725,75.0,female,lower_extremity,Lower extremity,0-1 (darkest),1,,False
milk10k,milk10k,images/ISIC_6062128.jpg,ISIC_6062128,bcc,g3446,external_test,none,3446,-1,,False,259a2653cf4e2ba3,45.0,male,trunk,Trunk,3,3,,False
milk10k,milk10k,images/ISIC_6138103.jpg,ISIC_6138103,bcc,g3447,external_test,none,3447,-1,,False,9b0e89b9f36a8623,45.0,female,trunk,Trunk,3,3,,False
milk10k,milk10k,images/ISIC_0489274.jpg,ISIC_0489274,bcc,g3448,external_test,none,3448,-1,,True,283d2baef072f603,55.0,male,upper_extremity,Upper extremity,3,3,,False
milk10k,milk10k,images/ISIC_5284704.jpg,ISIC_5284704,bcc,g3449,external_test,none,3449,-1,,False,a69e5d5c8d662529,75.0,male,upper_extremity,Upper extremity,3,3,,False
milk10k,milk10k,images/ISIC_5793548.jpg,ISIC_5793548,bcc,g3450,external_test,none,3450,-1,,False,33ccf7865358a323,50.0,female,head_neck_face,Head and neck,3,3,,False
milk10k,milk10k,images/ISIC_4237744.jpg,ISIC_4237744,mel,g3451,external_test,none,3451,-1,,False,7a3289e13693d83d,70.0,male,trunk,Trunk,2,2,,False
milk10k,milk10k,images/ISIC_4458763.jpg,ISIC_4458763,nv,g3452,external_test,none,3452,-1,,False,fd0d1934251919ef,55.0,male,head_neck_face,Head and neck,4,4,,False
milk10k,milk10k,images/ISIC_1665727.jpg,ISIC_1665727,mal_oth,g3453,dropped,none,3453,-1,unmapped_class:mal_oth,False,a7636899e3f30c0d,75.0,male,lower_extremity,Lower extremity,2,2,unmapped_class:mal_oth,False
milk10k,milk10k,images/ISIC_3360186.jpg,ISIC_3360186,nv,g3454,external_test,none,3454,-1,,False,83b30fd3780b163d,25.0,female,trunk,Trunk,2,2,,False
milk10k,milk10k,images/ISIC_3418246.jpg,ISIC_3418246,sccka,g3455,dropped,none,3455,-1,unmapped_class:sccka,False,525a2ba6ab4c0f3b,70.0,male,head_neck_face,Head and neck,4,4,unmapped_class:sccka,False
milk10k,milk10k,images/ISIC_8684482.jpg,ISIC_8684482,bcc,g3456,external_test,none,3456,-1,,True,d7ca58aa28aaaaab,70.0,female,foot,Lower extremity,3,3,,False
milk10k,milk10k,images/ISIC_8668985.jpg,ISIC_8668985,bcc,g3457,external_test,none,3457,-1,,False,b49227e636997127,40.0,female,head_neck_face,Head and neck,3,3,,False
milk10k,milk10k,images/ISIC_1712861.jpg,ISIC_1712861,nv,g3458,external_test,none,3458,-1,,False,6533a6d3c263b88d,40.0,female,trunk,Trunk,2,2,,False
milk10k,milk10k,images/ISIC_9171793.jpg,ISIC_9171793,mel,g3459,external_test,none,3459,-1,,False,f666433c18d3e60d,60.0,female,head_neck_face,Head and neck,0-1 (darkest),1,,False
milk10k,milk10k,images/ISIC_2848487.jpg,ISIC_2848487,nv,g3460,external_test,none,3460,-1,,True,2e26f7beef490005,70.0,male,trunk,Trunk,3,3,,False
milk10k,milk10k,images/ISIC_7854881.jpg,ISIC_7854881,bcc,g3461,external_test,none,3461,-1,,False,62b457f8db02fc03,75.0,male,lower_extremity,Lower extremity,3,3,,False
milk10k,milk10k,images/ISIC_0179367.jpg,ISIC_0179367,nv,g3462,external_test,none,3462,-1,,True,99cc3c3c63f3980d,20.0,female,trunk,Trunk,2,2,,False
milk10k,milk10k,images/ISIC_6603451.jpg,ISIC_6603451,bcc,g3463,external_test,none,3463,-1,,False,7d94c1c787996c0b,70.0,female,head_neck_face,Head and neck,5 (lightest),5,,False
milk10k,milk10k,images/ISIC_8620236.jpg,ISIC_8620236,mel,g3464,external_test,none,3464,-1,,False,8fa4e69966691387,85.0,female,lower_extremity,Lower extremity,3,3,,False
milk10k,milk10k,images/ISIC_4943359.jpg,ISIC_4943359,bcc,g3465,external_test,none,3465,-1,,False,61ce739153298fc5,75.0,male,head_neck_face,Head and neck,3,3,,False
milk10k,milk10k,images/ISIC_4030354.jpg,ISIC_4030354,mel,g3466,external_test,none,3466,-1,,False,c771926b4381697d,70.0,male,trunk,Trunk,3,3,,False
milk10k,milk10k,images/ISIC_4503581.jpg,ISIC_4503581,nv,g3467,external_test,none,3467,-1,,False,9130535b2d69de95,60.0,female,upper_extremity,Upper extremity,3,3,,False
milk10k,milk10k,images/ISIC_6442452.jpg,ISIC_6442452,nv,g3468,external_test,none,3468,-1,,False,4fd03c42f8a1875f,40.0,male,trunk,Trunk,2,2,,False
milk10k,milk10k,images/ISIC_6293492.jpg,ISIC_6293492,mel,g3469,external_test,none,3469,-1,,False,3b329cc326497b27,60.0,male,head_neck_face,Head and neck,3,3,,False
milk10k,milk10k,images/ISIC_4919280.jpg,ISIC_4919280,bcc,g3470,external_test,none,3470,-1,,False,72ec9e1e25780d8b,45.0,female,lower_extremity,Lower extremity,3,3,,False
milk10k,milk10k,images/ISIC_1283766.jpg,ISIC_1283766,nv,g3471,external_test,none,3471,-1,,False,0f9eb0705e0964f7,45.0,female,trunk,Trunk,3,3,,False
milk10k,milk10k,images/ISIC_7170025.jpg,ISIC_7170025,mel,g3472,external_test,none,3472,-1,,False,703886b34fc3f12d,60.0,male,upper_extremity,Upper extremity,5 (lightest),5,,False
milk10k,milk10k,images/ISIC_6738813.jpg,ISIC_6738813,bcc,g3473,external_test,none,3473,-1,,True,99286d991b61e68f,80.0,female,head_neck_face,Head and neck,4,4,,False
milk10k,milk10k,images/ISIC_9018696.jpg,ISIC_9018696,bcc,g3474,external_test,none,3474,-1,,False,9da953c297426f23,60.0,female,head_neck_face,Head and neck,3,3,,False
milk10k,milk10k,images/ISIC_4314742.jpg,ISIC_4314742,akiec,g3475,external_test,none,3475,-1,,True,e4a83f276b731485,75.0,male,head_neck_face,Head and neck,3,3,,False
milk10k,milk10k,images/ISIC_6508531.jpg,ISIC_6508531,bcc,g3476,dropped,none,3476,-1,duplicate_of_ham10000,False,66f8996666989b23,55.0,male,head_neck_face,Head and neck,5 (lightest),5,duplicate_of_ham10000,False
milk10k,milk10k,images/ISIC_5822186.jpg,ISIC_5822186,bcc,g3477,external_test,none,3477,-1,,False,7eeae682aa0aaaa9,80.0,male,head_neck_face,Head and neck,3,3,,False
milk10k,milk10k,images/ISIC_9423469.jpg,ISIC_9423469,bcc,g3478,external_test,none,3478,-1,,False,d25a8dd473610f8b,65.0,male,trunk,Trunk,2,2,,False
milk10k,milk10k,images/ISIC_7115768.jpg,ISIC_7115768,bcc,g3479,external_test,none,3479,-1,,False,781e50fa2b741fa1,85.0,female,trunk,Trunk,3,3,,False
milk10k,milk10k,images/ISIC_4877646.jpg,ISIC_4877646,bcc,g3480,external_test,none,3480,-1,,False,e4598678382373d7,85.0,male,lower_extremity,Lower extremity,3,3,,False
milk10k,milk10k,images/ISIC_9103397.jpg,ISIC_9103397,bcc,g3481,external_test,none,3481,-1,,True,cd86b3ce68385bc1,65.0,male,trunk,Trunk,4,4,,False
milk10k,milk10k,images/ISIC_8649350.jpg,ISIC_8649350,bcc,g3482,external_test,none,3482,-1,,False,396ae73c78e36109,60.0,female,trunk,Trunk,3,3,,False
milk10k,milk10k,images/ISIC_9971064.jpg,ISIC_9971064,bcc,g3483,external_test,none,3483,-1,,False,fa18f5cc8a185e4b,75.0,female,lower_extremity,Lower extremity,3,3,,False
milk10k,milk10k,images/ISIC_4905525.jpg,ISIC_4905525,bcc,g3484,external_test,none,3484,-1,,False,6f64b19a832bec0d,85.0,female,upper_extremity,Upper extremity,4,4,,False
milk10k,milk10k,images/ISIC_0887284.jpg,ISIC_0887284,nv,g3485,external_test,none,3485,-1,,True,869be3e312893c4f,25.0,male,trunk,Trunk,3,3,,False
milk10k,milk10k,images/ISIC_1999632.jpg,ISIC_1999632,akiec,g3486,external_test,none,3486,-1,,False,9c365ccce2728b8b,75.0,female,lower_extremity,Lower extremity,3,3,,False
milk10k,milk10k,images/ISIC_8436376.jpg,ISIC_8436376,bkl,g3487,external_test,none,3487,-1,,True,99e6f113794b032d,60.0,male,trunk,Trunk,4,4,,False
milk10k,milk10k,images/ISIC_1831934.jpg,ISIC_1831934,nv,g3488,external_test,none,3488,-1,,False,1ea6f35263a91c1d,40.0,female,upper_extremity,Upper extremity,4,4,,False
milk10k,milk10k,images/ISIC_5068413.jpg,ISIC_5068413,mel,g3489,external_test,none,3489,-1,,False,a6db7233c9c3840f,70.0,male,head_neck_face,Head and neck,2,2,,False
milk10k,milk10k,images/ISIC_2289203.jpg,ISIC_2289203,bkl,g3490,external_test,none,3490,-1,,False,aa7c9ef47130d889,55.0,female,lower_extremity,Lower extremity,4,4,,False
milk10k,milk10k,images/ISIC_7801345.jpg,ISIC_7801345,mel,g3491,external_test,none,3491,-1,,False,a672b1f291ca8da9,50.0,female,head_neck_face,Head and neck,3,3,,False
milk10k,milk10k,images/ISIC_3584809.jpg,ISIC_3584809,inf,g3492,dropped,none,3492,-1,unmapped_class:inf,False,2233d4c76d2f3b11,50.0,female,trunk,Trunk,3,3,unmapped_class:inf,False
milk10k,milk10k,images/ISIC_8026822.jpg,ISIC_8026822,mel,g3493,external_test,none,3493,-1,,False,cccc342c7b3385cd,85.0,female,lower_extremity,Lower extremity,2,2,,False
milk10k,milk10k,images/ISIC_6657890.jpg,ISIC_6657890,bkl,g3494,external_test,none,3494,-1,,False,6462e8e4b3b1cccd,10.0,female,head_neck_face,Head and neck,4,4,,False
milk10k,milk10k,images/ISIC_4302597.jpg,ISIC_4302597,akiec,g3495,external_test,none,3495,-1,,True,61e03d39c6075ba7,75.0,male,upper_extremity,Upper extremity,3,3,,False
milk10k,milk10k,images/ISIC_0970615.jpg,ISIC_0970615,akiec,g3496,external_test,none,3496,-1,,True,37648cb27949b387,75.0,male,lower_extremity,Lower extremity,4,4,,False
milk10k,milk10k,images/ISIC_5171808.jpg,ISIC_5171808,nv,g3497,external_test,none,3497,-1,,False,919966649b9a6b69,50.0,female,trunk,Trunk,0-1 (darkest),1,,False
milk10k,milk10k,images/ISIC_8860235.jpg,ISIC_8860235,akiec,g3498,external_test,none,3498,-1,,False,9c23efc49b3af009,80.0,male,upper_extremity,Upper extremity,3,3,,False
milk10k,milk10k,images/ISIC_0907555.jpg,ISIC_0907555,bcc,g3499,external_test,none,3499,-1,,False,66708f46fa9a2729,65.0,female,hand,Upper extremity,3,3,,False
milk10k,milk10k,images/ISIC_2961437.jpg,ISIC_2961437,nv,g3500,external_test,none,3500,-1,,False,b338f78499d3070d,55.0,male,head_neck_face,Head and neck,2,2,,False
milk10k,milk10k,images/ISIC_7196937.jpg,ISIC_7196937,bcc,g3501,external_test,none,3501,-1,,False,bd50601be4d8df89,55.0,female,head_neck_face,Head and neck,4,4,,False
milk10k,milk10k,images/ISIC_5079694.jpg,ISIC_5079694,bcc,g3502,external_test,none,3502,-1,,False,23496be79bb842a3,65.0,male,trunk,Trunk,3,3,,False
milk10k,milk10k,images/ISIC_4938829.jpg,ISIC_4938829,bcc,g3503,external_test,none,3503,-1,,False,c798a526971b650f,70.0,male,upper_extremity,Upper extremity,3,3,,False
milk10k,milk10k,images/ISIC_9640662.jpg,ISIC_9640662,bkl,g3504,external_test,none,3504,-1,,False,d6b8a6ce2c92a9a9,65.0,male,upper_extremity,Upper extremity,3,3,,False
milk10k,milk10k,images/ISIC_7478833.jpg,ISIC_7478833,bcc,g3505,external_test,none,3505,-1,,False,b8b2c93896cb7a85,70.0,male,head_neck_face,Head and neck,2,2,,False
milk10k,milk10k,images/ISIC_6569850.jpg,ISIC_6569850,bcc,g3506,external_test,none,3506,-1,,False,992a61aa0babacaf,75.0,female,head_neck_face,Head and neck,3,3,,False
milk10k,milk10k,images/ISIC_7896976.jpg,ISIC_7896976,sccka,g3507,dropped,none,3507,-1,unmapped_class:sccka,False,69b4fe94a9ac9903,70.0,male,upper_extremity,Upper extremity,4,4,unmapped_class:sccka,False
milk10k,milk10k,images/ISIC_2580974.jpg,ISIC_2580974,akiec,g3508,external_test,none,3508,-1,,False,6ea6d77ae2b20921,65.0,male,trunk,Trunk,3,3,,False
milk10k,milk10k,images/ISIC_6825359.jpg,ISIC_6825359,bkl,g3509,external_test,none,3509,-1,,True,f2aece268c9229ab,75.0,male,lower_extremity,Lower extremity,3,3,,False
milk10k,milk10k,images/ISIC_0190959.jpg,ISIC_0190959,bcc,g3510,external_test,none,3510,-1,,False,443b99734e3386cd,75.0,male,trunk,Trunk,4,4,,False
milk10k,milk10k,images/ISIC_4133448.jpg,ISIC_4133448,bcc,g3511,external_test,none,3511,-1,,False,e54cbeb6e8c94581,85.0,female,head_neck_face,Head and neck,3,3,,False
milk10k,milk10k,images/ISIC_9740592.jpg,ISIC_9740592,akiec,g3512,external_test,none,3512,-1,,False,f2f9bc2c16f90681,65.0,male,head_neck_face,Head and neck,3,3,,False
milk10k,milk10k,images/ISIC_2783831.jpg,ISIC_2783831,mel,g3513,external_test,none,3513,-1,,False,cb98acd89a6327a3,75.0,male,head_neck_face,Head and neck,3,3,,False
milk10k,milk10k,images/ISIC_6259246.jpg,ISIC_6259246,mel,g3514,external_test,none,3514,-1,,False,8692fb491933e68d,85.0,female,head_neck_face,Head and neck,3,3,,False
milk10k,milk10k,images/ISIC_6026183.jpg,ISIC_6026183,ben_oth,g3515,dropped,none,3515,-1,unmapped_class:ben_oth,False,d2f4334079c28fb9,50.0,female,head_neck_face,Head and neck,4,4,unmapped_class:ben_oth,False
milk10k,milk10k,images/ISIC_9266057.jpg,ISIC_9266057,mel,g3516,external_test,none,3516,-1,,True,36b43619cb29c6c7,70.0,male,upper_extremity,Upper extremity,3,3,,False
milk10k,milk10k,images/ISIC_7006091.jpg,ISIC_7006091,akiec,g3517,external_test,none,3517,-1,,False,4bf874e62296e329,45.0,male,upper_extremity,Upper extremity,3,3,,False
milk10k,milk10k,images/ISIC_3783849.jpg,ISIC_3783849,bcc,g3518,external_test,none,3518,-1,,False,fba8862a0faab629,55.0,male,lower_extremity,Lower extremity,3,3,,False
milk10k,milk10k,images/ISIC_9153141.jpg,ISIC_9153141,bcc,g3519,external_test,none,3519,-1,,False,a7aa31aa65aa53a3,85.0,male,upper_extremity,Upper extremity,3,3,,False
milk10k,milk10k,images/ISIC_5239106.jpg,ISIC_5239106,nv,g3520,external_test,none,3520,-1,,False,369099997959e627,50.0,female,trunk,Trunk,3,3,,False
milk10k,milk10k,images/ISIC_4185934.jpg,ISIC_4185934,bcc,g3521,external_test,none,3521,-1,,False,fb82b0a2dfa8a529,85.0,male,head_neck_face,Head and neck,3,3,,False
milk10k,milk10k,images/ISIC_5709448.jpg,ISIC_5709448,bcc,g3522,external_test,none,3522,-1,,False,f55a6940c72a1eab,60.0,female,head_neck_face,Head and neck,3,3,,False
milk10k,milk10k,images/ISIC_1817508.jpg,ISIC_1817508,akiec,g3523,external_test,none,3523,-1,,False,c3da07fa2e02bd29,75.0,male,lower_extremity,Lower extremity,3,3,,False
milk10k,milk10k,images/ISIC_7227677.jpg,ISIC_7227677,mel,g3524,external_test,none,3524,-1,,False,83b41b52fca1c69d,40.0,female,lower_extremity,Lower extremity,4,4,,False
milk10k,milk10k,images/ISIC_8373214.jpg,ISIC_8373214,bkl,g3525,external_test,none,3525,-1,,False,99666c3683d89f23,80.0,male,upper_extremity,Upper extremity,3,3,,False
milk10k,milk10k,images/ISIC_0914647.jpg,ISIC_0914647,nv,g3526,external_test,none,3526,-1,,False,1b6cc3944c7bb2a5,40.0,male,lower_extremity,Lower extremity,2,2,,False
milk10k,milk10k,images/ISIC_2974995.jpg,ISIC_2974995,bcc,g3527,external_test,none,3527,-1,,False,177e289a5e790f81,65.0,female,hand,Upper extremity,3,3,,False
milk10k,milk10k,images/ISIC_9472474.jpg,ISIC_9472474,bcc,g3528,external_test,none,3528,-1,,False,37174652a9e99c8b,75.0,female,trunk,Trunk,3,3,,False
milk10k,milk10k,images/ISIC_8498076.jpg,ISIC_8498076,bcc,g3529,external_test,none,3529,-1,,False,5097e17e96835939,50.0,male,upper_extremity,Upper extremity,3,3,,False
milk10k,milk10k,images/ISIC_3807230.jpg,ISIC_3807230,mel,g3530,external_test,none,3530,-1,,False,4c487128af03dbf7,40.0,female,head_neck_face,Head and neck,3,3,,False
milk10k,milk10k,images/ISIC_0499568.jpg,ISIC_0499568,bcc,g3531,external_test,none,3531,-1,,False,acb91dc4771a25e1,65.0,male,head_neck_face,Head and neck,4,4,,False
milk10k,milk10k,images/ISIC_7774559.jpg,ISIC_7774559,sccka,g3532,dropped,none,3532,-1,unmapped_class:sccka,False,e4d9bb464c34368b,65.0,male,upper_extremity,Upper extremity,3,3,unmapped_class:sccka,False
milk10k,milk10k,images/ISIC_3224359.jpg,ISIC_3224359,nv,g3533,external_test,none,3533,-1,,False,5893cb59cf491c8d,30.0,female,trunk,Trunk,3,3,,False
milk10k,milk10k,images/ISIC_9290748.jpg,ISIC_9290748,sccka,g3534,dropped,none,3534,-1,unmapped_class:sccka,False,913f46e6b99856c1,85.0,female,lower_extremity,Lower extremity,5 (lightest),5,unmapped_class:sccka,False
milk10k,milk10k,images/ISIC_5997076.jpg,ISIC_5997076,bcc,g3535,dropped,none,3535,-1,duplicate_of:ISIC_4823638,False,de64c9f0e68b8e21,70.0,male,trunk,Trunk,3,3,,False
milk10k,milk10k,images/ISIC_5022439.jpg,ISIC_5022439,bcc,g3536,external_test,none,3536,-1,,False,83a3c353e48d197b,45.0,female,trunk,Trunk,2,2,,False
milk10k,milk10k,images/ISIC_8292493.jpg,ISIC_8292493,sccka,g3537,dropped,none,3537,-1,unmapped_class:sccka,False,6f39f320ccd13923,55.0,male,head_neck_face,Head and neck,3,3,unmapped_class:sccka,False
milk10k,milk10k,images/ISIC_7193606.jpg,ISIC_7193606,bcc,g3538,external_test,none,3538,-1,,False,9a29cb262c99f6c5,65.0,male,upper_extremity,Upper extremity,3,3,,False
milk10k,milk10k,images/ISIC_7991319.jpg,ISIC_7991319,bcc,g3539,external_test,none,3539,-1,,True,79e06fd0eb50a90b,75.0,male,upper_extremity,Upper extremity,3,3,,False
milk10k,milk10k,images/ISIC_2288348.jpg,ISIC_2288348,bcc,g3540,external_test,none,3540,-1,,False,63f8c9d223488fab,85.0,female,trunk,Trunk,3,3,,False
milk10k,milk10k,images/ISIC_6005450.jpg,ISIC_6005450,bcc,g3541,external_test,none,3541,-1,,False,7b0abda259c866a9,65.0,male,trunk,Trunk,3,3,,False
milk10k,milk10k,images/ISIC_4929247.jpg,ISIC_4929247,sccka,g3542,dropped,none,3542,-1,unmapped_class:sccka,False,669689826589f6af,55.0,female,hand,Upper extremity,3,3,unmapped_class:sccka,False
milk10k,milk10k,images/ISIC_2268118.jpg,ISIC_2268118,akiec,g3543,external_test,none,3543,-1,,True,069b780e8ef1274f,60.0,male,trunk,Trunk,3,3,,False
milk10k,milk10k,images/ISIC_8407534.jpg,ISIC_8407534,bcc,g3544,external_test,none,3544,-1,,False,ef38b9b118cbc225,80.0,female,head_neck_face,Head and neck,3,3,,False
milk10k,milk10k,images/ISIC_0481541.jpg,ISIC_0481541,bcc,g3545,external_test,none,3545,-1,,False,b262ce38eba2a92b,45.0,female,trunk,Trunk,3,3,,False
milk10k,milk10k,images/ISIC_9568577.jpg,ISIC_9568577,bkl,g3546,external_test,none,3546,-1,,True,155abde24381d72d,70.0,male,head_neck_face,Head and neck,3,3,,False
milk10k,milk10k,images/ISIC_1012530.jpg,ISIC_1012530,bcc,g3547,external_test,none,3547,-1,,False,d45d547c4470477d,65.0,male,head_neck_face,Head and neck,4,4,,False
milk10k,milk10k,images/ISIC_7288734.jpg,ISIC_7288734,bcc,g3548,external_test,none,3548,-1,,False,e490eb5f0f86f023,60.0,male,upper_extremity,Upper extremity,3,3,,False
milk10k,milk10k,images/ISIC_7706527.jpg,ISIC_7706527,bcc,g3549,external_test,none,3549,-1,,False,8691f5ce4610d8ef,50.0,female,head_neck_face,Head and neck,3,3,,False
milk10k,milk10k,images/ISIC_5275192.jpg,ISIC_5275192,bkl,g3550,external_test,none,3550,-1,,False,d416be58a3e34e23,60.0,male,trunk,Trunk,3,3,,False
milk10k,milk10k,images/ISIC_8112188.jpg,ISIC_8112188,bcc,g3551,external_test,none,3551,-1,,False,2490bb937d61f30d,75.0,male,trunk,Trunk,4,4,,False
milk10k,milk10k,images/ISIC_8612060.jpg,ISIC_8612060,bcc,g3552,external_test,none,3552,-1,,False,3cc4ccbc31336ec9,55.0,female,head_neck_face,Head and neck,5 (lightest),5,,False
milk10k,milk10k,images/ISIC_5983030.jpg,ISIC_5983030,bcc,g3553,external_test,none,3553,-1,,True,5dd64ac60b0ea93b,55.0,female,trunk,Trunk,4,4,,False
milk10k,milk10k,images/ISIC_4687962.jpg,ISIC_4687962,bcc,g3554,external_test,none,3554,-1,,False,af5cda140ee8f283,50.0,female,upper_extremity,Upper extremity,3,3,,False
milk10k,milk10k,images/ISIC_8900097.jpg,ISIC_8900097,bcc,g3555,external_test,none,3555,-1,,False,9c863b5966e1d187,45.0,male,head_neck_face,Head and neck,3,3,,False
milk10k,milk10k,images/ISIC_4236187.jpg,ISIC_4236187,bcc,g3556,external_test,none,3556,-1,,False,1853f3266c33b3c5,65.0,male,trunk,Trunk,3,3,,False
milk10k,milk10k,images/ISIC_0907354.jpg,ISIC_0907354,bcc,g3557,external_test,none,3557,-1,,False,170e47fca720fd21,50.0,female,trunk,Trunk,4,4,,False
milk10k,milk10k,images/ISIC_2205187.jpg,ISIC_2205187,nv,g3558,external_test,none,3558,-1,,True,f00c6393c3d31f2d,50.0,female,upper_extremity,Upper extremity,3,3,,False
milk10k,milk10k,images/ISIC_1589936.jpg,ISIC_1589936,ben_oth,g3559,dropped,none,3559,-1,unmapped_class:ben_oth,False,dbd27829c3433ca5,65.0,male,lower_extremity,Lower extremity,4,4,unmapped_class:ben_oth,False
milk10k,milk10k,images/ISIC_2826779.jpg,ISIC_2826779,bcc,g3560,external_test,none,3560,-1,,False,5f98863e4e9059e9,70.0,male,trunk,Trunk,3,3,,False
milk10k,milk10k,images/ISIC_6590580.jpg,ISIC_6590580,bkl,g3561,external_test,none,3561,-1,,False,c167c3d8ce433c2d,60.0,male,trunk,Trunk,3,3,,False
milk10k,milk10k,images/ISIC_6402943.jpg,ISIC_6402943,bcc,g3562,external_test,none,3562,-1,,True,8566d68e59796685,45.0,female,trunk,Trunk,5 (lightest),5,,False
milk10k,milk10k,images/ISIC_3675396.jpg,ISIC_3675396,bcc,g3563,external_test,none,3563,-1,,False,c56ccdb673291c85,65.0,male,upper_extremity,Upper extremity,3,3,,False
milk10k,milk10k,images/ISIC_9497415.jpg,ISIC_9497415,bcc,g3564,external_test,none,3564,-1,,False,c48a262a5aaaf7ab,65.0,male,head_neck_face,Head and neck,5 (lightest),5,,False
milk10k,milk10k,images/ISIC_1177251.jpg,ISIC_1177251,bcc,g3565,external_test,none,3565,-1,,False,4b8dec526fe810e9,65.0,male,lower_extremity,Lower extremity,3,3,,False
milk10k,milk10k,images/ISIC_7987042.jpg,ISIC_7987042,nv,g3566,external_test,none,3566,-1,,False,cc86d0ae53b1c66d,55.0,male,trunk,Trunk,3,3,,False
milk10k,milk10k,images/ISIC_8782095.jpg,ISIC_8782095,bkl,g3567,external_test,none,3567,-1,,False,4992b6a95ae9cc17,65.0,female,head_neck_face,Head and neck,3,3,,False
milk10k,milk10k,images/ISIC_4485874.jpg,ISIC_4485874,bcc,g3568,external_test,none,3568,-1,,False,f4d25dccbaa8098b,60.0,male,head_neck_face,Head and neck,5 (lightest),5,,False
milk10k,milk10k,images/ISIC_3050416.jpg,ISIC_3050416,bcc,g3569,external_test,none,3569,-1,,False,bdc2f936b6d08a21,60.0,male,trunk,Trunk,3,3,,False
milk10k,milk10k,images/ISIC_5962854.jpg,ISIC_5962854,vasc,g3570,external_test,none,3570,-1,,True,cc7193494cb1175f,35.0,male,head_neck_face,Head and neck,2,2,,False
milk10k,milk10k,images/ISIC_5602759.jpg,ISIC_5602759,bkl,g3571,external_test,none,3571,-1,,True,692076dec8797683,75.0,male,upper_extremity,Upper extremity,3,3,,False
milk10k,milk10k,images/ISIC_7886084.jpg,ISIC_7886084,ben_oth,g3572,dropped,none,3572,-1,unmapped_class:ben_oth,False,5323b36d12b16c5d,70.0,male,head_neck_face,Head and neck,2,2,unmapped_class:ben_oth,False
milk10k,milk10k,images/ISIC_0605910.jpg,ISIC_0605910,akiec,g3573,external_test,none,3573,-1,,False,3198df024da8dfa9,50.0,male,head_neck_face,Head and neck,3,3,,False
milk10k,milk10k,images/ISIC_6072797.jpg,ISIC_6072797,bcc,g3574,external_test,none,3574,-1,,False,35a4a7d8ec3e1c23,50.0,male,head_neck_face,Head and neck,3,3,,False
milk10k,milk10k,images/ISIC_1587160.jpg,ISIC_1587160,bcc,g3575,external_test,none,3575,-1,,True,9c1e5073e3e2ec89,65.0,female,lower_extremity,Lower extremity,3,3,,False
milk10k,milk10k,images/ISIC_7042361.jpg,ISIC_7042361,bcc,g3576,external_test,none,3576,-1,,True,78dad2f87ae2e801,70.0,female,head_neck_face,Head and neck,5 (lightest),5,,False
milk10k,milk10k,images/ISIC_6580622.jpg,ISIC_6580622,bcc,g3577,external_test,none,3577,-1,,False,3e3b6aab392924a5,85.0,female,head_neck_face,Head and neck,4,4,,False
milk10k,milk10k,images/ISIC_7139592.jpg,ISIC_7139592,nv,g3578,external_test,none,3578,-1,,True,6506fbfc19812727,60.0,male,,,5 (lightest),5,,False
milk10k,milk10k,images/ISIC_1146594.jpg,ISIC_1146594,bcc,g3579,external_test,none,3579,-1,,False,f93d62740492e9ab,55.0,male,trunk,Trunk,3,3,,False
milk10k,milk10k,images/ISIC_9390664.jpg,ISIC_9390664,bcc,g3580,external_test,none,3580,-1,,False,567c1b4e66d29aa1,40.0,female,trunk,Trunk,4,4,,False
milk10k,milk10k,images/ISIC_0472359.jpg,ISIC_0472359,bcc,g3581,external_test,none,3581,-1,,False,dc3230233d6ae6a7,50.0,male,head_neck_face,Head and neck,3,3,,False
milk10k,milk10k,images/ISIC_7030907.jpg,ISIC_7030907,bcc,g3582,external_test,none,3582,-1,,False,eda0cdb063a8cda3,65.0,female,lower_extremity,Lower extremity,3,3,,False
milk10k,milk10k,images/ISIC_4548708.jpg,ISIC_4548708,nv,g3583,external_test,none,3583,-1,,False,b19a05f9f4c34c2d,35.0,male,trunk,Trunk,3,3,,False
milk10k,milk10k,images/ISIC_3938095.jpg,ISIC_3938095,bcc,g3584,external_test,none,3584,-1,,True,58367b4c9e3253a9,45.0,female,upper_extremity,Upper extremity,3,3,,False
milk10k,milk10k,images/ISIC_8257388.jpg,ISIC_8257388,sccka,g3585,dropped,none,3585,-1,unmapped_class:sccka,False,8ce8fb38a70a698b,65.0,male,upper_extremity,Upper extremity,3,3,unmapped_class:sccka,False
milk10k,milk10k,images/ISIC_1992710.jpg,ISIC_1992710,bkl,g3586,external_test,none,3586,-1,,False,829971233b8bcdad,55.0,female,head_neck_face,Head and neck,0-1 (darkest),1,,False
milk10k,milk10k,images/ISIC_8984180.jpg,ISIC_8984180,sccka,g3587,dropped,none,3587,-1,unmapped_class:sccka,False,e2041eccbdb66b29,65.0,female,lower_extremity,Lower extremity,3,3,unmapped_class:sccka,False
milk10k,milk10k,images/ISIC_4490552.jpg,ISIC_4490552,bcc,g3588,external_test,none,3588,-1,,True,3a07e69c180bc7bd,55.0,male,trunk,Trunk,4,4,,False
milk10k,milk10k,images/ISIC_5242239.jpg,ISIC_5242239,nv,g3589,external_test,none,3589,-1,,False,34f3bd63cb040a9b,30.0,female,head_neck_face,Head and neck,5 (lightest),5,,False
milk10k,milk10k,images/ISIC_3587898.jpg,ISIC_3587898,nv,g3590,external_test,none,3590,-1,,False,86b4ce991b19f325,50.0,female,trunk,Trunk,4,4,,False
milk10k,milk10k,images/ISIC_7143359.jpg,ISIC_7143359,mel,g3591,external_test,none,3591,-1,,False,1813cee9650be6ad,45.0,female,trunk,Trunk,2,2,,False
milk10k,milk10k,images/ISIC_0770132.jpg,ISIC_0770132,bcc,g3592,external_test,none,3592,-1,,False,766a2536d58a6d23,40.0,female,lower_extremity,Lower extremity,3,3,,False
milk10k,milk10k,images/ISIC_6389514.jpg,ISIC_6389514,bkl,g3593,external_test,none,3593,-1,,False,6fe136c33c038f25,40.0,female,head_neck_face,Head and neck,3,3,,False
milk10k,milk10k,images/ISIC_6444211.jpg,ISIC_6444211,bcc,g3594,external_test,none,3594,-1,,False,f6c876f88ea2b881,60.0,male,upper_extremity,Upper extremity,3,3,,False
milk10k,milk10k,images/ISIC_8274052.jpg,ISIC_8274052,bcc,g3595,external_test,none,3595,-1,,False,bdfa6a4ac380d90b,55.0,male,lower_extremity,Lower extremity,3,3,,False
milk10k,milk10k,images/ISIC_0628522.jpg,ISIC_0628522,nv,g3596,external_test,none,3596,-1,,False,ac91733993e90f07,45.0,female,lower_extremity,Lower extremity,3,3,,False
milk10k,milk10k,images/ISIC_7451740.jpg,ISIC_7451740,bcc,g3597,external_test,none,3597,-1,,False,d72906e21e2a72f9,85.0,female,head_neck_face,Head and neck,3,3,,False
milk10k,milk10k,images/ISIC_8072870.jpg,ISIC_8072870,nv,g3598,external_test,none,3598,-1,,False,4a3b3666c9992567,65.0,male,lower_extremity,Lower extremity,5 (lightest),5,,False
milk10k,milk10k,images/ISIC_9179884.jpg,ISIC_9179884,mel,g3599,external_test,none,3599,-1,,False,3323c1b38fdb2c0d,80.0,male,trunk,Trunk,5 (lightest),5,,False
milk10k,milk10k,images/ISIC_6645684.jpg,ISIC_6645684,bcc,g3600,external_test,none,3600,-1,,False,41ad337ece84d899,55.0,male,lower_extremity,Lower extremity,4,4,,False
milk10k,milk10k,images/ISIC_4444976.jpg,ISIC_4444976,mel,g3601,external_test,none,3601,-1,,False,f728e609db817c85,50.0,male,trunk,Trunk,2,2,,False
milk10k,milk10k,images/ISIC_6801081.jpg,ISIC_6801081,mel,g3602,dropped,none,3602,-1,duplicate_of_ham10000,False,f2bc9cda73298407,70.0,female,head_neck_face,Head and neck,3,3,duplicate_of_ham10000,False
milk10k,milk10k,images/ISIC_2627340.jpg,ISIC_2627340,bcc,g3603,external_test,none,3603,-1,,True,1d60043e9bab0efd,70.0,male,head_neck_face,Head and neck,3,3,,False
milk10k,milk10k,images/ISIC_6773668.jpg,ISIC_6773668,nv,g3604,external_test,none,3604,-1,,True,4b99886c729b4a6f,30.0,female,head_neck_face,Head and neck,5 (lightest),5,,False
milk10k,milk10k,images/ISIC_1217127.jpg,ISIC_1217127,bcc,g3605,external_test,none,3605,-1,,False,aa746ac41b3bc4cd,60.0,male,upper_extremity,Upper extremity,3,3,,False
milk10k,milk10k,images/ISIC_4316947.jpg,ISIC_4316947,bcc,g3606,external_test,none,3606,-1,,False,1d68aa6c1bb6d983,75.0,male,head_neck_face,Head and neck,3,3,,False
milk10k,milk10k,images/ISIC_9845346.jpg,ISIC_9845346,bcc,g3607,external_test,none,3607,-1,,False,35278bd8cc3952a7,65.0,female,trunk,Trunk,3,3,,False
milk10k,milk10k,images/ISIC_4042132.jpg,ISIC_4042132,sccka,g3608,dropped,none,3608,-1,unmapped_class:sccka,False,f47874cac50ea7a1,50.0,male,head_neck_face,Head and neck,4,4,unmapped_class:sccka,False
milk10k,milk10k,images/ISIC_0783408.jpg,ISIC_0783408,bcc,g3609,external_test,none,3609,-1,,False,ad85e42492e97a57,55.0,male,head_neck_face,Head and neck,3,3,,False
milk10k,milk10k,images/ISIC_1424240.jpg,ISIC_1424240,sccka,g3610,dropped,none,3610,-1,unmapped_class:sccka,False,c87699527cde3229,80.0,male,lower_extremity,Lower extremity,4,4,unmapped_class:sccka,False
milk10k,milk10k,images/ISIC_7105831.jpg,ISIC_7105831,nv,g3611,external_test,none,3611,-1,,False,3299b269db690d87,25.0,male,,,4,4,,False
milk10k,milk10k,images/ISIC_3667052.jpg,ISIC_3667052,mel,g3612,external_test,none,3612,-1,,False,974c6cb18fcb3027,85.0,male,trunk,Trunk,3,3,,False
milk10k,milk10k,images/ISIC_2039556.jpg,ISIC_2039556,akiec,g3613,external_test,none,3613,-1,,False,869df3668c32728b,60.0,male,head_neck_face,Head and neck,4,4,,False
milk10k,milk10k,images/ISIC_4876540.jpg,ISIC_4876540,bcc,g3614,external_test,none,3614,-1,,True,5e8ac36e4698d3a3,45.0,female,trunk,Trunk,3,3,,False
milk10k,milk10k,images/ISIC_8657483.jpg,ISIC_8657483,sccka,g3615,dropped,none,3615,-1,unmapped_class:sccka,False,eed2328cdbd20da1,80.0,male,head_neck_face,Head and neck,4,4,unmapped_class:sccka,False
milk10k,milk10k,images/ISIC_5013822.jpg,ISIC_5013822,bkl,g3616,external_test,none,3616,-1,,False,6ce478629383c37d,80.0,male,trunk,Trunk,3,3,,False
milk10k,milk10k,images/ISIC_2710427.jpg,ISIC_2710427,mel,g3617,external_test,none,3617,-1,,False,c666190c67b3dc4d,50.0,female,head_neck_face,Head and neck,3,3,,False
milk10k,milk10k,images/ISIC_0308676.jpg,ISIC_0308676,bcc,g3618,external_test,none,3618,-1,,False,711bde2ce10c339b,70.0,female,head_neck_face,Head and neck,3,3,,False
milk10k,milk10k,images/ISIC_8759947.jpg,ISIC_8759947,bcc,g3619,external_test,none,3619,-1,,False,5ba6f938651899a3,55.0,female,trunk,Trunk,3,3,,False
milk10k,milk10k,images/ISIC_5977103.jpg,ISIC_5977103,sccka,g3620,dropped,none,3620,-1,unmapped_class:sccka,False,a6ad98ac7324b62b,55.0,male,lower_extremity,Lower extremity,5 (lightest),5,unmapped_class:sccka,False
milk10k,milk10k,images/ISIC_0939581.jpg,ISIC_0939581,inf,g3621,dropped,none,3621,-1,unmapped_class:inf,False,f62ec92e235962a9,65.0,female,trunk,Trunk,5 (lightest),5,unmapped_class:inf,False
milk10k,milk10k,images/ISIC_5787999.jpg,ISIC_5787999,bcc,g3622,external_test,none,3622,-1,,False,e6a3858e75b25983,55.0,male,lower_extremity,Lower extremity,3,3,,False
milk10k,milk10k,images/ISIC_6045266.jpg,ISIC_6045266,bkl,g3623,external_test,none,3623,-1,,False,4998a66c9b99c367,65.0,male,head_neck_face,Head and neck,3,3,,False
milk10k,milk10k,images/ISIC_6545015.jpg,ISIC_6545015,bkl,g3624,external_test,none,3624,-1,,True,6c40bb74ac4ab5ab,80.0,male,head_neck_face,Head and neck,4,4,,False
milk10k,milk10k,images/ISIC_0386589.jpg,ISIC_0386589,bcc,g3625,external_test,none,3625,-1,,False,bb126a32763257c3,85.0,male,head_neck_face,Head and neck,4,4,,False
milk10k,milk10k,images/ISIC_7806895.jpg,ISIC_7806895,bcc,g3626,external_test,none,3626,-1,,False,dd72b9920c0977a5,65.0,male,trunk,Trunk,4,4,,False
milk10k,milk10k,images/ISIC_5419605.jpg,ISIC_5419605,bcc,g3627,external_test,none,3627,-1,,False,d97e328049f8e327,50.0,female,upper_extremity,Upper extremity,3,3,,False
milk10k,milk10k,images/ISIC_8532508.jpg,ISIC_8532508,mel,g3628,external_test,none,3628,-1,,False,23527373f88b0e8d,55.0,male,trunk,Trunk,5 (lightest),5,,False
milk10k,milk10k,images/ISIC_2952204.jpg,ISIC_2952204,bcc,g3629,external_test,none,3629,-1,,False,cc323bc6cc33364d,75.0,male,trunk,Trunk,3,3,,False
milk10k,milk10k,images/ISIC_9255841.jpg,ISIC_9255841,bcc,g3630,external_test,none,3630,-1,,True,6bd81fb4723a16a1,50.0,female,trunk,Trunk,3,3,,False
milk10k,milk10k,images/ISIC_7507040.jpg,ISIC_7507040,bcc,g3631,external_test,none,3631,-1,,False,4d933cf3654b9215,65.0,female,trunk,Trunk,4,4,,False
milk10k,milk10k,images/ISIC_3511086.jpg,ISIC_3511086,mel,g3632,external_test,none,3632,-1,,False,c6cd9826d3932667,55.0,male,trunk,Trunk,2,2,,False
milk10k,milk10k,images/ISIC_3799041.jpg,ISIC_3799041,bcc,g3633,external_test,none,3633,-1,,False,efe0edc1fc81d041,70.0,male,head_neck_face,Head and neck,3,3,,False
milk10k,milk10k,images/ISIC_9329600.jpg,ISIC_9329600,bcc,g3634,external_test,none,3634,-1,,False,005296ad6fbd6d13,80.0,male,upper_extremity,Upper extremity,3,3,,False
milk10k,milk10k,images/ISIC_6875407.jpg,ISIC_6875407,bcc,g3635,external_test,none,3635,-1,,False,8f240bd87559a4e7,65.0,male,trunk,Trunk,3,3,,False
milk10k,milk10k,images/ISIC_7501825.jpg,ISIC_7501825,mel,g3636,external_test,none,3636,-1,,False,59d3494baca99257,60.0,male,trunk,Trunk,2,2,,False
milk10k,milk10k,images/ISIC_8668491.jpg,ISIC_8668491,bcc,g3637,external_test,none,3637,-1,,False,8d31cee47593314d,70.0,female,head_neck_face,Head and neck,3,3,,False
milk10k,milk10k,images/ISIC_5310585.jpg,ISIC_5310585,sccka,g3638,dropped,none,3638,-1,unmapped_class:sccka,False,f3e646b6c4f65009,75.0,female,head_neck_face,Head and neck,3,3,unmapped_class:sccka,False
milk10k,milk10k,images/ISIC_6759359.jpg,ISIC_6759359,bcc,g3639,external_test,none,3639,-1,,False,f860bb98c4c3b52d,70.0,male,head_neck_face,Head and neck,2,2,,False
milk10k,milk10k,images/ISIC_2122704.jpg,ISIC_2122704,bkl,g3640,external_test,none,3640,-1,,False,212c1b63f883c7dd,60.0,female,lower_extremity,Lower extremity,3,3,,False
milk10k,milk10k,images/ISIC_2035169.jpg,ISIC_2035169,bcc,g3641,external_test,none,3641,-1,,False,7a66f29a44783e83,85.0,male,upper_extremity,Upper extremity,4,4,,False
milk10k,milk10k,images/ISIC_2336235.jpg,ISIC_2336235,sccka,g3642,dropped,none,3642,-1,unmapped_class:sccka,False,86a6b73ad9c26463,85.0,male,upper_extremity,Upper extremity,3,3,unmapped_class:sccka,False
milk10k,milk10k,images/ISIC_2731701.jpg,ISIC_2731701,bcc,g3643,external_test,none,3643,-1,,True,5e99e9a25689dc23,70.0,female,head_neck_face,Head and neck,3,3,,False
milk10k,milk10k,images/ISIC_7053064.jpg,ISIC_7053064,nv,g3644,external_test,none,3644,-1,,True,1e29d363522b2da7,60.0,male,trunk,Trunk,4,4,,False
milk10k,milk10k,images/ISIC_8934759.jpg,ISIC_8934759,bcc,g3645,external_test,none,3645,-1,,False,00d0c8d4eff8bf0b,70.0,male,upper_extremity,Upper extremity,3,3,,False
milk10k,milk10k,images/ISIC_1375994.jpg,ISIC_1375994,bkl,g3646,external_test,none,3646,-1,,False,9df40cc35c39c387,85.0,female,head_neck_face,Head and neck,4,4,,False
milk10k,milk10k,images/ISIC_9399586.jpg,ISIC_9399586,mel,g3647,external_test,none,3647,-1,,False,e3f213c8e2492cd7,80.0,female,head_neck_face,Head and neck,3,3,,False
milk10k,milk10k,images/ISIC_4146633.jpg,ISIC_4146633,sccka,g3648,dropped,none,3648,-1,unmapped_class:sccka,False,4bb1b65269ac8753,55.0,male,head_neck_face,Head and neck,3,3,unmapped_class:sccka,False
milk10k,milk10k,images/ISIC_8058034.jpg,ISIC_8058034,akiec,g3649,external_test,none,3649,-1,,True,bcd347735146530b,70.0,male,head_neck_face,Head and neck,0-1 (darkest),1,,False
milk10k,milk10k,images/ISIC_6843700.jpg,ISIC_6843700,bcc,g3650,external_test,none,3650,-1,,False,3fa2408ab1baef89,50.0,female,trunk,Trunk,3,3,,False
milk10k,milk10k,images/ISIC_9490027.jpg,ISIC_9490027,akiec,g3651,external_test,none,3651,-1,,False,bb226668f98874ab,55.0,male,trunk,Trunk,3,3,,False
milk10k,milk10k,images/ISIC_7308323.jpg,ISIC_7308323,bcc,g3652,external_test,none,3652,-1,,False,ec6c99b07462ad2b,30.0,male,trunk,Trunk,3,3,,False
milk10k,milk10k,images/ISIC_5953259.jpg,ISIC_5953259,bcc,g3653,external_test,none,3653,-1,,False,b998e666a699c865,75.0,male,upper_extremity,Upper extremity,5 (lightest),5,,False
milk10k,milk10k,images/ISIC_9594263.jpg,ISIC_9594263,bkl,g3654,external_test,none,3654,-1,,False,0f3cdc7261a1764b,85.0,male,trunk,Trunk,3,3,,False
milk10k,milk10k,images/ISIC_7188767.jpg,ISIC_7188767,bkl,g3655,external_test,none,3655,-1,,True,9a42e982deaa33ab,80.0,female,trunk,Trunk,3,3,,False
milk10k,milk10k,images/ISIC_8789412.jpg,ISIC_8789412,bcc,g3656,external_test,none,3656,-1,,False,dd9a86c90d3ce983,60.0,male,lower_extremity,Lower extremity,3,3,,False
milk10k,milk10k,images/ISIC_3869672.jpg,ISIC_3869672,bcc,g3657,external_test,none,3657,-1,,False,87f0bf8171a36263,70.0,male,head_neck_face,Head and neck,4,4,,False
milk10k,milk10k,images/ISIC_9566721.jpg,ISIC_9566721,bkl,g3658,external_test,none,3658,-1,,True,86fc6da8ed623889,50.0,female,upper_extremity,Upper extremity,3,3,,False
milk10k,milk10k,images/ISIC_7889425.jpg,ISIC_7889425,bkl,g3659,external_test,none,3659,-1,,False,83c3a3c7d501547f,50.0,male,head_neck_face,Head and neck,0-1 (darkest),1,,False
milk10k,milk10k,images/ISIC_8260085.jpg,ISIC_8260085,bcc,g3660,external_test,none,3660,-1,,False,faee38a9d022cf21,45.0,female,upper_extremity,Upper extremity,3,3,,False
milk10k,milk10k,images/ISIC_9814156.jpg,ISIC_9814156,bcc,g3661,external_test,none,3661,-1,,False,e66ef2b087f10983,60.0,male,trunk,Trunk,3,3,,False
milk10k,milk10k,images/ISIC_5348732.jpg,ISIC_5348732,sccka,g3662,dropped,none,3662,-1,unmapped_class:sccka,False,b9b33dd3262c4323,55.0,male,hand,Upper extremity,4,4,unmapped_class:sccka,False
milk10k,milk10k,images/ISIC_1099345.jpg,ISIC_1099345,bcc,g3663,external_test,none,3663,-1,,False,6da8d20afda1f609,85.0,male,trunk,Trunk,3,3,,False
milk10k,milk10k,images/ISIC_7126369.jpg,ISIC_7126369,bcc,g3664,external_test,none,3664,-1,,False,09289f766ca313f9,60.0,male,trunk,Trunk,3,3,,False
milk10k,milk10k,images/ISIC_2821063.jpg,ISIC_2821063,bcc,g3665,external_test,none,3665,-1,,True,3991e764b9934c65,50.0,female,head_neck_face,Head and neck,4,4,,False
milk10k,milk10k,images/ISIC_5398617.jpg,ISIC_5398617,bkl,g3666,dropped,none,3666,-1,duplicate_of_ham10000,False,332666cc993366cd,60.0,female,trunk,Trunk,5 (lightest),5,duplicate_of_ham10000,False
milk10k,milk10k,images/ISIC_7101608.jpg,ISIC_7101608,bcc,g3667,external_test,none,3667,-1,,False,e2aabeaa88aaaba1,75.0,male,trunk,Trunk,3,3,,False
milk10k,milk10k,images/ISIC_6550575.jpg,ISIC_6550575,bcc,g3668,external_test,none,3668,-1,,False,9df138f30583d21d,80.0,male,lower_extremity,Lower extremity,3,3,,False
milk10k,milk10k,images/ISIC_5272574.jpg,ISIC_5272574,bcc,g3669,external_test,none,3669,-1,,False,fd90f612dc88f609,65.0,male,lower_extremity,Lower extremity,3,3,,False
milk10k,milk10k,images/ISIC_4604978.jpg,ISIC_4604978,nv,g3670,external_test,none,3670,-1,,True,39316931c3c33f2d,25.0,female,lower_extremity,Lower extremity,3,3,,False
milk10k,milk10k,images/ISIC_5978873.jpg,ISIC_5978873,bcc,g3671,external_test,none,3671,-1,,False,a27731c6cc1997c5,65.0,female,trunk,Trunk,3,3,,False
milk10k,milk10k,images/ISIC_9333834.jpg,ISIC_9333834,bcc,g3672,external_test,none,3672,-1,,False,04964967f679391d,85.0,female,upper_extremity,Upper extremity,3,3,,False
milk10k,milk10k,images/ISIC_7798660.jpg,ISIC_7798660,bkl,g3673,external_test,none,3673,-1,,False,3e34d6b34bc2922b,45.0,male,head_neck_face,Head and neck,3,3,,False
milk10k,milk10k,images/ISIC_0303344.jpg,ISIC_0303344,mel,g3674,external_test,none,3674,-1,,False,769a313459f1e40f,70.0,male,head_neck_face,Head and neck,3,3,,False
milk10k,milk10k,images/ISIC_4891974.jpg,ISIC_4891974,bcc,g3675,external_test,none,3675,-1,,False,7b463470cd5368ad,40.0,female,head_neck_face,Head and neck,5 (lightest),5,,False
milk10k,milk10k,images/ISIC_5980977.jpg,ISIC_5980977,sccka,g3676,dropped,none,3676,-1,unmapped_class:sccka,False,f6b193e06883a755,75.0,male,head_neck_face,Head and neck,4,4,unmapped_class:sccka,False
milk10k,milk10k,images/ISIC_6314287.jpg,ISIC_6314287,bcc,g3677,external_test,none,3677,-1,,False,dddb62328ce81b23,70.0,male,trunk,Trunk,3,3,,False
milk10k,milk10k,images/ISIC_0796884.jpg,ISIC_0796884,bcc,g3678,external_test,none,3678,-1,,False,74b02b33c3c33c2f,65.0,female,lower_extremity,Lower extremity,3,3,,False
milk10k,milk10k,images/ISIC_3023055.jpg,ISIC_3023055,bcc,g3679,external_test,none,3679,-1,,True,bb9a195ce0ba2f81,50.0,female,head_neck_face,Head and neck,4,4,,False
milk10k,milk10k,images/ISIC_1252883.jpg,ISIC_1252883,bcc,g3680,external_test,none,3680,-1,,False,36e0cb5c16da4fa1,60.0,female,trunk,Trunk,3,3,,False
milk10k,milk10k,images/ISIC_2516006.jpg,ISIC_2516006,df,g3681,external_test,none,3681,-1,,True,333159d91973a68d,40.0,male,upper_extremity,Upper extremity,4,4,,False
milk10k,milk10k,images/ISIC_6757914.jpg,ISIC_6757914,bcc,g3682,external_test,none,3682,-1,,False,59630ccd36598cb7,30.0,male,trunk,Trunk,3,3,,False
milk10k,milk10k,images/ISIC_1460132.jpg,ISIC_1460132,nv,g3683,external_test,none,3683,-1,,False,586c669c3679d925,5.0,male,lower_extremity,Lower extremity,3,3,,False
milk10k,milk10k,images/ISIC_9153724.jpg,ISIC_9153724,nv,g3684,external_test,none,3684,-1,,False,4e983c79c5a31337,45.0,male,trunk,Trunk,4,4,,False
milk10k,milk10k,images/ISIC_1917329.jpg,ISIC_1917329,akiec,g3685,external_test,none,3685,-1,,True,f6311ce2792329d5,75.0,female,head_neck_face,Head and neck,4,4,,False
milk10k,milk10k,images/ISIC_9232753.jpg,ISIC_9232753,bcc,g3686,external_test,none,3686,-1,,False,b99086e2c7989aaf,55.0,male,trunk,Trunk,3,3,,False
milk10k,milk10k,images/ISIC_7588660.jpg,ISIC_7588660,bcc,g3687,external_test,none,3687,-1,,False,60b4fee5184ee159,65.0,female,upper_extremity,Upper extremity,3,3,,False
milk10k,milk10k,images/ISIC_2323901.jpg,ISIC_2323901,bcc,g3688,external_test,none,3688,-1,,False,99d1873a9ea0768b,60.0,male,upper_extremity,Upper extremity,3,3,,False
milk10k,milk10k,images/ISIC_8240527.jpg,ISIC_8240527,bcc,g3689,external_test,none,3689,-1,,False,be5a6344fc6462a9,70.0,male,head_neck_face,Head and neck,4,4,,False
milk10k,milk10k,images/ISIC_2272478.jpg,ISIC_2272478,bcc,g3690,external_test,none,3690,-1,,False,e522cfa0390bcee9,65.0,male,upper_extremity,Upper extremity,3,3,,False
milk10k,milk10k,images/ISIC_1329019.jpg,ISIC_1329019,bcc,g3691,external_test,none,3691,-1,,False,cc6699cc2699d927,85.0,male,trunk,Trunk,3,3,,False
milk10k,milk10k,images/ISIC_3513821.jpg,ISIC_3513821,akiec,g3692,external_test,none,3692,-1,,False,eb32e3460c9eb689,80.0,male,head_neck_face,Head and neck,3,3,,False
milk10k,milk10k,images/ISIC_4581129.jpg,ISIC_4581129,akiec,g3693,external_test,none,3693,-1,,True,f0d6ed2c29a2d14b,50.0,male,head_neck_face,Head and neck,3,3,,False
milk10k,milk10k,images/ISIC_4583761.jpg,ISIC_4583761,bcc,g3694,external_test,none,3694,-1,,False,0142bf00bf2afdab,55.0,female,trunk,Trunk,3,3,,False
milk10k,milk10k,images/ISIC_5221340.jpg,ISIC_5221340,ben_oth,g3695,dropped,none,3695,-1,unmapped_class:ben_oth,False,a5254272bd83736d,30.0,female,lower_extremity,Lower extremity,3,3,unmapped_class:ben_oth,False
milk10k,milk10k,images/ISIC_8229493.jpg,ISIC_8229493,bcc,g3696,external_test,none,3696,-1,,False,d9868798cd43bb29,55.0,male,trunk,Trunk,3,3,,False
milk10k,milk10k,images/ISIC_6396169.jpg,ISIC_6396169,bcc,g3697,external_test,none,3697,-1,,True,bd7306b09397f121,65.0,male,head_neck_face,Head and neck,3,3,,False
milk10k,milk10k,images/ISIC_8905603.jpg,ISIC_8905603,nv,g3698,external_test,none,3698,-1,,False,405aa6d9a73f5923,60.0,male,head_neck_face,Head and neck,3,3,,False
milk10k,milk10k,images/ISIC_0141332.jpg,ISIC_0141332,bcc,g3699,external_test,none,3699,-1,,False,a60e190e6b23f5ab,65.0,male,hand,Upper extremity,3,3,,False
milk10k,milk10k,images/ISIC_5128796.jpg,ISIC_5128796,bcc,g3700,external_test,none,3700,-1,,False,de48b6503902dfab,65.0,female,trunk,Trunk,3,3,,False
milk10k,milk10k,images/ISIC_6631462.jpg,ISIC_6631462,nv,g3701,external_test,none,3701,-1,,False,3166e6a6cd993067,50.0,female,head_neck_face,Head and neck,2,2,,False
milk10k,milk10k,images/ISIC_0720537.jpg,ISIC_0720537,bcc,g3702,external_test,none,3702,-1,,False,dba0152addaa56a3,75.0,male,head_neck_face,Head and neck,3,3,,False
milk10k,milk10k,images/ISIC_7705901.jpg,ISIC_7705901,akiec,g3703,external_test,none,3703,-1,,False,771d933b61ac9c03,80.0,male,upper_extremity,Upper extremity,4,4,,False
milk10k,milk10k,images/ISIC_5064090.jpg,ISIC_5064090,bcc,g3704,external_test,none,3704,-1,,False,7dc60730b99b0567,55.0,male,head_neck_face,Head and neck,3,3,,False
milk10k,milk10k,images/ISIC_9688192.jpg,ISIC_9688192,nv,g3705,external_test,none,3705,-1,,False,09f396c3064b39bd,25.0,female,trunk,Trunk,4,4,,False
milk10k,milk10k,images/ISIC_4807163.jpg,ISIC_4807163,bcc,g3706,external_test,none,3706,-1,,False,df2cda8a76a80d25,65.0,female,head_neck_face,Head and neck,3,3,,False
milk10k,milk10k,images/ISIC_6484938.jpg,ISIC_6484938,bcc,g3707,external_test,none,3707,-1,,True,6373885c293369cf,50.0,female,lower_extremity,Lower extremity,3,3,,False
milk10k,milk10k,images/ISIC_4582043.jpg,ISIC_4582043,bcc,g3708,external_test,none,3708,-1,,True,a0732da79ad0b393,55.0,male,upper_extremity,Upper extremity,3,3,,False
milk10k,milk10k,images/ISIC_5352626.jpg,ISIC_5352626,bcc,g3709,external_test,none,3709,-1,,False,ced2278eac333585,65.0,male,head_neck_face,Head and neck,5 (lightest),5,,False
milk10k,milk10k,images/ISIC_4552842.jpg,ISIC_4552842,sccka,g3710,dropped,none,3710,-1,unmapped_class:sccka,False,674ef998685876a1,80.0,male,head_neck_face,Head and neck,4,4,unmapped_class:sccka,False
milk10k,milk10k,images/ISIC_2324920.jpg,ISIC_2324920,bcc,g3711,external_test,none,3711,-1,,True,46d3bbec223192cd,85.0,male,head_neck_face,Head and neck,3,3,,False
milk10k,milk10k,images/ISIC_0319894.jpg,ISIC_0319894,bcc,g3712,external_test,none,3712,-1,,False,b6fb1b24a6025f85,80.0,male,trunk,Trunk,3,3,,False
milk10k,milk10k,images/ISIC_8627295.jpg,ISIC_8627295,bkl,g3713,external_test,none,3713,-1,,False,d2f070da86caf9a1,45.0,female,trunk,Trunk,3,3,,False
milk10k,milk10k,images/ISIC_4363100.jpg,ISIC_4363100,nv,g3714,external_test,none,3714,-1,,False,dc1a6d9966699925,65.0,male,trunk,Trunk,3,3,,False
milk10k,milk10k,images/ISIC_1604088.jpg,ISIC_1604088,nv,g3715,external_test,none,3715,-1,,True,c80e3f78e8231b5d,60.0,male,trunk,Trunk,3,3,,False
milk10k,milk10k,images/ISIC_3826563.jpg,ISIC_3826563,bcc,g3716,external_test,none,3716,-1,,True,d5f2be044968b58b,60.0,male,head_neck_face,Head and neck,4,4,,False
milk10k,milk10k,images/ISIC_3184893.jpg,ISIC_3184893,bcc,g3717,external_test,none,3717,-1,,False,258ad5b89ce2b52b,80.0,female,head_neck_face,Head and neck,4,4,,False
milk10k,milk10k,images/ISIC_7302180.jpg,ISIC_7302180,nv,g3718,external_test,none,3718,-1,,True,189b813359c9b7a7,55.0,male,trunk,Trunk,3,3,,False
milk10k,milk10k,images/ISIC_7882504.jpg,ISIC_7882504,bcc,g3719,external_test,none,3719,-1,,False,99d9cd7438195167,50.0,male,trunk,Trunk,5 (lightest),5,,False
milk10k,milk10k,images/ISIC_0095743.jpg,ISIC_0095743,nv,g3720,external_test,none,3720,-1,,True,d353d0691f83e455,20.0,male,lower_extremity,Lower extremity,3,3,,False
milk10k,milk10k,images/ISIC_5217075.jpg,ISIC_5217075,bkl,g3721,external_test,none,3721,-1,,False,1931e2b1cccb267d,75.0,female,lower_extremity,Lower extremity,3,3,,False
milk10k,milk10k,images/ISIC_2604782.jpg,ISIC_2604782,nv,g3722,external_test,none,3722,-1,,False,c0cee69c181333ef,25.0,male,,,2,2,,False
milk10k,milk10k,images/ISIC_4222750.jpg,ISIC_4222750,akiec,g3723,external_test,none,3723,-1,,False,2426faf23cd98e23,70.0,male,head_neck_face,Head and neck,3,3,,False
milk10k,milk10k,images/ISIC_6932845.jpg,ISIC_6932845,sccka,g3724,dropped,none,3724,-1,unmapped_class:sccka,False,d308af027caad7a9,70.0,female,lower_extremity,Lower extremity,3,3,unmapped_class:sccka,False
milk10k,milk10k,images/ISIC_2880667.jpg,ISIC_2880667,bcc,g3725,external_test,none,3725,-1,,False,c94e446a36796b87,55.0,female,trunk,Trunk,3,3,,False
milk10k,milk10k,images/ISIC_0761359.jpg,ISIC_0761359,bkl,g3726,external_test,none,3726,-1,,False,80a71a8eb8f6f153,60.0,female,lower_extremity,Lower extremity,3,3,,False
milk10k,milk10k,images/ISIC_4881815.jpg,ISIC_4881815,vasc,g3727,external_test,none,3727,-1,,True,e3165bee424a6e23,45.0,male,trunk,Trunk,3,3,,False
milk10k,milk10k,images/ISIC_0769255.jpg,ISIC_0769255,nv,g3728,external_test,none,3728,-1,,True,6c3693b079c38e2d,15.0,male,head_neck_face,Head and neck,3,3,,False
milk10k,milk10k,images/ISIC_5901264.jpg,ISIC_5901264,bcc,g3729,external_test,none,3729,-1,,False,c7488ff86882bea9,60.0,male,trunk,Trunk,4,4,,False
milk10k,milk10k,images/ISIC_8815594.jpg,ISIC_8815594,mel,g3730,external_test,none,3730,-1,,False,2199722387337cdd,65.0,male,head_neck_face,Head and neck,0-1 (darkest),1,,False
milk10k,milk10k,images/ISIC_6454913.jpg,ISIC_6454913,bcc,g3731,external_test,none,3731,-1,,True,3133c4cc33398dcf,55.0,female,head_neck_face,Head and neck,3,3,,False
milk10k,milk10k,images/ISIC_4536103.jpg,ISIC_4536103,bcc,g3732,external_test,none,3732,-1,,False,2c2ce3acd7d05a8b,75.0,male,upper_extremity,Upper extremity,3,3,,False
milk10k,milk10k,images/ISIC_3009842.jpg,ISIC_3009842,akiec,g3733,external_test,none,3733,-1,,False,b311ece43a1354cf,85.0,female,lower_extremity,Lower extremity,3,3,,False
milk10k,milk10k,images/ISIC_9477090.jpg,ISIC_9477090,nv,g3734,external_test,none,3734,-1,,False,ad95ad95e663500d,60.0,female,lower_extremity,Lower extremity,2,2,,False
milk10k,milk10k,images/ISIC_1344587.jpg,ISIC_1344587,bcc,g3735,external_test,none,3735,-1,,False,329966c699ad3365,85.0,male,head_neck_face,Head and neck,4,4,,False
milk10k,milk10k,images/ISIC_6959082.jpg,ISIC_6959082,bkl,g3736,external_test,none,3736,-1,,False,784ffa6acc098333,45.0,female,head_neck_face,Head and neck,3,3,,False
milk10k,milk10k,images/ISIC_3203799.jpg,ISIC_3203799,sccka,g3737,dropped,none,3737,-1,unmapped_class:sccka,False,ba33c9c82d33b48b,50.0,male,head_neck_face,Head and neck,4,4,unmapped_class:sccka,False
milk10k,milk10k,images/ISIC_6550801.jpg,ISIC_6550801,nv,g3738,external_test,none,3738,-1,,False,5a29d4c4696b8797,40.0,male,lower_extremity,Lower extremity,3,3,,False
milk10k,milk10k,images/ISIC_9473743.jpg,ISIC_9473743,nv,g3739,external_test,none,3739,-1,,False,46c90d0d49fbb387,80.0,male,trunk,Trunk,3,3,,False
milk10k,milk10k,images/ISIC_4982700.jpg,ISIC_4982700,sccka,g3740,dropped,none,3740,-1,unmapped_class:sccka,False,f39b8ea4433b9889,75.0,female,head_neck_face,Head and neck,4,4,unmapped_class:sccka,False
milk10k,milk10k,images/ISIC_7356122.jpg,ISIC_7356122,akiec,g3741,external_test,none,3741,-1,,False,af5ace40a30abda3,75.0,male,head_neck_face,Head and neck,2,2,,False
milk10k,milk10k,images/ISIC_3602145.jpg,ISIC_3602145,inf,g3742,dropped,none,3742,-1,unmapped_class:inf,False,0887f34c96d3696d,45.0,male,head_neck_face,Head and neck,0-1 (darkest),0,unmapped_class:inf,False
milk10k,milk10k,images/ISIC_5597408.jpg,ISIC_5597408,bcc,g3743,external_test,none,3743,-1,,False,36ded3383cc9c823,65.0,male,head_neck_face,Head and neck,3,3,,False
milk10k,milk10k,images/ISIC_4597469.jpg,ISIC_4597469,bcc,g3744,external_test,none,3744,-1,,False,ee030eff0243eb61,75.0,male,head_neck_face,Head and neck,4,4,,False
milk10k,milk10k,images/ISIC_9218783.jpg,ISIC_9218783,bcc,g3745,external_test,none,3745,-1,,False,12a66db2b36b6607,75.0,male,upper_extremity,Upper extremity,3,3,,False
milk10k,milk10k,images/ISIC_6272878.jpg,ISIC_6272878,bkl,g3746,external_test,none,3746,-1,,False,7fe007e49cd26709,85.0,female,lower_extremity,Lower extremity,3,3,,False
milk10k,milk10k,images/ISIC_3362091.jpg,ISIC_3362091,nv,g3747,external_test,none,3747,-1,,False,c43c33d07903c6fd,35.0,female,trunk,Trunk,3,3,,False
milk10k,milk10k,images/ISIC_3042456.jpg,ISIC_3042456,bcc,g3748,external_test,none,3748,-1,,False,cc04a11cb1f3e6cf,75.0,male,head_neck_face,Head and neck,3,3,,False
milk10k,milk10k,images/ISIC_3774225.jpg,ISIC_3774225,bcc,g3749,external_test,none,3749,-1,,False,5a0c1fb27361ee0d,65.0,male,lower_extremity,Lower extremity,3,3,,False
milk10k,milk10k,images/ISIC_9688065.jpg,ISIC_9688065,bcc,g3750,external_test,none,3750,-1,,False,b5089728d5aa75ab,45.0,female,trunk,Trunk,3,3,,False
milk10k,milk10k,images/ISIC_3520227.jpg,ISIC_3520227,mel,g3751,external_test,none,3751,-1,,False,133841e3b9a32eaf,60.0,male,trunk,Trunk,3,3,,False
milk10k,milk10k,images/ISIC_0197527.jpg,ISIC_0197527,bcc,g3752,external_test,none,3752,-1,,True,7466db863298da63,65.0,male,upper_extremity,Upper extremity,3,3,,False
milk10k,milk10k,images/ISIC_5767646.jpg,ISIC_5767646,nv,g3753,external_test,none,3753,-1,,False,0c929966673b89cf,45.0,male,lower_extremity,Lower extremity,4,4,,False
milk10k,milk10k,images/ISIC_3346679.jpg,ISIC_3346679,bcc,g3754,external_test,none,3754,-1,,True,acca55a855aed583,75.0,male,trunk,Trunk,3,3,,False
milk10k,milk10k,images/ISIC_4080973.jpg,ISIC_4080973,bcc,g3755,external_test,none,3755,-1,,True,d0c34a33c7b39c8d,50.0,male,trunk,Trunk,2,2,,False
milk10k,milk10k,images/ISIC_4051799.jpg,ISIC_4051799,bcc,g3756,external_test,none,3756,-1,,False,9de3cf0e2a90f609,60.0,male,head_neck_face,Head and neck,4,4,,False
milk10k,milk10k,images/ISIC_1984602.jpg,ISIC_1984602,bcc,g3757,external_test,none,3757,-1,,False,764af5061ff8c423,65.0,male,trunk,Trunk,3,3,,False
milk10k,milk10k,images/ISIC_5056247.jpg,ISIC_5056247,akiec,g3758,external_test,none,3758,-1,,False,7774c38e1cd0c32b,60.0,male,lower_extremity,Lower extremity,3,3,,False
milk10k,milk10k,images/ISIC_7668414.jpg,ISIC_7668414,bcc,g3759,external_test,none,3759,-1,,False,791629ee16f8d321,50.0,male,head_neck_face,Head and neck,4,4,,False
milk10k,milk10k,images/ISIC_9686538.jpg,ISIC_9686538,sccka,g3760,dropped,none,3760,-1,unmapped_class:sccka,False,78fcc35616087ea3,50.0,male,head_neck_face,Head and neck,3,3,unmapped_class:sccka,False
milk10k,milk10k,images/ISIC_3527498.jpg,ISIC_3527498,bcc,g3761,external_test,none,3761,-1,,True,3df089c299aa7789,75.0,male,trunk,Trunk,3,3,,False
milk10k,milk10k,images/ISIC_6048752.jpg,ISIC_6048752,mel,g3762,external_test,none,3762,-1,,False,d16c2c3226d9db27,50.0,female,trunk,Trunk,2,2,,False
milk10k,milk10k,images/ISIC_7116804.jpg,ISIC_7116804,bcc,g3763,external_test,none,3763,-1,,False,ccd366e4131b4c67,65.0,male,head_neck_face,Head and neck,0-1 (darkest),1,,False
milk10k,milk10k,images/ISIC_8344146.jpg,ISIC_8344146,nv,g3764,external_test,none,3764,-1,,False,68d3a80ba40d4ffd,35.0,male,trunk,Trunk,4,4,,False
milk10k,milk10k,images/ISIC_7332242.jpg,ISIC_7332242,sccka,g3765,dropped,none,3765,-1,unmapped_class:sccka,False,8773194e64ba99a9,40.0,male,head_neck_face,Head and neck,5 (lightest),5,unmapped_class:sccka,False
milk10k,milk10k,images/ISIC_7858765.jpg,ISIC_7858765,bcc,g3766,external_test,none,3766,-1,,False,6c4e9ab2609b8f65,55.0,female,upper_extremity,Upper extremity,3,3,,False
milk10k,milk10k,images/ISIC_9419736.jpg,ISIC_9419736,sccka,g3767,dropped,none,3767,-1,unmapped_class:sccka,False,ffb86bcab089a821,85.0,male,lower_extremity,Lower extremity,4,4,unmapped_class:sccka,False
milk10k,milk10k,images/ISIC_4482209.jpg,ISIC_4482209,bcc,g3768,external_test,none,3768,-1,,False,b798266c6973960d,50.0,male,lower_extremity,Lower extremity,4,4,,False
milk10k,milk10k,images/ISIC_1430481.jpg,ISIC_1430481,nv,g3769,external_test,none,3769,-1,,False,71e4b62c48db3365,50.0,male,trunk,Trunk,3,3,,False
milk10k,milk10k,images/ISIC_7391014.jpg,ISIC_7391014,nv,g3770,external_test,none,3770,-1,,False,99989b3949f38c27,45.0,male,trunk,Trunk,5 (lightest),5,,False
milk10k,milk10k,images/ISIC_7793572.jpg,ISIC_7793572,bcc,g3771,external_test,none,3771,-1,,False,c6712c0c9b83bc7d,75.0,male,trunk,Trunk,3,3,,False
milk10k,milk10k,images/ISIC_1182747.jpg,ISIC_1182747,bcc,g3772,external_test,none,3772,-1,,False,7c58ceb6f23a030b,65.0,male,trunk,Trunk,3,3,,False
milk10k,milk10k,images/ISIC_9824186.jpg,ISIC_9824186,akiec,g3773,external_test,none,3773,-1,,False,d4ca39fe7b114c03,65.0,female,head_neck_face,Head and neck,3,3,,False
milk10k,milk10k,images/ISIC_8508207.jpg,ISIC_8508207,bkl,g3774,external_test,none,3774,-1,,False,c4f33cc33809c3b7,70.0,male,trunk,Trunk,0-1 (darkest),1,,False
milk10k,milk10k,images/ISIC_9546502.jpg,ISIC_9546502,mel,g3775,external_test,none,3775,-1,,False,2f34eec099816f65,50.0,male,trunk,Trunk,3,3,,False
milk10k,milk10k,images/ISIC_1954444.jpg,ISIC_1954444,df,g3776,external_test,none,3776,-1,,False,e3465c939c61cb8d,65.0,male,upper_extremity,Upper extremity,4,4,,False
milk10k,milk10k,images/ISIC_6366384.jpg,ISIC_6366384,bcc,g3777,external_test,none,3777,-1,,True,eb0a3c2adcac7a89,70.0,male,head_neck_face,Head and neck,3,3,,False
milk10k,milk10k,images/ISIC_3022261.jpg,ISIC_3022261,bcc,g3778,external_test,none,3778,-1,,False,e11751d49c2e9cab,65.0,female,lower_extremity,Lower extremity,3,3,,False
milk10k,milk10k,images/ISIC_4889821.jpg,ISIC_4889821,nv,g3779,external_test,none,3779,-1,,True,060bee49b5031bf7,40.0,male,trunk,Trunk,3,3,,False
milk10k,milk10k,images/ISIC_6212400.jpg,ISIC_6212400,akiec,g3780,external_test,none,3780,-1,,False,918356d1a3617f17,60.0,male,head_neck_face,Head and neck,3,3,,False
milk10k,milk10k,images/ISIC_2857248.jpg,ISIC_2857248,bcc,g3781,external_test,none,3781,-1,,False,8b2aaee292e8ea8b,55.0,male,lower_extremity,Lower extremity,3,3,,False
milk10k,milk10k,images/ISIC_2918081.jpg,ISIC_2918081,nv,g3782,external_test,none,3782,-1,,False,33cccab24c33714f,65.0,male,trunk,Trunk,4,4,,False
milk10k,milk10k,images/ISIC_4853537.jpg,ISIC_4853537,bcc,g3783,external_test,none,3783,-1,,False,bf5aa8f0c6c89983,65.0,female,trunk,Trunk,3,3,,False
milk10k,milk10k,images/ISIC_7788766.jpg,ISIC_7788766,bcc,g3784,external_test,none,3784,-1,,True,56ea9158ada6ac8b,55.0,female,trunk,Trunk,3,3,,False
milk10k,milk10k,images/ISIC_9447530.jpg,ISIC_9447530,bcc,g3785,external_test,none,3785,-1,,False,4f4afba4f4102f49,45.0,female,upper_extremity,Upper extremity,3,3,,False
milk10k,milk10k,images/ISIC_7973098.jpg,ISIC_7973098,nv,g3786,external_test,none,3786,-1,,False,59c6581bbc2107f7,5.0,female,lower_extremity,Lower extremity,3,3,,False
milk10k,milk10k,images/ISIC_9526087.jpg,ISIC_9526087,bcc,g3787,external_test,none,3787,-1,,False,cc0c9f9c5a99358d,70.0,male,,,0-1 (darkest),1,,False
milk10k,milk10k,images/ISIC_4204876.jpg,ISIC_4204876,nv,g3788,external_test,none,3788,-1,,False,c6e30c8e3333c6cd,60.0,female,trunk,Trunk,2,2,,False
milk10k,milk10k,images/ISIC_7615308.jpg,ISIC_7615308,nv,g3789,dropped,none,3789,-1,duplicate_of_ham10000,False,99b18ccc33334ecd,65.0,female,lower_extremity,Lower extremity,5 (lightest),5,duplicate_of_ham10000,False
milk10k,milk10k,images/ISIC_5207549.jpg,ISIC_5207549,nv,g3790,external_test,none,3790,-1,,False,adf82d508d02d7ab,15.0,female,upper_extremity,Upper extremity,4,4,,False
milk10k,milk10k,images/ISIC_9774801.jpg,ISIC_9774801,bcc,g3791,external_test,none,3791,-1,,False,787d6696c9c10e2d,65.0,female,trunk,Trunk,3,3,,False
milk10k,milk10k,images/ISIC_6600475.jpg,ISIC_6600475,bcc,g3792,external_test,none,3792,-1,,True,6b299456365b5e25,65.0,female,head_neck_face,Head and neck,3,3,,False
milk10k,milk10k,images/ISIC_1607224.jpg,ISIC_1607224,bkl,g3793,external_test,none,3793,-1,,True,d9f4edb027a25429,65.0,male,upper_extremity,Upper extremity,3,3,,False
milk10k,milk10k,images/ISIC_7383339.jpg,ISIC_7383339,sccka,g3794,dropped,none,3794,-1,unmapped_class:sccka,False,0c66996cc1bc7b2b,70.0,female,lower_extremity,Lower extremity,4,4,unmapped_class:sccka,False
milk10k,milk10k,images/ISIC_0746908.jpg,ISIC_0746908,bcc,g3795,external_test,none,3795,-1,,False,f58507c6644a347f,70.0,male,lower_extremity,Lower extremity,4,4,,False
milk10k,milk10k,images/ISIC_2628667.jpg,ISIC_2628667,bcc,g3796,external_test,none,3796,-1,,False,e8aafaa20eaa6aa9,75.0,female,upper_extremity,Upper extremity,3,3,,False
milk10k,milk10k,images/ISIC_3888868.jpg,ISIC_3888868,bcc,g3797,external_test,none,3797,-1,,False,9c687b964c58d9a3,60.0,female,trunk,Trunk,3,3,,False
milk10k,milk10k,images/ISIC_9428829.jpg,ISIC_9428829,akiec,g3798,external_test,none,3798,-1,,True,9938f7266c98f921,65.0,female,head_neck_face,Head and neck,3,3,,False
milk10k,milk10k,images/ISIC_0143535.jpg,ISIC_0143535,bcc,g3799,external_test,none,3799,-1,,True,3da2d38a6d88d723,75.0,male,trunk,Trunk,3,3,,False
milk10k,milk10k,images/ISIC_9287993.jpg,ISIC_9287993,nv,g3800,external_test,none,3800,-1,,False,f3a1865c8c3333cd,40.0,female,head_neck_face,Head and neck,4,4,,False
milk10k,milk10k,images/ISIC_5027597.jpg,ISIC_5027597,bkl,g3801,external_test,none,3801,-1,,False,6731b63ad244e98b,70.0,male,upper_extremity,Upper extremity,3,3,,False
milk10k,milk10k,images/ISIC_3395616.jpg,ISIC_3395616,bcc,g3802,external_test,none,3802,-1,,True,6730db26ce8a15ab,85.0,female,hand,Upper extremity,3,3,,False
milk10k,milk10k,images/ISIC_2866719.jpg,ISIC_2866719,bcc,g3803,external_test,none,3803,-1,,False,6fd81c42a72a99ab,65.0,male,trunk,Trunk,3,3,,False
milk10k,milk10k,images/ISIC_1477042.jpg,ISIC_1477042,bcc,g3804,external_test,none,3804,-1,,True,8cdeecc2652a172b,55.0,male,head_neck_face,Head and neck,3,3,,False
milk10k,milk10k,images/ISIC_2062148.jpg,ISIC_2062148,bcc,g3805,external_test,none,3805,-1,,False,249d312fb1c3cb99,65.0,female,upper_extremity,Upper extremity,3,3,,False
milk10k,milk10k,images/ISIC_8551756.jpg,ISIC_8551756,bcc,g3806,external_test,none,3806,-1,,False,b1c4979554d35a4b,50.0,male,head_neck_face,Head and neck,5 (lightest),5,,False
milk10k,milk10k,images/ISIC_6254065.jpg,ISIC_6254065,bkl,g3807,external_test,none,3807,-1,,True,6462b7db9d9a1807,70.0,male,head_neck_face,Head and neck,2,2,,False
milk10k,milk10k,images/ISIC_6315760.jpg,ISIC_6315760,bcc,g3808,external_test,none,3808,-1,,False,ffea55d5aa0140a5,50.0,female,head_neck_face,Head and neck,3,3,,False
milk10k,milk10k,images/ISIC_9145770.jpg,ISIC_9145770,sccka,g3809,dropped,none,3809,-1,unmapped_class:sccka,False,e868f1124fe63d23,65.0,male,head_neck_face,Head and neck,4,4,unmapped_class:sccka,False
milk10k,milk10k,images/ISIC_4427785.jpg,ISIC_4427785,bcc,g3810,external_test,none,3810,-1,,True,933a639386d39e0d,75.0,female,head_neck_face,Head and neck,4,4,,False
milk10k,milk10k,images/ISIC_9611388.jpg,ISIC_9611388,bcc,g3811,external_test,none,3811,-1,,False,a7e60bfa8fe80701,80.0,male,trunk,Trunk,3,3,,False
milk10k,milk10k,images/ISIC_9543842.jpg,ISIC_9543842,bcc,g3812,external_test,none,3812,-1,,False,d99066f8f0d2076b,80.0,male,head_neck_face,Head and neck,5 (lightest),5,,False
milk10k,milk10k,images/ISIC_1207350.jpg,ISIC_1207350,bcc,g3813,external_test,none,3813,-1,,False,297acce4c633718b,70.0,female,upper_extremity,Upper extremity,3,3,,False
milk10k,milk10k,images/ISIC_2793180.jpg,ISIC_2793180,mel,g3814,external_test,none,3814,-1,,False,9d0b6393f3030d3d,70.0,female,lower_extremity,Lower extremity,2,2,,False
milk10k,milk10k,images/ISIC_6044250.jpg,ISIC_6044250,sccka,g3815,dropped,none,3815,-1,unmapped_class:sccka,False,ae1366dc9a34d919,60.0,male,upper_extremity,Upper extremity,4,4,unmapped_class:sccka,False
milk10k,milk10k,images/ISIC_9136283.jpg,ISIC_9136283,nv,g3816,external_test,none,3816,-1,,True,e4c4983a2eb3d60f,40.0,male,trunk,Trunk,3,3,,False
milk10k,milk10k,images/ISIC_5636046.jpg,ISIC_5636046,bkl,g3817,external_test,none,3817,-1,,False,1ab9795be324c711,85.0,male,head_neck_face,Head and neck,3,3,,False
milk10k,milk10k,images/ISIC_1537765.jpg,ISIC_1537765,nv,g3818,external_test,none,3818,-1,,False,598c991839f3e60f,45.0,female,upper_extremity,Upper extremity,4,4,,False
milk10k,milk10k,images/ISIC_2020122.jpg,ISIC_2020122,bcc,g3819,external_test,none,3819,-1,,False,66fe99666698c123,55.0,female,trunk,Trunk,4,4,,False
milk10k,milk10k,images/ISIC_4282860.jpg,ISIC_4282860,mel,g3820,external_test,none,3820,-1,,False,f1c32e3c5bb34185,85.0,male,trunk,Trunk,4,4,,False
milk10k,milk10k,images/ISIC_6079632.jpg,ISIC_6079632,akiec,g3821,external_test,none,3821,-1,,True,5bc9680ba96953b5,80.0,male,head_neck_face,Head and neck,3,3,,False
milk10k,milk10k,images/ISIC_1106208.jpg,ISIC_1106208,bcc,g3822,external_test,none,3822,-1,,False,f7cedbe624988901,70.0,male,head_neck_face,Head and neck,5 (lightest),5,,False
milk10k,milk10k,images/ISIC_5335240.jpg,ISIC_5335240,akiec,g3823,external_test,none,3823,-1,,False,f9ac0c033372e9cd,80.0,male,head_neck_face,Head and neck,3,3,,False
milk10k,milk10k,images/ISIC_6119847.jpg,ISIC_6119847,inf,g3824,dropped,none,3824,-1,unmapped_class:inf,False,f2acc47a12cbfa09,10.0,male,head_neck_face,Head and neck,4,4,unmapped_class:inf,False
milk10k,milk10k,images/ISIC_9263753.jpg,ISIC_9263753,bcc,g3825,external_test,none,3825,-1,,False,7dc618f17c21a38d,45.0,male,lower_extremity,Lower extremity,4,4,,False
milk10k,milk10k,images/ISIC_0444953.jpg,ISIC_0444953,bcc,g3826,external_test,none,3826,-1,,False,6e62996666981f63,70.0,male,upper_extremity,Upper extremity,3,3,,False
milk10k,milk10k,images/ISIC_5602394.jpg,ISIC_5602394,mel,g3827,external_test,none,3827,-1,,False,623a333339c3cc8f,85.0,male,trunk,Trunk,3,3,,False
milk10k,milk10k,images/ISIC_8776361.jpg,ISIC_8776361,bcc,g3828,external_test,none,3828,-1,,False,2e236edc91b2916b,55.0,male,trunk,Trunk,3,3,,False
milk10k,milk10k,images/ISIC_9594679.jpg,ISIC_9594679,bcc,g3829,external_test,none,3829,-1,,False,a9b9ac31b41358cf,75.0,male,trunk,Trunk,3,3,,False
milk10k,milk10k,images/ISIC_8718627.jpg,ISIC_8718627,nv,g3830,external_test,none,3830,-1,,False,929c791b47e92ca5,50.0,male,trunk,Trunk,2,2,,False
milk10k,milk10k,images/ISIC_8483907.jpg,ISIC_8483907,bcc,g3831,external_test,none,3831,-1,,False,e7d02c4c6a5b1ba3,85.0,male,trunk,Trunk,3,3,,False
milk10k,milk10k,images/ISIC_4565417.jpg,ISIC_4565417,bcc,g3832,external_test,none,3832,-1,,True,329b0ec91e62eaad,75.0,male,trunk,Trunk,3,3,,False
milk10k,milk10k,images/ISIC_0529050.jpg,ISIC_0529050,mel,g3833,external_test,none,3833,-1,,True,63cc8cb27959e487,45.0,female,trunk,Trunk,3,3,,False
milk10k,milk10k,images/ISIC_2199762.jpg,ISIC_2199762,sccka,g3834,dropped,none,3834,-1,unmapped_class:sccka,False,67b3996c6cb42943,85.0,male,lower_extremity,Lower extremity,3,3,unmapped_class:sccka,False
milk10k,milk10k,images/ISIC_2759533.jpg,ISIC_2759533,mal_oth,g3835,dropped,none,3835,-1,unmapped_class:mal_oth,False,2dd9c256ab092d37,60.0,male,trunk,Trunk,2,2,unmapped_class:mal_oth,False
milk10k,milk10k,images/ISIC_6508737.jpg,ISIC_6508737,mel,g3836,external_test,none,3836,-1,,False,7824adf3d2816c1f,65.0,male,trunk,Trunk,3,3,,False
milk10k,milk10k,images/ISIC_7921865.jpg,ISIC_7921865,sccka,g3837,dropped,none,3837,-1,unmapped_class:sccka,False,27b2e7be48d8e181,80.0,male,head_neck_face,Head and neck,5 (lightest),5,unmapped_class:sccka,False
milk10k,milk10k,images/ISIC_4591575.jpg,ISIC_4591575,bcc,g3838,external_test,none,3838,-1,,False,347e80e0eb4e67a3,70.0,male,head_neck_face,Head and neck,3,3,,False
milk10k,milk10k,images/ISIC_5274972.jpg,ISIC_5274972,bcc,g3839,external_test,none,3839,-1,,False,ac36c19199db658d,70.0,female,upper_extremity,Upper extremity,3,3,,False
milk10k,milk10k,images/ISIC_7227216.jpg,ISIC_7227216,bcc,g3840,external_test,none,3840,-1,,False,895aa152af429fab,60.0,female,lower_extremity,Lower extremity,4,4,,False
milk10k,milk10k,images/ISIC_4218751.jpg,ISIC_4218751,mel,g3841,external_test,none,3841,-1,,False,3e1861598fa3b0dd,70.0,female,trunk,Trunk,2,2,,False
milk10k,milk10k,images/ISIC_0738113.jpg,ISIC_0738113,bkl,g3842,external_test,none,3842,-1,,False,d94b79492929d687,80.0,male,trunk,Trunk,3,3,,False
milk10k,milk10k,images/ISIC_4977351.jpg,ISIC_4977351,sccka,g3843,dropped,none,3843,-1,unmapped_class:sccka,False,10f54a830f230fff,85.0,male,head_neck_face,Head and neck,3,3,unmapped_class:sccka,False
milk10k,milk10k,images/ISIC_0153376.jpg,ISIC_0153376,bcc,g3844,external_test,none,3844,-1,,False,accb05d88fa4e86b,80.0,male,trunk,Trunk,3,3,,False
milk10k,milk10k,images/ISIC_0951274.jpg,ISIC_0951274,nv,g3845,external_test,none,3845,-1,,False,913366cc9b196765,35.0,female,lower_extremity,Lower extremity,5 (lightest),5,,False
milk10k,milk10k,images/ISIC_7742545.jpg,ISIC_7742545,sccka,g3846,dropped,none,3846,-1,unmapped_class:sccka,False,1c8ec4b293a66e6b,80.0,female,lower_extremity,Lower extremity,3,3,unmapped_class:sccka,False
milk10k,milk10k,images/ISIC_2288726.jpg,ISIC_2288726,bcc,g3847,external_test,none,3847,-1,,False,7886057716cee8b9,80.0,male,head_neck_face,Head and neck,4,4,,False
milk10k,milk10k,images/ISIC_8361955.jpg,ISIC_8361955,nv,g3848,external_test,none,3848,-1,,False,33b26959e3619ca5,40.0,male,trunk,Trunk,5 (lightest),5,,False
milk10k,milk10k,images/ISIC_6755281.jpg,ISIC_6755281,bcc,g3849,external_test,none,3849,-1,,False,31744c5bd9b3262d,55.0,female,lower_extremity,Lower extremity,5 (lightest),5,,False
milk10k,milk10k,images/ISIC_7517022.jpg,ISIC_7517022,bcc,g3850,external_test,none,3850,-1,,False,36c3992764dcde21,80.0,male,upper_extremity,Upper extremity,3,3,,False
milk10k,milk10k,images/ISIC_1597752.jpg,ISIC_1597752,bcc,g3851,external_test,none,3851,-1,,False,5e0da31b0c81b57f,50.0,male,lower_extremity,Lower extremity,3,3,,False
milk10k,milk10k,images/ISIC_4662348.jpg,ISIC_4662348,bcc,g3852,external_test,none,3852,-1,,False,f37a2ccc44339e0d,75.0,female,upper_extremity,Upper extremity,3,3,,False
milk10k,milk10k,images/ISIC_2282699.jpg,ISIC_2282699,bcc,g3853,external_test,none,3853,-1,,True,19763bb264aaf8a1,55.0,male,head_neck_face,Head and neck,3,3,,False
milk10k,milk10k,images/ISIC_7760822.jpg,ISIC_7760822,bcc,g3854,external_test,none,3854,-1,,False,ad73c61ed8340b8b,75.0,female,head_neck_face,Head and neck,3,3,,False
milk10k,milk10k,images/ISIC_5151650.jpg,ISIC_5151650,bkl,g3855,external_test,none,3855,-1,,False,996919f36c43a62d,65.0,male,trunk,Trunk,4,4,,False
milk10k,milk10k,images/ISIC_1124994.jpg,ISIC_1124994,bcc,g3856,external_test,none,3856,-1,,False,deeafba0ee00ad01,50.0,female,head_neck_face,Head and neck,3,3,,False
milk10k,milk10k,images/ISIC_8391328.jpg,ISIC_8391328,bcc,g3857,external_test,none,3857,-1,,False,d0a2db1ad4e267a9,65.0,female,lower_extremity,Lower extremity,5 (lightest),5,,False
milk10k,milk10k,images/ISIC_7978498.jpg,ISIC_7978498,mel,g3858,external_test,none,3858,-1,,False,96565b3039c3e4ad,75.0,male,lower_extremity,Lower extremity,3,3,,False
milk10k,milk10k,images/ISIC_8352723.jpg,ISIC_8352723,bkl,g3859,external_test,none,3859,-1,,False,2c7cbd86c289bd61,75.0,male,head_neck_face,Head and neck,3,3,,False
milk10k,milk10k,images/ISIC_5434141.jpg,ISIC_5434141,bcc,g3860,external_test,none,3860,-1,,False,efea2c22d788b921,40.0,female,upper_extremity,Upper extremity,3,3,,False
milk10k,milk10k,images/ISIC_7716315.jpg,ISIC_7716315,bkl,g3861,external_test,none,3861,-1,,False,e0b46f96994919b5,70.0,male,trunk,Trunk,4,4,,False
milk10k,milk10k,images/ISIC_6248808.jpg,ISIC_6248808,bcc,g3862,external_test,none,3862,-1,,False,f9662732f198cc23,70.0,male,upper_extremity,Upper extremity,3,3,,False
milk10k,milk10k,images/ISIC_4859968.jpg,ISIC_4859968,bcc,g3863,external_test,none,3863,-1,,False,cc8e3938d9c3272d,70.0,male,lower_extremity,Lower extremity,4,4,,False
milk10k,milk10k,images/ISIC_8566440.jpg,ISIC_8566440,nv,g3864,external_test,none,3864,-1,,False,659ca6189ee1e987,40.0,female,trunk,Trunk,2,2,,False
milk10k,milk10k,images/ISIC_8825637.jpg,ISIC_8825637,inf,g3865,dropped,none,3865,-1,unmapped_class:inf,False,99f238f9e42b4e81,75.0,male,lower_extremity,Lower extremity,3,3,unmapped_class:inf,False
milk10k,milk10k,images/ISIC_7326842.jpg,ISIC_7326842,akiec,g3866,external_test,none,3866,-1,,False,d2683da0eb2a1bab,45.0,male,head_neck_face,Head and neck,3,3,,False
milk10k,milk10k,images/ISIC_5788717.jpg,ISIC_5788717,nv,g3867,external_test,none,3867,-1,,False,c35b07491e296cf5,25.0,male,,,2,2,,False
milk10k,milk10k,images/ISIC_4158219.jpg,ISIC_4158219,bcc,g3868,external_test,none,3868,-1,,True,57c4f5a4fa911a0d,80.0,male,trunk,Trunk,3,3,,False
milk10k,milk10k,images/ISIC_7372306.jpg,ISIC_7372306,bcc,g3869,external_test,none,3869,-1,,True,b13c4959b4c38b2f,70.0,male,trunk,Trunk,2,2,,False
milk10k,milk10k,images/ISIC_6664237.jpg,ISIC_6664237,bcc,g3870,external_test,none,3870,-1,,False,e415d3aa6f11a8ab,65.0,female,lower_extremity,Lower extremity,3,3,,False
milk10k,milk10k,images/ISIC_8734016.jpg,ISIC_8734016,sccka,g3871,dropped,none,3871,-1,unmapped_class:sccka,False,b9fbc6cc98818347,85.0,female,upper_extremity,Upper extremity,4,4,unmapped_class:sccka,False
milk10k,milk10k,images/ISIC_9759173.jpg,ISIC_9759173,nv,g3872,external_test,none,3872,-1,,True,d966363471d38e0d,30.0,male,lower_extremity,Lower extremity,0-1 (darkest),1,,False
milk10k,milk10k,images/ISIC_7623387.jpg,ISIC_7623387,bcc,g3873,external_test,none,3873,-1,,False,3736a7da46e8cd01,85.0,male,trunk,Trunk,3,3,,False
milk10k,milk10k,images/ISIC_6074880.jpg,ISIC_6074880,bcc,g3874,external_test,none,3874,-1,,False,7f4e2de291ee3801,85.0,female,head_neck_face,Head and neck,4,4,,False
milk10k,milk10k,images/ISIC_5149324.jpg,ISIC_5149324,bkl,g3875,external_test,none,3875,-1,,False,f898cac311437bad,60.0,female,head_neck_face,Head and neck,2,2,,False
milk10k,milk10k,images/ISIC_2611469.jpg,ISIC_2611469,sccka,g3876,dropped,none,3876,-1,unmapped_class:sccka,False,cb54352e4ed0f12b,55.0,male,trunk,Trunk,3,3,unmapped_class:sccka,False
milk10k,milk10k,images/ISIC_4626097.jpg,ISIC_4626097,nv,g3877,external_test,none,3877,-1,,False,9e275380a6db992d,75.0,male,trunk,Trunk,3,3,,False
milk10k,milk10k,images/ISIC_5469285.jpg,ISIC_5469285,bcc,g3878,external_test,none,3878,-1,,False,d2915cb2cecab781,85.0,female,upper_extremity,Upper extremity,3,3,,False
milk10k,milk10k,images/ISIC_4581953.jpg,ISIC_4581953,bcc,g3879,external_test,none,3879,-1,,False,2bf8c27a6fe03c81,70.0,male,lower_extremity,Lower extremity,3,3,,False
milk10k,milk10k,images/ISIC_2578355.jpg,ISIC_2578355,bcc,g3880,external_test,none,3880,-1,,True,629926839e23e9dd,65.0,male,trunk,Trunk,4,4,,False
milk10k,milk10k,images/ISIC_5996846.jpg,ISIC_5996846,bcc,g3881,external_test,none,3881,-1,,False,8a6624e39793f42b,45.0,female,lower_extremity,Lower extremity,4,4,,False
milk10k,milk10k,images/ISIC_8854712.jpg,ISIC_8854712,bcc,g3882,external_test,none,3882,-1,,True,6f50ceae79385641,65.0,male,head_neck_face,Head and neck,5 (lightest),5,,False
milk10k,milk10k,images/ISIC_8285122.jpg,ISIC_8285122,mel,g3883,external_test,none,3883,-1,,False,0919f1ce83a3e69d,70.0,male,trunk,Trunk,3,3,,False
milk10k,milk10k,images/ISIC_9736851.jpg,ISIC_9736851,bcc,g3884,external_test,none,3884,-1,,False,1fea07866fd97021,65.0,male,trunk,Trunk,3,3,,False
milk10k,milk10k,images/ISIC_1234193.jpg,ISIC_1234193,bcc,g3885,external_test,none,3885,-1,,True,99967138b663dc89,55.0,male,trunk,Trunk,3,3,,False
milk10k,milk10k,images/ISIC_6559313.jpg,ISIC_6559313,bcc,g3886,external_test,none,3886,-1,,False,f2463f8abe0aa8a9,70.0,male,lower_extremity,Lower extremity,3,3,,False
milk10k,milk10k,images/ISIC_9460959.jpg,ISIC_9460959,bcc,g3887,external_test,none,3887,-1,,False,6c56f3ae839a9289,55.0,male,trunk,Trunk,4,4,,False
milk10k,milk10k,images/ISIC_7734472.jpg,ISIC_7734472,bcc,g3888,external_test,none,3888,-1,,False,66fe9b646498116b,65.0,male,head_neck_face,Head and neck,5 (lightest),5,,False
milk10k,milk10k,images/ISIC_6488682.jpg,ISIC_6488682,bkl,g3889,external_test,none,3889,-1,,False,e72e3986565a530b,50.0,male,trunk,Trunk,3,3,,False
milk10k,milk10k,images/ISIC_4075850.jpg,ISIC_4075850,sccka,g3890,dropped,none,3890,-1,unmapped_class:sccka,False,fc989b44f8326369,80.0,male,head_neck_face,Head and neck,3,3,unmapped_class:sccka,False
milk10k,milk10k,images/ISIC_2613076.jpg,ISIC_2613076,bkl,g3891,external_test,none,3891,-1,,False,7ba37c289aa3e10b,65.0,male,lower_extremity,Lower extremity,3,3,,False
milk10k,milk10k,images/ISIC_6241374.jpg,ISIC_6241374,bcc,g3892,external_test,none,3892,-1,,False,07bf0706bca49b63,70.0,female,head_neck_face,Head and neck,5 (lightest),5,,False
milk10k,milk10k,images/ISIC_1446269.jpg,ISIC_1446269,bcc,g3893,external_test,none,3893,-1,,True,cfb033ecce303d81,75.0,male,trunk,Trunk,3,3,,False
milk10k,milk10k,images/ISIC_3302562.jpg,ISIC_3302562,bcc,g3894,external_test,none,3894,-1,,False,b21e0d6ae7f21e81,50.0,male,trunk,Trunk,3,3,,False
milk10k,milk10k,images/ISIC_6953221.jpg,ISIC_6953221,nv,g3895,external_test,none,3895,-1,,False,1a863371c9f3ac8d,60.0,male,upper_extremity,Upper extremity,3,3,,False
milk10k,milk10k,images/ISIC_4232474.jpg,ISIC_4232474,bcc,g3896,external_test,none,3896,-1,,False,9b666a98b6714a8b,85.0,female,upper_extremity,Upper extremity,3,3,,False
milk10k,milk10k,images/ISIC_5879011.jpg,ISIC_5879011,nv,g3897,external_test,none,3897,-1,,True,0ce7e19883c17ced,40.0,female,head_neck_face,Head and neck,3,3,,False
milk10k,milk10k,images/ISIC_2770352.jpg,ISIC_2770352,bcc,g3898,external_test,none,3898,-1,,False,41b8cecce21aeda9,55.0,male,trunk,Trunk,3,3,,False
milk10k,milk10k,images/ISIC_3483103.jpg,ISIC_3483103,bcc,g3899,external_test,none,3899,-1,,False,a664f0de1cf8aa0b,50.0,male,trunk,Trunk,3,3,,False
milk10k,milk10k,images/ISIC_1764656.jpg,ISIC_1764656,akiec,g3900,external_test,none,3900,-1,,False,6711dc2b53092fe3,70.0,male,head_neck_face,Head and neck,3,3,,False
milk10k,milk10k,images/ISIC_2490728.jpg,ISIC_2490728,bcc,g3901,external_test,none,3901,-1,,False,b2727eb44496e88b,75.0,male,upper_extremity,Upper extremity,3,3,,False
milk10k,milk10k,images/ISIC_4353551.jpg,ISIC_4353551,bcc,g3902,external_test,none,3902,-1,,False,bdb75838e2ca5429,60.0,male,trunk,Trunk,3,3,,False
milk10k,milk10k,images/ISIC_5897869.jpg,ISIC_5897869,bcc,g3903,external_test,none,3903,-1,,False,fb6aa90eff820909,65.0,female,trunk,Trunk,3,3,,False
milk10k,milk10k,images/ISIC_1094830.jpg,ISIC_1094830,bcc,g3904,external_test,none,3904,-1,,False,c2193b633d33c4cd,80.0,female,trunk,Trunk,4,4,,False
milk10k,milk10k,images/ISIC_1818416.jpg,ISIC_1818416,bcc,g3905,external_test,none,3905,-1,,False,f8d0ff50f40258ab,70.0,female,lower_extremity,Lower extremity,3,3,,False
milk10k,milk10k,images/ISIC_6760541.jpg,ISIC_6760541,bcc,g3906,external_test,none,3906,-1,,False,f6591628cb847c6b,60.0,male,lower_extremity,Lower extremity,3,3,,False
milk10k,milk10k,images/ISIC_3101169.jpg,ISIC_3101169,bkl,g3907,external_test,none,3907,-1,,False,e23acab22af3aa0d,40.0,male,trunk,Trunk,3,3,,False
milk10k,milk10k,images/ISIC_4215075.jpg,ISIC_4215075,bcc,g3908,external_test,none,3908,-1,,False,4dc32c612e2d785f,60.0,male,trunk,Trunk,3,3,,False
milk10k,milk10k,images/ISIC_1056095.jpg,ISIC_1056095,sccka,g3909,dropped,none,3909,-1,unmapped_class:sccka,False,64acde16037abda1,80.0,male,upper_extremity,Upper extremity,3,3,unmapped_class:sccka,False
milk10k,milk10k,images/ISIC_8723086.jpg,ISIC_8723086,sccka,g3910,dropped,none,3910,-1,unmapped_class:sccka,False,39d9d93626d89923,65.0,male,head_neck_face,Head and neck,5 (lightest),5,unmapped_class:sccka,False
milk10k,milk10k,images/ISIC_1855151.jpg,ISIC_1855151,bcc,g3911,external_test,none,3911,-1,,False,2b04e5bbcc7b3225,75.0,male,head_neck_face,Head and neck,2,2,,False
milk10k,milk10k,images/ISIC_5116668.jpg,ISIC_5116668,bcc,g3912,external_test,none,3912,-1,,True,9eb099bea618c9a3,70.0,female,head_neck_face,Head and neck,4,4,,False
milk10k,milk10k,images/ISIC_4588970.jpg,ISIC_4588970,nv,g3913,external_test,none,3913,-1,,True,262c197bd3f32c0d,55.0,male,lower_extremity,Lower extremity,4,4,,False
milk10k,milk10k,images/ISIC_8790887.jpg,ISIC_8790887,sccka,g3914,dropped,none,3914,-1,unmapped_class:sccka,False,ce3ad96c66b2b881,80.0,female,lower_extremity,Lower extremity,3,3,unmapped_class:sccka,False
milk10k,milk10k,images/ISIC_1454751.jpg,ISIC_1454751,mel,g3915,external_test,none,3915,-1,,False,4cc4992c3333cecf,80.0,male,head_neck_face,Head and neck,4,4,,False
milk10k,milk10k,images/ISIC_5129863.jpg,ISIC_5129863,bcc,g3916,external_test,none,3916,-1,,False,986a3d96e6699923,80.0,male,lower_extremity,Lower extremity,3,3,,False
milk10k,milk10k,images/ISIC_0202283.jpg,ISIC_0202283,inf,g3917,dropped,none,3917,-1,unmapped_class:inf,False,8dda9b49e3e1340d,60.0,female,head_neck_face,Head and neck,3,3,unmapped_class:inf,False
milk10k,milk10k,images/ISIC_1636355.jpg,ISIC_1636355,nv,g3918,external_test,none,3918,-1,,True,bb163119a169ce97,40.0,female,lower_extremity,Lower extremity,3,3,,False
milk10k,milk10k,images/ISIC_3675883.jpg,ISIC_3675883,akiec,g3919,external_test,none,3919,-1,,False,a36cf92a5a341cf1,35.0,male,trunk,Trunk,3,3,,False
milk10k,milk10k,images/ISIC_0212251.jpg,ISIC_0212251,mel,g3920,external_test,none,3920,-1,,False,b1db53c38d890735,70.0,female,upper_extremity,Upper extremity,3,3,,False
milk10k,milk10k,images/ISIC_7292116.jpg,ISIC_7292116,bcc,g3921,external_test,none,3921,-1,,False,5a52a59072bde34b,40.0,female,trunk,Trunk,3,3,,False
milk10k,milk10k,images/ISIC_7763661.jpg,ISIC_7763661,bcc,g3922,external_test,none,3922,-1,,False,8bfcba71c801ab17,70.0,female,head_neck_face,Head and neck,3,3,,False
milk10k,milk10k,images/ISIC_1163815.jpg,ISIC_1163815,bcc,g3923,external_test,none,3923,-1,,True,6f4b47ab4f209929,85.0,female,trunk,Trunk,3,3,,False
milk10k,milk10k,images/ISIC_2126637.jpg,ISIC_2126637,mal_oth,g3924,dropped,none,3924,-1,unmapped_class:mal_oth,False,66d1e3269133ad4d,75.0,male,head_neck_face,Head and neck,3,3,unmapped_class:mal_oth,False
milk10k,milk10k,images/ISIC_0964556.jpg,ISIC_0964556,bcc,g3925,external_test,none,3925,-1,,False,72b6e4b4a3b8132b,65.0,male,head_neck_face,Head and neck,5 (lightest),5,,False
milk10k,milk10k,images/ISIC_5987390.jpg,ISIC_5987390,bcc,g3926,external_test,none,3926,-1,,False,723bc6d0b1330ced,50.0,male,upper_extremity,Upper extremity,3,3,,False
milk10k,milk10k,images/ISIC_5232516.jpg,ISIC_5232516,bcc,g3927,external_test,none,3927,-1,,True,0ccc9926c69b3d67,55.0,male,upper_extremity,Upper extremity,3,3,,False
milk10k,milk10k,images/ISIC_4325688.jpg,ISIC_4325688,bcc,g3928,external_test,none,3928,-1,,False,73621eb966a0fd09,75.0,male,lower_extremity,Lower extremity,4,4,,False
milk10k,milk10k,images/ISIC_1384590.jpg,ISIC_1384590,sccka,g3929,dropped,none,3929,-1,unmapped_class:sccka,False,f688dd66339b4261,70.0,male,head_neck_face,Head and neck,3,3,unmapped_class:sccka,False
milk10k,milk10k,images/ISIC_2666138.jpg,ISIC_2666138,bcc,g3930,external_test,none,3930,-1,,False,dbaa362a7112ee89,85.0,female,trunk,Trunk,3,3,,False
milk10k,milk10k,images/ISIC_0478881.jpg,ISIC_0478881,sccka,g3931,dropped,none,3931,-1,unmapped_class:sccka,False,cce6df22269ae08b,65.0,male,lower_extremity,Lower extremity,4,4,unmapped_class:sccka,False
milk10k,milk10k,images/ISIC_5778552.jpg,ISIC_5778552,nv,g3932,external_test,none,3932,-1,,False,b8b848f8b8ecb0b9,60.0,female,head_neck_face,Head and neck,4,4,,False
milk10k,milk10k,images/ISIC_3236056.jpg,ISIC_3236056,bcc,g3933,external_test,none,3933,-1,,False,2a935554cdd323ad,40.0,male,trunk,Trunk,3,3,,False
milk10k,milk10k,images/ISIC_3688805.jpg,ISIC_3688805,bcc,g3934,external_test,none,3934,-1,,False,609a539b99ab472d,50.0,female,trunk,Trunk,3,3,,False
milk10k,milk10k,images/ISIC_8119167.jpg,ISIC_8119167,bkl,g3935,external_test,none,3935,-1,,False,61796433c6e97925,40.0,male,head_neck_face,Head and neck,3,3,,False
milk10k,milk10k,images/ISIC_1327315.jpg,ISIC_1327315,bcc,g3936,external_test,none,3936,-1,,False,2237dc16f1cc8f29,70.0,male,head_neck_face,Head and neck,3,3,,False
milk10k,milk10k,images/ISIC_9945680.jpg,ISIC_9945680,bkl,g3937,external_test,none,3937,-1,,False,52d3a1f1270bda35,75.0,male,trunk,Trunk,3,3,,False
milk10k,milk10k,images/ISIC_9067523.jpg,ISIC_9067523,sccka,g3938,dropped,none,3938,-1,unmapped_class:sccka,False,4b32564e2613dced,75.0,female,head_neck_face,Head and neck,4,4,unmapped_class:sccka,False
milk10k,milk10k,images/ISIC_3788989.jpg,ISIC_3788989,bcc,g3939,external_test,none,3939,-1,,False,ed5c524e8e5a42ab,55.0,male,lower_extremity,Lower extremity,3,3,,False
milk10k,milk10k,images/ISIC_2641644.jpg,ISIC_2641644,nv,g3940,external_test,none,3940,-1,,False,18a4f35b03e9cc37,50.0,male,trunk,Trunk,3,3,,False
milk10k,milk10k,images/ISIC_9992648.jpg,ISIC_9992648,bcc,g3941,external_test,none,3941,-1,,False,bf08afe2f2294b09,70.0,female,head_neck_face,Head and neck,3,3,,False
milk10k,milk10k,images/ISIC_8410820.jpg,ISIC_8410820,nv,g3942,external_test,none,3942,-1,,False,6cc4b31ccc3333cd,40.0,male,trunk,Trunk,3,3,,False
milk10k,milk10k,images/ISIC_6622403.jpg,ISIC_6622403,df,g3943,external_test,none,3943,-1,,True,1ccce33c1cf3f00d,65.0,female,trunk,Trunk,3,3,,False
milk10k,milk10k,images/ISIC_1581919.jpg,ISIC_1581919,bcc,g3944,external_test,none,3944,-1,,False,c55eb50a35b3d509,75.0,male,head_neck_face,Head and neck,3,3,,False
milk10k,milk10k,images/ISIC_9408905.jpg,ISIC_9408905,bcc,g3945,external_test,none,3945,-1,,False,bf8ade284caa5781,85.0,male,trunk,Trunk,3,3,,False
milk10k,milk10k,images/ISIC_4486341.jpg,ISIC_4486341,bcc,g3946,external_test,none,3946,-1,,False,ecb00fc4373168cf,60.0,female,head_neck_face,Head and neck,3,3,,False
milk10k,milk10k,images/ISIC_3933736.jpg,ISIC_3933736,sccka,g3947,dropped,none,3947,-1,unmapped_class:sccka,False,b4be2de8c586d249,80.0,male,lower_extremity,Lower extremity,3,3,unmapped_class:sccka,False
milk10k,milk10k,images/ISIC_2334810.jpg,ISIC_2334810,bcc,g3948,external_test,none,3948,-1,,False,0096dd7ed6f078a1,75.0,male,head_neck_face,Head and neck,4,4,,False
milk10k,milk10k,images/ISIC_4345415.jpg,ISIC_4345415,bcc,g3949,external_test,none,3949,-1,,False,7cb689da70310fa9,85.0,male,head_neck_face,Head and neck,3,3,,False
milk10k,milk10k,images/ISIC_7307945.jpg,ISIC_7307945,nv,g3950,external_test,none,3950,-1,,True,983326cc993127ef,,male,lower_extremity,Lower extremity,4,4,,False
milk10k,milk10k,images/ISIC_3223440.jpg,ISIC_3223440,nv,g3951,external_test,none,3951,-1,,False,3c96d23169c9969d,60.0,male,lower_extremity,Lower extremity,5 (lightest),5,,False
milk10k,milk10k,images/ISIC_4281048.jpg,ISIC_4281048,bkl,g3952,external_test,none,3952,-1,,False,a6de9b36b99a4421,75.0,female,trunk,Trunk,4,4,,False
milk10k,milk10k,images/ISIC_8038497.jpg,ISIC_8038497,bcc,g3953,external_test,none,3953,-1,,False,751abbdae22ce803,60.0,male,upper_extremity,Upper extremity,3,3,,False
milk10k,milk10k,images/ISIC_2216126.jpg,ISIC_2216126,bcc,g3954,external_test,none,3954,-1,,False,ad48aba2f38a16ab,70.0,male,lower_extremity,Lower extremity,3,3,,False
milk10k,milk10k,images/ISIC_0301368.jpg,ISIC_0301368,bcc,g3955,external_test,none,3955,-1,,True,5681d99c78768f0b,75.0,male,head_neck_face,Head and neck,5 (lightest),5,,False
milk10k,milk10k,images/ISIC_0818540.jpg,ISIC_0818540,bcc,g3956,external_test,none,3956,-1,,False,db38e48673387aa1,65.0,female,head_neck_face,Head and neck,3,3,,False
milk10k,milk10k,images/ISIC_0968530.jpg,ISIC_0968530,bcc,g3957,external_test,none,3957,-1,,False,4778077c833cc739,40.0,female,upper_extremity,Upper extremity,3,3,,False
milk10k,milk10k,images/ISIC_4509108.jpg,ISIC_4509108,nv,g3958,external_test,none,3958,-1,,False,71322333b2d94d8f,30.0,female,trunk,Trunk,3,3,,False
milk10k,milk10k,images/ISIC_3852630.jpg,ISIC_3852630,bkl,g3959,external_test,none,3959,-1,,True,9c3c7412a756a3ab,65.0,female,head_neck_face,Head and neck,3,3,,False
milk10k,milk10k,images/ISIC_4391368.jpg,ISIC_4391368,bkl,g3960,external_test,none,3960,-1,,False,c9bc1c764362738b,65.0,female,head_neck_face,Head and neck,4,4,,False
milk10k,milk10k,images/ISIC_4983893.jpg,ISIC_4983893,bcc,g3961,external_test,none,3961,-1,,True,95b07aead554462b,55.0,female,upper_extremity,Upper extremity,3,3,,False
milk10k,milk10k,images/ISIC_1738383.jpg,ISIC_1738383,bcc,g3962,external_test,none,3962,-1,,False,ecd69b106d38718b,80.0,male,trunk,Trunk,3,3,,False
milk10k,milk10k,images/ISIC_8639708.jpg,ISIC_8639708,akiec,g3963,external_test,none,3963,-1,,True,3e87183769c98337,75.0,female,head_neck_face,Head and neck,0-1 (darkest),1,,False
milk10k,milk10k,images/ISIC_2750525.jpg,ISIC_2750525,bcc,g3964,external_test,none,3964,-1,,False,3366713887d33c2d,75.0,female,head_neck_face,Head and neck,2,2,,False
milk10k,milk10k,images/ISIC_3869200.jpg,ISIC_3869200,bcc,g3965,external_test,none,3965,-1,,True,2379cccc5133aacd,65.0,male,trunk,Trunk,4,4,,False
milk10k,milk10k,images/ISIC_0855454.jpg,ISIC_0855454,bcc,g3966,external_test,none,3966,-1,,False,2ce54bd75ace5301,70.0,male,upper_extremity,Upper extremity,4,4,,False
milk10k,milk10k,images/ISIC_6202224.jpg,ISIC_6202224,bcc,g3967,external_test,none,3967,-1,,False,ffe8fe88ee00a803,40.0,female,lower_extremity,Lower extremity,3,3,,False
milk10k,milk10k,images/ISIC_6934396.jpg,ISIC_6934396,bcc,g3968,external_test,none,3968,-1,,False,d652acb64ba925c3,65.0,female,trunk,Trunk,3,3,,False
milk10k,milk10k,images/ISIC_1029957.jpg,ISIC_1029957,nv,g3969,external_test,none,3969,-1,,False,72b6835a3ca94357,65.0,male,trunk,Trunk,4,4,,False
milk10k,milk10k,images/ISIC_0867368.jpg,ISIC_0867368,ben_oth,g3970,dropped,none,3970,-1,unmapped_class:ben_oth,False,6cb90964e792978b,55.0,female,trunk,Trunk,3,3,unmapped_class:ben_oth,False
milk10k,milk10k,images/ISIC_9256618.jpg,ISIC_9256618,bcc,g3971,external_test,none,3971,-1,,False,29d8b5668fd81723,65.0,male,head_neck_face,Head and neck,3,3,,False
milk10k,milk10k,images/ISIC_5745809.jpg,ISIC_5745809,bkl,g3972,external_test,none,3972,-1,,False,e7491c26f3d30c2d,60.0,male,trunk,Trunk,2,2,,False
milk10k,milk10k,images/ISIC_1556864.jpg,ISIC_1556864,bcc,g3973,external_test,none,3973,-1,,False,ed4d2573343360e5,65.0,male,upper_extremity,Upper extremity,3,3,,False
milk10k,milk10k,images/ISIC_9178763.jpg,ISIC_9178763,bcc,g3974,external_test,none,3974,-1,,True,b3960e66f318f1a1,65.0,female,lower_extremity,Lower extremity,4,4,,False
milk10k,milk10k,images/ISIC_6351671.jpg,ISIC_6351671,sccka,g3975,dropped,none,3975,-1,unmapped_class:sccka,False,c6661e1e0b81b17f,85.0,male,lower_extremity,Lower extremity,3,3,unmapped_class:sccka,False
milk10k,milk10k,images/ISIC_5728378.jpg,ISIC_5728378,bkl,g3976,external_test,none,3976,-1,,False,7026617387d3cc2f,75.0,male,head_neck_face,Head and neck,3,3,,False
milk10k,milk10k,images/ISIC_3151108.jpg,ISIC_3151108,bcc,g3977,external_test,none,3977,-1,,False,33e4d993a3c9ce05,75.0,female,trunk,Trunk,3,3,,False
milk10k,milk10k,images/ISIC_2907125.jpg,ISIC_2907125,bkl,g3978,external_test,none,3978,-1,,False,26aed99266c299ab,45.0,female,upper_extremity,Upper extremity,3,3,,False
milk10k,milk10k,images/ISIC_4473773.jpg,ISIC_4473773,nv,g3979,external_test,none,3979,-1,,False,51cc99b266d93167,35.0,male,trunk,Trunk,4,4,,False
milk10k,milk10k,images/ISIC_9588487.jpg,ISIC_9588487,mel,g3980,external_test,none,3980,-1,,False,9e99cd992e713027,55.0,male,head_neck_face,Head and neck,2,2,,False
milk10k,milk10k,images/ISIC_1272616.jpg,ISIC_1272616,bkl,g3981,external_test,none,3981,-1,,False,659194392969d6d7,60.0,female,upper_extremity,Upper extremity,4,4,,False
milk10k,milk10k,images/ISIC_1639468.jpg,ISIC_1639468,bcc,g3982,external_test,none,3982,-1,,True,1fa8dd0ac90a8fab,55.0,female,upper_extremity,Upper extremity,3,3,,False
milk10k,milk10k,images/ISIC_1445820.jpg,ISIC_1445820,akiec,g3983,external_test,none,3983,-1,,False,078a3d2bc0abeaad,60.0,female,upper_extremity,Upper extremity,3,3,,False
milk10k,milk10k,images/ISIC_3612044.jpg,ISIC_3612044,nv,g3984,external_test,none,3984,-1,,False,650c994c6799996f,65.0,male,trunk,Trunk,3,3,,False
milk10k,milk10k,images/ISIC_5378143.jpg,ISIC_5378143,bkl,g3985,external_test,none,3985,-1,,True,660e436c4be63cab,70.0,female,trunk,Trunk,3,3,,False
milk10k,milk10k,images/ISIC_8894147.jpg,ISIC_8894147,nv,g3986,external_test,none,3986,-1,,False,664c94967979a687,40.0,male,trunk,Trunk,3,3,,False
milk10k,milk10k,images/ISIC_7640631.jpg,ISIC_7640631,mel,g3987,dropped,none,3987,-1,duplicate_of_ham10000,False,0e63e6f31c53b10d,60.0,male,upper_extremity,Upper extremity,2,2,duplicate_of_ham10000,False
milk10k,milk10k,images/ISIC_2597603.jpg,ISIC_2597603,bcc,g3988,external_test,none,3988,-1,,False,b4268f3e6998e3a1,50.0,male,trunk,Trunk,3,3,,False
milk10k,milk10k,images/ISIC_5185179.jpg,ISIC_5185179,bcc,g3989,external_test,none,3989,-1,,False,829b57b18de9540f,70.0,male,trunk,Trunk,3,3,,False
milk10k,milk10k,images/ISIC_7274523.jpg,ISIC_7274523,akiec,g3990,external_test,none,3990,-1,,False,cd7899c33ca28759,65.0,male,lower_extremity,Lower extremity,3,3,,False
milk10k,milk10k,images/ISIC_8731413.jpg,ISIC_8731413,akiec,g3991,external_test,none,3991,-1,,False,ccd0d3d0ceab126b,85.0,male,trunk,Trunk,3,3,,False
milk10k,milk10k,images/ISIC_7799008.jpg,ISIC_7799008,nv,g3992,external_test,none,3992,-1,,False,0d396971f1c39695,35.0,female,trunk,Trunk,4,4,,False
milk10k,milk10k,images/ISIC_1663532.jpg,ISIC_1663532,bcc,g3993,external_test,none,3993,-1,,False,4666e5d6826d4cd3,70.0,male,trunk,Trunk,4,4,,False
milk10k,milk10k,images/ISIC_2048164.jpg,ISIC_2048164,bkl,g3994,external_test,none,3994,-1,,True,b7b25479ad829329,55.0,female,upper_extremity,Upper extremity,3,3,,False
milk10k,milk10k,images/ISIC_0681143.jpg,ISIC_0681143,bcc,g3995,external_test,none,3995,-1,,True,256cc592b649cba7,60.0,female,upper_extremity,Upper extremity,3,3,,False
milk10k,milk10k,images/ISIC_6212007.jpg,ISIC_6212007,mel,g3996,external_test,none,3996,-1,,False,223a1999dc1e66f9,65.0,male,trunk,Trunk,3,3,,False
milk10k,milk10k,images/ISIC_0696597.jpg,ISIC_0696597,bcc,g3997,external_test,none,3997,-1,,False,cc3039c69c3363cf,85.0,male,upper_extremity,Upper extremity,5 (lightest),5,,False
milk10k,milk10k,images/ISIC_8334167.jpg,ISIC_8334167,bcc,g3998,external_test,none,3998,-1,,False,20f8387cfe38fa21,65.0,female,lower_extremity,Lower extremity,4,4,,False
milk10k,milk10k,images/ISIC_8025582.jpg,ISIC_8025582,akiec,g3999,external_test,none,3999,-1,,False,b3c30e1ce3c3293b,50.0,male,head_neck_face,Head and neck,4,4,,False
milk10k,milk10k,images/ISIC_7646924.jpg,ISIC_7646924,vasc,g4000,external_test,none,4000,-1,,False,c9198e79f3692487,35.0,female,lower_extremity,Lower extremity,3,3,,False
milk10k,milk10k,images/ISIC_8372465.jpg,ISIC_8372465,bcc,g4001,external_test,none,4001,-1,,False,6d2c4cde61627b83,55.0,female,trunk,Trunk,3,3,,False
milk10k,milk10k,images/ISIC_4254772.jpg,ISIC_4254772,mel,g4002,external_test,none,4002,-1,,False,cc62a682737b9c2d,65.0,male,head_neck_face,Head and neck,2,2,,False
milk10k,milk10k,images/ISIC_1653372.jpg,ISIC_1653372,bcc,g4003,external_test,none,4003,-1,,False,729e95216c2153df,60.0,male,upper_extremity,Upper extremity,3,3,,False
milk10k,milk10k,images/ISIC_3032522.jpg,ISIC_3032522,bcc,g4004,external_test,none,4004,-1,,False,c9903e096d6e6d59,55.0,male,lower_extremity,Lower extremity,3,3,,False
milk10k,milk10k,images/ISIC_9175575.jpg,ISIC_9175575,nv,g4005,external_test,none,4005,-1,,True,4cce362cd9f3260d,10.0,female,upper_extremity,Upper extremity,3,3,,False
milk10k,milk10k,images/ISIC_8268192.jpg,ISIC_8268192,bcc,g4006,external_test,none,4006,-1,,False,ff0a3a0a582ae9ab,65.0,female,upper_extremity,Upper extremity,3,3,,False
milk10k,milk10k,images/ISIC_6791466.jpg,ISIC_6791466,bcc,g4007,external_test,none,4007,-1,,False,6499d9662c99d327,55.0,male,trunk,Trunk,3,3,,False
milk10k,milk10k,images/ISIC_3934885.jpg,ISIC_3934885,bcc,g4008,external_test,none,4008,-1,,True,973c4e38ec8672a9,60.0,female,head_neck_face,Head and neck,4,4,,False
milk10k,milk10k,images/ISIC_3050521.jpg,ISIC_3050521,bcc,g4009,external_test,none,4009,-1,,False,3be23c86d582e62b,70.0,male,trunk,Trunk,3,3,,False
milk10k,milk10k,images/ISIC_4721060.jpg,ISIC_4721060,bcc,g4010,external_test,none,4010,-1,,False,0eea8df49eca2b81,45.0,female,upper_extremity,Upper extremity,3,3,,False
milk10k,milk10k,images/ISIC_5819591.jpg,ISIC_5819591,bcc,g4011,external_test,none,4011,-1,,False,1f0cd3b6669a9923,70.0,female,upper_extremity,Upper extremity,3,3,,False
milk10k,milk10k,images/ISIC_1386264.jpg,ISIC_1386264,bcc,g4012,external_test,none,4012,-1,,True,9cc367fc2672d901,40.0,female,upper_extremity,Upper extremity,3,3,,False
milk10k,milk10k,images/ISIC_1997951.jpg,ISIC_1997951,bcc,g4013,external_test,none,4013,-1,,False,7a2c6996d66ca193,65.0,male,lower_extremity,Lower extremity,3,3,,False
milk10k,milk10k,images/ISIC_1464557.jpg,ISIC_1464557,nv,g4014,external_test,none,4014,-1,,False,7c07967c390bc363,70.0,male,trunk,Trunk,2,2,,False
milk10k,milk10k,images/ISIC_7034620.jpg,ISIC_7034620,bcc,g4015,external_test,none,4015,-1,,False,a59fece09cb06343,75.0,male,upper_extremity,Upper extremity,3,3,,False
milk10k,milk10k,images/ISIC_3317755.jpg,ISIC_3317755,bcc,g4016,external_test,none,4016,-1,,False,4d7873ca1c28ee8b,65.0,male,trunk,Trunk,3,3,,False
milk10k,milk10k,images/ISIC_9204844.jpg,ISIC_9204844,bcc,g4017,external_test,none,4017,-1,,False,bad1d50cda1aaa2b,65.0,male,head_neck_face,Head and neck,4,4,,False
milk10k,milk10k,images/ISIC_6451701.jpg,ISIC_6451701,bcc,g4018,external_test,none,4018,-1,,False,0c6a67a93c33cacd,65.0,male,lower_extremity,Lower extremity,3,3,,False
milk10k,milk10k,images/ISIC_5258143.jpg,ISIC_5258143,sccka,g4019,dropped,none,4019,-1,unmapped_class:sccka,False,d96824b6cb4cc733,85.0,female,lower_extremity,Lower extremity,4,4,unmapped_class:sccka,False
milk10k,milk10k,images/ISIC_3454940.jpg,ISIC_3454940,nv,g4020,external_test,none,4020,-1,,False,cc6e7a30ac2993d5,50.0,female,trunk,Trunk,2,2,,False
milk10k,milk10k,images/ISIC_3606192.jpg,ISIC_3606192,bcc,g4021,external_test,none,4021,-1,,True,cab2da6aeea0ad81,75.0,female,upper_extremity,Upper extremity,3,3,,False
milk10k,milk10k,images/ISIC_1649554.jpg,ISIC_1649554,nv,g4022,external_test,none,4022,-1,,True,59a6c9da2609b877,40.0,male,trunk,Trunk,5 (lightest),5,,False
milk10k,milk10k,images/ISIC_3906512.jpg,ISIC_3906512,bkl,g4023,external_test,none,4023,-1,,True,eefcd4e69a38c041,70.0,male,head_neck_face,Head and neck,3,3,,False
milk10k,milk10k,images/ISIC_4648640.jpg,ISIC_4648640,akiec,g4024,external_test,none,4024,-1,,False,b1a84b38d98336eb,55.0,male,head_neck_face,Head and neck,3,3,,False
milk10k,milk10k,images/ISIC_9532049.jpg,ISIC_9532049,nv,g4025,external_test,none,4025,-1,,True,8c63b99666a98957,45.0,male,trunk,Trunk,3,3,,False
milk10k,milk10k,images/ISIC_6749742.jpg,ISIC_6749742,mel,g4026,external_test,none,4026,-1,,False,d2eab3ea16a94d81,75.0,male,head_neck_face,Head and neck,4,4,,False
milk10k,milk10k,images/ISIC_1558061.jpg,ISIC_1558061,akiec,g4027,external_test,none,4027,-1,,True,763ad8ced3f21881,80.0,male,upper_extremity,Upper extremity,3,3,,False
milk10k,milk10k,images/ISIC_6141128.jpg,ISIC_6141128,vasc,g4028,external_test,none,4028,-1,,False,2626999c63d98c6f,80.0,male,trunk,Trunk,5 (lightest),5,,False
milk10k,milk10k,images/ISIC_7242927.jpg,ISIC_7242927,sccka,g4029,dropped,none,4029,-1,unmapped_class:sccka,False,b6a2f782968bd0a5,85.0,male,head_neck_face,Head and neck,3,3,unmapped_class:sccka,False
milk10k,milk10k,images/ISIC_5923153.jpg,ISIC_5923153,bcc,g4030,external_test,none,4030,-1,,True,377309e2d90e338b,60.0,male,head_neck_face,Head and neck,3,3,,False
milk10k,milk10k,images/ISIC_8032507.jpg,ISIC_8032507,nv,g4031,external_test,none,4031,-1,,False,99b2b371e3594c25,55.0,male,trunk,Trunk,5 (lightest),5,,False
milk10k,milk10k,images/ISIC_3392397.jpg,ISIC_3392397,bcc,g4032,external_test,none,4032,-1,,False,154cdbc8dbd82723,60.0,male,lower_extremity,Lower extremity,3,3,,False
milk10k,milk10k,images/ISIC_6908533.jpg,ISIC_6908533,sccka,g4033,dropped,none,4033,-1,unmapped_class:sccka,False,b323c2e389997ca5,75.0,female,head_neck_face,Head and neck,3,3,unmapped_class:sccka,False
milk10k,milk10k,images/ISIC_1344355.jpg,ISIC_1344355,bcc,g4034,external_test,none,4034,-1,,True,37e36074c7ccc703,65.0,male,trunk,Trunk,4,4,,False
milk10k,milk10k,images/ISIC_3518720.jpg,ISIC_3518720,bcc,g4035,external_test,none,4035,-1,,False,9264b996660be9a7,75.0,male,head_neck_face,Head and neck,3,3,,False
milk10k,milk10k,images/ISIC_2533333.jpg,ISIC_2533333,bcc,g4036,external_test,none,4036,-1,,False,cbdb3964a5d206a9,80.0,male,trunk,Trunk,3,3,,False
milk10k,milk10k,images/ISIC_1814482.jpg,ISIC_1814482,bcc,g4037,external_test,none,4037,-1,,False,cd213ecccc32f28b,85.0,male,head_neck_face,Head and neck,3,3,,False
milk10k,milk10k,images/ISIC_0811266.jpg,ISIC_0811266,nv,g4038,external_test,none,4038,-1,,False,469999664c9b3367,30.0,female,lower_extremity,Lower extremity,0-1 (darkest),1,,False
milk10k,milk10k,images/ISIC_3322515.jpg,ISIC_3322515,nv,g4039,external_test,none,4039,-1,,False,ea98696e649a99a3,15.0,male,head_neck_face,Head and neck,3,3,,False
milk10k,milk10k,images/ISIC_7646698.jpg,ISIC_7646698,bcc,g4040,external_test,none,4040,-1,,False,f8e822e165a8de53,55.0,male,upper_extremity,Upper extremity,5 (lightest),5,,False
milk10k,milk10k,images/ISIC_1564298.jpg,ISIC_1564298,bcc,g4041,external_test,none,4041,-1,,False,e8f4179e0e1690f9,60.0,male,lower_extremity,Lower extremity,3,3,,False
milk10k,milk10k,images/ISIC_4851185.jpg,ISIC_4851185,mel,g4042,external_test,none,4042,-1,,False,21932acb6eb5923b,70.0,female,head_neck_face,Head and neck,4,4,,False
milk10k,milk10k,images/ISIC_5350286.jpg,ISIC_5350286,bcc,g4043,external_test,none,4043,-1,,False,2d4e95137c236557,80.0,female,trunk,Trunk,3,3,,False
milk10k,milk10k,images/ISIC_3122147.jpg,ISIC_3122147,bcc,g4044,external_test,none,4044,-1,,False,3f65fc782490e2a3,60.0,male,trunk,Trunk,3,3,,False
milk10k,milk10k,images/ISIC_9710618.jpg,ISIC_9710618,bcc,g4045,external_test,none,4045,-1,,False,6e38d39a9de34b01,75.0,male,foot,Lower extremity,3,3,,False
milk10k,milk10k,images/ISIC_7006889.jpg,ISIC_7006889,bcc,g4046,external_test,none,4046,-1,,False,b4eb66031bfccc81,65.0,male,head_neck_face,Head and neck,5 (lightest),5,,False
milk10k,milk10k,images/ISIC_4988567.jpg,ISIC_4988567,bcc,g4047,external_test,none,4047,-1,,True,f682518e727af581,70.0,female,upper_extremity,Upper extremity,3,3,,False
milk10k,milk10k,images/ISIC_2567983.jpg,ISIC_2567983,bcc,g4048,external_test,none,4048,-1,,False,3d28cf4e96815973,65.0,male,trunk,Trunk,3,3,,False
milk10k,milk10k,images/ISIC_4191448.jpg,ISIC_4191448,bkl,g4049,external_test,none,4049,-1,,False,cc768ef0f90e85a1,40.0,male,trunk,Trunk,4,4,,False
milk10k,milk10k,images/ISIC_3836648.jpg,ISIC_3836648,nv,g4050,external_test,none,4050,-1,,False,638649369673b98d,50.0,female,upper_extremity,Upper extremity,4,4,,False
milk10k,milk10k,images/ISIC_5909840.jpg,ISIC_5909840,akiec,g4051,external_test,none,4051,-1,,False,719cc3314f49b1a7,75.0,female,lower_extremity,Lower extremity,3,3,,False
milk10k,milk10k,images/ISIC_4345273.jpg,ISIC_4345273,nv,g4052,external_test,none,4052,-1,,False,e619867198630faf,25.0,female,head_neck_face,Head and neck,3,3,,False
milk10k,milk10k,images/ISIC_1066229.jpg,ISIC_1066229,sccka,g4053,dropped,none,4053,-1,unmapped_class:sccka,False,7f4c53382be0ed21,65.0,male,trunk,Trunk,3,3,unmapped_class:sccka,False
milk10k,milk10k,images/ISIC_3741929.jpg,ISIC_3741929,bcc,g4054,dropped,none,4054,-1,duplicate_of_ham10000,False,f3b0570a43849fe3,80.0,female,trunk,Trunk,3,3,duplicate_of_ham10000,False
milk10k,milk10k,images/ISIC_5197331.jpg,ISIC_5197331,bkl,g4055,external_test,none,4055,-1,,False,af5855098ba12bd7,55.0,male,lower_extremity,Lower extremity,4,4,,False
milk10k,milk10k,images/ISIC_0450405.jpg,ISIC_0450405,mel,g4056,external_test,none,4056,-1,,False,b1761ec9e1290757,55.0,male,trunk,Trunk,3,3,,False
milk10k,milk10k,images/ISIC_4167447.jpg,ISIC_4167447,sccka,g4057,dropped,none,4057,-1,unmapped_class:sccka,False,d56acb0ef0b0a52b,75.0,female,trunk,Trunk,3,3,unmapped_class:sccka,False
milk10k,milk10k,images/ISIC_7702191.jpg,ISIC_7702191,nv,g4058,external_test,none,4058,-1,,True,36cc3033cb732ccd,45.0,female,trunk,Trunk,3,3,,False
milk10k,milk10k,images/ISIC_6462791.jpg,ISIC_6462791,akiec,g4059,external_test,none,4059,-1,,False,6733994e64b0dea1,70.0,male,head_neck_face,Head and neck,3,3,,False
milk10k,milk10k,images/ISIC_0124764.jpg,ISIC_0124764,bcc,g4060,external_test,none,4060,-1,,False,c13b79a16516867b,40.0,female,trunk,Trunk,4,4,,False
milk10k,milk10k,images/ISIC_0569067.jpg,ISIC_0569067,df,g4061,external_test,none,4061,-1,,True,de2cb48b192969a7,35.0,male,upper_extremity,Upper extremity,3,3,,False
milk10k,milk10k,images/ISIC_8159052.jpg,ISIC_8159052,bcc,g4062,external_test,none,4062,-1,,False,f33244aa49fab6a1,50.0,female,trunk,Trunk,3,3,,False
milk10k,milk10k,images/ISIC_2501558.jpg,ISIC_2501558,ben_oth,g4063,dropped,none,4063,-1,unmapped_class:ben_oth,False,01e0e1f27e3e3e0d,50.0,female,head_neck_face,Head and neck,3,3,unmapped_class:ben_oth,False
milk10k,milk10k,images/ISIC_2156383.jpg,ISIC_2156383,akiec,g4064,external_test,none,4064,-1,,True,e7b89a1adca86983,50.0,male,hand,Upper extremity,3,3,,False
milk10k,milk10k,images/ISIC_7101909.jpg,ISIC_7101909,bcc,g4065,external_test,none,4065,-1,,False,69e82fe8d7215c83,75.0,female,head_neck_face,Head and neck,4,4,,False
milk10k,milk10k,images/ISIC_8488027.jpg,ISIC_8488027,mel,g4066,external_test,none,4066,-1,,True,7934ccb3d4593187,40.0,female,lower_extremity,Lower extremity,3,3,,False
milk10k,milk10k,images/ISIC_2973118.jpg,ISIC_2973118,bcc,g4067,external_test,none,4067,-1,,False,49364b19bac94e37,80.0,female,lower_extremity,Lower extremity,3,3,,False
milk10k,milk10k,images/ISIC_3427526.jpg,ISIC_3427526,bcc,g4068,external_test,none,4068,-1,,True,69e9cb1dd29a3521,50.0,male,trunk,Trunk,3,3,,False
milk10k,milk10k,images/ISIC_2683795.jpg,ISIC_2683795,bcc,g4069,external_test,none,4069,-1,,True,d1aaf2aa23b8e8a5,70.0,male,head_neck_face,Head and neck,3,3,,False
milk10k,milk10k,images/ISIC_8040056.jpg,ISIC_8040056,nv,g4070,external_test,none,4070,-1,,False,b09999c133334cef,25.0,male,trunk,Trunk,4,4,,False
milk10k,milk10k,images/ISIC_3392380.jpg,ISIC_3392380,bcc,g4071,external_test,none,4071,-1,,False,1b1d47792ca1c657,50.0,male,lower_extremity,Lower extremity,5 (lightest),5,,False
milk10k,milk10k,images/ISIC_8738126.jpg,ISIC_8738126,bkl,g4072,external_test,none,4072,-1,,True,996c6876e6f819c1,65.0,male,head_neck_face,Head and neck,3,3,,False
milk10k,milk10k,images/ISIC_2608885.jpg,ISIC_2608885,sccka,g4073,dropped,none,4073,-1,unmapped_class:sccka,False,66c8de491926a3db,60.0,female,upper_extremity,Upper extremity,3,3,unmapped_class:sccka,False
milk10k,milk10k,images/ISIC_2866672.jpg,ISIC_2866672,df,g4074,external_test,none,4074,-1,,True,6929939347635c9d,50.0,male,lower_extremity,Lower extremity,3,3,,False
milk10k,milk10k,images/ISIC_7704554.jpg,ISIC_7704554,nv,g4075,external_test,none,4075,-1,,False,0e1e96f91aa32957,55.0,female,lower_extremity,Lower extremity,3,3,,False
milk10k,milk10k,images/ISIC_7458610.jpg,ISIC_7458610,bcc,g4076,external_test,none,4076,-1,,True,52f2ec261f726ca1,75.0,male,head_neck_face,Head and neck,3,3,,False
milk10k,milk10k,images/ISIC_7236730.jpg,ISIC_7236730,sccka,g4077,dropped,none,4077,-1,unmapped_class:sccka,False,9d32e5ccb4765289,75.0,male,hand,Upper extremity,3,3,unmapped_class:sccka,False
milk10k,milk10k,images/ISIC_3636991.jpg,ISIC_3636991,nv,g4078,external_test,none,4078,-1,,True,98135373adc97607,25.0,female,lower_extremity,Lower extremity,2,2,,False
milk10k,milk10k,images/ISIC_0454057.jpg,ISIC_0454057,sccka,g4079,dropped,none,4079,-1,unmapped_class:sccka,False,3900f869be034bef,70.0,male,lower_extremity,Lower extremity,3,3,unmapped_class:sccka,False
milk10k,milk10k,images/ISIC_7003219.jpg,ISIC_7003219,bcc,g4080,external_test,none,4080,-1,,False,cb0303d1a70f1c7f,70.0,female,head_neck_face,Head and neck,4,4,,False
milk10k,milk10k,images/ISIC_4534460.jpg,ISIC_4534460,akiec,g4081,external_test,none,4081,-1,,False,3d0ad0615ec1cbd7,60.0,male,head_neck_face,Head and neck,3,3,,False
milk10k,milk10k,images/ISIC_1346867.jpg,ISIC_1346867,bcc,g4082,external_test,none,4082,-1,,True,e1d0bfca4455b4a9,60.0,male,trunk,Trunk,3,3,,False
milk10k,milk10k,images/ISIC_4656199.jpg,ISIC_4656199,bcc,g4083,external_test,none,4083,-1,,False,d9722d8a738a6da1,85.0,male,head_neck_face,Head and neck,3,3,,False
milk10k,milk10k,images/ISIC_0738994.jpg,ISIC_0738994,bcc,g4084,external_test,none,4084,-1,,False,c3e9f082bf2cd921,60.0,male,lower_extremity,Lower extremity,3,3,,False
milk10k,milk10k,images/ISIC_4849906.jpg,ISIC_4849906,bcc,g4085,external_test,none,4085,-1,,True,64ca3b76ceb2b481,75.0,male,head_neck_face,Head and neck,3,3,,False
milk10k,milk10k,images/ISIC_6993040.jpg,ISIC_6993040,mel,g4086,external_test,none,4086,-1,,False,062969d1fca313d7,45.0,male,head_neck_face,Head and neck,3,3,,False
milk10k,milk10k,images/ISIC_1513850.jpg,ISIC_1513850,nv,g4087,external_test,none,4087,-1,,False,c9c6253c3369d987,80.0,male,trunk,Trunk,2,2,,False
milk10k,milk10k,images/ISIC_9721840.jpg,ISIC_9721840,bcc,g4088,external_test,none,4088,-1,,True,333123b2d6db5925,80.0,male,trunk,Trunk,2,2,,False
milk10k,milk10k,images/ISIC_6738908.jpg,ISIC_6738908,bcc,g4089,external_test,none,4089,-1,,False,7da85f82d193c60d,85.0,male,lower_extremity,Lower extremity,3,3,,False
milk10k,milk10k,images/ISIC_2996843.jpg,ISIC_2996843,nv,g4090,dropped,none,4090,-1,duplicate_of_ham10000,False,99939119d9f3644d,30.0,female,trunk,Trunk,3,3,duplicate_of_ham10000,False
milk10k,milk10k,images/ISIC_7749511.jpg,ISIC_7749511,sccka,g4091,dropped,none,4091,-1,unmapped_class:sccka,False,cc4396c90b07fc3d,80.0,male,lower_extremity,Lower extremity,3,3,unmapped_class:sccka,False
milk10k,milk10k,images/ISIC_5386166.jpg,ISIC_5386166,bkl,g4092,external_test,none,4092,-1,,False,32b38cc673319ccd,50.0,male,head_neck_face,Head and neck,3,3,,False
milk10k,milk10k,images/ISIC_9314988.jpg,ISIC_9314988,mel,g4093,external_test,none,4093,-1,,False,0fe1f873d209e835,80.0,male,head_neck_face,Head and neck,3,3,,False
milk10k,milk10k,images/ISIC_2240330.jpg,ISIC_2240330,nv,g4094,external_test,none,4094,-1,,False,195a7369e0a16e57,,male,lower_extremity,Lower extremity,5 (lightest),5,,False
milk10k,milk10k,images/ISIC_8291456.jpg,ISIC_8291456,bkl,g4095,external_test,none,4095,-1,,False,30f294c5f4fa42ab,65.0,female,head_neck_face,Head and neck,4,4,,False
milk10k,milk10k,images/ISIC_7396751.jpg,ISIC_7396751,bcc,g4096,external_test,none,4096,-1,,False,07689227d8acf7d1,85.0,female,head_neck_face,Head and neck,5 (lightest),5,,False
milk10k,milk10k,images/ISIC_5863516.jpg,ISIC_5863516,nv,g4097,external_test,none,4097,-1,,True,9b8d8c9b2461738f,70.0,male,trunk,Trunk,4,4,,False
milk10k,milk10k,images/ISIC_4626190.jpg,ISIC_4626190,bcc,g4098,external_test,none,4098,-1,,False,d6dc4766bbac6021,60.0,female,upper_extremity,Upper extremity,3,3,,False
milk10k,milk10k,images/ISIC_4482208.jpg,ISIC_4482208,bcc,g4099,external_test,none,4099,-1,,False,1f7dfb989168d003,50.0,female,head_neck_face,Head and neck,3,3,,False
milk10k,milk10k,images/ISIC_3547942.jpg,ISIC_3547942,bcc,g4100,external_test,none,4100,-1,,False,a35bb41c55e03b2b,85.0,male,head_neck_face,Head and neck,3,3,,False
milk10k,milk10k,images/ISIC_6168277.jpg,ISIC_6168277,bcc,g4101,external_test,none,4101,-1,,True,367edbc40653886d,65.0,female,upper_extremity,Upper extremity,4,4,,False
milk10k,milk10k,images/ISIC_5135443.jpg,ISIC_5135443,bcc,g4102,external_test,none,4102,-1,,False,3759c136dcc36525,85.0,male,lower_extremity,Lower extremity,4,4,,False
milk10k,milk10k,images/ISIC_2048857.jpg,ISIC_2048857,nv,g4103,external_test,none,4103,-1,,False,441333ccce338fcd,75.0,female,trunk,Trunk,2,2,,False
milk10k,milk10k,images/ISIC_5795871.jpg,ISIC_5795871,bcc,g4104,external_test,none,4104,-1,,False,063c1ffcbe50a42b,60.0,male,upper_extremity,Upper extremity,3,3,,False
milk10k,milk10k,images/ISIC_8731377.jpg,ISIC_8731377,akiec,g4105,external_test,none,4105,-1,,True,1232e3d10cd9ef0f,60.0,male,head_neck_face,Head and neck,2,2,,False
milk10k,milk10k,images/ISIC_8710450.jpg,ISIC_8710450,bcc,g4106,external_test,none,4106,-1,,False,afcdd973a28d8601,70.0,male,trunk,Trunk,3,3,,False
milk10k,milk10k,images/ISIC_5584967.jpg,ISIC_5584967,sccka,g4107,dropped,none,4107,-1,unmapped_class:sccka,False,434d0e0d7cbce4d3,45.0,male,trunk,Trunk,2,2,unmapped_class:sccka,False
milk10k,milk10k,images/ISIC_7000928.jpg,ISIC_7000928,nv,g4108,external_test,none,4108,-1,,True,21646f0b2e2ef8b9,55.0,male,head_neck_face,Head and neck,3,3,,False
milk10k,milk10k,images/ISIC_6176256.jpg,ISIC_6176256,bcc,g4109,external_test,none,4109,-1,,False,9b46b66499ac6f81,75.0,female,trunk,Trunk,3,3,,False
milk10k,milk10k,images/ISIC_0460586.jpg,ISIC_0460586,ben_oth,g4110,dropped,none,4110,-1,unmapped_class:ben_oth,False,ae84267c9d73628b,30.0,male,head_neck_face,Head and neck,3,3,unmapped_class:ben_oth,False
milk10k,milk10k,images/ISIC_5000414.jpg,ISIC_5000414,bcc,g4111,external_test,none,4111,-1,,True,8eaa7522bb836e89,60.0,male,trunk,Trunk,3,3,,False
milk10k,milk10k,images/ISIC_3277305.jpg,ISIC_3277305,bcc,g4112,external_test,none,4112,-1,,False,72e45a272d01af5d,65.0,male,lower_extremity,Lower extremity,4,4,,False
milk10k,milk10k,images/ISIC_7701592.jpg,ISIC_7701592,nv,g4113,external_test,none,4113,-1,,False,d9d3d2095ca32755,45.0,male,upper_extremity,Upper extremity,3,3,,False
milk10k,milk10k,images/ISIC_0184224.jpg,ISIC_0184224,mel,g4114,external_test,none,4114,-1,,True,0ef10cd9f083d33d,65.0,male,lower_extremity,Lower extremity,2,2,,False
milk10k,milk10k,images/ISIC_1156133.jpg,ISIC_1156133,bcc,g4115,external_test,none,4115,-1,,False,75d6c604c31b653d,65.0,female,lower_extremity,Lower extremity,4,4,,False
milk10k,milk10k,images/ISIC_3673744.jpg,ISIC_3673744,inf,g4116,dropped,none,4116,-1,unmapped_class:inf,False,1099d7cb110b0bff,70.0,female,trunk,Trunk,5 (lightest),5,unmapped_class:inf,False
milk10k,milk10k,images/ISIC_7381608.jpg,ISIC_7381608,sccka,g4117,dropped,none,4117,-1,unmapped_class:sccka,False,64a8fb8aef2aa889,65.0,male,head_neck_face,Head and neck,3,3,unmapped_class:sccka,False
milk10k,milk10k,images/ISIC_3396463.jpg,ISIC_3396463,mel,g4118,external_test,none,4118,-1,,False,0a1ea67af0291bd7,55.0,male,trunk,Trunk,3,3,,False
milk10k,milk10k,images/ISIC_7072857.jpg,ISIC_7072857,bcc,g4119,external_test,none,4119,-1,,False,9f6a57a248aa63a9,75.0,male,head_neck_face,Head and neck,3,3,,False
milk10k,milk10k,images/ISIC_7939427.jpg,ISIC_7939427,bcc,g4120,external_test,none,4120,-1,,False,e7a86528938a7e8b,75.0,female,foot,Lower extremity,4,4,,False
milk10k,milk10k,images/ISIC_5792872.jpg,ISIC_5792872,bcc,g4121,external_test,none,4121,-1,,False,9ef9a94c1e380f83,55.0,male,trunk,Trunk,4,4,,False
milk10k,milk10k,images/ISIC_0378725.jpg,ISIC_0378725,bcc,g4122,external_test,none,4122,-1,,False,374bcd26607847e5,70.0,female,upper_extremity,Upper extremity,3,3,,False
milk10k,milk10k,images/ISIC_0772256.jpg,ISIC_0772256,bcc,g4123,external_test,none,4123,-1,,False,ec333462cfd8432d,85.0,male,head_neck_face,Head and neck,3,3,,False
milk10k,milk10k,images/ISIC_8843537.jpg,ISIC_8843537,bcc,g4124,external_test,none,4124,-1,,True,33eae421e5b95a43,80.0,female,lower_extremity,Lower extremity,3,3,,False
milk10k,milk10k,images/ISIC_9669577.jpg,ISIC_9669577,bcc,g4125,external_test,none,4125,-1,,False,86a97ef1c06ca593,70.0,female,lower_extremity,Lower extremity,3,3,,False
milk10k,milk10k,images/ISIC_7629948.jpg,ISIC_7629948,bkl,g4126,external_test,none,4126,-1,,True,09ef86edc0a4fd11,60.0,male,head_neck_face,Head and neck,3,3,,False
milk10k,milk10k,images/ISIC_4489686.jpg,ISIC_4489686,bcc,g4127,external_test,none,4127,-1,,True,e6d1896a9f981f21,50.0,male,trunk,Trunk,3,3,,False
milk10k,milk10k,images/ISIC_0575130.jpg,ISIC_0575130,nv,g4128,external_test,none,4128,-1,,True,1b5af8616d83037d,35.0,male,head_neck_face,Head and neck,3,3,,False
milk10k,milk10k,images/ISIC_4051514.jpg,ISIC_4051514,nv,g4129,external_test,none,4129,-1,,False,49c8c9999c33336f,15.0,female,lower_extremity,Lower extremity,5 (lightest),5,,False
milk10k,milk10k,images/ISIC_7384530.jpg,ISIC_7384530,nv,g4130,external_test,none,4130,-1,,False,3bb1e4c47bb2444b,30.0,female,trunk,Trunk,2,2,,False
milk10k,milk10k,images/ISIC_9569670.jpg,ISIC_9569670,bcc,g4131,external_test,none,4131,-1,,False,d66d89243276d653,40.0,female,head_neck_face,Head and neck,5 (lightest),5,,False
milk10k,milk10k,images/ISIC_0644098.jpg,ISIC_0644098,akiec,g4132,external_test,none,4132,-1,,False,6fd2b740cea24c2b,85.0,female,lower_extremity,Lower extremity,3,3,,False
milk10k,milk10k,images/ISIC_4869343.jpg,ISIC_4869343,bcc,g4133,external_test,none,4133,-1,,False,64a3941cc9f3728f,85.0,male,head_neck_face,Head and neck,2,2,,False
milk10k,milk10k,images/ISIC_9268987.jpg,ISIC_9268987,akiec,g4134,external_test,none,4134,-1,,False,94a8318cce39bbc7,75.0,male,head_neck_face,Head and neck,0-1 (darkest),1,,False
milk10k,milk10k,images/ISIC_3473807.jpg,ISIC_3473807,bcc,g4135,external_test,none,4135,-1,,False,b87aeda036a29f81,80.0,male,trunk,Trunk,3,3,,False
milk10k,milk10k,images/ISIC_3644082.jpg,ISIC_3644082,bcc,g4136,external_test,none,4136,-1,,False,9b99646673334c8d,55.0,female,head_neck_face,Head and neck,3,3,,False
milk10k,milk10k,images/ISIC_0195374.jpg,ISIC_0195374,sccka,g4137,dropped,none,4137,-1,unmapped_class:sccka,False,e6cb9f3684e13185,75.0,male,lower_extremity,Lower extremity,3,3,unmapped_class:sccka,False
milk10k,milk10k,images/ISIC_4438725.jpg,ISIC_4438725,bcc,g4138,external_test,none,4138,-1,,True,b92e751aa519ce89,45.0,female,head_neck_face,Head and neck,4,4,,False
milk10k,milk10k,images/ISIC_6190757.jpg,ISIC_6190757,bcc,g4139,external_test,none,4139,-1,,False,f356637883c07f09,65.0,male,lower_extremity,Lower extremity,3,3,,False
milk10k,milk10k,images/ISIC_8183159.jpg,ISIC_8183159,akiec,g4140,external_test,none,4140,-1,,False,6df4344ade08d393,50.0,male,trunk,Trunk,3,3,,False
milk10k,milk10k,images/ISIC_6486784.jpg,ISIC_6486784,bcc,g4141,external_test,none,4141,-1,,True,c94e641966d19d67,65.0,male,head_neck_face,Head and neck,2,2,,False
milk10k,milk10k,images/ISIC_8774868.jpg,ISIC_8774868,bcc,g4142,external_test,none,4142,-1,,False,8c6fb398496bd681,70.0,male,foot,Lower extremity,5 (lightest),5,,False
milk10k,milk10k,images/ISIC_1154162.jpg,ISIC_1154162,bkl,g4143,external_test,none,4143,-1,,False,1b98843b70c7cd75,75.0,female,trunk,Trunk,3,3,,False
milk10k,milk10k,images/ISIC_8021500.jpg,ISIC_8021500,bcc,g4144,external_test,none,4144,-1,,False,996e730ce45adb09,60.0,male,head_neck_face,Head and neck,3,3,,False
milk10k,milk10k,images/ISIC_3368991.jpg,ISIC_3368991,akiec,g4145,external_test,none,4145,-1,,False,0ecdd07355467c27,75.0,female,head_neck_face,Head and neck,4,4,,False
milk10k,milk10k,images/ISIC_2215472.jpg,ISIC_2215472,akiec,g4146,external_test,none,4146,-1,,False,6ab58d45dac3641b,70.0,male,head_neck_face,Head and neck,3,3,,False
milk10k,milk10k,images/ISIC_7859130.jpg,ISIC_7859130,inf,g4147,dropped,none,4147,-1,unmapped_class:inf,False,6e263318b5199be5,50.0,male,head_neck_face,Head and neck,3,3,unmapped_class:inf,False
milk10k,milk10k,images/ISIC_6368798.jpg,ISIC_6368798,bcc,g4148,external_test,none,4148,-1,,False,2d351a0a0be2dfe9,65.0,female,trunk,Trunk,4,4,,False
milk10k,milk10k,images/ISIC_9216609.jpg,ISIC_9216609,bcc,g4149,external_test,none,4149,-1,,False,49e9babc0d4ab689,70.0,female,head_neck_face,Head and neck,5 (lightest),5,,False
milk10k,milk10k,images/ISIC_5798737.jpg,ISIC_5798737,bkl,g4150,external_test,none,4150,-1,,False,4c32b653d3e9580f,80.0,male,head_neck_face,Head and neck,3,3,,False
milk10k,milk10k,images/ISIC_9390065.jpg,ISIC_9390065,sccka,g4151,dropped,none,4151,-1,unmapped_class:sccka,False,83c3bff338284723,50.0,male,trunk,Trunk,3,3,unmapped_class:sccka,False
milk10k,milk10k,images/ISIC_7936557.jpg,ISIC_7936557,bcc,g4152,external_test,none,4152,-1,,False,3ce64eb2939a4d23,35.0,female,trunk,Trunk,3,3,,False
milk10k,milk10k,images/ISIC_6013412.jpg,ISIC_6013412,mel,g4153,external_test,none,4153,-1,,True,92c95926e6d99927,75.0,male,trunk,Trunk,2,2,,False
milk10k,milk10k,images/ISIC_7241253.jpg,ISIC_7241253,bcc,g4154,external_test,none,4154,-1,,False,bb86f822f620ef81,65.0,male,head_neck_face,Head and neck,3,3,,False
milk10k,milk10k,images/ISIC_3877513.jpg,ISIC_3877513,bcc,g4155,external_test,none,4155,-1,,False,e98381db944d1e37,45.0,male,lower_extremity,Lower extremity,4,4,,False
milk10k,milk10k,images/ISIC_2601688.jpg,ISIC_2601688,sccka,g4156,dropped,none,4156,-1,unmapped_class:sccka,False,981372db6543c39d,55.0,female,lower_extremity,Lower extremity,3,3,unmapped_class:sccka,False
milk10k,milk10k,images/ISIC_8776679.jpg,ISIC_8776679,bcc,g4157,external_test,none,4157,-1,,False,862b327f4429b7c5,65.0,female,lower_extremity,Lower extremity,3,3,,False
milk10k,milk10k,images/ISIC_6383214.jpg,ISIC_6383214,sccka,g4158,dropped,none,4158,-1,unmapped_class:sccka,False,fbfee1100579c283,70.0,male,head_neck_face,Head and neck,3,3,unmapped_class:sccka,False
milk10k,milk10k,images/ISIC_6545294.jpg,ISIC_6545294,df,g4159,external_test,none,4159,-1,,True,4f373891d94bb605,50.0,male,lower_extremity,Lower extremity,0-1 (darkest),1,,False
milk10k,milk10k,images/ISIC_8082083.jpg,ISIC_8082083,bcc,g4160,external_test,none,4160,-1,,False,4c62772b4baae0ab,85.0,male,trunk,Trunk,3,3,,False
milk10k,milk10k,images/ISIC_1130368.jpg,ISIC_1130368,akiec,g4161,external_test,none,4161,-1,,True,dc798394708d067f,70.0,male,upper_extremity,Upper extremity,3,3,,False
milk10k,milk10k,images/ISIC_4349272.jpg,ISIC_4349272,mel,g4162,external_test,none,4162,-1,,False,8e664c3093b16fc7,60.0,male,trunk,Trunk,5 (lightest),5,,False
milk10k,milk10k,images/ISIC_0330089.jpg,ISIC_0330089,bcc,g4163,external_test,none,4163,-1,,True,8f8e87d652d2f089,60.0,male,head_neck_face,Head and neck,3,3,,False
milk10k,milk10k,images/ISIC_0858555.jpg,ISIC_0858555,bcc,g4164,external_test,none,4164,-1,,True,9b316fee80235b07,80.0,female,head_neck_face,Head and neck,3,3,,False
milk10k,milk10k,images/ISIC_2731321.jpg,ISIC_2731321,sccka,g4165,dropped,none,4165,-1,unmapped_class:sccka,False,eff0ce6499983283,65.0,female,head_neck_face,Head and neck,3,3,unmapped_class:sccka,False
milk10k,milk10k,images/ISIC_9129820.jpg,ISIC_9129820,nv,g4166,external_test,none,4166,-1,,False,b4ac1f30694b06bf,35.0,male,lower_extremity,Lower extremity,3,3,,False
milk10k,milk10k,images/ISIC_3412303.jpg,ISIC_3412303,sccka,g4167,dropped,none,4167,-1,unmapped_class:sccka,False,f549d5c87daa4223,80.0,female,head_neck_face,Head and neck,3,3,unmapped_class:sccka,False
milk10k,milk10k,images/ISIC_8981300.jpg,ISIC_8981300,bcc,g4168,external_test,none,4168,-1,,True,3f3cb80a43e134bd,70.0,male,trunk,Trunk,3,3,,False
milk10k,milk10k,images/ISIC_3360235.jpg,ISIC_3360235,bcc,g4169,external_test,none,4169,-1,,False,b3ea2d0493736d0b,70.0,female,trunk,Trunk,3,3,,False
milk10k,milk10k,images/ISIC_6662978.jpg,ISIC_6662978,sccka,g4170,dropped,none,4170,-1,unmapped_class:sccka,False,dbb0212d6d4b3297,55.0,male,head_neck_face,Head and neck,3,3,unmapped_class:sccka,False
milk10k,milk10k,images/ISIC_2380041.jpg,ISIC_2380041,bcc,g4171,external_test,none,4171,-1,,False,6daeb8c4c3f82623,70.0,male,lower_extremity,Lower extremity,3,3,,False
milk10k,milk10k,images/ISIC_8766762.jpg,ISIC_8766762,nv,g4172,external_test,none,4172,-1,,False,99e6869e71698987,20.0,female,lower_extremity,Lower extremity,3,3,,False
milk10k,milk10k,images/ISIC_2926418.jpg,ISIC_2926418,mel,g4173,external_test,none,4173,-1,,True,6bd98cd9312386cd,45.0,male,trunk,Trunk,3,3,,False
milk10k,milk10k,images/ISIC_8356317.jpg,ISIC_8356317,bkl,g4174,external_test,none,4174,-1,,False,e54b7762ec019a1d,55.0,male,head_neck_face,Head and neck,2,2,,False
milk10k,milk10k,images/ISIC_0979570.jpg,ISIC_0979570,bcc,g4175,external_test,none,4175,-1,,False,b44e992746db3625,55.0,male,trunk,Trunk,5 (lightest),5,,False
milk10k,milk10k,images/ISIC_3501503.jpg,ISIC_3501503,bcc,g4176,external_test,none,4176,-1,,False,17f6d4647a32c529,70.0,female,lower_extremity,Lower extremity,3,3,,False
milk10k,milk10k,images/ISIC_7953190.jpg,ISIC_7953190,bcc,g4177,external_test,none,4177,-1,,False,db50ba86565a2c6d,65.0,female,head_neck_face,Head and neck,3,3,,False
milk10k,milk10k,images/ISIC_5933645.jpg,ISIC_5933645,inf,g4178,dropped,none,4178,-1,unmapped_class:inf,False,8f976900bb79d225,40.0,female,trunk,Trunk,4,4,unmapped_class:inf,False
milk10k,milk10k,images/ISIC_4827917.jpg,ISIC_4827917,bcc,g4179,external_test,none,4179,-1,,True,d9a133a4ce13636d,50.0,female,lower_extremity,Lower extremity,4,4,,False
milk10k,milk10k,images/ISIC_2231359.jpg,ISIC_2231359,sccka,g4180,dropped,none,4180,-1,unmapped_class:sccka,False,3e37217853ee9129,60.0,male,head_neck_face,Head and neck,3,3,unmapped_class:sccka,False
milk10k,milk10k,images/ISIC_4985739.jpg,ISIC_4985739,bkl,g4181,external_test,none,4181,-1,,False,6381269b65399b67,75.0,male,head_neck_face,Head and neck,2,2,,False
milk10k,milk10k,images/ISIC_8154669.jpg,ISIC_8154669,bcc,g4182,external_test,none,4182,-1,,False,5bac36969e49b183,65.0,male,trunk,Trunk,3,3,,False
milk10k,milk10k,images/ISIC_0242383.jpg,ISIC_0242383,bkl,g4183,external_test,none,4183,-1,,True,9bbb1c192943c68f,60.0,female,lower_extremity,Lower extremity,3,3,,False
milk10k,milk10k,images/ISIC_3917948.jpg,ISIC_3917948,bcc,g4184,external_test,none,4184,-1,,False,b3ce1938f7a20a33,60.0,female,upper_extremity,Upper extremity,3,3,,False
milk10k,milk10k,images/ISIC_3275406.jpg,ISIC_3275406,bcc,g4185,external_test,none,4185,-1,,False,e54a5a2abdaa2783,85.0,male,head_neck_face,Head and neck,3,3,,False
milk10k,milk10k,images/ISIC_3943135.jpg,ISIC_3943135,nv,g4186,external_test,none,4186,-1,,True,06d964cc99336ccf,35.0,female,trunk,Trunk,5 (lightest),5,,False
milk10k,milk10k,images/ISIC_3487034.jpg,ISIC_3487034,bcc,g4187,external_test,none,4187,-1,,True,112cccb2139b776b,55.0,male,trunk,Trunk,3,3,,False
milk10k,milk10k,images/ISIC_1597659.jpg,ISIC_1597659,bkl,g4188,external_test,none,4188,-1,,True,2ebacf6e098ed109,65.0,female,lower_extremity,Lower extremity,3,3,,False
milk10k,milk10k,images/ISIC_4859866.jpg,ISIC_4859866,bkl,g4189,external_test,none,4189,-1,,True,14cc99b419d3e62f,55.0,female,lower_extremity,Lower extremity,3,3,,False
milk10k,milk10k,images/ISIC_9710909.jpg,ISIC_9710909,bcc,g4190,external_test,none,4190,-1,,False,d39384493c674f8d,35.0,female,trunk,Trunk,2,2,,False
milk10k,milk10k,images/ISIC_6990978.jpg,ISIC_6990978,sccka,g4191,dropped,none,4191,-1,unmapped_class:sccka,False,93c26e29bb4259ab,65.0,female,hand,Upper extremity,4,4,unmapped_class:sccka,False
milk10k,milk10k,images/ISIC_4337693.jpg,ISIC_4337693,bkl,g4192,external_test,none,4192,-1,,False,7b130948e5af84d7,70.0,female,trunk,Trunk,3,3,,False
milk10k,milk10k,images/ISIC_2354975.jpg,ISIC_2354975,bkl,g4193,external_test,none,4193,-1,,False,cc8c9da67332a94d,50.0,female,upper_extremity,Upper extremity,3,3,,False
milk10k,milk10k,images/ISIC_6990939.jpg,ISIC_6990939,nv,g4194,external_test,none,4194,-1,,True,cc6c8c263399cd67,10.0,female,lower_extremity,Lower extremity,3,3,,False
milk10k,milk10k,images/ISIC_6421085.jpg,ISIC_6421085,bcc,g4195,external_test,none,4195,-1,,False,6e3db280d6927b83,75.0,male,lower_extremity,Lower extremity,3,3,,False
milk10k,milk10k,images/ISIC_3140203.jpg,ISIC_3140203,bkl,g4196,external_test,none,4196,-1,,False,d2728f2957e4e183,70.0,male,upper_extremity,Upper extremity,3,3,,False
milk10k,milk10k,images/ISIC_8883053.jpg,ISIC_8883053,bcc,g4197,external_test,none,4197,-1,,False,5ecbd8a67298254b,75.0,male,lower_extremity,Lower extremity,3,3,,False
milk10k,milk10k,images/ISIC_0583712.jpg,ISIC_0583712,mel,g4198,external_test,none,4198,-1,,False,aedfc8733483610d,30.0,male,trunk,Trunk,2,2,,False
milk10k,milk10k,images/ISIC_1502836.jpg,ISIC_1502836,nv,g4199,external_test,none,4199,-1,,False,91933c1966939be5,45.0,male,lower_extremity,Lower extremity,3,3,,False
milk10k,milk10k,images/ISIC_2748624.jpg,ISIC_2748624,bcc,g4200,external_test,none,4200,-1,,False,05d35248fdde89a3,70.0,male,upper_extremity,Upper extremity,4,4,,False
milk10k,milk10k,images/ISIC_2078396.jpg,ISIC_2078396,bcc,g4201,external_test,none,4201,-1,,False,3a963f063c38c3ab,40.0,female,head_neck_face,Head and neck,3,3,,False
milk10k,milk10k,images/ISIC_3750512.jpg,ISIC_3750512,nv,g4202,external_test,none,4202,-1,,True,c9a1685b9879c727,20.0,female,lower_extremity,Lower extremity,3,3,,False
milk10k,milk10k,images/ISIC_1276558.jpg,ISIC_1276558,bcc,g4203,external_test,none,4203,-1,,True,ac9c517e6698c9a3,45.0,female,lower_extremity,Lower extremity,3,3,,False
milk10k,milk10k,images/ISIC_3518967.jpg,ISIC_3518967,bcc,g4204,external_test,none,4204,-1,,False,1bec4e66bd4c222b,50.0,male,head_neck_face,Head and neck,4,4,,False
milk10k,milk10k,images/ISIC_0546402.jpg,ISIC_0546402,df,g4205,dropped,none,4205,-1,duplicate_of_ham10000,False,14494dc37627979d,70.0,male,lower_extremity,Lower extremity,4,4,duplicate_of_ham10000,False
milk10k,milk10k,images/ISIC_3540482.jpg,ISIC_3540482,nv,g4206,external_test,none,4206,-1,,False,2659c9663799c965,35.0,female,trunk,Trunk,3,3,,False
milk10k,milk10k,images/ISIC_2542134.jpg,ISIC_2542134,bcc,g4207,external_test,none,4207,-1,,False,5a93c953d2d92ca5,70.0,male,head_neck_face,Head and neck,2,2,,False
milk10k,milk10k,images/ISIC_8223761.jpg,ISIC_8223761,sccka,g4208,dropped,none,4208,-1,unmapped_class:sccka,False,c6eaf18b4e061d39,70.0,male,upper_extremity,Upper extremity,4,4,unmapped_class:sccka,False
milk10k,milk10k,images/ISIC_1242474.jpg,ISIC_1242474,bcc,g4209,external_test,none,4209,-1,,False,65a2fbaa27929389,65.0,female,trunk,Trunk,3,3,,False
milk10k,milk10k,images/ISIC_5399167.jpg,ISIC_5399167,sccka,g4210,dropped,none,4210,-1,unmapped_class:sccka,False,8c87e566f82847d9,70.0,male,upper_extremity,Upper extremity,3,3,unmapped_class:sccka,False
milk10k,milk10k,images/ISIC_3762115.jpg,ISIC_3762115,bcc,g4211,external_test,none,4211,-1,,False,f88ec478a6b82ba3,50.0,male,trunk,Trunk,3,3,,False
milk10k,milk10k,images/ISIC_7409855.jpg,ISIC_7409855,bcc,g4212,external_test,none,4212,-1,,True,76f2e0828716fc4b,80.0,male,lower_extremity,Lower extremity,5 (lightest),5,,False
milk10k,milk10k,images/ISIC_1010567.jpg,ISIC_1010567,bcc,g4213,external_test,none,4213,-1,,False,bed2cae5f05a6203,45.0,male,trunk,Trunk,3,3,,False
milk10k,milk10k,images/ISIC_1136498.jpg,ISIC_1136498,bkl,g4214,external_test,none,4214,-1,,False,eeca2bb921a8cd23,45.0,female,head_neck_face,Head and neck,4,4,,False
milk10k,milk10k,images/ISIC_3187803.jpg,ISIC_3187803,bcc,g4215,external_test,none,4215,-1,,False,373b93c1e89c2e23,50.0,female,trunk,Trunk,3,3,,False
milk10k,milk10k,images/ISIC_8356432.jpg,ISIC_8356432,bkl,g4216,external_test,none,4216,-1,,False,37e4931c49d927a5,40.0,female,trunk,Trunk,2,2,,False
milk10k,milk10k,images/ISIC_2735653.jpg,ISIC_2735653,bcc,g4217,external_test,none,4217,-1,,False,b95a9ba9a9d0c721,70.0,male,head_neck_face,Head and neck,3,3,,False
milk10k,milk10k,images/ISIC_5362779.jpg,ISIC_5362779,bcc,g4218,external_test,none,4218,-1,,False,8af1661c36eb19a3,70.0,male,trunk,Trunk,3,3,,False
milk10k,milk10k,images/ISIC_8314749.jpg,ISIC_8314749,nv,g4219,external_test,none,4219,-1,,True,d3891339d9f3240f,35.0,male,trunk,Trunk,4,4,,False
milk10k,milk10k,images/ISIC_3011551.jpg,ISIC_3011551,bcc,g4220,external_test,none,4220,-1,,True,de8f4d0e2daaf201,55.0,male,lower_extremity,Lower extremity,5 (lightest),5,,False
milk10k,milk10k,images/ISIC_1239264.jpg,ISIC_1239264,bcc,g4221,external_test,none,4221,-1,,False,fa162f3541bcc3a1,80.0,male,trunk,Trunk,4,4,,False
milk10k,milk10k,images/ISIC_7560933.jpg,ISIC_7560933,mel,g4222,external_test,none,4222,-1,,False,0c8e332c63f38e8f,40.0,female,trunk,Trunk,4,4,,False
milk10k,milk10k,images/ISIC_6290458.jpg,ISIC_6290458,bcc,g4223,external_test,none,4223,-1,,False,29167cb366c35927,60.0,male,trunk,Trunk,2,2,,False
milk10k,milk10k,images/ISIC_1019384.jpg,ISIC_1019384,mel,g4224,external_test,none,4224,-1,,False,683633438c69db97,75.0,female,head_neck_face,Head and neck,3,3,,False
milk10k,milk10k,images/ISIC_7023633.jpg,ISIC_7023633,sccka,g4225,dropped,none,4225,-1,unmapped_class:sccka,False,f288c714f5430e3f,60.0,female,trunk,Trunk,4,4,unmapped_class:sccka,False
milk10k,milk10k,images/ISIC_6551749.jpg,ISIC_6551749,mel,g4226,external_test,none,4226,-1,,True,5949e36379698687,70.0,male,trunk,Trunk,2,2,,False
milk10k,milk10k,images/ISIC_2701902.jpg,ISIC_2701902,nv,g4227,external_test,none,4227,-1,,False,c8334df121a3b2b7,45.0,female,trunk,Trunk,4,4,,False
milk10k,milk10k,images/ISIC_0703618.jpg,ISIC_0703618,bkl,g4228,external_test,none,4228,-1,,False,1f866071399b8d6d,65.0,male,trunk,Trunk,3,3,,False
milk10k,milk10k,images/ISIC_4252005.jpg,ISIC_4252005,bcc,g4229,external_test,none,4229,-1,,False,76dad3b46e48b821,60.0,female,trunk,Trunk,3,3,,False
milk10k,milk10k,images/ISIC_6287939.jpg,ISIC_6287939,bcc,g4230,external_test,none,4230,-1,,False,66c39c1c93f30e2d,45.0,male,trunk,Trunk,3,3,,False
milk10k,milk10k,images/ISIC_1420953.jpg,ISIC_1420953,bcc,g4231,external_test,none,4231,-1,,False,47b2cff007821fe1,70.0,male,trunk,Trunk,3,3,,False
milk10k,milk10k,images/ISIC_4357940.jpg,ISIC_4357940,mel,g4232,external_test,none,4232,-1,,False,3c83a399b3d3cc0d,65.0,male,head_neck_face,Head and neck,3,3,,False
milk10k,milk10k,images/ISIC_5451038.jpg,ISIC_5451038,sccka,g4233,dropped,none,4233,-1,unmapped_class:sccka,False,66c464309bf3662f,75.0,male,head_neck_face,Head and neck,4,4,unmapped_class:sccka,False
milk10k,milk10k,images/ISIC_7776586.jpg,ISIC_7776586,nv,g4234,external_test,none,4234,-1,,False,d9128bcb96216cd7,35.0,male,lower_extremity,Lower extremity,4,4,,False
milk10k,milk10k,images/ISIC_4980196.jpg,ISIC_4980196,akiec,g4235,external_test,none,4235,-1,,False,5aa0d5be2268afa3,65.0,male,head_neck_face,Head and neck,3,3,,False
milk10k,milk10k,images/ISIC_4315425.jpg,ISIC_4315425,sccka,g4236,dropped,none,4236,-1,unmapped_class:sccka,False,1142758f9f350e6b,70.0,female,hand,Upper extremity,3,3,unmapped_class:sccka,False
milk10k,milk10k,images/ISIC_6241508.jpg,ISIC_6241508,bcc,g4237,external_test,none,4237,-1,,False,b476e992fcd83085,60.0,male,trunk,Trunk,3,3,,False
milk10k,milk10k,images/ISIC_1482636.jpg,ISIC_1482636,sccka,g4238,dropped,none,4238,-1,unmapped_class:sccka,False,930e99a05d3877ad,85.0,male,head_neck_face,Head and neck,3,3,unmapped_class:sccka,False
milk10k,milk10k,images/ISIC_1716731.jpg,ISIC_1716731,bcc,g4239,external_test,none,4239,-1,,True,35aad6e8ad685383,65.0,female,head_neck_face,Head and neck,3,3,,False
milk10k,milk10k,images/ISIC_9132204.jpg,ISIC_9132204,bcc,g4240,external_test,none,4240,-1,,False,f5702e247f1a984b,65.0,female,lower_extremity,Lower extremity,4,4,,False
milk10k,milk10k,images/ISIC_4901933.jpg,ISIC_4901933,bcc,g4241,external_test,none,4241,-1,,False,efc296bccde88403,60.0,female,trunk,Trunk,3,3,,False
milk10k,milk10k,images/ISIC_2655730.jpg,ISIC_2655730,bkl,g4242,external_test,none,4242,-1,,False,f164cff4a656240b,70.0,male,lower_extremity,Lower extremity,3,3,,False
milk10k,milk10k,images/ISIC_5634823.jpg,ISIC_5634823,bcc,g4243,external_test,none,4243,-1,,False,848337269d9b336d,75.0,female,head_neck_face,Head and neck,3,3,,False
milk10k,milk10k,images/ISIC_1085608.jpg,ISIC_1085608,bcc,g4244,external_test,none,4244,-1,,True,b2d8f95a41aa4fa1,65.0,male,head_neck_face,Head and neck,4,4,,False
milk10k,milk10k,images/ISIC_9491707.jpg,ISIC_9491707,bkl,g4245,external_test,none,4245,-1,,False,51da56b2ae24ccb9,55.0,female,head_neck_face,Head and neck,3,3,,False
milk10k,milk10k,images/ISIC_9599992.jpg,ISIC_9599992,mel,g4246,external_test,none,4246,-1,,False,63d34c9867d39925,70.0,male,trunk,Trunk,3,3,,False
milk10k,milk10k,images/ISIC_3628532.jpg,ISIC_3628532,bcc,g4247,external_test,none,4247,-1,,False,69d394cc593bc48d,45.0,male,trunk,Trunk,3,3,,False
milk10k,milk10k,images/ISIC_0076255.jpg,ISIC_0076255,bcc,g4248,external_test,none,4248,-1,,False,7e8364641fb229e9,50.0,female,head_neck_face,Head and neck,4,4,,False
milk10k,milk10k,images/ISIC_8367084.jpg,ISIC_8367084,sccka,g4249,dropped,none,4249,-1,unmapped_class:sccka,False,1b76ea8e8d32438b,85.0,female,hand,Upper extremity,3,3,unmapped_class:sccka,False
milk10k,milk10k,images/ISIC_1305247.jpg,ISIC_1305247,bcc,g4250,external_test,none,4250,-1,,False,11670eb62393f4e5,70.0,male,trunk,Trunk,5 (lightest),5,,False
milk10k,milk10k,images/ISIC_6634769.jpg,ISIC_6634769,bkl,g4251,external_test,none,4251,-1,,False,db80bf227901ff05,65.0,female,trunk,Trunk,3,3,,False
milk10k,milk10k,images/ISIC_6775663.jpg,ISIC_6775663,bcc,g4252,external_test,none,4252,-1,,True,73628c4c38b39dad,55.0,female,lower_extremity,Lower extremity,3,3,,False
milk10k,milk10k,images/ISIC_0165198.jpg,ISIC_0165198,ben_oth,g4253,dropped,none,4253,-1,unmapped_class:ben_oth,False,0ff2cc9173ce1b21,70.0,male,head_neck_face,Head and neck,3,3,unmapped_class:ben_oth,False
milk10k,milk10k,images/ISIC_3434316.jpg,ISIC_3434316,inf,g4254,dropped,none,4254,-1,unmapped_class:inf,False,368c736ec7990d25,50.0,male,head_neck_face,Head and neck,2,2,unmapped_class:inf,False
milk10k,milk10k,images/ISIC_6833525.jpg,ISIC_6833525,mel,g4255,external_test,none,4255,-1,,False,cb58c99b292916e7,40.0,male,,,4,4,,False
milk10k,milk10k,images/ISIC_9365663.jpg,ISIC_9365663,bcc,g4256,external_test,none,4256,-1,,False,1b862c73d70a79a3,55.0,female,lower_extremity,Lower extremity,3,3,,False
milk10k,milk10k,images/ISIC_7351010.jpg,ISIC_7351010,bcc,g4257,external_test,none,4257,-1,,True,c2f4711af4ba3b81,50.0,male,lower_extremity,Lower extremity,3,3,,False
milk10k,milk10k,images/ISIC_7480455.jpg,ISIC_7480455,bcc,g4258,external_test,none,4258,-1,,False,3330b93321d966cf,55.0,female,lower_extremity,Lower extremity,3,3,,False
milk10k,milk10k,images/ISIC_4247695.jpg,ISIC_4247695,bkl,g4259,external_test,none,4259,-1,,True,e632c3d1878918df,60.0,female,lower_extremity,Lower extremity,4,4,,False
milk10k,milk10k,images/ISIC_9206516.jpg,ISIC_9206516,bkl,g4260,external_test,none,4260,-1,,True,d7330c2d7869f505,55.0,male,head_neck_face,Head and neck,3,3,,False
milk10k,milk10k,images/ISIC_0474474.jpg,ISIC_0474474,nv,g4261,external_test,none,4261,-1,,False,4c2c3c9ea3d95d25,30.0,male,upper_extremity,Upper extremity,2,2,,False
milk10k,milk10k,images/ISIC_7334939.jpg,ISIC_7334939,mel,g4262,external_test,none,4262,-1,,False,59553389b3514caf,70.0,male,head_neck_face,Head and neck,4,4,,False
milk10k,milk10k,images/ISIC_4225650.jpg,ISIC_4225650,akiec,g4263,external_test,none,4263,-1,,False,eeb87bee96186081,85.0,female,head_neck_face,Head and neck,4,4,,False
milk10k,milk10k,images/ISIC_4194168.jpg,ISIC_4194168,akiec,g4264,external_test,none,4264,-1,,False,84c39959935b6c37,70.0,female,head_neck_face,Head and neck,3,3,,False
milk10k,milk10k,images/ISIC_0376931.jpg,ISIC_0376931,nv,g4265,external_test,none,4265,-1,,True,439b7c464e913ccd,45.0,female,upper_extremity,Upper extremity,2,2,,False
milk10k,milk10k,images/ISIC_3464724.jpg,ISIC_3464724,bkl,g4266,external_test,none,4266,-1,,False,37aadde05d80f701,70.0,male,head_neck_face,Head and neck,3,3,,False
milk10k,milk10k,images/ISIC_5380715.jpg,ISIC_5380715,nv,g4267,external_test,none,4267,-1,,False,1b816746cc3373cd,45.0,female,upper_extremity,Upper extremity,2,2,,False
milk10k,milk10k,images/ISIC_9483103.jpg,ISIC_9483103,inf,g4268,dropped,none,4268,-1,unmapped_class:inf,False,2c33d9c96561b399,20.0,male,trunk,Trunk,5 (lightest),5,unmapped_class:inf,False
milk10k,milk10k,images/ISIC_4566874.jpg,ISIC_4566874,nv,g4269,external_test,none,4269,-1,,False,9b46393262f18e8f,25.0,male,lower_extremity,Lower extremity,3,3,,False
milk10k,milk10k,images/ISIC_4347789.jpg,ISIC_4347789,nv,g4270,external_test,none,4270,-1,,False,be1e52332de1d215,45.0,female,lower_extremity,Lower extremity,4,4,,False
milk10k,milk10k,images/ISIC_7917060.jpg,ISIC_7917060,nv,g4271,external_test,none,4271,-1,,False,61e19c66637b8c8d,70.0,male,upper_extremity,Upper extremity,4,4,,False
milk10k,milk10k,images/ISIC_5294377.jpg,ISIC_5294377,nv,g4272,external_test,none,4272,-1,,False,f6868e785843b32d,40.0,male,trunk,Trunk,4,4,,False
milk10k,milk10k,images/ISIC_4956012.jpg,ISIC_4956012,ben_oth,g4273,dropped,none,4273,-1,unmapped_class:ben_oth,False,1a17ccc6b51b65a3,50.0,female,head_neck_face,Head and neck,2,2,unmapped_class:ben_oth,False
milk10k,milk10k,images/ISIC_5754710.jpg,ISIC_5754710,nv,g4274,external_test,none,4274,-1,,True,6e4a23a8be2a9ba3,40.0,female,head_neck_face,Head and neck,3,3,,False
milk10k,milk10k,images/ISIC_4485409.jpg,ISIC_4485409,bcc,g4275,external_test,none,4275,-1,,False,35948c97f883077d,35.0,male,trunk,Trunk,5 (lightest),5,,False
milk10k,milk10k,images/ISIC_4325605.jpg,ISIC_4325605,nv,g4276,external_test,none,4276,-1,,False,e7e4883439b1c3cd,45.0,female,lower_extremity,Lower extremity,2,2,,False
milk10k,milk10k,images/ISIC_1901457.jpg,ISIC_1901457,bcc,g4277,external_test,none,4277,-1,,False,eaceccd2f324910b,70.0,male,head_neck_face,Head and neck,3,3,,False
milk10k,milk10k,images/ISIC_4554471.jpg,ISIC_4554471,bcc,g4278,external_test,none,4278,-1,,False,b53a1b2cf3911467,60.0,female,trunk,Trunk,3,3,,False
milk10k,milk10k,images/ISIC_3147082.jpg,ISIC_3147082,bcc,g4279,external_test,none,4279,-1,,True,81d82733a68bdcad,85.0,male,upper_extremity,Upper extremity,4,4,,False
milk10k,milk10k,images/ISIC_6690222.jpg,ISIC_6690222,bcc,g4280,external_test,none,4280,-1,,False,8b3cf9c2a65b4135,75.0,female,upper_extremity,Upper extremity,3,3,,False
milk10k,milk10k,images/ISIC_2399021.jpg,ISIC_2399021,bcc,g4281,external_test,none,4281,-1,,False,693cdede49789481,75.0,male,trunk,Trunk,4,4,,False
milk10k,milk10k,images/ISIC_6038731.jpg,ISIC_6038731,sccka,g4282,dropped,none,4282,-1,unmapped_class:sccka,False,749c8b646e9c1b69,55.0,male,head_neck_face,Head and neck,3,3,unmapped_class:sccka,False
milk10k,milk10k,images/ISIC_5381632.jpg,ISIC_5381632,ben_oth,g4283,dropped,none,4283,-1,unmapped_class:ben_oth,False,4aa9fd165ea8f023,65.0,female,lower_extremity,Lower extremity,2,2,unmapped_class:ben_oth,False
milk10k,milk10k,images/ISIC_2718301.jpg,ISIC_2718301,akiec,g4284,external_test,none,4284,-1,,False,1b9b334cecb302e5,65.0,male,lower_extremity,Lower extremity,3,3,,False
milk10k,milk10k,images/ISIC_3685267.jpg,ISIC_3685267,nv,g4285,external_test,none,4285,-1,,False,5a52da2d25c9da17,40.0,male,trunk,Trunk,5 (lightest),5,,False
milk10k,milk10k,images/ISIC_0416055.jpg,ISIC_0416055,mel,g4286,external_test,none,4286,-1,,False,ee1ae588c6b8c90f,65.0,male,head_neck_face,Head and neck,0-1 (darkest),1,,False
milk10k,milk10k,images/ISIC_7901805.jpg,ISIC_7901805,bcc,g4287,external_test,none,4287,-1,,False,a3c27b2a1ca2f729,55.0,male,trunk,Trunk,3,3,,False
milk10k,milk10k,images/ISIC_9276884.jpg,ISIC_9276884,ben_oth,g4288,dropped,none,4288,-1,unmapped_class:ben_oth,False,5b9c8e646b18ed45,40.0,female,head_neck_face,Head and neck,3,3,unmapped_class:ben_oth,False
milk10k,milk10k,images/ISIC_4527478.jpg,ISIC_4527478,bcc,g4289,external_test,none,4289,-1,,False,77b0de6c0e58a2a3,60.0,male,trunk,Trunk,3,3,,False
milk10k,milk10k,images/ISIC_7116818.jpg,ISIC_7116818,nv,g4290,external_test,none,4290,-1,,False,996cc39bc3613c27,80.0,female,lower_extremity,Lower extremity,3,3,,False
milk10k,milk10k,images/ISIC_6689453.jpg,ISIC_6689453,mel,g4291,external_test,none,4291,-1,,False,94a26f8ef0e307a9,50.0,male,lower_extremity,Lower extremity,3,3,,False
milk10k,milk10k,images/ISIC_9890480.jpg,ISIC_9890480,mal_oth,g4292,dropped,none,4292,-1,unmapped_class:mal_oth,False,3799d96663998d09,35.0,female,trunk,Trunk,3,3,unmapped_class:mal_oth,False
milk10k,milk10k,images/ISIC_1212608.jpg,ISIC_1212608,bkl,g4293,external_test,none,4293,-1,,False,99f13186c95917e5,55.0,male,trunk,Trunk,4,4,,False
milk10k,milk10k,images/ISIC_2027374.jpg,ISIC_2027374,sccka,g4294,dropped,none,4294,-1,unmapped_class:sccka,False,6e665691b92e46c3,70.0,male,lower_extremity,Lower extremity,3,3,unmapped_class:sccka,False
milk10k,milk10k,images/ISIC_9501224.jpg,ISIC_9501224,sccka,g4295,dropped,none,4295,-1,unmapped_class:sccka,False,8c629ea2790ae7ab,65.0,female,lower_extremity,Lower extremity,4,4,unmapped_class:sccka,False
milk10k,milk10k,images/ISIC_7375960.jpg,ISIC_7375960,akiec,g4296,external_test,none,4296,-1,,False,72ceb88c94e9ce15,75.0,male,head_neck_face,Head and neck,0-1 (darkest),1,,False
milk10k,milk10k,images/ISIC_4093606.jpg,ISIC_4093606,bcc,g4297,external_test,none,4297,-1,,False,d3780fc69630eb83,75.0,female,lower_extremity,Lower extremity,3,3,,False
milk10k,milk10k,images/ISIC_7826908.jpg,ISIC_7826908,bcc,g4298,external_test,none,4298,-1,,True,b84d4b723b4672a3,60.0,male,lower_extremity,Lower extremity,3,3,,False
milk10k,milk10k,images/ISIC_1816917.jpg,ISIC_1816917,bcc,g4299,external_test,none,4299,-1,,False,369e99646798f2a1,70.0,female,head_neck_face,Head and neck,3,3,,False
milk10k,milk10k,images/ISIC_7819126.jpg,ISIC_7819126,bcc,g4300,external_test,none,4300,-1,,False,173c648c90f2bbe9,55.0,male,trunk,Trunk,5 (lightest),5,,False
milk10k,milk10k,images/ISIC_5483293.jpg,ISIC_5483293,bcc,g4301,external_test,none,4301,-1,,False,6de1062641dbad67,75.0,male,upper_extremity,Upper extremity,3,3,,False
milk10k,milk10k,images/ISIC_3396860.jpg,ISIC_3396860,mel,g4302,external_test,none,4302,-1,,False,83db2c288da373ab,70.0,male,head_neck_face,Head and neck,3,3,,False
milk10k,milk10k,images/ISIC_0921779.jpg,ISIC_0921779,sccka,g4303,dropped,none,4303,-1,unmapped_class:sccka,False,958e67189b96392b,85.0,female,lower_extremity,Lower extremity,3,3,unmapped_class:sccka,False
milk10k,milk10k,images/ISIC_9541448.jpg,ISIC_9541448,bkl,g4304,external_test,none,4304,-1,,False,83cf3838e7c11d8d,70.0,male,upper_extremity,Upper extremity,0-1 (darkest),1,,False
milk10k,milk10k,images/ISIC_2161394.jpg,ISIC_2161394,mel,g4305,external_test,none,4305,-1,,False,0fcb20e9a7195997,60.0,male,trunk,Trunk,2,2,,False
milk10k,milk10k,images/ISIC_3570541.jpg,ISIC_3570541,vasc,g4306,external_test,none,4306,-1,,False,a68c3619436b9da7,,female,trunk,Trunk,2,2,,False
milk10k,milk10k,images/ISIC_0381744.jpg,ISIC_0381744,akiec,g4307,external_test,none,4307,-1,,False,74c2a85cc732dba3,60.0,male,head_neck_face,Head and neck,3,3,,False
milk10k,milk10k,images/ISIC_0414164.jpg,ISIC_0414164,mel,g4308,external_test,none,4308,-1,,False,0c9b1cf96423e39d,55.0,female,lower_extremity,Lower extremity,4,4,,False
milk10k,milk10k,images/ISIC_5785135.jpg,ISIC_5785135,mel,g4309,external_test,none,4309,-1,,False,8f9ae165a9299635,55.0,male,trunk,Trunk,3,3,,False
milk10k,milk10k,images/ISIC_8863147.jpg,ISIC_8863147,sccka,g4310,dropped,none,4310,-1,unmapped_class:sccka,False,c9213bdc16da70b3,80.0,female,lower_extremity,Lower extremity,4,4,unmapped_class:sccka,False
milk10k,milk10k,images/ISIC_3705057.jpg,ISIC_3705057,sccka,g4311,dropped,none,4311,-1,unmapped_class:sccka,False,8666d98d242c7f53,55.0,female,trunk,Trunk,2,2,unmapped_class:sccka,False
milk10k,milk10k,images/ISIC_4605939.jpg,ISIC_4605939,bcc,g4312,external_test,none,4312,-1,,False,49b067ae93994375,70.0,male,lower_extremity,Lower extremity,4,4,,False
milk10k,milk10k,images/ISIC_1884126.jpg,ISIC_1884126,sccka,g4313,dropped,none,4313,-1,unmapped_class:sccka,False,f6b48bc8744ecc91,60.0,male,lower_extremity,Lower extremity,3,3,unmapped_class:sccka,False
milk10k,milk10k,images/ISIC_1121645.jpg,ISIC_1121645,mel,g4314,external_test,none,4314,-1,,False,8ccc722db6d94987,50.0,female,trunk,Trunk,3,3,,False
milk10k,milk10k,images/ISIC_7943627.jpg,ISIC_7943627,sccka,g4315,dropped,none,4315,-1,unmapped_class:sccka,False,e172e18ea6da5e21,80.0,male,lower_extremity,Lower extremity,5 (lightest),5,unmapped_class:sccka,False
milk10k,milk10k,images/ISIC_3265655.jpg,ISIC_3265655,sccka,g4316,dropped,none,4316,-1,unmapped_class:sccka,False,f38c8ea839e893a3,65.0,male,hand,Upper extremity,3,3,unmapped_class:sccka,False
milk10k,milk10k,images/ISIC_6940478.jpg,ISIC_6940478,nv,g4317,external_test,none,4317,-1,,True,cc6936c63199ce65,5.0,male,lower_extremity,Lower extremity,3,3,,False
milk10k,milk10k,images/ISIC_8793565.jpg,ISIC_8793565,sccka,g4318,dropped,none,4318,-1,unmapped_class:sccka,False,52abbd66a29a4b61,65.0,male,trunk,Trunk,5 (lightest),5,unmapped_class:sccka,False
milk10k,milk10k,images/ISIC_7643593.jpg,ISIC_7643593,mel,g4319,external_test,none,4319,-1,,False,9b31d9334b4926a7,70.0,female,lower_extremity,Lower extremity,4,4,,False
milk10k,milk10k,images/ISIC_6538645.jpg,ISIC_6538645,bcc,g4320,external_test,none,4320,-1,,False,a5fe1b2470c766c1,80.0,male,upper_extremity,Upper extremity,5 (lightest),5,,False
milk10k,milk10k,images/ISIC_1693712.jpg,ISIC_1693712,akiec,g4321,external_test,none,4321,-1,,False,db46b558ce22a783,40.0,male,head_neck_face,Head and neck,3,3,,False
milk10k,milk10k,images/ISIC_0528832.jpg,ISIC_0528832,mel,g4322,external_test,none,4322,-1,,False,84385a13e50b76fd,65.0,male,head_neck_face,Head and neck,2,2,,False
milk10k,milk10k,images/ISIC_7902747.jpg,ISIC_7902747,bcc,g4323,external_test,none,4323,-1,,False,cde38342730c3dab,70.0,male,trunk,Trunk,3,3,,False
milk10k,milk10k,images/ISIC_3211851.jpg,ISIC_3211851,nv,g4324,external_test,none,4324,-1,,False,9d1ecc33e5813b0d,50.0,male,trunk,Trunk,4,4,,False
milk10k,milk10k,images/ISIC_2120971.jpg,ISIC_2120971,sccka,g4325,dropped,none,4325,-1,unmapped_class:sccka,False,3d0b9334ece63961,60.0,male,lower_extremity,Lower extremity,4,4,unmapped_class:sccka,False
milk10k,milk10k,images/ISIC_6114177.jpg,ISIC_6114177,bcc,g4326,external_test,none,4326,-1,,False,2ec51a84769b9e8d,80.0,female,head_neck_face,Head and neck,3,3,,False
milk10k,milk10k,images/ISIC_4924775.jpg,ISIC_4924775,bcc,g4327,external_test,none,4327,-1,,False,6db04f724d4e3531,70.0,female,head_neck_face,Head and neck,3,3,,False
milk10k,milk10k,images/ISIC_0846856.jpg,ISIC_0846856,sccka,g4328,dropped,none,4328,-1,unmapped_class:sccka,False,d67afb9a22eaa081,85.0,female,lower_extremity,Lower extremity,3,3,unmapped_class:sccka,False
milk10k,milk10k,images/ISIC_5446350.jpg,ISIC_5446350,bcc,g4329,external_test,none,4329,-1,,False,6d26f9072cdc92a9,60.0,female,upper_extremity,Upper extremity,3,3,,False
milk10k,milk10k,images/ISIC_4389754.jpg,ISIC_4389754,bcc,g4330,external_test,none,4330,-1,,False,ce2a9ea876aa7883,70.0,female,lower_extremity,Lower extremity,3,3,,False
milk10k,milk10k,images/ISIC_5398396.jpg,ISIC_5398396,sccka,g4331,dropped,none,4331,-1,unmapped_class:sccka,False,563ca966438eb669,70.0,female,upper_extremity,Upper extremity,3,3,unmapped_class:sccka,False
milk10k,milk10k,images/ISIC_9488743.jpg,ISIC_9488743,akiec,g4332,external_test,none,4332,-1,,True,d1ce391e3678e823,40.0,male,head_neck_face,Head and neck,3,3,,False
milk10k,milk10k,images/ISIC_9147502.jpg,ISIC_9147502,bcc,g4333,external_test,none,4333,-1,,False,f442dea07a2aaea9,55.0,female,trunk,Trunk,4,4,,False
milk10k,milk10k,images/ISIC_0960754.jpg,ISIC_0960754,bcc,g4334,external_test,none,4334,-1,,False,cba2c3aaf36a1629,60.0,female,lower_extremity,Lower extremity,3,3,,False
milk10k,milk10k,images/ISIC_8472745.jpg,ISIC_8472745,bkl,g4335,external_test,none,4335,-1,,True,4998dc8ab383d13f,75.0,male,head_neck_face,Head and neck,0-1 (darkest),1,,False
milk10k,milk10k,images/ISIC_3911179.jpg,ISIC_3911179,bcc,g4336,external_test,none,4336,-1,,False,9ea139d9cb646c23,85.0,male,head_neck_face,Head and neck,4,4,,False
milk10k,milk10k,images/ISIC_5804522.jpg,ISIC_5804522,bcc,g4337,external_test,none,4337,-1,,False,33c2d84a67f9cc0d,75.0,female,trunk,Trunk,4,4,,False
milk10k,milk10k,images/ISIC_1285744.jpg,ISIC_1285744,bkl,g4338,external_test,none,4338,-1,,False,6e91898474b98b77,75.0,male,head_neck_face,Head and neck,4,4,,False
milk10k,milk10k,images/ISIC_5998955.jpg,ISIC_5998955,bkl,g4339,external_test,none,4339,-1,,False,5b8aec64939b0d65,70.0,female,lower_extremity,Lower extremity,3,3,,False
milk10k,milk10k,images/ISIC_1894633.jpg,ISIC_1894633,bkl,g4340,external_test,none,4340,-1,,False,92e68eb863ba9989,60.0,female,lower_extremity,Lower extremity,3,3,,False
milk10k,milk10k,images/ISIC_0660859.jpg,ISIC_0660859,nv,g4341,external_test,none,4341,-1,,True,2466969c59dba665,70.0,male,trunk,Trunk,3,3,,False
milk10k,milk10k,images/ISIC_7869346.jpg,ISIC_7869346,bcc,g4342,external_test,none,4342,-1,,False,306cec9287686bdd,65.0,male,head_neck_face,Head and neck,3,3,,False
milk10k,milk10k,images/ISIC_3312778.jpg,ISIC_3312778,bcc,g4343,external_test,none,4343,-1,,True,1bc84b129e7b858f,60.0,female,upper_extremity,Upper extremity,3,3,,False
milk10k,milk10k,images/ISIC_0546389.jpg,ISIC_0546389,akiec,g4344,external_test,none,4344,-1,,False,cecb5b4c069ef821,80.0,male,head_neck_face,Head and neck,3,3,,False
milk10k,milk10k,images/ISIC_9540789.jpg,ISIC_9540789,mel,g4345,external_test,none,4345,-1,,True,b099d993b4494ab7,75.0,male,,,3,3,,False
milk10k,milk10k,images/ISIC_0743648.jpg,ISIC_0743648,bcc,g4346,external_test,none,4346,-1,,True,e7cc8c387332ccc9,80.0,male,head_neck_face,Head and neck,3,3,,False
milk10k,milk10k,images/ISIC_4933345.jpg,ISIC_4933345,bcc,g4347,external_test,none,4347,-1,,False,d41e7d524ac92d2d,45.0,female,lower_extremity,Lower extremity,3,3,,False
milk10k,milk10k,images/ISIC_1222561.jpg,ISIC_1222561,bkl,g4348,external_test,none,4348,-1,,False,193959b32cc3d22f,50.0,female,head_neck_face,Head and neck,3,3,,False
milk10k,milk10k,images/ISIC_4951972.jpg,ISIC_4951972,bcc,g4349,external_test,none,4349,-1,,False,9f7c6a0ae15407ab,65.0,female,head_neck_face,Head and neck,5 (lightest),5,,False
milk10k,milk10k,images/ISIC_7343701.jpg,ISIC_7343701,bkl,g4350,external_test,none,4350,-1,,False,1bc89a163f285f8b,70.0,female,trunk,Trunk,4,4,,False
milk10k,milk10k,images/ISIC_6252442.jpg,ISIC_6252442,bcc,g4351,external_test,none,4351,-1,,False,b32d659ea993822d,65.0,male,trunk,Trunk,3,3,,False
milk10k,milk10k,images/ISIC_7235077.jpg,ISIC_7235077,sccka,g4352,dropped,none,4352,-1,unmapped_class:sccka,False,2390cc6cb6daad63,70.0,male,lower_extremity,Lower extremity,4,4,unmapped_class:sccka,False
milk10k,milk10k,images/ISIC_6085286.jpg,ISIC_6085286,nv,g4353,external_test,none,4353,-1,,True,0ee4f9137869c31d,35.0,female,trunk,Trunk,2,2,,False
milk10k,milk10k,images/ISIC_5818083.jpg,ISIC_5818083,nv,g4354,external_test,none,4354,-1,,True,9684c3f3e1699a0f,55.0,male,trunk,Trunk,3,3,,False
milk10k,milk10k,images/ISIC_3721391.jpg,ISIC_3721391,bcc,g4355,external_test,none,4355,-1,,False,ec0ecb1c67709e0d,50.0,female,head_neck_face,Head and neck,3,3,,False
milk10k,milk10k,images/ISIC_6053581.jpg,ISIC_6053581,bkl,g4356,external_test,none,4356,-1,,False,c68e3191d3790dc7,70.0,male,trunk,Trunk,2,2,,False
milk10k,milk10k,images/ISIC_9017680.jpg,ISIC_9017680,bcc,g4357,external_test,none,4357,-1,,True,5d25260e56d3f88d,65.0,female,trunk,Trunk,4,4,,False
milk10k,milk10k,images/ISIC_6616937.jpg,ISIC_6616937,bcc,g4358,external_test,none,4358,-1,,True,1886de16f3733c85,70.0,male,trunk,Trunk,3,3,,False
milk10k,milk10k,images/ISIC_8873365.jpg,ISIC_8873365,nv,g4359,external_test,none,4359,-1,,False,7131ce999cc3632d,30.0,male,trunk,Trunk,4,4,,False
milk10k,milk10k,images/ISIC_9390488.jpg,ISIC_9390488,akiec,g4360,external_test,none,4360,-1,,False,6c9fa560b5ac13a3,65.0,male,upper_extremity,Upper extremity,3,3,,False
milk10k,milk10k,images/ISIC_4955912.jpg,ISIC_4955912,bcc,g4361,external_test,none,4361,-1,,False,f64c5b2ea6580ea3,50.0,female,upper_extremity,Upper extremity,4,4,,False
milk10k,milk10k,images/ISIC_8244439.jpg,ISIC_8244439,mel,g4362,external_test,none,4362,-1,,True,094ff8293889c777,25.0,male,lower_extremity,Lower extremity,4,4,,False
milk10k,milk10k,images/ISIC_4426257.jpg,ISIC_4426257,bcc,g4363,external_test,none,4363,-1,,False,cbe46cf8160369ab,70.0,male,trunk,Trunk,3,3,,False
milk10k,milk10k,images/ISIC_8660074.jpg,ISIC_8660074,bcc,g4364,external_test,none,4364,-1,,False,d29e00debd5abd01,60.0,male,lower_extremity,Lower extremity,4,4,,False
milk10k,milk10k,images/ISIC_5943320.jpg,ISIC_5943320,bcc,g4365,external_test,none,4365,-1,,False,a786f73a5cb41a21,75.0,male,trunk,Trunk,3,3,,False
milk10k,milk10k,images/ISIC_1135697.jpg,ISIC_1135697,bcc,g4366,external_test,none,4366,-1,,True,1b236664d983e765,70.0,male,trunk,Trunk,3,3,,False
milk10k,milk10k,images/ISIC_1230479.jpg,ISIC_1230479,bcc,g4367,external_test,none,4367,-1,,True,9612db2f8633f485,60.0,female,head_neck_face,Head and neck,3,3,,False
milk10k,milk10k,images/ISIC_0289881.jpg,ISIC_0289881,bcc,g4368,external_test,none,4368,-1,,False,71a9cdb274e3048f,85.0,male,head_neck_face,Head and neck,0-1 (darkest),1,,False
milk10k,milk10k,images/ISIC_0783369.jpg,ISIC_0783369,bkl,g4369,external_test,none,4369,-1,,False,6dce9a1a197b228d,40.0,male,trunk,Trunk,2,2,,False
milk10k,milk10k,images/ISIC_7377119.jpg,ISIC_7377119,bcc,g4370,external_test,none,4370,-1,,False,c3c8b3cb9c1b4327,65.0,female,upper_extremity,Upper extremity,4,4,,False
milk10k,milk10k,images/ISIC_4141321.jpg,ISIC_4141321,bcc,g4371,external_test,none,4371,-1,,False,a7aaf8ead5326421,75.0,male,foot,Lower extremity,4,4,,False
milk10k,milk10k,images/ISIC_1518748.jpg,ISIC_1518748,sccka,g4372,dropped,none,4372,-1,unmapped_class:sccka,False,a9e492837a9ee169,85.0,male,upper_extremity,Upper extremity,3,3,unmapped_class:sccka,False
milk10k,milk10k,images/ISIC_7314033.jpg,ISIC_7314033,akiec,g4373,external_test,none,4373,-1,,False,34484f69dc8b853f,70.0,male,head_neck_face,Head and neck,3,3,,False
milk10k,milk10k,images/ISIC_5380664.jpg,ISIC_5380664,nv,g4374,external_test,none,4374,-1,,False,92d25ccd2da13367,30.0,female,head_neck_face,Head and neck,0-1 (darkest),1,,False
milk10k,milk10k,images/ISIC_1501988.jpg,ISIC_1501988,bkl,g4375,external_test,none,4375,-1,,False,c9894999b9397687,80.0,male,trunk,Trunk,3,3,,False
milk10k,milk10k,images/ISIC_9148837.jpg,ISIC_9148837,ben_oth,g4376,dropped,none,4376,-1,unmapped_class:ben_oth,False,52f087881b1ae9ef,85.0,male,head_neck_face,Head and neck,4,4,unmapped_class:ben_oth,False
milk10k,milk10k,images/ISIC_3401124.jpg,ISIC_3401124,bcc,g4377,external_test,none,4377,-1,,True,734e69d2d6689b81,45.0,female,upper_extremity,Upper extremity,3,3,,False
milk10k,milk10k,images/ISIC_3670069.jpg,ISIC_3670069,mel,g4378,external_test,none,4378,-1,,True,27cc9c4d59d3a60d,30.0,female,lower_extremity,Lower extremity,2,2,,False
milk10k,milk10k,images/ISIC_1623104.jpg,ISIC_1623104,bcc,g4379,external_test,none,4379,-1,,False,6128cf885d2af78b,85.0,male,trunk,Trunk,3,3,,False
milk10k,milk10k,images/ISIC_6595713.jpg,ISIC_6595713,bkl,g4380,external_test,none,4380,-1,,True,66b1db66239b8d05,55.0,male,genital,Anogenital region,4,4,,False
milk10k,milk10k,images/ISIC_6415417.jpg,ISIC_6415417,akiec,g4381,external_test,none,4381,-1,,False,bd69c23ac63238ab,70.0,male,head_neck_face,Head and neck,3,3,,False
milk10k,milk10k,images/ISIC_0657679.jpg,ISIC_0657679,bcc,g4382,external_test,none,4382,-1,,False,f20e4c163c79e8ad,85.0,male,lower_extremity,Lower extremity,3,3,,False
milk10k,milk10k,images/ISIC_3715127.jpg,ISIC_3715127,bkl,g4383,external_test,none,4383,-1,,True,5d7623754ac115ab,65.0,male,trunk,Trunk,3,3,,False
milk10k,milk10k,images/ISIC_1635697.jpg,ISIC_1635697,bcc,g4384,external_test,none,4384,-1,,True,cdb69e24fee60901,70.0,male,trunk,Trunk,3,3,,False
milk10k,milk10k,images/ISIC_0846122.jpg,ISIC_0846122,sccka,g4385,dropped,none,4385,-1,unmapped_class:sccka,False,da2764e4332e87a9,80.0,female,lower_extremity,Lower extremity,4,4,unmapped_class:sccka,False
milk10k,milk10k,images/ISIC_6378396.jpg,ISIC_6378396,nv,g4386,dropped,none,4386,-1,duplicate_of_ham10000,False,4cc93366cc993367,40.0,female,trunk,Trunk,2,2,duplicate_of_ham10000,False
milk10k,milk10k,images/ISIC_5761443.jpg,ISIC_5761443,mel,g4387,external_test,none,4387,-1,,True,56d3facbf8a18205,35.0,male,lower_extremity,Lower extremity,3,3,,False
milk10k,milk10k,images/ISIC_2181342.jpg,ISIC_2181342,vasc,g4388,external_test,none,4388,-1,,True,331981e63b93ac6d,50.0,female,upper_extremity,Upper extremity,3,3,,False
milk10k,milk10k,images/ISIC_6318524.jpg,ISIC_6318524,bcc,g4389,external_test,none,4389,-1,,False,f5e20d30b3980fab,65.0,female,upper_extremity,Upper extremity,3,3,,False
milk10k,milk10k,images/ISIC_1762147.jpg,ISIC_1762147,mel,g4390,external_test,none,4390,-1,,True,1bd6c10967693c97,85.0,male,trunk,Trunk,4,4,,False
milk10k,milk10k,images/ISIC_4378485.jpg,ISIC_4378485,bcc,g4391,external_test,none,4391,-1,,True,6061ee8ef93b2d81,70.0,male,trunk,Trunk,3,3,,False
milk10k,milk10k,images/ISIC_8226322.jpg,ISIC_8226322,bcc,g4392,external_test,none,4392,-1,,False,c3a9eb630b0b983d,75.0,male,head_neck_face,Head and neck,0-1 (darkest),1,,False
milk10k,milk10k,images/ISIC_4597054.jpg,ISIC_4597054,bcc,g4393,external_test,none,4393,-1,,False,e7d01b83bc813c3d,85.0,male,head_neck_face,Head and neck,4,4,,False
milk10k,milk10k,images/ISIC_5681371.jpg,ISIC_5681371,bcc,g4394,external_test,none,4394,-1,,False,a54ab534eaf4b429,70.0,female,trunk,Trunk,4,4,,False
milk10k,milk10k,images/ISIC_0871073.jpg,ISIC_0871073,bcc,g4395,external_test,none,4395,-1,,True,93196366b198bd63,60.0,male,trunk,Trunk,4,4,,False
milk10k,milk10k,images/ISIC_3418096.jpg,ISIC_3418096,df,g4396,external_test,none,4396,-1,,False,f3cc8c3978c98617,45.0,male,trunk,Trunk,2,2,,False
milk10k,milk10k,images/ISIC_6688178.jpg,ISIC_6688178,sccka,g4397,dropped,none,4397,-1,unmapped_class:sccka,False,c50fa1e6975c4e23,65.0,male,upper_extremity,Upper extremity,3,3,unmapped_class:sccka,False
milk10k,milk10k,images/ISIC_9181159.jpg,ISIC_9181159,akiec,g4398,external_test,none,4398,-1,,False,df1a33a0dccac629,50.0,male,head_neck_face,Head and neck,3,3,,False
milk10k,milk10k,images/ISIC_8153849.jpg,ISIC_8153849,akiec,g4399,external_test,none,4399,-1,,False,fbb269a60ce4f809,55.0,male,head_neck_face,Head and neck,3,3,,False
milk10k,milk10k,images/ISIC_0282178.jpg,ISIC_0282178,nv,g4400,external_test,none,4400,-1,,False,6cb26299a6d9c867,35.0,male,trunk,Trunk,3,3,,False
milk10k,milk10k,images/ISIC_5624559.jpg,ISIC_5624559,bcc,g4401,external_test,none,4401,-1,,False,2a414bb41df2b5ab,60.0,female,lower_extremity,Lower extremity,3,3,,False
milk10k,milk10k,images/ISIC_0984507.jpg,ISIC_0984507,sccka,g4402,dropped,none,4402,-1,unmapped_class:sccka,False,8ffaf8265c984721,60.0,male,head_neck_face,Head and neck,3,3,unmapped_class:sccka,False
milk10k,milk10k,images/ISIC_8263244.jpg,ISIC_8263244,bkl,g4403,external_test,none,4403,-1,,False,ecc3a1c11701fa7d,75.0,male,head_neck_face,Head and neck,0-1 (darkest),1,,False
milk10k,milk10k,images/ISIC_6866299.jpg,ISIC_6866299,bcc,g4404,external_test,none,4404,-1,,True,a408bbe6cc99b627,85.0,female,head_neck_face,Head and neck,4,4,,False
milk10k,milk10k,images/ISIC_6615782.jpg,ISIC_6615782,bcc,g4405,external_test,none,4405,-1,,False,e653b145c95ea3a1,65.0,male,trunk,Trunk,4,4,,False
milk10k,milk10k,images/ISIC_9594918.jpg,ISIC_9594918,bcc,g4406,external_test,none,4406,-1,,False,e17a8ff8b1e88581,80.0,male,trunk,Trunk,3,3,,False
milk10k,milk10k,images/ISIC_6567490.jpg,ISIC_6567490,akiec,g4407,external_test,none,4407,-1,,False,4c3919665c92177f,65.0,male,head_neck_face,Head and neck,2,2,,False
milk10k,milk10k,images/ISIC_9931617.jpg,ISIC_9931617,sccka,g4408,dropped,none,4408,-1,unmapped_class:sccka,False,fe38629e87383f01,85.0,male,lower_extremity,Lower extremity,3,3,unmapped_class:sccka,False
milk10k,milk10k,images/ISIC_2925746.jpg,ISIC_2925746,nv,g4409,external_test,none,4409,-1,,False,8464197ef3f149a5,40.0,male,trunk,Trunk,2,2,,False
milk10k,milk10k,images/ISIC_0346352.jpg,ISIC_0346352,bcc,g4410,external_test,none,4410,-1,,True,97a1ac0cd3b2e48f,45.0,male,trunk,Trunk,3,3,,False
milk10k,milk10k,images/ISIC_9842192.jpg,ISIC_9842192,sccka,g4411,dropped,none,4411,-1,unmapped_class:sccka,False,fc16bd021c8cc3bb,65.0,male,upper_extremity,Upper extremity,3,3,unmapped_class:sccka,False
milk10k,milk10k,images/ISIC_7838537.jpg,ISIC_7838537,bcc,g4412,external_test,none,4412,-1,,False,519ce7241cd1e70f,60.0,female,trunk,Trunk,3,3,,False
milk10k,milk10k,images/ISIC_1069584.jpg,ISIC_1069584,bcc,g4413,external_test,none,4413,-1,,True,26c656bbed215389,55.0,male,head_neck_face,Head and neck,5 (lightest),5,,False
milk10k,milk10k,images/ISIC_8310935.jpg,ISIC_8310935,bcc,g4414,external_test,none,4414,-1,,True,939a367ac9d66921,45.0,male,trunk,Trunk,3,3,,False
milk10k,milk10k,images/ISIC_9824409.jpg,ISIC_9824409,bcc,g4415,external_test,none,4415,-1,,False,4b7a4cfaa8e8b581,75.0,female,head_neck_face,Head and neck,5 (lightest),5,,False
milk10k,milk10k,images/ISIC_1860202.jpg,ISIC_1860202,akiec,g4416,external_test,none,4416,-1,,False,66541a72c9e1f68b,85.0,female,upper_extremity,Upper extremity,3,3,,False
milk10k,milk10k,images/ISIC_9816160.jpg,ISIC_9816160,nv,g4417,external_test,none,4417,-1,,False,2053d3f3e669841f,65.0,male,trunk,Trunk,2,2,,False
milk10k,milk10k,images/ISIC_2119364.jpg,ISIC_2119364,nv,g4418,external_test,none,4418,-1,,False,4e9b664c913366cd,30.0,female,trunk,Trunk,3,3,,False
milk10k,milk10k,images/ISIC_1550198.jpg,ISIC_1550198,bcc,g4419,external_test,none,4419,-1,,True,7296894966693cb7,70.0,male,lower_extremity,Lower extremity,3,3,,False
milk10k,milk10k,images/ISIC_0311944.jpg,ISIC_0311944,inf,g4420,dropped,none,4420,-1,unmapped_class:inf,False,6ec955342b9a5327,65.0,female,trunk,Trunk,4,4,unmapped_class:inf,False
milk10k,milk10k,images/ISIC_0637655.jpg,ISIC_0637655,bcc,g4421,external_test,none,4421,-1,,False,d333a8cc93b14e47,70.0,female,head_neck_face,Head and neck,4,4,,False
milk10k,milk10k,images/ISIC_8334297.jpg,ISIC_8334297,bcc,g4422,external_test,none,4422,-1,,False,9135388b135e6767,60.0,male,trunk,Trunk,3,3,,False
milk10k,milk10k,images/ISIC_4599594.jpg,ISIC_4599594,bcc,g4423,external_test,none,4423,-1,,False,2b8b2ccc5fb0ec89,65.0,female,lower_extremity,Lower extremity,3,3,,False
milk10k,milk10k,images/ISIC_0885674.jpg,ISIC_0885674,bcc,g4424,external_test,none,4424,-1,,False,5f3186ccb93bd501,80.0,male,head_neck_face,Head and neck,4,4,,False
milk10k,milk10k,images/ISIC_8308325.jpg,ISIC_8308325,bcc,g4425,external_test,none,4425,-1,,False,cbb203db27e8b921,85.0,male,head_neck_face,Head and neck,4,4,,False
milk10k,milk10k,images/ISIC_1373525.jpg,ISIC_1373525,sccka,g4426,dropped,none,4426,-1,unmapped_class:sccka,False,deee2dd61730e401,45.0,male,trunk,Trunk,3,3,unmapped_class:sccka,False
milk10k,milk10k,images/ISIC_7110687.jpg,ISIC_7110687,nv,g4427,external_test,none,4427,-1,,False,77998e66371188e5,30.0,female,lower_extremity,Lower extremity,5 (lightest),5,,False
milk10k,milk10k,images/ISIC_2372470.jpg,ISIC_2372470,nv,g4428,external_test,none,4428,-1,,True,c3b9ea39e686f401,40.0,male,head_neck_face,Head and neck,3,3,,False
milk10k,milk10k,images/ISIC_7915016.jpg,ISIC_7915016,bcc,g4429,external_test,none,4429,-1,,False,92a47faa27f0de01,70.0,female,lower_extremity,Lower extremity,4,4,,False
milk10k,milk10k,images/ISIC_1220536.jpg,ISIC_1220536,mel,g4430,external_test,none,4430,-1,,True,e60b313b27cb8c2d,75.0,female,head_neck_face,Head and neck,3,3,,False
milk10k,milk10k,images/ISIC_6522135.jpg,ISIC_6522135,bcc,g4431,external_test,none,4431,-1,,False,7f40beae0076fc81,55.0,female,head_neck_face,Head and neck,5 (lightest),5,,False
milk10k,milk10k,images/ISIC_0913648.jpg,ISIC_0913648,bcc,g4432,external_test,none,4432,-1,,True,83ca95aa56a87ba3,70.0,female,lower_extremity,Lower extremity,4,4,,False
milk10k,milk10k,images/ISIC_5093195.jpg,ISIC_5093195,bcc,g4433,external_test,none,4433,-1,,True,d5e06e6e93c0b513,60.0,female,upper_extremity,Upper extremity,3,3,,False
milk10k,milk10k,images/ISIC_4082328.jpg,ISIC_4082328,mel,g4434,external_test,none,4434,-1,,False,b6065c8cf3f9e023,60.0,male,head_neck_face,Head and neck,3,3,,False
milk10k,milk10k,images/ISIC_5493908.jpg,ISIC_5493908,bcc,g4435,external_test,none,4435,-1,,True,c83632fe92e17217,70.0,male,head_neck_face,Head and neck,0-1 (darkest),1,,False
milk10k,milk10k,images/ISIC_5876786.jpg,ISIC_5876786,bcc,g4436,external_test,none,4436,-1,,False,e7728e68d5ea1381,65.0,male,lower_extremity,Lower extremity,5 (lightest),5,,False
milk10k,milk10k,images/ISIC_3428486.jpg,ISIC_3428486,akiec,g4437,external_test,none,4437,-1,,False,8daad52a95aa6b83,75.0,male,upper_extremity,Upper extremity,3,3,,False
milk10k,milk10k,images/ISIC_6484641.jpg,ISIC_6484641,bcc,g4438,external_test,none,4438,-1,,False,4fee6150bb12e4c5,85.0,male,head_neck_face,Head and neck,3,3,,False
milk10k,milk10k,images/ISIC_7621482.jpg,ISIC_7621482,bcc,g4439,external_test,none,4439,-1,,False,f8fab6060c2b4b53,60.0,female,head_neck_face,Head and neck,4,4,,False
milk10k,milk10k,images/ISIC_7771236.jpg,ISIC_7771236,nv,g4440,external_test,none,4440,-1,,False,9e26799394596467,80.0,male,trunk,Trunk,2,2,,False
milk10k,milk10k,images/ISIC_0680433.jpg,ISIC_0680433,akiec,g4441,external_test,none,4441,-1,,False,222af35abcae862b,45.0,male,head_neck_face,Head and neck,3,3,,False
milk10k,milk10k,images/ISIC_9611209.jpg,ISIC_9611209,nv,g4442,dropped,none,4442,-1,duplicate_of_ham10000,False,9c99e4f30343742f,25.0,female,trunk,Trunk,4,4,duplicate_of_ham10000,False
milk10k,milk10k,images/ISIC_0416329.jpg,ISIC_0416329,akiec,g4443,external_test,none,4443,-1,,False,c6299ce4b5723ca3,80.0,male,trunk,Trunk,4,4,,False
milk10k,milk10k,images/ISIC_7583370.jpg,ISIC_7583370,bcc,g4444,external_test,none,4444,-1,,False,99e8bb561e98e581,55.0,male,lower_extremity,Lower extremity,3,3,,False
milk10k,milk10k,images/ISIC_0920424.jpg,ISIC_0920424,sccka,g4445,dropped,none,4445,-1,unmapped_class:sccka,False,c6cc8c3c73369d49,80.0,male,lower_extremity,Lower extremity,3,3,unmapped_class:sccka,False
milk10k,milk10k,images/ISIC_4589630.jpg,ISIC_4589630,bcc,g4446,external_test,none,4446,-1,,False,52b0cfe46b12ed61,55.0,male,head_neck_face,Head and neck,5 (lightest),5,,False
milk10k,milk10k,images/ISIC_6043649.jpg,ISIC_6043649,bcc,g4447,external_test,none,4447,-1,,False,9c77e3dce4d02909,80.0,female,lower_extremity,Lower extremity,3,3,,False
milk10k,milk10k,images/ISIC_3799953.jpg,ISIC_3799953,bcc,g4448,external_test,none,4448,-1,,False,939b4da41029e5f7,65.0,male,trunk,Trunk,3,3,,False
milk10k,milk10k,images/ISIC_1627498.jpg,ISIC_1627498,vasc,g4449,external_test,none,4449,-1,,False,8663468d3931cbed,35.0,female,lower_extremity,Lower extremity,3,3,,False
milk10k,milk10k,images/ISIC_8741674.jpg,ISIC_8741674,akiec,g4450,external_test,none,4450,-1,,False,2f733b166ea2c849,55.0,male,head_neck_face,Head and neck,4,4,,False
milk10k,milk10k,images/ISIC_2465614.jpg,ISIC_2465614,sccka,g4451,dropped,none,4451,-1,unmapped_class:sccka,False,6ddc66489c6af981,50.0,female,trunk,Trunk,4,4,unmapped_class:sccka,False
milk10k,milk10k,images/ISIC_5772488.jpg,ISIC_5772488,bcc,g4452,external_test,none,4452,-1,,False,4057968ed9192fb5,50.0,male,trunk,Trunk,4,4,,False
milk10k,milk10k,images/ISIC_1416314.jpg,ISIC_1416314,bcc,g4453,external_test,none,4453,-1,,False,00a1be53ecb3587d,55.0,male,trunk,Trunk,4,4,,False
milk10k,milk10k,images/ISIC_8946169.jpg,ISIC_8946169,sccka,g4454,dropped,none,4454,-1,unmapped_class:sccka,False,c6329f2e1a3279c9,80.0,male,upper_extremity,Upper extremity,3,3,unmapped_class:sccka,False
milk10k,milk10k,images/ISIC_7105876.jpg,ISIC_7105876,bcc,g4455,external_test,none,4455,-1,,False,08dbbdf6b020bf03,65.0,male,lower_extremity,Lower extremity,3,3,,False
milk10k,milk10k,images/ISIC_6327728.jpg,ISIC_6327728,nv,g4456,external_test,none,4456,-1,,True,98dc252667739d0d,55.0,female,trunk,Trunk,3,3,,False
milk10k,milk10k,images/ISIC_4920461.jpg,ISIC_4920461,bcc,g4457,external_test,none,4457,-1,,True,e7121bacd233474d,75.0,male,head_neck_face,Head and neck,3,3,,False
milk10k,milk10k,images/ISIC_7241294.jpg,ISIC_7241294,bkl,g4458,external_test,none,4458,-1,,False,ea6363780d8ce393,50.0,male,lower_extremity,Lower extremity,4,4,,False
milk10k,milk10k,images/ISIC_6405078.jpg,ISIC_6405078,bcc,g4459,external_test,none,4459,-1,,False,1266ee9cdd591287,75.0,male,trunk,Trunk,3,3,,False
milk10k,milk10k,images/ISIC_8368960.jpg,ISIC_8368960,bcc,g4460,external_test,none,4460,-1,,False,ba1b36cce9293853,85.0,male,head_neck_face,Head and neck,3,3,,False
milk10k,milk10k,images/ISIC_1460872.jpg,ISIC_1460872,bcc,g4461,external_test,none,4461,-1,,True,2593c78eb2315cc7,45.0,male,lower_extremity,Lower extremity,3,3,,False
milk10k,milk10k,images/ISIC_5767870.jpg,ISIC_5767870,nv,g4462,external_test,none,4462,-1,,False,7191c353cda93c1d,35.0,female,trunk,Trunk,4,4,,False
milk10k,milk10k,images/ISIC_2260901.jpg,ISIC_2260901,ben_oth,g4463,dropped,none,4463,-1,unmapped_class:ben_oth,False,69814336bf599d07,70.0,male,head_neck_face,Head and neck,3,3,unmapped_class:ben_oth,False
milk10k,milk10k,images/ISIC_8946719.jpg,ISIC_8946719,sccka,g4464,dropped,none,4464,-1,unmapped_class:sccka,False,9c0f61b78c6a5aa3,65.0,male,head_neck_face,Head and neck,3,3,unmapped_class:sccka,False
milk10k,milk10k,images/ISIC_8823892.jpg,ISIC_8823892,bcc,g4465,external_test,none,4465,-1,,False,29a57c80622bdfcd,50.0,female,upper_extremity,Upper extremity,3,3,,False
milk10k,milk10k,images/ISIC_8525826.jpg,ISIC_8525826,mel,g4466,external_test,none,4466,-1,,False,793cc0f10d03f2ed,50.0,male,trunk,Trunk,3,3,,False
milk10k,milk10k,images/ISIC_7880723.jpg,ISIC_7880723,bcc,g4467,external_test,none,4467,-1,,False,1d86e8facb5836a1,55.0,female,upper_extremity,Upper extremity,3,3,,False
milk10k,milk10k,images/ISIC_9777954.jpg,ISIC_9777954,mel,g4468,external_test,none,4468,-1,,True,f493773333c1182d,70.0,male,head_neck_face,Head and neck,3,3,,False
milk10k,milk10k,images/ISIC_7208610.jpg,ISIC_7208610,bcc,g4469,external_test,none,4469,-1,,False,d4327982cdc3378d,75.0,male,head_neck_face,Head and neck,4,4,,False
milk10k,milk10k,images/ISIC_9215935.jpg,ISIC_9215935,bcc,g4470,external_test,none,4470,-1,,False,2be0cfbc431ae589,70.0,male,trunk,Trunk,3,3,,False
milk10k,milk10k,images/ISIC_7987908.jpg,ISIC_7987908,nv,g4471,dropped,none,4471,-1,duplicate_of_ham10000,False,96e46c9a9b592627,80.0,female,upper_extremity,Upper extremity,2,2,duplicate_of_ham10000,False
milk10k,milk10k,images/ISIC_4523525.jpg,ISIC_4523525,bcc,g4472,external_test,none,4472,-1,,False,168783c7c752b879,50.0,female,head_neck_face,Head and neck,4,4,,False
milk10k,milk10k,images/ISIC_0146278.jpg,ISIC_0146278,bcc,g4473,external_test,none,4473,-1,,True,2c3d31f20649dea7,55.0,male,upper_extremity,Upper extremity,4,4,,False
milk10k,milk10k,images/ISIC_2202736.jpg,ISIC_2202736,bcc,g4474,external_test,none,4474,-1,,False,2fa8e102d7a8d7a3,75.0,female,trunk,Trunk,3,3,,False
milk10k,milk10k,images/ISIC_2306278.jpg,ISIC_2306278,bcc,g4475,external_test,none,4475,-1,,False,b08726abd903c6bd,50.0,male,trunk,Trunk,3,3,,False
milk10k,milk10k,images/ISIC_7242284.jpg,ISIC_7242284,nv,g4476,external_test,none,4476,-1,,False,354ea41cb9b3664d,50.0,female,upper_extremity,Upper extremity,2,2,,False
milk10k,milk10k,images/ISIC_5935086.jpg,ISIC_5935086,bcc,g4477,external_test,none,4477,-1,,False,cc6932d25b29c5d9,60.0,male,trunk,Trunk,3,3,,False
milk10k,milk10k,images/ISIC_7483655.jpg,ISIC_7483655,bcc,g4478,external_test,none,4478,-1,,False,cc3859a429f0d3eb,65.0,male,head_neck_face,Head and neck,4,4,,False
milk10k,milk10k,images/ISIC_7038723.jpg,ISIC_7038723,akiec,g4479,external_test,none,4479,-1,,True,aad0cbc8cf4926a7,45.0,male,head_neck_face,Head and neck,3,3,,False
milk10k,milk10k,images/ISIC_8218617.jpg,ISIC_8218617,bcc,g4480,external_test,none,4480,-1,,True,8ef2cc706e0abc2b,70.0,male,head_neck_face,Head and neck,3,3,,False
milk10k,milk10k,images/ISIC_4300672.jpg,ISIC_4300672,mel,g4481,external_test,none,4481,-1,,False,59992664c9993be5,40.0,female,upper_extremity,Upper extremity,4,4,,False
milk10k,milk10k,images/ISIC_4923934.jpg,ISIC_4923934,ben_oth,g4482,dropped,none,4482,-1,unmapped_class:ben_oth,False,4cb4dbd023c958b7,25.0,female,head_neck_face,Head and neck,3,3,unmapped_class:ben_oth,False
milk10k,milk10k,images/ISIC_4609417.jpg,ISIC_4609417,bcc,g4483,external_test,none,4483,-1,,False,9bc67332c612bcc9,60.0,male,upper_extremity,Upper extremity,3,3,,False
milk10k,milk10k,images/ISIC_8790878.jpg,ISIC_8790878,bcc,g4484,external_test,none,4484,-1,,False,6546383333f3cc8d,85.0,male,head_neck_face,Head and neck,2,2,,False
milk10k,milk10k,images/ISIC_5923228.jpg,ISIC_5923228,bcc,g4485,external_test,none,4485,-1,,False,368c774cf07c8393,80.0,male,head_neck_face,Head and neck,5 (lightest),5,,False
milk10k,milk10k,images/ISIC_4573337.jpg,ISIC_4573337,bcc,g4486,external_test,none,4486,-1,,False,11b3cce8332158ff,80.0,female,head_neck_face,Head and neck,4,4,,False
milk10k,milk10k,images/ISIC_4780938.jpg,ISIC_4780938,bcc,g4487,external_test,none,4487,-1,,False,66c4996e6631dc2b,75.0,male,trunk,Trunk,3,3,,False
milk10k,milk10k,images/ISIC_9512388.jpg,ISIC_9512388,bcc,g4488,external_test,none,4488,-1,,False,4446b92e63b18eaf,60.0,male,head_neck_face,Head and neck,3,3,,False
milk10k,milk10k,images/ISIC_8178501.jpg,ISIC_8178501,sccka,g4489,dropped,none,4489,-1,unmapped_class:sccka,False,a4947ffc2468da85,50.0,female,head_neck_face,Head and neck,3,3,unmapped_class:sccka,False
milk10k,milk10k,images/ISIC_3331148.jpg,ISIC_3331148,bcc,g4490,external_test,none,4490,-1,,False,f320b4f44beba093,70.0,male,upper_extremity,Upper extremity,3,3,,False
milk10k,milk10k,images/ISIC_7974869.jpg,ISIC_7974869,nv,g4491,external_test,none,4491,-1,,False,6dd966309663918f,35.0,male,head_neck_face,Head and neck,3,3,,False
milk10k,milk10k,images/ISIC_2839614.jpg,ISIC_2839614,bcc,g4492,external_test,none,4492,-1,,True,7788e6389b8a78a3,80.0,male,head_neck_face,Head and neck,3,3,,False
milk10k,milk10k,images/ISIC_3539795.jpg,ISIC_3539795,bkl,g4493,external_test,none,4493,-1,,False,6cb3994e6729c983,50.0,female,lower_extremity,Lower extremity,3,3,,False
milk10k,milk10k,images/ISIC_4637440.jpg,ISIC_4637440,bcc,g4494,external_test,none,4494,-1,,False,7972d6c82d22de89,60.0,male,lower_extremity,Lower extremity,3,3,,False
milk10k,milk10k,images/ISIC_5036259.jpg,ISIC_5036259,bcc,g4495,external_test,none,4495,-1,,False,279a7d33c983324d,60.0,male,lower_extremity,Lower extremity,3,3,,False
milk10k,milk10k,images/ISIC_6553055.jpg,ISIC_6553055,bcc,g4496,external_test,none,4496,-1,,False,62b5b149091bd3e7,85.0,male,head_neck_face,Head and neck,4,4,,False
milk10k,milk10k,images/ISIC_9849120.jpg,ISIC_9849120,bcc,g4497,external_test,none,4497,-1,,True,d93b5acc2a12a56b,55.0,female,head_neck_face,Head and neck,3,3,,False
milk10k,milk10k,images/ISIC_2417592.jpg,ISIC_2417592,akiec,g4498,external_test,none,4498,-1,,False,647c53c469db1e23,65.0,male,head_neck_face,Head and neck,3,3,,False
milk10k,milk10k,images/ISIC_0161474.jpg,ISIC_0161474,bcc,g4499,external_test,none,4499,-1,,False,63b89cf078265aab,70.0,male,lower_extremity,Lower extremity,3,3,,False
milk10k,milk10k,images/ISIC_6678187.jpg,ISIC_6678187,bcc,g4500,external_test,none,4500,-1,,False,ddf4cc8a33a8cb03,60.0,female,lower_extremity,Lower extremity,3,3,,False
milk10k,milk10k,images/ISIC_7454892.jpg,ISIC_7454892,mel,g4501,external_test,none,4501,-1,,True,ddeaf8a84a23228f,75.0,male,head_neck_face,Head and neck,2,2,,False
milk10k,milk10k,images/ISIC_4311703.jpg,ISIC_4311703,bcc,g4502,external_test,none,4502,-1,,True,5d98a7c9c4a19e0f,55.0,male,trunk,Trunk,3,3,,False
milk10k,milk10k,images/ISIC_7962171.jpg,ISIC_7962171,nv,g4503,external_test,none,4503,-1,,False,9cb693b03b49b383,35.0,female,upper_extremity,Upper extremity,4,4,,False
milk10k,milk10k,images/ISIC_9041525.jpg,ISIC_9041525,mel,g4504,external_test,none,4504,-1,,True,dc0353dcad0313d7,45.0,male,trunk,Trunk,2,2,,False
milk10k,milk10k,images/ISIC_7548342.jpg,ISIC_7548342,mel,g4505,external_test,none,4505,-1,,False,6bc994662d999167,50.0,male,trunk,Trunk,2,2,,False
milk10k,milk10k,images/ISIC_8513973.jpg,ISIC_8513973,bkl,g4506,external_test,none,4506,-1,,False,0fec3292c15b4f35,70.0,female,lower_extremity,Lower extremity,4,4,,False
milk10k,milk10k,images/ISIC_7472301.jpg,ISIC_7472301,bcc,g4507,external_test,none,4507,-1,,True,effafee8f800a001,50.0,male,trunk,Trunk,3,3,,False
milk10k,milk10k,images/ISIC_5270147.jpg,ISIC_5270147,nv,g4508,external_test,none,4508,-1,,False,e7836b1307699c95,60.0,male,trunk,Trunk,4,4,,False
milk10k,milk10k,images/ISIC_3201153.jpg,ISIC_3201153,bcc,g4509,external_test,none,4509,-1,,False,d3cad922a95a2d87,65.0,female,upper_extremity,Upper extremity,3,3,,False
milk10k,milk10k,images/ISIC_6940173.jpg,ISIC_6940173,bcc,g4510,external_test,none,4510,-1,,False,f17e8924c387ad0b,50.0,female,trunk,Trunk,3,3,,False
milk10k,milk10k,images/ISIC_3479083.jpg,ISIC_3479083,bcc,g4511,external_test,none,4511,-1,,False,50aebe44cf9839a3,55.0,female,lower_extremity,Lower extremity,4,4,,False
milk10k,milk10k,images/ISIC_9701048.jpg,ISIC_9701048,nv,g4512,external_test,none,4512,-1,,True,51e70bb3350b1e71,45.0,male,trunk,Trunk,3,3,,False
milk10k,milk10k,images/ISIC_0204389.jpg,ISIC_0204389,bcc,g4513,external_test,none,4513,-1,,False,61e66430cd9373ad,65.0,male,trunk,Trunk,5 (lightest),5,,False
milk10k,milk10k,images/ISIC_1073412.jpg,ISIC_1073412,bcc,g4514,external_test,none,4514,-1,,True,7918c3f81cc3e723,60.0,female,trunk,Trunk,4,4,,False
milk10k,milk10k,images/ISIC_4654586.jpg,ISIC_4654586,akiec,g4515,external_test,none,4515,-1,,False,6b5927aa27963923,50.0,male,upper_extremity,Upper extremity,4,4,,False
milk10k,milk10k,images/ISIC_8090800.jpg,ISIC_8090800,bcc,g4516,external_test,none,4516,-1,,False,31b363634d83c63d,70.0,male,head_neck_face,Head and neck,4,4,,False
milk10k,milk10k,images/ISIC_7974271.jpg,ISIC_7974271,mel,g4517,external_test,none,4517,-1,,False,9c99f0d30743fc25,60.0,female,lower_extremity,Lower extremity,3,3,,False
milk10k,milk10k,images/ISIC_4235697.jpg,ISIC_4235697,ben_oth,g4518,dropped,none,4518,-1,unmapped_class:ben_oth,False,582b38e596317e1d,65.0,male,head_neck_face,Head and neck,3,3,unmapped_class:ben_oth,False
milk10k,milk10k,images/ISIC_7188705.jpg,ISIC_7188705,nv,g4519,external_test,none,4519,-1,,False,311bccec39334747,35.0,female,,,2,2,,False
milk10k,milk10k,images/ISIC_0204717.jpg,ISIC_0204717,sccka,g4520,dropped,none,4520,-1,unmapped_class:sccka,False,6e5bc7985baaf001,70.0,female,trunk,Trunk,4,4,unmapped_class:sccka,False
milk10k,milk10k,images/ISIC_5070126.jpg,ISIC_5070126,bcc,g4521,external_test,none,4521,-1,,False,c3de32505a5a55ab,55.0,male,head_neck_face,Head and neck,5 (lightest),5,,False
milk10k,milk10k,images/ISIC_4733269.jpg,ISIC_4733269,nv,g4522,external_test,none,4522,-1,,False,cc9033ce8d3332cf,75.0,male,head_neck_face,Head and neck,4,4,,False
milk10k,milk10k,images/ISIC_9586991.jpg,ISIC_9586991,sccka,g4523,dropped,none,4523,-1,unmapped_class:sccka,False,5b4976a6c8ba2a8b,80.0,male,trunk,Trunk,3,3,unmapped_class:sccka,False
milk10k,milk10k,images/ISIC_3247057.jpg,ISIC_3247057,bcc,g4524,external_test,none,4524,-1,,False,6ea6de923b626883,70.0,female,upper_extremity,Upper extremity,3,3,,False
milk10k,milk10k,images/ISIC_7318590.jpg,ISIC_7318590,bcc,g4525,external_test,none,4525,-1,,False,03a624d6f65ae8ab,45.0,female,head_neck_face,Head and neck,3,3,,False
milk10k,milk10k,images/ISIC_2900622.jpg,ISIC_2900622,sccka,g4526,dropped,none,4526,-1,unmapped_class:sccka,False,cdfc8c9702456a6b,65.0,male,head_neck_face,Head and neck,3,3,unmapped_class:sccka,False
milk10k,milk10k,images/ISIC_5018463.jpg,ISIC_5018463,bcc,g4527,external_test,none,4527,-1,,False,c6e8adbc63213e0b,40.0,female,head_neck_face,Head and neck,3,3,,False
milk10k,milk10k,images/ISIC_2550058.jpg,ISIC_2550058,bcc,g4528,external_test,none,4528,-1,,True,4f993166cc991367,75.0,male,trunk,Trunk,3,3,,False
milk10k,milk10k,images/ISIC_2928924.jpg,ISIC_2928924,bkl,g4529,external_test,none,4529,-1,,True,cc8c133bdbd12627,80.0,male,head_neck_face,Head and neck,3,3,,False
milk10k,milk10k,images/ISIC_0651228.jpg,ISIC_0651228,mel,g4530,external_test,none,4530,-1,,False,9b6626eec4991167,65.0,female,lower_extremity,Lower extremity,4,4,,False
milk10k,milk10k,images/ISIC_8186630.jpg,ISIC_8186630,nv,g4531,external_test,none,4531,-1,,False,a4cb628c87b15b67,50.0,female,lower_extremity,Lower extremity,2,2,,False
milk10k,milk10k,images/ISIC_3032936.jpg,ISIC_3032936,nv,g4532,external_test,none,4532,-1,,False,6619e3f382c3192f,10.0,female,lower_extremity,Lower extremity,3,3,,False
milk10k,milk10k,images/ISIC_1986655.jpg,ISIC_1986655,bcc,g4533,external_test,none,4533,-1,,True,4c3c38e273b38d8d,75.0,male,head_neck_face,Head and neck,5 (lightest),5,,False
milk10k,milk10k,images/ISIC_2298923.jpg,ISIC_2298923,nv,g4534,external_test,none,4534,-1,,False,961a3b9c33d38c0f,20.0,female,trunk,Trunk,2,2,,False
milk10k,milk10k,images/ISIC_6458884.jpg,ISIC_6458884,bkl,g4535,external_test,none,4535,-1,,False,59cca633b3c32761,60.0,female,upper_extremity,Upper extremity,3,3,,False
milk10k,milk10k,images/ISIC_7547900.jpg,ISIC_7547900,akiec,g4536,external_test,none,4536,-1,,False,4d069c6371dbc92d,70.0,male,head_neck_face,Head and neck,0-1 (darkest),1,,False
milk10k,milk10k,images/ISIC_5463407.jpg,ISIC_5463407,bcc,g4537,external_test,none,4537,-1,,False,8f8ec1de54726629,60.0,male,trunk,Trunk,4,4,,False
milk10k,milk10k,images/ISIC_5283239.jpg,ISIC_5283239,bcc,g4538,external_test,none,4538,-1,,True,3c678ae01b1e6793,65.0,male,upper_extremity,Upper extremity,3,3,,False
milk10k,milk10k,images/ISIC_3436668.jpg,ISIC_3436668,nv,g4539,external_test,none,4539,-1,,False,ecd35c431e09e19d,65.0,male,,,4,4,,False
milk10k,milk10k,images/ISIC_2046323.jpg,ISIC_2046323,bcc,g4540,external_test,none,4540,-1,,True,ff607702cc0ae2ab,65.0,female,upper_extremity,Upper extremity,3,3,,False
milk10k,milk10k,images/ISIC_5607139.jpg,ISIC_5607139,bcc,g4541,external_test,none,4541,-1,,False,3e5a78aa469a7c29,55.0,male,upper_extremity,Upper extremity,3,3,,False
milk10k,milk10k,images/ISIC_5126567.jpg,ISIC_5126567,mel,g4542,external_test,none,4542,-1,,True,9ca988a7349393cf,85.0,male,head_neck_face,Head and neck,3,3,,False
milk10k,milk10k,images/ISIC_1329438.jpg,ISIC_1329438,sccka,g4543,dropped,none,4543,-1,unmapped_class:sccka,False,40868c7bbb2ed9c9,65.0,male,upper_extremity,Upper extremity,3,3,unmapped_class:sccka,False
milk10k,milk10k,images/ISIC_7473131.jpg,ISIC_7473131,bcc,g4544,external_test,none,4544,-1,,False,0d5a99766e9a9629,65.0,male,upper_extremity,Upper extremity,3,3,,False
milk10k,milk10k,images/ISIC_2569198.jpg,ISIC_2569198,bkl,g4545,external_test,none,4545,-1,,False,69d6b2e64cc9831d,55.0,female,lower_extremity,Lower extremity,2,2,,False
milk10k,milk10k,images/ISIC_5145664.jpg,ISIC_5145664,bcc,g4546,external_test,none,4546,-1,,False,76325e0ce15ab9a3,70.0,female,lower_extremity,Lower extremity,4,4,,False
milk10k,milk10k,images/ISIC_3020882.jpg,ISIC_3020882,bcc,g4547,external_test,none,4547,-1,,False,c7f89b42468873ab,75.0,male,trunk,Trunk,3,3,,False
milk10k,milk10k,images/ISIC_5866836.jpg,ISIC_5866836,sccka,g4548,dropped,none,4548,-1,unmapped_class:sccka,False,e6e98de404d6b22b,70.0,male,lower_extremity,Lower extremity,3,3,unmapped_class:sccka,False
milk10k,milk10k,images/ISIC_4032370.jpg,ISIC_4032370,sccka,g4549,dropped,none,4549,-1,unmapped_class:sccka,False,9fb562469b149393,45.0,male,trunk,Trunk,3,3,unmapped_class:sccka,False
milk10k,milk10k,images/ISIC_7401818.jpg,ISIC_7401818,bcc,g4550,external_test,none,4550,-1,,False,2fd4ec365730d40d,75.0,male,trunk,Trunk,3,3,,False
milk10k,milk10k,images/ISIC_2927179.jpg,ISIC_2927179,sccka,g4551,dropped,none,4551,-1,unmapped_class:sccka,False,b6f621d0e5b64929,60.0,male,hand,Upper extremity,4,4,unmapped_class:sccka,False
milk10k,milk10k,images/ISIC_3405243.jpg,ISIC_3405243,bkl,g4552,external_test,none,4552,-1,,False,cc33cc923469f387,80.0,female,head_neck_face,Head and neck,3,3,,False
milk10k,milk10k,images/ISIC_1909053.jpg,ISIC_1909053,mel,g4553,external_test,none,4553,-1,,False,7c4992bc19d3652d,60.0,female,lower_extremity,Lower extremity,3,3,,False
milk10k,milk10k,images/ISIC_1983761.jpg,ISIC_1983761,bkl,g4554,external_test,none,4554,-1,,True,7ff0d8193233c465,70.0,male,head_neck_face,Head and neck,2,2,,False
milk10k,milk10k,images/ISIC_8035327.jpg,ISIC_8035327,bcc,g4555,external_test,none,4555,-1,,False,799b18d263733e21,70.0,male,upper_extremity,Upper extremity,3,3,,False
milk10k,milk10k,images/ISIC_2320042.jpg,ISIC_2320042,bkl,g4556,external_test,none,4556,-1,,False,34e4439cd33325cf,45.0,male,trunk,Trunk,4,4,,False
milk10k,milk10k,images/ISIC_1074795.jpg,ISIC_1074795,mel,g4557,external_test,none,4557,-1,,False,4c3349a32789f61f,50.0,male,trunk,Trunk,2,2,,False
milk10k,milk10k,images/ISIC_1607500.jpg,ISIC_1607500,nv,g4558,external_test,none,4558,-1,,False,3238113349dbe6e7,30.0,male,trunk,Trunk,2,2,,False
milk10k,milk10k,images/ISIC_6906027.jpg,ISIC_6906027,sccka,g4559,dropped,none,4559,-1,unmapped_class:sccka,False,88d4c645c9bcdec3,60.0,male,lower_extremity,Lower extremity,3,3,unmapped_class:sccka,False
milk10k,milk10k,images/ISIC_4444955.jpg,ISIC_4444955,bcc,g4560,external_test,none,4560,-1,,False,cb7387e8c31a5e21,65.0,female,trunk,Trunk,4,4,,False
milk10k,milk10k,images/ISIC_1159427.jpg,ISIC_1159427,bcc,g4561,external_test,none,4561,-1,,False,961ad44ca3cb3ea3,65.0,male,trunk,Trunk,4,4,,False
milk10k,milk10k,images/ISIC_3022005.jpg,ISIC_3022005,bcc,g4562,external_test,none,4562,-1,,False,0b8c1696a5fad6a9,65.0,male,trunk,Trunk,3,3,,False
milk10k,milk10k,images/ISIC_4481385.jpg,ISIC_4481385,bcc,g4563,external_test,none,4563,-1,,False,bd6ebc24e3386909,60.0,male,upper_extremity,Upper extremity,4,4,,False
milk10k,milk10k,images/ISIC_7929528.jpg,ISIC_7929528,akiec,g4564,external_test,none,4564,-1,,False,99a0f322ff8a3c23,60.0,female,head_neck_face,Head and neck,3,3,,False
milk10k,milk10k,images/ISIC_4788552.jpg,ISIC_4788552,mel,g4565,external_test,none,4565,-1,,False,d0a836a38f8ba8bd,70.0,female,trunk,Trunk,3,3,,False
milk10k,milk10k,images/ISIC_5427398.jpg,ISIC_5427398,bcc,g4566,external_test,none,4566,-1,,False,563a38c6e7199f03,85.0,male,upper_extremity,Upper extremity,3,3,,False
milk10k,milk10k,images/ISIC_1967830.jpg,ISIC_1967830,bcc,g4567,external_test,none,4567,-1,,False,b8e1e5f492cc390b,50.0,male,trunk,Trunk,3,3,,False
milk10k,milk10k,images/ISIC_9445672.jpg,ISIC_9445672,akiec,g4568,external_test,none,4568,-1,,True,25ba732a56e27d09,80.0,male,head_neck_face,Head and neck,3,3,,False
milk10k,milk10k,images/ISIC_7918518.jpg,ISIC_7918518,bcc,g4569,external_test,none,4569,-1,,False,69f3361a09cbee21,45.0,male,lower_extremity,Lower extremity,4,4,,False
milk10k,milk10k,images/ISIC_1491798.jpg,ISIC_1491798,nv,g4570,external_test,none,4570,-1,,False,03fe1740fc0363f9,55.0,male,trunk,Trunk,3,3,,False
milk10k,milk10k,images/ISIC_3860071.jpg,ISIC_3860071,inf,g4571,dropped,none,4571,-1,unmapped_class:inf,False,4ea58c2c76d9c987,30.0,male,genital,Anogenital region,2,2,unmapped_class:inf,False
milk10k,milk10k,images/ISIC_8642318.jpg,ISIC_8642318,sccka,g4572,dropped,none,4572,-1,unmapped_class:sccka,False,0e3e6532f3ee6821,70.0,male,head_neck_face,Head and neck,3,3,unmapped_class:sccka,False
milk10k,milk10k,images/ISIC_0897372.jpg,ISIC_0897372,bcc,g4573,external_test,none,4573,-1,,True,2f68f4224daa56ab,80.0,male,trunk,Trunk,4,4,,False
milk10k,milk10k,images/ISIC_0116442.jpg,ISIC_0116442,sccka,g4574,dropped,none,4574,-1,unmapped_class:sccka,False,2f0345f2ff50f403,45.0,male,upper_extremity,Upper extremity,4,4,unmapped_class:sccka,False
milk10k,milk10k,images/ISIC_0082638.jpg,ISIC_0082638,bcc,g4575,external_test,none,4575,-1,,False,5f59172c112ceeb1,50.0,female,lower_extremity,Lower extremity,3,3,,False
milk10k,milk10k,images/ISIC_1955962.jpg,ISIC_1955962,bkl,g4576,external_test,none,4576,-1,,False,615bb431cdc03f8d,60.0,female,trunk,Trunk,2,2,,False
milk10k,milk10k,images/ISIC_3735481.jpg,ISIC_3735481,bcc,g4577,external_test,none,4577,-1,,False,fe00c1fa344d6da9,75.0,male,trunk,Trunk,3,3,,False
milk10k,milk10k,images/ISIC_1199167.jpg,ISIC_1199167,bcc,g4578,external_test,none,4578,-1,,True,db68c3acb9192b83,70.0,male,trunk,Trunk,3,3,,False
milk10k,milk10k,images/ISIC_7675736.jpg,ISIC_7675736,bkl,g4579,external_test,none,4579,-1,,False,1e0c1abeb1f8f303,75.0,female,upper_extremity,Upper extremity,3,3,,False
milk10k,milk10k,images/ISIC_2568976.jpg,ISIC_2568976,bkl,g4580,external_test,none,4580,-1,,False,30bc52d30d69b787,45.0,male,upper_extremity,Upper extremity,3,3,,False
milk10k,milk10k,images/ISIC_1861788.jpg,ISIC_1861788,nv,g4581,external_test,none,4581,-1,,True,68c90e53c4a36a7f,35.0,female,trunk,Trunk,4,4,,False
milk10k,milk10k,images/ISIC_9714916.jpg,ISIC_9714916,nv,g4582,external_test,none,4582,-1,,False,83785879c9e11797,55.0,female,trunk,Trunk,4,4,,False
milk10k,milk10k,images/ISIC_8890680.jpg,ISIC_8890680,bcc,g4583,external_test,none,4583,-1,,False,2fd8c0ff29236c0d,60.0,female,trunk,Trunk,3,3,,False
milk10k,milk10k,images/ISIC_4891216.jpg,ISIC_4891216,bkl,g4584,external_test,none,4584,-1,,False,8f396eec92106dc3,85.0,female,head_neck_face,Head and neck,3,3,,False
milk10k,milk10k,images/ISIC_2340494.jpg,ISIC_2340494,bkl,g4585,external_test,none,4585,-1,,False,ceb1353172c4ce33,60.0,male,head_neck_face,Head and neck,5 (lightest),5,,False
milk10k,milk10k,images/ISIC_8059473.jpg,ISIC_8059473,bkl,g4586,external_test,none,4586,-1,,False,9861da78367e7413,70.0,female,trunk,Trunk,4,4,,False
milk10k,milk10k,images/ISIC_5042080.jpg,ISIC_5042080,sccka,g4587,dropped,none,4587,-1,unmapped_class:sccka,False,bdc3d846c4d8d1a3,55.0,male,upper_extremity,Upper extremity,3,3,unmapped_class:sccka,False
milk10k,milk10k,images/ISIC_1136271.jpg,ISIC_1136271,ben_oth,g4588,dropped,none,4588,-1,unmapped_class:ben_oth,False,ce645099a4e978d7,55.0,female,trunk,Trunk,4,4,unmapped_class:ben_oth,False
milk10k,milk10k,images/ISIC_6854604.jpg,ISIC_6854604,bcc,g4589,external_test,none,4589,-1,,False,5bfa7be0dc905881,80.0,female,trunk,Trunk,4,4,,False
milk10k,milk10k,images/ISIC_3545744.jpg,ISIC_3545744,nv,g4590,external_test,none,4590,-1,,True,720c3c3323d9c9e7,55.0,female,lower_extremity,Lower extremity,4,4,,False
milk10k,milk10k,images/ISIC_6955501.jpg,ISIC_6955501,bcc,g4591,external_test,none,4591,-1,,False,deeb9c4632984ca3,50.0,male,head_neck_face,Head and neck,4,4,,False
milk10k,milk10k,images/ISIC_6958882.jpg,ISIC_6958882,nv,g4592,external_test,none,4592,-1,,False,846c39b6635b1c67,45.0,female,trunk,Trunk,3,3,,False
milk10k,milk10k,images/ISIC_5157183.jpg,ISIC_5157183,nv,g4593,external_test,none,4593,-1,,False,6373b68c491366e5,75.0,male,head_neck_face,Head and neck,3,3,,False
milk10k,milk10k,images/ISIC_2530103.jpg,ISIC_2530103,bcc,g4594,external_test,none,4594,-1,,False,adad2eb5528254d3,75.0,male,head_neck_face,Head and neck,3,3,,False
milk10k,milk10k,images/ISIC_2209183.jpg,ISIC_2209183,sccka,g4595,dropped,none,4595,-1,unmapped_class:sccka,False,78c3d49ab3d085ab,80.0,male,head_neck_face,Head and neck,4,4,unmapped_class:sccka,False
milk10k,milk10k,images/ISIC_2426257.jpg,ISIC_2426257,bcc,g4596,external_test,none,4596,-1,,False,4c655387a3339ccd,85.0,female,lower_extremity,Lower extremity,5 (lightest),5,,False
milk10k,milk10k,images/ISIC_6693138.jpg,ISIC_6693138,bcc,g4597,external_test,none,4597,-1,,False,6e58e6ac647c5c83,80.0,female,lower_extremity,Lower extremity,3,3,,False
milk10k,milk10k,images/ISIC_6272354.jpg,ISIC_6272354,bcc,g4598,external_test,none,4598,-1,,False,66aace642f1adb81,65.0,female,trunk,Trunk,3,3,,False
milk10k,milk10k,images/ISIC_9826615.jpg,ISIC_9826615,bcc,g4599,external_test,none,4599,-1,,False,6c89bd670c1ad2cd,85.0,female,head_neck_face,Head and neck,4,4,,False
milk10k,milk10k,images/ISIC_5480309.jpg,ISIC_5480309,bcc,g4600,external_test,none,4600,-1,,True,31638ecef232f889,75.0,female,head_neck_face,Head and neck,4,4,,False
milk10k,milk10k,images/ISIC_2368450.jpg,ISIC_2368450,akiec,g4601,external_test,none,4601,-1,,True,cce66611a4f31aad,70.0,male,head_neck_face,Head and neck,2,2,,False
milk10k,milk10k,images/ISIC_4378484.jpg,ISIC_4378484,nv,g4602,external_test,none,4602,-1,,False,99912664da994f67,20.0,male,trunk,Trunk,3,3,,False
milk10k,milk10k,images/ISIC_9597152.jpg,ISIC_9597152,bcc,g4603,external_test,none,4603,-1,,True,789e8cac83f075e1,55.0,male,trunk,Trunk,3,3,,False
milk10k,milk10k,images/ISIC_3596524.jpg,ISIC_3596524,bcc,g4604,external_test,none,4604,-1,,False,cef069865b3a168b,60.0,female,lower_extremity,Lower extremity,3,3,,False
milk10k,milk10k,images/ISIC_0531382.jpg,ISIC_0531382,ben_oth,g4605,dropped,none,4605,-1,unmapped_class:ben_oth,False,fafee6a680022ec9,80.0,female,head_neck_face,Head and neck,3,3,unmapped_class:ben_oth,False
milk10k,milk10k,images/ISIC_3178739.jpg,ISIC_3178739,sccka,g4606,dropped,none,4606,-1,unmapped_class:sccka,False,1d92ef06c73916c5,45.0,female,head_neck_face,Head and neck,4,4,unmapped_class:sccka,False
milk10k,milk10k,images/ISIC_3094600.jpg,ISIC_3094600,bcc,g4607,external_test,none,4607,-1,,False,1ef86cf4a058db23,60.0,male,head_neck_face,Head and neck,4,4,,False
milk10k,milk10k,images/ISIC_1749046.jpg,ISIC_1749046,bkl,g4608,dropped,none,4608,-1,duplicate_of_ham10000,False,96d9995959692387,35.0,female,trunk,Trunk,4,4,duplicate_of_ham10000,False
milk10k,milk10k,images/ISIC_6769979.jpg,ISIC_6769979,bkl,g4609,external_test,none,4609,-1,,False,f9f6967311e06911,45.0,male,upper_extremity,Upper extremity,3,3,,False
milk10k,milk10k,images/ISIC_8802957.jpg,ISIC_8802957,akiec,g4610,external_test,none,4610,-1,,False,d7fa99161aa8e309,50.0,male,hand,Upper extremity,5 (lightest),5,,False
milk10k,milk10k,images/ISIC_7347180.jpg,ISIC_7347180,bcc,g4611,external_test,none,4611,-1,,True,2636f3f893894c93,80.0,male,upper_extremity,Upper extremity,3,3,,False
milk10k,milk10k,images/ISIC_4949237.jpg,ISIC_4949237,akiec,g4612,external_test,none,4612,-1,,False,12a8cd79378399ab,45.0,male,upper_extremity,Upper extremity,3,3,,False
milk10k,milk10k,images/ISIC_5424675.jpg,ISIC_5424675,sccka,g4613,dropped,none,4613,-1,unmapped_class:sccka,False,1878f1f2c78e7621,70.0,female,upper_extremity,Upper extremity,3,3,unmapped_class:sccka,False
milk10k,milk10k,images/ISIC_4602849.jpg,ISIC_4602849,bkl,g4614,external_test,none,4614,-1,,False,2959b37306c99b87,65.0,female,head_neck_face,Head and neck,2,2,,False
milk10k,milk10k,images/ISIC_7214986.jpg,ISIC_7214986,mel,g4615,external_test,none,4615,-1,,False,719b893996636b07,80.0,male,trunk,Trunk,2,2,,False
milk10k,milk10k,images/ISIC_3122081.jpg,ISIC_3122081,sccka,g4616,dropped,none,4616,-1,unmapped_class:sccka,False,6cec863638d3c70d,70.0,male,upper_extremity,Upper extremity,4,4,unmapped_class:sccka,False
milk10k,milk10k,images/ISIC_2240759.jpg,ISIC_2240759,sccka,g4617,dropped,none,4617,-1,unmapped_class:sccka,False,f48a7326adb39889,85.0,female,head_neck_face,Head and neck,3,3,unmapped_class:sccka,False
milk10k,milk10k,images/ISIC_9281043.jpg,ISIC_9281043,bcc,g4618,external_test,none,4618,-1,,False,6061e966a4969d7b,80.0,male,trunk,Trunk,5 (lightest),5,,False
milk10k,milk10k,images/ISIC_1664514.jpg,ISIC_1664514,bcc,g4619,external_test,none,4619,-1,,False,7be6a59e5d701083,85.0,male,trunk,Trunk,3,3,,False
milk10k,milk10k,images/ISIC_1642723.jpg,ISIC_1642723,bcc,g4620,external_test,none,4620,-1,,True,758c63480fbe78a9,55.0,male,head_neck_face,Head and neck,5 (lightest),5,,False
milk10k,milk10k,images/ISIC_2925612.jpg,ISIC_2925612,bcc,g4621,external_test,none,4621,-1,,False,66e7b48cccc6063b,70.0,male,head_neck_face,Head and neck,3,3,,False
milk10k,milk10k,images/ISIC_1217694.jpg,ISIC_1217694,bcc,g4622,external_test,none,4622,-1,,False,55b23c936ca3b18d,70.0,female,head_neck_face,Head and neck,4,4,,False
milk10k,milk10k,images/ISIC_3042275.jpg,ISIC_3042275,sccka,g4623,dropped,none,4623,-1,unmapped_class:sccka,False,e0aaaaaeaaaaaaa9,65.0,male,foot,Lower extremity,3,3,unmapped_class:sccka,False
milk10k,milk10k,images/ISIC_9250781.jpg,ISIC_9250781,bcc,g4624,external_test,none,4624,-1,,False,e89b2369bd8117a5,25.0,female,trunk,Trunk,5 (lightest),5,,False
milk10k,milk10k,images/ISIC_8168496.jpg,ISIC_8168496,bcc,g4625,external_test,none,4625,-1,,False,bc0a652adda257a9,65.0,male,head_neck_face,Head and neck,5 (lightest),5,,False
milk10k,milk10k,images/ISIC_9931935.jpg,ISIC_9931935,nv,g4626,dropped,none,4626,-1,duplicate_of_ham10000,False,3326c79c1c632d8f,45.0,male,trunk,Trunk,2,2,duplicate_of_ham10000,False
milk10k,milk10k,images/ISIC_8433656.jpg,ISIC_8433656,bcc,g4627,external_test,none,4627,-1,,True,d52adaa8698a56ab,85.0,female,trunk,Trunk,3,3,,False
milk10k,milk10k,images/ISIC_0422017.jpg,ISIC_0422017,nv,g4628,external_test,none,4628,-1,,False,646d832c7cd99327,25.0,female,lower_extremity,Lower extremity,2,2,,False
milk10k,milk10k,images/ISIC_4235290.jpg,ISIC_4235290,sccka,g4629,dropped,none,4629,-1,unmapped_class:sccka,False,3319cc64b39be165,85.0,male,head_neck_face,Head and neck,3,3,unmapped_class:sccka,False
milk10k,milk10k,images/ISIC_8618352.jpg,ISIC_8618352,bcc,g4630,external_test,none,4630,-1,,False,2996e9f2bb023da1,70.0,male,head_neck_face,Head and neck,3,3,,False
milk10k,milk10k,images/ISIC_7298601.jpg,ISIC_7298601,bcc,g4631,external_test,none,4631,-1,,True,cccc268e3333ccc7,50.0,female,head_neck_face,Head and neck,2,2,,False
milk10k,milk10k,images/ISIC_0251142.jpg,ISIC_0251142,sccka,g4632,dropped,none,4632,-1,unmapped_class:sccka,False,53ded2be8990f481,55.0,male,head_neck_face,Head and neck,4,4,unmapped_class:sccka,False
milk10k,milk10k,images/ISIC_8874166.jpg,ISIC_8874166,mel,g4633,external_test,none,4633,-1,,False,0b6b71c92d2b7855,80.0,female,trunk,Trunk,3,3,,False
milk10k,milk10k,images/ISIC_8437510.jpg,ISIC_8437510,mel,g4634,external_test,none,4634,-1,,False,133278e2ada95357,70.0,male,trunk,Trunk,4,4,,False
milk10k,milk10k,images/ISIC_5093862.jpg,ISIC_5093862,bkl,g4635,external_test,none,4635,-1,,False,16f87f23e2bc4c03,65.0,male,head_neck_face,Head and neck,3,3,,False
milk10k,milk10k,images/ISIC_0645934.jpg,ISIC_0645934,bcc,g4636,external_test,none,4636,-1,,False,aa54b53a9493b693,60.0,female,trunk,Trunk,3,3,,False
milk10k,milk10k,images/ISIC_1649481.jpg,ISIC_1649481,bcc,g4637,external_test,none,4637,-1,,True,1b396bd02423b3e7,75.0,male,trunk,Trunk,3,3,,False
milk10k,milk10k,images/ISIC_8708228.jpg,ISIC_8708228,bcc,g4638,external_test,none,4638,-1,,False,a886576c3b19b4e3,60.0,male,trunk,Trunk,3,3,,False
milk10k,milk10k,images/ISIC_6795963.jpg,ISIC_6795963,bcc,g4639,external_test,none,4639,-1,,False,6792996623934d6d,70.0,male,head_neck_face,Head and neck,3,3,,False
milk10k,milk10k,images/ISIC_7902320.jpg,ISIC_7902320,bcc,g4640,external_test,none,4640,-1,,False,fd029b22df98b829,65.0,male,trunk,Trunk,3,3,,False
milk10k,milk10k,images/ISIC_8134181.jpg,ISIC_8134181,bkl,g4641,external_test,none,4641,-1,,True,f3a8e6a2d902de0b,55.0,female,trunk,Trunk,3,3,,False
milk10k,milk10k,images/ISIC_1658137.jpg,ISIC_1658137,bcc,g4642,external_test,none,4642,-1,,False,4f39923c7b4ad909,60.0,female,lower_extremity,Lower extremity,4,4,,False
milk10k,milk10k,images/ISIC_7907324.jpg,ISIC_7907324,bkl,g4643,external_test,none,4643,-1,,False,98f909b1ad23565d,80.0,male,trunk,Trunk,3,3,,False
milk10k,milk10k,images/ISIC_3113033.jpg,ISIC_3113033,sccka,g4644,dropped,none,4644,-1,unmapped_class:sccka,False,0ed89b62f2aed921,80.0,male,head_neck_face,Head and neck,3,3,unmapped_class:sccka,False
milk10k,milk10k,images/ISIC_7890222.jpg,ISIC_7890222,mel,g4645,external_test,none,4645,-1,,True,84b50570fd2a7f0b,75.0,male,trunk,Trunk,3,3,,False
milk10k,milk10k,images/ISIC_4377239.jpg,ISIC_4377239,bcc,g4646,external_test,none,4646,-1,,False,826d5e9a5a59e287,70.0,male,trunk,Trunk,3,3,,False
milk10k,milk10k,images/ISIC_0650927.jpg,ISIC_0650927,akiec,g4647,external_test,none,4647,-1,,True,14b8136e6712f3b3,85.0,male,trunk,Trunk,3,3,,False
milk10k,milk10k,images/ISIC_4349004.jpg,ISIC_4349004,bcc,g4648,external_test,none,4648,-1,,False,2e4d9692b6615c97,45.0,male,lower_extremity,Lower extremity,4,4,,False
milk10k,milk10k,images/ISIC_4370676.jpg,ISIC_4370676,bcc,g4649,external_test,none,4649,-1,,False,b97ec30433f8ce21,70.0,male,trunk,Trunk,3,3,,False
milk10k,milk10k,images/ISIC_5932820.jpg,ISIC_5932820,bkl,g4650,external_test,none,4650,-1,,False,6039abe8b923bc17,70.0,male,head_neck_face,Head and neck,0-1 (darkest),1,,False
milk10k,milk10k,images/ISIC_2973607.jpg,ISIC_2973607,nv,g4651,external_test,none,4651,-1,,False,5e0ea7b6e612b1c1,35.0,female,upper_extremity,Upper extremity,3,3,,False
milk10k,milk10k,images/ISIC_5200686.jpg,ISIC_5200686,bcc,g4652,external_test,none,4652,-1,,False,f3d82b916583643d,65.0,male,upper_extremity,Upper extremity,3,3,,False
milk10k,milk10k,images/ISIC_5372934.jpg,ISIC_5372934,nv,g4653,external_test,none,4653,-1,,True,64ccd38c4979b785,25.0,male,head_neck_face,Head and neck,3,3,,False
milk10k,milk10k,images/ISIC_9918302.jpg,ISIC_9918302,sccka,g4654,dropped,none,4654,-1,unmapped_class:sccka,False,9bd434e6381ccda3,60.0,male,head_neck_face,Head and neck,3,3,unmapped_class:sccka,False
milk10k,milk10k,images/ISIC_1326092.jpg,ISIC_1326092,nv,g4655,external_test,none,4655,-1,,False,5b8ca75cdc0923b5,25.0,male,lower_extremity,Lower extremity,3,3,,False
milk10k,milk10k,images/ISIC_8470224.jpg,ISIC_8470224,nv,g4656,external_test,none,4656,-1,,False,c9a43d1a53a9dd07,45.0,female,trunk,Trunk,2,2,,False
milk10k,milk10k,images/ISIC_3905157.jpg,ISIC_3905157,sccka,g4657,dropped,none,4657,-1,unmapped_class:sccka,False,3aa3649ed4118b6f,80.0,male,lower_extremity,Lower extremity,3,3,unmapped_class:sccka,False
milk10k,milk10k,images/ISIC_1208071.jpg,ISIC_1208071,akiec,g4658,external_test,none,4658,-1,,False,268a79937c69c43d,70.0,male,head_neck_face,Head and neck,3,3,,False
milk10k,milk10k,images/ISIC_7042940.jpg,ISIC_7042940,nv,g4659,external_test,none,4659,-1,,False,d93133394cc3b62d,30.0,female,trunk,Trunk,3,3,,False
milk10k,milk10k,images/ISIC_7535768.jpg,ISIC_7535768,bcc,g4660,external_test,none,4660,-1,,False,c7559a3306a170df,60.0,male,head_neck_face,Head and neck,2,2,,False
milk10k,milk10k,images/ISIC_7885691.jpg,ISIC_7885691,akiec,g4661,external_test,none,4661,-1,,False,9133caf3a5090eb7,70.0,male,head_neck_face,Head and neck,0-1 (darkest),1,,False
milk10k,milk10k,images/ISIC_8339951.jpg,ISIC_8339951,nv,g4662,external_test,none,4662,-1,,False,d3ce2d5292a92c57,50.0,female,trunk,Trunk,3,3,,False
milk10k,milk10k,images/ISIC_2187348.jpg,ISIC_2187348,mal_oth,g4663,dropped,none,4663,-1,unmapped_class:mal_oth,False,b98889f9f8035277,65.0,male,trunk,Trunk,2,2,unmapped_class:mal_oth,False
milk10k,milk10k,images/ISIC_0974866.jpg,ISIC_0974866,bcc,g4664,external_test,none,4664,-1,,True,2a15fbe67a135129,75.0,female,upper_extremity,Upper extremity,3,3,,False
milk10k,milk10k,images/ISIC_2724480.jpg,ISIC_2724480,bcc,g4665,external_test,none,4665,-1,,False,bcacc6c56cb95017,70.0,female,lower_extremity,Lower extremity,3,3,,False
milk10k,milk10k,images/ISIC_5944362.jpg,ISIC_5944362,bcc,g4666,external_test,none,4666,-1,,True,688f0ef689659e19,55.0,female,lower_extremity,Lower extremity,4,4,,False
milk10k,milk10k,images/ISIC_0715665.jpg,ISIC_0715665,bcc,g4667,external_test,none,4667,-1,,False,665cb1b41e98cee1,70.0,male,head_neck_face,Head and neck,3,3,,False
milk10k,milk10k,images/ISIC_5997052.jpg,ISIC_5997052,bkl,g4668,external_test,none,4668,-1,,True,326cd4469953ad8f,50.0,female,upper_extremity,Upper extremity,3,3,,False
milk10k,milk10k,images/ISIC_8472225.jpg,ISIC_8472225,bcc,g4669,external_test,none,4669,-1,,True,b49b4a6466996667,55.0,male,trunk,Trunk,3,3,,False
milk10k,milk10k,images/ISIC_2202519.jpg,ISIC_2202519,bcc,g4670,external_test,none,4670,-1,,False,9b896d6699982d63,85.0,male,head_neck_face,Head and neck,5 (lightest),5,,False
milk10k,milk10k,images/ISIC_7105949.jpg,ISIC_7105949,bcc,g4671,external_test,none,4671,-1,,False,3ea64c1af50ae3a3,85.0,female,lower_extremity,Lower extremity,3,3,,False
milk10k,milk10k,images/ISIC_0373682.jpg,ISIC_0373682,nv,g4672,external_test,none,4672,-1,,False,6633a63396c3598d,40.0,female,trunk,Trunk,2,2,,False
milk10k,milk10k,images/ISIC_2311991.jpg,ISIC_2311991,bcc,g4673,external_test,none,4673,-1,,True,7ce7f624c1982c2b,60.0,male,trunk,Trunk,3,3,,False
milk10k,milk10k,images/ISIC_8981897.jpg,ISIC_8981897,df,g4674,external_test,none,4674,-1,,False,8d39d2d3614696b9,50.0,female,lower_extremity,Lower extremity,3,3,,False
milk10k,milk10k,images/ISIC_1102915.jpg,ISIC_1102915,bkl,g4675,external_test,none,4675,-1,,False,738c4b642c91cb6f,65.0,male,head_neck_face,Head and neck,3,3,,False
milk10k,milk10k,images/ISIC_9098782.jpg,ISIC_9098782,sccka,g4676,dropped,none,4676,-1,unmapped_class:sccka,False,cfca73a0cba2d1a1,55.0,male,head_neck_face,Head and neck,3,3,unmapped_class:sccka,False
milk10k,milk10k,images/ISIC_0690986.jpg,ISIC_0690986,bcc,g4677,external_test,none,4677,-1,,True,e433178e4eb8f0e1,70.0,male,lower_extremity,Lower extremity,3,3,,False
milk10k,milk10k,images/ISIC_8137029.jpg,ISIC_8137029,ben_oth,g4678,dropped,none,4678,-1,unmapped_class:ben_oth,False,1756f2787609c873,85.0,male,lower_extremity,Lower extremity,3,3,unmapped_class:ben_oth,False
milk10k,milk10k,images/ISIC_6751355.jpg,ISIC_6751355,nv,g4679,external_test,none,4679,-1,,False,da98296895a35b57,20.0,female,lower_extremity,Lower extremity,3,3,,False
milk10k,milk10k,images/ISIC_4935816.jpg,ISIC_4935816,bcc,g4680,external_test,none,4680,-1,,False,bfa4eb3274bb8801,85.0,male,trunk,Trunk,5 (lightest),5,,False
milk10k,milk10k,images/ISIC_8448006.jpg,ISIC_8448006,bcc,g4681,external_test,none,4681,-1,,True,664c44b3a9f39547,50.0,female,lower_extremity,Lower extremity,3,3,,False
milk10k,milk10k,images/ISIC_4354115.jpg,ISIC_4354115,bcc,g4682,external_test,none,4682,-1,,False,1f6ef1a136828f19,60.0,male,trunk,Trunk,3,3,,False
milk10k,milk10k,images/ISIC_8686696.jpg,ISIC_8686696,sccka,g4683,dropped,none,4683,-1,unmapped_class:sccka,False,a5da5b74e613282b,70.0,male,lower_extremity,Lower extremity,3,3,unmapped_class:sccka,False
milk10k,milk10k,images/ISIC_5950652.jpg,ISIC_5950652,nv,g4684,external_test,none,4684,-1,,False,8702bc7347ce58e5,10.0,female,upper_extremity,Upper extremity,0-1 (darkest),0,,False
milk10k,milk10k,images/ISIC_4485467.jpg,ISIC_4485467,mel,g4685,external_test,none,4685,-1,,True,983129f32c0bf69d,50.0,male,trunk,Trunk,4,4,,False
milk10k,milk10k,images/ISIC_2515838.jpg,ISIC_2515838,ben_oth,g4686,dropped,none,4686,-1,unmapped_class:ben_oth,False,8e3399f1344b6c2d,60.0,male,trunk,Trunk,5 (lightest),5,unmapped_class:ben_oth,False
milk10k,milk10k,images/ISIC_5328474.jpg,ISIC_5328474,sccka,g4687,dropped,none,4687,-1,unmapped_class:sccka,False,54f12e32692cdd99,60.0,male,head_neck_face,Head and neck,4,4,unmapped_class:sccka,False
milk10k,milk10k,images/ISIC_2184268.jpg,ISIC_2184268,bcc,g4688,external_test,none,4688,-1,,False,e3698c61c3ad1c57,75.0,female,head_neck_face,Head and neck,2,2,,False
milk10k,milk10k,images/ISIC_0101955.jpg,ISIC_0101955,bcc,g4689,external_test,none,4689,-1,,False,e5c67749b8ab6405,65.0,male,lower_extremity,Lower extremity,4,4,,False
milk10k,milk10k,images/ISIC_5739264.jpg,ISIC_5739264,bcc,g4690,external_test,none,4690,-1,,False,801b6f6491bbe745,55.0,male,head_neck_face,Head and neck,4,4,,False
milk10k,milk10k,images/ISIC_7365593.jpg,ISIC_7365593,bcc,g4691,external_test,none,4691,-1,,False,c303e38f733c4d31,65.0,male,trunk,Trunk,3,3,,False
milk10k,milk10k,images/ISIC_1845922.jpg,ISIC_1845922,mel,g4692,external_test,none,4692,-1,,False,9a16930e4d6b55a7,60.0,male,head_neck_face,Head and neck,3,3,,False
milk10k,milk10k,images/ISIC_0664879.jpg,ISIC_0664879,akiec,g4693,external_test,none,4693,-1,,True,959b820e78c9b375,70.0,male,head_neck_face,Head and neck,0-1 (darkest),1,,False
milk10k,milk10k,images/ISIC_6401647.jpg,ISIC_6401647,akiec,g4694,external_test,none,4694,-1,,True,94d25ac9adad5253,70.0,female,lower_extremity,Lower extremity,4,4,,False
milk10k,milk10k,images/ISIC_0632001.jpg,ISIC_0632001,bcc,g4695,external_test,none,4695,-1,,False,2342af42ad2af5ab,70.0,female,lower_extremity,Lower extremity,3,3,,False
milk10k,milk10k,images/ISIC_1111477.jpg,ISIC_1111477,sccka,g4696,dropped,none,4696,-1,unmapped_class:sccka,False,a83e43f8fd891623,75.0,male,lower_extremity,Lower extremity,3,3,unmapped_class:sccka,False
milk10k,milk10k,images/ISIC_2264421.jpg,ISIC_2264421,bcc,g4697,external_test,none,4697,-1,,True,ef7c5c72c3c28129,75.0,female,head_neck_face,Head and neck,3,3,,False
milk10k,milk10k,images/ISIC_6873786.jpg,ISIC_6873786,nv,g4698,external_test,none,4698,-1,,True,b263999667598c27,40.0,male,trunk,Trunk,3,3,,False
milk10k,milk10k,images/ISIC_2506667.jpg,ISIC_2506667,bcc,g4699,external_test,none,4699,-1,,False,4b1c1d2263bbcec9,80.0,male,head_neck_face,Head and neck,4,4,,False
milk10k,milk10k,images/ISIC_1940714.jpg,ISIC_1940714,akiec,g4700,external_test,none,4700,-1,,False,e31e35831163fe0d,70.0,male,head_neck_face,Head and neck,3,3,,False
milk10k,milk10k,images/ISIC_3933164.jpg,ISIC_3933164,mel,g4701,external_test,none,4701,-1,,False,7926a6ba1ca9a3a3,75.0,male,trunk,Trunk,3,3,,False
milk10k,milk10k,images/ISIC_6910029.jpg,ISIC_6910029,bcc,g4702,external_test,none,4702,-1,,False,a7a1ac3509b276d3,85.0,male,lower_extremity,Lower extremity,5 (lightest),5,,False
milk10k,milk10k,images/ISIC_6639016.jpg,ISIC_6639016,sccka,g4703,dropped,none,4703,-1,unmapped_class:sccka,False,c8933371cccb1637,50.0,female,lower_extremity,Lower extremity,3,3,unmapped_class:sccka,False
milk10k,milk10k,images/ISIC_0770326.jpg,ISIC_0770326,bkl,g4704,external_test,none,4704,-1,,False,52a16c395d99f147,65.0,male,head_neck_face,Head and neck,0-1 (darkest),1,,False
milk10k,milk10k,images/ISIC_2616471.jpg,ISIC_2616471,bcc,g4705,external_test,none,4705,-1,,False,c1cabfa25a0e2f31,50.0,female,lower_extremity,Lower extremity,3,3,,False
milk10k,milk10k,images/ISIC_2305541.jpg,ISIC_2305541,mel,g4706,external_test,none,4706,-1,,False,b38c991969f3260f,50.0,male,trunk,Trunk,4,4,,False
milk10k,milk10k,images/ISIC_3210975.jpg,ISIC_3210975,mel,g4707,external_test,none,4707,-1,,False,cccc416c3333cdcd,30.0,female,lower_extremity,Lower extremity,3,3,,False
milk10k,milk10k,images/ISIC_6715416.jpg,ISIC_6715416,akiec,g4708,external_test,none,4708,-1,,False,93d387e693994721,60.0,female,head_neck_face,Head and neck,4,4,,False
milk10k,milk10k,images/ISIC_4235575.jpg,ISIC_4235575,mel,g4709,external_test,none,4709,-1,,True,4b690958b7a39c37,65.0,male,trunk,Trunk,3,3,,False
milk10k,milk10k,images/ISIC_4760443.jpg,ISIC_4760443,mel,g4710,external_test,none,4710,-1,,True,6c73868c19f1a70f,55.0,female,upper_extremity,Upper extremity,3,3,,False
milk10k,milk10k,images/ISIC_1892349.jpg,ISIC_1892349,akiec,g4711,external_test,none,4711,-1,,False,ca860fbaa4e3e2a9,80.0,female,head_neck_face,Head and neck,3,3,,False
milk10k,milk10k,images/ISIC_8180214.jpg,ISIC_8180214,bkl,g4712,dropped,none,4712,-1,duplicate_of_ham10000,False,153bf0f8e30388bd,85.0,female,lower_extremity,Lower extremity,3,3,duplicate_of_ham10000,False
milk10k,milk10k,images/ISIC_0497574.jpg,ISIC_0497574,akiec,g4713,external_test,none,4713,-1,,False,31f25cc672069ecb,85.0,male,upper_extremity,Upper extremity,3,3,,False
milk10k,milk10k,images/ISIC_4563142.jpg,ISIC_4563142,mel,g4714,external_test,none,4714,-1,,False,8ccc3236cbd3ac8d,70.0,male,,,4,4,,False
milk10k,milk10k,images/ISIC_4231378.jpg,ISIC_4231378,bcc,g4715,external_test,none,4715,-1,,False,ac5ea1668cba49ab,70.0,female,head_neck_face,Head and neck,3,3,,False
milk10k,milk10k,images/ISIC_1891312.jpg,ISIC_1891312,akiec,g4716,external_test,none,4716,-1,,True,418b0be4e4bafb0b,55.0,female,upper_extremity,Upper extremity,3,3,,False
milk10k,milk10k,images/ISIC_9939897.jpg,ISIC_9939897,akiec,g4717,external_test,none,4717,-1,,True,19ec989a6618daed,50.0,female,head_neck_face,Head and neck,0-1 (darkest),1,,False
milk10k,milk10k,images/ISIC_3513521.jpg,ISIC_3513521,sccka,g4718,dropped,none,4718,-1,unmapped_class:sccka,False,b4b0a9d8b8c0df2b,60.0,female,upper_extremity,Upper extremity,3,3,unmapped_class:sccka,False
milk10k,milk10k,images/ISIC_0290183.jpg,ISIC_0290183,nv,g4719,external_test,none,4719,-1,,False,e34c9c1cccd3322f,15.0,female,lower_extremity,Lower extremity,2,2,,False
milk10k,milk10k,images/ISIC_2457583.jpg,ISIC_2457583,sccka,g4720,dropped,none,4720,-1,unmapped_class:sccka,False,36a83b60e478fc2b,70.0,male,head_neck_face,Head and neck,4,4,unmapped_class:sccka,False
milk10k,milk10k,images/ISIC_2645316.jpg,ISIC_2645316,bcc,g4721,external_test,none,4721,-1,,False,98cc8fd03332ee8b,65.0,male,head_neck_face,Head and neck,3,3,,False
milk10k,milk10k,images/ISIC_5990006.jpg,ISIC_5990006,bcc,g4722,external_test,none,4722,-1,,False,9e1c3ce6c7c29a29,60.0,female,trunk,Trunk,4,4,,False
milk10k,milk10k,images/ISIC_0174869.jpg,ISIC_0174869,nv,g4723,external_test,none,4723,-1,,False,59cb1931e90b26bd,70.0,male,trunk,Trunk,3,3,,False
milk10k,milk10k,images/ISIC_3713055.jpg,ISIC_3713055,sccka,g4724,dropped,none,4724,-1,unmapped_class:sccka,False,8c11ef6f62059e1b,50.0,male,hand,Upper extremity,3,3,unmapped_class:sccka,False
milk10k,milk10k,images/ISIC_0634232.jpg,ISIC_0634232,bcc,g4725,external_test,none,4725,-1,,True,827bb8c7b88ae329,60.0,male,head_neck_face,Head and neck,5 (lightest),5,,False
milk10k,milk10k,images/ISIC_0506795.jpg,ISIC_0506795,bcc,g4726,external_test,none,4726,-1,,False,3d0ab42a5daac5ab,75.0,male,trunk,Trunk,3,3,,False
milk10k,milk10k,images/ISIC_6933070.jpg,ISIC_6933070,bkl,g4727,external_test,none,4727,-1,,True,7794e6b8ec726301,45.0,male,lower_extremity,Lower extremity,3,3,,False
milk10k,milk10k,images/ISIC_3395847.jpg,ISIC_3395847,sccka,g4728,dropped,none,4728,-1,unmapped_class:sccka,False,7bd8bb62cc8a7281,60.0,female,lower_extremity,Lower extremity,3,3,unmapped_class:sccka,False
milk10k,milk10k,images/ISIC_3138874.jpg,ISIC_3138874,bcc,g4729,external_test,none,4729,-1,,False,b958ec6a9c22f389,70.0,female,upper_extremity,Upper extremity,3,3,,False
milk10k,milk10k,images/ISIC_5993206.jpg,ISIC_5993206,akiec,g4730,external_test,none,4730,-1,,False,e65477507d02de0b,80.0,male,upper_extremity,Upper extremity,3,3,,False
milk10k,milk10k,images/ISIC_9209458.jpg,ISIC_9209458,bkl,g4731,external_test,none,4731,-1,,False,3ac9695ad8f4cd81,85.0,male,upper_extremity,Upper extremity,3,3,,False
milk10k,milk10k,images/ISIC_6856028.jpg,ISIC_6856028,sccka,g4732,dropped,none,4732,-1,unmapped_class:sccka,False,a1e6bbce61d83681,70.0,male,upper_extremity,Upper extremity,4,4,unmapped_class:sccka,False
milk10k,milk10k,images/ISIC_2134211.jpg,ISIC_2134211,bcc,g4733,external_test,none,4733,-1,,False,8d96737f3c50f081,85.0,male,lower_extremity,Lower extremity,3,3,,False
milk10k,milk10k,images/ISIC_7109494.jpg,ISIC_7109494,sccka,g4734,dropped,none,4734,-1,unmapped_class:sccka,False,1b2646cc93997c67,70.0,male,head_neck_face,Head and neck,4,4,unmapped_class:sccka,False
milk10k,milk10k,images/ISIC_7888447.jpg,ISIC_7888447,bcc,g4735,external_test,none,4735,-1,,False,f3b89f889b326681,75.0,male,lower_extremity,Lower extremity,4,4,,False
milk10k,milk10k,images/ISIC_0101062.jpg,ISIC_0101062,bcc,g4736,external_test,none,4736,-1,,False,dd1e33388cc36c2b,80.0,male,trunk,Trunk,3,3,,False
milk10k,milk10k,images/ISIC_6374674.jpg,ISIC_6374674,nv,g4737,external_test,none,4737,-1,,False,399c3331993366cd,45.0,female,upper_extremity,Upper extremity,4,4,,False
milk10k,milk10k,images/ISIC_0872261.jpg,ISIC_0872261,sccka,g4738,dropped,none,4738,-1,unmapped_class:sccka,False,87e42c06fd9e50ab,70.0,male,hand,Upper extremity,4,4,unmapped_class:sccka,False
milk10k,milk10k,images/ISIC_2212922.jpg,ISIC_2212922,sccka,g4739,dropped,none,4739,-1,unmapped_class:sccka,False,6c67b0e4b246533d,80.0,female,lower_extremity,Lower extremity,3,3,unmapped_class:sccka,False
milk10k,milk10k,images/ISIC_7259000.jpg,ISIC_7259000,sccka,g4740,dropped,none,4740,-1,unmapped_class:sccka,False,e306993af8e9b489,70.0,female,lower_extremity,Lower extremity,3,3,unmapped_class:sccka,False
milk10k,milk10k,images/ISIC_6965635.jpg,ISIC_6965635,sccka,g4741,dropped,none,4741,-1,unmapped_class:sccka,False,aa8a3b19e6e3191b,75.0,male,trunk,Trunk,4,4,unmapped_class:sccka,False
milk10k,milk10k,images/ISIC_2803954.jpg,ISIC_2803954,bcc,g4742,external_test,none,4742,-1,,False,b7a29d085d8ac6ab,40.0,female,trunk,Trunk,3,3,,False
milk10k,milk10k,images/ISIC_4890139.jpg,ISIC_4890139,bcc,g4743,external_test,none,4743,-1,,False,9924cefc43fa8683,75.0,male,trunk,Trunk,4,4,,False
milk10k,milk10k,images/ISIC_9978058.jpg,ISIC_9978058,bcc,g4744,external_test,none,4744,-1,,True,af8a8e2cd3a8cf41,55.0,female,trunk,Trunk,3,3,,False
milk10k,milk10k,images/ISIC_9483507.jpg,ISIC_9483507,bcc,g4745,external_test,none,4745,-1,,False,4354515e77fac309,80.0,male,head_neck_face,Head and neck,4,4,,False
milk10k,milk10k,images/ISIC_5293815.jpg,ISIC_5293815,bcc,g4746,external_test,none,4746,-1,,True,3c23b0bbd9890f39,70.0,male,head_neck_face,Head and neck,2,2,,False
milk10k,milk10k,images/ISIC_7925520.jpg,ISIC_7925520,bcc,g4747,external_test,none,4747,-1,,False,6e8cae3a2fccf801,80.0,female,trunk,Trunk,3,3,,False
milk10k,milk10k,images/ISIC_1832093.jpg,ISIC_1832093,bcc,g4748,external_test,none,4748,-1,,False,c91475e40973f70b,75.0,female,trunk,Trunk,3,3,,False
milk10k,milk10k,images/ISIC_3832062.jpg,ISIC_3832062,nv,g4749,dropped,none,4749,-1,duplicate_of_ham10000,False,31f8d3b14b03acad,15.0,female,trunk,Trunk,2,2,duplicate_of_ham10000,False
milk10k,milk10k,images/ISIC_4106032.jpg,ISIC_4106032,bkl,g4750,external_test,none,4750,-1,,False,2f809d38cce6d38b,50.0,male,lower_extremity,Lower extremity,4,4,,False
milk10k,milk10k,images/ISIC_8883217.jpg,ISIC_8883217,bcc,g4751,external_test,none,4751,-1,,False,cdd823ccce32c98b,55.0,female,trunk,Trunk,3,3,,False
milk10k,milk10k,images/ISIC_6025998.jpg,ISIC_6025998,bkl,g4752,external_test,none,4752,-1,,False,39e6cc499661f18d,65.0,female,head_neck_face,Head and neck,3,3,,False
milk10k,milk10k,images/ISIC_1715773.jpg,ISIC_1715773,nv,g4753,external_test,none,4753,-1,,False,b15966cc9c3331cd,45.0,female,lower_extremity,Lower extremity,3,3,,False
milk10k,milk10k,images/ISIC_4185473.jpg,ISIC_4185473,bcc,g4754,external_test,none,4754,-1,,False,85db4e86567a0ba9,75.0,male,head_neck_face,Head and neck,3,3,,False
milk10k,milk10k,images/ISIC_6161975.jpg,ISIC_6161975,sccka,g4755,dropped,none,4755,-1,unmapped_class:sccka,False,774c12899b64ed2b,85.0,male,upper_extremity,Upper extremity,4,4,unmapped_class:sccka,False
milk10k,milk10k,images/ISIC_1364975.jpg,ISIC_1364975,bcc,g4756,external_test,none,4756,-1,,False,e4ee4366311b4e0f,80.0,female,head_neck_face,Head and neck,3,3,,False
milk10k,milk10k,images/ISIC_4803004.jpg,ISIC_4803004,bcc,g4757,external_test,none,4757,-1,,True,99e047f246e8cb39,50.0,male,upper_extremity,Upper extremity,3,3,,False
milk10k,milk10k,images/ISIC_3394938.jpg,ISIC_3394938,bcc,g4758,external_test,none,4758,-1,,True,cd8824bbba12e6e3,85.0,male,trunk,Trunk,3,3,,False
milk10k,milk10k,images/ISIC_8054499.jpg,ISIC_8054499,bkl,g4759,external_test,none,4759,-1,,False,b6d62992e6495d0d,60.0,male,trunk,Trunk,3,3,,False
milk10k,milk10k,images/ISIC_6654586.jpg,ISIC_6654586,bcc,g4760,external_test,none,4760,-1,,False,6ec69c3c1a26ad8b,75.0,male,trunk,Trunk,3,3,,False
milk10k,milk10k,images/ISIC_9249196.jpg,ISIC_9249196,bcc,g4761,external_test,none,4761,-1,,False,663692cee53ab189,65.0,male,upper_extremity,Upper extremity,4,4,,False
milk10k,milk10k,images/ISIC_3267303.jpg,ISIC_3267303,bcc,g4762,external_test,none,4762,-1,,False,79996672c458b9a3,30.0,female,trunk,Trunk,3,3,,False
milk10k,milk10k,images/ISIC_1396159.jpg,ISIC_1396159,nv,g4763,external_test,none,4763,-1,,False,5d4e603a1dab54ab,,female,lower_extremity,Lower extremity,3,3,,False
milk10k,milk10k,images/ISIC_1606234.jpg,ISIC_1606234,mel,g4764,external_test,none,4764,-1,,True,906967b6944b6637,80.0,male,upper_extremity,Upper extremity,3,3,,False
milk10k,milk10k,images/ISIC_6348068.jpg,ISIC_6348068,bcc,g4765,external_test,none,4765,-1,,True,b002be22bd8a77ab,75.0,female,lower_extremity,Lower extremity,3,3,,False
milk10k,milk10k,images/ISIC_5817907.jpg,ISIC_5817907,bcc,g4766,external_test,none,4766,-1,,False,b23f7e43608947a5,80.0,female,head_neck_face,Head and neck,5 (lightest),5,,False
milk10k,milk10k,images/ISIC_0811596.jpg,ISIC_0811596,ben_oth,g4767,dropped,none,4767,-1,unmapped_class:ben_oth,False,818ce87693f92e65,70.0,male,head_neck_face,Head and neck,5 (lightest),5,unmapped_class:ben_oth,False
milk10k,milk10k,images/ISIC_2600012.jpg,ISIC_2600012,bcc,g4768,external_test,none,4768,-1,,False,944209be30bbbbcd,65.0,male,trunk,Trunk,3,3,,False
milk10k,milk10k,images/ISIC_3769180.jpg,ISIC_3769180,bcc,g4769,external_test,none,4769,-1,,True,03333ccecb1aeb25,75.0,male,head_neck_face,Head and neck,3,3,,False
milk10k,milk10k,images/ISIC_5972709.jpg,ISIC_5972709,bcc,g4770,external_test,none,4770,-1,,False,063c3b34cdf3644d,60.0,female,trunk,Trunk,3,3,,False
milk10k,milk10k,images/ISIC_1602614.jpg,ISIC_1602614,bcc,g4771,external_test,none,4771,-1,,False,ff5026c6e49a8ca3,40.0,female,upper_extremity,Upper extremity,3,3,,False
milk10k,milk10k,images/ISIC_9274292.jpg,ISIC_9274292,bcc,g4772,external_test,none,4772,-1,,True,36249eb04dd3b38d,85.0,male,trunk,Trunk,3,3,,False
milk10k,milk10k,images/ISIC_5467966.jpg,ISIC_5467966,bcc,g4773,external_test,none,4773,-1,,False,a060ef867069e9d7,75.0,male,trunk,Trunk,3,3,,False
milk10k,milk10k,images/ISIC_8500794.jpg,ISIC_8500794,nv,g4774,external_test,none,4774,-1,,True,469b89667699896d,70.0,female,upper_extremity,Upper extremity,3,3,,False
milk10k,milk10k,images/ISIC_0230087.jpg,ISIC_0230087,bcc,g4775,external_test,none,4775,-1,,True,645ec9238f09bf15,40.0,male,head_neck_face,Head and neck,3,3,,False
milk10k,milk10k,images/ISIC_4443638.jpg,ISIC_4443638,vasc,g4776,external_test,none,4776,-1,,True,edbe9a542c18570b,75.0,male,head_neck_face,Head and neck,3,3,,False
milk10k,milk10k,images/ISIC_7913268.jpg,ISIC_7913268,akiec,g4777,external_test,none,4777,-1,,False,1c433e7928ad15d7,65.0,male,head_neck_face,Head and neck,2,2,,False
milk10k,milk10k,images/ISIC_0528949.jpg,ISIC_0528949,bcc,g4778,external_test,none,4778,-1,,False,c383632cbd837c2d,65.0,male,upper_extremity,Upper extremity,3,3,,False
milk10k,milk10k,images/ISIC_2556744.jpg,ISIC_2556744,bcc,g4779,external_test,none,4779,-1,,True,4b4c98bf86eba905,60.0,male,lower_extremity,Lower extremity,4,4,,False
milk10k,milk10k,images/ISIC_0304311.jpg,ISIC_0304311,sccka,g680,dropped,none,680,-1,unmapped_class:sccka,False,1199666699997a67,65.0,female,head_neck_face,Head and neck,3,3,unmapped_class:sccka,False
milk10k,milk10k,images/ISIC_2283574.jpg,ISIC_2283574,nv,g4781,external_test,none,4781,-1,,False,e671398c7233ac47,60.0,female,lower_extremity,Lower extremity,3,3,,False
milk10k,milk10k,images/ISIC_0442849.jpg,ISIC_0442849,bcc,g4782,external_test,none,4782,-1,,False,b55555e80ad80beb,70.0,male,lower_extremity,Lower extremity,3,3,,False
milk10k,milk10k,images/ISIC_8615694.jpg,ISIC_8615694,nv,g4783,external_test,none,4783,-1,,False,2d263bdac2696c87,60.0,female,trunk,Trunk,3,3,,False
milk10k,milk10k,images/ISIC_8238316.jpg,ISIC_8238316,sccka,g4784,dropped,none,4784,-1,unmapped_class:sccka,False,ecce2ebb3fe20081,65.0,male,head_neck_face,Head and neck,3,3,unmapped_class:sccka,False
milk10k,milk10k,images/ISIC_1953687.jpg,ISIC_1953687,nv,g4785,external_test,none,4785,-1,,False,2654db3696d9c90d,40.0,female,trunk,Trunk,3,3,,False
milk10k,milk10k,images/ISIC_8344886.jpg,ISIC_8344886,bcc,g4786,external_test,none,4786,-1,,False,7b7b9383c0047ee1,70.0,male,head_neck_face,Head and neck,3,3,,False
milk10k,milk10k,images/ISIC_1490956.jpg,ISIC_1490956,bcc,g4787,external_test,none,4787,-1,,False,a6c9db7234b3290d,55.0,male,trunk,Trunk,4,4,,False
milk10k,milk10k,images/ISIC_2533061.jpg,ISIC_2533061,bcc,g4788,external_test,none,4788,-1,,False,5346ced833338ccd,85.0,female,head_neck_face,Head and neck,5 (lightest),5,,False
milk10k,milk10k,images/ISIC_9553909.jpg,ISIC_9553909,bcc,g4789,external_test,none,4789,-1,,False,970475965979638d,65.0,male,lower_extremity,Lower extremity,3,3,,False
milk10k,milk10k,images/ISIC_0569529.jpg,ISIC_0569529,sccka,g4790,dropped,none,4790,-1,unmapped_class:sccka,False,a3c26cf8736059ab,75.0,male,trunk,Trunk,3,3,unmapped_class:sccka,False
milk10k,milk10k,images/ISIC_1770277.jpg,ISIC_1770277,bcc,g4791,external_test,none,4791,-1,,False,6d29c74c7b28d383,65.0,female,upper_extremity,Upper extremity,3,3,,False
milk10k,milk10k,images/ISIC_7939848.jpg,ISIC_7939848,bcc,g4792,external_test,none,4792,-1,,False,1333edcc01337d8d,65.0,female,head_neck_face,Head and neck,3,3,,False
milk10k,milk10k,images/ISIC_4888771.jpg,ISIC_4888771,bcc,g4793,external_test,none,4793,-1,,False,efee73108c617189,75.0,female,head_neck_face,Head and neck,3,3,,False
milk10k,milk10k,images/ISIC_2305246.jpg,ISIC_2305246,bcc,g4794,external_test,none,4794,-1,,False,4742b38a3ea2fca9,55.0,female,upper_extremity,Upper extremity,3,3,,False
milk10k,milk10k,images/ISIC_3210379.jpg,ISIC_3210379,bcc,g4795,external_test,none,4795,-1,,False,d1b6e648a16abd23,55.0,female,lower_extremity,Lower extremity,4,4,,False
milk10k,milk10k,images/ISIC_7217395.jpg,ISIC_7217395,bcc,g4796,external_test,none,4796,-1,,True,a1e6e8133d91472f,80.0,male,head_neck_face,Head and neck,3,3,,False
milk10k,milk10k,images/ISIC_3162488.jpg,ISIC_3162488,nv,g4797,external_test,none,4797,-1,,False,1e4d33361a53a58f,65.0,female,lower_extremity,Lower extremity,3,3,,False
milk10k,milk10k,images/ISIC_7374190.jpg,ISIC_7374190,bcc,g4798,external_test,none,4798,-1,,False,18cad3eacf303c2b,50.0,male,lower_extremity,Lower extremity,4,4,,False
milk10k,milk10k,images/ISIC_3910778.jpg,ISIC_3910778,sccka,g4799,dropped,none,4799,-1,unmapped_class:sccka,False,ddaaacaaf88823a9,75.0,male,upper_extremity,Upper extremity,3,3,unmapped_class:sccka,False
milk10k,milk10k,images/ISIC_4760114.jpg,ISIC_4760114,nv,g4800,external_test,none,4800,-1,,False,6a19e1790f23d8d5,65.0,female,lower_extremity,Lower extremity,4,4,,False
milk10k,milk10k,images/ISIC_6434822.jpg,ISIC_6434822,nv,g4801,external_test,none,4801,-1,,False,2669b166c9991767,30.0,male,trunk,Trunk,3,3,,False
milk10k,milk10k,images/ISIC_3365241.jpg,ISIC_3365241,bcc,g4802,external_test,none,4802,-1,,False,09e9e9643c5bd385,50.0,male,lower_extremity,Lower extremity,2,2,,False
milk10k,milk10k,images/ISIC_2959395.jpg,ISIC_2959395,mel,g4803,external_test,none,4803,-1,,False,ce33f9d98c496185,40.0,male,lower_extremity,Lower extremity,3,3,,False
milk10k,milk10k,images/ISIC_0321371.jpg,ISIC_0321371,akiec,g4804,external_test,none,4804,-1,,False,3f3cd6e80e384b23,55.0,male,trunk,Trunk,3,3,,False
milk10k,milk10k,images/ISIC_8356776.jpg,ISIC_8356776,bcc,g4805,external_test,none,4805,-1,,False,8519cd7367619a8d,40.0,female,trunk,Trunk,4,4,,False
milk10k,milk10k,images/ISIC_6754150.jpg,ISIC_6754150,bcc,g4806,external_test,none,4806,-1,,False,3aeccabc6f4aa403,65.0,female,upper_extremity,Upper extremity,3,3,,False
milk10k,milk10k,images/ISIC_8260302.jpg,ISIC_8260302,bcc,g4807,external_test,none,4807,-1,,False,1ea6da72d9d42629,75.0,male,lower_extremity,Lower extremity,3,3,,False
milk10k,milk10k,images/ISIC_9816395.jpg,ISIC_9816395,bcc,g4808,external_test,none,4808,-1,,False,b6b848a37d2927c3,60.0,male,head_neck_face,Head and neck,3,3,,False
milk10k,milk10k,images/ISIC_4341118.jpg,ISIC_4341118,nv,g4809,external_test,none,4809,-1,,False,eef89c98e9409387,20.0,male,lower_extremity,Lower extremity,3,3,,False
milk10k,milk10k,images/ISIC_6384870.jpg,ISIC_6384870,akiec,g4810,external_test,none,4810,-1,,False,f06cdcd23f260d91,45.0,male,head_neck_face,Head and neck,3,3,,False
milk10k,milk10k,images/ISIC_4492759.jpg,ISIC_4492759,bcc,g4811,external_test,none,4811,-1,,False,a4db984463733c8f,65.0,male,trunk,Trunk,3,3,,False
milk10k,milk10k,images/ISIC_9504198.jpg,ISIC_9504198,vasc,g4812,external_test,none,4812,-1,,True,0513be4ce69b8b27,20.0,male,head_neck_face,Head and neck,3,3,,False
milk10k,milk10k,images/ISIC_9778651.jpg,ISIC_9778651,bcc,g4813,external_test,none,4813,-1,,False,de5a3332594a46ab,85.0,male,head_neck_face,Head and neck,5 (lightest),5,,False
milk10k,milk10k,images/ISIC_7977103.jpg,ISIC_7977103,bcc,g4814,external_test,none,4814,-1,,False,4db2699c96d95923,70.0,male,upper_extremity,Upper extremity,3,3,,False
milk10k,milk10k,images/ISIC_5665189.jpg,ISIC_5665189,sccka,g4815,dropped,none,4815,-1,unmapped_class:sccka,False,bdd8ce8c65360663,85.0,female,upper_extremity,Upper extremity,3,3,unmapped_class:sccka,False
milk10k,milk10k,images/ISIC_1376581.jpg,ISIC_1376581,nv,g4816,external_test,none,4816,-1,,False,d2f26fc32903465d,20.0,male,,,3,3,,False
milk10k,milk10k,images/ISIC_9450429.jpg,ISIC_9450429,bkl,g4817,external_test,none,4817,-1,,False,5eb4bdf29302d509,45.0,female,trunk,Trunk,3,3,,False
milk10k,milk10k,images/ISIC_0819008.jpg,ISIC_0819008,bcc,g4818,external_test,none,4818,-1,,False,941eb3ac3b2647a9,60.0,male,trunk,Trunk,3,3,,False
milk10k,milk10k,images/ISIC_9521072.jpg,ISIC_9521072,bcc,g4819,external_test,none,4819,-1,,False,dea3dc92e0fa9809,70.0,male,trunk,Trunk,5 (lightest),5,,False
milk10k,milk10k,images/ISIC_4262185.jpg,ISIC_4262185,bcc,g4820,external_test,none,4820,-1,,False,7cca38a2d849e63d,70.0,male,trunk,Trunk,4,4,,False
milk10k,milk10k,images/ISIC_8462237.jpg,ISIC_8462237,akiec,g4821,external_test,none,4821,-1,,False,393eb03362cb8f89,85.0,male,upper_extremity,Upper extremity,3,3,,False
milk10k,milk10k,images/ISIC_9693001.jpg,ISIC_9693001,bcc,g4822,external_test,none,4822,-1,,False,42e28688ec5bfde1,80.0,male,head_neck_face,Head and neck,4,4,,False
milk10k,milk10k,images/ISIC_9001735.jpg,ISIC_9001735,bcc,g4823,external_test,none,4823,-1,,False,105fed1fff006701,75.0,male,head_neck_face,Head and neck,3,3,,False
milk10k,milk10k,images/ISIC_8635663.jpg,ISIC_8635663,ben_oth,g4824,dropped,none,4824,-1,unmapped_class:ben_oth,False,ef2097809f20fba9,65.0,female,head_neck_face,Head and neck,0-1 (darkest),1,unmapped_class:ben_oth,False
milk10k,milk10k,images/ISIC_7777861.jpg,ISIC_7777861,bcc,g4825,external_test,none,4825,-1,,False,6f21839c99b3ad29,60.0,female,trunk,Trunk,5 (lightest),5,,False
milk10k,milk10k,images/ISIC_3248418.jpg,ISIC_3248418,mel,g4826,external_test,none,4826,-1,,False,a41e33b3cd43262f,70.0,male,upper_extremity,Upper extremity,3,3,,False
milk10k,milk10k,images/ISIC_3445231.jpg,ISIC_3445231,bcc,g4827,external_test,none,4827,-1,,False,43a9d65235a9e8c7,45.0,female,trunk,Trunk,3,3,,False
milk10k,milk10k,images/ISIC_4641356.jpg,ISIC_4641356,mel,g4828,external_test,none,4828,-1,,False,9e314f48f9297705,85.0,female,lower_extremity,Lower extremity,5 (lightest),5,,False
milk10k,milk10k,images/ISIC_7245189.jpg,ISIC_7245189,bcc,g4829,external_test,none,4829,-1,,False,164b5398dc62f8ab,70.0,female,lower_extremity,Lower extremity,3,3,,False
milk10k,milk10k,images/ISIC_1538266.jpg,ISIC_1538266,bcc,g4830,external_test,none,4830,-1,,True,c1e79cf928035277,65.0,male,trunk,Trunk,2,2,,False
milk10k,milk10k,images/ISIC_7116414.jpg,ISIC_7116414,bcc,g4831,external_test,none,4831,-1,,False,f5849aaad742da0b,70.0,male,lower_extremity,Lower extremity,4,4,,False
milk10k,milk10k,images/ISIC_7461685.jpg,ISIC_7461685,bcc,g4832,external_test,none,4832,-1,,False,0e3ddc30e74a358b,55.0,female,lower_extremity,Lower extremity,4,4,,False
milk10k,milk10k,images/ISIC_7827973.jpg,ISIC_7827973,bcc,g4833,external_test,none,4833,-1,,False,3498b131face8b69,40.0,female,upper_extremity,Upper extremity,3,3,,False
milk10k,milk10k,images/ISIC_4823638.jpg,ISIC_4823638,bcc,g3535,external_test,none,3535,-1,,False,de64c9f0e68b8e21,70.0,male,trunk,Trunk,3,3,,False
milk10k,milk10k,images/ISIC_1881240.jpg,ISIC_1881240,nv,g4835,dropped,none,4835,-1,duplicate_of_ham10000,False,6859b36b1311ccd7,45.0,female,trunk,Trunk,3,3,duplicate_of_ham10000,False
milk10k,milk10k,images/ISIC_5529223.jpg,ISIC_5529223,nv,g4836,external_test,none,4836,-1,,False,5d61368c93594da7,20.0,female,lower_extremity,Lower extremity,2,2,,False
milk10k,milk10k,images/ISIC_0220890.jpg,ISIC_0220890,df,g4837,external_test,none,4837,-1,,False,99b83bec6932b283,15.0,female,lower_extremity,Lower extremity,3,3,,False
milk10k,milk10k,images/ISIC_9891275.jpg,ISIC_9891275,nv,g4838,external_test,none,4838,-1,,False,8a30d97363c366ad,60.0,male,trunk,Trunk,3,3,,False
milk10k,milk10k,images/ISIC_7725065.jpg,ISIC_7725065,bcc,g4839,external_test,none,4839,-1,,True,4826e358f3591b97,40.0,male,trunk,Trunk,4,4,,False
milk10k,milk10k,images/ISIC_0435506.jpg,ISIC_0435506,bcc,g4840,external_test,none,4840,-1,,False,dad85928aca4ee8b,80.0,female,head_neck_face,Head and neck,3,3,,False
milk10k,milk10k,images/ISIC_6897010.jpg,ISIC_6897010,bcc,g4841,external_test,none,4841,-1,,True,387eda3a9386492b,70.0,female,lower_extremity,Lower extremity,3,3,,False
milk10k,milk10k,images/ISIC_2087722.jpg,ISIC_2087722,sccka,g4842,dropped,none,4842,-1,unmapped_class:sccka,False,2a7c96ecb1648d93,75.0,male,upper_extremity,Upper extremity,3,3,unmapped_class:sccka,False
milk10k,milk10k,images/ISIC_3905088.jpg,ISIC_3905088,bkl,g4843,external_test,none,4843,-1,,False,d69a71645e9aca43,60.0,male,trunk,Trunk,3,3,,False
milk10k,milk10k,images/ISIC_8028890.jpg,ISIC_8028890,bkl,g4844,external_test,none,4844,-1,,False,5cd973215969a41f,80.0,female,lower_extremity,Lower extremity,3,3,,False
milk10k,milk10k,images/ISIC_1928560.jpg,ISIC_1928560,bcc,g4845,external_test,none,4845,-1,,False,c91637c96e4979a1,55.0,male,head_neck_face,Head and neck,5 (lightest),5,,False
milk10k,milk10k,images/ISIC_7304977.jpg,ISIC_7304977,nv,g4846,dropped,none,4846,-1,duplicate_of_ham10000,False,3a4e85b86ea1b157,10.0,female,upper_extremity,Upper extremity,3,3,duplicate_of_ham10000,False
milk10k,milk10k,images/ISIC_6296087.jpg,ISIC_6296087,bcc,g4847,external_test,none,4847,-1,,False,0fc43326f39a8d2b,65.0,male,trunk,Trunk,3,3,,False
milk10k,milk10k,images/ISIC_5488940.jpg,ISIC_5488940,ben_oth,g4848,dropped,none,4848,-1,unmapped_class:ben_oth,False,79669c9c6b790427,60.0,male,trunk,Trunk,5 (lightest),5,unmapped_class:ben_oth,False
milk10k,milk10k,images/ISIC_8151706.jpg,ISIC_8151706,bcc,g4849,external_test,none,4849,-1,,False,9906650ceed9a367,45.0,male,upper_extremity,Upper extremity,4,4,,False
milk10k,milk10k,images/ISIC_5428941.jpg,ISIC_5428941,nv,g4850,external_test,none,4850,-1,,False,b5a18e1a69e9b307,35.0,male,trunk,Trunk,2,2,,False
milk10k,milk10k,images/ISIC_1797900.jpg,ISIC_1797900,bcc,g4851,external_test,none,4851,-1,,False,612ec55d3433876b,45.0,male,upper_extremity,Upper extremity,3,3,,False
milk10k,milk10k,images/ISIC_4148797.jpg,ISIC_4148797,bcc,g4852,external_test,none,4852,-1,,False,cf740aae48d3d709,45.0,male,upper_extremity,Upper extremity,3,3,,False
milk10k,milk10k,images/ISIC_6358411.jpg,ISIC_6358411,bkl,g4853,external_test,none,4853,-1,,False,051e9df851b9eca1,65.0,female,upper_extremity,Upper extremity,3,3,,False
milk10k,milk10k,images/ISIC_3762126.jpg,ISIC_3762126,nv,g4854,external_test,none,4854,-1,,True,4b48cf4bb88307f5,60.0,female,trunk,Trunk,3,3,,False
milk10k,milk10k,images/ISIC_4690427.jpg,ISIC_4690427,sccka,g4855,dropped,none,4855,-1,unmapped_class:sccka,False,4fe4b86c1be2f409,60.0,male,trunk,Trunk,4,4,unmapped_class:sccka,False
milk10k,milk10k,images/ISIC_8876261.jpg,ISIC_8876261,akiec,g4856,external_test,none,4856,-1,,False,e34e989aa4b249eb,70.0,female,head_neck_face,Head and neck,2,2,,False
milk10k,milk10k,images/ISIC_2618411.jpg,ISIC_2618411,sccka,g4857,dropped,none,4857,-1,unmapped_class:sccka,False,b7bc09482d5b53a5,70.0,male,head_neck_face,Head and neck,3,3,unmapped_class:sccka,False
milk10k,milk10k,images/ISIC_7806262.jpg,ISIC_7806262,akiec,g4858,external_test,none,4858,-1,,False,96ec5d8264a91f1b,75.0,male,lower_extremity,Lower extremity,4,4,,False
milk10k,milk10k,images/ISIC_0406149.jpg,ISIC_0406149,mel,g4859,external_test,none,4859,-1,,False,7939493371c3b60d,45.0,female,upper_extremity,Upper extremity,3,3,,False
milk10k,milk10k,images/ISIC_3623141.jpg,ISIC_3623141,bkl,g4860,external_test,none,4860,-1,,False,73e029b3dc46b139,50.0,female,trunk,Trunk,3,3,,False
milk10k,milk10k,images/ISIC_9521117.jpg,ISIC_9521117,bkl,g4861,external_test,none,4861,-1,,False,93321d73ec4ab22d,70.0,male,lower_extremity,Lower extremity,3,3,,False
milk10k,milk10k,images/ISIC_1887299.jpg,ISIC_1887299,mel,g4862,external_test,none,4862,-1,,False,912664aa99ba47eb,40.0,female,head_neck_face,Head and neck,4,4,,False
milk10k,milk10k,images/ISIC_3225420.jpg,ISIC_3225420,nv,g4863,external_test,none,4863,-1,,False,31983330e6f39c4f,65.0,male,trunk,Trunk,4,4,,False
milk10k,milk10k,images/ISIC_6210274.jpg,ISIC_6210274,bcc,g4864,external_test,none,4864,-1,,False,03cadc4be71964e5,40.0,male,upper_extremity,Upper extremity,3,3,,False
milk10k,milk10k,images/ISIC_2409346.jpg,ISIC_2409346,sccka,g4865,dropped,none,4865,-1,unmapped_class:sccka,False,0d9b1f6623e44b1b,70.0,male,head_neck_face,Head and neck,4,4,unmapped_class:sccka,False
milk10k,milk10k,images/ISIC_7413595.jpg,ISIC_7413595,bcc,g4866,external_test,none,4866,-1,,False,6cd98e5bb3a24983,75.0,female,trunk,Trunk,3,3,,False
milk10k,milk10k,images/ISIC_1536385.jpg,ISIC_1536385,bcc,g4867,external_test,none,4867,-1,,False,de88e0334dcb2ea5,85.0,male,head_neck_face,Head and neck,3,3,,False
milk10k,milk10k,images/ISIC_6941420.jpg,ISIC_6941420,mel,g4868,external_test,none,4868,-1,,False,347b4399f3618c27,45.0,male,head_neck_face,Head and neck,2,2,,False
milk10k,milk10k,images/ISIC_4896814.jpg,ISIC_4896814,sccka,g4869,dropped,none,4869,-1,unmapped_class:sccka,False,f111d74cc632e38b,75.0,female,lower_extremity,Lower extremity,3,3,unmapped_class:sccka,False
milk10k,milk10k,images/ISIC_6745607.jpg,ISIC_6745607,sccka,g4870,dropped,none,4870,-1,unmapped_class:sccka,False,7b9ac4e23124fc8b,65.0,male,lower_extremity,Lower extremity,3,3,unmapped_class:sccka,False
milk10k,milk10k,images/ISIC_2775534.jpg,ISIC_2775534,nv,g4871,external_test,none,4871,-1,,True,93989b794be3a503,60.0,male,head_neck_face,Head and neck,3,3,,False
milk10k,milk10k,images/ISIC_3024690.jpg,ISIC_3024690,bcc,g4872,external_test,none,4872,-1,,True,aee46eb910ece449,55.0,male,trunk,Trunk,4,4,,False
milk10k,milk10k,images/ISIC_2854469.jpg,ISIC_2854469,bcc,g4873,external_test,none,4873,-1,,True,d535007c7f50bf09,70.0,female,head_neck_face,Head and neck,5 (lightest),5,,False
milk10k,milk10k,images/ISIC_6409954.jpg,ISIC_6409954,bcc,g4874,external_test,none,4874,-1,,False,42a3d6b414fcbe0b,45.0,female,trunk,Trunk,5 (lightest),5,,False
milk10k,milk10k,images/ISIC_8726132.jpg,ISIC_8726132,bkl,g4875,external_test,none,4875,-1,,False,b81c6a1a9c39aaaf,50.0,female,head_neck_face,Head and neck,3,3,,False
milk10k,milk10k,images/ISIC_2505856.jpg,ISIC_2505856,bcc,g4876,dropped,none,4876,-1,duplicate_of_ham10000,False,8b3e91b0c71b6c65,80.0,male,trunk,Trunk,3,3,duplicate_of_ham10000,False
milk10k,milk10k,images/ISIC_8743028.jpg,ISIC_8743028,bcc,g4877,external_test,none,4877,-1,,True,cbb21380d69ba56d,60.0,male,head_neck_face,Head and neck,3,3,,False
milk10k,milk10k,images/ISIC_2001195.jpg,ISIC_2001195,ben_oth,g4878,dropped,none,4878,-1,unmapped_class:ben_oth,False,7854e61b96699987,70.0,male,trunk,Trunk,2,2,unmapped_class:ben_oth,False
milk10k,milk10k,images/ISIC_7340333.jpg,ISIC_7340333,nv,g4879,external_test,none,4879,-1,,False,a6c6330c88b37f2d,40.0,male,trunk,Trunk,4,4,,False
milk10k,milk10k,images/ISIC_4277194.jpg,ISIC_4277194,sccka,g4880,dropped,none,4880,-1,unmapped_class:sccka,False,66d99b626d8c7303,75.0,female,lower_extremity,Lower extremity,3,3,unmapped_class:sccka,False
milk10k,milk10k,images/ISIC_2846004.jpg,ISIC_2846004,df,g4881,external_test,none,4881,-1,,True,ce4a9a24f5d94d23,50.0,female,lower_extremity,Lower extremity,3,3,,False
milk10k,milk10k,images/ISIC_8154140.jpg,ISIC_8154140,bcc,g4882,external_test,none,4882,-1,,False,d549ed48d63a4d25,60.0,female,trunk,Trunk,3,3,,False
milk10k,milk10k,images/ISIC_3003648.jpg,ISIC_3003648,bkl,g4883,external_test,none,4883,-1,,False,8709f5b1930b5a6d,80.0,female,head_neck_face,Head and neck,2,2,,False
milk10k,milk10k,images/ISIC_6693050.jpg,ISIC_6693050,nv,g4884,external_test,none,4884,-1,,False,66c7d23c09c3b627,35.0,female,lower_extremity,Lower extremity,3,3,,False
milk10k,milk10k,images/ISIC_2049806.jpg,ISIC_2049806,bcc,g4885,external_test,none,4885,-1,,False,4c78ddd27f80b02b,75.0,male,trunk,Trunk,4,4,,False
milk10k,milk10k,images/ISIC_7289828.jpg,ISIC_7289828,sccka,g4886,dropped,none,4886,-1,unmapped_class:sccka,False,aa9595d4d694564b,60.0,male,head_neck_face,Head and neck,3,3,unmapped_class:sccka,False
milk10k,milk10k,images/ISIC_9242872.jpg,ISIC_9242872,df,g4887,external_test,none,4887,-1,,True,b32ce09e67731989,40.0,male,lower_extremity,Lower extremity,3,3,,False
milk10k,milk10k,images/ISIC_3050024.jpg,ISIC_3050024,bcc,g4888,external_test,none,4888,-1,,False,0aae93266eb8732b,75.0,female,head_neck_face,Head and neck,5 (lightest),5,,False
milk10k,milk10k,images/ISIC_8830166.jpg,ISIC_8830166,bcc,g4889,external_test,none,4889,-1,,True,07fdd1e4e01b0375,70.0,male,upper_extremity,Upper extremity,4,4,,False
milk10k,milk10k,images/ISIC_2894216.jpg,ISIC_2894216,nv,g4890,external_test,none,4890,-1,,True,dd7266cc9a32a0ab,15.0,female,head_neck_face,Head and neck,4,4,,False
milk10k,milk10k,images/ISIC_1303477.jpg,ISIC_1303477,bcc,g4891,external_test,none,4891,-1,,False,d6aadb0ce598c30b,70.0,male,trunk,Trunk,3,3,,False
milk10k,milk10k,images/ISIC_4599000.jpg,ISIC_4599000,bcc,g4892,external_test,none,4892,-1,,True,ede2b17c37181923,55.0,male,lower_extremity,Lower extremity,3,3,,False
milk10k,milk10k,images/ISIC_7871224.jpg,ISIC_7871224,bcc,g4893,external_test,none,4893,-1,,True,578cedb034d3922d,70.0,male,head_neck_face,Head and neck,2,2,,False
milk10k,milk10k,images/ISIC_4409610.jpg,ISIC_4409610,bcc,g4894,external_test,none,4894,-1,,False,5c4ee44e99f32c49,60.0,female,lower_extremity,Lower extremity,3,3,,False
milk10k,milk10k,images/ISIC_3466904.jpg,ISIC_3466904,bcc,g4895,external_test,none,4895,-1,,False,db8d6f16069853e1,50.0,male,head_neck_face,Head and neck,3,3,,False
milk10k,milk10k,images/ISIC_7779579.jpg,ISIC_7779579,bcc,g4896,external_test,none,4896,-1,,False,6d6686ae5319ac27,65.0,male,head_neck_face,Head and neck,4,4,,False
milk10k,milk10k,images/ISIC_1309626.jpg,ISIC_1309626,bcc,g4897,external_test,none,4897,-1,,False,a5a9aa474b4b7e21,75.0,female,head_neck_face,Head and neck,5 (lightest),5,,False
milk10k,milk10k,images/ISIC_0656805.jpg,ISIC_0656805,nv,g4898,external_test,none,4898,-1,,False,1e3038780df99fa5,50.0,male,head_neck_face,Head and neck,3,3,,False
milk10k,milk10k,images/ISIC_9104095.jpg,ISIC_9104095,nv,g4899,external_test,none,4899,-1,,False,32a6491ab6eb6927,30.0,female,upper_extremity,Upper extremity,5 (lightest),5,,False
milk10k,milk10k,images/ISIC_4363333.jpg,ISIC_4363333,nv,g4900,external_test,none,4900,-1,,False,ed84c3630703f8dd,10.0,female,trunk,Trunk,3,3,,False
milk10k,milk10k,images/ISIC_1805429.jpg,ISIC_1805429,bkl,g4901,external_test,none,4901,-1,,False,9333c2e08fc67d25,50.0,female,lower_extremity,Lower extremity,3,3,,False
milk10k,milk10k,images/ISIC_0831157.jpg,ISIC_0831157,bcc,g4902,external_test,none,4902,-1,,True,4da9a6465d9b2627,80.0,male,head_neck_face,Head and neck,3,3,,False
milk10k,milk10k,images/ISIC_6160419.jpg,ISIC_6160419,mel,g4903,external_test,none,4903,-1,,False,f22371a92c61c99f,85.0,male,head_neck_face,Head and neck,3,3,,False
milk10k,milk10k,images/ISIC_3066491.jpg,ISIC_3066491,mel,g4904,external_test,none,4904,-1,,False,d91689b463783b8d,70.0,male,head_neck_face,Head and neck,3,3,,False
milk10k,milk10k,images/ISIC_9649323.jpg,ISIC_9649323,bcc,g4905,external_test,none,4905,-1,,True,596983962c69f393,75.0,female,upper_extremity,Upper extremity,4,4,,False
milk10k,milk10k,images/ISIC_3208305.jpg,ISIC_3208305,bcc,g4906,external_test,none,4906,-1,,False,c9639c0cb6596997,60.0,male,lower_extremity,Lower extremity,4,4,,False
milk10k,milk10k,images/ISIC_2144270.jpg,ISIC_2144270,sccka,g4907,dropped,none,4907,-1,unmapped_class:sccka,False,56ab155c1e6c29b3,85.0,female,upper_extremity,Upper extremity,3,3,unmapped_class:sccka,False
milk10k,milk10k,images/ISIC_8111688.jpg,ISIC_8111688,nv,g4908,external_test,none,4908,-1,,False,ce9099313c7973a5,30.0,female,lower_extremity,Lower extremity,2,2,,False
milk10k,milk10k,images/ISIC_7397137.jpg,ISIC_7397137,bcc,g4909,external_test,none,4909,-1,,False,4e268ec6ac18ddab,70.0,female,head_neck_face,Head and neck,4,4,,False
milk10k,milk10k,images/ISIC_2128019.jpg,ISIC_2128019,nv,g4910,external_test,none,4910,-1,,False,c33063f12d4b9e35,30.0,female,upper_extremity,Upper extremity,2,2,,False
milk10k,milk10k,images/ISIC_9523126.jpg,ISIC_9523126,sccka,g4911,dropped,none,4911,-1,unmapped_class:sccka,False,d9246699264bd9b5,65.0,male,trunk,Trunk,4,4,unmapped_class:sccka,False
milk10k,milk10k,images/ISIC_6562880.jpg,ISIC_6562880,akiec,g4912,external_test,none,4912,-1,,True,92ad61a48e4bb3b3,85.0,female,upper_extremity,Upper extremity,3,3,,False
milk10k,milk10k,images/ISIC_2658100.jpg,ISIC_2658100,bcc,g4913,external_test,none,4913,-1,,False,57de8f7e360a0c03,40.0,male,head_neck_face,Head and neck,5 (lightest),5,,False
milk10k,milk10k,images/ISIC_4480326.jpg,ISIC_4480326,bcc,g4914,external_test,none,4914,-1,,False,d6c939b6874911a7,50.0,male,head_neck_face,Head and neck,5 (lightest),5,,False
milk10k,milk10k,images/ISIC_8410933.jpg,ISIC_8410933,bcc,g4915,external_test,none,4915,-1,,False,93ccfb6a6c10f621,55.0,female,trunk,Trunk,4,4,,False
milk10k,milk10k,images/ISIC_8280602.jpg,ISIC_8280602,bcc,g4916,external_test,none,4916,-1,,True,ced81ce623f2bc09,55.0,female,lower_extremity,Lower extremity,5 (lightest),5,,False
milk10k,milk10k,images/ISIC_0097262.jpg,ISIC_0097262,nv,g4917,external_test,none,4917,-1,,False,e4639199b3f31c0d,40.0,male,trunk,Trunk,3,3,,False
milk10k,milk10k,images/ISIC_6784471.jpg,ISIC_6784471,akiec,g4918,external_test,none,4918,-1,,False,f41492bb686bf425,65.0,female,head_neck_face,Head and neck,3,3,,False
milk10k,milk10k,images/ISIC_7358297.jpg,ISIC_7358297,nv,g4919,external_test,none,4919,-1,,True,6eac36b6f8232623,35.0,male,head_neck_face,Head and neck,3,3,,False
milk10k,milk10k,images/ISIC_8271684.jpg,ISIC_8271684,bcc,g4920,external_test,none,4920,-1,,False,feeafaa8f800aa81,50.0,female,head_neck_face,Head and neck,3,3,,False
milk10k,milk10k,images/ISIC_0546382.jpg,ISIC_0546382,bcc,g4921,external_test,none,4921,-1,,False,efc2a618b682d729,70.0,male,lower_extremity,Lower extremity,4,4,,False
milk10k,milk10k,images/ISIC_0687223.jpg,ISIC_0687223,akiec,g4922,external_test,none,4922,-1,,False,b2cc4b2b1e716875,75.0,male,head_neck_face,Head and neck,2,2,,False
milk10k,milk10k,images/ISIC_9472574.jpg,ISIC_9472574,sccka,g4923,dropped,none,4923,-1,unmapped_class:sccka,False,4c4b1089472fa7f7,70.0,male,lower_extremity,Lower extremity,3,3,unmapped_class:sccka,False
milk10k,milk10k,images/ISIC_3609001.jpg,ISIC_3609001,bcc,g4924,external_test,none,4924,-1,,False,6e56a93434daace1,40.0,male,upper_extremity,Upper extremity,3,3,,False
milk10k,milk10k,images/ISIC_1313208.jpg,ISIC_1313208,bcc,g4925,external_test,none,4925,-1,,False,f79e1d621ce2c309,85.0,male,lower_extremity,Lower extremity,3,3,,False
milk10k,milk10k,images/ISIC_0742972.jpg,ISIC_0742972,sccka,g4926,dropped,none,4926,-1,unmapped_class:sccka,False,997164e6c3323bc9,45.0,male,trunk,Trunk,3,3,unmapped_class:sccka,False
milk10k,milk10k,images/ISIC_4183641.jpg,ISIC_4183641,inf,g4927,dropped,none,4927,-1,unmapped_class:inf,False,62bc9d181573638f,75.0,male,lower_extremity,Lower extremity,3,3,unmapped_class:inf,False
milk10k,milk10k,images/ISIC_9596173.jpg,ISIC_9596173,mel,g4928,external_test,none,4928,-1,,False,93993399e863c6a5,75.0,male,trunk,Trunk,3,3,,False
milk10k,milk10k,images/ISIC_5665171.jpg,ISIC_5665171,nv,g4929,external_test,none,4929,-1,,False,7ccc1696c3693c95,30.0,male,upper_extremity,Upper extremity,3,3,,False
milk10k,milk10k,images/ISIC_2754763.jpg,ISIC_2754763,df,g4930,dropped,none,4930,-1,duplicate_of_ham10000,False,a61c4973ec43931f,50.0,female,lower_extremity,Lower extremity,2,2,duplicate_of_ham10000,False
milk10k,milk10k,images/ISIC_5828606.jpg,ISIC_5828606,bcc,g4931,external_test,none,4931,-1,,False,72328fa8e4cb5ca3,70.0,male,lower_extremity,Lower extremity,3,3,,False
milk10k,milk10k,images/ISIC_9002358.jpg,ISIC_9002358,nv,g4932,external_test,none,4932,-1,,True,02fce330ff6342a5,10.0,female,head_neck_face,Head and neck,4,4,,False
milk10k,milk10k,images/ISIC_1189485.jpg,ISIC_1189485,bcc,g4933,external_test,none,4933,-1,,False,366da3769c694613,60.0,male,lower_extremity,Lower extremity,3,3,,False
milk10k,milk10k,images/ISIC_9294763.jpg,ISIC_9294763,bcc,g4934,external_test,none,4934,-1,,False,24e67111e3d1ae2f,70.0,female,head_neck_face,Head and neck,3,3,,False
milk10k,milk10k,images/ISIC_7234241.jpg,ISIC_7234241,bcc,g4935,external_test,none,4935,-1,,False,2771c8cc73318acf,70.0,male,head_neck_face,Head and neck,3,3,,False
milk10k,milk10k,images/ISIC_1818006.jpg,ISIC_1818006,mel,g4936,external_test,none,4936,-1,,False,c37449c79259e725,60.0,female,trunk,Trunk,0-1 (darkest),1,,False
milk10k,milk10k,images/ISIC_6648628.jpg,ISIC_6648628,nv,g4937,external_test,none,4937,-1,,False,d0964b792da3c64d,40.0,male,lower_extremity,Lower extremity,4,4,,False
milk10k,milk10k,images/ISIC_6781208.jpg,ISIC_6781208,bcc,g4938,external_test,none,4938,-1,,True,999d3962069997e5,80.0,male,lower_extremity,Lower extremity,3,3,,False
milk10k,milk10k,images/ISIC_9997661.jpg,ISIC_9997661,bkl,g4939,external_test,none,4939,-1,,False,98e9adb1e183921f,80.0,male,upper_extremity,Upper extremity,2,2,,False
milk10k,milk10k,images/ISIC_5296244.jpg,ISIC_5296244,bcc,g4940,external_test,none,4940,-1,,False,73e39c0c23e3ad0d,60.0,female,head_neck_face,Head and neck,3,3,,False
milk10k,milk10k,images/ISIC_2921012.jpg,ISIC_2921012,akiec,g4941,external_test,none,4941,-1,,True,18b5c52619b9d5cd,45.0,male,trunk,Trunk,3,3,,False
milk10k,milk10k,images/ISIC_5242235.jpg,ISIC_5242235,bcc,g4942,external_test,none,4942,-1,,False,ddb2a542e3b8ea41,65.0,male,upper_extremity,Upper extremity,3,3,,False
milk10k,milk10k,images/ISIC_5960820.jpg,ISIC_5960820,bcc,g4943,external_test,none,4943,-1,,False,4306a7c8d331d4ef,65.0,female,lower_extremity,Lower extremity,3,3,,False
milk10k,milk10k,images/ISIC_5363218.jpg,ISIC_5363218,akiec,g4944,external_test,none,4944,-1,,False,b1933333a969ce15,65.0,male,trunk,Trunk,3,3,,False
milk10k,milk10k,images/ISIC_5054970.jpg,ISIC_5054970,bcc,g4945,external_test,none,4945,-1,,False,3903e73c313326ed,80.0,female,head_neck_face,Head and neck,3,3,,False
milk10k,milk10k,images/ISIC_0124902.jpg,ISIC_0124902,mel,g4946,external_test,none,4946,-1,,False,87272cc4970be8f5,30.0,female,trunk,Trunk,5 (lightest),5,,False
milk10k,milk10k,images/ISIC_7521530.jpg,ISIC_7521530,bkl,g4947,external_test,none,4947,-1,,False,0359d8d9a92356dd,85.0,female,trunk,Trunk,4,4,,False
milk10k,milk10k,images/ISIC_1375082.jpg,ISIC_1375082,bcc,g4948,external_test,none,4948,-1,,True,d762cd8ad98aa22b,65.0,female,upper_extremity,Upper extremity,3,3,,False
milk10k,milk10k,images/ISIC_8126703.jpg,ISIC_8126703,mel,g4949,external_test,none,4949,-1,,False,39a939382943d6f5,60.0,female,head_neck_face,Head and neck,2,2,,False
milk10k,milk10k,images/ISIC_1603958.jpg,ISIC_1603958,inf,g4950,dropped,none,4950,-1,unmapped_class:inf,False,23b23d264c53ea6d,50.0,female,trunk,Trunk,4,4,unmapped_class:inf,False
milk10k,milk10k,images/ISIC_5823053.jpg,ISIC_5823053,bkl,g4951,external_test,none,4951,-1,,False,9bcc6d34c4b3138b,65.0,female,head_neck_face,Head and neck,2,2,,False
milk10k,milk10k,images/ISIC_7729052.jpg,ISIC_7729052,bcc,g4952,external_test,none,4952,-1,,False,370a1782d7a8778b,75.0,female,lower_extremity,Lower extremity,3,3,,False
milk10k,milk10k,images/ISIC_1048496.jpg,ISIC_1048496,sccka,g4953,dropped,none,4953,-1,unmapped_class:sccka,False,c95f3466229ecc2b,75.0,male,upper_extremity,Upper extremity,3,3,unmapped_class:sccka,False
milk10k,milk10k,images/ISIC_8906358.jpg,ISIC_8906358,akiec,g4954,external_test,none,4954,-1,,False,e7627b2895827a2b,70.0,male,upper_extremity,Upper extremity,3,3,,False
milk10k,milk10k,images/ISIC_4281031.jpg,ISIC_4281031,bcc,g4955,external_test,none,4955,-1,,True,3d3af8caa6a8f881,70.0,male,lower_extremity,Lower extremity,3,3,,False
milk10k,milk10k,images/ISIC_4914852.jpg,ISIC_4914852,bcc,g4956,external_test,none,4956,-1,,False,ffe877009b01fe01,65.0,male,head_neck_face,Head and neck,3,3,,False
milk10k,milk10k,images/ISIC_7347161.jpg,ISIC_7347161,bcc,g4957,external_test,none,4957,-1,,True,9b836643be83992d,85.0,female,upper_extremity,Upper extremity,3,3,,False
milk10k,milk10k,images/ISIC_1116303.jpg,ISIC_1116303,mel,g4958,external_test,none,4958,-1,,False,6d22d90b3ac97723,85.0,male,head_neck_face,Head and neck,4,4,,False
milk10k,milk10k,images/ISIC_2647192.jpg,ISIC_2647192,bcc,g4959,external_test,none,4959,-1,,False,29ccc637c9793895,55.0,male,head_neck_face,Head and neck,4,4,,False
milk10k,milk10k,images/ISIC_5813817.jpg,ISIC_5813817,df,g4960,external_test,none,4960,-1,,False,672899b36cc3a32d,35.0,female,lower_extremity,Lower extremity,2,2,,False
milk10k,milk10k,images/ISIC_4427207.jpg,ISIC_4427207,bkl,g4961,external_test,none,4961,-1,,False,9586bf285fa2dc09,60.0,male,lower_extremity,Lower extremity,3,3,,False
milk10k,milk10k,images/ISIC_5686739.jpg,ISIC_5686739,bcc,g4962,external_test,none,4962,-1,,False,3bf52132fa8aa22b,65.0,male,trunk,Trunk,3,3,,False
milk10k,milk10k,images/ISIC_2427256.jpg,ISIC_2427256,nv,g4963,external_test,none,4963,-1,,False,07598d663619c9e7,45.0,male,trunk,Trunk,2,2,,False
milk10k,milk10k,images/ISIC_0768610.jpg,ISIC_0768610,nv,g4964,external_test,none,4964,-1,,True,c91c2c6149f3b3ad,55.0,female,lower_extremity,Lower extremity,4,4,,False
milk10k,milk10k,images/ISIC_2912041.jpg,ISIC_2912041,nv,g4965,external_test,none,4965,-1,,False,e94cc6591ce1a397,35.0,female,trunk,Trunk,2,2,,False
milk10k,milk10k,images/ISIC_2054135.jpg,ISIC_2054135,bcc,g4966,external_test,none,4966,-1,,False,6d16e38c9e68e591,40.0,male,trunk,Trunk,3,3,,False
milk10k,milk10k,images/ISIC_2485685.jpg,ISIC_2485685,bkl,g4967,dropped,none,4967,-1,duplicate_of_ham10000,False,7cf8f3cb49a09483,65.0,male,head_neck_face,Head and neck,2,2,duplicate_of_ham10000,False
milk10k,milk10k,images/ISIC_8790740.jpg,ISIC_8790740,inf,g4968,dropped,none,4968,-1,unmapped_class:inf,False,b1f29e9bd0022d97,40.0,female,head_neck_face,Head and neck,3,3,unmapped_class:inf,False
milk10k,milk10k,images/ISIC_7377763.jpg,ISIC_7377763,sccka,g4969,dropped,none,4969,-1,unmapped_class:sccka,False,cafd5ab1d24a8529,70.0,female,lower_extremity,Lower extremity,4,4,unmapped_class:sccka,False
milk10k,milk10k,images/ISIC_9641859.jpg,ISIC_9641859,inf,g4970,dropped,none,4970,-1,unmapped_class:inf,False,b27ebc62f391080f,60.0,male,trunk,Trunk,5 (lightest),5,unmapped_class:inf,False
milk10k,milk10k,images/ISIC_9415828.jpg,ISIC_9415828,nv,g4971,external_test,none,4971,-1,,True,7691990cc49b8be7,80.0,male,lower_extremity,Lower extremity,5 (lightest),5,,False
milk10k,milk10k,images/ISIC_1828351.jpg,ISIC_1828351,mel,g4972,dropped,none,4972,-1,duplicate_of_ham10000,False,15d87a22f989cee1,80.0,female,head_neck_face,Head and neck,3,3,duplicate_of_ham10000,False
milk10k,milk10k,images/ISIC_1959902.jpg,ISIC_1959902,bcc,g4973,external_test,none,4973,-1,,False,6a7274120f6e1bb9,55.0,male,lower_extremity,Lower extremity,3,3,,False
milk10k,milk10k,images/ISIC_1794713.jpg,ISIC_1794713,bcc,g4974,external_test,none,4974,-1,,True,b1134e4e3b38fc89,65.0,female,head_neck_face,Head and neck,3,3,,False
milk10k,milk10k,images/ISIC_4940127.jpg,ISIC_4940127,sccka,g4975,dropped,none,4975,-1,unmapped_class:sccka,False,599a3669ce6c1393,85.0,female,lower_extremity,Lower extremity,4,4,unmapped_class:sccka,False
milk10k,milk10k,images/ISIC_9196525.jpg,ISIC_9196525,bcc,g4976,external_test,none,4976,-1,,True,696c9cfecb5830a1,60.0,male,trunk,Trunk,3,3,,False
milk10k,milk10k,images/ISIC_6352343.jpg,ISIC_6352343,nv,g4977,external_test,none,4977,-1,,True,9e648c8673199de5,40.0,female,trunk,Trunk,3,3,,False
milk10k,milk10k,images/ISIC_2963084.jpg,ISIC_2963084,mel,g4978,external_test,none,4978,-1,,False,cce1ce930f83b21d,65.0,male,head_neck_face,Head and neck,3,3,,False
milk10k,milk10k,images/ISIC_4970256.jpg,ISIC_4970256,bcc,g4979,external_test,none,4979,-1,,False,fda6c28d6cb1130d,40.0,male,trunk,Trunk,3,3,,False
milk10k,milk10k,images/ISIC_2683683.jpg,ISIC_2683683,mel,g4980,external_test,none,4980,-1,,True,d464a2ab8d427e1f,75.0,male,lower_extremity,Lower extremity,3,3,,False
milk10k,milk10k,images/ISIC_9818203.jpg,ISIC_9818203,bcc,g4981,external_test,none,4981,-1,,False,485e6b4c3db95345,80.0,male,head_neck_face,Head and neck,3,3,,False
milk10k,milk10k,images/ISIC_9276896.jpg,ISIC_9276896,mel,g4982,external_test,none,4982,-1,,False,46e3e4182f239bcd,80.0,male,head_neck_face,Head and neck,3,3,,False
milk10k,milk10k,images/ISIC_8573497.jpg,ISIC_8573497,bcc,g4983,external_test,none,4983,-1,,False,37ce4b8eb923c119,65.0,female,lower_extremity,Lower extremity,3,3,,False
milk10k,milk10k,images/ISIC_6201208.jpg,ISIC_6201208,bcc,g4984,external_test,none,4984,-1,,True,4ba4e83371e9ec15,60.0,female,head_neck_face,Head and neck,3,3,,False
milk10k,milk10k,images/ISIC_6120702.jpg,ISIC_6120702,akiec,g4985,external_test,none,4985,-1,,False,b791db4a9ea068c3,60.0,male,lower_extremity,Lower extremity,3,3,,False
milk10k,milk10k,images/ISIC_0572875.jpg,ISIC_0572875,bcc,g4986,external_test,none,4986,-1,,False,59608c6eacf3718b,55.0,male,trunk,Trunk,3,3,,False
milk10k,milk10k,images/ISIC_2650547.jpg,ISIC_2650547,bcc,g4987,external_test,none,4987,-1,,False,a3024e54735b5a6f,75.0,male,upper_extremity,Upper extremity,3,3,,False
milk10k,milk10k,images/ISIC_1142211.jpg,ISIC_1142211,akiec,g4988,external_test,none,4988,-1,,False,99b453963758ad23,70.0,male,trunk,Trunk,3,3,,False
milk10k,milk10k,images/ISIC_7320560.jpg,ISIC_7320560,mel,g4989,external_test,none,4989,-1,,False,d9c6264cc93325cf,65.0,female,trunk,Trunk,3,3,,False
milk10k,milk10k,images/ISIC_6367091.jpg,ISIC_6367091,bcc,g4990,external_test,none,4990,-1,,True,b8ca36f86b28a3a5,70.0,male,trunk,Trunk,3,3,,False
milk10k,milk10k,images/ISIC_4979533.jpg,ISIC_4979533,bcc,g4991,external_test,none,4991,-1,,False,2cbc9c7958811a7f,75.0,female,head_neck_face,Head and neck,3,3,,False
milk10k,milk10k,images/ISIC_6551027.jpg,ISIC_6551027,bcc,g4992,external_test,none,4992,-1,,False,993919e1e916257b,70.0,male,head_neck_face,Head and neck,3,3,,False
milk10k,milk10k,images/ISIC_3935025.jpg,ISIC_3935025,akiec,g4993,external_test,none,4993,-1,,False,2782a98a5faabc2b,65.0,male,head_neck_face,Head and neck,3,3,,False
milk10k,milk10k,images/ISIC_7687674.jpg,ISIC_7687674,sccka,g4994,dropped,none,4994,-1,unmapped_class:sccka,False,f5c31c116253d72d,55.0,male,lower_extremity,Lower extremity,4,4,unmapped_class:sccka,False
milk10k,milk10k,images/ISIC_6754024.jpg,ISIC_6754024,bkl,g4995,external_test,none,4995,-1,,True,8aece924cc33358f,35.0,male,lower_extremity,Lower extremity,2,2,,False
milk10k,milk10k,images/ISIC_5835958.jpg,ISIC_5835958,sccka,g4996,dropped,none,4996,-1,unmapped_class:sccka,False,721625d2af594793,85.0,female,upper_extremity,Upper extremity,3,3,unmapped_class:sccka,False
milk10k,milk10k,images/ISIC_1598799.jpg,ISIC_1598799,mel,g4997,external_test,none,4997,-1,,False,fc91a539294352d7,55.0,male,trunk,Trunk,2,2,,False
milk10k,milk10k,images/ISIC_0513969.jpg,ISIC_0513969,bcc,g4998,external_test,none,4998,-1,,False,f773388ccd1264a9,60.0,female,head_neck_face,Head and neck,4,4,,False
milk10k,milk10k,images/ISIC_6936920.jpg,ISIC_6936920,bcc,g4999,external_test,none,4999,-1,,False,f6394c60f9821b6b,65.0,female,trunk,Trunk,3,3,,False
milk10k,milk10k,images/ISIC_4209803.jpg,ISIC_4209803,nv,g5000,external_test,none,5000,-1,,False,9196b3396e69b485,50.0,male,upper_extremity,Upper extremity,4,4,,False
milk10k,milk10k,images/ISIC_1055162.jpg,ISIC_1055162,bcc,g5001,external_test,none,5001,-1,,False,3bf94c0eb931a487,70.0,male,head_neck_face,Head and neck,3,3,,False
milk10k,milk10k,images/ISIC_8544097.jpg,ISIC_8544097,bcc,g5002,external_test,none,5002,-1,,True,ab2a4b4a6a1a7a6b,50.0,female,upper_extremity,Upper extremity,3,3,,False
milk10k,milk10k,images/ISIC_1477798.jpg,ISIC_1477798,bcc,g5003,external_test,none,5003,-1,,False,c624e774db0a3e29,70.0,female,head_neck_face,Head and neck,3,3,,False
milk10k,milk10k,images/ISIC_9019664.jpg,ISIC_9019664,bkl,g5004,external_test,none,5004,-1,,False,2ca61b98c3e37e29,65.0,female,lower_extremity,Lower extremity,4,4,,False
milk10k,milk10k,images/ISIC_4384547.jpg,ISIC_4384547,bcc,g5005,external_test,none,5005,-1,,False,75a49d82be2a4ba3,55.0,male,lower_extremity,Lower extremity,3,3,,False
milk10k,milk10k,images/ISIC_8626277.jpg,ISIC_8626277,nv,g5006,dropped,none,5006,-1,duplicate_of_ham10000,False,31f12bc3a481ce5f,35.0,female,trunk,Trunk,5 (lightest),5,duplicate_of_ham10000,False
milk10k,milk10k,images/ISIC_4338535.jpg,ISIC_4338535,bcc,g5007,external_test,none,5007,-1,,False,9bb26e66b192e223,50.0,female,head_neck_face,Head and neck,5 (lightest),5,,False
milk10k,milk10k,images/ISIC_2886495.jpg,ISIC_2886495,bkl,g5008,external_test,none,5008,-1,,False,c55903267e9b0e67,75.0,female,lower_extremity,Lower extremity,4,4,,False
milk10k,milk10k,images/ISIC_0539206.jpg,ISIC_0539206,bkl,g5009,external_test,none,5009,-1,,False,96366d69e3617413,70.0,male,lower_extremity,Lower extremity,3,3,,False
milk10k,milk10k,images/ISIC_8705648.jpg,ISIC_8705648,df,g5010,external_test,none,5010,-1,,True,3c65939c49f16c87,50.0,male,lower_extremity,Lower extremity,0-1 (darkest),1,,False
milk10k,milk10k,images/ISIC_7020196.jpg,ISIC_7020196,bkl,g5011,external_test,none,5011,-1,,False,993234cec9993667,85.0,male,head_neck_face,Head and neck,3,3,,False
milk10k,milk10k,images/ISIC_7238849.jpg,ISIC_7238849,bkl,g5012,external_test,none,5012,-1,,False,9cc40634738b6cf7,70.0,male,trunk,Trunk,3,3,,False
milk10k,milk10k,images/ISIC_2179705.jpg,ISIC_2179705,mel,g5013,external_test,none,5013,-1,,False,0ca6f15a43a1ec5f,70.0,male,trunk,Trunk,4,4,,False
milk10k,milk10k,images/ISIC_2314682.jpg,ISIC_2314682,bcc,g5014,external_test,none,5014,-1,,True,aceb09a4dd0d92b3,75.0,male,trunk,Trunk,5 (lightest),5,,False
milk10k,milk10k,images/ISIC_4807554.jpg,ISIC_4807554,akiec,g5015,external_test,none,5015,-1,,False,6b62c4f3b19b092d,65.0,male,head_neck_face,Head and neck,4,4,,False
milk10k,milk10k,images/ISIC_4564958.jpg,ISIC_4564958,bcc,g5016,external_test,none,5016,-1,,False,d71bfc6c8b824b21,60.0,female,lower_extremity,Lower extremity,3,3,,False
milk10k,milk10k,images/ISIC_8593738.jpg,ISIC_8593738,mel,g5017,external_test,none,5017,-1,,False,8639cd9378d3232d,40.0,male,upper_extremity,Upper extremity,4,4,,False
milk10k,milk10k,images/ISIC_2833179.jpg,ISIC_2833179,bcc,g5018,external_test,none,5018,-1,,False,dd8c7a6271b884cb,65.0,female,upper_extremity,Upper extremity,3,3,,False
milk10k,milk10k,images/ISIC_4586954.jpg,ISIC_4586954,mel,g5019,external_test,none,5019,-1,,True,5ec6643ad173148f,50.0,female,trunk,Trunk,2,2,,False
milk10k,milk10k,images/ISIC_6134081.jpg,ISIC_6134081,nv,g5020,external_test,none,5020,-1,,False,921c79730943b6bd,60.0,female,lower_extremity,Lower extremity,2,2,,False
milk10k,milk10k,images/ISIC_6360071.jpg,ISIC_6360071,bcc,g5021,external_test,none,5021,-1,,False,5beae08acea22ba9,70.0,male,upper_extremity,Upper extremity,4,4,,False
milk10k,milk10k,images/ISIC_8919169.jpg,ISIC_8919169,nv,g5022,external_test,none,5022,-1,,False,6379b0f106c3cc2f,45.0,male,trunk,Trunk,2,2,,False
milk10k,milk10k,images/ISIC_2799788.jpg,ISIC_2799788,bcc,g5023,external_test,none,5023,-1,,False,8ede590aece89b21,45.0,male,head_neck_face,Head and neck,3,3,,False
milk10k,milk10k,images/ISIC_9132828.jpg,ISIC_9132828,sccka,g5024,dropped,none,5024,-1,unmapped_class:sccka,False,b83371cecd305789,70.0,male,head_neck_face,Head and neck,5 (lightest),5,unmapped_class:sccka,False
milk10k,milk10k,images/ISIC_6511897.jpg,ISIC_6511897,mel,g5025,external_test,none,5025,-1,,False,6e16723383cb19ad,70.0,male,trunk,Trunk,2,2,,False
milk10k,milk10k,images/ISIC_2059259.jpg,ISIC_2059259,bkl,g5026,external_test,none,5026,-1,,False,673067331cc9c72d,70.0,male,trunk,Trunk,3,3,,False
milk10k,milk10k,images/ISIC_8894857.jpg,ISIC_8894857,bcc,g5027,external_test,none,5027,-1,,True,79704ed9b662198d,70.0,female,trunk,Trunk,3,3,,False
milk10k,milk10k,images/ISIC_1938835.jpg,ISIC_1938835,bcc,g5028,external_test,none,5028,-1,,False,0a6b70ece3d17c07,65.0,female,head_neck_face,Head and neck,3,3,,False
milk10k,milk10k,images/ISIC_2585669.jpg,ISIC_2585669,akiec,g5029,external_test,none,5029,-1,,False,76e69a1931ec138b,80.0,male,trunk,Trunk,3,3,,False
milk10k,milk10k,images/ISIC_4792565.jpg,ISIC_4792565,bkl,g5030,external_test,none,5030,-1,,False,91d9316cc33987cd,70.0,male,head_neck_face,Head and neck,0-1 (darkest),1,,False
milk10k,milk10k,images/ISIC_1590931.jpg,ISIC_1590931,nv,g5031,external_test,none,5031,-1,,False,0e7cf896c3e91c0d,70.0,male,trunk,Trunk,4,4,,False
milk10k,milk10k,images/ISIC_5195959.jpg,ISIC_5195959,bkl,g5032,external_test,none,5032,-1,,False,9768b3d25ca1724d,85.0,male,head_neck_face,Head and neck,4,4,,False
milk10k,milk10k,images/ISIC_9507615.jpg,ISIC_9507615,bcc,g5033,external_test,none,5033,-1,,False,f93ae6243b91cc07,45.0,female,head_neck_face,Head and neck,4,4,,False
milk10k,milk10k,images/ISIC_4410078.jpg,ISIC_4410078,bcc,g5034,external_test,none,5034,-1,,False,9c34498396638fb7,70.0,female,upper_extremity,Upper extremity,5 (lightest),5,,False
milk10k,milk10k,images/ISIC_4246896.jpg,ISIC_4246896,akiec,g5035,external_test,none,5035,-1,,False,ea403b96271ab3e3,55.0,male,upper_extremity,Upper extremity,3,3,,False
milk10k,milk10k,images/ISIC_2211674.jpg,ISIC_2211674,bcc,g5036,external_test,none,5036,-1,,False,871b338c27319acf,70.0,male,head_neck_face,Head and neck,3,3,,False
milk10k,milk10k,images/ISIC_3637593.jpg,ISIC_3637593,bcc,g5037,external_test,none,5037,-1,,False,e78799e369609709,75.0,male,head_neck_face,Head and neck,4,4,,False
milk10k,milk10k,images/ISIC_7613649.jpg,ISIC_7613649,sccka,g5038,dropped,none,5038,-1,unmapped_class:sccka,False,8e9d3e31af84cc0b,60.0,male,trunk,Trunk,3,3,unmapped_class:sccka,False
milk10k,milk10k,images/ISIC_5358212.jpg,ISIC_5358212,nv,g5039,external_test,none,5039,-1,,False,c7803618dd13b7a7,30.0,male,trunk,Trunk,2,2,,False
milk10k,milk10k,images/ISIC_9501753.jpg,ISIC_9501753,bcc,g5040,external_test,none,5040,-1,,False,d9e2b6a6cc987921,55.0,male,trunk,Trunk,3,3,,False
milk10k,milk10k,images/ISIC_7514787.jpg,ISIC_7514787,bcc,g5041,external_test,none,5041,-1,,True,4cfadca8fc1a0ba1,55.0,male,trunk,Trunk,3,3,,False
milk10k,milk10k,images/ISIC_8053804.jpg,ISIC_8053804,sccka,g5042,dropped,none,5042,-1,unmapped_class:sccka,False,ca692fe6cc963069,50.0,male,hand,Upper extremity,3,3,unmapped_class:sccka,False
milk10k,milk10k,images/ISIC_0664016.jpg,ISIC_0664016,bkl,g5043,external_test,none,5043,-1,,True,cc98831b37aec783,70.0,male,lower_extremity,Lower extremity,3,3,,False
milk10k,milk10k,images/ISIC_3824264.jpg,ISIC_3824264,bcc,g5044,external_test,none,5044,-1,,False,4764a5e2db88cda9,55.0,male,trunk,Trunk,3,3,,False
milk10k,milk10k,images/ISIC_5830376.jpg,ISIC_5830376,bkl,g5045,external_test,none,5045,-1,,False,4b5334f0dff3010d,40.0,male,lower_extremity,Lower extremity,3,3,,False
milk10k,milk10k,images/ISIC_1420747.jpg,ISIC_1420747,bcc,g5046,external_test,none,5046,-1,,False,9172f289db4a26ab,55.0,male,head_neck_face,Head and neck,3,3,,False
milk10k,milk10k,images/ISIC_7454975.jpg,ISIC_7454975,df,g5047,external_test,none,5047,-1,,True,c9481d9b2d69d695,65.0,female,lower_extremity,Lower extremity,0-1 (darkest),1,,False
milk10k,milk10k,images/ISIC_2485009.jpg,ISIC_2485009,bcc,g5048,external_test,none,5048,-1,,False,39bacca6b31ac82b,60.0,male,upper_extremity,Upper extremity,3,3,,False
milk10k,milk10k,images/ISIC_8961614.jpg,ISIC_8961614,mel,g5049,external_test,none,5049,-1,,False,05161656e9a9f0f7,35.0,male,trunk,Trunk,4,4,,False
milk10k,milk10k,images/ISIC_3053495.jpg,ISIC_3053495,akiec,g5050,external_test,none,5050,-1,,True,3b701259e00bdbe7,50.0,female,hand,Upper extremity,4,4,,False
milk10k,milk10k,images/ISIC_8450877.jpg,ISIC_8450877,bcc,g5051,external_test,none,5051,-1,,False,6e68b9964468fb83,65.0,female,lower_extremity,Lower extremity,3,3,,False
milk10k,milk10k,images/ISIC_1138976.jpg,ISIC_1138976,bcc,g5052,external_test,none,5052,-1,,False,b5ca570965ea528b,55.0,male,head_neck_face,Head and neck,4,4,,False
milk10k,milk10k,images/ISIC_2260865.jpg,ISIC_2260865,bcc,g5053,external_test,none,5053,-1,,False,e788bb64fe513805,85.0,male,head_neck_face,Head and neck,4,4,,False
milk10k,milk10k,images/ISIC_3148471.jpg,ISIC_3148471,akiec,g5054,external_test,none,5054,-1,,False,6ea27bacb890e4a9,65.0,male,trunk,Trunk,3,3,,False
milk10k,milk10k,images/ISIC_6956876.jpg,ISIC_6956876,bcc,g5055,external_test,none,5055,-1,,True,98a2e1d896e37c2d,75.0,male,upper_extremity,Upper extremity,3,3,,False
milk10k,milk10k,images/ISIC_1210329.jpg,ISIC_1210329,bcc,g5056,external_test,none,5056,-1,,False,83beed70ec8811e3,70.0,male,trunk,Trunk,3,3,,False
milk10k,milk10k,images/ISIC_6119301.jpg,ISIC_6119301,akiec,g5057,external_test,none,5057,-1,,False,7786111cc4733f8d,85.0,male,head_neck_face,Head and neck,3,3,,False
milk10k,milk10k,images/ISIC_9862532.jpg,ISIC_9862532,bcc,g5058,external_test,none,5058,-1,,False,cab037e65baab601,80.0,male,trunk,Trunk,4,4,,False
milk10k,milk10k,images/ISIC_7548850.jpg,ISIC_7548850,sccka,g5059,dropped,none,5059,-1,unmapped_class:sccka,False,e8788e788bf8ad21,65.0,male,head_neck_face,Head and neck,5 (lightest),5,unmapped_class:sccka,False
milk10k,milk10k,images/ISIC_0676527.jpg,ISIC_0676527,bcc,g5060,external_test,none,5060,-1,,False,37884c63a71be58d,85.0,female,upper_extremity,Upper extremity,3,3,,False
milk10k,milk10k,images/ISIC_7991773.jpg,ISIC_7991773,bcc,g5061,external_test,none,5061,-1,,True,f7e666b8d621b009,65.0,male,upper_extremity,Upper extremity,3,3,,False
milk10k,milk10k,images/ISIC_1255858.jpg,ISIC_1255858,nv,g5062,external_test,none,5062,-1,,False,0e67b0b663db8c25,55.0,male,trunk,Trunk,2,2,,False
milk10k,milk10k,images/ISIC_8416462.jpg,ISIC_8416462,mel,g5063,external_test,none,5063,-1,,True,d964c8e63299cd65,85.0,male,trunk,Trunk,2,2,,False
milk10k,milk10k,images/ISIC_6222224.jpg,ISIC_6222224,sccka,g5064,dropped,none,5064,-1,unmapped_class:sccka,False,1b9369712d0bb745,50.0,female,head_neck_face,Head and neck,4,4,unmapped_class:sccka,False
milk10k,milk10k,images/ISIC_3720143.jpg,ISIC_3720143,nv,g5065,external_test,none,5065,-1,,False,b3664c463399ce47,35.0,female,trunk,Trunk,4,4,,False
milk10k,milk10k,images/ISIC_4909505.jpg,ISIC_4909505,bcc,g5066,external_test,none,5066,-1,,False,5d1e13192959cea7,50.0,female,trunk,Trunk,3,3,,False
milk10k,milk10k,images/ISIC_6312345.jpg,ISIC_6312345,df,g5067,external_test,none,5067,-1,,True,ca929b11eccbd2a9,50.0,male,lower_extremity,Lower extremity,3,3,,False
milk10k,milk10k,images/ISIC_9179044.jpg,ISIC_9179044,mel,g5068,external_test,none,5068,-1,,False,0ea27c7c33e34c1d,85.0,male,trunk,Trunk,3,3,,False
milk10k,milk10k,images/ISIC_4799293.jpg,ISIC_4799293,bcc,g5069,external_test,none,5069,-1,,False,2cbdd8663e188739,60.0,female,upper_extremity,Upper extremity,3,3,,False
milk10k,milk10k,images/ISIC_2478957.jpg,ISIC_2478957,bcc,g5070,external_test,none,5070,-1,,False,2f3e5504f1bac2e1,50.0,male,trunk,Trunk,4,4,,False
milk10k,milk10k,images/ISIC_2538384.jpg,ISIC_2538384,nv,g5071,external_test,none,5071,-1,,False,1bb8b343a9e9461d,50.0,male,trunk,Trunk,3,3,,False
milk10k,milk10k,images/ISIC_8302743.jpg,ISIC_8302743,bkl,g5072,external_test,none,5072,-1,,False,ce968c7b31e8d921,55.0,male,trunk,Trunk,3,3,,False
milk10k,milk10k,images/ISIC_8392439.jpg,ISIC_8392439,bcc,g5073,external_test,none,5073,-1,,False,faab92b0c65a7889,60.0,male,head_neck_face,Head and neck,3,3,,False
milk10k,milk10k,images/ISIC_5412380.jpg,ISIC_5412380,mel,g5074,external_test,none,5074,-1,,False,6913c9f9c643263d,55.0,female,upper_extremity,Upper extremity,2,2,,False
milk10k,milk10k,images/ISIC_4062304.jpg,ISIC_4062304,bcc,g5075,external_test,none,5075,-1,,False,7c1ccbf63ec94103,60.0,female,trunk,Trunk,3,3,,False
milk10k,milk10k,images/ISIC_7618809.jpg,ISIC_7618809,bcc,g5076,external_test,none,5076,-1,,True,a1e49c98fcb86b23,70.0,male,trunk,Trunk,3,3,,False
milk10k,milk10k,images/ISIC_0890975.jpg,ISIC_0890975,bcc,g5077,external_test,none,5077,-1,,False,c4338cd4ac3acfa9,70.0,female,head_neck_face,Head and neck,4,4,,False
milk10k,milk10k,images/ISIC_6129735.jpg,ISIC_6129735,nv,g5078,external_test,none,5078,-1,,False,aa5b55ba2ad11d0d,40.0,male,trunk,Trunk,3,3,,False
milk10k,milk10k,images/ISIC_5246923.jpg,ISIC_5246923,nv,g5079,external_test,none,5079,-1,,False,903ccc193cd3372f,20.0,female,trunk,Trunk,2,2,,False
milk10k,milk10k,images/ISIC_1417674.jpg,ISIC_1417674,bcc,g5080,external_test,none,5080,-1,,False,c326e03bb2f10f2d,65.0,male,head_neck_face,Head and neck,2,2,,False
milk10k,milk10k,images/ISIC_1592988.jpg,ISIC_1592988,bcc,g5081,external_test,none,5081,-1,,False,f34ab936e7303609,80.0,male,trunk,Trunk,3,3,,False
milk10k,milk10k,images/ISIC_9979190.jpg,ISIC_9979190,bcc,g5082,external_test,none,5082,-1,,False,96d24c2ee9793623,70.0,male,trunk,Trunk,3,3,,False
milk10k,milk10k,images/ISIC_2770868.jpg,ISIC_2770868,sccka,g5083,dropped,none,5083,-1,unmapped_class:sccka,False,cfd9a63418d87e21,70.0,male,lower_extremity,Lower extremity,4,4,unmapped_class:sccka,False
milk10k,milk10k,images/ISIC_8355069.jpg,ISIC_8355069,df,g5084,external_test,none,5084,-1,,False,a5d68bd60958ed23,45.0,female,upper_extremity,Upper extremity,3,3,,False
milk10k,milk10k,images/ISIC_0840284.jpg,ISIC_0840284,akiec,g5085,external_test,none,5085,-1,,False,31bcd5ee4cb81383,50.0,female,head_neck_face,Head and neck,4,4,,False
milk10k,milk10k,images/ISIC_6963673.jpg,ISIC_6963673,bcc,g5086,external_test,none,5086,-1,,False,9c265b9b615994a7,75.0,male,lower_extremity,Lower extremity,4,4,,False
milk10k,milk10k,images/ISIC_5651049.jpg,ISIC_5651049,mel,g5087,external_test,none,5087,-1,,False,6539b3b326e34c0d,75.0,male,lower_extremity,Lower extremity,3,3,,False
milk10k,milk10k,images/ISIC_0500110.jpg,ISIC_0500110,bcc,g5088,external_test,none,5088,-1,,False,c4f13a528ea1399f,75.0,male,trunk,Trunk,3,3,,False
milk10k,milk10k,images/ISIC_8268969.jpg,ISIC_8268969,bcc,g5089,external_test,none,5089,-1,,True,7c18598bf32b9c45,75.0,male,trunk,Trunk,3,3,,False
milk10k,milk10k,images/ISIC_9809345.jpg,ISIC_9809345,mel,g5090,external_test,none,5090,-1,,False,933a9ce952e1e907,65.0,male,upper_extremity,Upper extremity,2,2,,False
milk10k,milk10k,images/ISIC_4168673.jpg,ISIC_4168673,bcc,g5091,external_test,none,5091,-1,,False,b9c60b3e4c18f9a3,60.0,female,trunk,Trunk,4,4,,False
milk10k,milk10k,images/ISIC_8904796.jpg,ISIC_8904796,bcc,g5092,external_test,none,5092,-1,,True,ce672d30f8924fa1,60.0,female,lower_extremity,Lower extremity,4,4,,False
milk10k,milk10k,images/ISIC_0656565.jpg,ISIC_0656565,sccka,g5093,dropped,none,5093,-1,unmapped_class:sccka,False,f58e0e393bc0e30b,60.0,male,lower_extremity,Lower extremity,3,3,unmapped_class:sccka,False
milk10k,milk10k,images/ISIC_3480611.jpg,ISIC_3480611,sccka,g5094,dropped,none,5094,-1,unmapped_class:sccka,False,46c69d217b21cf17,75.0,male,head_neck_face,Head and neck,4,4,unmapped_class:sccka,False
milk10k,milk10k,images/ISIC_3706698.jpg,ISIC_3706698,bkl,g5095,external_test,none,5095,-1,,False,ac2f63d136305bc9,75.0,male,head_neck_face,Head and neck,4,4,,False
milk10k,milk10k,images/ISIC_7198900.jpg,ISIC_7198900,nv,g5096,external_test,none,5096,-1,,False,14797829f4831adf,40.0,male,trunk,Trunk,2,2,,False
milk10k,milk10k,images/ISIC_0150748.jpg,ISIC_0150748,bcc,g5097,external_test,none,5097,-1,,False,265c998674bbc569,65.0,male,lower_extremity,Lower extremity,3,3,,False
milk10k,milk10k,images/ISIC_4913500.jpg,ISIC_4913500,bcc,g5098,external_test,none,5098,-1,,False,2c8ed75e34a1f941,60.0,female,head_neck_face,Head and neck,5 (lightest),5,,False
milk10k,milk10k,images/ISIC_9278360.jpg,ISIC_9278360,bcc,g5099,external_test,none,5099,-1,,False,c45e1aafc1036a9f,65.0,male,head_neck_face,Head and neck,3,3,,False
milk10k,milk10k,images/ISIC_0188950.jpg,ISIC_0188950,bcc,g5100,external_test,none,5100,-1,,True,3df2d948f2a866a1,75.0,female,upper_extremity,Upper extremity,4,4,,False
milk10k,milk10k,images/ISIC_6425898.jpg,ISIC_6425898,bkl,g5101,external_test,none,5101,-1,,False,0ff639ac2a4b58a3,60.0,male,trunk,Trunk,3,3,,False
milk10k,milk10k,images/ISIC_7053200.jpg,ISIC_7053200,bcc,g5102,external_test,none,5102,-1,,True,b970ce2ca63359a3,55.0,male,upper_extremity,Upper extremity,3,3,,False
milk10k,milk10k,images/ISIC_4370328.jpg,ISIC_4370328,bcc,g5103,external_test,none,5103,-1,,True,0f9e53a246baa8ab,65.0,female,head_neck_face,Head and neck,5 (lightest),5,,False
milk10k,milk10k,images/ISIC_6780966.jpg,ISIC_6780966,nv,g5104,external_test,none,5104,-1,,False,09d7e18a26d9392f,55.0,male,trunk,Trunk,4,4,,False
milk10k,milk10k,images/ISIC_4770621.jpg,ISIC_4770621,bcc,g5105,external_test,none,5105,-1,,False,76f0532458d89bab,65.0,female,lower_extremity,Lower extremity,4,4,,False
milk10k,milk10k,images/ISIC_9047747.jpg,ISIC_9047747,sccka,g5106,dropped,none,5106,-1,unmapped_class:sccka,False,5a931c53ec29c71d,85.0,male,head_neck_face,Head and neck,4,4,unmapped_class:sccka,False
milk10k,milk10k,images/ISIC_6589696.jpg,ISIC_6589696,bcc,g5107,external_test,none,5107,-1,,False,89eb6747e033268d,85.0,male,head_neck_face,Head and neck,5 (lightest),5,,False
milk10k,milk10k,images/ISIC_6548919.jpg,ISIC_6548919,mel,g5108,external_test,none,5108,-1,,False,ad268dd05b6a538b,60.0,male,head_neck_face,Head and neck,5 (lightest),5,,False
milk10k,milk10k,images/ISIC_3959713.jpg,ISIC_3959713,bcc,g5109,external_test,none,5109,-1,,False,192ce4f16743d85d,70.0,male,,,3,3,,False
milk10k,milk10k,images/ISIC_7132196.jpg,ISIC_7132196,bcc,g5110,external_test,none,5110,-1,,False,b8c6cf3362520bcd,55.0,male,upper_extremity,Upper extremity,4,4,,False
milk10k,milk10k,images/ISIC_3968898.jpg,ISIC_3968898,bcc,g5111,external_test,none,5111,-1,,False,468d85d2da87987d,55.0,male,trunk,Trunk,4,4,,False
milk10k,milk10k,images/ISIC_8816075.jpg,ISIC_8816075,bcc,g5112,external_test,none,5112,-1,,False,e2a3cc26b399b44d,55.0,female,trunk,Trunk,3,3,,False
milk10k,milk10k,images/ISIC_3049767.jpg,ISIC_3049767,bcc,g5113,external_test,none,5113,-1,,True,4e78299e4783946f,65.0,male,trunk,Trunk,3,3,,False
milk10k,milk10k,images/ISIC_1243858.jpg,ISIC_1243858,bkl,g5114,external_test,none,5114,-1,,False,cc910cdb2da1b38f,50.0,male,head_neck_face,Head and neck,4,4,,False
milk10k,milk10k,images/ISIC_1310746.jpg,ISIC_1310746,bcc,g5115,external_test,none,5115,-1,,False,2579d136e6e94a83,40.0,female,trunk,Trunk,4,4,,False
milk10k,milk10k,images/ISIC_2127883.jpg,ISIC_2127883,bcc,g5116,external_test,none,5116,-1,,False,4dada68cd993c625,65.0,male,trunk,Trunk,3,3,,False
milk10k,milk10k,images/ISIC_5364900.jpg,ISIC_5364900,bkl,g5117,external_test,none,5117,-1,,False,5b69a55942a99957,75.0,male,trunk,Trunk,4,4,,False
milk10k,milk10k,images/ISIC_3072008.jpg,ISIC_3072008,bcc,g5118,external_test,none,5118,-1,,False,7872099c57ea74c9,65.0,female,trunk,Trunk,3,3,,False
milk10k,milk10k,images/ISIC_3862106.jpg,ISIC_3862106,nv,g5119,external_test,none,5119,-1,,False,c9762666d9996623,,male,upper_extremity,Upper extremity,4,4,,False
milk10k,milk10k,images/ISIC_5058408.jpg,ISIC_5058408,bcc,g5120,external_test,none,5120,-1,,False,ea4ed5624ea02d9b,55.0,male,trunk,Trunk,4,4,,False
milk10k,milk10k,images/ISIC_4463160.jpg,ISIC_4463160,bcc,g5121,external_test,none,5121,-1,,False,2e62be31e9c94e83,85.0,female,trunk,Trunk,3,3,,False
milk10k,milk10k,images/ISIC_7693768.jpg,ISIC_7693768,bcc,g5122,external_test,none,5122,-1,,True,c71e0129396bae9d,70.0,male,lower_extremity,Lower extremity,3,3,,False
milk10k,milk10k,images/ISIC_1587418.jpg,ISIC_1587418,nv,g5123,external_test,none,5123,-1,,False,39663664c99932e7,60.0,female,trunk,Trunk,4,4,,False
milk10k,milk10k,images/ISIC_7507238.jpg,ISIC_7507238,bcc,g5124,external_test,none,5124,-1,,False,e1de7272ada2a309,65.0,male,trunk,Trunk,3,3,,False
milk10k,milk10k,images/ISIC_4152827.jpg,ISIC_4152827,bcc,g5125,external_test,none,5125,-1,,False,d6124545a39b4cf7,80.0,male,trunk,Trunk,3,3,,False
milk10k,milk10k,images/ISIC_0764650.jpg,ISIC_0764650,sccka,g5126,dropped,none,5126,-1,unmapped_class:sccka,False,b28ef7168bd3802b,80.0,male,head_neck_face,Head and neck,3,3,unmapped_class:sccka,False
milk10k,milk10k,images/ISIC_9552444.jpg,ISIC_9552444,bcc,g5127,external_test,none,5127,-1,,False,fd03590a89e4fc2b,40.0,male,lower_extremity,Lower extremity,4,4,,False
milk10k,milk10k,images/ISIC_3585759.jpg,ISIC_3585759,bcc,g5128,external_test,none,5128,-1,,True,f46839d036b8f923,55.0,female,lower_extremity,Lower extremity,3,3,,False
milk10k,milk10k,images/ISIC_9790773.jpg,ISIC_9790773,bcc,g5129,external_test,none,5129,-1,,False,e81af15c56a439b9,50.0,male,head_neck_face,Head and neck,3,3,,False
milk10k,milk10k,images/ISIC_7778901.jpg,ISIC_7778901,vasc,g5130,external_test,none,5130,-1,,False,3b99496435997267,20.0,female,trunk,Trunk,4,4,,False
milk10k,milk10k,images/ISIC_0369681.jpg,ISIC_0369681,bcc,g5131,external_test,none,5131,-1,,True,5adfecaccb31040d,60.0,male,head_neck_face,Head and neck,3,3,,False
milk10k,milk10k,images/ISIC_6161362.jpg,ISIC_6161362,nv,g5132,external_test,none,5132,-1,,True,e63c643393c96c8d,65.0,male,trunk,Trunk,4,4,,False
milk10k,milk10k,images/ISIC_9035644.jpg,ISIC_9035644,bcc,g5133,external_test,none,5133,-1,,False,8c7453cb8be03fc1,75.0,female,head_neck_face,Head and neck,5 (lightest),5,,False
milk10k,milk10k,images/ISIC_8914970.jpg,ISIC_8914970,sccka,g5134,dropped,none,5134,-1,unmapped_class:sccka,False,8863ed354331fca5,65.0,male,lower_extremity,Lower extremity,4,4,unmapped_class:sccka,False
milk10k,milk10k,images/ISIC_3631183.jpg,ISIC_3631183,bcc,g5135,external_test,none,5135,-1,,False,d83c9d3642c1cd75,60.0,male,trunk,Trunk,3,3,,False
milk10k,milk10k,images/ISIC_5499900.jpg,ISIC_5499900,bcc,g5136,external_test,none,5136,-1,,False,052ad9f1a366bd0b,75.0,male,trunk,Trunk,3,3,,False
milk10k,milk10k,images/ISIC_2923050.jpg,ISIC_2923050,sccka,g5137,dropped,none,5137,-1,unmapped_class:sccka,False,41b476d9a1a5e70b,75.0,female,lower_extremity,Lower extremity,4,4,unmapped_class:sccka,False
milk10k,milk10k,images/ISIC_6611061.jpg,ISIC_6611061,bcc,g5138,external_test,none,5138,-1,,False,3ab0e58ccb9b036d,65.0,female,upper_extremity,Upper extremity,4,4,,False
milk10k,milk10k,images/ISIC_8877039.jpg,ISIC_8877039,bcc,g5139,external_test,none,5139,-1,,False,7e1670bee171e025,65.0,male,lower_extremity,Lower extremity,4,4,,False
milk10k,milk10k,images/ISIC_9593683.jpg,ISIC_9593683,mel,g5140,external_test,none,5140,-1,,False,07c3b17bd8c16687,60.0,male,trunk,Trunk,2,2,,False
milk10k,milk10k,images/ISIC_8092373.jpg,ISIC_8092373,bcc,g5141,external_test,none,5141,-1,,False,51a2c0fe5ba15fa1,40.0,male,head_neck_face,Head and neck,5 (lightest),5,,False
milk10k,milk10k,images/ISIC_9940495.jpg,ISIC_9940495,bkl,g5142,external_test,none,5142,-1,,False,a0ea4c50f5fc17a3,75.0,male,trunk,Trunk,5 (lightest),5,,False
milk10k,milk10k,images/ISIC_8561066.jpg,ISIC_8561066,bcc,g5143,external_test,none,5143,-1,,False,9d90ee44d0ba6d69,60.0,male,head_neck_face,Head and neck,3,3,,False
milk10k,milk10k,images/ISIC_4163384.jpg,ISIC_4163384,bcc,g5144,external_test,none,5144,-1,,False,c919256e8d9b23e5,75.0,male,head_neck_face,Head and neck,3,3,,False
milk10k,milk10k,images/ISIC_7837278.jpg,ISIC_7837278,bkl,g5145,external_test,none,5145,-1,,False,adb36bc36448db05,65.0,female,head_neck_face,Head and neck,3,3,,False
milk10k,milk10k,images/ISIC_4553466.jpg,ISIC_4553466,akiec,g5146,external_test,none,5146,-1,,False,f8b8eb4bf820c385,85.0,female,upper_extremity,Upper extremity,2,2,,False
milk10k,milk10k,images/ISIC_1571470.jpg,ISIC_1571470,bcc,g5147,external_test,none,5147,-1,,False,db93b1e49f907901,45.0,female,trunk,Trunk,3,3,,False
milk10k,milk10k,images/ISIC_5385783.jpg,ISIC_5385783,bcc,g5148,external_test,none,5148,-1,,False,c99b9966469932a7,70.0,male,trunk,Trunk,4,4,,False
milk10k,milk10k,images/ISIC_1241018.jpg,ISIC_1241018,nv,g5149,external_test,none,5149,-1,,False,d4362db3d2c3292d,40.0,male,upper_extremity,Upper extremity,3,3,,False
milk10k,milk10k,images/ISIC_7553601.jpg,ISIC_7553601,bcc,g5150,external_test,none,5150,-1,,False,3799b2d8437a8ca5,75.0,male,trunk,Trunk,3,3,,False
milk10k,milk10k,images/ISIC_0233827.jpg,ISIC_0233827,bcc,g5151,external_test,none,5151,-1,,False,19ea92ec4d9931a7,50.0,male,lower_extremity,Lower extremity,4,4,,False
milk10k,milk10k,images/ISIC_3654837.jpg,ISIC_3654837,bcc,g5152,external_test,none,5152,-1,,False,f19e29489662c7a7,55.0,male,upper_extremity,Upper extremity,5 (lightest),5,,False
milk10k,milk10k,images/ISIC_4840056.jpg,ISIC_4840056,bcc,g5153,external_test,none,5153,-1,,False,2df0b3747b72c083,65.0,male,head_neck_face,Head and neck,3,3,,False
milk10k,milk10k,images/ISIC_0880783.jpg,ISIC_0880783,bcc,g5154,external_test,none,5154,-1,,False,74a4d9a626d9d923,55.0,male,trunk,Trunk,3,3,,False
milk10k,milk10k,images/ISIC_2962014.jpg,ISIC_2962014,df,g5155,external_test,none,5155,-1,,True,e66b86a872ac2b93,25.0,male,lower_extremity,Lower extremity,0-1 (darkest),1,,False
milk10k,milk10k,images/ISIC_7614085.jpg,ISIC_7614085,sccka,g5156,dropped,none,5156,-1,unmapped_class:sccka,False,97e69bd86c1c9823,75.0,female,hand,Upper extremity,3,3,unmapped_class:sccka,False
milk10k,milk10k,images/ISIC_2030005.jpg,ISIC_2030005,nv,g5157,external_test,none,5157,-1,,True,4b16b97266a94957,40.0,female,trunk,Trunk,5 (lightest),5,,False
milk10k,milk10k,images/ISIC_1279652.jpg,ISIC_1279652,bcc,g5158,external_test,none,5158,-1,,False,c5c270366ec8b6ab,55.0,male,trunk,Trunk,3,3,,False
milk10k,milk10k,images/ISIC_0310449.jpg,ISIC_0310449,bcc,g5159,external_test,none,5159,-1,,False,e3a40c9de16b1e1d,80.0,female,trunk,Trunk,3,3,,False
milk10k,milk10k,images/ISIC_4845560.jpg,ISIC_4845560,nv,g5160,external_test,none,5160,-1,,False,a39c585987e93837,40.0,female,upper_extremity,Upper extremity,3,3,,False
milk10k,milk10k,images/ISIC_9589099.jpg,ISIC_9589099,bcc,g5161,external_test,none,5161,-1,,False,ca3133cc1e3bc4cd,65.0,female,trunk,Trunk,3,3,,False
milk10k,milk10k,images/ISIC_3691801.jpg,ISIC_3691801,bcc,g5162,external_test,none,5162,-1,,True,46c999e66699384f,65.0,male,trunk,Trunk,4,4,,False
milk10k,milk10k,images/ISIC_3280000.jpg,ISIC_3280000,bcc,g5163,external_test,none,5163,-1,,False,98fcb1926b68c723,50.0,male,foot,Lower extremity,3,3,,False
milk10k,milk10k,images/ISIC_2376821.jpg,ISIC_2376821,bcc,g5164,external_test,none,5164,-1,,False,66a87aa21baba52b,50.0,male,head_neck_face,Head and neck,3,3,,False
milk10k,milk10k,images/ISIC_5380414.jpg,ISIC_5380414,bcc,g5165,external_test,none,5165,-1,,False,ce40248e93f36e4f,65.0,male,head_neck_face,Head and neck,3,3,,False
milk10k,milk10k,images/ISIC_4358907.jpg,ISIC_4358907,nv,g5166,external_test,none,5166,-1,,False,c3a64c1eac697387,20.0,female,lower_extremity,Lower extremity,2,2,,False
milk10k,milk10k,images/ISIC_2752768.jpg,ISIC_2752768,mel,g5167,dropped,none,5167,-1,duplicate_of_ham10000,False,666eb0e987066979,55.0,male,trunk,Trunk,2,2,duplicate_of_ham10000,False
milk10k,milk10k,images/ISIC_7843146.jpg,ISIC_7843146,nv,g5168,external_test,none,5168,-1,,True,2c9b88913959e6e7,40.0,female,lower_extremity,Lower extremity,4,4,,False
milk10k,milk10k,images/ISIC_3797260.jpg,ISIC_3797260,nv,g5169,external_test,none,5169,-1,,False,63f172632d038cb7,10.0,male,lower_extremity,Lower extremity,2,2,,False
milk10k,milk10k,images/ISIC_8152761.jpg,ISIC_8152761,bcc,g5170,external_test,none,5170,-1,,False,4bcaae24196966b7,45.0,male,trunk,Trunk,3,3,,False
milk10k,milk10k,images/ISIC_5297462.jpg,ISIC_5297462,bcc,g5171,external_test,none,5171,-1,,False,7abab68a074a78a9,60.0,female,trunk,Trunk,3,3,,False
milk10k,milk10k,images/ISIC_1205427.jpg,ISIC_1205427,bcc,g5172,external_test,none,5172,-1,,True,675a738cf08a8367,55.0,male,head_neck_face,Head and neck,4,4,,False
milk10k,milk10k,images/ISIC_8171632.jpg,ISIC_8171632,sccka,g5173,dropped,none,5173,-1,unmapped_class:sccka,False,fefc4510bb5ac023,65.0,male,trunk,Trunk,3,3,unmapped_class:sccka,False
milk10k,milk10k,images/ISIC_5913482.jpg,ISIC_5913482,mel,g5174,external_test,none,5174,-1,,False,3c3c933193436cbd,30.0,male,trunk,Trunk,3,3,,False
milk10k,milk10k,images/ISIC_9357735.jpg,ISIC_9357735,mel,g5175,external_test,none,5175,-1,,False,43196433a6f3d98d,45.0,female,upper_extremity,Upper extremity,2,2,,False
milk10k,milk10k,images/ISIC_6664385.jpg,ISIC_6664385,bcc,g5176,external_test,none,5176,-1,,False,4fa18d06b6b462f3,60.0,male,head_neck_face,Head and neck,5 (lightest),5,,False
milk10k,milk10k,images/ISIC_4743338.jpg,ISIC_4743338,bcc,g5177,external_test,none,5177,-1,,False,1ea457e5585b2c1b,85.0,male,trunk,Trunk,3,3,,False
milk10k,milk10k,images/ISIC_4969084.jpg,ISIC_4969084,nv,g5178,dropped,none,5178,-1,duplicate_of_ham10000,False,621999666699d967,5.0,female,lower_extremity,Lower extremity,5 (lightest),5,duplicate_of_ham10000,False
milk10k,milk10k,images/ISIC_6655070.jpg,ISIC_6655070,mel,g5179,dropped,none,5179,-1,duplicate_of_ham10000,False,cd888d991ae1b357,80.0,male,trunk,Trunk,2,2,duplicate_of_ham10000,False
milk10k,milk10k,images/ISIC_0666575.jpg,ISIC_0666575,bcc,g5180,external_test,none,5180,-1,,False,c58ad7aba3a216a9,85.0,female,lower_extremity,Lower extremity,4,4,,False
milk10k,milk10k,images/ISIC_3432012.jpg,ISIC_3432012,bcc,g5181,external_test,none,5181,-1,,False,cf82d88a6e791ca5,85.0,male,head_neck_face,Head and neck,3,3,,False
milk10k,milk10k,images/ISIC_8158325.jpg,ISIC_8158325,vasc,g5182,external_test,none,5182,-1,,True,76fafbc89c306203,55.0,female,upper_extremity,Upper extremity,3,3,,False
milk10k,milk10k,images/ISIC_9875123.jpg,ISIC_9875123,bcc,g5183,external_test,none,5183,-1,,False,4dd483911b293d5f,70.0,male,trunk,Trunk,4,4,,False
milk10k,milk10k,images/ISIC_7305201.jpg,ISIC_7305201,bcc,g5184,external_test,none,5184,-1,,False,b41a5b734dcb920d,60.0,male,upper_extremity,Upper extremity,4,4,,False
milk10k,milk10k,images/ISIC_6349779.jpg,ISIC_6349779,bcc,g5185,external_test,none,5185,-1,,False,b1368a4cce1e74e3,75.0,female,head_neck_face,Head and neck,4,4,,False
milk10k,milk10k,images/ISIC_4352140.jpg,ISIC_4352140,akiec,g5186,external_test,none,5186,-1,,False,abb04eda3948b1a7,75.0,male,foot,Lower extremity,3,3,,False
milk10k,milk10k,images/ISIC_7264785.jpg,ISIC_7264785,bcc,g5187,external_test,none,5187,-1,,False,ecda59f6b6489821,70.0,male,head_neck_face,Head and neck,3,3,,False
milk10k,milk10k,images/ISIC_8755727.jpg,ISIC_8755727,bcc,g5188,external_test,none,5188,-1,,False,963840d6ef219797,70.0,male,lower_extremity,Lower extremity,3,3,,False
milk10k,milk10k,images/ISIC_9900027.jpg,ISIC_9900027,bcc,g5189,external_test,none,5189,-1,,False,e0c0bc72c79935e9,75.0,male,trunk,Trunk,3,3,,False
milk10k,milk10k,images/ISIC_3302986.jpg,ISIC_3302986,bcc,g5190,external_test,none,5190,-1,,False,cfdaf166a618e121,75.0,female,upper_extremity,Upper extremity,3,3,,False
milk10k,milk10k,images/ISIC_2538458.jpg,ISIC_2538458,bcc,g5191,external_test,none,5191,-1,,False,46b35b81752ed925,80.0,male,head_neck_face,Head and neck,3,3,,False
milk10k,milk10k,images/ISIC_9020314.jpg,ISIC_9020314,bkl,g5192,external_test,none,5192,-1,,False,2748f80ef4b807eb,80.0,female,upper_extremity,Upper extremity,3,3,,False
milk10k,milk10k,images/ISIC_7330944.jpg,ISIC_7330944,bcc,g5193,external_test,none,5193,-1,,False,64c49b9e135364ed,70.0,male,head_neck_face,Head and neck,3,3,,False
milk10k,milk10k,images/ISIC_3256836.jpg,ISIC_3256836,bkl,g5194,dropped,none,5194,-1,duplicate_of_ham10000,False,92a649f82d4993b7,70.0,female,head_neck_face,Head and neck,3,3,duplicate_of_ham10000,False
milk10k,milk10k,images/ISIC_7939416.jpg,ISIC_7939416,bcc,g5195,external_test,none,5195,-1,,True,5f1e973424b25aa3,55.0,male,trunk,Trunk,3,3,,False
milk10k,milk10k,images/ISIC_4273674.jpg,ISIC_4273674,nv,g3915,external_test,none,3915,-1,,False,cccc99243333cccf,5.0,female,upper_extremity,Upper extremity,3,3,,False
milk10k,milk10k,images/ISIC_2673443.jpg,ISIC_2673443,nv,g5197,external_test,none,5197,-1,,False,1131e4ce1b336bcd,30.0,female,trunk,Trunk,2,2,,False
milk10k,milk10k,images/ISIC_3567360.jpg,ISIC_3567360,bkl,g5198,external_test,none,5198,-1,,False,35924fe25606e6b9,80.0,male,lower_extremity,Lower extremity,4,4,,False
milk10k,milk10k,images/ISIC_5997924.jpg,ISIC_5997924,nv,g5199,external_test,none,5199,-1,,False,318cf133c3d33c2d,5.0,female,lower_extremity,Lower extremity,2,2,,False
milk10k,milk10k,images/ISIC_8158738.jpg,ISIC_8158738,bcc,g5200,external_test,none,5200,-1,,False,b218dacc2738dda3,65.0,male,trunk,Trunk,3,3,,False
milk10k,milk10k,images/ISIC_4845899.jpg,ISIC_4845899,mel,g5201,external_test,none,5201,-1,,False,f7f8ffa2b880a009,70.0,male,head_neck_face,Head and neck,4,4,,False
milk10k,milk10k,images/ISIC_5023550.jpg,ISIC_5023550,nv,g5202,external_test,none,5202,-1,,False,159a7b63a1a1463f,15.0,female,head_neck_face,Head and neck,4,4,,False
milk10k,milk10k,images/ISIC_3669176.jpg,ISIC_3669176,bcc,g5203,external_test,none,5203,-1,,False,da446919b16b1797,70.0,female,head_neck_face,Head and neck,2,2,,False
milk10k,milk10k,images/ISIC_5552683.jpg,ISIC_5552683,nv,g5204,external_test,none,5204,-1,,False,969c6a7cb1a90755,25.0,male,trunk,Trunk,2,2,,False
milk10k,milk10k,images/ISIC_6005871.jpg,ISIC_6005871,bcc,g5205,external_test,none,5205,-1,,True,152ad5aa55aa578b,65.0,female,trunk,Trunk,3,3,,False
milk10k,milk10k,images/ISIC_8760881.jpg,ISIC_8760881,ben_oth,g5206,dropped,none,5206,-1,unmapped_class:ben_oth,False,839c19db99336665,30.0,female,lower_extremity,Lower extremity,3,3,unmapped_class:ben_oth,False
milk10k,milk10k,images/ISIC_6712731.jpg,ISIC_6712731,bcc,g5207,external_test,none,5207,-1,,False,6b50271695da6d2b,45.0,female,lower_extremity,Lower extremity,3,3,,False
milk10k,milk10k,images/ISIC_4426808.jpg,ISIC_4426808,bkl,g5208,external_test,none,5208,-1,,True,a9b9cd41138376d5,70.0,male,head_neck_face,Head and neck,0-1 (darkest),1,,False
milk10k,milk10k,images/ISIC_1536379.jpg,ISIC_1536379,bkl,g5209,external_test,none,5209,-1,,False,2a9ccdb91366cc99,75.0,male,trunk,Trunk,4,4,,False
milk10k,milk10k,images/ISIC_9361398.jpg,ISIC_9361398,nv,g5210,external_test,none,5210,-1,,False,980b1b34eccb13f5,60.0,male,trunk,Trunk,5 (lightest),5,,False
milk10k,milk10k,images/ISIC_3937278.jpg,ISIC_3937278,inf,g5211,dropped,none,5211,-1,unmapped_class:inf,False,fe62ee8a6e989a01,65.0,female,lower_extremity,Lower extremity,5 (lightest),5,unmapped_class:inf,False
milk10k,milk10k,images/ISIC_7870559.jpg,ISIC_7870559,mel,g5212,external_test,none,5212,-1,,True,299bb233e3630c2f,75.0,male,trunk,Trunk,3,3,,False
milk10k,milk10k,images/ISIC_0950510.jpg,ISIC_0950510,nv,g5213,external_test,none,5213,-1,,True,4e65b8d66639888f,40.0,female,trunk,Trunk,3,3,,False
milk10k,milk10k,images/ISIC_7265211.jpg,ISIC_7265211,bcc,g5214,external_test,none,5214,-1,,True,6bfa326c941c9d23,65.0,male,lower_extremity,Lower extremity,3,3,,False
milk10k,milk10k,images/ISIC_9641825.jpg,ISIC_9641825,bcc,g5215,external_test,none,5215,-1,,False,74a4a02ec1dd5ee9,85.0,male,lower_extremity,Lower extremity,3,3,,False
milk10k,milk10k,images/ISIC_3069767.jpg,ISIC_3069767,bcc,g5216,external_test,none,5216,-1,,False,ec5899a66e982be1,70.0,male,head_neck_face,Head and neck,3,3,,False
milk10k,milk10k,images/ISIC_0729575.jpg,ISIC_0729575,bkl,g5217,external_test,none,5217,-1,,False,deb6234ccc89b0b3,80.0,female,head_neck_face,Head and neck,3,3,,False
milk10k,milk10k,images/ISIC_2533248.jpg,ISIC_2533248,bcc,g5218,external_test,none,5218,-1,,False,668c9b627c99136d,85.0,female,head_neck_face,Head and neck,5 (lightest),5,,False
milk10k,milk10k,images/ISIC_1322802.jpg,ISIC_1322802,bcc,g5219,external_test,none,5219,-1,,False,74d4ae3a3ec1f209,55.0,female,trunk,Trunk,3,3,,False
milk10k,milk10k,images/ISIC_0135826.jpg,ISIC_0135826,inf,g5220,dropped,none,5220,-1,unmapped_class:inf,False,196cb7964459b6a5,50.0,female,trunk,Trunk,3,3,unmapped_class:inf,False
milk10k,milk10k,images/ISIC_5873586.jpg,ISIC_5873586,bcc,g5221,external_test,none,5221,-1,,False,f7b62b9cd2286621,65.0,male,upper_extremity,Upper extremity,3,3,,False
milk10k,milk10k,images/ISIC_2036804.jpg,ISIC_2036804,bcc,g5222,external_test,none,5222,-1,,False,6798f14e2d8ef061,65.0,male,upper_extremity,Upper extremity,3,3,,False
milk10k,milk10k,images/ISIC_7112600.jpg,ISIC_7112600,akiec,g5223,external_test,none,5223,-1,,False,4bd2b2be4558cd83,55.0,female,head_neck_face,Head and neck,3,3,,False
milk10k,milk10k,images/ISIC_1435977.jpg,ISIC_1435977,bkl,g5224,external_test,none,5224,-1,,False,f63a6c8aa4249be9,50.0,female,upper_extremity,Upper extremity,3,3,,False
milk10k,milk10k,images/ISIC_9892615.jpg,ISIC_9892615,bcc,g5225,external_test,none,5225,-1,,False,fde8efa2e880ba01,65.0,male,upper_extremity,Upper extremity,3,3,,False
milk10k,milk10k,images/ISIC_9075808.jpg,ISIC_9075808,sccka,g5226,dropped,none,5226,-1,unmapped_class:sccka,False,9d9a11b331ca7723,80.0,female,head_neck_face,Head and neck,4,4,unmapped_class:sccka,False
milk10k,milk10k,images/ISIC_9940061.jpg,ISIC_9940061,sccka,g5227,dropped,none,5227,-1,unmapped_class:sccka,False,e36e382646d93c65,80.0,male,head_neck_face,Head and neck,4,4,unmapped_class:sccka,False
milk10k,milk10k,images/ISIC_1099402.jpg,ISIC_1099402,akiec,g5228,external_test,none,5228,-1,,False,bab95752684926a7,60.0,female,upper_extremity,Upper extremity,3,3,,False
milk10k,milk10k,images/ISIC_8457619.jpg,ISIC_8457619,bkl,g5229,external_test,none,5229,-1,,False,2baaeaa21b3b4e0d,65.0,female,lower_extremity,Lower extremity,4,4,,False
milk10k,milk10k,images/ISIC_4912510.jpg,ISIC_4912510,bcc,g5230,external_test,none,5230,-1,,True,d5e849522f26bb23,65.0,male,upper_extremity,Upper extremity,3,3,,False
milk10k,milk10k,images/ISIC_9345667.jpg,ISIC_9345667,bcc,g5231,external_test,none,5231,-1,,False,35ddcd5ae10959a1,70.0,male,trunk,Trunk,3,3,,False
milk10k,milk10k,images/ISIC_0593055.jpg,ISIC_0593055,nv,g5232,external_test,none,5232,-1,,False,a5b11e69f8a14357,50.0,female,lower_extremity,Lower extremity,5 (lightest),5,,False
milk10k,milk10k,images/ISIC_5984628.jpg,ISIC_5984628,bcc,g5233,external_test,none,5233,-1,,False,d12f8359f6e18465,65.0,male,upper_extremity,Upper extremity,4,4,,False
milk10k,milk10k,images/ISIC_9182531.jpg,ISIC_9182531,mel,g5234,external_test,none,5234,-1,,False,8e4e45269c3373cd,70.0,male,trunk,Trunk,2,2,,False
milk10k,milk10k,images/ISIC_3782736.jpg,ISIC_3782736,bcc,g5235,external_test,none,5235,-1,,False,669e92bac9992627,85.0,male,foot,Lower extremity,5 (lightest),5,,False
milk10k,milk10k,images/ISIC_0320008.jpg,ISIC_0320008,mel,g5236,external_test,none,5236,-1,,False,adf630831ea9e11d,45.0,male,trunk,Trunk,2,2,,False
milk10k,milk10k,images/ISIC_4873822.jpg,ISIC_4873822,sccka,g5237,dropped,none,5237,-1,unmapped_class:sccka,False,6523cee45cde89c1,85.0,male,upper_extremity,Upper extremity,3,3,unmapped_class:sccka,False
milk10k,milk10k,images/ISIC_7749901.jpg,ISIC_7749901,mel,g5238,external_test,none,5238,-1,,True,cc9ae1c9265b9935,55.0,male,trunk,Trunk,4,4,,False
milk10k,milk10k,images/ISIC_3959129.jpg,ISIC_3959129,nv,g5239,external_test,none,5239,-1,,False,b2ecc9a60c79b18d,70.0,male,trunk,Trunk,2,2,,False
