image_id,n_warn,n_fail,codes,m_min_side,m_blur,m_p1,m_p99,m_range,m_clip,m_noise_rel,m_aspect,m_margin
ISIC_0034524,0,1,overexposed,450.0,0.9909684658050537,0.47719656080007555,0.7700183302164078,0.2928217694163322,0.0,0.006936146607097979,1.3333333333333333,0.0
ISIC_0034526,0,0,,450.0,0.8788754940032959,0.34486643761396407,0.7973957949876785,0.45252935737371447,7.4074074074074075e-06,0.005905083983109359,1.3333333333333333,0.0
ISIC_0034527,0,1,low_contrast,450.0,0.7879105806350708,0.3303258082270622,0.7451153182983399,0.4147895100712777,4.567901234567901e-05,0.006895928525903172,1.3333333333333333,0.0
ISIC_0034528,0,1,low_contrast,450.0,0.6051916480064392,0.4477272534370422,0.7866427898406982,0.338915536403656,0.0012246913580246915,0.012229165907668517,1.3333333333333333,0.0
ISIC_0034529,0,0,,450.0,0.11840900033712387,0.13117212057113647,0.811006845831871,0.6798347252607345,0.0,0.005053492354664163,1.3333333333333333,0.0
ISIC_0034530,0,1,low_contrast,450.0,2.4610719680786133,0.35736196279525756,0.6330671775341034,0.2757052147388458,0.0,0.009557166042927308,1.3333333333333333,0.0
ISIC_0034531,0,1,low_contrast,450.0,0.8837461471557617,0.35641053557395935,0.6707482045888901,0.3143376690149307,0.0,0.008246559369542725,1.3333333333333333,0.0
ISIC_0034532,0,1,low_contrast,450.0,5.321549415588379,0.2873291757702827,0.6649235367774963,0.37759436100721355,9.012345679012346e-05,0.01369391141036897,1.3333333333333333,0.0
ISIC_0034534,0,1,low_contrast,450.0,0.21293491125106812,0.37696912497282026,0.8166275024414062,0.439658377468586,0.0,0.0049399614016463955,1.3333333333333333,0.0
ISIC_0034535,0,0,,450.0,0.8171233534812927,0.2494769036769867,0.7092435479164123,0.4597666442394256,0.0,0.007924398470453614,1.3333333333333333,0.0
ISIC_0034536,0,1,overexposed,450.0,0.5173099040985107,0.4791156628727913,0.7808291935920715,0.3017135307192802,0.0,0.006665975036690015,1.3333333333333333,0.0
ISIC_0034537,0,0,,450.0,0.09954866021871567,0.15185438960790634,0.910284029841423,0.7584296402335167,4.938271604938271e-05,0.003214195919596476,1.3333333333333333,0.0
ISIC_0034539,0,0,,450.0,0.6428259015083313,0.30241710633039476,0.7847216385602951,0.48230453222990033,2.2222222222222223e-05,0.0061555068530805895,1.3333333333333333,0.0
ISIC_0034542,0,0,,450.0,0.8817263245582581,0.41935230553150177,0.9061235660314559,0.4867712604999542,0.0001037037037037037,0.008279731003083761,1.3333333333333333,0.0
ISIC_0034543,0,1,low_contrast,450.0,0.18656378984451294,0.4496357557177544,0.8342621320486069,0.3846263763308525,1.234567901234568e-06,0.004858043985973951,1.3333333333333333,0.0
ISIC_0034544,0,1,low_contrast,450.0,0.43677613139152527,0.42020113080739974,0.7543006134033203,0.3340994825959206,0.0,0.005567924730150595,1.3333333333333333,0.0
ISIC_0034545,0,0,,450.0,0.45280909538269043,0.12298142626881599,0.6593460136651993,0.5363645873963833,0.0,0.004833788686958814,1.3333333333333333,0.0
ISIC_0034546,0,0,,450.0,0.5888442397117615,0.332508385181427,0.8474455994367599,0.5149372142553329,9.876543209876543e-06,0.010140714469338487,1.3333333333333333,0.0
ISIC_0034547,0,0,,450.0,0.3764852285385132,0.20292447045445441,0.7978269052505493,0.594902434796095,3.827160493827161e-05,0.004640262625673831,1.3333333333333333,0.0
ISIC_0034549,0,0,,450.0,0.5111010670661926,0.2948843252658844,0.9131169235706329,0.6182325983047485,0.000980246913580247,0.004988333524766868,1.3333333333333333,0.0
ISIC_0034551,0,1,overexposed,450.0,2.3617327213287354,0.507167152762413,0.8426138794422149,0.3354467266798019,0.01983703703703704,0.015684409308118343,1.3333333333333333,0.0
ISIC_0034552,0,0,,450.0,0.3129134476184845,0.3427635061740875,0.8329541432857513,0.49019063711166383,0.0,0.004920635126371547,1.3333333333333333,0.0
ISIC_0034553,0,0,,450.0,0.9808773398399353,0.16174167200922965,0.6347998529672623,0.47305818095803265,0.0,0.00667646781185249,1.3333333333333333,0.0
ISIC_0034554,0,1,low_contrast,450.0,0.2798527777194977,0.44691151052713396,0.7826173943281173,0.3357058838009833,0.0,0.004951970523619626,1.3333333333333333,0.0
ISIC_0034555,0,1,low_contrast,450.0,1.6786631345748901,0.4132993969321251,0.728516793847084,0.3152173969149589,0.0,0.012275208509614485,1.3333333333333333,0.0
ISIC_0034556,0,1,low_contrast,450.0,0.41288283467292786,0.2573581999540329,0.642682141661644,0.38532394170761103,0.0,0.006215833662432234,1.3333333333333333,0.0
ISIC_0034558,0,0,,450.0,0.1931576132774353,0.22224245622754096,0.7864150255918502,0.5641725693643092,3.7037037037037037e-06,0.0033295265883640365,1.3333333333333333,0.0
ISIC_0034559,0,1,low_contrast,450.0,0.8053340315818787,0.28516912937164307,0.6467669695615769,0.3615978401899338,0.0,0.006806803293116255,1.3333333333333333,0.0
ISIC_0034561,0,0,,450.0,0.6222666501998901,0.1880568528175354,0.6718059283494949,0.48374907553195956,1.234567901234568e-06,0.005380842947860439,1.3333333333333333,0.0
ISIC_0034562,0,0,,450.0,0.989201009273529,0.18553420215845107,0.6702064865827561,0.484672284424305,7.654320987654322e-05,0.010339485530401505,1.3333333333333333,0.0
ISIC_0034563,0,0,,450.0,0.12326680123806,0.1661252622306347,0.812545492053032,0.6464202298223972,2.469135802469136e-06,0.0031704067697191475,1.3333333333333333,0.0
ISIC_0034565,0,0,,450.0,0.18856960535049438,0.2677678522467613,0.7690632897615433,0.501295437514782,0.0,0.003309004130071132,1.3333333333333333,0.0
ISIC_0034566,0,1,low_contrast,450.0,1.5599054098129272,0.39982303231954575,0.7428252696990967,0.34300223737955093,0.0,0.012435496362716717,1.3333333333333333,0.0
ISIC_0034567,0,1,low_contrast,450.0,0.3862163722515106,0.3347304227948189,0.6451933908462524,0.3104629680514335,0.0,0.006800773911275673,1.3333333333333333,0.0
ISIC_0034568,0,1,low_contrast,450.0,0.39892521500587463,0.312401003241539,0.7107560646533966,0.39835506141185756,0.0,0.0064567217995538445,1.3333333333333333,0.0
ISIC_0034569,0,0,,450.0,0.3881286680698395,0.2567108765244484,0.9399239182472229,0.6832130417227744,0.000345679012345679,0.004029874849655509,1.3333333333333333,0.0
ISIC_0034570,0,1,low_contrast,450.0,0.6003248691558838,0.26798017501831056,0.6917824608087539,0.4238022857904434,9.62962962962963e-05,0.0064910925737594076,1.3333333333333333,0.0
ISIC_0034571,1,0,clipped,450.0,0.8350205421447754,0.38768948674201964,0.9171000468730927,0.529410560131073,0.02543827160493827,0.00928412424047995,1.3333333333333333,0.0
ISIC_0034572,0,0,,450.0,0.3738851845264435,0.1611866044998169,0.7526104021072386,0.5914237976074217,0.0,0.0056148926171797385,1.3333333333333333,0.0
ISIC_0034573,1,0,clipped,450.0,0.3161643445491791,0.3103564727306366,0.9791998332738876,0.668843360543251,0.042866666666666664,0.004858830710074161,1.3333333333333333,0.0
ISIC_0034574,0,1,low_contrast,450.0,1.0624513626098633,0.38476309657096863,0.6954248547554016,0.310661758184433,0.0,0.00835535798926555,1.3333333333333333,0.0
ISIC_0034575,0,0,,450.0,0.8019115328788757,0.34987834870815276,0.975145902633667,0.6252675539255141,0.0006185185185185186,0.007984751316838163,1.3333333333333333,0.0
ISIC_0034578,0,1,low_contrast,450.0,1.3397663831710815,0.37435952335596084,0.6818648600578308,0.3075053367018699,0.0,0.01070870028549515,1.3333333333333333,0.0
ISIC_0034581,0,1,overexposed,450.0,5.180907726287842,0.534297621846199,0.7767510801553726,0.24245345830917364,0.0,0.014001017079112022,1.3333333333333333,0.0
ISIC_0034582,0,1,low_contrast,450.0,0.6374358534812927,0.32664797723293304,0.7564169311523438,0.4297689539194107,0.0,0.009208423915155813,1.3333333333333333,0.0
ISIC_0034584,0,0,,450.0,0.3856270909309387,0.22619116187095642,0.7935504192113876,0.5673592573404311,0.00011358024691358025,0.0053078136692706075,1.3333333333333333,0.0
ISIC_0034586,0,1,clipped,450.0,0.08318652212619781,0.21965558767318727,0.9647058844566345,0.7450502967834473,0.11338271604938271,0.0024913290513199036,1.3333333333333333,0.0
ISIC_0034587,0,0,,450.0,0.2388816773891449,0.2771368432044983,0.7416846626996993,0.4645478194952011,0.0,0.004957103163834681,1.3333333333333333,0.0
ISIC_0034588,0,0,,450.0,0.839219868183136,0.321475450694561,0.9048699682950972,0.5833945176005362,0.0036765432098765432,0.005222007360727131,1.3333333333333333,0.0
ISIC_0034590,0,0,,450.0,0.06691975891590118,0.12928990721702577,0.8750573521852493,0.7457674449682234,8.641975308641975e-06,0.002043075178292711,1.3333333333333333,0.0
ISIC_0034592,0,0,,450.0,0.30479079484939575,0.3415073537826538,0.8465375578403472,0.5050302040576935,0.0,0.004290490593918899,1.3333333333333333,0.0
ISIC_0034593,0,1,low_contrast,450.0,0.2153303325176239,0.214854094684124,0.6408377695083618,0.4259836748242378,0.0,0.00540438632076981,1.3333333333333333,0.0
ISIC_0034594,0,1,low_contrast,450.0,0.8745486736297607,0.358731706738472,0.7074128943681717,0.3486811876296997,0.0,0.007121633212177584,1.3333333333333333,0.0
ISIC_0034595,0,0,,450.0,0.658287763595581,0.29834248960018156,0.8156417179107666,0.5172992283105851,0.00010740740740740741,0.006454711711750601,1.3333333333333333,0.0
ISIC_0034598,0,1,low_contrast,450.0,0.33006051182746887,0.449300222992897,0.7738185065984726,0.3245182836055756,0.0,0.005792453152048332,1.3333333333333333,0.0
ISIC_0034600,0,0,,450.0,0.8085325956344604,0.21009284660220146,0.7383326470851899,0.5282398004829885,0.0,0.005381160104935183,1.3333333333333333,0.0
ISIC_0034601,0,0,,450.0,0.2285500168800354,0.19105787515640257,0.7494202774763107,0.5583624023199081,0.0,0.004239710486045547,1.3333333333333333,0.0
ISIC_0034605,0,0,,450.0,0.20624065399169922,0.27090844601392744,0.900764017701149,0.6298555716872216,0.0,0.004056960227126201,1.3333333333333333,0.0
ISIC_0034606,0,0,,450.0,0.3378251791000366,0.3246728453040123,0.8911464738845825,0.5664736285805702,9.876543209876543e-06,0.005288285695632191,1.3333333333333333,0.0
ISIC_0034609,0,0,,450.0,0.2905253767967224,0.24674298122525215,0.8175534087419509,0.5708104275166987,3.7037037037037037e-06,0.004422074060349258,1.3333333333333333,0.0
ISIC_0034611,0,0,,450.0,0.23873041570186615,0.22638024896383285,0.7287745571136475,0.5023943081498146,0.0,0.004723368806596665,1.3333333333333333,0.0
ISIC_0034612,0,1,overexposed,450.0,0.3972281217575073,0.48023540258407593,0.8116698485612869,0.33143444597721095,0.0,0.005555660483174966,1.3333333333333333,0.0
ISIC_0034613,0,0,,450.0,0.1814066618680954,0.2028782030940056,0.856422221660614,0.6535440185666084,8.518518518518518e-05,0.004631562814535576,1.3333333333333333,0.0
ISIC_0034614,0,1,overexposed,450.0,0.6976647973060608,0.5231498169898987,0.8355767059326171,0.3124268889427184,8.518518518518518e-05,0.008688843398691566,1.3333333333333333,0.0
ISIC_0034616,0,1,low_contrast,450.0,0.23199094831943512,0.4021749609708786,0.7861616957187653,0.38398673474788664,0.0,0.005416194450044779,1.3333333333333333,0.0
ISIC_0034617,0,1,low_contrast,450.0,0.9910420179367065,0.36936486542224883,0.667915335893631,0.2985504704713821,0.0,0.007130031907383111,1.3333333333333333,0.0
ISIC_0034618,0,1,overexposed,450.0,2.7025575637817383,0.5116930377483367,0.7742790925502777,0.26258605480194097,1.604938271604938e-05,0.007076650534569726,1.3333333333333333,0.0
ISIC_0034619,0,1,low_contrast,450.0,0.49777042865753174,0.35786629259586333,0.7789709508419037,0.4211046582460404,0.0,0.0051173603657712445,1.3333333333333333,0.0
ISIC_0034621,0,1,overexposed,450.0,0.44337838888168335,0.4501841714978218,0.8068135052919387,0.35662933379411693,2.469135802469136e-06,0.00514293104196911,1.3333333333333333,0.0
ISIC_0034622,0,0,,450.0,0.9008479714393616,0.31568466663360595,0.9169113814830778,0.6012267148494719,2.469135802469136e-06,0.004453032310918558,1.3333333333333333,0.0
ISIC_0034623,0,1,low_contrast,450.0,3.126224994659424,0.3406135195493698,0.6536509495973587,0.3130374300479889,0.0,0.008666926402397442,1.3333333333333333,0.0
ISIC_0034624,0,1,low_contrast,450.0,0.24878408014774323,0.3796515876054764,0.8027362221479416,0.4230846345424652,0.0,0.00493530732129046,1.3333333333333333,0.0
ISIC_0034625,0,1,overexposed,450.0,0.5021089315414429,0.45897103726863864,0.7922554564476013,0.3332844191789627,0.0,0.00665448159064608,1.3333333333333333,0.0
ISIC_0034627,0,1,overexposed,450.0,0.42273375391960144,0.4543956500291824,0.954546537399292,0.5001508873701095,0.00020617283950617285,0.005503221476443104,1.3333333333333333,0.0
ISIC_0034628,0,0,,450.0,0.6871064901351929,0.2252857531607151,0.7664009237289428,0.5411151705682277,0.0002888888888888889,0.006414029053955644,1.3333333333333333,0.0
ISIC_0034629,0,0,,450.0,0.5575876832008362,0.20013694792985917,0.6611734384298324,0.4610364904999733,0.0,0.005610375941991038,1.3333333333333333,0.0
ISIC_0034630,0,0,,450.0,0.10145417600870132,0.11957767307758331,0.662410055398941,0.5428323823213578,4.938271604938272e-06,0.004059461579458923,1.3333333333333333,0.0
ISIC_0034633,0,0,,450.0,1.0610318183898926,0.17731587171554566,0.922967699766159,0.7456518280506134,0.00016296296296296295,0.00795169417447846,1.3333333333333333,0.0
ISIC_0034634,0,0,,450.0,1.0684287548065186,0.2646213546395302,0.7211448699235916,0.45652351528406143,9.012345679012346e-05,0.011571151174914791,1.3333333333333333,0.0
ISIC_0034636,0,1,low_contrast,450.0,0.30366000533103943,0.2853567573428154,0.7329097688198088,0.44755301147699345,0.0,0.004942455791990282,1.3333333333333333,0.0
ISIC_0034637,0,1,overexposed,450.0,1.8337448835372925,0.5561734187602997,0.7053663754463195,0.14919295668601984,0.0,0.011060783950530855,1.3333333333333333,0.0
ISIC_0034638,0,0,,450.0,1.0408589839935303,0.10327913515269756,0.7672145563364028,0.6639354211837052,0.00034938271604938273,0.008392737870906905,1.3333333333333333,0.0
ISIC_0034640,0,0,,450.0,0.16571860015392303,0.24303297206759453,0.7631517934799195,0.5201188214123249,0.0,0.004308006504495069,1.3333333333333333,0.0
ISIC_0034642,0,0,,450.0,5.360235691070557,0.35304695963859556,0.8534902334213257,0.5004432737827301,1.2345679012345678e-05,0.011650271837248158,1.3333333333333333,0.0
ISIC_0034644,0,0,,450.0,0.2638665437698364,0.2753345948457718,0.9073534727096557,0.632018877863884,2.469135802469136e-06,0.005204431823303741,1.3333333333333333,0.0
ISIC_0034646,0,0,,450.0,1.123222827911377,0.43733658999204633,0.9406744265556335,0.5033378365635872,2.0987654320987655e-05,0.008744981598214694,1.3333333333333333,0.0
ISIC_0034648,0,0,,450.0,0.5073750615119934,0.25488308906555174,0.7420594847202301,0.48717639565467835,0.0,0.0055987690853012565,1.3333333333333333,0.0
ISIC_0034650,0,0,,450.0,0.40972045063972473,0.20454634845256806,0.9341211795806884,0.7295748311281204,0.0001617283950617284,0.00664315843058322,1.3333333333333333,0.0
ISIC_0034651,0,1,overexposed,450.0,3.2679295539855957,0.46677577137947085,0.884691104888916,0.41791533350944515,0.0001,0.014778361924663572,1.3333333333333333,0.0
ISIC_0034652,0,0,,450.0,0.9030693769454956,0.31471972167491913,0.872756644487381,0.5580369228124619,0.0015962962962962964,0.007932848440599034,1.3333333333333333,0.0
ISIC_0034653,0,1,low_contrast,450.0,1.3847243785858154,0.3420194461941719,0.7489475846290587,0.40692813843488684,1.8518518518518518e-05,0.012296021170598843,1.3333333333333333,0.0
ISIC_0034654,0,1,low_contrast,450.0,0.3439640700817108,0.3476452440023422,0.7257248520851135,0.3780796080827713,0.0,0.0066566810325469905,1.3333333333333333,0.0
ISIC_0034655,0,0,,450.0,0.3535403609275818,0.05981825336813926,0.8927391594648361,0.8329209060966968,0.00030123456790123455,0.004178013357881283,1.3333333333333333,0.0
ISIC_0034657,0,0,,450.0,0.9940188527107239,0.1471731632947922,0.7209674084186554,0.5737942451238631,0.0005555555555555556,0.00784448024165106,1.3333333333333333,0.0
ISIC_0034659,0,1,overexposed,450.0,1.540731430053711,0.48312514543533325,0.7790262782573699,0.29590113282203667,6.666666666666667e-05,0.01496980550183447,1.3333333333333333,0.0
ISIC_0034661,0,0,,450.0,0.3274335563182831,0.12613959223031998,0.8089055609703064,0.6827659687399864,0.00024320987654320988,0.0041428776600519355,1.3333333333333333,0.0
ISIC_0034664,0,1,low_contrast,450.0,1.3332799673080444,0.3061269924044609,0.7333346313238144,0.4272076389193535,4.938271604938272e-06,0.011539138203298825,1.3333333333333333,0.0
ISIC_0034666,0,0,,450.0,0.33091646432876587,0.26067266434431074,0.7383262288570404,0.4776535645127296,0.0,0.004453430802912374,1.3333333333333333,0.0
ISIC_0034667,0,1,low_contrast,450.0,0.26713627576828003,0.43483028173446653,0.8083655422925948,0.3735352605581283,0.0,0.005814331200983937,1.3333333333333333,0.0
ISIC_0034668,0,1,low_contrast,450.0,2.286386489868164,0.43850415110588076,0.6837757962942124,0.2452716451883316,0.0,0.016981083101176426,1.3333333333333333,0.0
ISIC_0034669,0,0,,450.0,0.5996383428573608,0.37520555168390274,0.8840736263990401,0.5088680747151373,0.0,0.0049656625872736,1.3333333333333333,0.0
ISIC_0034670,0,1,low_contrast,450.0,0.3479476273059845,0.34259207487106325,0.6944823724031448,0.35189029753208156,0.0,0.004931483818457859,1.3333333333333333,0.0
ISIC_0034671,0,1,low_contrast,450.0,0.3110295236110687,0.32826767206192015,0.7572621148824691,0.42899444282054894,0.0,0.005369213485185705,1.3333333333333333,0.0
ISIC_0034672,0,1,low_contrast,450.0,0.2024560421705246,0.29634338527917864,0.6508758622407913,0.35453247696161266,0.0,0.0042472815126754,1.3333333333333333,0.0
ISIC_0034674,0,0,,450.0,0.3078220784664154,0.24300344616174696,0.9050160735845566,0.6620126274228096,0.0,0.003693740512682018,1.3333333333333333,0.0
ISIC_0034675,0,0,,450.0,0.3742227554321289,0.2661827099323273,0.8614274817705154,0.5952447718381881,1.234567901234568e-06,0.004940425040366738,1.3333333333333333,0.0
ISIC_0034678,0,0,,450.0,0.30492615699768066,0.26788794845342634,0.7501355117559433,0.48224756330251695,0.0,0.004870104683963299,1.3333333333333333,0.0
ISIC_0034679,0,1,overexposed,450.0,0.6391048431396484,0.512623952627182,0.7939596170186997,0.2813356643915177,0.0,0.005593919924541616,1.3333333333333333,0.0
ISIC_0034680,0,0,,450.0,1.1252652406692505,0.26226197600364687,0.7645235246419906,0.5022615486383437,0.00022839506172839507,0.007816015361708919,1.3333333333333333,0.0
ISIC_0034681,0,1,low_contrast,450.0,0.3119373321533203,0.3633526548743248,0.7420038408041,0.3786511859297752,0.0,0.005263819134246421,1.3333333333333333,0.0
ISIC_0034682,0,1,low_contrast,450.0,1.0406875610351562,0.3968560838699341,0.7605536031723021,0.36369751930236804,0.0,0.006405010937017623,1.3333333333333333,0.0
ISIC_0034684,0,1,low_contrast,450.0,0.65021812915802,0.36576528042554857,0.6802838981151581,0.31451861768960954,0.0,0.011434771926411812,1.3333333333333333,0.0
ISIC_0034687,0,0,,450.0,1.0180938243865967,0.25134560018777846,0.7374541878700256,0.48610858768224713,0.00030246913580246913,0.007454495821099634,1.3333333333333333,0.0
ISIC_0034691,0,1,low_contrast,450.0,0.6982415318489075,0.440058451294899,0.782523978948593,0.34246552765369404,0.0,0.010545572462065307,1.3333333333333333,0.0
ISIC_0034692,0,1,overexposed,450.0,1.419687271118164,0.5203640460968018,0.7694954371452332,0.2491313910484314,0.0,0.01031025549637185,1.3333333333333333,0.0
ISIC_0034693,0,0,,450.0,1.7476582527160645,0.3462135735154152,0.9405202805995941,0.594306707084179,0.00011604938271604938,0.014775829224881189,1.3333333333333333,0.0
ISIC_0034694,0,1,low_contrast,450.0,0.5416752696037292,0.4453356420993805,0.8629729980230332,0.4176373559236527,0.000908641975308642,0.0060487825722080665,1.3333333333333333,0.0
ISIC_0034695,0,1,low_contrast,450.0,1.0392696857452393,0.3761135721206665,0.8179155302047729,0.44180195808410644,0.0,0.005299325174277806,1.3333333333333333,0.0
ISIC_0034697,0,0,,450.0,0.1503128558397293,0.07694665111601352,0.8934149360656738,0.8164682849496603,0.0004703703703703704,0.002719720171056443,1.3333333333333333,0.0
ISIC_0034698,0,1,overexposed,450.0,1.0988497734069824,0.47844580948352816,0.822864127755165,0.3444183182716369,0.004727160493827161,0.012376336435570023,1.3333333333333333,0.0
ISIC_0034699,0,0,,450.0,0.873022735118866,0.2617559692263603,0.8639472734928131,0.6021913042664528,0.0,0.005024875790112075,1.3333333333333333,0.0
ISIC_0034700,0,1,low_contrast,450.0,0.30715352296829224,0.30715939581394197,0.690621325969696,0.3834619301557541,0.0,0.005539545570476705,1.3333333333333333,0.0
ISIC_0034703,0,1,low_contrast,450.0,1.7325847148895264,0.3038272887468338,0.6395583313703537,0.3357310426235199,0.0,0.013747959208745747,1.3333333333333333,0.0
ISIC_0034707,0,1,low_contrast,450.0,0.9542398452758789,0.26740900188684463,0.6751061969995499,0.40769719511270525,0.0,0.006854105298007997,1.3333333333333333,0.0
ISIC_0034708,0,1,low_contrast,450.0,1.1416853666305542,0.40290795475244523,0.7583427202701568,0.3554347655177116,3.45679012345679e-05,0.012427284020805437,1.3333333333333333,0.0
ISIC_0034709,0,0,,450.0,0.18861818313598633,0.28368290930986406,0.8605226451158523,0.5768397358059882,0.0,0.00346890211161398,1.3333333333333333,0.0
ISIC_0034710,0,1,low_contrast,450.0,0.9743130207061768,0.29793831050395964,0.7314780366420746,0.4335397261381149,0.0,0.006092053305737972,1.3333333333333333,0.0
ISIC_0034712,0,1,overexposed,450.0,0.5910416841506958,0.5325595545768738,0.763743793964386,0.2311842393875122,0.0,0.0064417686814682955,1.3333333333333333,0.0
ISIC_0034713,0,0,,450.0,0.09880158305168152,0.12996888801455497,0.8312424767017365,0.7012735886871815,0.0,0.0031564719708759626,1.3333333333333333,0.0
ISIC_0034714,0,0,,450.0,1.249159812927246,0.22782690286636353,0.814558779001236,0.5867318761348724,0.0004,0.005919353863372714,1.3333333333333333,0.0
ISIC_0034715,0,0,,450.0,0.4890027344226837,0.23744368687272072,0.750560656785965,0.5131169699132443,1.234567901234568e-06,0.004368813071900026,1.3333333333333333,0.0
ISIC_0034717,0,1,overexposed,450.0,1.2044939994812012,0.5108982163667679,0.725612223148346,0.21471400678157804,0.0,0.011425906683826299,1.3333333333333333,0.0
ISIC_0034718,0,0,,450.0,0.1909172683954239,0.1567549453675747,0.8785108882188797,0.721755942851305,2.469135802469136e-06,0.0023861275968994644,1.3333333333333333,0.0
ISIC_0034720,0,0,,450.0,0.21890054643154144,0.3086272737383842,0.8755069971084595,0.5668797233700753,0.0,0.0032397094217208777,1.3333333333333333,0.0
ISIC_0034721,0,1,low_contrast,450.0,1.4295638799667358,0.2716187226772308,0.6678944051265716,0.3962756824493408,8.641975308641975e-06,0.012747178198686987,1.3333333333333333,0.0
ISIC_0034722,0,1,low_contrast,450.0,0.8272088170051575,0.39085006654262544,0.7812460559606552,0.3903959894180298,2.469135802469136e-06,0.006657882715288288,1.3333333333333333,0.0
ISIC_0034725,0,0,,450.0,12.550222396850586,0.21488608032464981,0.7753021383285522,0.5604160580039024,2.469135802469136e-06,0.026910403241221945,1.3333333333333333,0.0
ISIC_0034726,0,0,,450.0,0.3819356858730316,0.27628173857927324,0.7356917387247085,0.45941000014543526,0.0,0.004760070517447694,1.3333333333333333,0.0
ISIC_0034727,0,0,,450.0,0.1445392370223999,0.18215511322021485,0.8146405178308487,0.6324854046106339,0.0,0.0020428085081587296,1.3333333333333333,0.0
ISIC_0034728,0,1,underexposed,450.0,0.6142036318778992,0.12135997056961059,0.5116727757453918,0.39031280517578126,7.777777777777778e-05,0.005871355970610033,1.3333333333333333,0.0
ISIC_0034732,0,0,,450.0,0.3558984696865082,0.17687198415398597,0.9654962599277496,0.7886242757737636,0.0023209876543209876,0.0035458324075929824,1.3333333333333333,0.0
ISIC_0034735,0,1,overexposed,450.0,0.5504684448242188,0.5622294926643372,0.8096034526824951,0.24737396001815792,0.0,0.008305125406650902,1.3333333333333333,0.0
ISIC_0034737,0,1,low_contrast,450.0,1.7724478244781494,0.33194435119628907,0.7579694640636444,0.42602511286735534,0.0,0.009982311730567893,1.3333333333333333,0.0
ISIC_0034738,0,1,low_contrast,450.0,0.7860792279243469,0.33304780125617983,0.655717670917511,0.32266986966133115,0.0,0.007615827529558855,1.3333333333333333,0.0
ISIC_0034739,0,1,low_contrast,450.0,1.7842798233032227,0.41842096984386445,0.7275559097528458,0.30913493990898133,0.0,0.012435460654586696,1.3333333333333333,0.0
ISIC_0034740,0,1,low_contrast,450.0,2.044539213180542,0.292149663567543,0.7231523102521896,0.4310026466846466,0.0,0.007902117277906743,1.3333333333333333,0.0
ISIC_0034741,0,1,overexposed,450.0,0.9797835946083069,0.5597769522666931,0.7412160593271255,0.18143910706043243,0.0,0.010679417880483386,1.3333333333333333,0.0
ISIC_0034744,0,1,low_contrast,450.0,0.659814178943634,0.32069595277309415,0.6755952429771424,0.3548992902040482,0.0,0.0063330651219870885,1.3333333333333333,0.0
ISIC_0034746,0,1,overexposed,450.0,2.180992603302002,0.5162200808525086,0.7324544119834899,0.21623433113098134,0.0,0.011578296105292304,1.3333333333333333,0.0
ISIC_0034747,0,1,low_contrast,450.0,0.4265369772911072,0.3688624885678291,0.6973768609762192,0.3285143724083901,0.0,0.007271053109342633,1.3333333333333333,0.0
ISIC_0034748,0,0,,450.0,0.17796079814434052,0.3192404130101204,0.835584214925766,0.5163438019156456,0.0,0.0036094673040214915,1.3333333333333333,0.0
ISIC_0034749,0,1,low_contrast,450.0,0.5046485066413879,0.34934285312891006,0.6940492349863052,0.34470638185739516,9.876543209876543e-06,0.004294623500383459,1.3333333333333333,0.0
ISIC_0034750,0,0,,450.0,2.46343994140625,0.1456539437174797,0.712289091348648,0.5666351476311684,7.4074074074074075e-06,0.008897529105642128,1.3333333333333333,0.0
ISIC_0034751,0,0,,450.0,0.5163713693618774,0.08827299378812313,0.7102243560552597,0.6219513622671365,0.0,0.00526088470973825,1.3333333333333333,0.0
ISIC_0034752,0,0,,450.0,0.11797308921813965,0.1742749248445034,0.7155181556940079,0.5412432308495045,0.0,0.004365650271982482,1.3333333333333333,0.0
ISIC_0034755,0,0,,450.0,0.33198288083076477,0.12508089527487753,0.6885642462968826,0.5634833510220051,2.469135802469136e-06,0.004872255124146826,1.3333333333333333,0.0
ISIC_0034757,0,1,low_contrast,450.0,0.5191893577575684,0.27499616116285325,0.6719197154045105,0.3969235542416572,0.0,0.005730899710930224,1.3333333333333333,0.0
ISIC_0034758,0,1,low_contrast,450.0,0.9203094244003296,0.30457246005535127,0.6450091600418091,0.3404366999864578,0.0,0.005339202687122614,1.3333333333333333,0.0
ISIC_0034759,0,0,,450.0,0.5874309539794922,0.2624007201194763,0.7834073251485824,0.521006605029106,2.469135802469136e-06,0.0033697410054460268,1.3333333333333333,0.0
ISIC_0034760,0,0,,450.0,0.734559953212738,0.09753034822642803,0.8075165516138076,0.7099862033873796,0.0,0.004779420791519908,1.3333333333333333,0.0
ISIC_0034761,0,1,low_contrast,450.0,1.0585167407989502,0.4057455524802208,0.8373716568946838,0.43162610441446303,0.012954320987654321,0.010048845476770306,1.3333333333333333,0.0
ISIC_0034763,0,1,low_contrast,450.0,0.3103613555431366,0.25117293655872347,0.6752478885650633,0.4240749520063399,1.234567901234568e-06,0.0059842191778209895,1.3333333333333333,0.0
ISIC_0034766,0,1,overexposed,450.0,1.1596640348434448,0.5807109481096268,0.7557542878389358,0.17504333972930908,0.0,0.010241811307619607,1.3333333333333333,0.0
ISIC_0034767,0,0,,450.0,0.3836813271045685,0.21178779646754264,0.7440946400165558,0.5323068435490131,2.345679012345679e-05,0.0033708602557853875,1.3333333333333333,0.0
ISIC_0034768,0,1,overexposed,450.0,0.4862688481807709,0.48634825795888903,0.7936488944292068,0.3073006364703178,0.0,0.0065547517101378315,1.3333333333333333,0.0
ISIC_0034769,0,0,,450.0,0.5107983350753784,0.2833512285351753,0.751643893122673,0.4682926645874977,1.234567901234568e-06,0.0050188989687346055,1.3333333333333333,0.0
ISIC_0034771,0,0,,450.0,0.31036439538002014,0.179241703748703,0.7950930058956146,0.6158513021469116,3.950617283950617e-05,0.0040768207051921955,1.3333333333333333,0.0
ISIC_0034772,0,0,,450.0,1.4294203519821167,0.28060392588377,0.7691856342554092,0.4885817083716392,0.0,0.006714559820460516,1.3333333333333333,0.0
ISIC_0034777,0,1,overexposed,450.0,1.9087164402008057,0.5156817013025283,0.7732976239919662,0.2576159226894379,2.839506172839506e-05,0.016038008379122906,1.3333333333333333,0.0
ISIC_0034778,0,0,,450.0,0.9797403812408447,0.30023047924041746,0.7528386557102201,0.45260817646980267,9.876543209876543e-05,0.00786913577830634,1.3333333333333333,0.0
ISIC_0034779,0,1,low_contrast,450.0,0.7263056635856628,0.288474023938179,0.7078470760583877,0.4193730521202087,0.0,0.0056128088501996186,1.3333333333333333,0.0
ISIC_0034780,0,1,overexposed,450.0,0.8235542178153992,0.5121179777383804,0.7502747648954391,0.23815678715705868,0.0,0.008811402764151365,1.3333333333333333,0.0
ISIC_0034783,0,0,,450.0,2.4883902072906494,0.3335940718650818,0.8369212454557419,0.5033271735906601,0.00011604938271604938,0.010357305622726477,1.3333333333333333,0.0
ISIC_0034784,0,0,,450.0,0.2493496686220169,0.3116757398843765,0.7805716687440872,0.4688959288597107,0.0,0.005528559763172313,1.3333333333333333,0.0
ISIC_0034785,1,0,blurred,450.0,0.03851250559091568,0.1613193717598915,0.8399280583858489,0.6786086866259574,0.0,0.0023905003463220355,1.3333333333333333,0.0
ISIC_0034786,0,0,,450.0,0.31961798667907715,0.13307868763804437,0.6828112447261809,0.5497325570881366,0.0,0.004767806160663344,1.3333333333333333,0.0
ISIC_0034787,0,0,,450.0,0.12020949274301529,0.26341902881860735,0.7619245505332947,0.4985055217146873,0.0,0.004565467907502099,1.3333333333333333,0.0
ISIC_0034789,0,0,,450.0,3.2160303592681885,0.3548751974105835,0.9054911410808563,0.5506159436702728,4.814814814814815e-05,0.010525880441885184,1.3333333333333333,0.0
ISIC_0034791,0,1,low_contrast,450.0,0.3438229560852051,0.4165161496400833,0.75811767578125,0.3416015261411667,0.0,0.004513750318557985,1.3333333333333333,0.0
ISIC_0034792,0,1,low_contrast,450.0,0.20948410034179688,0.3366024100780487,0.768788526058197,0.43218611598014833,0.0,0.004409252820966576,1.3333333333333333,0.0
ISIC_0034793,0,0,,450.0,0.33896175026893616,0.425137183368206,0.8929785895347595,0.4678414061665535,2.469135802469136e-06,0.004230229244132611,1.3333333333333333,0.0
ISIC_0034794,0,1,low_contrast,450.0,1.0485186576843262,0.34406965136528017,0.6443612039089203,0.3002915525436401,0.0,0.013652209526282344,1.3333333333333333,0.0
ISIC_0034797,0,1,low_contrast,450.0,0.23656561970710754,0.37794536918401717,0.8015035438537598,0.4235581746697426,0.0,0.004979190388944706,1.3333333333333333,0.0
ISIC_0034800,0,1,low_contrast,450.0,2.2218997478485107,0.37545440316200257,0.8058334070444106,0.4303790038824081,0.0004641975308641975,0.011048101834087842,1.3333333333333333,0.0
ISIC_0034801,0,1,low_contrast,450.0,0.6688595414161682,0.2961736524105072,0.6383441793918609,0.34217052698135375,0.0,0.007011170426218166,1.3333333333333333,0.0
ISIC_0034804,0,0,,450.0,0.5422717332839966,0.09503527343273163,0.731137125492096,0.6361018520593643,2.0987654320987655e-05,0.005970404435424451,1.3333333333333333,0.0
ISIC_0034805,0,0,,450.0,0.48548194766044617,0.43839408189058304,0.9308059096336364,0.49241182774305337,0.00032962962962962964,0.007311162581698225,1.3333333333333333,0.0
ISIC_0034807,0,0,,450.0,1.8036564588546753,0.2837062308192253,0.7817619729042053,0.49805574208498005,0.0,0.006565981867394594,1.3333333333333333,0.0
ISIC_0034810,0,1,low_contrast,450.0,3.5347278118133545,0.2970954352617264,0.6895663517713545,0.3924709165096281,0.0,0.010563217307360569,1.3333333333333333,0.0
ISIC_0034811,0,0,,450.0,0.19750545918941498,0.19409984335303307,0.7738185065984726,0.5797186632454395,0.0,0.003714447519416515,1.3333333333333333,0.0
ISIC_0034812,0,0,,450.0,0.47970321774482727,0.28125379979610443,0.7947989684343338,0.5135451686382294,0.0,0.007880457595940698,1.3333333333333333,0.0
ISIC_0034813,0,0,,450.0,0.30474692583084106,0.13255626559257508,0.7123396015167236,0.5797833359241485,0.0,0.003332608745637224,1.3333333333333333,0.0
ISIC_0034814,0,0,,450.0,0.49078112840652466,0.1851552054286003,0.799594806432724,0.6144396010041236,0.00011234567901234568,0.003656453770827121,1.3333333333333333,0.0
ISIC_0034815,0,0,,450.0,0.3326844274997711,0.21228127896785737,0.7807267957925796,0.5684455168247222,0.0,0.00594142146387364,1.3333333333333333,0.0
ISIC_0034816,0,0,,450.0,0.4171178936958313,0.28116066932678224,0.7618371206521988,0.48067645132541653,0.0,0.0036266970754356372,1.3333333333333333,0.0
ISIC_0034817,0,0,,450.0,0.14113324880599976,0.2071543303132057,0.9372773420810698,0.7301230117678641,0.0014049382716049383,0.004671827272174631,1.3333333333333333,0.0
ISIC_0034819,0,0,,450.0,0.29673048853874207,0.24360948607325553,0.9625052535533904,0.718895767480135,0.0018160493827160493,0.006438693546558727,1.3333333333333333,0.0
ISIC_0034821,0,1,low_contrast,450.0,0.9647243618965149,0.35369800925254824,0.758204425573349,0.40450641632080075,9.876543209876543e-06,0.01251758713476655,1.3333333333333333,0.0
ISIC_0034824,0,0,,450.0,0.10199760645627975,0.2532603093981743,0.8166294586658478,0.5633691492676736,0.0,0.0034811059574825893,1.3333333333333333,0.0
ISIC_0034825,0,0,,450.0,0.41273558139801025,0.14892174541950226,0.8218402886390686,0.6729185432195663,0.0,0.004013099722237956,1.3333333333333333,0.0
ISIC_0034827,0,1,low_contrast,450.0,0.26293355226516724,0.3639392074942589,0.8121563929319382,0.4482171854376793,1.234567901234568e-06,0.004797450483080421,1.3333333333333333,0.0
ISIC_0034828,0,0,,450.0,0.10083005577325821,0.2813121062517166,0.796517344713211,0.5152052384614945,0.0,0.003969895496452185,1.3333333333333333,0.0
ISIC_0034830,0,1,low_contrast,450.0,0.3977799415588379,0.40925297886133194,0.8085381823778153,0.39928520351648333,1.234567901234568e-06,0.005773564908040057,1.3333333333333333,0.0
ISIC_0034831,0,1,low_contrast,450.0,0.5335767269134521,0.2633617630600929,0.6860403871536255,0.4226786240935326,0.0,0.0057557011797000675,1.3333333333333333,0.0
ISIC_0034832,0,0,,450.0,0.32022908329963684,0.2134853371977806,0.9474230676889419,0.7339377304911613,5.555555555555556e-05,0.0038960146618988206,1.3333333333333333,0.0
ISIC_0034833,0,1,low_contrast,450.0,0.9764789342880249,0.34802704215049746,0.6363279956579209,0.2883009535074234,0.0,0.007377657144593473,1.3333333333333333,0.0
ISIC_0034835,0,1,overexposed,450.0,0.5294981002807617,0.5577834296226502,0.8276727628707885,0.26988933324813835,0.0,0.007304233219548863,1.3333333333333333,0.0
ISIC_0034836,0,1,low_contrast,450.0,1.1947710514068604,0.4187410086393356,0.8210787910223007,0.40233778238296514,0.0,0.007812928844652326,1.3333333333333333,0.0
ISIC_0034837,0,1,low_contrast,450.0,7.515836238861084,0.41468467205762866,0.7971977692842483,0.3825130972266197,7.4074074074074075e-06,0.00946867696812845,1.3333333333333333,0.0
ISIC_0034838,0,1,low_contrast,450.0,0.5698775053024292,0.26689735531806946,0.6697881984710691,0.4028908431529996,0.0,0.006713119705450993,1.3333333333333333,0.0
ISIC_0034839,0,0,,450.0,1.5525010824203491,0.35967839777469635,0.8344800764322281,0.47480167865753176,9.876543209876543e-06,0.00983948933255005,1.3333333333333333,0.0
ISIC_0034841,0,0,,450.0,1.6499004364013672,0.2663196977972984,0.7303073412179947,0.46398764342069626,9.876543209876543e-06,0.003929788033099857,1.3333333333333333,0.0
ISIC_0034842,0,1,low_contrast,450.0,1.2254235744476318,0.3479454064369202,0.7313654607534408,0.3834200543165206,0.0,0.00847313942911813,1.3333333333333333,0.0
ISIC_0034843,0,0,,450.0,0.29300543665885925,0.2927084645628929,0.8960770523548126,0.6033685877919197,0.01317283950617284,0.0036451997591015793,1.3333333333333333,0.0
ISIC_0034844,0,1,low_contrast,450.0,0.4055316150188446,0.3054241555929184,0.7491442143917083,0.4437200587987899,1.4814814814814815e-05,0.008788307585981802,1.3333333333333333,0.0
ISIC_0034845,0,0,,450.0,0.2915218472480774,0.16825481981039048,0.6900407195091247,0.5217858996987342,0.0,0.005477084034276342,1.3333333333333333,0.0
ISIC_0034848,0,0,,450.0,0.2188059240579605,0.25663581371307376,0.740035206079483,0.4833993923664093,0.0,0.004555960678223906,1.3333333333333333,0.0
ISIC_0034850,0,0,,450.0,1.1564810276031494,0.2343134781718254,0.8677923089265823,0.633478830754757,6.0493827160493825e-05,0.008657756090228171,1.3333333333333333,0.0
ISIC_0034853,0,1,low_contrast,450.0,1.1056216955184937,0.2569987279176712,0.6758170127868652,0.41881828486919404,3.08641975308642e-05,0.013438545501728903,1.3333333333333333,0.0
ISIC_0034854,0,1,low_contrast,450.0,1.3494025468826294,0.44379772305488585,0.6646268779039383,0.2208291548490524,0.0,0.009579133117279664,1.3333333333333333,0.0
ISIC_0034856,0,0,,450.0,0.7897416353225708,0.22419572100043297,0.6769892120361327,0.45279349103569977,0.0,0.005311610010512299,1.3333333333333333,0.0
ISIC_0034857,0,0,,450.0,0.16264773905277252,0.28840859651565554,0.7997319757938385,0.5113233792781829,0.0,0.003689595133208862,1.3333333333333333,0.0
ISIC_0034858,0,0,,450.0,0.7933186292648315,0.3822443300485611,0.9166174161434173,0.5343730860948561,0.002608641975308642,0.0050829664815661545,1.3333333333333333,0.0
ISIC_0034859,0,1,low_contrast,450.0,0.9835445284843445,0.2874717590212822,0.596033046245575,0.30856128722429277,1.3580246913580247e-05,0.008797912882666632,1.3333333333333333,0.0
ISIC_0034860,0,1,low_contrast,450.0,0.778247058391571,0.39919507831335066,0.671339840888977,0.27214476257562636,0.0,0.007993465598985991,1.3333333333333333,0.0
ISIC_0034861,0,0,,450.0,0.19839514791965485,0.2049631506204605,0.8477999067306519,0.6428367561101913,0.0,0.003499282234229374,1.3333333333333333,0.0
ISIC_0034862,0,1,low_contrast,450.0,0.8772377967834473,0.29597881972789764,0.7452932554483414,0.4493144357204437,1.2345679012345678e-05,0.011904364911091163,1.3333333333333333,0.0
ISIC_0034863,0,1,low_contrast,450.0,1.271238088607788,0.27394494384527207,0.650871106982231,0.376926163136959,0.0001308641975308642,0.007809784992376988,1.3333333333333333,0.0
ISIC_0034864,0,0,,450.0,0.8291361927986145,0.11458732463419437,0.6116251581907273,0.4970378335565329,0.0,0.0053335169829663385,1.3333333333333333,0.0
ISIC_0034865,0,1,low_contrast,450.0,0.674262285232544,0.34324041187763216,0.6770781928300857,0.3338377809524536,0.0,0.006738191960997564,1.3333333333333333,0.0
ISIC_0034869,0,1,low_contrast,450.0,0.40239495038986206,0.39358540415763854,0.773266053199768,0.3796806490421295,0.0,0.006237669405332243,1.3333333333333333,0.0
ISIC_0034870,0,1,overexposed,450.0,0.2954217493534088,0.45405364483594896,0.7977983671426773,0.3437447223067283,0.0,0.004687732453581859,1.3333333333333333,0.0
ISIC_0034872,0,1,low_contrast,450.0,0.5769453644752502,0.29022092044353487,0.7319699454307556,0.4417490249872207,0.0,0.005347176735891413,1.3333333333333333,0.0
ISIC_0034877,0,0,,450.0,0.7387760877609253,0.2533026880025864,0.7590687966346741,0.5057661086320877,0.0,0.005035944164797433,1.3333333333333333,0.0
ISIC_0034879,0,0,,450.0,0.2709956765174866,0.11226554922759532,0.8136818099021912,0.7014162606745958,1.234567901234568e-06,0.003539169265553151,1.3333333333333333,0.0
ISIC_0034880,0,0,,450.0,1.1350452899932861,0.17120122760534287,0.7001473134756088,0.5289460858702659,0.0017753086419753086,0.010862224370091305,1.3333333333333333,0.0
ISIC_0034882,0,0,,450.0,0.2898181080818176,0.2638960975408554,0.7571938270330429,0.49329772949218753,0.0,0.003942353720594421,1.3333333333333333,0.0
ISIC_0034885,0,0,,450.0,0.24622607231140137,0.10708078987896442,0.6133909583091736,0.5063101684302092,0.0,0.003232401509567718,1.3333333333333333,0.0
ISIC_0034886,0,0,,450.0,0.08869809657335281,0.16610654234886169,0.8159525448083877,0.6498460024595261,0.0,0.003045669952472511,1.3333333333333333,0.0
ISIC_0034887,0,0,,450.0,0.4565279185771942,0.12587227344512938,0.8646090996265411,0.7387368261814117,0.0,0.003977064049368959,1.3333333333333333,0.0
ISIC_0034890,0,1,low_contrast,450.0,1.416370153427124,0.40658478647470475,0.8333540022373199,0.4267692157626152,4.938271604938271e-05,0.011678215075426454,1.3333333333333333,0.0
ISIC_0034891,0,0,,450.0,1.0212624073028564,0.3004170918464661,0.8922997891902921,0.591882697343826,0.0004530864197530864,0.0047715489260685175,1.3333333333333333,0.0
ISIC_0034892,0,1,low_contrast,450.0,1.8940069675445557,0.35998426616191864,0.7888588708639145,0.42887460470199584,0.0,0.006534585917949463,1.3333333333333333,0.0
ISIC_0034893,0,1,low_contrast,450.0,0.6060370206832886,0.36703245878219604,0.6937199485301971,0.3266874897480011,0.0,0.007189041557614279,1.3333333333333333,0.0
ISIC_0034894,0,0,,450.0,0.4379897713661194,0.211376660913229,0.8102343368530274,0.5988576759397983,0.0011728395061728395,0.008844186968739542,1.3333333333333333,0.0
ISIC_0034896,0,0,,450.0,0.5525221824645996,0.2818355119228363,0.8780919069051742,0.596256394982338,0.016450617283950617,0.004264325862152965,1.3333333333333333,0.0
ISIC_0034897,0,1,low_contrast,450.0,1.1197665929794312,0.288224293589592,0.6671876001358031,0.37896330654621113,7.4074074074074075e-06,0.013177243412756431,1.3333333333333333,0.0
ISIC_0034898,0,0,,450.0,0.26754483580589294,0.3840335673093796,0.837557510137558,0.4535239428281784,1.2345679012345678e-05,0.0037957429704367296,1.3333333333333333,0.0
ISIC_0034899,0,0,,450.0,0.4450526237487793,0.39130170315504076,0.8913986110687255,0.5000969079136848,0.000245679012345679,0.004551226719263593,1.3333333333333333,0.0
ISIC_0034900,0,1,low_contrast,450.0,0.4951266944408417,0.2741798764467239,0.6170366001129151,0.34285672366619113,0.0,0.00710498554264943,1.3333333333333333,0.0
ISIC_0034901,0,0,,450.0,0.5751568078994751,0.421466056406498,0.8913196307420731,0.4698535743355751,4.938271604938272e-06,0.005205261444589388,1.3333333333333333,0.0
ISIC_0034902,0,1,low_contrast,450.0,0.29228273034095764,0.3200956553220749,0.7545237469673156,0.4344280916452407,0.0,0.005052559371622491,1.3333333333333333,0.0
ISIC_0034903,0,1,low_contrast,450.0,1.6669238805770874,0.43884468168020246,0.7762226068973541,0.33737792521715165,0.00022592592592592591,0.013622026571082102,1.3333333333333333,0.0
ISIC_0034904,0,0,,450.0,0.1420503407716751,0.2020207116007805,0.7733605057001114,0.5713397940993309,0.0,0.003141921847271877,1.3333333333333333,0.0
ISIC_0034905,0,0,,450.0,0.29169613122940063,0.3645521456003189,0.9676455670595168,0.6030934214591979,0.014450617283950617,0.004447228170832188,1.3333333333333333,0.0
ISIC_0034906,0,1,overexposed,450.0,0.598602294921875,0.5265520620346069,0.8012025618553161,0.2746504998207092,0.0,0.007227504607652883,1.3333333333333333,0.0
ISIC_0034908,0,1,low_contrast,450.0,0.2694314122200012,0.3213456839323044,0.719184266924858,0.39783858299255365,0.0,0.004995117178237355,1.3333333333333333,0.0
ISIC_0034909,0,0,,450.0,0.4225260317325592,0.16750546500086785,0.7137156260013579,0.54621016100049,0.00012098765432098765,0.004714836258511289,1.3333333333333333,0.0
ISIC_0034910,0,0,,450.0,0.10733149200677872,0.2027394527196884,0.8388105726242066,0.6360711199045181,0.0,0.0035680219648513705,1.3333333333333333,0.0
ISIC_0034911,0,1,low_contrast,450.0,0.4077555239200592,0.42600304782390597,0.8158911859989166,0.38988813817501067,0.0,0.005760844525545501,1.3333333333333333,0.0
ISIC_0034912,0,1,low_contrast,450.0,0.5999653935432434,0.44449237912893297,0.724123631119728,0.279631251990795,0.0,0.008274402765962733,1.3333333333333333,0.0
ISIC_0034913,0,1,low_contrast,450.0,0.9494405388832092,0.44254894137382506,0.7385808879137039,0.29603194653987885,0.0,0.008919609291219389,1.3333333333333333,0.0
ISIC_0034915,1,0,blurred,450.0,0.04174849018454552,0.13340378016233445,0.8536675876379013,0.7202638074755668,3.827160493827161e-05,0.0024930479457080305,1.3333333333333333,0.072265625
ISIC_0034916,0,0,,450.0,0.9633215069770813,0.21791871652007103,0.7429703229665755,0.5250516064465045,0.0,0.006638851655153868,1.3333333333333333,0.0
ISIC_0034919,0,0,,450.0,2.2064621448516846,0.2089760608971119,0.7423090296983719,0.53333296880126,0.0,0.009017075157789224,1.3333333333333333,0.0
ISIC_0034920,0,0,,450.0,0.5288177728652954,0.06732945308089257,0.8962861621379852,0.8289567090570926,8.641975308641975e-06,0.002771074761267688,1.3333333333333333,0.001953125
ISIC_0034921,0,1,low_contrast,450.0,0.48047909140586853,0.31399415612220766,0.7411764860153198,0.42718232989311217,7.4074074074074075e-06,0.004308932868383222,1.3333333333333333,0.0
ISIC_0034923,0,1,low_contrast,450.0,0.876538097858429,0.3668665412068367,0.6962276607751846,0.3293611195683479,0.0,0.007863528307171623,1.3333333333333333,0.0
ISIC_0034924,0,1,low_contrast,450.0,0.4624159336090088,0.25292995721101763,0.5861418592929839,0.33321190208196627,0.0,0.005958881345457818,1.3333333333333333,0.0
ISIC_0034925,0,0,,450.0,0.18014408648014069,0.2547707211971283,0.8188472944498062,0.5640765732526779,0.0,0.0023920583550716165,1.3333333333333333,0.0
ISIC_0034926,0,0,,450.0,1.1618183851242065,0.19109248071908952,0.8312806898355484,0.6401882091164588,2.0987654320987655e-05,0.006409561966900673,1.3333333333333333,0.0
ISIC_0034927,0,0,,450.0,0.5862324833869934,0.16267103895545004,0.8781233346462249,0.715452295690775,6.17283950617284e-05,0.005433373638516802,1.3333333333333333,0.0
ISIC_0034928,0,0,,450.0,1.1938798427581787,0.2896634644269943,0.7880790537595749,0.49841558933258057,0.0009555555555555555,0.009722586256994438,1.3333333333333333,0.0
ISIC_0034930,0,0,,450.0,0.6938667297363281,0.3968989342451095,0.8569291549921035,0.460030220746994,3.3333333333333335e-05,0.006216355086604855,1.3333333333333333,0.0
ISIC_0034932,0,0,,450.0,0.172319233417511,0.25453257888555525,0.9852066814899445,0.7306741026043893,0.0003419753086419753,0.002921935827570569,1.3333333333333333,0.0
ISIC_0034934,0,0,,450.0,0.0860585942864418,0.04721342418342828,0.721216071844101,0.6740026476606726,0.0016962962962962962,0.003603348619818622,1.3333333333333333,0.0
ISIC_0034935,0,0,,450.0,0.22387097775936127,0.17221956759691237,0.754143721461296,0.5819241538643837,8.641975308641975e-06,0.0031873755223533915,1.3333333333333333,0.0
ISIC_0034936,0,1,low_contrast,450.0,0.38600629568099976,0.38756719827651975,0.768783700466156,0.3812165021896362,0.0,0.00385379186653402,1.3333333333333333,0.0
ISIC_0034937,0,1,low_contrast,450.0,1.2337156534194946,0.3368391951918602,0.7335440027713775,0.39670480757951737,2.469135802469136e-06,0.011190635193714512,1.3333333333333333,0.0
ISIC_0034938,0,0,,450.0,0.37709924578666687,0.15374297335743903,0.6981955152750015,0.5444525419175624,4.4444444444444447e-05,0.008153907065958834,1.3333333333333333,0.0
ISIC_0034939,0,1,low_contrast,450.0,0.9909265041351318,0.3378868308663368,0.7068661838769912,0.3689793530106544,3.580246913580247e-05,0.008307373298945315,1.3333333333333333,0.0
ISIC_0034941,0,0,,450.0,0.2248961180448532,0.24040267378091812,0.8169125068187714,0.5765098330378533,1.234567901234568e-06,0.0025614555926748105,1.3333333333333333,0.0
ISIC_0034942,0,0,,450.0,1.1991554498672485,0.2631278559565544,0.7323370283842087,0.46920917242765425,0.0,0.006525632369832538,1.3333333333333333,0.0
ISIC_0034945,0,0,,450.0,0.5274046659469604,0.22723446294665336,0.7138705104589462,0.48663604751229284,0.0,0.005434203716638715,1.3333333333333333,0.0
ISIC_0034947,0,1,low_contrast,450.0,0.4263876974582672,0.39145842850208284,0.719518985748291,0.32806055724620814,0.0,0.00649611594486387,1.3333333333333333,0.0
ISIC_0034948,0,0,,450.0,1.482702612876892,0.28706138432025907,0.8143118292093275,0.5272504448890685,3.7037037037037037e-06,0.012749312653091777,1.3333333333333333,0.0
ISIC_0034949,0,0,,450.0,0.46729570627212524,0.17019987419247626,0.9601159501075744,0.7899160759150982,0.000982716049382716,0.006109834564709415,1.3333333333333333,0.0
ISIC_0034950,0,0,,450.0,0.3843356966972351,0.2810802489519119,0.7500168824195862,0.4689366334676743,0.0,0.004626216399222176,1.3333333333333333,0.0
ISIC_0034951,1,1,overexposed;clipped,450.0,1.5159236192703247,0.5875715750455857,0.9667608648538589,0.37918928980827327,0.02319753086419753,0.007759755088266048,1.3333333333333333,0.0
ISIC_0034952,0,1,low_contrast,450.0,0.3336983323097229,0.4340691810846329,0.7969696044921875,0.3629004234075546,0.0,0.004783289472375469,1.3333333333333333,0.0
ISIC_0034953,1,0,clipped,450.0,1.5538856983184814,0.28896052688360213,0.9304226595163345,0.6414621326327323,0.02125432098765432,0.007136755383632212,1.3333333333333333,0.0
ISIC_0034954,0,1,low_contrast,450.0,0.5106537938117981,0.4321660912036896,0.7932685416936874,0.36110245048999784,0.0,0.0059627912646065375,1.3333333333333333,0.0
ISIC_0034955,0,0,,450.0,0.9221910238265991,0.17935799539089203,0.9174032682180404,0.7380452728271484,0.003192592592592593,0.005863723207495496,1.3333333333333333,0.0
ISIC_0034956,0,1,low_contrast,450.0,0.588056743144989,0.23355493515729905,0.6645864409208297,0.43103150576353066,1.234567901234568e-06,0.007607175696552389,1.3333333333333333,0.0
ISIC_0034957,0,0,,450.0,0.23348915576934814,0.28506838411092755,0.8188714814186097,0.5338030973076822,0.0,0.005051327054791094,1.3333333333333333,0.0
ISIC_0034958,0,0,,450.0,1.4942009449005127,0.16000142738223075,0.8539745730161666,0.6939731456339359,0.0002765432098765432,0.009168619141540744,1.3333333333333333,0.0
ISIC_0034959,0,0,,450.0,0.5776389837265015,0.2541703310608864,0.8711270582675933,0.6169567272067069,0.009944444444444445,0.007027668149620073,1.3333333333333333,0.0
ISIC_0034960,0,0,,450.0,2.0014164447784424,0.3174610224366188,0.88334437251091,0.5658833500742912,0.0,0.0072519821868972986,1.3333333333333333,0.0
ISIC_0034961,0,1,overexposed,450.0,1.013765573501587,0.4703042182326317,0.7737862610816956,0.3034820428490639,2.469135802469136e-06,0.006928682652703738,1.3333333333333333,0.0
ISIC_0034964,0,0,,450.0,0.11614241451025009,0.2005281475186348,0.7424917060136795,0.5419635584950447,3.209876543209876e-05,0.0035797840151905315,1.3333333333333333,0.0
ISIC_0034965,0,1,overexposed,450.0,1.8248939514160156,0.5089624309539795,0.7184548842906952,0.20949245333671562,0.0,0.010675792609275887,1.3333333333333333,0.0
ISIC_0034966,0,0,,450.0,0.14271020889282227,0.2326706913113594,0.794867844581604,0.5621971532702446,0.0,0.0026685800269811437,1.3333333333333333,0.0
ISIC_0034967,0,0,,450.0,0.46248510479927063,0.27192016303539274,0.7480597978830338,0.47613963484764105,0.0,0.004468749259782956,1.3333333333333333,0.0
ISIC_0034970,0,0,,450.0,1.348732590675354,0.20943135440349578,0.7698661053180694,0.5604347509145736,0.00030864197530864197,0.005604821677162637,1.3333333333333333,0.0
ISIC_0034972,0,0,,450.0,0.3160609304904938,0.18819534197449683,0.8569632983207702,0.6687679563462734,8.765432098765431e-05,0.003943912376742074,1.3333333333333333,0.0
ISIC_0034973,1,0,clipped,450.0,2.993618965148926,0.24561330407857895,0.8745102739334105,0.6288969698548316,0.05828271604938272,0.01145942586746523,1.3333333333333333,0.0
ISIC_0034974,0,1,overexposed,450.0,1.2502496242523193,0.4575397306680679,0.7343161988258362,0.2767764681577683,0.0,0.009508949070716996,1.3333333333333333,0.0
ISIC_0034976,0,0,,450.0,0.18304312229156494,0.2944576969742775,0.7959397488832474,0.5014820519089699,0.0,0.00412169296344721,1.3333333333333333,0.0
ISIC_0034978,0,1,overexposed,450.0,1.2310940027236938,0.50196020424366,0.6752588874101638,0.17329868316650388,0.0,0.011732052519934267,1.3333333333333333,0.0
ISIC_0034979,0,1,low_contrast,450.0,0.21425727009773254,0.3528484189510345,0.7431359946727752,0.3902875757217407,0.0,0.005740688798860155,1.3333333333333333,0.0
ISIC_0034980,0,1,low_contrast,450.0,1.5602514743804932,0.41400157868862153,0.6120262104272842,0.1980246317386627,0.0,0.012562207061650711,1.3333333333333333,0.0
ISIC_0034983,0,1,low_contrast,450.0,1.5021048784255981,0.3751496493816376,0.7679020565748215,0.3927524071931839,3.7037037037037037e-06,0.011255809288721682,1.3333333333333333,0.0
ISIC_0034984,0,1,low_contrast,450.0,0.8516587615013123,0.4218360388278961,0.7142851477861404,0.2924491089582443,0.0,0.00788224611414987,1.3333333333333333,0.0
ISIC_0034987,0,0,,450.0,0.5678930282592773,0.2070987047255039,0.6986367321014404,0.4915380273759365,0.0,0.006256637850034283,1.3333333333333333,0.0
ISIC_0034989,0,1,low_contrast,450.0,0.25705617666244507,0.27892922550439836,0.7173856455087662,0.4384564200043678,0.0,0.005847261918191875,1.3333333333333333,0.0
ISIC_0034991,0,0,,450.0,0.2113851010799408,0.20653399735689162,0.7072070240974426,0.500673026740551,0.00011234567901234568,0.00784501631723404,1.3333333333333333,0.0
ISIC_0034992,1,0,clipped,450.0,0.23806633055210114,0.1926821291446686,0.9015542018413544,0.7088720726966857,0.026417283950617283,0.0044852304177221206,1.3333333333333333,0.0
ISIC_0034993,1,0,blurred,450.0,0.03323770686984062,0.13056234002113343,0.7837719053030013,0.6532095652818679,0.0,0.002454287286985269,1.3333333333333333,0.005208333333333333
ISIC_0034995,0,0,,450.0,0.42771703004837036,0.23341769933700562,0.8870494723320007,0.6536317729949951,0.00015679012345679011,0.004860574867725396,1.3333333333333333,0.0
ISIC_0034996,0,0,,450.0,1.475791335105896,0.10785509139299393,0.6942150729894637,0.5863599815964697,0.0,0.007417409285736396,1.3333333333333333,0.0
ISIC_0034997,0,0,,450.0,1.677533507347107,0.13481044590473176,0.6874673420190811,0.5526568961143493,0.0,0.011177405017359615,1.3333333333333333,0.0
ISIC_0034998,0,0,,450.0,0.6320659518241882,0.10983229123055935,0.858624455332756,0.7487921641021966,2.469135802469136e-06,0.00548139262822324,1.3333333333333333,0.0
ISIC_0035000,0,1,low_contrast,450.0,1.7981491088867188,0.3569041973352432,0.7132211780548096,0.35631698071956636,0.00024938271604938274,0.009953656627808175,1.3333333333333333,0.0
ISIC_0035001,0,1,low_contrast,450.0,0.5694101452827454,0.3868927010893822,0.8287214279174804,0.4418287268280982,0.0,0.00491899447275049,1.3333333333333333,0.0
ISIC_0035002,0,1,low_contrast,450.0,0.23835355043411255,0.34836226314306257,0.7552244067192078,0.4068621435761452,0.0,0.005190068432392145,1.3333333333333333,0.0
ISIC_0035003,0,0,,450.0,0.1299990862607956,0.2021704576909542,0.6632260817289353,0.46105562403798106,0.0,0.004501883601290843,1.3333333333333333,0.0
ISIC_0035004,0,0,,450.0,1.4701706171035767,0.2793796446919441,0.8818250137567519,0.6024453690648078,0.0005246913580246914,0.009831952812372619,1.3333333333333333,0.0
ISIC_0035007,1,0,clipped,450.0,0.18217214941978455,0.06307736098766327,0.9382134675979614,0.8751361066102982,0.041754320987654324,0.0026156240730282484,1.3333333333333333,0.0
ISIC_0035009,0,0,,450.0,0.34736955165863037,0.2845705369114876,0.7676682591438293,0.4830977222323417,7.4074074074074075e-06,0.0037434211350536118,1.3333333333333333,0.0
ISIC_0035011,0,0,,450.0,0.34021079540252686,0.2932300263643265,0.7980883258581162,0.5048582994937897,0.0,0.003741102544994565,1.3333333333333333,0.0
ISIC_0035012,0,1,overexposed,450.0,6.772996425628662,0.6253594797849655,0.8896102941036225,0.26425081431865693,0.003238271604938272,0.020954396034928442,1.3333333333333333,0.0
ISIC_0035013,0,0,,450.0,0.2034437358379364,0.22637806475162506,0.7029677230119704,0.4765896582603454,0.0,0.0050772181706094,1.3333333333333333,0.0
ISIC_0035014,0,0,,450.0,1.4615075588226318,0.2313692183792591,0.690204295516014,0.4588350771367549,0.0,0.008382005922043842,1.3333333333333333,0.0
ISIC_0035019,0,0,,450.0,0.16119185090065002,0.2875493663549423,0.7546980047225952,0.46714863836765286,0.0,0.004417321078546503,1.3333333333333333,0.0
ISIC_0035022,0,0,,450.0,0.22636985778808594,0.2803244385123253,0.7444704711437226,0.46414603263139725,0.0,0.004805335928125131,1.3333333333333333,0.0
ISIC_0035023,0,1,low_contrast,450.0,0.3764963150024414,0.40084184318780897,0.6875816583633423,0.2867398151755333,0.0,0.005304571530126977,1.3333333333333333,0.0
ISIC_0035025,0,0,,450.0,0.1358267366886139,0.2508333507180214,0.718124492764473,0.4672911420464516,0.0,0.0048129999289858085,1.3333333333333333,0.0
ISIC_0035027,0,1,low_contrast,450.0,0.38315409421920776,0.34756104946136473,0.7847610837221145,0.43720003426074977,0.0,0.005376113173646392,1.3333333333333333,0.0
ISIC_0035029,0,1,low_contrast,450.0,1.1927677392959595,0.42572771430015566,0.7376426029205322,0.31191488862037653,0.0,0.007475210386332102,1.3333333333333333,0.0
ISIC_0035030,0,1,low_contrast,450.0,0.37985244393348694,0.36173802822828294,0.7646327573060989,0.402894729077816,1.234567901234568e-06,0.006071465525948835,1.3333333333333333,0.0
ISIC_0035031,0,0,,450.0,0.09057748317718506,0.18580685093998908,0.7249906611442566,0.5391838102042675,0.0,0.003794269537585574,1.3333333333333333,0.0
ISIC_0035032,0,0,,450.0,0.95781010389328,0.18168709680438042,0.8066228038072586,0.6249357070028781,1.234567901234568e-06,0.006950719608903538,1.3333333333333333,0.0
ISIC_0035033,0,1,overexposed,450.0,4.382863521575928,0.4549072101712227,0.8244574534893031,0.3695502433180804,1.1111111111111112e-05,0.008720205396488606,1.3333333333333333,0.0
ISIC_0035034,0,0,,450.0,0.36614277958869934,0.22310762882232665,0.7463771957159042,0.5232695668935776,0.0,0.00451543088395833,1.3333333333333333,0.0
ISIC_0035035,0,0,,450.0,0.4311423897743225,0.12587803915143014,0.8185665994882584,0.6926885603368282,3.7037037037037037e-06,0.0047579093329672435,1.3333333333333333,0.0
ISIC_0035036,0,0,,450.0,0.49628639221191406,0.19424836546182633,0.6719539773464203,0.47770561188459393,0.0,0.005535612245455001,1.3333333333333333,0.0
ISIC_0035037,0,1,low_contrast,450.0,1.067667841911316,0.4112115550041199,0.6493069124221802,0.23809535741806032,0.0,0.015246698797798072,1.3333333333333333,0.0
ISIC_0035038,0,0,,450.0,0.23403094708919525,0.198361859023571,0.7256016463041305,0.5272397872805594,0.0,0.003816468680067946,1.3333333333333333,0.0
ISIC_0035039,0,1,low_contrast,450.0,0.7631583213806152,0.3505548623204231,0.6748085528612137,0.32425369054079056,0.0,0.009114292968246653,1.3333333333333333,0.0
ISIC_0035040,0,1,low_contrast,450.0,2.5796334743499756,0.2519912531971931,0.6454313290119171,0.393440075814724,0.0,0.010776346244365706,1.3333333333333333,0.0
ISIC_0035042,0,0,,450.0,0.11443371325731277,0.3304382187128067,0.9267907500267027,0.596352531313896,8.271604938271605e-05,0.0039190456745364565,1.3333333333333333,0.0
ISIC_0035044,0,0,,450.0,0.3828355371952057,0.18987177431583405,0.7308126533031463,0.5409408789873122,2.469135802469136e-06,0.005188604383338261,1.3333333333333333,0.0
ISIC_0035045,0,0,,450.0,0.38767874240875244,0.15717230200767518,0.7188809245824813,0.5617086225748061,0.0,0.004222317689354427,1.3333333333333333,0.0
ISIC_0035049,0,1,low_contrast,450.0,0.2207585871219635,0.33152419328689575,0.7588926357030868,0.4273684424161911,0.0,0.00487637958364779,1.3333333333333333,0.0
ISIC_0035050,0,0,,450.0,0.877716064453125,0.2739629355072975,0.8178456962108612,0.5438827607035637,8.271604938271605e-05,0.007287623403914888,1.3333333333333333,0.0
ISIC_0035051,0,0,,450.0,0.40265512466430664,0.34404042214155195,0.853263167142868,0.509222745001316,0.0,0.004561038041971653,1.3333333333333333,0.0
ISIC_0035054,0,1,overexposed,450.0,2.1772727966308594,0.49643041521310804,0.7903840959072113,0.2939536806941032,0.0,0.009114259456743636,1.3333333333333333,0.0
ISIC_0035055,0,0,,450.0,0.919096827507019,0.2712062084674835,0.8319434767961501,0.5607372683286667,0.0011407407407407408,0.009524441236488851,1.3333333333333333,0.0
ISIC_0035056,0,1,low_contrast,450.0,0.16953402757644653,0.42111048102378845,0.7961076927185059,0.37499721169471745,0.0,0.005216607130890329,1.3333333333333333,0.0
ISIC_0035057,0,1,overexposed,450.0,0.9690420627593994,0.47706845700740813,0.7756203645467759,0.2985519075393677,0.0,0.008500060563616922,1.3333333333333333,0.0
ISIC_0035058,0,0,,450.0,0.9900517463684082,0.32721150130033494,0.8320662498474121,0.5048547485470771,0.006,0.01059367455458424,1.3333333333333333,0.0
ISIC_0035059,0,1,low_contrast,450.0,1.8321895599365234,0.3506732979416847,0.6122651189565659,0.26159182101488115,0.0,0.007966479403433074,1.3333333333333333,0.0
ISIC_0035060,0,0,,450.0,0.5693243741989136,0.2359234005212784,0.8345643401145935,0.5986409395933151,0.00014567901234567902,0.008385696656021388,1.3333333333333333,0.0
ISIC_0035063,0,0,,450.0,0.2743774354457855,0.2658803138136864,0.8755931353569031,0.6097128215432167,1.1111111111111112e-05,0.0042376627045710505,1.3333333333333333,0.0
ISIC_0035064,0,0,,450.0,0.3471854031085968,0.42743871569633485,0.9023891913890838,0.47495047569274895,0.014620987654320988,0.006872674964492048,1.3333333333333333,0.0
ISIC_0035067,0,1,overexposed,450.0,0.46088746190071106,0.4515300789475441,0.8314225298166275,0.37989245086908335,0.0,0.00743939756363128,1.3333333333333333,0.0
ISIC_0035068,0,1,clipped,450.0,0.47942405939102173,0.003921568859368563,0.8325662297010411,0.8286446608416725,0.10154320987654321,0.0019790039364043347,1.3333333333333333,0.005208333333333333
ISIC_0035072,0,0,,450.0,0.32689011096954346,0.13134241923689843,0.8184893500804901,0.6871469308435916,0.0001419753086419753,0.003996848282266212,1.3333333333333333,0.0
ISIC_0035073,1,0,clipped,450.0,0.2602282464504242,0.2937786629796028,0.8890936839580535,0.5953150209784508,0.02851975308641975,0.006391190799799332,1.3333333333333333,0.0
ISIC_0035075,0,1,overexposed,450.0,1.7288960218429565,0.5291993194818496,0.7718615978956221,0.24266227841377253,0.0,0.018626544059928363,1.3333333333333333,0.0
ISIC_0035077,0,1,low_contrast,450.0,0.6938515901565552,0.3453547817468643,0.7724840629100799,0.4271292811632156,0.0,0.006370594058424448,1.3333333333333333,0.0
ISIC_0035078,0,1,low_contrast,450.0,0.7432575225830078,0.36843979120254516,0.7825747191905975,0.41413492798805235,0.0,0.005906863325001038,1.3333333333333333,0.0
ISIC_0035081,0,0,,450.0,0.29261016845703125,0.07937157370150089,0.7650665247440338,0.685694951042533,0.0032790123456790123,0.004766789179981146,1.3333333333333333,0.0
ISIC_0035082,0,1,low_contrast,450.0,0.6316587328910828,0.3907048177719116,0.7572809869050979,0.3665761691331863,0.0,0.006855021399638609,1.3333333333333333,0.0
ISIC_0035083,0,0,,450.0,0.36513420939445496,0.19550771087408067,0.7049792927503585,0.5094715818762778,0.00022098765432098765,0.008320600715655303,1.3333333333333333,0.0
ISIC_0035084,0,0,,450.0,0.2734341323375702,0.22482752576470375,0.6976699656248092,0.47284243986010543,0.0,0.005145751386890046,1.3333333333333333,0.0
ISIC_0035087,0,1,low_contrast,450.0,0.8206235766410828,0.38394641071558,0.6971703678369522,0.3132239571213722,0.0,0.006770687065314497,1.3333333333333333,0.0
ISIC_0035088,0,1,low_contrast,450.0,0.6279746294021606,0.4341632643342018,0.7806261241436004,0.3464628598093986,0.0,0.006196560096957647,1.3333333333333333,0.0
ISIC_0035090,0,0,,450.0,0.512825071811676,0.24902193427085875,0.761506249308586,0.5124843150377273,0.0,0.004880646054818746,1.3333333333333333,0.0
ISIC_0035091,0,0,,450.0,1.6252460479736328,0.10633317098021507,0.6305274140834808,0.5241942431032657,0.0,0.005683508373152455,1.3333333333333333,0.0
ISIC_0035092,0,0,,450.0,0.1517765074968338,0.22250094801187514,0.8374902009963989,0.6149892529845238,0.0,0.0027689024806369115,1.3333333333333333,0.0
ISIC_0035093,0,0,,450.0,2.645724296569824,0.08966772712767124,0.7403022146224976,0.6506344874948263,0.004890123456790124,0.011978473525557993,1.3333333333333333,0.0
ISIC_0035096,0,0,,450.0,0.2537396550178528,0.307411418557167,0.7866771221160889,0.47926570355892184,0.0,0.005235649505517607,1.3333333333333333,0.0
ISIC_0035097,0,0,,450.0,0.4909750521183014,0.308180091381073,0.7582709646224975,0.45009087324142455,1.234567901234568e-06,0.005644061522304327,1.3333333333333333,0.0
ISIC_0035098,0,0,,450.0,1.2783900499343872,0.20347750037908555,0.7627540171146392,0.5592765167355537,0.00020864197530864198,0.008437976007841476,1.3333333333333333,0.0
ISIC_0035099,0,0,,450.0,0.27938029170036316,0.22951700299978256,0.7622383499145508,0.5327213469147682,0.0027975308641975307,0.005214665080295245,1.3333333333333333,0.0
ISIC_0035100,0,0,,450.0,0.2183934897184372,0.22161962687969208,0.6947590672969818,0.4731394404172897,1.234567901234568e-06,0.0053175808500643615,1.3333333333333333,0.0
ISIC_0035101,0,0,,450.0,0.5352523922920227,0.261777066886425,0.7120804834365845,0.4503034165501595,8.765432098765431e-05,0.004033180277497997,1.3333333333333333,0.0
ISIC_0035102,0,1,low_contrast,450.0,0.4117102324962616,0.2913472110033035,0.7144107508659363,0.4230635398626328,0.0,0.00576538357917458,1.3333333333333333,0.0
ISIC_0035103,0,1,low_contrast,450.0,0.44196903705596924,0.20816143229603767,0.6560751414299011,0.4479137091338634,0.0,0.006154228139199507,1.3333333333333333,0.0
ISIC_0035105,0,1,low_contrast,450.0,0.41483449935913086,0.37454956382513044,0.7163095021247864,0.34175993829965595,0.0,0.004582923733610625,1.3333333333333333,0.0
ISIC_0035106,0,0,,450.0,0.47268441319465637,0.2801178276538849,0.8441909384727477,0.5640731108188628,0.0001765432098765432,0.00463523470390046,1.3333333333333333,0.0
ISIC_0035109,0,0,,450.0,0.07917249202728271,0.16540311604738236,0.8684719049930572,0.7030687889456748,3.7037037037037037e-06,0.0022543991524094052,1.3333333333333333,0.0
ISIC_0035111,0,1,low_contrast,450.0,0.5013313293457031,0.3114373725652695,0.7286134165525436,0.41717604398727415,0.0,0.005390615372965826,1.3333333333333333,0.0
ISIC_0035112,0,1,overexposed,450.0,0.6403918862342834,0.49903552412986757,0.8623469877243042,0.3633114635944366,0.0,0.005713957394430443,1.3333333333333333,0.0
ISIC_0035115,0,1,low_contrast,450.0,3.0252504348754883,0.43024196207523346,0.6454061770439148,0.21516421496868132,0.0,0.019874315746305878,1.3333333333333333,0.0
ISIC_0035116,0,0,,450.0,0.5206012725830078,0.339296558201313,0.7914148092269897,0.4521182510256767,0.0,0.0045775813083495775,1.3333333333333333,0.0
ISIC_0035117,0,1,low_contrast,450.0,0.9348860383033752,0.42049224853515627,0.762270770072937,0.3417785215377807,0.0,0.0063455579413833965,1.3333333333333333,0.0
ISIC_0035118,0,0,,450.0,1.576108694076538,0.18537494122982026,0.9866177868843079,0.8012428456544877,0.004966666666666667,0.007131411982675011,1.3333333333333333,0.0
ISIC_0035119,0,1,overexposed,450.0,1.2827801704406738,0.5050188088417054,0.6995866453647613,0.19456783652305598,0.0,0.008745349782941291,1.3333333333333333,0.0
ISIC_0035120,0,0,,450.0,0.35555756092071533,0.11272879667580128,0.772670077085495,0.6599412804096937,2.0987654320987655e-05,0.003538502066044842,1.3333333333333333,0.0
ISIC_0035121,0,1,low_contrast,450.0,4.379738807678223,0.3172097444534302,0.6717854720354081,0.35457572758197786,0.0,0.010066348899297249,1.3333333333333333,0.0
ISIC_0035123,0,1,low_contrast,450.0,0.48214343190193176,0.42356266140937804,0.7860602355003357,0.3624975740909576,0.0,0.006530993414261706,1.3333333333333333,0.0
ISIC_0035125,0,0,,450.0,0.5997464060783386,0.23720593005418777,0.9006685811281204,0.6634626510739327,4.3209876543209875e-05,0.0059551366361288265,1.3333333333333333,0.0
ISIC_0035126,1,0,clipped,450.0,0.1484328955411911,0.24411194026470184,0.9510336250066757,0.7069216847419738,0.02094320987654321,0.002721107310139182,1.3333333333333333,0.0
ISIC_0035128,0,0,,450.0,0.6763436794281006,0.2540926659107208,0.8739436620473862,0.6198509961366654,1.4814814814814815e-05,0.004621467397259093,1.3333333333333333,0.0
ISIC_0035130,0,0,,450.0,1.7899504899978638,0.07303602509200573,0.8860993158817291,0.8130632907897234,0.0012777777777777779,0.00627983584430884,1.3333333333333333,0.0
ISIC_0035131,0,1,low_contrast,450.0,0.8555231094360352,0.37203040927648545,0.6686292290687561,0.29659881979227065,0.0,0.010041766276199028,1.3333333333333333,0.0
ISIC_0035132,0,1,low_contrast,450.0,0.23193715512752533,0.22956532731652257,0.6680360555648803,0.43847072824835776,0.0,0.004096953798348291,1.3333333333333333,0.0
ISIC_0035134,0,0,,450.0,0.6389436721801758,0.2651581937074661,0.7283623141050338,0.4632041203975677,7.4074074074074075e-06,0.009852830292835112,1.3333333333333333,0.0
ISIC_0035135,0,1,low_contrast,450.0,1.277396321296692,0.3669096976518631,0.7083286643028259,0.34141896665096283,0.0,0.012509698533518058,1.3333333333333333,0.0
ISIC_0035136,0,0,,450.0,0.17927391827106476,0.04215429782867432,0.882752611041069,0.8405983132123946,0.0003259259259259259,0.004247690232634531,1.3333333333333333,0.0
ISIC_0035137,1,0,clipped,450.0,0.10188830643892288,0.29824841022491455,0.9205890446901321,0.6223406344652176,0.03044567901234568,0.0026897169050128455,1.3333333333333333,0.0
ISIC_0035139,1,0,clipped,450.0,0.2717009484767914,0.12934700161218643,0.9790849685668945,0.849737966954708,0.07916296296296296,0.004615792026158601,1.3333333333333333,0.0
ISIC_0035145,1,1,low_contrast;clipped,450.0,0.6521788835525513,0.3840711775422096,0.8198779845237731,0.43580680698156354,0.020319753086419753,0.009244170323362656,1.3333333333333333,0.0
ISIC_0035147,0,1,overexposed,450.0,1.529780387878418,0.5568284922838211,0.8718264198303223,0.31499792754650113,9.876543209876543e-06,0.009221398912443803,1.3333333333333333,0.0
ISIC_0035148,0,0,,450.0,0.19062429666519165,0.372041397690773,0.8471631872653961,0.4751217895746231,0.0,0.00579486078056608,1.3333333333333333,0.0
ISIC_0035149,0,1,low_contrast,450.0,0.9202590584754944,0.4297843369841576,0.7852430653572082,0.35545872837305065,7.4074074074074075e-06,0.007323789803968739,1.3333333333333333,0.0
ISIC_0035151,0,0,,450.0,0.6191713213920593,0.34411172032356263,0.8152541148662567,0.471142394542694,8.641975308641975e-06,0.0069634745263054436,1.3333333333333333,0.0
ISIC_0035152,0,0,,450.0,0.17481236159801483,0.20943796560168265,0.8758170008659363,0.6663790352642536,0.00028024691358024693,0.002549229843130991,1.3333333333333333,0.0
ISIC_0035154,0,0,,450.0,1.0828202962875366,0.39488965839147566,0.935861347913742,0.5409716895222663,0.0003469135802469136,0.007605631288139402,1.3333333333333333,0.0
ISIC_0035160,0,1,overexposed,450.0,0.6982852220535278,0.5101930552721023,0.7765594089031218,0.26636635363101946,0.0,0.009277480498207378,1.3333333333333333,0.0
ISIC_0035161,0,1,low_contrast,450.0,0.9254828095436096,0.3682265502214432,0.7388402527570724,0.37061370253562925,0.0,0.006966863896496786,1.3333333333333333,0.0
ISIC_0035162,0,0,,450.0,1.576043963432312,0.30804465800523756,0.8045838475227356,0.49653918951749804,4.938271604938272e-06,0.0052327236908089395,1.3333333333333333,0.0
ISIC_0035163,0,0,,450.0,0.9123079180717468,0.12787210553884507,0.8711941051483154,0.7433219996094703,8.148148148148148e-05,0.008450410920860177,1.3333333333333333,0.0
ISIC_0035166,0,1,low_contrast,450.0,0.40415358543395996,0.31336393654346467,0.7109603762626647,0.39759643971920006,0.0,0.00379873770168206,1.3333333333333333,0.0
ISIC_0035167,0,0,,450.0,0.1846679151058197,0.23526621073484422,0.7304153949022292,0.49514918416738496,0.0,0.0054554755315017935,1.3333333333333333,0.0
ISIC_0035168,0,0,,450.0,0.24278150498867035,0.2691946530342102,0.8005661922693252,0.531371539235115,2.2222222222222223e-05,0.007670014904504612,1.3333333333333333,0.0
ISIC_0035172,0,1,overexposed,450.0,1.6715322732925415,0.5134128534793854,0.7905845719575881,0.27717171847820277,0.0,0.008681587950312233,1.3333333333333333,0.0
ISIC_0035173,0,1,low_contrast,450.0,0.4829593300819397,0.41207887589931486,0.7753598922491074,0.36328101634979254,0.0,0.005331639965012217,1.3333333333333333,0.033854166666666664
ISIC_0035176,0,1,overexposed,450.0,0.5066919922828674,0.5669293785095215,0.8393830019235611,0.27245362341403956,0.0,0.008219865459665451,1.3333333333333333,0.0
ISIC_0035177,0,0,,450.0,0.07550418376922607,0.02093633931130171,0.9507177186012268,0.9297813792899251,0.0006234567901234568,0.00337508105080632,1.3333333333333333,0.0
ISIC_0035179,0,0,,450.0,0.9575440287590027,0.08202972762286663,0.7686505270004272,0.6866207993775606,0.00511358024691358,0.004244392381719768,1.3333333333333333,0.0
ISIC_0035180,0,1,overexposed,450.0,1.1820350885391235,0.4944161081314087,0.8795289283990859,0.38511282026767724,4.3209876543209875e-05,0.00983979724090235,1.3333333333333333,0.0
ISIC_0035181,0,1,low_contrast,450.0,0.45735299587249756,0.38377602100372316,0.7565260404348373,0.37275001943111413,0.0,0.006020927228063524,1.3333333333333333,0.0
ISIC_0035182,0,1,low_contrast,450.0,0.5809780955314636,0.3870367106795311,0.6678229373693466,0.2807862266898155,0.0,0.007223285120631775,1.3333333333333333,0.0
ISIC_0035184,0,1,low_contrast,450.0,0.4024825990200043,0.23139995217323303,0.588120202422142,0.35672025024890897,0.0,0.006864845456947836,1.3333333333333333,0.0
ISIC_0035185,0,0,,450.0,1.0988878011703491,0.258151935338974,0.9329731786251066,0.6748212432861327,0.0014604938271604937,0.008613365788102829,1.3333333333333333,0.0
ISIC_0035186,0,1,overexposed,450.0,0.6084948778152466,0.5972643196582794,0.8201857513189316,0.22292143166065215,0.0,0.0057334242589114045,1.3333333333333333,0.0
ISIC_0035187,0,0,,450.0,0.10893714427947998,0.13586059287190438,0.9107554358243942,0.7748948429524898,1.1111111111111112e-05,0.001461125806951559,1.3333333333333333,0.0
ISIC_0035188,0,0,,450.0,0.17361867427825928,0.2068589885532856,0.7274908941984176,0.5206319056451321,0.0,0.004246628209146132,1.3333333333333333,0.0
ISIC_0035189,0,0,,450.0,0.5328994393348694,0.3539590972661972,0.8889331674575806,0.5349740701913834,0.0,0.00389380041979709,1.3333333333333333,0.0
ISIC_0035191,0,1,low_contrast,450.0,0.680424690246582,0.3408407837152481,0.7326033276319504,0.39176254391670223,0.0,0.006143665850491622,1.3333333333333333,0.0
ISIC_0035192,0,0,,450.0,0.2783569395542145,0.2901961246132851,0.7907152795791625,0.5005191549658774,0.0,0.005549968944373391,1.3333333333333333,0.0
ISIC_0035193,0,1,low_contrast,450.0,0.20195236802101135,0.34114773720502856,0.7300154972076416,0.388867760002613,0.0,0.005351664245121853,1.3333333333333333,0.0
ISIC_0035195,0,1,low_contrast,450.0,0.7855345010757446,0.2554655596613884,0.6424822878837584,0.38701672822237,0.0,0.006913764546800611,1.3333333333333333,0.0
ISIC_0035198,0,1,overexposed,450.0,0.7045528888702393,0.5159935015439987,0.7638917660713196,0.2478982645273209,0.0,0.00903765819117315,1.3333333333333333,0.0
ISIC_0035199,0,1,low_contrast,450.0,0.3671560287475586,0.3460889035463333,0.7325298035144805,0.3864408999681472,0.0,0.0046022470914224775,1.3333333333333333,0.0
ISIC_0035200,0,0,,450.0,0.9030581116676331,0.23597060427069663,0.843639121055603,0.6076685167849064,1.1111111111111112e-05,0.00536015096453173,1.3333333333333333,0.0
ISIC_0035201,0,1,low_contrast,450.0,0.36608192324638367,0.41276456564664843,0.7686652201414108,0.3559006544947624,0.0,0.00558791666496287,1.3333333333333333,0.0
ISIC_0035202,0,0,,450.0,2.9856135845184326,0.3718037015199661,0.9704271560907363,0.5986234545707702,0.0043407407407407405,0.006555825133294832,1.3333333333333333,0.0
ISIC_0035204,0,1,low_contrast,450.0,2.6565473079681396,0.41440479636192323,0.6691622698307037,0.25475747346878047,0.0,0.016407018982972504,1.3333333333333333,0.0
ISIC_0035206,0,0,,450.0,2.4744911193847656,0.3494339576363564,0.8681558126211165,0.5187218549847601,0.0005839506172839506,0.007206696504285275,1.3333333333333333,0.0
ISIC_0035207,0,0,,450.0,4.506097316741943,0.05860357854515314,0.7927534753084182,0.734149896763265,9.012345679012346e-05,0.01608158890014502,1.3333333333333333,0.0
ISIC_0035208,0,1,overexposed,450.0,1.0836457014083862,0.47595518320798874,0.7561439245939254,0.2801887413859367,0.0,0.008288388425239188,1.3333333333333333,0.0
ISIC_0035209,0,0,,450.0,0.1257527470588684,0.2712160512804985,0.7792882013320923,0.5080721500515938,0.0,0.004088439165443347,1.3333333333333333,0.0
ISIC_0035210,0,0,,450.0,0.6768211722373962,0.36144811123609544,0.8878954315185547,0.5264473202824592,0.00012962962962962963,0.005777968308028739,1.3333333333333333,0.0
ISIC_0035213,0,0,,450.0,0.2707695960998535,0.3876906728744507,0.8419783455133438,0.45428767263889314,1.234567901234568e-06,0.003836912391298655,1.3333333333333333,0.0
ISIC_0035214,0,1,low_contrast,450.0,0.6945772171020508,0.31748594433069227,0.7372509765624999,0.41976503223180767,0.0,0.005899890078540598,1.3333333333333333,0.0
ISIC_0035216,0,1,low_contrast,450.0,1.9546653032302856,0.3142588147521019,0.6907763719558715,0.3765175572037696,0.0001654320987654321,0.010843488821758953,1.3333333333333333,0.0
ISIC_0035217,0,0,,450.0,0.34251314401626587,0.1885232266783714,0.753991026878357,0.5654678001999855,0.0,0.002975209466924624,1.3333333333333333,0.0
ISIC_0035218,0,0,,450.0,1.0927071571350098,0.025694754999130962,0.9598866194486618,0.9341918644495308,0.00874567901234568,0.0061029642253937364,1.3333333333333333,0.0
ISIC_0035219,0,1,low_contrast,450.0,0.5766006708145142,0.1927255629003048,0.6120924907922745,0.41936692789196967,0.0,0.005584935572156094,1.3333333333333333,0.0
ISIC_0035220,0,0,,450.0,0.24846570193767548,0.06637568354606628,0.702270808815956,0.6358951252698898,4.938271604938272e-06,0.003819678071068385,1.3333333333333333,0.0
ISIC_0035222,0,1,low_contrast,450.0,0.3270396590232849,0.2984235256910324,0.6998681300878524,0.40144460439682,0.0,0.005487864160340518,1.3333333333333333,0.0
ISIC_0035224,0,0,,450.0,0.18453416228294373,0.07453384935855865,0.710588030219078,0.6360541808605193,3.7037037037037037e-06,0.004934398952343339,1.3333333333333333,0.0
ISIC_0035225,0,1,low_contrast,450.0,0.4673641622066498,0.2882671257853508,0.7144575119018555,0.42619038611650467,2.0987654320987655e-05,0.004652065870551774,1.3333333333333333,0.0
ISIC_0035227,0,1,low_contrast,450.0,0.31042253971099854,0.44587410628795626,0.8247632670402527,0.37888916075229645,0.0,0.005481082520584458,1.3333333333333333,0.0
ISIC_0035228,0,0,,450.0,1.0406582355499268,0.2836201164126396,0.7704576170444488,0.4868375006318092,0.0,0.0063125041762085886,1.3333333333333333,0.0
ISIC_0035229,0,0,,450.0,0.7834457755088806,0.12642428666353225,0.8043079388141632,0.677883652150631,0.00020864197530864198,0.005216955418561972,1.3333333333333333,0.0
ISIC_0035230,0,1,low_contrast,450.0,0.6724493503570557,0.33500334441661833,0.7015965640544891,0.3665932196378708,0.0,0.006346147214350728,1.3333333333333333,0.0
ISIC_0035231,0,1,low_contrast,450.0,0.56041020154953,0.42874628245830537,0.7798879015445709,0.3511416190862655,0.0,0.005762105865544183,1.3333333333333333,0.0
ISIC_0035234,0,0,,450.0,0.12550845742225647,0.279781166613102,0.7895588070154189,0.5097776404023169,0.0,0.0040503023651659534,1.3333333333333333,0.0
ISIC_0035235,0,0,,450.0,0.20485863089561462,0.19218499094247818,0.9529411792755127,0.7607561883330345,3.3333333333333335e-05,0.001420753963782719,1.3333333333333333,0.017578125
ISIC_0035236,0,0,,450.0,4.818819522857666,0.18086348682641984,0.7151622712612152,0.5342987844347954,0.0,0.011339166824600124,1.3333333333333333,0.0
ISIC_0035237,0,1,low_contrast,450.0,0.9577668309211731,0.2570516315102577,0.6928464990854263,0.43579486757516855,0.0,0.009386679927073255,1.3333333333333333,0.0
ISIC_0035238,0,1,low_contrast,450.0,0.6178444027900696,0.33785387873649597,0.6065359169244766,0.26868203818798064,0.0,0.007831397440767286,1.3333333333333333,0.0
ISIC_0035239,0,1,overexposed,450.0,1.4246394634246826,0.4598449394106865,0.7662533050775526,0.30640836566686613,4.938271604938272e-06,0.008166022117612887,1.3333333333333333,0.0
ISIC_0035240,0,1,low_contrast,450.0,0.6696903705596924,0.2552435183525085,0.691210235953331,0.43596671760082245,0.0,0.00731746590788374,1.3333333333333333,0.0
ISIC_0035241,0,0,,450.0,0.1550842523574829,0.1754669664800167,0.9660478132963181,0.7905808468163014,0.00701358024691358,0.0033238512989141496,1.3333333333333333,0.0
ISIC_0035244,0,0,,450.0,0.2650434374809265,0.17495444267988206,0.7606628268957137,0.5857083842158317,0.0,0.004108715688146285,1.3333333333333333,0.0
ISIC_0035245,0,1,low_contrast,450.0,0.22242288291454315,0.3978170788288116,0.6945463109016419,0.29672923207283025,0.0,0.0058971540746810686,1.3333333333333333,0.0
ISIC_0035247,0,1,overexposed,450.0,0.6567206978797913,0.5023338603973388,0.7496799337863922,0.24734607338905334,0.0,0.00712308548036371,1.3333333333333333,0.0
ISIC_0035250,0,0,,450.0,0.12616167962551117,0.3025092393159866,0.922172936797142,0.6196636974811554,0.0,0.002658532651367292,1.3333333333333333,0.0
ISIC_0035253,0,1,low_contrast,450.0,0.30056262016296387,0.2842617851495743,0.7263617473840713,0.44209996223449705,0.0,0.005113549253375957,1.3333333333333333,0.0
ISIC_0035255,0,1,low_contrast,450.0,3.959122896194458,0.16969510093331336,0.5788601601123808,0.4091650591790675,0.00011604938271604938,0.013075301101184293,1.3333333333333333,0.0
ISIC_0035256,0,0,,450.0,0.10863074660301208,0.12729954853653908,0.7592289757728576,0.6319294272363185,0.0,0.003987717416955582,1.3333333333333333,0.0
ISIC_0035257,0,0,,450.0,3.4380009174346924,0.08490211181342602,0.7928785043954849,0.7079763925820589,2.469135802469136e-06,0.010658411860141445,1.3333333333333333,0.0
ISIC_0035259,0,1,overexposed,450.0,0.3449598252773285,0.4976105958223343,0.8772762578725815,0.37966566205024715,0.0,0.005632771617364859,1.3333333333333333,0.0
ISIC_0035261,0,1,overexposed,450.0,2.33076548576355,0.463991074860096,0.682945156097412,0.21895408123731602,0.0,0.017620664344920198,1.3333333333333333,0.0
ISIC_0035264,0,1,low_contrast,450.0,1.5565487146377563,0.317183777987957,0.6401390945911407,0.3229553166031837,2.469135802469136e-06,0.009915791677988853,1.3333333333333333,0.0
ISIC_0035265,0,0,,450.0,0.19888678193092346,0.41276307821273805,0.8920419180393219,0.4792788398265838,0.0,0.003387201719299944,1.3333333333333333,0.0
ISIC_0035270,0,0,,450.0,0.550166666507721,0.3275414100289345,0.8928834164142608,0.5653420063853263,0.00012592592592592592,0.006310986512995832,1.3333333333333333,0.0
ISIC_0035271,0,0,,450.0,0.29411211609840393,0.10772447422146797,0.9327055537700653,0.8249810795485972,0.0004493827160493827,0.002976411275942016,1.3333333333333333,0.0
ISIC_0035273,0,1,low_contrast,450.0,0.7195253372192383,0.39091661751270296,0.8200868773460388,0.42917025983333584,0.0013135802469135802,0.008507439920490835,1.3333333333333333,0.0
ISIC_0035274,0,1,low_contrast,450.0,1.054398775100708,0.43594297230243684,0.6783676558732986,0.24242468357086178,0.0,0.010234387338916505,1.3333333333333333,0.0
ISIC_0035275,0,0,,450.0,0.18066756427288055,0.2838398736715317,0.9365380191802979,0.6526981455087661,2.469135802469136e-06,0.0032498640639755045,1.3333333333333333,0.0
ISIC_0035276,0,1,overexposed,450.0,0.44713157415390015,0.45775646567344663,0.826249229311943,0.36849276363849637,0.0,0.005515702712863405,1.3333333333333333,0.0
ISIC_0035277,0,1,low_contrast,450.0,0.8282797932624817,0.423983545601368,0.7149049776792525,0.29092143207788457,5.679012345679012e-05,0.006586057194505499,1.3333333333333333,0.0
ISIC_0035278,0,1,overexposed,450.0,0.5535598397254944,0.46229281187057497,0.7501067572832107,0.2878139454126358,1.234567901234568e-06,0.006945425572218991,1.3333333333333333,0.0
ISIC_0035281,0,1,low_contrast,450.0,2.4297173023223877,0.275505998134613,0.7066527605056763,0.43114676237106325,0.0,0.01005201670822157,1.3333333333333333,0.0
ISIC_0035282,0,0,,450.0,0.24608004093170166,0.34834434449672697,0.8140848416090012,0.4657404971122742,2.469135802469136e-06,0.004394002040770196,1.3333333333333333,0.0
ISIC_0035283,0,0,,450.0,0.6235483884811401,0.33070154666900636,0.8204397916793823,0.48973824501037594,0.0003148148148148148,0.00882452121295707,1.3333333333333333,0.0
ISIC_0035287,0,1,overexposed,450.0,3.6655163764953613,0.5103381949663163,0.8147973418235779,0.3044591468572616,0.0,0.008056734339939569,1.3333333333333333,0.0
ISIC_0035288,0,0,,450.0,0.3709729313850403,0.09390814438462257,0.7377844125032424,0.6438762681186199,0.0033259259259259258,0.006807220108763007,1.3333333333333333,0.0
ISIC_0035291,0,1,low_contrast,450.0,2.6387877464294434,0.4115909451246262,0.7805554795265197,0.36896453440189353,0.0,0.006759363431448821,1.3333333333333333,0.0
ISIC_0035293,0,0,,450.0,1.2545948028564453,0.2601321220397949,0.8023831230401992,0.5422510010004042,0.0,0.0076551425706949195,1.3333333333333333,0.0
ISIC_0035294,0,1,low_contrast,450.0,1.0223219394683838,0.2979044833779335,0.7070708197355269,0.40916633635759336,0.0,0.007155592910944188,1.3333333333333333,0.0
ISIC_0035295,0,0,,450.0,0.6023616790771484,0.21592169687151908,0.9280625504255294,0.7121408535540104,3.7037037037037037e-06,0.00548974683912598,1.3333333333333333,0.0
ISIC_0035296,0,0,,450.0,0.1998938024044037,0.20128701835870744,0.8424821519851684,0.641195133626461,9.876543209876543e-06,0.0029497025447198237,1.3333333333333333,0.0
ISIC_0035297,0,1,low_contrast,450.0,1.614243507385254,0.3366131627559662,0.7150248998403548,0.3784117370843886,0.0,0.008013742704401422,1.3333333333333333,0.0
ISIC_0035298,0,1,overexposed,450.0,0.4765297472476959,0.4511812549829483,0.7930560547113419,0.3418747997283936,0.0,0.006028823175476627,1.3333333333333333,0.0
ISIC_0035299,0,1,overexposed,450.0,1.0579935312271118,0.5449218380451203,0.7617199015617371,0.2167980635166168,0.0,0.009074981242675296,1.3333333333333333,0.0
ISIC_0035300,0,1,low_contrast,450.0,0.4049023687839508,0.38333227932453157,0.7883076751232146,0.4049753957986831,0.0,0.005705463500291605,1.3333333333333333,0.0
ISIC_0035301,0,1,low_contrast,450.0,0.5471876859664917,0.2690753424167633,0.6652983105182647,0.3962229681015014,0.0,0.006706711478355289,1.3333333333333333,0.0
ISIC_0035302,0,0,,450.0,0.6614731550216675,0.20271772369742394,0.7316278439760208,0.5289101202785969,0.0,0.004310357416500203,1.3333333333333333,0.0
ISIC_0035303,0,1,overexposed,450.0,0.5268515348434448,0.5002153539657592,0.7841777908802032,0.283962436914444,0.0,0.006824128774369981,1.3333333333333333,0.0
ISIC_0035304,0,0,,450.0,0.1666407734155655,0.27229484856128694,0.7537517803907394,0.4814569318294525,0.0,0.004444251831627802,1.3333333333333333,0.0
ISIC_0035305,1,0,clipped,450.0,0.18202023208141327,0.27509585887193677,0.9371320283412933,0.6620361694693565,0.02854938271604938,0.0038088690004136777,1.3333333333333333,0.0
ISIC_0035306,0,0,,450.0,0.19288094341754913,0.2754989317059517,0.7668236917257308,0.49132476001977915,1.234567901234568e-06,0.004206685014858904,1.3333333333333333,0.0
ISIC_0035307,0,0,,450.0,0.1797279268503189,0.2645643997192383,0.7632840728759765,0.49871967315673826,0.0,0.004304755030369848,1.3333333333333333,0.0
ISIC_0035309,0,0,,450.0,1.0832173824310303,0.32876012712717056,0.7807790189981461,0.4520188918709755,1.234567901234568e-06,0.011109778160436196,1.3333333333333333,0.0
ISIC_0035312,0,1,low_contrast,450.0,0.5265918970108032,0.3385417938232422,0.6847923415899276,0.34625054776668546,0.0,0.006621987879118884,1.3333333333333333,0.0
ISIC_0035313,0,1,low_contrast,450.0,0.9845669865608215,0.2968361037969589,0.7221254551410674,0.4252893513441085,4.567901234567901e-05,0.007742055869325813,1.3333333333333333,0.0
ISIC_0035314,0,0,,450.0,0.18618158996105194,0.23993033319711685,0.7658108222484589,0.525880489051342,0.0,0.004308324055211198,1.3333333333333333,0.0
ISIC_0035316,0,1,low_contrast,450.0,0.6120731830596924,0.2567611375451088,0.6930265170335769,0.43626537948846805,2.2222222222222223e-05,0.0061637773471988015,1.3333333333333333,0.0
ISIC_0035317,0,1,low_contrast,450.0,0.2054302841424942,0.3764845618605614,0.7494952404499053,0.37301067858934395,0.0,0.004012534641956462,1.3333333333333333,0.0
ISIC_0035318,0,1,overexposed,450.0,0.9992291331291199,0.5507086962461472,0.7535173255205154,0.20280862927436827,0.0,0.009991296044938291,1.3333333333333333,0.0
ISIC_0035319,0,1,low_contrast,450.0,3.4206085205078125,0.31713025242090226,0.6230857670307159,0.3059555146098137,0.0,0.01666348971888405,1.3333333333333333,0.0
ISIC_0035324,0,1,low_contrast,450.0,0.2911090850830078,0.36277164101600645,0.7661313420534134,0.4033597010374069,1.234567901234568e-06,0.004457442354762387,1.3333333333333333,0.0
ISIC_0035325,0,0,,450.0,0.787380039691925,0.2040900221467018,0.7063593792915344,0.5022693571448326,1.1111111111111112e-05,0.005620860604130617,1.3333333333333333,0.0
ISIC_0035327,0,1,low_contrast,450.0,2.5938308238983154,0.37019330501556397,0.6904052037000656,0.3202118986845017,0.00022469135802469136,0.011057828511282388,1.3333333333333333,0.0
ISIC_0035328,0,1,low_contrast,450.0,0.829343318939209,0.38615370631217955,0.7367287248373031,0.35057501852512357,0.0,0.005913996307345133,1.3333333333333333,0.0
ISIC_0035330,0,1,overexposed,450.0,1.6181532144546509,0.4824065157771111,0.9202614426612854,0.4378549268841743,0.004987654320987654,0.007602475247173566,1.3333333333333333,0.0
ISIC_0035332,0,1,overexposed,450.0,0.2600330710411072,0.47973292112350463,0.8341553902626038,0.35442246913909914,0.0,0.004748681917499089,1.3333333333333333,0.0
ISIC_0035333,0,1,low_contrast,450.0,0.6874632835388184,0.36251499861478803,0.797709988951683,0.43519499033689496,0.0,0.005436959781124387,1.3333333333333333,0.0
ISIC_0035334,0,1,low_contrast,450.0,1.1131598949432373,0.4389990726113319,0.8876527780294419,0.44865370541810995,6.172839506172839e-06,0.008449770247218205,1.3333333333333333,0.0
ISIC_0035335,0,0,,450.0,0.13444647192955017,0.19220819517970086,0.7350049984455108,0.5427968032658099,0.0,0.0038383676804848253,1.3333333333333333,0.0
ISIC_0035336,0,0,,450.0,0.3747938871383667,0.2874811863899231,0.845749037861824,0.5582678514719008,6.172839506172839e-06,0.003912223081103086,1.3333333333333333,0.0
ISIC_0035337,0,0,,450.0,0.1740185171365738,0.18915276899933814,0.7152465111017227,0.5260937421023846,0.0,0.004529628253005458,1.3333333333333333,0.0
ISIC_0035338,0,1,low_contrast,450.0,0.5510529279708862,0.44242276936769487,0.7897063493728638,0.3472835800051689,8.641975308641975e-06,0.007062438685819763,1.3333333333333333,0.0
ISIC_0035341,0,1,low_contrast,450.0,0.3927713632583618,0.3470227402448654,0.7076328927278518,0.3606101524829864,0.0,0.0064511526521061745,1.3333333333333333,0.0
ISIC_0035342,0,0,,450.0,0.28112372756004333,0.25963217854499815,0.7588610947132111,0.4992289161682129,0.0,0.004205554847448886,1.3333333333333333,0.0
ISIC_0035344,0,0,,450.0,0.2691233158111572,0.30720006465911864,0.7826447755098342,0.4754447108507156,0.0,0.004814274979219669,1.3333333333333333,0.0
ISIC_0035345,0,0,,450.0,1.103096842765808,0.16159175857901573,0.8233940821886062,0.6618023236095905,1.234567901234568e-06,0.006543379790666515,1.3333333333333333,0.0
ISIC_0035349,0,1,overexposed,450.0,0.9974629878997803,0.5104193794727325,0.9716287851333618,0.4612094056606293,0.0008802469135802469,0.0057268304284561755,1.3333333333333333,0.0
ISIC_0035350,0,0,,450.0,0.22554998099803925,0.20729120284318925,0.7542469000816345,0.5469556972384453,0.0,0.004480118670094552,1.3333333333333333,0.0
ISIC_0035351,0,0,,450.0,0.19740809500217438,0.27850304812192916,0.9088121592998505,0.6303091111779213,0.00030864197530864197,0.0027652998318079955,1.3333333333333333,0.0
ISIC_0035352,0,1,low_contrast,450.0,0.6680512428283691,0.32214688658714297,0.7439641624689102,0.4218172758817672,0.0,0.0062701458438931,1.3333333333333333,0.0
ISIC_0035353,0,0,,450.0,1.0463213920593262,0.3134471291303635,0.867081071138382,0.5536339420080185,0.008709876543209876,0.009676302131690025,1.3333333333333333,0.0
ISIC_0035356,0,1,low_contrast,450.0,0.31058526039123535,0.2649195948243141,0.6883308559656143,0.4234112611413002,0.0,0.004381382658279441,1.3333333333333333,0.0
ISIC_0035358,0,1,low_contrast,450.0,1.8422259092330933,0.31732449054718015,0.6451799136400221,0.327855423092842,0.0,0.009090929311623313,1.3333333333333333,0.0
ISIC_0035361,0,1,low_contrast,450.0,1.1646480560302734,0.3895836579799652,0.6751899349689483,0.2856062769889831,0.0,0.00813640681561407,1.3333333333333333,0.0
ISIC_0035362,0,1,low_contrast,450.0,3.3569016456604004,0.37862620383501056,0.7856234896183012,0.40699728578329064,0.0006135802469135803,0.011707466812249387,1.3333333333333333,0.0
ISIC_0035363,0,0,,450.0,0.5047067403793335,0.19667026668787002,0.7709625655412674,0.5742922988533974,9.135802469135802e-05,0.007576963002734103,1.3333333333333333,0.0
ISIC_0035365,0,0,,450.0,0.28493377566337585,0.2609008005261421,0.7654859399795532,0.5045851394534111,0.0,0.004625992432232018,1.3333333333333333,0.0
ISIC_0035366,0,0,,450.0,0.403050035238266,0.2819873854517937,0.7962904274463654,0.5143030419945717,0.0,0.0039892426314744565,1.3333333333333333,0.0
ISIC_0035367,0,1,low_contrast,450.0,0.5165592432022095,0.44204957664012906,0.756540510058403,0.3144909334182739,0.0,0.006425947870702719,1.3333333333333333,0.0
ISIC_0035368,0,1,low_contrast,450.0,0.48697513341903687,0.41068313986063004,0.845786360502243,0.43510322064161294,2.962962962962963e-05,0.004282629536607843,1.3333333333333333,0.0
ISIC_0035369,0,1,low_contrast,450.0,0.6164848208427429,0.4352427908778191,0.73292484998703,0.2976820591092109,0.0,0.00707033567225993,1.3333333333333333,0.0
ISIC_0035370,0,0,,450.0,0.2972329556941986,0.18129442438483237,0.8258034777641297,0.6445090533792973,0.0,0.0037479140540224993,1.3333333333333333,0.0
ISIC_0035373,0,0,,450.0,0.4104696214199066,0.13392978951334952,0.7013016998767853,0.5673719103634357,0.0,0.005259018217988156,1.3333333333333333,0.0
ISIC_0035375,0,0,,450.0,0.19526484608650208,0.1326079860329628,0.7089840364456177,0.5763760504126549,0.00014074074074074073,0.007105660270768615,1.3333333333333333,0.0
ISIC_0035378,0,0,,450.0,0.6383792757987976,0.3176080197095871,0.8500720423460006,0.5324640226364136,0.0010037037037037037,0.006912873694711961,1.3333333333333333,0.0
ISIC_0035379,0,0,,450.0,0.36464017629623413,0.19349899083375932,0.7575506675243378,0.5640516766905784,0.0,0.0037799064377957966,1.3333333333333333,0.0
ISIC_0035380,0,0,,450.0,0.6257972121238708,0.1740589639544487,0.6971247422695159,0.5230657783150672,0.00025185185185185185,0.005767492198220339,1.3333333333333333,0.0
ISIC_0035381,0,1,low_contrast,450.0,0.24145185947418213,0.34226849764585493,0.7328919446468353,0.39062344700098034,0.0,0.0034957230694542285,1.3333333333333333,0.0
ISIC_0035383,0,0,,450.0,0.3373892605304718,0.21954992190003395,0.7360636925697326,0.5165137706696986,0.0,0.005280309972849726,1.3333333333333333,0.0
ISIC_0035384,0,0,,450.0,0.3538273870944977,0.21486713066697122,0.7719342398643494,0.5570671091973782,0.0,0.007687654380538596,1.3333333333333333,0.0
ISIC_0035385,0,0,,450.0,0.14279086887836456,0.22508736133575438,0.8186727428436279,0.5935853815078735,0.0,0.0034057113177373474,1.3333333333333333,0.0
ISIC_0035386,0,0,,450.0,0.18171536922454834,0.22100915119051934,0.778086667060852,0.5570775158703327,0.0,0.0036287980728091536,1.3333333333333333,0.0
ISIC_0035387,0,1,overexposed,450.0,2.12131929397583,0.5157885229587555,0.8275276476144791,0.3117391246557235,4.814814814814815e-05,0.0159134926757844,1.3333333333333333,0.0
ISIC_0035390,0,0,,450.0,0.5456573367118835,0.28567283898591994,0.8313726186752319,0.5456997796893119,3.209876543209876e-05,0.0057928304935572425,1.3333333333333333,0.0
ISIC_0035391,0,0,,450.0,0.645233690738678,0.20745008885860444,0.83368257522583,0.6262324863672255,1.2345679012345678e-05,0.005727944684046548,1.3333333333333333,0.0
ISIC_0035394,0,0,,450.0,0.3161151707172394,0.23600951373577117,0.9507850438356399,0.7147755300998687,9.62962962962963e-05,0.004591964860595919,1.3333333333333333,0.0
ISIC_0035396,0,0,,450.0,0.4632490873336792,0.15671347558498383,0.6463393366336821,0.4896258610486983,0.0,0.004985802154192396,1.3333333333333333,0.0
ISIC_0035397,0,0,,450.0,6.788293838500977,0.18272134631872178,0.7222272115945813,0.5395058652758595,7.901234567901235e-05,0.016222765048077886,1.3333333333333333,0.0
ISIC_0035400,0,1,low_contrast,450.0,0.9839590787887573,0.42567282885313035,0.7050452935695648,0.27937246471643445,0.0,0.008090297092044202,1.3333333333333333,0.0
ISIC_0035401,0,0,,450.0,0.3388388752937317,0.336480368077755,0.8265669322013854,0.49008656412363044,1.8518518518518518e-05,0.006755927817453239,1.3333333333333333,0.0
ISIC_0035403,0,0,,450.0,0.20092235505580902,0.29920902490615847,0.8128495526313781,0.5136405277252196,0.0,0.004231813267887072,1.3333333333333333,0.0
ISIC_0035404,0,0,,450.0,0.10112348943948746,0.14458705738186836,0.7078355348110199,0.5632484774291515,0.0,0.0037078019486986484,1.3333333333333333,0.0
ISIC_0035405,0,0,,450.0,2.9211885929107666,0.21071930065751077,0.7424003636837005,0.5316810630261898,2.469135802469136e-06,0.008938355647630746,1.3333333333333333,0.0
ISIC_0035406,0,0,,450.0,0.29696711897850037,0.12197398267686367,0.6847442495822906,0.562770266905427,0.0,0.004759623511199459,1.3333333333333333,0.0
ISIC_0035407,0,1,overexposed,450.0,3.088632822036743,0.5385661196708679,0.7129098176956177,0.1743436980247498,0.0,0.014175746658308997,1.3333333333333333,0.0
ISIC_0035410,0,0,,450.0,0.3738895356655121,0.2749285128712654,0.9667639648914337,0.6918354520201683,0.0004493827160493827,0.004677210695271544,1.3333333333333333,0.0
ISIC_0035411,0,1,low_contrast,450.0,1.3893448114395142,0.4005381825566292,0.6490897601842879,0.24855157762765867,0.0,0.01638347489013583,1.3333333333333333,0.0
ISIC_0035412,0,1,low_contrast,450.0,0.9079990983009338,0.35787262678146364,0.7623797786235809,0.4045071518421172,1.234567901234568e-06,0.006216079621931511,1.3333333333333333,0.0
ISIC_0035414,0,0,,450.0,0.18652938306331635,0.2026537461578846,0.9126309764385223,0.7099772302806377,1.1111111111111112e-05,0.004120349829143058,1.3333333333333333,0.0
ISIC_0035416,0,1,overexposed,450.0,1.2651249170303345,0.5694487541913986,0.7777636474370956,0.20831489324569696,0.0,0.014746855984173085,1.3333333333333333,0.0
ISIC_0035419,0,0,,450.0,0.29976174235343933,0.14608144745230675,0.6958188647031784,0.5497374172508717,0.0,0.004188831739429128,1.3333333333333333,0.0
ISIC_0035420,0,0,,450.0,0.547117292881012,0.23780668303370475,0.6908060961961746,0.45299941316246983,4.938271604938272e-06,0.006095807471350343,1.3333333333333333,0.0
ISIC_0035421,0,1,low_contrast,450.0,0.9217218160629272,0.4373099914193153,0.8179890131950378,0.3806790217757225,0.0,0.006520742656426604,1.3333333333333333,0.0
ISIC_0035423,0,0,,450.0,0.8669256567955017,0.278068051636219,0.8470578008890151,0.568989749252796,0.00015061728395061728,0.0059187684716795145,1.3333333333333333,0.0
ISIC_0035425,0,1,low_contrast,450.0,0.25057539343833923,0.3264904800057411,0.7076788663864135,0.38118838638067243,0.0,0.005061921945737244,1.3333333333333333,0.0
ISIC_0035429,0,0,,450.0,0.6359628438949585,0.2093849466741085,0.7501698923110962,0.5407849456369878,0.0,0.004417344002098568,1.3333333333333333,0.0
ISIC_0035431,0,1,low_contrast,450.0,1.1942559480667114,0.4366397112607956,0.7100645554065703,0.2734248441457747,0.0,0.01523072968475608,1.3333333333333333,0.0
ISIC_0035432,0,0,,450.0,0.29787975549697876,0.11771810322999954,0.8983309060335158,0.7806128028035163,0.009766666666666667,0.003949028879119717,1.3333333333333333,0.0
ISIC_0035433,0,1,low_contrast,450.0,0.19104431569576263,0.4079220861196518,0.7640934187173843,0.35617133259773254,0.0,0.0036023930393426712,1.3333333333333333,0.0
ISIC_0035434,0,0,,450.0,0.18758219480514526,0.22748609349131585,0.9229409593343735,0.6954548658430576,0.0003530864197530864,0.005800446572557425,1.3333333333333333,0.0
ISIC_0035436,0,1,low_contrast,450.0,0.28472208976745605,0.37124488115310667,0.6974535346031189,0.3262086534500122,0.0,0.005873744111543985,1.3333333333333333,0.0
ISIC_0035437,0,0,,450.0,0.35928311944007874,0.26116507440805437,0.7856152439117431,0.5244501695036887,0.0,0.0038727575133347446,1.3333333333333333,0.0
ISIC_0035442,0,0,,450.0,1.633767008781433,0.21647802382707595,0.772442603111267,0.5559645792841911,4.4444444444444447e-05,0.0057407251542188524,1.3333333333333333,0.0
ISIC_0035443,0,1,overexposed,450.0,0.772678017616272,0.5555723255872727,0.769307010769844,0.21373468518257133,0.0,0.007188897896842971,1.3333333333333333,0.0
ISIC_0035444,0,0,,450.0,0.14313097298145294,0.2402462963759899,0.7409828531742095,0.5007365567982196,0.0,0.00335683566152878,1.3333333333333333,0.0
ISIC_0035445,0,0,,450.0,1.3476101160049438,0.3342923706769943,0.7848334562778473,0.450541085600853,0.0,0.007390885730408268,1.3333333333333333,0.0
ISIC_0035446,0,1,low_contrast,450.0,0.7601673603057861,0.4232521250844002,0.7423092901706696,0.3190571650862694,0.0,0.007199585338740941,1.3333333333333333,0.0
ISIC_0035447,0,1,low_contrast,450.0,1.7315593957901,0.33202829003334045,0.695526162981987,0.36349787294864655,0.0,0.01123147660680569,1.3333333333333333,0.0
ISIC_0035448,0,1,low_contrast,450.0,0.5405230522155762,0.3623440080881119,0.7079885935783384,0.34564458549022653,0.0,0.007199045825157594,1.3333333333333333,0.0
ISIC_0035449,1,0,clipped,450.0,0.22552965581417084,0.3072239717841148,0.8662377369403839,0.559013765156269,0.027996296296296297,0.0058288787555064205,1.3333333333333333,0.0
ISIC_0035450,0,0,,450.0,0.677111804485321,0.28277952075004575,0.8349506664276123,0.5521711456775665,3.7037037037037037e-06,0.005378177372476534,1.3333333333333333,0.0
ISIC_0035451,0,1,overexposed,450.0,6.0211710929870605,0.5253857642412185,0.7281603771448135,0.202774612903595,2.5925925925925925e-05,0.0251226595104153,1.3333333333333333,0.0
ISIC_0035453,0,1,low_contrast,450.0,0.4908466041088104,0.4451871258020401,0.8142569243907929,0.3690697985887528,0.0,0.005673386041426249,1.3333333333333333,0.0
ISIC_0035456,0,1,low_contrast,450.0,1.20145583152771,0.440609555542469,0.6916074323654174,0.25099787682294844,0.0,0.008733281030869003,1.3333333333333333,0.0
ISIC_0035460,0,0,,450.0,0.30360087752342224,0.10904121957719326,0.867312862277031,0.7582716426998377,0.00026296296296296294,0.0046634219753972535,1.3333333333333333,0.0
ISIC_0035461,0,1,low_contrast,450.0,0.6184757947921753,0.24052305296063423,0.6589490729570389,0.4184260199964046,0.0,0.01107433049579843,1.3333333333333333,0.0
ISIC_0035462,0,0,,450.0,0.08777196705341339,0.20779425516724587,0.8489277398586274,0.6411334846913814,0.0,0.004148782560335522,1.3333333333333333,0.0
ISIC_0035463,0,1,low_contrast,450.0,1.0788252353668213,0.33001858860254285,0.7673372513055801,0.4373186627030372,0.0,0.007956286810307618,1.3333333333333333,0.0
ISIC_0035469,0,1,low_contrast,450.0,0.340982586145401,0.30197787314653396,0.7064784389734268,0.4045005658268928,0.0,0.005181952429228831,1.3333333333333333,0.0
ISIC_0035470,0,0,,450.0,0.1617303341627121,0.2670390915870666,0.7570909738540649,0.49005188226699825,0.0,0.004510879463713493,1.3333333333333333,0.0
ISIC_0035471,0,0,,450.0,1.126139760017395,0.21380064025521278,0.7239834731817245,0.5101828329265117,3.3333333333333335e-05,0.008163792169060137,1.3333333333333333,0.0
ISIC_0035473,0,1,overexposed,450.0,0.5588054060935974,0.4987016686797142,0.7613197982311248,0.2626181295514106,0.0,0.008680834584443435,1.3333333333333333,0.0
ISIC_0035475,0,1,low_contrast,450.0,0.5567915439605713,0.4020222419500351,0.7582478660345077,0.35622562408447256,1.728395061728395e-05,0.0049744047614552036,1.3333333333333333,0.0
ISIC_0035476,1,0,clipped,450.0,0.5238417983055115,0.32439241945743563,0.8663236594200134,0.5419312399625777,0.0650432098765432,0.008858039617655454,1.3333333333333333,0.0
ISIC_0035477,0,1,low_contrast,450.0,1.523350715637207,0.4232450264692307,0.7331142807006836,0.30986925423145295,0.0,0.007814259637049924,1.3333333333333333,0.0
ISIC_0035478,0,0,,450.0,0.1415962129831314,0.21170930713415145,0.7413812053203582,0.5296718981862067,0.0,0.003452658088077755,1.3333333333333333,0.0
ISIC_0035479,0,0,,450.0,0.7662417888641357,0.32452322363853453,0.8608533585071564,0.5363301348686218,0.0053395061728395065,0.007784735343233344,1.3333333333333333,0.0
ISIC_0035481,0,0,,450.0,0.5935850143432617,0.15989795506000518,0.6790912592411041,0.519193304181099,0.0,0.00513678893933715,1.3333333333333333,0.0
ISIC_0035482,0,0,,450.0,1.1485568284988403,0.248802103549242,0.7306362646818161,0.48183416113257405,0.0,0.0059518377752850165,1.3333333333333333,0.0
ISIC_0035483,0,1,low_contrast,450.0,0.21157240867614746,0.29130118191242216,0.7350107598304748,0.44370957791805266,0.0,0.004692082273575079,1.3333333333333333,0.0
ISIC_0035484,0,0,,450.0,0.21799667179584503,0.19251620382070542,0.7663981449604034,0.5738819411396979,0.0,0.0038975345189823825,1.3333333333333333,0.0
ISIC_0035487,0,1,low_contrast,450.0,1.0509876012802124,0.3562267160415649,0.7521707010269165,0.3959439849853516,1.234567901234568e-06,0.00630322543008151,1.3333333333333333,0.0
ISIC_0035488,0,1,low_contrast,450.0,0.12456123530864716,0.29166764199733736,0.7257427930831909,0.43407515108585354,0.0,0.004500989505318691,1.3333333333333333,0.0
ISIC_0035490,0,1,low_contrast,450.0,0.9674476385116577,0.34837639302015305,0.7533380424976348,0.40496164947748176,0.0,0.005910100542389599,1.3333333333333333,0.0
ISIC_0035495,0,1,low_contrast,450.0,0.8355141878128052,0.2682523390650749,0.620469576716423,0.3522172376513481,0.0,0.006247202884500018,1.3333333333333333,0.0
ISIC_0035496,0,0,,450.0,0.28437814116477966,0.1939661042392254,0.8433013254404068,0.6493352212011814,0.019217283950617284,0.006603432394887608,1.3333333333333333,0.0
ISIC_0035497,0,0,,450.0,0.11926297098398209,0.29154362976551057,0.8064546823501586,0.5149110525846481,0.0,0.004105915452806694,1.3333333333333333,0.0
ISIC_0035499,0,1,overexposed,450.0,0.902346134185791,0.47569879502058027,0.7331943935155868,0.25749559849500653,0.0,0.008991484401125141,1.3333333333333333,0.0
ISIC_0035501,0,0,,450.0,0.16198508441448212,0.27010812252759936,0.7597176861763001,0.48960956364870073,0.0,0.004721575056464953,1.3333333333333333,0.0
ISIC_0035504,0,1,low_contrast,450.0,0.4857567846775055,0.3329892385005951,0.6923918730020523,0.3594026345014572,0.0,0.005393069497129067,1.3333333333333333,0.0
ISIC_0035505,0,0,,450.0,1.9050023555755615,0.3039432471990585,0.8099871706962586,0.5060439234972001,3.7037037037037037e-05,0.009600519995004999,1.3333333333333333,0.0
ISIC_0035506,0,0,,450.0,0.3722180426120758,0.2639688926935196,0.7866351932287216,0.5226663005352019,0.0,0.004330157795544963,1.3333333333333333,0.0
ISIC_0035507,0,0,,450.0,0.09358514100313187,0.24911656588315964,0.7902920246124268,0.5411754587292671,0.0,0.003599428868770633,1.3333333333333333,0.0
ISIC_0035509,1,0,clipped,450.0,0.312039315700531,0.3720542404055595,0.9468510848283768,0.5747968444228173,0.021650617283950617,0.0070651974756980734,1.3333333333333333,0.0
ISIC_0035512,0,1,low_contrast,450.0,0.22517773509025574,0.35355365186929705,0.7937103480100631,0.4401566961407661,1.234567901234568e-06,0.004557015448835257,1.3333333333333333,0.0
ISIC_0035515,0,0,,450.0,0.24732635915279388,0.1436401318013668,0.7800690335035324,0.6364289017021656,0.0,0.003894938556426201,1.3333333333333333,0.0
ISIC_0035516,0,0,,450.0,0.29898107051849365,0.16352712348103524,0.9176470041275024,0.7541198806464672,3.7037037037037037e-06,0.001905001507317369,1.3333333333333333,0.0
ISIC_0035517,0,1,low_contrast,450.0,1.6277130842208862,0.4039948153495789,0.7576050609350203,0.35361024558544146,0.0,0.01110303531901756,1.3333333333333333,0.0
ISIC_0035518,1,0,clipped,450.0,0.16037599742412567,0.200332358032465,0.9743071693181992,0.7739748112857342,0.07108148148148148,0.0017842036676844046,1.3333333333333333,0.0
ISIC_0035520,0,0,,450.0,0.14277328550815582,0.1880734805762768,0.8617473530769348,0.673673872500658,0.0,0.0028755566234551183,1.3333333333333333,0.0
ISIC_0035521,0,0,,450.0,0.10185164213180542,0.26513684570789336,0.7266554206609726,0.4615185749530792,0.0,0.0029860049919996695,1.3333333333333333,0.0
ISIC_0035522,0,0,,450.0,0.8924247622489929,0.34868805676698683,0.8255521255731583,0.47686406880617144,1.234567901234568e-06,0.007433450504325228,1.3333333333333333,0.0
ISIC_0035523,0,1,low_contrast,450.0,1.520987868309021,0.2182864712178707,0.6341528433561325,0.41586637213826183,0.0,0.008610497715362465,1.3333333333333333,0.0
ISIC_0035524,0,0,,450.0,0.2515416443347931,0.21798694133758545,0.6959765046834944,0.4779895633459089,0.0,0.0043794135134718705,1.3333333333333333,0.0
ISIC_0035525,0,0,,450.0,0.5711057782173157,0.3034959188103676,0.8064044815301894,0.5029085627198218,3.7037037037037037e-06,0.0035721099995376536,1.3333333333333333,0.0
ISIC_0035526,0,0,,450.0,0.4873062074184418,0.19890149161219597,0.7142406511306763,0.5153391595184803,3.7037037037037037e-06,0.00882156137923878,1.3333333333333333,0.0
ISIC_0035527,0,1,overexposed,450.0,0.9377222061157227,0.5001210278272629,0.7146227025985717,0.21450167477130888,0.0,0.007711193435187866,1.3333333333333333,0.0
ISIC_0035529,0,0,,450.0,0.418446809053421,0.23252298414707184,0.8329147964715957,0.6003918123245239,4.197530864197531e-05,0.004891687928682341,1.3333333333333333,0.0
ISIC_0035530,0,0,,450.0,0.18683457374572754,0.22929291814565658,0.7223340421915054,0.4930411240458489,0.0,0.004446122262300295,1.3333333333333333,0.0
ISIC_0035531,0,0,,450.0,0.6103419065475464,0.1532658991217613,0.7337618988752365,0.5804959997534751,0.0,0.005129163778853116,1.3333333333333333,0.0
ISIC_0035532,0,1,low_contrast,450.0,2.036273717880249,0.3392197459936142,0.7250211727619171,0.3858014267683029,0.0,0.014520960421634184,1.3333333333333333,0.0
ISIC_0035533,0,0,,450.0,0.6388969421386719,0.3053471064567566,0.7952127885818481,0.48986568212509146,3.7037037037037037e-06,0.0060521782916726575,1.3333333333333333,0.0
ISIC_0035534,0,0,,450.0,0.08596043288707733,0.20630250349640847,0.7848862528800964,0.578583749383688,0.0,0.0033673699558377894,1.3333333333333333,0.0
ISIC_0035536,0,1,low_contrast,450.0,0.9559118151664734,0.38089644819498064,0.6306439274549485,0.24974747925996782,0.0,0.00861973711268946,1.3333333333333333,0.0
ISIC_0035537,0,1,low_contrast,450.0,1.349623441696167,0.4422647601366043,0.8263717520236966,0.3841069918870923,0.00774320987654321,0.012861484178231039,1.3333333333333333,0.0
ISIC_0035539,0,0,,450.0,0.1512569934129715,0.18223003059625625,0.7340995168685913,0.551869486272335,0.0,0.004128356031192668,1.3333333333333333,0.0
ISIC_0035540,0,1,low_contrast,450.0,0.4655883312225342,0.4273999261856079,0.7525261300802231,0.32512620389461516,0.0,0.005964093112008619,1.3333333333333333,0.0
ISIC_0035542,0,0,,450.0,0.12847326695919037,0.32374835163354876,0.8166751056909561,0.4929267540574074,0.0,0.004156589205733842,1.3333333333333333,0.0
ISIC_0035543,0,0,,450.0,0.3307698369026184,0.1316267119348049,0.7682832396030426,0.6366565276682377,7.4074074074074075e-06,0.005122366364372573,1.3333333333333333,0.0
ISIC_0035546,0,0,,450.0,0.15524142980575562,0.20609592363238335,0.7921624737977981,0.5860665501654148,0.0,0.003604050224914303,1.3333333333333333,0.0
ISIC_0035548,0,1,low_contrast,450.0,1.127149224281311,0.3931557735800743,0.7087661021947861,0.3156103286147118,0.0,0.007897235926173588,1.3333333333333333,0.0
ISIC_0035550,0,0,,450.0,6.481465816497803,0.0801759023964405,0.7251409143209456,0.6449650119245052,0.00031851851851851854,0.015684266777262874,1.3333333333333333,0.0
ISIC_0035556,0,0,,450.0,1.0322215557098389,0.20507020026445388,0.8648528289794921,0.6597826287150382,4.938271604938272e-06,0.00895629491443381,1.3333333333333333,0.0
ISIC_0035557,1,0,clipped,450.0,0.7248630523681641,0.43949201941490174,0.9197966331243514,0.4803046137094497,0.021598765432098765,0.004420286940258413,1.3333333333333333,0.0
ISIC_0035558,0,0,,450.0,0.6980476379394531,0.2629552412033081,0.9606564158201217,0.6977011746168136,0.00041728395061728396,0.005871808866881367,1.3333333333333333,0.0
ISIC_0035559,0,1,low_contrast,450.0,0.4710363745689392,0.2498779748380184,0.6748519992828369,0.42497402444481847,0.0,0.005359703943823905,1.3333333333333333,0.0
ISIC_0035560,0,0,,450.0,0.22833511233329773,0.34867348819971083,0.8389680266380309,0.4902945384383201,0.0,0.0039058888534298877,1.3333333333333333,0.0
ISIC_0035563,1,1,overexposed;clipped,450.0,2.8150157928466797,0.4562762671709061,0.7893681508302689,0.3330918836593628,0.037991358024691356,0.013710570691565947,1.3333333333333333,0.0
ISIC_0035565,0,1,low_contrast,450.0,0.32290661334991455,0.37598560720682145,0.7434429067373276,0.36745729953050615,0.0,0.006157563677913423,1.3333333333333333,0.0
ISIC_0035566,0,1,low_contrast,450.0,0.862553060054779,0.2804148665070534,0.6618483227491377,0.38143345624208436,0.0,0.007012178544638554,1.3333333333333333,0.0
ISIC_0035567,0,2,overexposed;clipped,450.0,0.7039557099342346,0.48484130442142487,0.8719895482063293,0.3871482437849045,0.1355679012345679,0.009708307686727535,1.3333333333333333,0.0
ISIC_0035568,0,1,overexposed,450.0,1.0612317323684692,0.4542249545454979,0.7539617663621903,0.2997368118166924,0.0,0.007587481220148097,1.3333333333333333,0.0
ISIC_0035569,0,1,low_contrast,450.0,0.41110169887542725,0.4063293170928955,0.7448540925979614,0.33852477550506593,0.0,0.006269452130755942,1.3333333333333333,0.0
ISIC_0035570,0,1,low_contrast,450.0,1.2706454992294312,0.3736480513215065,0.6241585171222686,0.250510465800762,0.0,0.008471096241203346,1.3333333333333333,0.0
ISIC_0035571,0,0,,450.0,0.22488471865653992,0.16698945328593254,0.7926646894216537,0.6256752361357212,0.0,0.003917108728903358,1.3333333333333333,0.0
ISIC_0035573,0,0,,450.0,0.35871952772140503,0.18029473423957826,0.7794736874103545,0.5991789531707763,0.0,0.004189123686589361,1.3333333333333333,0.0
ISIC_0035574,0,1,low_contrast,450.0,1.611923098564148,0.35405789911746977,0.7900859105587005,0.4360280114412307,6.172839506172839e-06,0.009852367882743568,1.3333333333333333,0.0
ISIC_0035575,0,1,low_contrast,450.0,0.4124244749546051,0.42358665287494657,0.8340737664699555,0.4104871135950089,3.7037037037037037e-06,0.009657970367452301,1.3333333333333333,0.0
ISIC_0035576,0,1,overexposed,450.0,0.6519696116447449,0.5760841482877731,0.7966081327199935,0.22052398443222043,0.0,0.008187216649007527,1.3333333333333333,0.0
ISIC_0035577,0,1,low_contrast,450.0,1.3744521141052246,0.35390752941370013,0.7728976660966873,0.4189901366829872,0.004702469135802469,0.011858488774575479,1.3333333333333333,0.0
ISIC_0035578,0,0,,450.0,1.058804988861084,0.3306783699989319,0.8089466691017151,0.4782682991027832,0.0,0.005867524060785784,1.3333333333333333,0.0
ISIC_0035579,0,0,,450.0,0.9979422688484192,0.2899587786197662,0.7734077751636506,0.48344899654388435,2.469135802469136e-06,0.005956797125602684,1.3333333333333333,0.0
ISIC_0035580,0,0,,450.0,0.34920164942741394,0.21091066405177117,0.7149801313877105,0.5040694673359394,0.0,0.004686892193866157,1.3333333333333333,0.0
ISIC_0035581,0,0,,450.0,0.09672565758228302,0.22925832271575927,0.834457516670227,0.6051991939544678,9.876543209876543e-06,0.0028844046348615975,1.3333333333333333,0.0
ISIC_0035583,0,0,,450.0,0.4188416600227356,0.1705601066350937,0.6633976531028748,0.4928375464677811,2.839506172839506e-05,0.004098887973502661,1.3333333333333333,0.0
ISIC_0035584,0,0,,450.0,4.014509201049805,0.171689363270998,0.7715506660938262,0.5998613028228281,0.0005814814814814814,0.009766065311604028,1.3333333333333333,0.0
ISIC_0035585,0,0,,450.0,0.7061867117881775,0.3577875918149948,0.8334175777435302,0.4756299859285354,2.469135802469136e-06,0.005562545396254552,1.3333333333333333,0.0
ISIC_0035591,0,0,,450.0,0.21174363791942596,0.23192434459924696,0.7096295493841172,0.4777052047848702,0.0,0.0045777299257764295,1.3333333333333333,0.0
ISIC_0035592,0,0,,450.0,0.10953699052333832,0.20746977269649505,0.7523278909921646,0.5448581182956695,4.938271604938272e-06,0.004289621611263674,1.3333333333333333,0.0
ISIC_0035594,0,1,overexposed,450.0,0.993896484375,0.46419018268585205,0.8706856995820998,0.4064955168962478,0.000254320987654321,0.005679923706654838,1.3333333333333333,0.0
ISIC_0035596,0,1,low_contrast,450.0,0.29707470536231995,0.37973205268383026,0.7547422361373901,0.37501018345355985,0.0,0.005749194297723112,1.3333333333333333,0.0
ISIC_0035597,0,1,low_contrast,450.0,0.35146182775497437,0.33759732663631437,0.7019608020782471,0.3643634754419327,0.0,0.0042754530124275965,1.3333333333333333,0.0
ISIC_0035600,0,0,,450.0,0.41735196113586426,0.11080367244780064,0.6591260826587677,0.5483224102109671,0.0001382716049382716,0.0037484715056186222,1.3333333333333333,0.0
ISIC_0035601,0,0,,450.0,0.19277212023735046,0.251520716547966,0.9392081224918365,0.6876874059438705,0.0004037037037037037,0.003874645129417763,1.3333333333333333,0.0
ISIC_0035602,0,1,low_contrast,450.0,0.863907516002655,0.36629207611083986,0.773384917974472,0.4070928418636321,0.0,0.008728555499038743,1.3333333333333333,0.0
ISIC_0035603,0,1,low_contrast,450.0,0.8748602271080017,0.4240530374646187,0.8098401176929474,0.3857870802283287,0.0,0.007330126945114957,1.3333333333333333,0.0
ISIC_0035604,0,0,,450.0,0.1789017766714096,0.2449849697947502,0.7813927882909774,0.5364078184962271,0.0,0.004147829920277744,1.3333333333333333,0.0
ISIC_0035605,0,0,,450.0,0.4462812542915344,0.22197641909122467,0.8050709873437881,0.5830945682525634,1.234567901234568e-06,0.004961096404221813,1.3333333333333333,0.0
ISIC_0035606,0,1,low_contrast,450.0,1.394689679145813,0.3400686168670654,0.7277906501293182,0.3877220332622528,1.604938271604938e-05,0.009519097660746371,1.3333333333333333,0.0
ISIC_0035609,0,0,,450.0,0.22721754014492035,0.2698986357450485,0.8050844329595566,0.535185797214508,1.234567901234568e-06,0.003952948827370147,1.3333333333333333,0.0
ISIC_0035610,0,0,,450.0,0.1529034823179245,0.1492745691537857,0.8082368624210357,0.65896229326725,0.0,0.0027760186938508707,1.3333333333333333,0.0
ISIC_0035611,0,1,overexposed,450.0,0.5947468280792236,0.564257493019104,0.8654745233058929,0.3012170302867889,0.0,0.007763710415629203,1.3333333333333333,0.0
ISIC_0035612,0,0,,450.0,0.6352943181991577,0.20195685252547263,0.8672632527351379,0.6653064002096654,6.172839506172839e-06,0.005715387735143856,1.3333333333333333,0.0
ISIC_0035613,0,0,,450.0,0.3232771158218384,0.12742126747965812,0.678068755865097,0.5506474883854389,0.0,0.00494303267974355,1.3333333333333333,0.0
ISIC_0035614,0,0,,450.0,0.9571903944015503,0.2738443005084991,0.7401152539253235,0.4662709534168244,0.0,0.006588697484215221,1.3333333333333333,0.0
ISIC_0035615,0,0,,450.0,2.0468177795410156,0.1912400621175766,0.7326248115301132,0.5413847494125366,1.2345679012345678e-05,0.006719066795924013,1.3333333333333333,0.0
ISIC_0035617,0,1,low_contrast,450.0,0.49542006850242615,0.3770882585644722,0.7393232357501983,0.3622349771857261,0.0,0.006690524236142434,1.3333333333333333,0.0
ISIC_0035619,0,1,low_contrast,450.0,0.31048545241355896,0.3521723619103432,0.7697145825624465,0.41754222065210334,0.0,0.008162061016073623,1.3333333333333333,0.0
ISIC_0035622,0,1,overexposed,450.0,0.6655094623565674,0.47066473692655564,0.8527164417505264,0.3820517048239708,6.0493827160493825e-05,0.007019436087636336,1.3333333333333333,0.0
ISIC_0035623,1,0,clipped,450.0,0.8839151859283447,0.35329603612422944,0.9746656376123428,0.6213696014881134,0.02324567901234568,0.006593490611896842,1.3333333333333333,0.0
ISIC_0035625,0,0,,450.0,0.6272765398025513,0.0003224493883317333,0.8092724001407623,0.8089499507524306,0.0131,0.003157191689274417,1.3333333333333333,0.0
ISIC_0035626,0,1,low_contrast,450.0,0.6400338411331177,0.37144531548023224,0.7835805070400237,0.41213519155979145,1.1111111111111112e-05,0.004704144052640996,1.3333333333333333,0.0
ISIC_0035627,0,0,,450.0,1.1495112180709839,0.22536526516079902,0.7853364777565003,0.5599712125957013,0.00010493827160493828,0.005972368727794849,1.3333333333333333,0.0
ISIC_0035628,0,0,,450.0,1.5350323915481567,0.2871352428197861,0.7418816328048705,0.45474638998508443,3.08641975308642e-05,0.00986787399670025,1.3333333333333333,0.0
ISIC_0035629,0,0,,450.0,0.30859875679016113,0.18464381933212282,0.932529468536377,0.7478856492042542,1.234567901234568e-06,0.0032517092245240432,1.3333333333333333,0.0
ISIC_0035631,0,1,low_contrast,450.0,0.34022989869117737,0.3020357501506805,0.6239776110649108,0.32194186091423027,0.0,0.006646046140467465,1.3333333333333333,0.0
ISIC_0035632,0,0,,450.0,1.066933274269104,0.1714300672709942,0.7700701743364333,0.5986401070654391,7.037037037037036e-05,0.005776872854405232,1.3333333333333333,0.0
ISIC_0035633,0,0,,450.0,0.2966606616973877,0.10559406764805317,0.8905630958080292,0.784969028159976,6.172839506172839e-06,0.003244793958890006,1.3333333333333333,0.0
ISIC_0035634,0,0,,450.0,0.23559223115444183,0.0936702935397625,0.8564535993337631,0.7627833057940006,0.0,0.002880447487530021,1.3333333333333333,0.0
ISIC_0035635,0,1,low_contrast,450.0,0.7566424012184143,0.38817315101623534,0.743297374844551,0.3551242238283157,4.938271604938272e-06,0.012114640504371362,1.3333333333333333,0.0
ISIC_0035636,0,0,,450.0,0.17086325585842133,0.29767313301563264,0.7799564599990845,0.48228332698345183,0.0,0.005669696540442165,1.3333333333333333,0.0
ISIC_0035642,0,1,low_contrast,450.0,0.19854898750782013,0.3346994453668594,0.7348666673898696,0.4001672220230102,0.0,0.0036114329632277796,1.3333333333333333,0.0
ISIC_0035643,0,1,low_contrast,450.0,1.1550326347351074,0.43862939685583113,0.7192874711751936,0.2806580743193625,0.0,0.00803068729585665,1.3333333333333333,0.0
ISIC_0035644,0,1,low_contrast,450.0,0.44399935007095337,0.41484770089387896,0.7911922979354858,0.3763445970416069,0.0,0.005595092186210894,1.3333333333333333,0.0
ISIC_0035645,0,1,overexposed,450.0,1.9596357345581055,0.49183677792549135,0.7309120172262191,0.23907523930072777,0.0,0.012966613398124159,1.3333333333333333,0.0
ISIC_0035646,0,0,,450.0,0.4410364329814911,0.30762139916419984,0.8481847375631332,0.5405633383989333,0.0007592592592592592,0.008064957618617523,1.3333333333333333,0.0
ISIC_0035647,0,1,low_contrast,450.0,0.2216743677854538,0.3985959339141846,0.8139984565973282,0.4154025226831436,0.0,0.004674570159039471,1.3333333333333333,0.0
ISIC_0035648,0,1,low_contrast,450.0,0.3120121359825134,0.4025629049539566,0.7685210919380188,0.3659581869840622,0.0,0.004387041532454184,1.3333333333333333,0.0
ISIC_0035649,0,1,low_contrast,450.0,0.7820190191268921,0.3780652552843094,0.7927006995677948,0.41463544428348537,0.0,0.005777371416050734,1.3333333333333333,0.0
ISIC_0035651,0,0,,450.0,0.3460807204246521,0.24809642523527145,0.7359279602766036,0.48783153504133214,0.0,0.006341365337406976,1.3333333333333333,0.0
ISIC_0035652,0,0,,450.0,0.27633100748062134,0.2097981822490692,0.8178045505285263,0.6080063682794571,0.0,0.00469583753669514,1.3333333333333333,0.0
ISIC_0035654,0,0,,450.0,0.5514054298400879,0.18595838084816932,0.834413378238678,0.6484549973905087,0.0,0.004937765008036466,1.3333333333333333,0.0
ISIC_0035657,0,0,,450.0,0.06331022083759308,0.19358782425522805,0.9648013389110565,0.7712135146558284,0.006965432098765432,0.0029960236250265704,1.3333333333333333,0.0
ISIC_0035658,0,0,,450.0,0.43963754177093506,0.34669396936893465,0.8385144925117493,0.4918205231428146,0.0,0.004917028022572011,1.3333333333333333,0.0
ISIC_0035659,0,0,,450.0,0.4211580157279968,0.26072752445936204,0.832249299287796,0.571521774828434,0.0,0.0036661174485192603,1.3333333333333333,0.0
ISIC_0035660,0,0,,450.0,0.7526465058326721,0.21839949131011963,0.836966141462326,0.6185666501522064,0.0,0.0036507742095881254,1.3333333333333333,0.0
ISIC_0035661,0,1,overexposed,450.0,1.2338190078735352,0.5134680181741714,0.7027111369371414,0.18924311876296995,0.0,0.013136913507433411,1.3333333333333333,0.0
ISIC_0035663,0,0,,450.0,2.001283884048462,0.044079727046191675,0.7439488530158996,0.699869125969708,0.0011432098765432098,0.007064439622128054,1.3333333333333333,0.0
ISIC_0035664,0,0,,450.0,0.9955177903175354,0.21833237737417222,0.755129565000534,0.5367971876263617,2.469135802469136e-06,0.004974362795444811,1.3333333333333333,0.0
ISIC_0035665,0,0,,450.0,0.19627077877521515,0.15324542805552482,0.6675553953647614,0.5143099673092366,0.0,0.003784377750052328,1.3333333333333333,0.0
ISIC_0035669,0,0,,450.0,0.9347590804100037,0.20194314047694206,0.7884894776344299,0.5865463371574878,6.172839506172839e-06,0.006209645509671753,1.3333333333333333,0.0
ISIC_0035670,0,0,,450.0,0.10646071285009384,0.2390573291480541,0.8590327501296997,0.6199754209816456,0.0,0.00275528863862936,1.3333333333333333,0.0
ISIC_0035671,1,0,blurred,450.0,0.050475116819143295,0.0,0.7879644972085952,0.7879644972085952,0.01574074074074074,0.0027226390744828476,1.3333333333333333,0.0
ISIC_0035672,0,0,,450.0,0.7403161525726318,0.20661757320165633,0.7070821619033814,0.500464588701725,3.7037037037037037e-06,0.005927331553958864,1.3333333333333333,0.0
ISIC_0035673,0,0,,450.0,0.2592981457710266,0.17020037323236464,0.7162909072637558,0.5460905340313911,0.0,0.00436478580770362,1.3333333333333333,0.0
ISIC_0035674,0,0,,450.0,0.06595607846975327,0.15598581492900848,0.6553725600242615,0.499386745095253,0.0,0.0034929923557547723,1.3333333333333333,0.0
ISIC_0035675,0,0,,450.0,0.15485656261444092,0.3017932641506195,0.8272887396812438,0.5254954755306243,0.0,0.0040226794450910494,1.3333333333333333,0.0
ISIC_0035676,0,1,low_contrast,450.0,1.6453715562820435,0.36141034424304963,0.7262036383152003,0.36479329407215066,0.0004506172839506173,0.007707855615143152,1.3333333333333333,0.0
ISIC_0035677,0,0,,450.0,1.994503378868103,0.4090440219640732,0.862683972120285,0.45363995015621184,2.469135802469136e-06,0.005467908764486031,1.3333333333333333,0.0
ISIC_0035679,0,0,,450.0,0.6078766584396362,0.19045237496495246,0.8862796527147292,0.6958272777497767,0.0002666666666666667,0.006197756487417915,1.3333333333333333,0.0
ISIC_0035680,0,0,,450.0,0.07825879752635956,0.08221367627382278,0.744090576171875,0.6618768998980522,4.3209876543209875e-05,0.0026171482093856327,1.3333333333333333,0.0
ISIC_0035681,0,0,,450.0,0.08057760447263718,0.14240493416786193,0.6380197507143021,0.49561481654644013,0.0,0.0034663620368354637,1.3333333333333333,0.0
ISIC_0035682,0,1,low_contrast,450.0,0.3573627471923828,0.2753536182641983,0.7224766695499419,0.44712305128574364,0.0,0.0047260808180797555,1.3333333333333333,0.0
ISIC_0035684,0,0,,450.0,0.289196252822876,0.146635472625494,0.7276961368322372,0.5810606642067432,0.0,0.004191679533160192,1.3333333333333333,0.0
ISIC_0035685,0,1,low_contrast,450.0,1.9742001295089722,0.43781537503004075,0.8424930208921433,0.40467764586210253,4.938271604938272e-06,0.00811353491162534,1.3333333333333333,0.0
ISIC_0035686,0,0,,450.0,3.898604154586792,0.30604679852724076,0.8539600938558578,0.547913295328617,2.0987654320987655e-05,0.011525193281732583,1.3333333333333333,0.0
ISIC_0035688,0,0,,450.0,1.792006254196167,0.11616974845528602,0.8496742689609528,0.7335045205056667,0.0,0.008252433162774625,1.3333333333333333,0.0
ISIC_0035689,0,0,,450.0,0.1578880399465561,0.318454495370388,0.8304621994495391,0.5120077040791511,0.0,0.0032522291276647344,1.3333333333333333,0.0
ISIC_0035691,0,0,,450.0,0.23386406898498535,0.3825320839881897,0.876438547372818,0.4939064633846283,0.0,0.004833929160370719,1.3333333333333333,0.0
ISIC_0035692,1,0,clipped,450.0,0.43551158905029297,0.057863050401210786,0.9131568002700805,0.8552937498688697,0.027537037037037037,0.003264392854953233,1.3333333333333333,0.0
ISIC_0035694,0,0,,450.0,1.001604437828064,0.2093467941880226,0.8046368539333344,0.5952900597453118,0.00015925925925925927,0.0081681493418561,1.3333333333333333,0.0
ISIC_0035695,0,0,,450.0,0.38127201795578003,0.290194653570652,0.7797318387031555,0.48953718513250355,1.234567901234568e-06,0.005101130840159925,1.3333333333333333,0.0
ISIC_0035697,0,0,,450.0,0.20737607777118683,0.24048694372177123,0.7560823267698288,0.5155953830480575,0.0,0.004125326314515255,1.3333333333333333,0.0
ISIC_0035698,0,0,,450.0,0.3208761513233185,0.31236654698848726,0.7767402690649032,0.464373722076416,0.0,0.0047229914195851845,1.3333333333333333,0.0
ISIC_0035701,0,1,overexposed,450.0,2.4836132526397705,0.45436606138944624,0.8128255069255829,0.3584594455361366,3.3333333333333335e-05,0.00949153971447836,1.3333333333333333,0.0
ISIC_0035705,0,0,,450.0,0.23289117217063904,0.26966696470975876,0.7587953978776931,0.48912843316793436,0.0,0.00499501209960303,1.3333333333333333,0.0
ISIC_0035707,0,0,,450.0,1.8460053205490112,0.14482618540525435,0.9131879615783691,0.7683617761731147,2.469135802469136e-06,0.007771149150481133,1.3333333333333333,0.0
ISIC_0035708,0,0,,450.0,0.18433290719985962,0.0,0.6790140151977538,0.6790140151977538,0.017662962962962964,0.003527657893448743,1.3333333333333333,0.0
ISIC_0035709,0,0,,450.0,0.0884997621178627,0.2895245695114136,0.8167774373292923,0.5272528678178787,0.0,0.0034383772893985813,1.3333333333333333,0.0
ISIC_0035713,0,0,,450.0,0.475403755903244,0.20986491546034813,0.8319213253259659,0.6220564098656177,0.0,0.004580423622996278,1.3333333333333333,0.0
ISIC_0035715,0,1,low_contrast,450.0,3.247563362121582,0.41276859015226364,0.7594642627239226,0.346695672571659,2.469135802469136e-06,0.0160107309782533,1.3333333333333333,0.0
ISIC_0035716,0,0,,450.0,0.10555805265903473,0.0,0.7806576138734818,0.7806576138734818,0.0174,0.0034665517078483477,1.3333333333333333,0.0
ISIC_0035717,0,0,,450.0,2.1573143005371094,0.3142680141329765,0.9000829952955246,0.5858149811625482,8.641975308641975e-05,0.007688273785272572,1.3333333333333333,0.0
ISIC_0035718,0,0,,450.0,1.2679823637008667,0.27840433061122893,0.8596016329526901,0.5811973023414612,0.0009469135802469136,0.005309904416361609,1.3333333333333333,0.0
ISIC_0035719,0,0,,450.0,0.06464946269989014,0.20178086563944816,0.8452287870645523,0.6434479214251041,0.0,0.0028309265537095683,1.3333333333333333,0.0
ISIC_0035720,0,0,,450.0,1.5266246795654297,0.30811668902635575,0.8538314867019653,0.5457147976756096,9.876543209876543e-06,0.00636125888029122,1.3333333333333333,0.0
ISIC_0035721,0,0,,450.0,0.5747005343437195,0.12221586145460606,0.7436595118045807,0.6214436503499746,0.00015061728395061728,0.005405731446556684,1.3333333333333333,0.0
ISIC_0035722,0,1,low_contrast,450.0,0.8640552163124084,0.4199848499894142,0.7710208594799042,0.35103600949048996,0.0,0.005883287324094964,1.3333333333333333,0.0
ISIC_0035723,0,1,overexposed,450.0,1.4123584032058716,0.48788163512945176,0.7465763205289839,0.25869468539953216,2.469135802469136e-06,0.009953124034784386,1.3333333333333333,0.0
ISIC_0035725,0,0,,450.0,0.5516966581344604,0.24754468977451324,0.7188125747442246,0.4712678849697113,0.0,0.0058011960904131975,1.3333333333333333,0.0
ISIC_0035726,0,1,low_contrast,450.0,0.08282240480184555,0.23526234433054924,0.6557487308979034,0.42048638656735415,0.0,0.003949120821197793,1.3333333333333333,0.0
ISIC_0035727,0,0,,450.0,0.298417866230011,0.12820681422948838,0.7874314486980437,0.6592246344685553,0.0,0.0038791573412492158,1.3333333333333333,0.0
ISIC_0035729,0,1,overexposed,450.0,0.9956753849983215,0.5202214628458023,0.8581060254573821,0.33788456261157984,6.172839506172839e-06,0.0071452427488263226,1.3333333333333333,0.0
ISIC_0035730,0,0,,450.0,0.5860804915428162,0.0,0.786603443622589,0.786603443622589,0.01614074074074074,0.004543536285217282,1.3333333333333333,0.0
ISIC_0035733,0,1,low_contrast,450.0,0.34458035230636597,0.4431421446800232,0.8278176283836365,0.38467548370361326,0.0,0.005548027618231918,1.3333333333333333,0.0
ISIC_0035734,0,0,,450.0,0.22919335961341858,0.14344939574599266,0.8100042533874512,0.6665548576414585,0.003237037037037037,0.0028072396672918355,1.3333333333333333,0.0
ISIC_0035735,0,0,,450.0,1.155440092086792,0.06455436542630195,0.8102766793966293,0.7457223139703273,0.0007728395061728395,0.006397446987477504,1.3333333333333333,0.0
ISIC_0035736,0,0,,450.0,0.3150477409362793,0.1273531050980091,0.8242211109399795,0.6968680058419704,7.654320987654322e-05,0.006501597698244283,1.3333333333333333,0.0
ISIC_0035737,0,0,,450.0,2.9734480381011963,0.268114193379879,0.8114569634199142,0.5433427700400353,2.469135802469136e-06,0.00795620471405997,1.3333333333333333,0.0
ISIC_0035739,0,0,,450.0,0.4022691249847412,0.2393115484714508,0.7685054636001587,0.529193915128708,4.938271604938272e-06,0.00673748596899955,1.3333333333333333,0.0
ISIC_0035740,0,0,,450.0,0.1234932392835617,0.22236135870218277,0.7033368176221847,0.48097545892000193,0.0,0.003624703161879634,1.3333333333333333,0.0
ISIC_0035741,1,0,clipped,450.0,0.1640956550836563,0.05790252797305584,0.8713725805282593,0.8134700525552034,0.06351851851851852,0.003005381968095139,1.3333333333333333,0.0
ISIC_0035742,0,0,,450.0,0.13589996099472046,0.08201506502926349,0.7676764822006226,0.6856614171713591,0.0,0.0036749232939260537,1.3333333333333333,0.0
ISIC_0035745,0,0,,450.0,1.0261155366897583,0.2537402299046516,0.8092194604873657,0.5554792305827141,0.0,0.004963015231004872,1.3333333333333333,0.0
ISIC_0035746,0,0,,450.0,0.07415451854467392,0.0,0.7809591817855834,0.7809591817855834,0.016819753086419753,0.002623580741712618,1.3333333333333333,0.0
ISIC_0035748,0,0,,450.0,0.2632341682910919,0.07321673385798931,0.7852708840370177,0.7120541501790284,0.00013703703703703705,0.00547096438820263,1.3333333333333333,0.0
ISIC_0035750,0,0,,450.0,0.2050418108701706,0.15989127963781358,0.6322549045085907,0.4723636248707771,0.0,0.004012905412550316,1.3333333333333333,0.0
ISIC_0035753,0,1,low_contrast,450.0,0.3826282322406769,0.3818861085176468,0.7232824951410293,0.34139638662338245,0.0,0.006842787761604417,1.3333333333333333,0.0
ISIC_0035754,0,0,,450.0,4.094878673553467,0.38300534754991533,0.9218637543916701,0.5388584068417548,0.002380246913580247,0.013901693447573745,1.3333333333333333,0.0
ISIC_0035756,0,0,,450.0,0.4433448612689972,0.16603125646710395,0.784245325922966,0.6182140694558621,2.4691358024691357e-05,0.0047353389248705885,1.3333333333333333,0.0
ISIC_0035757,0,0,,450.0,6.079751491546631,0.15296497136354448,0.691747155189514,0.5387821838259695,0.0,0.017129324443126932,1.3333333333333333,0.0
ISIC_0035759,0,1,overexposed,450.0,0.3142620027065277,0.47841405123472214,0.9018236923217773,0.42340964108705514,0.0002691358024691358,0.0051738187758488844,1.3333333333333333,0.0
ISIC_0035760,1,0,blurred,450.0,0.04923100396990776,0.0,0.682319402694702,0.682319402694702,0.01698888888888889,0.002958928959162477,1.3333333333333333,0.0
ISIC_0035761,0,1,low_contrast,450.0,0.5245442390441895,0.33556048691272733,0.783772132396698,0.44821164548397063,8.641975308641975e-06,0.00425084903463346,1.3333333333333333,0.0
ISIC_0035763,0,0,,450.0,0.22609686851501465,0.19484557181596757,0.8119575899839401,0.6171120181679726,0.0,0.0033897396943647624,1.3333333333333333,0.0
ISIC_0035764,0,0,,450.0,1.156490445137024,0.221871996819973,0.731988832950592,0.510116836130619,0.0003469135802469136,0.005494680293620202,1.3333333333333333,0.0
ISIC_0035765,0,0,,450.0,1.0687836408615112,0.14381064042448996,0.7207654267549515,0.5769547863304615,4.814814814814815e-05,0.007652518091096432,1.3333333333333333,0.0
ISIC_0035767,1,0,blurred,450.0,0.048181094229221344,0.15986587911844252,0.8637859117984772,0.7039200326800347,0.0,0.002623300167071835,1.3333333333333333,0.0
ISIC_0035770,0,0,,450.0,0.6969466209411621,0.2528012040257454,0.7467788344621659,0.49397763043642046,0.0,0.004392791892232686,1.3333333333333333,0.0
ISIC_0035773,0,0,,450.0,0.06478908658027649,0.2191130532324314,0.9436801731586456,0.7245671199262143,8.641975308641975e-06,0.0031478097757124354,1.3333333333333333,0.0
ISIC_0035774,0,0,,450.0,0.08426889032125473,0.19105299517512322,0.7257514882087708,0.5346984930336476,0.0,0.0034213547151422876,1.3333333333333333,0.0
ISIC_0035776,0,0,,450.0,0.2955392897129059,0.09354921512305736,0.9196649521589279,0.8261157370358705,0.0004,0.00379594097481059,1.3333333333333333,0.0
ISIC_0035777,0,0,,450.0,0.09232925623655319,0.19152271568775178,0.7947601199150085,0.6032374042272567,0.0,0.00333470106589886,1.3333333333333333,0.0
ISIC_0035778,0,0,,450.0,0.15324948728084564,0.15533571779727937,0.7868024647235871,0.6314667469263077,1.234567901234568e-06,0.003564021662554643,1.3333333333333333,0.0
ISIC_0035779,0,0,,450.0,0.568393886089325,0.1838284909725189,0.6954298841953277,0.5116013932228087,0.0,0.005232159164170407,1.3333333333333333,0.0
ISIC_0035785,0,0,,450.0,0.268352210521698,0.26278528094291687,0.752418155670166,0.48963287472724915,0.0,0.0042267867832824465,1.3333333333333333,0.0
ISIC_0035787,0,0,,450.0,4.382252216339111,0.23100481510162352,0.7615715551376342,0.5305667400360107,0.0006962962962962963,0.010050915149605126,1.3333333333333333,0.0
ISIC_0035788,0,1,low_contrast,450.0,0.26123255491256714,0.32455994248390196,0.685298382639885,0.360738440155983,0.0,0.0047229153294928265,1.3333333333333333,0.068359375
ISIC_0035789,0,0,,450.0,0.45312073826789856,0.2305758149921894,0.8118042546510695,0.5812284396588802,1.234567901234568e-06,0.005588731547691712,1.3333333333333333,0.0
ISIC_0035790,0,0,,450.0,0.1656857281923294,0.30108165949583054,0.8805229663848877,0.5794413068890572,0.0,0.003030737316944528,1.3333333333333333,0.0
ISIC_0035791,0,0,,450.0,0.2146318405866623,0.1141252288967371,0.7508763986825943,0.6367511697858572,0.0,0.003555340645059786,1.3333333333333333,0.0
ISIC_0035792,0,1,low_contrast,450.0,0.09134301543235779,0.277834418118,0.7210840177536011,0.44324959963560107,0.0,0.003912697428993574,1.3333333333333333,0.0
ISIC_0035793,0,1,low_contrast,450.0,1.0708940029144287,0.2911901342868805,0.7331992799043655,0.442009145617485,0.00018271604938271605,0.004200039223814686,1.3333333333333333,0.0
ISIC_0035794,0,0,,450.0,0.13960973918437958,0.03144068717956543,0.709799365401268,0.6783586782217026,0.0004197530864197531,0.0038381404526824417,1.3333333333333333,0.0
ISIC_0035795,1,0,clipped,450.0,2.573575258255005,0.0,0.7220101594924926,0.7220101594924926,0.02205432098765432,0.01792661883398469,1.3333333333333333,0.0
ISIC_0035796,0,0,,450.0,0.22840465605258942,0.21696032360196113,0.8042844223976136,0.5873240987956524,0.0,0.0034159320597861326,1.3333333333333333,0.0
ISIC_0035798,0,0,,450.0,1.0499794483184814,0.1376069176197052,0.7711961680650711,0.6335892504453658,0.0,0.0030145878168825998,1.3333333333333333,0.0
ISIC_0035799,0,0,,450.0,0.7841291427612305,0.3055357587337494,0.7583487784862518,0.45281301975250243,0.0,0.009332279241050838,1.3333333333333333,0.0
ISIC_0035801,0,0,,450.0,1.150415062904358,0.2610195302963257,0.8506454467773437,0.589625916481018,0.0,0.004555712852092722,1.3333333333333333,0.0
ISIC_0035804,0,0,,450.0,0.10264511406421661,0.21552595794200896,0.8734351873397826,0.6579092293977737,7.4074074074074075e-06,0.0037284764663401797,1.3333333333333333,0.0
ISIC_0035805,0,0,,450.0,0.4731009900569916,0.24740173563361167,0.7142413449287414,0.4668396092951297,0.0,0.004433783236802055,1.3333333333333333,0.0
ISIC_0035806,0,0,,450.0,0.2763284146785736,0.39365767061710355,0.9121752101182937,0.5185175395011902,6.54320987654321e-05,0.0048359364201467055,1.3333333333333333,0.0
ISIC_0035808,0,0,,450.0,1.5538126230239868,0.22115874901413918,0.7149132871627808,0.4937545381486416,0.0,0.004642339890611066,1.3333333333333333,0.0
ISIC_0035809,0,0,,450.0,0.3197084367275238,0.04943974781781435,0.7878771853446961,0.7384374375268817,6.172839506172839e-06,0.0031144504320390065,1.3333333333333333,0.0
ISIC_0035810,0,0,,450.0,0.44718652963638306,0.18878723323345184,0.7428061759471893,0.5540189427137375,1.9753086419753087e-05,0.005376305756600402,1.3333333333333333,0.0
ISIC_0035811,0,0,,450.0,0.10329585522413254,0.0,0.711827467083931,0.711827467083931,0.01792222222222222,0.0036956349222639854,1.3333333333333333,0.0
ISIC_0035814,0,1,clipped,450.0,0.5547937750816345,0.25567336440086363,0.8672543561458588,0.6115809917449951,0.16657407407407407,0.002714529600463003,1.3333333333333333,0.0
ISIC_0035815,0,0,,450.0,0.2838982045650482,0.23724230349063874,0.7042260736227035,0.46698377013206477,0.0,0.004597106535152496,1.3333333333333333,0.0
ISIC_0035816,0,0,,450.0,0.5468846559524536,0.3092696288228035,0.8732898235321045,0.564020194709301,0.0,0.004565406635543639,1.3333333333333333,0.0
ISIC_0035817,0,0,,450.0,0.21031218767166138,0.17219808116555213,0.8061174339056014,0.6339193527400493,3.7037037037037037e-06,0.00397420075214498,1.3333333333333333,0.0
ISIC_0035821,0,1,overexposed,450.0,0.3270386755466461,0.5055953127145767,0.86661780834198,0.3610224956274033,0.0,0.005968823346664353,1.3333333333333333,0.0
ISIC_0035822,0,1,low_contrast,450.0,0.19701078534126282,0.273453363776207,0.7115364807844161,0.4380831170082091,3.7037037037037037e-06,0.004136788971218126,1.3333333333333333,0.0
ISIC_0035823,0,0,,450.0,0.3289256989955902,0.3098437508940697,0.7840263903141022,0.47418263942003247,0.0,0.004498484427902051,1.3333333333333333,0.0
ISIC_0035824,0,1,overexposed,450.0,0.4593832492828369,0.4953747269511223,0.8863784676790237,0.39100374072790145,0.0,0.005790677238939888,1.3333333333333333,0.0
ISIC_0035827,0,0,,450.0,0.6917188167572021,0.1566270363330841,0.7482603287696838,0.5916332924365997,3.209876543209876e-05,0.005366417749733957,1.3333333333333333,0.0
ISIC_0035829,0,0,,450.0,0.2217743843793869,0.25786528885364535,0.7539864665269851,0.49612117767333974,0.0,0.006598021118438044,1.3333333333333333,0.0
ISIC_0035830,0,0,,450.0,1.0297341346740723,0.22969769641757012,0.9028246456384659,0.6731269492208958,3.7037037037037037e-05,0.004557440878915066,1.3333333333333333,0.0
ISIC_0035831,0,1,low_contrast,450.0,0.46446681022644043,0.32884875923395157,0.7773124635219574,0.4484637042880058,0.0,0.00936080730562652,1.3333333333333333,0.0
ISIC_0035836,1,0,blurred,450.0,0.049685999751091,0.13837170377373695,0.7450468301773071,0.6066751264035701,0.0,0.002899899991282995,1.3333333333333333,0.0
ISIC_0035837,0,0,,450.0,1.4604493379592896,0.23738333314657212,0.7511415809392928,0.5137582477927207,0.0,0.004669045541938391,1.3333333333333333,0.0
ISIC_0035838,0,0,,450.0,0.18077720701694489,0.0,0.7289759749174118,0.7289759749174118,0.01661111111111111,0.003852120475131557,1.3333333333333333,0.0
ISIC_0035840,0,0,,450.0,0.3792344927787781,0.30119985699653623,0.8619592517614364,0.5607593947649001,0.0,0.004894780409768661,1.3333333333333333,0.0
ISIC_0035841,0,0,,450.0,0.07427410036325455,0.20248275369405747,0.8981541389226914,0.6956713852286339,0.0,0.003272003890412878,1.3333333333333333,0.0
ISIC_0035844,0,0,,450.0,0.16056349873542786,0.3360406577587128,0.8420435857772826,0.5060029280185698,0.0,0.004620315122289841,1.3333333333333333,0.0
ISIC_0035847,0,0,,450.0,0.6667953729629517,0.2929573267698288,0.7681761574745175,0.47521883070468873,0.00017901234567901234,0.009206689924563867,1.3333333333333333,0.0
ISIC_0035849,0,0,,450.0,0.15332946181297302,0.15657175213098526,0.6807212388515472,0.5241494867205619,0.0,0.0036963819933744325,1.3333333333333333,0.0
ISIC_0035852,0,1,low_contrast,450.0,3.8287994861602783,0.38125623762607574,0.7700797075033188,0.38882346987724303,1.604938271604938e-05,0.00809683942929398,1.3333333333333333,0.0
ISIC_0035853,0,0,,450.0,0.3269737660884857,0.24504895091056825,0.8192284697294235,0.5741795188188553,0.0,0.0031336557543628625,1.3333333333333333,0.0
ISIC_0035854,0,1,low_contrast,450.0,0.1820060908794403,0.3352834850549698,0.7390596181154251,0.4037761330604553,0.0,0.004602949481566989,1.3333333333333333,0.0
ISIC_0035855,0,1,overexposed,450.0,0.40293067693710327,0.4590886816382408,0.8137386828660964,0.3546500012278556,0.0,0.006986335462429331,1.3333333333333333,0.0
ISIC_0035856,0,0,,450.0,0.33265724778175354,0.2825264710187912,0.7500918263196944,0.4675653553009032,0.0,0.004408196843209801,1.3333333333333333,0.0
ISIC_0035858,1,0,blurred,450.0,0.036812566220760345,0.0,0.7088369393348694,0.7088369393348694,0.01915185185185185,0.0023391460581617053,1.3333333333333333,0.0
ISIC_0035859,0,0,,450.0,0.17611779272556305,0.16356965601444245,0.8484565210342407,0.6848868650197983,3.7037037037037037e-06,0.003953993278669756,1.3333333333333333,0.0
ISIC_0035861,0,0,,450.0,0.23297344148159027,0.14731878504157067,0.7171742862462996,0.5698555012047289,0.0,0.004173772113183177,1.3333333333333333,0.0
ISIC_0035866,0,1,low_contrast,450.0,0.37819403409957886,0.3878817272186279,0.7185463333129882,0.3306646060943603,0.0,0.0071197932732479825,1.3333333333333333,0.0
ISIC_0035867,0,1,low_contrast,450.0,0.3004094362258911,0.2789497220516205,0.6856514132022857,0.40670169115066523,0.0,0.006257103049083126,1.3333333333333333,0.0
ISIC_0035868,0,0,,450.0,0.14592468738555908,0.060825373977422714,0.7425099980831146,0.6816846241056919,0.00024814814814814816,0.003281814303908219,1.3333333333333333,0.0
ISIC_0035870,0,0,,450.0,0.10333342105150223,0.09343372672796249,0.9480699825286865,0.854636255800724,8.888888888888889e-05,0.0027067483723515772,1.3333333333333333,0.0
ISIC_0035871,0,0,,450.0,0.18194402754306793,0.26262314945459364,0.8948496162891388,0.6322264668345452,1.234567901234568e-06,0.003987803516012953,1.3333333333333333,0.0
ISIC_0035872,0,0,,450.0,0.47233787178993225,0.19381823256611824,0.7461491203308105,0.5523308877646922,0.0,0.004963663328227708,1.3333333333333333,0.0
ISIC_0035873,0,0,,450.0,0.28886517882347107,0.0,0.8767180478572846,0.8767180478572846,0.012437037037037036,0.004374189486586893,1.3333333333333333,0.0
ISIC_0035874,0,1,overexposed,450.0,0.8382209539413452,0.47181893467903135,0.9111102318763732,0.43929129719734183,6.54320987654321e-05,0.005941570173369209,1.3333333333333333,0.0
ISIC_0035875,0,0,,450.0,1.1592825651168823,0.32967771410942076,0.7804741567373276,0.4507964426279068,0.0,0.003910598578482097,1.3333333333333333,0.0
ISIC_0035876,0,1,low_contrast,450.0,2.8722100257873535,0.42534314751625063,0.8496159505844116,0.424272803068161,0.0003160493827160494,0.00890903704524344,1.3333333333333333,0.0
ISIC_0035877,0,1,low_contrast,450.0,1.1081193685531616,0.28049362391233446,0.7109885048866271,0.43049488097429267,0.0,0.006464968077612444,1.3333333333333333,0.0
ISIC_0035878,0,0,,450.0,0.5840437412261963,0.20125539138913154,0.8790652084350585,0.677809817045927,9.135802469135802e-05,0.007336442377501362,1.3333333333333333,0.0
ISIC_0035880,0,1,overexposed,450.0,0.5259740948677063,0.46652577966451647,0.7442773610353469,0.27775158137083045,0.0,0.006536560326476512,1.3333333333333333,0.0
ISIC_0035881,0,0,,450.0,0.5185195207595825,0.1888498955965042,0.789274570941925,0.6004246753454208,3.580246913580247e-05,0.006371960578045016,1.3333333333333333,0.0
ISIC_0035882,0,1,low_contrast,450.0,0.6296886205673218,0.44819133549928664,0.7557163256406784,0.30752499014139173,1.234567901234568e-06,0.006318780404833083,1.3333333333333333,0.0
ISIC_0035884,0,0,,450.0,1.408556342124939,0.2580053260922432,0.8137208497524261,0.555715523660183,0.0,0.004554287325853182,1.3333333333333333,0.0
ISIC_0035885,1,0,blurred,450.0,0.055767130106687546,0.0,0.7826555526256561,0.7826555526256561,0.017697530864197532,0.0026137108190125535,1.3333333333333333,0.0
ISIC_0035887,0,0,,450.0,0.433738112449646,0.10636086843907833,0.7815340632200241,0.6751731947809457,9.876543209876543e-06,0.006726471755551085,1.3333333333333333,0.0
ISIC_0035889,0,0,,450.0,0.21357353031635284,0.10421219825744629,0.7054343992471694,0.6012222009897231,0.0,0.004058053533745227,1.3333333333333333,0.0
ISIC_0035890,0,1,low_contrast,450.0,0.3845129907131195,0.37596960216760633,0.7945712417364119,0.4186016395688056,0.0,0.005227538352766775,1.3333333333333333,0.0
ISIC_0035891,0,1,low_contrast,450.0,0.3298723101615906,0.3856038296222687,0.7755877596139907,0.38998392999172204,0.0,0.004711134234996976,1.3333333333333333,0.0
ISIC_0035893,0,0,,450.0,0.17958299815654755,0.14399076849222184,0.803591696023941,0.6596009275317192,0.00010987654320987654,0.0027830257335472704,1.3333333333333333,0.064453125
ISIC_0035894,0,0,,450.0,0.14814379811286926,0.0,0.7317440807819366,0.7317440807819366,0.016764197530864198,0.0031242243947212814,1.3333333333333333,0.0
ISIC_0035896,1,0,clipped,450.0,0.3172833025455475,0.191512119024992,0.994139500260353,0.802627381235361,0.023785185185185184,0.003801333203346424,1.3333333333333333,0.0
ISIC_0035897,0,0,,450.0,1.2329802513122559,0.27817400187253954,0.766620923280716,0.4884469214081764,0.0,0.0075448814537261355,1.3333333333333333,0.0
ISIC_0035899,0,0,,450.0,0.44493019580841064,0.2715929356217384,0.7459011310338974,0.474308195412159,0.0,0.007359076134555995,1.3333333333333333,0.0
ISIC_0035901,0,1,low_contrast,450.0,1.4055516719818115,0.3979780179262161,0.7330092459917068,0.3350312280654907,2.469135802469136e-06,0.007191461147451354,1.3333333333333333,0.0
ISIC_0035905,1,0,blurred,450.0,0.057952553033828735,0.27358006715774535,0.9460694175958634,0.672489350438118,0.0009246913580246913,0.0024960698117850906,1.3333333333333333,0.0
ISIC_0035907,0,1,low_contrast,450.0,0.10553885996341705,0.2742833250761032,0.7143961662054061,0.44011284112930293,0.0,0.0038606740652500572,1.3333333333333333,0.0
ISIC_0035909,0,0,,450.0,0.9565147757530212,0.1941879203915596,0.7719157934188843,0.5777278730273246,0.0,0.006177163728282593,1.3333333333333333,0.0
ISIC_0035914,0,0,,450.0,0.4572846591472626,0.04257589355111122,0.802979691028595,0.7604037974774838,0.0011074074074074074,0.005774702580172233,1.3333333333333333,0.0
ISIC_0035915,0,0,,450.0,0.10498566180467606,0.0,0.7623018717765808,0.7623018717765808,0.012546913580246913,0.002820653639229991,1.3333333333333333,0.0
ISIC_0035916,0,0,,450.0,0.27523478865623474,0.31646687656641004,0.7910792553424835,0.47461237877607343,0.0,0.004389886091914404,1.3333333333333333,0.0
ISIC_0035917,0,0,,450.0,0.0750884860754013,0.08708044193685055,0.9422106182575226,0.855130176320672,0.0011024691358024691,0.003538061954402953,1.3333333333333333,0.0
ISIC_0035918,0,1,low_contrast,450.0,1.0144472122192383,0.3145592561364174,0.716224181652069,0.40166492551565164,0.0,0.007153195562150608,1.3333333333333333,0.0
ISIC_0035920,0,0,,450.0,0.3680259585380554,0.09009069971740245,0.9504671418666839,0.8603764421492814,0.0032518518518518517,0.003978675022702407,1.3333333333333333,0.0
ISIC_0035922,0,0,,450.0,0.4382174611091614,0.06985468186438083,0.7977483189105987,0.7278936370462179,0.0002,0.006051111168123782,1.3333333333333333,0.0
ISIC_0035924,0,1,low_contrast,450.0,1.0010324716567993,0.3513785108923912,0.7976749163866043,0.44629640549421307,0.0,0.006177428014887761,1.3333333333333333,0.0
ISIC_0035925,0,0,,450.0,0.06072186306118965,0.013832345893606542,0.9562682384252548,0.9424358925316483,0.002225925925925926,0.002705722722160761,1.3333333333333333,0.0
ISIC_0035926,0,1,low_contrast,450.0,0.8699502944946289,0.3325967910885811,0.7229658061265946,0.39036901503801347,1.234567901234568e-06,0.009734589370060378,1.3333333333333333,0.0
ISIC_0035927,0,0,,450.0,0.12602609395980835,0.10579553917050362,0.7453013879060745,0.6395058487355708,0.0,0.0029935028433091472,1.3333333333333333,0.0
ISIC_0035928,0,1,low_contrast,450.0,1.320229411125183,0.27042266756296157,0.6646424472332001,0.3942197796702385,1.234567901234568e-06,0.00623038251732022,1.3333333333333333,0.0
ISIC_0035929,1,0,blurred,450.0,0.05542047321796417,0.11587013006210327,0.7197286856174469,0.6038585555553436,0.0,0.0029154616362877268,1.3333333333333333,0.0
ISIC_0035930,0,0,,450.0,0.40484970808029175,0.262666237950325,0.8418561053276062,0.5791898673772813,0.0,0.0037645536518187118,1.3333333333333333,0.0
ISIC_0035931,0,0,,450.0,1.4108208417892456,0.24468094021081924,0.7495744556188583,0.5048935154080391,2.469135802469136e-06,0.00526324445638645,1.3333333333333333,0.0
ISIC_0035932,0,1,overexposed,450.0,1.196767807006836,0.45943787664175034,0.9059345722198486,0.4464966955780983,9.012345679012346e-05,0.00916239295270591,1.3333333333333333,0.0
ISIC_0035933,0,0,,450.0,0.3690146207809448,0.2927133044600487,0.7493883508443833,0.4566750463843346,3.7037037037037037e-06,0.004475429953229569,1.3333333333333333,0.0
ISIC_0035936,0,0,,450.0,0.6845513582229614,0.2730073827505112,0.7985321938991546,0.5255248111486435,0.0,0.006454730541847616,1.3333333333333333,0.0
ISIC_0035937,0,0,,450.0,0.06935985386371613,0.13646735712885857,0.8875845885276794,0.7511172313988208,4.938271604938271e-05,0.003084369155914598,1.3333333333333333,0.0
ISIC_0035938,0,0,,450.0,0.10492247343063354,0.07372160986065864,0.7409441798925399,0.6672225700318812,0.0003308641975308642,0.00286090143080935,1.3333333333333333,0.0
ISIC_0035939,0,0,,450.0,0.12965849041938782,0.20331164181232453,0.7625760269165038,0.5592643851041793,0.0,0.004204080192524908,1.3333333333333333,0.0
ISIC_0035940,0,1,low_contrast,450.0,0.2946294844150543,0.44034174740314486,0.8197970759868621,0.3794553285837173,0.0,0.005750273395113411,1.3333333333333333,0.0
ISIC_0035941,0,0,,450.0,0.06098409742116928,0.17751643925905228,0.7787545919418335,0.6012381526827812,0.0,0.003127988356898864,1.3333333333333333,0.0
ISIC_0035942,0,0,,450.0,1.3318424224853516,0.19362771272659302,0.7680155485868446,0.5743878358602517,4.814814814814815e-05,0.006213040794330472,1.3333333333333333,0.0
ISIC_0035943,0,0,,450.0,0.8677324056625366,0.29226032733917234,0.7948327505588532,0.5025724232196809,0.0,0.007314005077824293,1.3333333333333333,0.0
ISIC_0035944,0,0,,450.0,1.226123332977295,0.04943505004048347,0.8400868213176725,0.7906517712771891,0.00011481481481481481,0.006941497269668385,1.3333333333333333,0.0
ISIC_0035945,0,0,,450.0,1.041825294494629,0.2116493146121502,0.7390326857566833,0.5273833711445332,0.0,0.005418793256316676,1.3333333333333333,0.0
ISIC_0035948,0,0,,450.0,0.43474531173706055,0.2072950607538223,0.7491051095724106,0.5418100488185883,0.0,0.005047276300733452,1.3333333333333333,0.0
ISIC_0035950,0,1,overexposed,450.0,0.44590115547180176,0.5102175092697143,0.8498641484975815,0.3396466392278672,9.876543209876543e-06,0.007700167733391771,1.3333333333333333,0.0
ISIC_0035951,0,0,,450.0,0.17981354892253876,0.19366246804594994,0.7691505980491639,0.575488130003214,0.0,0.003943363118026107,1.3333333333333333,0.0
ISIC_0035955,0,1,low_contrast,450.0,0.383108526468277,0.42796878039836883,0.7903167867660522,0.3623480063676834,0.0,0.005943405503806154,1.3333333333333333,0.0
ISIC_0035958,0,0,,450.0,0.28633105754852295,0.18374432533979415,0.7502306520938873,0.5664863267540932,0.0,0.0042923008108491706,1.3333333333333333,0.0
ISIC_0035960,0,1,overexposed,450.0,2.64835786819458,0.4641187587380409,0.7180973476171492,0.25397858887910824,0.0,0.014222172118218744,1.3333333333333333,0.0
ISIC_0035963,0,1,low_contrast,450.0,0.7661997675895691,0.34341451436281206,0.7114904791116714,0.36807596474885934,0.0,0.007002122786184927,1.3333333333333333,0.0
ISIC_0035965,0,0,,450.0,0.7975378632545471,0.1370403428375721,0.7165834933519363,0.5795431505143642,1.234567901234568e-06,0.0041292132793911895,1.3333333333333333,0.0
ISIC_0035967,0,0,,450.0,0.20411668717861176,0.21534187957644463,0.6833164167404174,0.4679745371639728,0.0,0.0037778981046131827,1.3333333333333333,0.0
ISIC_0035970,0,0,,450.0,0.29997703433036804,0.20283024102449418,0.7000177854299545,0.4971875444054603,2.469135802469136e-06,0.005154943083975157,1.3333333333333333,0.0
ISIC_0035971,0,0,,450.0,0.20234142243862152,0.14257103979587554,0.7702902555465698,0.6277192157506943,0.0,0.004038757601338758,1.3333333333333333,0.0
ISIC_0035972,0,0,,450.0,0.5509081482887268,0.15922828450798987,0.7948235273361206,0.6355952428281307,0.0,0.0060611846148783035,1.3333333333333333,0.0
ISIC_0035975,0,0,,450.0,0.19478943943977356,0.10143573932349682,0.718549193739891,0.6171134544163942,0.00010246913580246913,0.003979657168638529,1.3333333333333333,0.0
ISIC_0035976,0,1,low_contrast,450.0,0.49257877469062805,0.36684669196605685,0.6581359308958052,0.2912892389297484,0.0,0.006383530594090656,1.3333333333333333,0.0
ISIC_0035977,0,1,overexposed,450.0,1.3999474048614502,0.4917858883738518,0.7785738438367843,0.2867879554629325,0.0,0.009021491203456241,1.3333333333333333,0.0
ISIC_0035978,0,0,,450.0,0.1866409182548523,0.10791036881506443,0.7406286567449569,0.6327182879298925,0.0,0.004091858453425204,1.3333333333333333,0.0
ISIC_0035983,0,0,,450.0,0.297406941652298,0.1488244715332985,0.8235135382413864,0.6746890667080879,0.005196296296296296,0.0031921667462885663,1.3333333333333333,0.0
ISIC_0035984,0,0,,450.0,0.3543539345264435,0.13340048089623452,0.7697748762369155,0.6363743953406811,2.469135802469136e-06,0.0048417837115881076,1.3333333333333333,0.0
ISIC_0035986,0,0,,450.0,0.14735038578510284,0.09686157174408436,0.9099684137105939,0.8131068419665095,8.148148148148148e-05,0.0038596076276331973,1.3333333333333333,0.0
ISIC_0035987,0,0,,450.0,0.673499345779419,0.11070080682635307,0.8826661145687102,0.7719653077423572,0.0003950617283950617,0.0033159644453504044,1.3333333333333333,0.0
ISIC_0035988,0,0,,450.0,3.4203104972839355,0.2344638155400753,0.7778302347660064,0.5433664192259311,4.938271604938272e-06,0.00679795603429494,1.3333333333333333,0.0
ISIC_0035989,0,0,,450.0,1.7052650451660156,0.3300778153538704,0.8647354769706725,0.5346576616168022,3.7037037037037037e-06,0.006380870583059693,1.3333333333333333,0.0
ISIC_0035990,0,0,,450.0,1.098315715789795,0.19013176649808883,0.8236223262548447,0.6334905597567558,1.8518518518518518e-05,0.0046770579825371065,1.3333333333333333,0.0
ISIC_0035991,0,0,,450.0,0.4164188504219055,0.1854705747961998,0.7578107404708863,0.5723401656746865,0.00010740740740740741,0.0034648289168260024,1.3333333333333333,0.0
ISIC_0035992,0,1,low_contrast,450.0,2.2086684703826904,0.2869206354022026,0.6617380076646805,0.3748173722624779,3.7037037037037037e-06,0.010595319299630939,1.3333333333333333,0.0
ISIC_0035993,0,0,,450.0,0.12275268882513046,0.02932871410623193,0.7458764839172363,0.7165477698110043,0.000997530864197531,0.003219031459570997,1.3333333333333333,0.0
ISIC_0035994,0,0,,450.0,0.2666257619857788,0.14038381174206735,0.7378435063362121,0.5974596945941447,0.0,0.004295229009956964,1.3333333333333333,0.0
ISIC_0035995,0,0,,450.0,1.3848989009857178,0.3118829670548439,0.8073049241304397,0.49542195707559583,0.0,0.008180026807247515,1.3333333333333333,0.0
ISIC_0035996,0,1,low_contrast,450.0,1.9229053258895874,0.31927608877420427,0.7348433369398117,0.4155672481656075,1.604938271604938e-05,0.01176724384269035,1.3333333333333333,0.0
ISIC_0035997,0,0,,450.0,0.09935369342565536,0.1513209469616413,0.9701585739850997,0.8188376270234584,0.003651851851851852,0.002938937526146255,1.3333333333333333,0.0
ISIC_0035998,0,0,,450.0,1.8108354806900024,0.23888733342289925,0.8505655121803284,0.6116781787574291,0.0,0.008896224979338094,1.3333333333333333,0.0
ISIC_0035999,0,1,low_contrast,450.0,0.8580831289291382,0.40471634328365325,0.6712572592496872,0.2665409159660339,0.0,0.005776462223560888,1.3333333333333333,0.0
ISIC_0036000,0,1,low_contrast,450.0,0.31393101811408997,0.4030608427524567,0.7777670627832413,0.3747062200307846,0.0,0.005784137541309217,1.3333333333333333,0.0
ISIC_0036003,0,1,low_contrast,450.0,0.9040722250938416,0.26832181751728057,0.648134777545929,0.3798129600286484,2.469135802469136e-06,0.0075910416877172406,1.3333333333333333,0.0
ISIC_0036004,0,1,low_contrast,450.0,0.3350655138492584,0.4298859930038452,0.8177016460895538,0.38781565308570853,0.0,0.0060364565882242436,1.3333333333333333,0.0
ISIC_0036007,0,1,low_contrast,450.0,0.30989229679107666,0.4450246062874794,0.8506624406576156,0.40563783437013623,0.0,0.005935990426582702,1.3333333333333333,0.0
ISIC_0036008,0,1,low_contrast,450.0,1.1648815870285034,0.2477111205458641,0.6787111186981198,0.43099999815225576,5.308641975308642e-05,0.009067955410267113,1.3333333333333333,0.0
ISIC_0036010,0,0,,450.0,0.18434947729110718,0.27154832273721696,0.756154226064682,0.484605903327465,0.0,0.004250585982710419,1.3333333333333333,0.0
ISIC_0036011,0,0,,450.0,0.3545165956020355,0.1632465273141861,0.8679048675298691,0.704658340215683,5.4320987654320986e-05,0.004384646323070447,1.3333333333333333,0.0
ISIC_0036012,0,0,,450.0,0.19480711221694946,0.11702232025563716,0.7264031422138214,0.6093808219581842,0.0,0.0036399842393199547,1.3333333333333333,0.0
ISIC_0036014,0,0,,450.0,0.13215065002441406,0.2816698396205902,0.7726431250572204,0.4909732854366302,0.0,0.003711627978596274,1.3333333333333333,0.0
ISIC_0036015,0,1,low_contrast,450.0,7.71769380569458,0.25632572948932647,0.6271161413192748,0.3707904118299484,0.0,0.01823206447357234,1.3333333333333333,0.0
ISIC_0036018,0,0,,450.0,0.18535171449184418,0.30049465984106066,0.8588584160804749,0.5583637562394141,0.0,0.004954064402335989,1.3333333333333333,0.0
ISIC_0036019,0,0,,450.0,0.25902050733566284,0.014705918077379464,0.8573299902677536,0.8426240721903742,0.00023209876543209875,0.004517449998081145,1.3333333333333333,0.0
ISIC_0036021,0,1,low_contrast,450.0,1.0858819484710693,0.2917014479637146,0.7209419012069702,0.4292404532432556,5.555555555555556e-05,0.007975951811410848,1.3333333333333333,0.0
ISIC_0036022,0,1,low_contrast,450.0,0.9026840329170227,0.3897194564342499,0.7705787205696105,0.38085926413536064,0.0,0.007727676233858978,1.3333333333333333,0.0
ISIC_0036023,0,0,,450.0,0.7319219708442688,0.18709170207381248,0.9563978934288024,0.7693061913549899,7.283950617283951e-05,0.005982194587246052,1.3333333333333333,0.0
ISIC_0036024,0,0,,450.0,0.08008663356304169,0.16621941640973092,0.7958755242824554,0.6296561078727245,0.0,0.0029844100411488147,1.3333333333333333,0.0
ISIC_0036027,0,0,,450.0,0.5675824284553528,0.205421092659235,0.7045531618595123,0.4991320692002773,0.0,0.005609663285018436,1.3333333333333333,0.0
ISIC_0036029,0,0,,450.0,1.0296542644500732,0.1797579714655876,0.879853578209877,0.7000956067442894,8.888888888888889e-05,0.005891190264624904,1.3333333333333333,0.0
ISIC_0036030,0,0,,450.0,0.2541320025920868,0.257133324444294,0.7947802233695984,0.5376468989253045,0.0,0.0043073479893055554,1.3333333333333333,0.0
ISIC_0036031,0,0,,450.0,0.42590561509132385,0.0,0.8082460343837738,0.8082460343837738,0.014048148148148148,0.0028035294470986406,1.3333333333333333,0.0
ISIC_0036032,0,1,low_contrast,450.0,0.8354761600494385,0.28322398811578753,0.6841839486360549,0.4009599605202674,0.0,0.006638888061400335,1.3333333333333333,0.0
ISIC_0036033,0,0,,450.0,0.6248973608016968,0.23115115761756896,0.6821611368656159,0.45100997924804687,0.0,0.005421917691859343,1.3333333333333333,0.0
ISIC_0036034,0,0,,450.0,1.3453221321105957,0.1644654981791973,0.9075667357444763,0.743101237565279,0.0006049382716049383,0.005424210714689663,1.3333333333333333,0.0
ISIC_0036039,0,0,,450.0,0.19071990251541138,0.1347690835595131,0.7485804057121277,0.6138113221526146,0.0,0.0033748460137076643,1.3333333333333333,0.0
ISIC_0036040,0,1,low_contrast,450.0,4.943192481994629,0.3783596658706665,0.7718752723932266,0.3935156065225601,3.7037037037037037e-06,0.011059936675039824,1.3333333333333333,0.0
ISIC_0036045,0,0,,450.0,0.1346409171819687,0.0,0.7232420116662979,0.7232420116662979,0.017798765432098764,0.003641122034609525,1.3333333333333333,0.0
ISIC_0036047,0,0,,450.0,0.0722193792462349,0.0,0.7961411291360855,0.7961411291360855,0.0166641975308642,0.00270651805917164,1.3333333333333333,0.0
ISIC_0036048,0,0,,450.0,3.5916783809661865,0.20171804323792458,0.9315483283996582,0.7298302851617335,0.000891358024691358,0.00936981178985219,1.3333333333333333,0.0
ISIC_0036049,0,0,,450.0,0.1258898228406906,0.20474077939987181,0.800000011920929,0.5952592325210572,0.0,0.0032531076729558424,1.3333333333333333,0.0
ISIC_0036052,0,0,,450.0,0.13460776209831238,0.21308164298534393,0.8400444257259368,0.6269627827405929,0.0,0.0030710002607201394,1.3333333333333333,0.0
ISIC_0036053,0,0,,450.0,0.07048342376947403,0.21616781890392303,0.7352978873252869,0.5191300684213639,0.0,0.003925992664606181,1.3333333333333333,0.0
ISIC_0036054,0,0,,450.0,0.375692218542099,0.1683992013335228,0.8157927763462066,0.6473935750126838,0.0,0.004779043248165611,1.3333333333333333,0.0
ISIC_0036055,0,1,low_contrast,450.0,1.6986640691757202,0.383308065533638,0.6946880382299423,0.3113799726963043,0.0,0.008057757543546658,1.3333333333333333,0.0
ISIC_0036056,0,0,,450.0,1.2537271976470947,0.15162184134125709,0.906967761516571,0.7553459201753139,0.00047777777777777776,0.005847726458628349,1.3333333333333333,0.0
ISIC_0036057,0,0,,450.0,0.10612217336893082,0.1309014405310154,0.8189037364721298,0.6880022959411144,1.234567901234568e-06,0.003936726752924947,1.3333333333333333,0.0
ISIC_0036058,0,0,,450.0,0.12302938848733902,0.11176996983587742,0.7590569430589675,0.6472869732230901,0.0,0.0026978241422824932,1.3333333333333333,0.0
ISIC_0036059,0,0,,450.0,0.26641547679901123,0.2635508069396019,0.7524473387002945,0.48889653176069253,0.0,0.004177558687000207,1.3333333333333333,0.0
ISIC_0036061,0,0,,450.0,1.3998222351074219,0.30806189686059954,0.8593748217821121,0.5513129249215125,0.0,0.004078003036040231,1.3333333333333333,0.0
